,auc,prauc,sensitivity,specificity,precision,f1,support,species,tss,postprocess,fold,prr,archi,species_loss,func_loss
0,0.8632661456190869,0.04356257748365786,0.7272727272727273,0.7846153846153846,0.996551724137931,0.8779746835443037,11.0,Aceras.anthropophorum,0.511888111888112,opth,1,False,mlp1,bce,msle
1,0.8933701657458564,0.21726409850426318,0.8333333333333334,0.8158379373848987,0.9943883277216611,0.8963075366717248,30.0,Achillea.collina,0.6491712707182322,opth,1,False,mlp1,bce,msle
2,0.7804575295198405,0.470911199916869,0.8045977011494253,0.6257309941520468,0.9129692832764505,0.7425399028452464,261.0,Achillea.millefolium,0.4303286953014722,opth,1,False,mlp1,bce,msle
3,0.9372727272727273,0.13771267781404492,1.0,0.6972727272727273,1.0,0.8216389930369576,16.0,Achillea.nana,0.6972727272727273,opth,1,False,mlp1,bce,msle
4,0.9273783587509079,0.4286133552569228,0.8,0.861811391223156,0.990343347639485,0.9216175736395407,45.0,Achillea.roseo.alba,0.661811391223156,opth,1,False,mlp1,bce,msle
5,0.9422212230215827,0.10262762762762763,0.75,0.8579136690647482,0.9989528795811519,0.9230769230769231,4.0,Achnatherum.calamagrostis,0.6079136690647482,opth,1,False,mlp1,bce,msle
6,0.8551384635120184,0.18073335500311768,0.7966101694915254,0.783349101229896,0.9857142857142858,0.8729573010015814,59.0,Acinos.alpinus,0.5799592707214214,opth,1,False,mlp1,bce,msle
7,0.8638722324723247,0.17201536572064655,0.875,0.7001845018450185,0.9947575360419397,0.8218733080671359,32.0,Acinos.arvensis,0.5751845018450186,opth,1,False,mlp1,bce,msle
8,0.9524663677130045,0.018518518518518517,1.0,0.8600896860986547,1.0,0.9247830279652844,1.0,Aconitum.lycoctonum,0.8600896860986547,opth,1,False,mlp1,bce,msle
9,0.8799041629230309,0.014920922299288271,0.0,0.9910152740341419,0.9972875226039783,0.9941415051825147,3.0,Cacalia.leucophylla,-0.008984725965858087,opth,1,False,mlp1,bce,msle
10,0.9121076233183857,0.010101010101010102,0.0,0.9345291479820628,0.9990412272291467,0.9657089898053753,1.0,Aegopodium.podagraria,-0.06547085201793723,opth,1,False,mlp1,bce,msle
11,0.8883596654275092,0.19929622355726803,0.925,0.7806691449814126,0.99644128113879,0.8754559666492965,40.0,Agrimonia.eupatoria,0.7056691449814125,opth,1,False,mlp1,bce,msle
12,0.8656048481081501,0.24570252599829429,0.7049180327868853,0.8056872037914692,0.9792626728110599,0.8840353614144566,61.0,Agrostis.alpina,0.5106052365783544,opth,1,False,mlp1,bce,msle
13,0.801746085938643,0.30164717072146835,0.693069306930693,0.7270935960591133,0.9596879063719116,0.827354260089686,101.0,Agrostis.capillaris,0.4201629029898064,opth,1,False,mlp1,bce,msle
14,0.872586439155815,0.24572481038704608,0.6470588235294118,0.8444656488549618,0.9735973597359736,0.9044455799693408,68.0,Agrostis.rupestris,0.49152447238437347,opth,1,False,mlp1,bce,msle
15,0.8852755194218609,0.09747375440966624,0.6666666666666666,0.8265582655826558,0.9967320261437909,0.9037037037037037,9.0,Agrostis.agrostiflora,0.4932249322493223,opth,1,False,mlp1,bce,msle
16,0.8700452247938282,0.3009313731585704,0.7619047619047619,0.7728119180633147,0.9880952380952381,0.8672936259143156,42.0,Agrostis.stolonifera,0.5347166799680765,opth,1,False,mlp1,bce,msle
17,0.9211573236889694,0.1417914359045788,0.4,0.9466546112115732,0.9943019943019943,0.9698934691987031,10.0,Ajuga.chamaepitys,0.34665461121157337,opth,1,False,mlp1,bce,msle
18,0.8260327208175406,0.06421701094105733,0.631578947368421,0.8185961713764813,0.9922651933701657,0.8971028971028971,19.0,Ajuga.genevensis,0.45017511874490235,opth,1,False,mlp1,bce,msle
19,0.8370705244122966,0.126771315390571,0.3,0.9077757685352622,0.9930761622156281,0.9485120453471895,10.0,Ajuga.pyramidalis,0.20777576853526214,opth,1,False,mlp1,bce,msle
20,0.8854530678585941,0.20886110447077524,0.7608695652173914,0.8607476635514019,0.9881974248927039,0.9200799200799201,46.0,Ajuga.reptans,0.6216172287687933,opth,1,False,mlp1,bce,msle
21,0.8665096611893165,0.09161100062345935,0.5294117647058824,0.902638762511374,0.992,0.9452120057170081,17.0,Alchemilla.alpina,0.43205052721725634,opth,1,False,mlp1,bce,msle
22,0.8256021031207599,0.23347485798183584,0.6590909090909091,0.789179104477612,0.9825783972125436,0.8753233316088981,44.0,Alchemilla.xanthochlora,0.4482700135685209,opth,1,False,mlp1,bce,msle
23,0.8227441533674595,0.05051918010801973,0.5555555555555556,0.9141824751580849,0.9960629921259843,0.9533678756476683,9.0,Allium.lusitanicum,0.4697380307136405,opth,1,False,mlp1,bce,msle
24,0.7720254314259765,0.14451251144862587,0.6,0.7465940054495913,0.9927536231884058,0.8522550544323484,15.0,Allium.oleraceum,0.3465940054495913,opth,1,False,mlp1,bce,msle
25,0.8123863636363636,0.15706992724958516,0.6875,0.7536363636363637,0.9940047961630696,0.8572905894519132,16.0,Allium.schoenoprasum,0.44113636363636366,opth,1,False,mlp1,bce,msle
26,0.9315931593159316,0.05337944988747782,0.6,0.9306930693069307,0.9980694980694981,0.9632044713553796,5.0,Allium.scorodoprasum,0.5306930693069307,opth,1,False,mlp1,bce,msle
27,0.8345019536477011,0.05383682087187482,0.4117647058823529,0.8989990900818926,0.9899799599198397,0.9422985216976634,17.0,Allium.sphaerocephalon,0.3107637959642455,opth,1,False,mlp1,bce,msle
28,0.8667866786678669,0.024054604852554402,0.6,0.8037803780378038,0.9977653631284916,0.8903290129611167,5.0,Allium.vineale,0.40378037803780376,opth,1,False,mlp1,bce,msle
29,0.9564638207689979,0.44815088856689483,0.6,0.9872842870118075,0.9945105215004575,0.9908842297174111,15.0,Alopecurus.pratensis,0.5872842870118076,opth,1,False,mlp1,bce,msle
30,0.8880343866171003,0.3054894812885043,0.8,0.7760223048327137,0.9905100830367735,0.870244919228765,40.0,Alyssum.alyssoides,0.5760223048327138,opth,1,False,mlp1,bce,msle
31,0.8529559369667771,0.11615423539734002,0.6666666666666666,0.7822944896115628,0.996547756041427,0.8765182186234818,9.0,Anacamptis.pyramidalis,0.4489611562782294,opth,1,False,mlp1,bce,msle
32,0.9066477272727274,0.12815021856986253,0.6875,0.8572727272727273,0.9947257383966245,0.9208984375,16.0,Androsace.obtusifolia,0.5447727272727274,opth,1,False,mlp1,bce,msle
33,0.8565647482014388,0.02396525676157716,0.5,0.8830935251798561,0.9979674796747967,0.9370229007633588,4.0,Angelica.sylvestris,0.3830935251798562,opth,1,False,mlp1,bce,msle
34,0.8683834373227454,0.20557459214188206,0.6585365853658537,0.8241860465116279,0.9844444444444445,0.8972151898734178,41.0,Antennaria.carpatica,0.48272263187748155,opth,1,False,mlp1,bce,msle
35,0.84408529961061,0.21725775194170807,0.759493670886076,0.789778206364513,0.977326968973747,0.8736,79.0,Antennaria.dioica,0.5492718772505891,opth,1,False,mlp1,bce,msle
36,0.9403203971119134,0.22481042784804953,0.625,0.9846570397111913,0.9972577696526508,0.9909173478655767,8.0,Anthemis.arvensis,0.6096570397111913,opth,1,False,mlp1,bce,msle
37,0.8108717555054454,0.0855974479312041,0.7368421052631579,0.7329079307201458,0.9938195302843016,0.8436516264428122,19.0,Anthericum.liliago,0.4697500359833038,opth,1,False,mlp1,bce,msle
38,0.6820647084679038,0.47525859576915813,0.6776119402985075,0.586427656850192,0.8091872791519434,0.680029695619896,335.0,Anthoxanthum.odoratum,0.2640395971486995,opth,1,False,mlp1,bce,msle
39,0.9113371395672407,0.19065904470671058,0.8421052631578947,0.8185961713764813,0.9966703662597114,0.8988988988988988,19.0,Anthriscus.sylvestris,0.660701434534376,opth,1,False,mlp1,bce,msle
40,0.7242720701367318,0.34037983356989376,0.518918918918919,0.7636949516648764,0.88875,0.8214904679376083,185.0,Anthyllis.vulneraria,0.2826138705837953,opth,1,False,mlp1,bce,msle
41,0.9519748653500898,0.026977821913273747,1.0,0.8626570915619389,1.0,0.9262650602409639,2.0,Aphanes.arvensis,0.8626570915619389,opth,1,False,mlp1,bce,msle
42,0.8110412926391382,0.007557098074339454,1.0,0.6131059245960503,1.0,0.760155815247635,2.0,Aquilegia.vulgaris,0.6131059245960504,opth,1,False,mlp1,bce,msle
43,0.9185384845762203,0.02168510501843835,1.0,0.7996406109613656,1.0,0.8886669995007489,3.0,Arabidopsis.thaliana,0.7996406109613656,opth,1,False,mlp1,bce,msle
44,0.8290431519699811,0.16357582367169854,0.72,0.798311444652908,0.9838150289017341,0.8814085965820818,50.0,Arabis.ciliata,0.518311444652908,opth,1,False,mlp1,bce,msle
45,0.7247872943845718,0.06642066180840409,0.5609756097560976,0.7423255813953489,0.9779411764705882,0.8439978847170809,41.0,Arabis.hirsuta,0.3033011911514465,opth,1,False,mlp1,bce,msle
46,0.8159976588791884,0.3296305550747786,0.6831683168316832,0.7369458128078817,0.958974358974359,0.8334261838440111,101.0,Arenaria.serpyllifolia,0.42011412963956496,opth,1,False,mlp1,bce,msle
47,0.916591726618705,0.06252500234543579,0.75,0.822841726618705,0.9989082969432315,0.9023668639053254,4.0,Armeria.arenaria,0.5728417266187051,opth,1,False,mlp1,bce,msle
48,0.8606146217712177,0.22939436593792098,0.625,0.8496309963099631,0.9871382636655949,0.9132374814080317,32.0,Arnica.montana,0.4746309963099631,opth,1,False,mlp1,bce,msle
49,0.8838756470195359,0.586678260520535,0.8066037735849056,0.7820796460176991,0.9451871657754011,0.8559322033898306,212.0,Arrhenatherum.elatius,0.5886834196026047,opth,1,False,mlp1,bce,msle
50,0.9023573360814119,0.09744860933865873,0.2857142857142857,0.9630297565374211,0.9953401677539608,0.9789184234647113,7.0,Artemisia.absinthium,0.24874404225170688,opth,1,False,mlp1,bce,msle
51,0.9269760056457305,0.2484740582842326,0.8076923076923077,0.8743119266055046,0.9947807933194155,0.9306640625,26.0,Artemisia.campestris,0.6820042342978123,opth,1,False,mlp1,bce,msle
52,0.6322869955156951,0.0024330900243309003,0.0,0.8582959641255605,0.9989561586638831,0.9232995658465991,1.0,Artemisia.vulgaris,-0.14170403587443947,opth,1,False,mlp1,bce,msle
53,0.8503075871496925,0.15106536215002309,0.7368421052631579,0.7903525046382189,0.988399071925754,0.8783505154639175,38.0,Asperula.cynanchica,0.5271946099013767,opth,1,False,mlp1,bce,msle
54,0.9201043862290474,0.10585461551821437,0.8888888888888888,0.8401084010840109,0.9989258861439313,0.9126594700686947,9.0,Asphodelus.albus,0.7289972899728996,opth,1,False,mlp1,bce,msle
55,0.859983429991715,0.2811046787554826,0.6470588235294118,0.8328638497652582,0.980110497237569,0.9005076142131979,51.0,Aster.alpinus,0.47992267329467,opth,1,False,mlp1,bce,msle
56,0.8692518248175182,0.22754144590002678,0.8,0.802007299270073,0.9954699886749717,0.8883274381000505,20.0,Aster.bellidiastrum,0.6020072992700731,opth,1,False,mlp1,bce,msle
57,0.6692100538599641,0.013062627206299422,0.0,0.9676840215439856,0.9981481481481481,0.9826800364630811,2.0,Aster.linosyris,-0.032315978456014416,opth,1,False,mlp1,bce,msle
58,0.8942354011668362,0.0767456807413366,0.47058823529411764,0.9090081892629663,0.9910714285714286,0.9482676791646891,17.0,Astragalus.alpinus,0.379596424557084,opth,1,False,mlp1,bce,msle
59,0.9359089547768792,0.031268271561627904,1.0,0.7295597484276729,1.0,0.8436363636363636,3.0,Astragalus.depressus,0.7295597484276728,opth,1,False,mlp1,bce,msle
60,0.8932386363636364,0.07731583490978089,0.8125,0.8481818181818181,0.9967948717948718,0.9165029469548134,16.0,Astragalus.monspessulanus,0.6606818181818181,opth,1,False,mlp1,bce,msle
61,0.9830113636363635,0.4997893257203334,1.0,0.9136363636363637,1.0,0.9548693586698337,16.0,Astragalus.onobrychis,0.9136363636363636,opth,1,False,mlp1,bce,msle
62,0.8781072177298592,0.02680203394489109,0.6666666666666666,0.8337825696316262,0.9989235737351991,0.9089128305582762,3.0,Astragalus.penduliflorus,0.5004492362982929,opth,1,False,mlp1,bce,msle
63,0.9122901778294832,0.18186960438015742,0.8181818181818182,0.8354661791590493,0.9956427015250545,0.9085487077534792,22.0,Astrantia.major,0.6536479973408675,opth,1,False,mlp1,bce,msle
64,0.9120287253141831,0.01592157842157842,1.0,0.8420107719928187,1.0,0.9142300194931774,2.0,Astrantia.minor,0.8420107719928187,opth,1,False,mlp1,bce,msle
65,0.7777097718187556,0.09924618911173787,0.6326530612244898,0.7432052483598875,0.9778051787916153,0.8445154419595314,49.0,Deschampsia.flexuosa,0.37585830958437727,opth,1,False,mlp1,bce,msle
66,0.8199269930252265,0.23946367272588123,0.46551724137931033,0.8903591682419659,0.9681397738951696,0.9276218611521418,58.0,Bartsia.alpina,0.3558764096212763,opth,1,False,mlp1,bce,msle
67,0.9068250287175708,0.2580360253865253,0.8837209302325582,0.8294501397949674,0.994413407821229,0.9044715447154471,43.0,Bellis.perennis,0.7131710700275256,opth,1,False,mlp1,bce,msle
68,0.8543596434007392,0.1487687893672834,0.6190476190476191,0.8383561643835616,0.9913606911447084,0.9084611578426521,21.0,Biscutella.laevigata,0.4574037834311806,opth,1,False,mlp1,bce,msle
69,0.9313862607980254,0.10029420081922143,0.9090909090909091,0.8660633484162896,0.9989561586638831,0.9277750848279205,11.0,Blackstonia.perfoliata,0.7751542575071988,opth,1,False,mlp1,bce,msle
70,0.7505241090146749,0.026746218683080563,0.6666666666666666,0.7861635220125787,0.9988584474885844,0.8798391151332328,3.0,Blysmus.compressus,0.4528301886792452,opth,1,False,mlp1,bce,msle
71,0.8884267631103074,0.09280428030307863,0.4,0.9349005424954792,0.9942307692307693,0.9636533084808947,10.0,Bothriochloa.ischaemum,0.3349005424954792,opth,1,False,mlp1,bce,msle
72,0.8034921718772863,0.21798479030295437,0.594059405940594,0.8029556650246306,0.9521028037383178,0.8711918760021379,101.0,Botrychium.lunaria,0.3970150709652245,opth,1,False,mlp1,bce,msle
73,0.854129263913824,0.008951310861423221,1.0,0.7998204667863554,1.0,0.8887780548628429,2.0,Brachypodium.sylvaticum,0.7998204667863553,opth,1,False,mlp1,bce,msle
74,0.7600023224083374,0.34461499160995557,0.6702702702702703,0.673469387755102,0.9113372093023255,0.7745521927115503,185.0,Briza.media,0.3437396580253722,opth,1,False,mlp1,bce,msle
75,0.9097550822174426,0.8100689043652236,0.7438423645320197,0.8732394366197183,0.856353591160221,0.8647140864714087,406.0,Bromus.erectus,0.617081801151738,opth,1,False,mlp1,bce,msle
76,0.8768704840338746,0.2909572436433438,0.8360655737704918,0.7497630331753554,0.9875156054931336,0.8523706896551724,61.0,Bromus.hordeaceus,0.5858286069458472,opth,1,False,mlp1,bce,msle
77,0.9663375224416517,0.05384615384615385,0.5,0.9658886894075404,0.9990714948932219,0.9821999087174806,2.0,Bromus.squarrosus,0.46588868940754047,opth,1,False,mlp1,bce,msle
78,0.9062094892403423,0.12405811964032036,0.8571428571428571,0.7549909255898367,0.9976019184652278,0.859504132231405,14.0,Bromus.sterilis,0.6121337827326938,opth,1,False,mlp1,bce,msle
79,0.948087079737215,0.24030553352954342,0.7142857142857143,0.9134355275022543,0.9980295566502463,0.9538606403013182,7.0,Bromus.tectorum,0.6277212417879685,opth,1,False,mlp1,bce,msle
80,0.8283917340521114,0.013148325675184291,0.6666666666666666,0.74303683737646,0.998792270531401,0.8521380731581659,3.0,Bunias.orientalis,0.4097035040431267,opth,1,False,mlp1,bce,msle
81,0.8947292465083463,0.3880663969622094,0.8135593220338984,0.815515610217597,0.9873997709049256,0.8932642487046633,59.0,Bunium.bulbocastanum,0.6290749322514952,opth,1,False,mlp1,bce,msle
82,0.870614828209765,0.07136196846357022,0.9,0.759493670886076,0.9988109393579072,0.8628659476117103,10.0,Buphthalmum.salicifolium,0.6594936708860759,opth,1,False,mlp1,bce,msle
83,0.8067456700091158,0.09632135817862304,0.5789473684210527,0.8632634457611669,0.9916230366492147,0.9230019493177388,19.0,Bupleurum.falcatum,0.44221081418221964,opth,1,False,mlp1,bce,msle
84,0.8142907551164431,0.1698466586689161,0.6153846153846154,0.7981651376146789,0.9886363636363636,0.883248730964467,26.0,Bupleurum.ranunculoides,0.4135497529992942,opth,1,False,mlp1,bce,msle
85,0.92124773960217,0.41118148622765366,0.8,0.8707052441229657,0.9979274611398964,0.9299855142443264,10.0,Calamagrostis.varia,0.6707052441229657,opth,1,False,mlp1,bce,msle
86,0.654001798561151,0.006304856985654197,0.25,0.7922661870503597,0.996606334841629,0.8827655310621243,4.0,Calluna.vulgaris,0.04226618705035978,opth,1,False,mlp1,bce,msle
87,0.9308441232560474,0.16302275405136804,0.6666666666666666,0.9322493224932249,0.9971014492753624,0.9635854341736695,9.0,Calystegia.sepium,0.5989159891598916,opth,1,False,mlp1,bce,msle
88,0.8534534534534535,0.06738223611238099,0.3333333333333333,0.8783783783783784,0.9959141981613892,0.9334609861177597,6.0,Campanula.barbata,0.21171171171171177,opth,1,False,mlp1,bce,msle
89,0.7678474114441417,0.0452511013620609,0.4,0.7584014532243415,0.9893364928909952,0.8586118251928021,15.0,Campanula.cochleariifolia,0.15840145322434163,opth,1,False,mlp1,bce,msle
90,0.8557856945595139,0.19904926551686558,0.803921568627451,0.787793427230047,0.9882214369846879,0.8766980146290491,51.0,Campanula.glomerata,0.5917149958574979,opth,1,False,mlp1,bce,msle
91,0.8289321138735025,0.07242265302608797,0.42857142857142855,0.9404869251577999,0.9961795606494747,0.9675324675324676,7.0,Campanula.rapunculoides,0.36905835372922846,opth,1,False,mlp1,bce,msle
92,0.9595687331536388,0.07623626373626373,1.0,0.8562443845462714,1.0,0.9225556631171346,3.0,Campanula.rapunculus,0.8562443845462715,opth,1,False,mlp1,bce,msle
93,0.9041661071982227,0.5109849592313773,0.8860759493670886,0.8167791706846673,0.9894859813084113,0.8948758584257792,79.0,Campanula.rhomboidalis,0.7028551200517559,opth,1,False,mlp1,bce,msle
94,0.7168518374640666,0.1692960922486504,0.6065573770491803,0.75260663507109,0.9706601466992665,0.8478376935397758,61.0,Campanula.rotundifolia,0.3591640121202704,opth,1,False,mlp1,bce,msle
95,0.8795653646646254,0.4349308680951279,0.821656050955414,0.8133472367049009,0.9653465346534653,0.8828522920203735,157.0,Campanula.scheuchzeri,0.6350032876603149,opth,1,False,mlp1,bce,msle
96,0.8943294329432943,0.036768506828448955,0.6,0.8244824482448245,0.9978213507625272,0.9029078363725973,5.0,Campanula.thyrsoides,0.4244824482448246,opth,1,False,mlp1,bce,msle
97,0.7118226600985221,0.053177001981660275,0.5,0.7903811252268602,0.9920273348519362,0.8797979797979798,14.0,Capsella.bursa.pastoris,0.2903811252268602,opth,1,False,mlp1,bce,msle
98,0.9740240240240241,0.1154729944601527,1.0,0.9234234234234234,1.0,0.9601873536299765,6.0,Cardamine.pratensis,0.9234234234234235,opth,1,False,mlp1,bce,msle
99,0.8574941451990633,0.43963914450100694,0.7857142857142857,0.7735655737704918,0.9617834394904459,0.8574673480976718,140.0,Carduus.defloratus,0.5592798594847777,opth,1,False,mlp1,bce,msle
100,0.7494149414941494,0.015332107642123479,0.6,0.72997299729973,0.997539975399754,0.843035343035343,5.0,Carduus.nutans,0.32997299729973006,opth,1,False,mlp1,bce,msle
101,0.7820649938296997,0.04229198300917231,0.2727272727272727,0.8850678733031674,0.9918864097363083,0.9354375896700143,11.0,Carex.atrata,0.1577951460304401,opth,1,False,mlp1,bce,msle
102,0.9155450170862682,0.187327437053215,0.5384615384615384,0.9374433363553943,0.9942307692307693,0.9650023331777882,13.0,Carex.capillaris,0.4759048748169328,opth,1,False,mlp1,bce,msle
103,0.7683056243367528,0.2252420538717959,0.5227272727272727,0.8511673151750972,0.9541984732824428,0.8997429305912596,88.0,Carex.caryophyllea,0.37389458790236985,opth,1,False,mlp1,bce,msle
104,0.9039333515432941,0.29909648011863443,0.8571428571428571,0.8135755258126195,0.9883855981416957,0.8925013109596225,70.0,Carex.curvula,0.6707183829554766,opth,1,False,mlp1,bce,msle
105,0.7150456689752083,0.05209197053506412,0.3333333333333333,0.9295392953929539,0.9942028985507246,0.9607843137254902,9.0,Carex.davalliana,0.26287262872628725,opth,1,False,mlp1,bce,msle
106,0.8799638989169676,0.05926637997221367,0.75,0.8140794223826715,0.9977876106194691,0.8966202783300199,8.0,Carex.distans,0.5640794223826715,opth,1,False,mlp1,bce,msle
107,0.8677177177177178,0.03933012495608657,0.6666666666666666,0.8387387387387387,0.9978563772775991,0.911404796867352,6.0,Carex.divulsa,0.5054054054054054,opth,1,False,mlp1,bce,msle
108,0.8163219424460431,0.013781715711527311,0.5,0.8615107913669064,0.9979166666666667,0.9247104247104247,4.0,Carex.ericetorum,0.36151079136690645,opth,1,False,mlp1,bce,msle
109,0.9379496402877698,0.31277173913043477,1.0,0.7616906474820144,1.0,0.8647269014803471,4.0,Carex.ferruginea,0.7616906474820144,opth,1,False,mlp1,bce,msle
110,0.7671850393700788,0.23931502714839073,0.52,0.8169291338582677,0.9453302961275627,0.8764519535374868,100.0,Carex.flacca,0.3369291338582676,opth,1,False,mlp1,bce,msle
111,0.8863168724279835,0.172170606494299,0.8611111111111112,0.7962962962962963,0.9942196531791907,0.884318766066838,36.0,Carex.halleriana,0.6574074074074074,opth,1,False,mlp1,bce,msle
112,0.8868383909668314,0.19041881867099353,0.8461538461538461,0.7541284403669725,0.9951573849878934,0.8580375782881002,26.0,Carex.hirta,0.6002822865208186,opth,1,False,mlp1,bce,msle
113,0.9829596412556054,0.05,1.0,0.9614349775784753,1.0,0.9803383630544125,1.0,Carex.hostiana,0.9614349775784752,opth,1,False,mlp1,bce,msle
114,0.8619025735294117,0.22550753741350618,0.5714285714285714,0.8795955882352942,0.9876160990712074,0.93048128342246,28.0,Carex.humilis,0.45102415966386555,opth,1,False,mlp1,bce,msle
115,0.8140020339345929,0.2819047924096179,0.6470588235294118,0.8780709736123748,0.9938208032955715,0.9323671497584541,17.0,Carex.liparocarpos,0.5251297971417865,opth,1,False,mlp1,bce,msle
116,0.8877365828364013,0.059759528020871894,0.6428571428571429,0.8666061705989111,0.9947916666666666,0.9262851600387972,14.0,Carex.montana,0.509463313456054,opth,1,False,mlp1,bce,msle
117,0.8770491803278688,0.08597341877681425,0.7777777777777778,0.8041894353369763,0.9954904171364148,0.8896725440806046,18.0,Carex.spicata,0.581967213114754,opth,1,False,mlp1,bce,msle
118,0.8579992506556763,0.2103926548435457,0.5882352941176471,0.9281164695177434,0.9931840311587147,0.9595484477892756,17.0,Carex.nigra,0.5163517636353905,opth,1,False,mlp1,bce,msle
119,0.8077271776274496,0.21301064159473213,0.38461538461538464,0.8794197642792384,0.9918200408997955,0.9322441134070159,13.0,Carex.ornithopoda,0.2640351488946231,opth,1,False,mlp1,bce,msle
120,0.825855665964067,0.07466966802589542,0.5555555555555556,0.9467028003613369,0.9961977186311787,0.9708198239925891,9.0,Carex.pallescens,0.5022583559168925,opth,1,False,mlp1,bce,msle
121,0.8642418661755679,0.2888160600280114,0.6666666666666666,0.8766114180478821,0.9896049896049897,0.9296875,30.0,Carex.panicea,0.5432780847145486,opth,1,False,mlp1,bce,msle
122,0.8487341772151898,0.0894826633957624,0.4,0.9086799276672695,0.9940652818991098,0.949456778460085,10.0,Carex.rupestris,0.30867992766726937,opth,1,False,mlp1,bce,msle
123,0.839628407285173,0.4893988773994086,0.7584541062801933,0.7271727172717272,0.929676511954993,0.8160493827160494,207.0,Carex.sempervirens,0.48562682355192033,opth,1,False,mlp1,bce,msle
124,0.9281818181818181,0.14415321555374006,0.875,0.8363636363636363,0.9978308026030369,0.9099901088031652,16.0,Carex.tomentosa,0.7113636363636364,opth,1,False,mlp1,bce,msle
125,0.8335652834008097,0.3667634187698446,0.7265625,0.7925101214574899,0.9572127139364304,0.867109634551495,128.0,Carlina.acaulis,0.5190726214574899,opth,1,False,mlp1,bce,msle
126,0.904280462184874,0.26527954780403346,0.7142857142857143,0.8933823529411765,0.9918367346938776,0.9400386847195358,28.0,Carlina.vulgaris,0.6076680672268908,opth,1,False,mlp1,bce,msle
127,0.8787743469181365,0.35233770615388205,0.863013698630137,0.7641418983700863,0.9876084262701363,0.8616216216216216,73.0,Carum.carvi,0.6271555970002232,opth,1,False,mlp1,bce,msle
128,0.874432466708941,0.4469261268735769,0.9337349397590361,0.6873684210526316,0.983433734939759,0.8091697645600991,166.0,Centaurea.jacea,0.6211033608116678,opth,1,False,mlp1,bce,msle
129,0.9339973242158466,0.35810506792052266,0.8709677419354839,0.8829493087557604,0.9958419958419958,0.9360039081582804,31.0,Centaurea.montana,0.7539170506912443,opth,1,False,mlp1,bce,msle
130,0.8498150256118383,0.4493249619953933,0.7678571428571429,0.7390438247011952,0.9661458333333334,0.837471783295711,112.0,Centaurea.scabiosa,0.5069009675583382,opth,1,False,mlp1,bce,msle
131,0.8199970556482481,0.49353693095319434,0.7739130434782608,0.7302483069977427,0.9256080114449213,0.816403785488959,230.0,Cerastium.arvense,0.5041613504760036,opth,1,False,mlp1,bce,msle
132,0.8744182346155376,0.21812000553338987,0.6521739130434783,0.8554437328453797,0.9915164369034994,0.918467583497053,23.0,Cerastium.brachypetalum,0.5076176458888579,opth,1,False,mlp1,bce,msle
133,0.8406765583116245,0.37486155970451235,0.8444444444444444,0.6972477064220184,0.9702127659574468,0.8113879003558719,135.0,Cerastium.fontanum,0.5416921508664627,opth,1,False,mlp1,bce,msle
134,0.914541590771099,0.19877566187732515,0.6666666666666666,0.924408014571949,0.9941234084231146,0.9579990561585654,18.0,Cerastium.glomeratum,0.5910746812386156,opth,1,False,mlp1,bce,msle
135,0.8738839285714286,0.1753099225187028,0.4642857142857143,0.9181985294117647,0.985207100591716,0.950523311132255,28.0,Cerastium.pumilum,0.3824842436974789,opth,1,False,mlp1,bce,msle
136,0.9224370503597122,0.03127397586600623,0.25,0.9532374100719424,0.9971777986829727,0.9747126436781609,4.0,Cerastium.semidecandrum,0.2032374100719423,opth,1,False,mlp1,bce,msle
137,0.9397879383965839,0.3159527802797336,0.8947368421052632,0.8222424794895169,0.9977876106194691,0.9015492253873063,19.0,Chaerophyllum.aureum,0.71697932159478,opth,1,False,mlp1,bce,msle
138,0.9374321880650994,0.12102634334483423,0.9,0.8354430379746836,0.9989189189189189,0.9098966026587888,10.0,Chaerophyllum.hirsutum,0.7354430379746835,opth,1,False,mlp1,bce,msle
139,0.9206176203451407,0.21514430549034658,0.6,0.9445958219800181,0.994263862332696,0.9687936655798789,15.0,Chaerophyllum.villarsii,0.544595821980018,opth,1,False,mlp1,bce,msle
140,0.7499251272836178,0.0071475043840556,0.0,0.8769092542677448,0.9969356486210419,0.9330783938814532,3.0,Chenopodium.album,-0.1230907457322552,opth,1,False,mlp1,bce,msle
141,0.870728417266187,0.10521086780210866,0.75,0.7670863309352518,0.9988290398126464,0.8677517802644964,4.0,Chondrilla.juncea,0.5170863309352518,opth,1,False,mlp1,bce,msle
142,0.9323132313231324,0.04751346423728317,1.0,0.7587758775877588,1.0,0.8628454452405322,5.0,Cichorium.intybus,0.7587758775877589,opth,1,False,mlp1,bce,msle
143,0.723162690967569,0.18564247905335743,0.38461538461538464,0.8390243902439024,0.9388646288209607,0.8861411643482741,91.0,Cirsium.acaule,0.2236397748592871,opth,1,False,mlp1,bce,msle
144,0.7969396822644617,0.14977698163752867,0.8372093023255814,0.6095060577819198,0.989409984871407,0.754325259515571,43.0,Cirsium.arvense,0.44671536010750135,opth,1,False,mlp1,bce,msle
145,0.8323520531400966,0.05979995738198887,0.3333333333333333,0.9248188405797102,0.9922254616132167,0.9573370839193625,12.0,Cirsium.eriophorum,0.25815217391304346,opth,1,False,mlp1,bce,msle
146,0.9561377095252435,0.21232578416242437,0.6666666666666666,0.931345980126468,0.9970986460348162,0.9631013545072397,9.0,Cirsium.palustre,0.5980126467931346,opth,1,False,mlp1,bce,msle
147,0.8175360389974825,0.15479533428900372,0.6101694915254238,0.8438978240302744,0.9748633879781421,0.9046653144016227,59.0,Cirsium.spinosissimum,0.45406731555569824,opth,1,False,mlp1,bce,msle
148,0.75618961352657,0.03325795201228983,0.6666666666666666,0.6829710144927537,0.9947229551451188,0.8098818474758325,12.0,Cirsium.tuberosum,0.3496376811594204,opth,1,False,mlp1,bce,msle
149,0.8082371989475814,0.06962857481272515,0.7222222222222222,0.7404371584699454,0.9938875305623472,0.848643006263048,18.0,Cirsium.vulgare,0.4626593806921675,opth,1,False,mlp1,bce,msle
150,0.7785649409627611,0.0900720358939493,0.6,0.7838328792007266,0.9930955120828538,0.8761421319796955,15.0,Clinopodium.vulgare,0.3838328792007266,opth,1,False,mlp1,bce,msle
151,0.8312184255539202,0.10672458952850752,0.6521739130434783,0.8316559926806953,0.9912758996728462,0.9044776119402985,23.0,Coeloglossum.viride,0.4838299057241735,opth,1,False,mlp1,bce,msle
152,0.8543526994208854,0.3400366970278102,0.7169811320754716,0.806930693069307,0.9644970414201184,0.8787061994609164,106.0,Colchicum.autumnale,0.5239118251447787,opth,1,False,mlp1,bce,msle
153,0.8751578282828283,0.27813548404291344,0.8166666666666667,0.7679924242424242,0.98661800486618,0.8636847710330139,60.0,Convolvulus.arvensis,0.5846590909090907,opth,1,False,mlp1,bce,msle
154,0.9251348920863309,0.03452392422980658,1.0,0.77068345323741,1.0,0.8704926358557643,4.0,Conyza.canadensis,0.77068345323741,opth,1,False,mlp1,bce,msle
155,0.9078366591780098,0.2869138583621685,0.7142857142857143,0.9010175763182239,0.9898373983739838,0.9433414043583536,35.0,Coronilla.minima,0.6153032906039382,opth,1,False,mlp1,bce,msle
156,0.8556962025316456,0.10166503899519556,0.5,0.8833634719710669,0.994908350305499,0.935823754789272,10.0,Crepis.aurea,0.3833634719710668,opth,1,False,mlp1,bce,msle
157,0.8768642447418737,0.2645098343976605,0.8571428571428571,0.7915869980879541,0.9880668257756563,0.8789808917197452,70.0,Crepis.biennis,0.6487298552308112,opth,1,False,mlp1,bce,msle
158,0.9498905062475846,0.10892314161868409,0.8571428571428571,0.8854824165915239,0.9989827060020345,0.9388145315487572,7.0,Crepis.bocconi,0.742625273734381,opth,1,False,mlp1,bce,msle
159,0.9224908759124087,0.17577218840588,0.8,0.9023722627737226,0.9959718026183283,0.9468645284825276,20.0,Crepis.conyzifolia,0.7023722627737228,opth,1,False,mlp1,bce,msle
160,0.8930578600867098,0.1782717929467489,0.7647058823529411,0.7743403093721565,0.9953216374269006,0.8710337768679631,17.0,Crepis.foetida,0.5390461917250975,opth,1,False,mlp1,bce,msle
161,0.9862234201856843,0.4035714285714286,1.0,0.9703504043126685,1.0,0.9849521203830369,3.0,Crepis.mollis,0.9703504043126685,opth,1,False,mlp1,bce,msle
162,0.896336663639116,0.11834910780282677,0.9333333333333333,0.8474114441416893,0.9989293361884368,0.9169533169533169,15.0,Crepis.pyrenaica,0.7807447774750227,opth,1,False,mlp1,bce,msle
163,0.8759252529502898,0.3260615778441554,0.6938775510204082,0.8491096532333646,0.9837133550488599,0.9114688128772636,49.0,Crepis.vesicaria,0.5429872042537727,opth,1,False,mlp1,bce,msle
164,0.8640311470500149,0.022081852155683163,0.3333333333333333,0.9344115004492363,0.9980806142034548,0.9651972157772621,3.0,Cruciata.glabra,0.26774483378256964,opth,1,False,mlp1,bce,msle
165,0.846269477543538,0.1405110718778807,0.8,0.7140238313473877,0.9936224489795918,0.8309333333333333,25.0,Cruciata.laevipes,0.5140238313473877,opth,1,False,mlp1,bce,msle
166,0.9100863068401391,0.04899266096519756,0.8571428571428571,0.7799819657348963,0.9988452655889145,0.8759493670886076,7.0,Cruciata.pedemontana,0.6371248228777535,opth,1,False,mlp1,bce,msle
167,0.8004504504504505,0.027070805528645565,0.6666666666666666,0.8126126126126126,0.9977876106194691,0.8957298907646475,6.0,Cuscuta.epithymum,0.47927927927927927,opth,1,False,mlp1,bce,msle
168,0.8977976755754533,0.31665632305317054,0.7142857142857143,0.8537511870845205,0.9803707742639041,0.9126903553299492,63.0,Cynosurus.cristatus,0.5680369013702347,opth,1,False,mlp1,bce,msle
169,0.8511467997559334,0.6393581257004529,0.8136645962732919,0.7506297229219143,0.9085365853658537,0.8220689655172414,322.0,Dactylis.glomerata,0.5642943191952061,opth,1,False,mlp1,bce,msle
170,0.88016157989228,0.010855117412494463,0.0,0.9290843806104129,0.9980713596914176,0.9623430962343096,2.0,Dactylorhiza.maculata,-0.07091561938958713,opth,1,False,mlp1,bce,msle
171,0.8174502712477396,0.11227570303513695,0.4,0.9077757685352622,0.994059405940594,0.9489603024574669,10.0,Dactylorhiza.majalis,0.30777576853526223,opth,1,False,mlp1,bce,msle
172,0.568609865470852,0.002074688796680498,0.0,0.8869955156950673,0.998989898989899,0.939667458432304,1.0,Danthonia.decumbens,-0.1130044843049327,opth,1,False,mlp1,bce,msle
173,0.8413131313131312,0.18540514620791385,0.8939393939393939,0.6933333333333334,0.9904761904761905,0.8156862745098039,66.0,Daucus.carota,0.5872727272727274,opth,1,False,mlp1,bce,msle
174,0.8171176601211814,0.22494451281328873,0.6896551724137931,0.766329346826127,0.9893111638954869,0.8636599274235355,29.0,Deschampsia.cespitosa,0.4559845192399201,opth,1,False,mlp1,bce,msle
175,0.7692573800738007,0.09437214541667205,0.28125,0.9345018450184502,0.9777992277992278,0.9556603773584905,32.0,Dianthus.carthusianorum,0.21575184501845035,opth,1,False,mlp1,bce,msle
176,0.7603790613718412,0.040575218124730736,0.375,0.7996389891696751,0.9943883277216611,0.8864432216108054,8.0,Dianthus.deltoides,0.17463898916967513,opth,1,False,mlp1,bce,msle
177,0.826784282277466,0.2190218459951745,0.6046511627906976,0.8946877912395154,0.9825997952917093,0.9365853658536586,43.0,Dianthus.sylvestris,0.4993389540302129,opth,1,False,mlp1,bce,msle
178,0.8136029885353601,0.022197164825057285,0.2857142857142857,0.9062218214607755,0.995049504950495,0.9485606418121756,7.0,Dipsacus.fullonum,0.19193610717506115,opth,1,False,mlp1,bce,msle
179,0.8549442539303879,0.18366284102799574,0.7017543859649122,0.8007554296506137,0.9803468208092485,0.8814968814968815,57.0,Draba.aizoides,0.5025098156155261,opth,1,False,mlp1,bce,msle
180,0.7744744744744745,0.013457801891927548,0.16666666666666666,0.8702702702702703,0.9948506694129763,0.9283998077847189,6.0,Draba.siliquosa,0.036936936936937004,opth,1,False,mlp1,bce,msle
181,0.8480427167295854,0.13732597964151794,0.6296296296296297,0.8172635445362718,0.9888888888888889,0.8949220713926597,27.0,Dryas.octopetala,0.44689317416590146,opth,1,False,mlp1,bce,msle
182,0.5738244983528002,0.11343176113492212,0.3333333333333333,0.9415992812219227,0.9980952380952381,0.9690245030050856,3.0,Dryopteris.filix.mas,0.27493261455525597,opth,1,False,mlp1,bce,msle
183,0.8323559670781893,0.12985918529529222,0.8055555555555556,0.7425925925925926,0.9913473423980222,0.8491265219692959,36.0,Echium.vulgare,0.5481481481481483,opth,1,False,mlp1,bce,msle
184,0.8787061994609164,0.03185552802608689,0.6666666666666666,0.8858939802336029,0.9989868287740629,0.939047619047619,3.0,Epilobium.angustifolium,0.5525606469002695,opth,1,False,mlp1,bce,msle
185,0.862780269058296,0.006493506493506494,0.0,0.9246636771300448,0.999031007751938,0.96040987424313,1.0,Epipactis.palustris,-0.07533632286995517,opth,1,False,mlp1,bce,msle
186,0.7846170315259862,0.049729141280978335,0.5882352941176471,0.7179253867151957,0.9912060301507538,0.8327176781002639,17.0,Equisetum.arvense,0.30616068083284276,opth,1,False,mlp1,bce,msle
187,0.791446605693675,0.017531353991048753,0.2857142857142857,0.9026149684400361,0.9950298210735586,0.9465721040189126,7.0,Equisetum.palustre,0.18832925415432178,opth,1,False,mlp1,bce,msle
188,0.8446492805755396,0.26369544101171044,0.25,0.9964028776978417,0.9972997299729973,0.99685110211426,4.0,Equisetum.telmateia,0.24640287769784175,opth,1,False,mlp1,bce,msle
189,0.8110412926391382,0.006893206074144271,0.0,0.926391382405745,0.9980657640232108,0.9608938547486033,2.0,Erigeron.acer,-0.07360861759425497,opth,1,False,mlp1,bce,msle
190,0.8038147138964578,0.13485674508215403,0.6666666666666666,0.7747502270663034,0.9941724941724942,0.8708524757529351,15.0,Erigeron.alpinus,0.4414168937329701,opth,1,False,mlp1,bce,msle
191,0.8879240032624861,0.13284946032694914,0.7368421052631579,0.8550592525068368,0.9946977730646872,0.9196078431372549,19.0,Erigeron.annuus,0.5919013577699945,opth,1,False,mlp1,bce,msle
192,0.8546622503262069,0.05735855563744484,0.3333333333333333,0.9295392953929539,0.9942028985507246,0.9607843137254902,9.0,Erigeron.glabratus,0.26287262872628725,opth,1,False,mlp1,bce,msle
193,0.8795126353790613,0.03293744579468339,1.0,0.7148014440433214,1.0,0.8336842105263158,8.0,Erigeron.neglectus,0.7148014440433212,opth,1,False,mlp1,bce,msle
194,0.903790719348057,0.32246706998179203,0.8837209302325582,0.7493010251630942,0.9938195302843016,0.8544102019128587,43.0,Erigeron.uniflorus,0.6330219553956522,opth,1,False,mlp1,bce,msle
195,0.942125451263538,0.11570509104978015,0.75,0.8998194945848376,0.997997997997998,0.9463692453725676,8.0,Erodium.cicutarium,0.6498194945848375,opth,1,False,mlp1,bce,msle
196,0.856554647290342,0.11517813390072784,0.3333333333333333,0.924613987284287,0.9902723735408561,0.9563175199624236,15.0,Erophila.verna,0.2579473206176204,opth,1,False,mlp1,bce,msle
197,0.9145675505050506,0.40328046508398474,0.7833333333333333,0.884469696969697,0.986272439281943,0.9326010983524713,60.0,Eryngium.campestre,0.6678030303030305,opth,1,False,mlp1,bce,msle
198,0.9186833112490411,0.15338475244305877,0.8461538461538461,0.800543970988214,0.9977401129943503,0.8883299798792756,13.0,Erysimum.rhaeticum,0.6466978171420601,opth,1,False,mlp1,bce,msle
199,0.9462679856115108,0.048020465772759355,1.0,0.8857913669064749,1.0,0.9394372913686219,4.0,Erysimum.virgatum,0.8857913669064748,opth,1,False,mlp1,bce,msle
200,0.8325846061695118,0.013220152744140748,0.6666666666666666,0.9119496855345912,0.9990157480314961,0.9534992954438704,3.0,Eupatorium.cannabinum,0.5786163522012577,opth,1,False,mlp1,bce,msle
201,0.8064265456984784,0.39343577812963365,0.7961783439490446,0.6986444212721585,0.9544159544159544,0.8067429259482239,157.0,Euphorbia.cyparissias,0.49482276522120316,opth,1,False,mlp1,bce,msle
202,0.8231353858044571,0.024226629705962305,0.42857142857142855,0.8476104598737602,0.9957627118644068,0.9157330735509012,7.0,Euphorbia.dulcis,0.27618188844518876,opth,1,False,mlp1,bce,msle
203,0.7594424460431655,0.009176451230168697,0.0,0.9856115107913669,0.9963636363636363,0.9909584086799277,4.0,Euphorbia.helioscopia,-0.014388489208633115,opth,1,False,mlp1,bce,msle
204,0.977027027027027,0.280563117564025,0.8333333333333334,0.9630630630630631,0.9990654205607477,0.9807339449541285,6.0,Euphorbia.seguieriana,0.7963963963963965,opth,1,False,mlp1,bce,msle
205,0.8439522922763146,0.18408274268905847,0.5952380952380952,0.8156424581005587,0.9809630459126539,0.8906964921199797,42.0,Euphorbia.brittingeri,0.4108805533386539,opth,1,False,mlp1,bce,msle
206,0.9399779182977015,0.08793573011137326,1.0,0.7994579945799458,1.0,0.8885542168674698,9.0,Euphrasia.alpina,0.7994579945799458,opth,1,False,mlp1,bce,msle
207,0.8751767539429725,0.2667898388598591,0.8688524590163934,0.7725118483412322,0.9902794653705954,0.8679446219382322,61.0,Euphrasia.minima,0.6413643073576256,opth,1,False,mlp1,bce,msle
208,0.83217353484832,0.20945011254101628,0.7352941176470589,0.767097966728281,0.9892729439809297,0.8641332639250391,34.0,Euphrasia.salisburgensis,0.50239208437534,opth,1,False,mlp1,bce,msle
209,0.7307577118897873,0.006469610254722001,0.3333333333333333,0.7394429469901168,0.9975757575757576,0.849329205366357,3.0,Euphrasia.stricta,0.07277628032345018,opth,1,False,mlp1,bce,msle
210,0.8991135852097478,0.41453790137386787,0.897196261682243,0.7621407333994054,0.985897435897436,0.8596981553940749,107.0,Festuca.arundinacea,0.6593369950816483,opth,1,False,mlp1,bce,msle
211,0.9382582682399867,0.3890284217828803,0.7272727272727273,0.9680073126142597,0.9943661971830986,0.9810097267253358,22.0,Festuca.ovina,0.695280039886987,opth,1,False,mlp1,bce,msle
212,0.9005113636363635,0.10858433041719118,1.0,0.7563636363636363,1.0,0.8612836438923396,16.0,Festuca.halleri,0.7563636363636363,opth,1,False,mlp1,bce,msle
213,0.8346910064166352,0.4260642107786974,0.7350993377483444,0.7585492227979275,0.9481865284974094,0.842832469775475,151.0,Festuca.laevigata,0.49364856054627193,opth,1,False,mlp1,bce,msle
214,0.8401348879743942,0.4227630711858162,0.7430555555555556,0.7757201646090535,0.9532237673830595,0.8553601815087918,144.0,Festuca.nigrescens,0.518775720164609,opth,1,False,mlp1,bce,msle
215,0.9132379401936424,0.43898965233505133,0.7454545454545455,0.8360037700282752,0.9844617092119867,0.9041794087665648,55.0,Festuca.paniculata,0.5814583154828208,opth,1,False,mlp1,bce,msle
216,0.9048869551705384,0.3157093524110068,0.8524590163934426,0.7962085308056872,0.9893992932862191,0.8823529411764706,61.0,Festuca.quadriflora,0.6486675471991297,opth,1,False,mlp1,bce,msle
217,0.7236432632116084,0.3042708874711252,0.43356643356643354,0.8273381294964028,0.9085778781038375,0.8660570199031737,143.0,Festuca.rubra,0.2609045630628364,opth,1,False,mlp1,bce,msle
218,0.9579935558295875,0.3393078004463702,0.9130434782608695,0.9002744739249772,0.9979716024340771,0.9466089466089466,23.0,Festuca.valesiaca,0.8133179521858467,opth,1,False,mlp1,bce,msle
219,0.8637188796680498,0.40277700078160533,0.8223684210526315,0.7614107883817427,0.9645203679369251,0.8510144927536232,152.0,Festuca.violacea,0.5837792094343741,opth,1,False,mlp1,bce,msle
220,0.8244926199261993,0.20579457175841398,0.6875,0.7896678966789668,0.9884526558891455,0.877948717948718,32.0,Filipendula.vulgaris,0.47716789667896675,opth,1,False,mlp1,bce,msle
221,0.7641952983725135,0.1194177018957649,0.8,0.6564195298372514,0.9972527472527473,0.7917121046892039,10.0,Fragaria.vesca,0.4564195298372513,opth,1,False,mlp1,bce,msle
222,0.8696114146933819,0.15054106461161154,0.5,0.9571948998178507,0.9915094339622641,0.974050046339203,18.0,Fumana.procumbens,0.4571948998178508,opth,1,False,mlp1,bce,msle
223,0.8154815481548154,0.02667039665259255,0.6,0.8631863186318632,0.9979188345473465,0.9256756756756757,5.0,Galeopsis.tetrahit,0.4631863186318632,opth,1,False,mlp1,bce,msle
224,0.784331797235023,0.09100524605274095,0.6451612903225806,0.7585253456221198,0.986810551558753,0.8577384054194893,31.0,Galium.anisophyllon,0.40368663594470044,opth,1,False,mlp1,bce,msle
225,0.7574023888387031,0.03225502449524561,0.8888888888888888,0.6151761517615176,0.998533724340176,0.7613191727221912,9.0,Galium.aparine,0.5040650406504064,opth,1,False,mlp1,bce,msle
226,0.8413865546218487,0.10851002911168416,0.8571428571428571,0.7215073529411765,0.9949302915082383,0.8364411294619073,28.0,Galium.boreale,0.5786502100840336,opth,1,False,mlp1,bce,msle
227,0.9129182156133829,0.4414610994158279,0.7,0.887546468401487,0.9875904860392968,0.9348996573666177,40.0,Galium.corrudifolium,0.587546468401487,opth,1,False,mlp1,bce,msle
228,0.888085917896216,0.04918431576611191,0.8888888888888888,0.8373983739837398,0.9989224137931034,0.9110565110565111,9.0,Galium.glaucum,0.7262872628726287,opth,1,False,mlp1,bce,msle
229,0.8197953422724065,0.15351598640825798,0.8076923076923077,0.6651376146788991,0.9931506849315068,0.7967032967032966,26.0,Galium.lucidum,0.4728299223712069,opth,1,False,mlp1,bce,msle
230,0.8440425382677149,0.5153515763036057,0.8374384236453202,0.7174151150054765,0.9520348837209303,0.8182386008744534,203.0,Galium.mollugo,0.5548535386507967,opth,1,False,mlp1,bce,msle
231,0.8068875448070172,0.2961059216606199,0.6822429906542056,0.7512388503468781,0.9570707070707071,0.8417545807884509,107.0,Galium.pumilum,0.43348184100108367,opth,1,False,mlp1,bce,msle
232,0.7904466771353,0.5054693858977068,0.7269076305220884,0.6931949250288351,0.898355754857997,0.7825520833333334,249.0,Galium.verum,0.42010255555092346,opth,1,False,mlp1,bce,msle
233,0.9040661013263753,0.1908060971336542,0.9047619047619048,0.8310502283105022,0.9978070175438597,0.9068261086198306,21.0,Genista.pilosa,0.735812133072407,opth,1,False,mlp1,bce,msle
234,0.8829067577934305,0.2351090637293911,0.7692307692307693,0.8467815049864007,0.9967982924226254,0.9156862745098039,13.0,Genista.sagittalis,0.6160122742171699,opth,1,False,mlp1,bce,msle
235,0.9026289834370642,0.28912163385003503,0.6296296296296297,0.9146005509641874,0.9900596421471173,0.9508353221957041,27.0,Genista.tinctoria,0.544230180593817,opth,1,False,mlp1,bce,msle
236,0.8122038901983191,0.13672750898512884,0.6153846153846154,0.7623026926648097,0.9820574162679426,0.858337689492943,39.0,Gentiana.acaulis,0.37768730804942496,opth,1,False,mlp1,bce,msle
237,0.9662752183077387,0.19640827762071733,0.8888888888888888,0.9159891598915989,0.9990147783251232,0.9557021677662583,9.0,Gentiana.alpina,0.8048780487804876,opth,1,False,mlp1,bce,msle
238,0.9648331830477908,0.1374687498066826,1.0,0.8926961226330027,1.0,0.9433063363506432,7.0,Gentiana.bavarica,0.8926961226330028,opth,1,False,mlp1,bce,msle
239,0.9135913591359136,0.03325094518773344,1.0,0.7983798379837984,1.0,0.8878878878878879,5.0,Gentiana.cruciata,0.7983798379837985,opth,1,False,mlp1,bce,msle
240,0.8903618315722063,0.34175259279446024,0.8533333333333334,0.8203650336215178,0.9872832369942196,0.8961175236096537,75.0,Gentiana.lutea,0.6736983669548513,opth,1,False,mlp1,bce,msle
241,0.9001772584033614,0.16026097029555103,0.32142857142857145,0.9568014705882353,0.9820754716981132,0.9692737430167597,28.0,Gentiana.nivalis,0.2782300420168067,opth,1,False,mlp1,bce,msle
242,0.8415466886055122,0.039640602740718234,0.45454545454545453,0.8751131221719457,0.9938335046248715,0.9307025986525506,11.0,Gentiana.punctata,0.3296585767174003,opth,1,False,mlp1,bce,msle
243,0.8491028241535341,0.43155160790530483,0.7538461538461538,0.768762677484787,0.959493670886076,0.8536036036036037,130.0,Gentiana.verna,0.5226088313309409,opth,1,False,mlp1,bce,msle
244,0.9062878093492208,0.21864244090244744,0.88,0.7378551787351054,0.9962871287128713,0.8478146392838336,25.0,Geranium.columbinum,0.6178551787351054,opth,1,False,mlp1,bce,msle
245,0.9391383905485501,0.2128917794281445,0.8695652173913043,0.8316559926806953,0.9967105263157895,0.9067331670822942,23.0,Geranium.dissectum,0.7012212100719997,opth,1,False,mlp1,bce,msle
246,0.8803592995169083,0.0986111456145458,0.5833333333333334,0.8813405797101449,0.9948875255623721,0.9346781940441883,12.0,Geranium.molle,0.46467391304347827,opth,1,False,mlp1,bce,msle
247,0.8850799524250033,0.38413327924961177,0.8571428571428571,0.7317298797409806,0.9937185929648241,0.8428343100692595,35.0,Geranium.pyrenaicum,0.5888727368838378,opth,1,False,mlp1,bce,msle
248,0.8155296229802513,0.007122774133083411,0.0,0.8904847396768402,0.9979879275653923,0.9411764705882353,2.0,Geranium.robertianum,-0.10951526032315984,opth,1,False,mlp1,bce,msle
249,0.9490865528601378,0.06438923395445134,1.0,0.8131176999101527,1.0,0.8969276511397423,3.0,Geranium.rotundifolium,0.8131176999101526,opth,1,False,mlp1,bce,msle
250,0.7452015973206234,0.01722060515240501,0.0,0.9188458070333634,0.99317738791423,0.9545667447306792,7.0,Geranium.sanguineum,-0.08115419296663662,opth,1,False,mlp1,bce,msle
251,0.8731807064672628,0.4265999711079428,0.7755102040816326,0.8222003929273084,0.9743888242142026,0.891848694725626,98.0,Geranium.sylvaticum,0.5977105970089411,opth,1,False,mlp1,bce,msle
252,0.8966641466641467,0.4894607004175461,0.9415584415584416,0.7536382536382537,0.9877384196185286,0.8549528301886793,154.0,Geum.montanum,0.6951966951966952,opth,1,False,mlp1,bce,msle
253,0.9961066187481281,0.41025641025641024,1.0,0.8373764600179695,1.0,0.9114914425427872,3.0,Geum.rivale,0.8373764600179694,opth,1,False,mlp1,bce,msle
254,0.6982898289828983,0.010635145720227966,0.6,0.7407740774077408,0.9975757575757576,0.8502066115702479,5.0,Geum.urbanum,0.3407740774077408,opth,1,False,mlp1,bce,msle
255,0.945193171608266,0.030724862736398427,1.0,0.7870619946091644,1.0,0.8808446455505279,3.0,Glechoma.hederacea,0.7870619946091644,opth,1,False,mlp1,bce,msle
256,0.884187734082397,0.39585743195664747,0.625,0.8960674157303371,0.9815384615384616,0.9368575624082232,48.0,Globularia.bisnagarica,0.5210674157303372,opth,1,False,mlp1,bce,msle
257,0.8443156991260923,0.266845488029798,0.625,0.8586142322097379,0.9807486631016042,0.9156265601597604,48.0,Globularia.cordifolia,0.48361423220973787,opth,1,False,mlp1,bce,msle
258,0.9071525270758123,0.056057389437611384,0.625,0.9323104693140795,0.997104247104247,0.9636194029850746,8.0,Globularia.nudicaulis,0.5573104693140793,opth,1,False,mlp1,bce,msle
259,0.750033692722372,0.11789869138625186,0.6607142857142857,0.6915094339622642,0.9747340425531915,0.8090507726269316,56.0,Gymnadenia.conopsea,0.35222371967654986,opth,1,False,mlp1,bce,msle
260,0.8872969314079422,0.046513560128208856,0.5,0.9133574007220217,0.9960629921259843,0.9529190207156308,8.0,Gypsophila.repens,0.41335740072202176,opth,1,False,mlp1,bce,msle
261,0.7899179808564922,0.4076509805359048,0.6825396825396826,0.7605177993527508,0.9215686274509803,0.8333333333333334,189.0,Helianthemum.nummularium,0.4430574818924333,opth,1,False,mlp1,bce,msle
262,0.9101527403414196,0.02742494632738535,0.6666666666666666,0.8328840970350404,0.9989224137931034,0.9083782459578638,3.0,Helleborus.foetidus,0.4995507637017069,opth,1,False,mlp1,bce,msle
263,0.8434405872892574,0.32308255048292334,0.9101123595505618,0.6436222005842259,0.9880418535127056,0.7794811320754716,89.0,Heracleum.sphondylium,0.5537345601347878,opth,1,False,mlp1,bce,msle
264,0.8453453453453453,0.06728048331741537,0.6666666666666666,0.8513513513513513,0.9978880675818373,0.9188138065143413,6.0,Hieracium.bifidum,0.5180180180180178,opth,1,False,mlp1,bce,msle
265,0.7150270758122743,0.017107133783733235,0.125,0.9395306859205776,0.9933206106870229,0.9656771799628943,8.0,Hieracium.murorum,0.06453068592057765,opth,1,False,mlp1,bce,msle
266,0.8883572567783093,0.1553159211380066,0.7272727272727273,0.863342566943675,0.9904661016949152,0.9225456339417859,33.0,Hieracium.piliferum,0.5906152942164022,opth,1,False,mlp1,bce,msle
267,0.9301530153015302,0.03629190665019345,0.2,0.9576957695769577,0.9962546816479401,0.976594768242313,5.0,Hieracium.prenanthoides,0.15769576957695763,opth,1,False,mlp1,bce,msle
268,0.9166640230942487,0.26096760550713805,0.6551724137931034,0.8969641214351426,0.9898477157360406,0.9411196911196911,29.0,Hieracium.villosum,0.5521365352282461,opth,1,False,mlp1,bce,msle
269,0.8934090909090909,0.09477217905188358,0.8125,0.8163636363636364,0.9966703662597114,0.8975512243878061,16.0,Himantoglossum.hircinum,0.6288636363636364,opth,1,False,mlp1,bce,msle
270,0.7578167359479486,0.24924505462883983,0.5727272727272728,0.7833001988071571,0.9437125748502994,0.8560564910374796,110.0,Hippocrepis.comosa,0.3560274715344298,opth,1,False,mlp1,bce,msle
271,0.9474648144207678,0.6873445766178448,0.8582089552238806,0.8818737270875764,0.9785310734463277,0.9276914836636315,134.0,Holcus.lanatus,0.740082682311457,opth,1,False,mlp1,bce,msle
272,0.8639070442992012,0.20014341557385823,0.5555555555555556,0.8898225957049486,0.9794450154162384,0.9324853228962818,45.0,Homogyne.alpina,0.4453781512605042,opth,1,False,mlp1,bce,msle
273,0.9434909163906454,0.08867729849672822,0.2222222222222222,0.966576332429991,0.9935004642525533,0.9798534798534798,9.0,Hornungia.petraea,0.1887985546522133,opth,1,False,mlp1,bce,msle
274,0.8532842234499692,0.30858952667411305,0.7333333333333333,0.7891344383057091,0.9907514450867052,0.8785238339313173,30.0,Hypericum.maculatum,0.5224677716390422,opth,1,False,mlp1,bce,msle
275,0.8239484452396335,0.1895752232877902,0.8771929824561403,0.5864022662889519,0.9888535031847133,0.7362181387077653,57.0,Hypericum.perforatum,0.4635952487450923,opth,1,False,mlp1,bce,msle
276,0.9333750135913885,0.27772443879093817,0.8529411764705882,0.8475046210720887,0.9945770065075922,0.9151696606786427,34.0,Hypericum.richeri,0.700445797542677,opth,1,False,mlp1,bce,msle
277,0.8393210008808895,0.24495403160002963,0.6666666666666666,0.8449396471680595,0.9859154929577465,0.91,39.0,Hypochaeris.maculata,0.5116063138347262,opth,1,False,mlp1,bce,msle
278,0.9239425899749918,0.3448089083424541,0.7058823529411765,0.9131238447319778,0.9899799599198397,0.95,34.0,Hypochaeris.radicata,0.6190061976731545,opth,1,False,mlp1,bce,msle
279,0.8550269299820468,0.03264801066057491,0.5,0.9308797127468582,0.9990366088631984,0.9637546468401487,2.0,Hyssopus.officinalis,0.4308797127468582,opth,1,False,mlp1,bce,msle
280,0.8954159077109896,0.12652557278971643,0.8333333333333334,0.843351548269581,0.9967707212055974,0.9136655155402073,18.0,Inula.salicina,0.6766848816029145,opth,1,False,mlp1,bce,msle
281,0.966786355475763,0.043557168784029036,1.0,0.9165170556552962,1.0,0.956440281030445,2.0,Isatis.tinctoria,0.9165170556552962,opth,1,False,mlp1,bce,msle
282,0.9139013452914798,0.010309278350515464,1.0,0.8035874439461883,1.0,0.8910989557434112,1.0,Juncus.alpinoarticulatus,0.8035874439461883,opth,1,False,mlp1,bce,msle
283,0.7297297297297298,0.01810514059852866,0.16666666666666666,0.9486486486486486,0.995274102079395,0.9714022140221402,6.0,Juncus.articulatus,0.11531531531531525,opth,1,False,mlp1,bce,msle
284,0.9341749323715058,0.1525036603608032,0.7142857142857143,0.933273219116321,0.9980713596914176,0.9645852749301025,7.0,Juncus.effusus,0.6475589334020353,opth,1,False,mlp1,bce,msle
285,0.8497131642512077,0.1527576461536356,0.25,0.9148550724637681,0.9911678115799804,0.9514837494112105,12.0,Juncus.inflexus,0.16485507246376807,opth,1,False,mlp1,bce,msle
286,0.9300595238095238,0.38986660907513926,0.6666666666666666,0.8891941391941391,0.9918283963227783,0.9377112506035732,24.0,Juncus.jacquinii,0.5558608058608057,opth,1,False,mlp1,bce,msle
287,0.8694318181818183,0.06139200453673119,0.375,0.9063636363636364,0.9900695134061569,0.9463692453725676,16.0,Juncus.trifidus,0.28136363636363626,opth,1,False,mlp1,bce,msle
288,0.9955116696588869,0.22619047619047616,1.0,0.9578096947935368,1.0,0.9784502521779,2.0,Juncus.triglumis,0.9578096947935368,opth,1,False,mlp1,bce,msle
289,0.86330821981713,0.4624327473732298,0.8804347826086957,0.73068669527897,0.968705547652916,0.8330275229357799,184.0,Knautia.arvensis,0.6111214778876657,opth,1,False,mlp1,bce,msle
290,0.8866485013623978,0.13976412164976088,0.8,0.8446866485013624,0.9967845659163987,0.9144542772861357,15.0,Knautia.dipsacifolia,0.6446866485013625,opth,1,False,mlp1,bce,msle
291,0.7965578874538746,0.0729819705217203,0.75,0.7416974169741697,0.9901477832512315,0.8481012658227848,32.0,Koeleria.macrantha,0.4916974169741697,opth,1,False,mlp1,bce,msle
292,0.7668718434343434,0.1481384431525335,0.5,0.8162878787878788,0.9663677130044843,0.8850102669404517,60.0,Koeleria.pyramidata,0.3162878787878789,opth,1,False,mlp1,bce,msle
293,0.8517371748908155,0.35421820738661347,0.6379310344827587,0.8620037807183365,0.977491961414791,0.9161225514816675,58.0,Koeleria.vallesiana,0.4999348152010952,opth,1,False,mlp1,bce,msle
294,0.8788082329798973,0.1840690515036402,0.8421052631578947,0.7520510483135825,0.9963768115942029,0.8571428571428571,19.0,Lactuca.perennis,0.5941563114714772,opth,1,False,mlp1,bce,msle
295,0.9039445950015055,0.08177066582409713,0.7777777777777778,0.8283649503161699,0.9978237214363439,0.9052319842053307,9.0,Lactuca.serriola,0.6061427280939475,opth,1,False,mlp1,bce,msle
296,0.9426768002061059,0.1240020901411027,1.0,0.8412984670874661,1.0,0.9138099902056807,7.0,Lamium.purpureum,0.8412984670874661,opth,1,False,mlp1,bce,msle
297,0.8282880329769419,0.16499473674857587,0.42857142857142855,0.8935978358881875,0.9959798994974874,0.9420152091254753,7.0,Lapsana.communis,0.32216926445961613,opth,1,False,mlp1,bce,msle
298,0.8990715783168614,0.12433862433862433,0.6666666666666666,0.8796046720575023,0.9989795918367347,0.9354992833253702,3.0,Laserpitium.halleri,0.5462713387241689,opth,1,False,mlp1,bce,msle
299,0.8971690498154983,0.15741672538009588,0.78125,0.8293357933579336,0.9922737306843267,0.9035175879396985,32.0,Laserpitium.latifolium,0.6105857933579335,opth,1,False,mlp1,bce,msle
300,0.8612483807513314,0.16613687717547995,0.5263157894736842,0.8824065633546034,0.9907881269191402,0.9334619093539055,19.0,Laserpitium.siler,0.4087223528282875,opth,1,False,mlp1,bce,msle
301,0.9703504043126685,0.07585106382978724,0.0,0.9946091644204852,0.9972972972972973,0.9959514170040485,3.0,Lathyrus.heterophyllus,-0.005390835579514808,opth,1,False,mlp1,bce,msle
302,,-0.0,0.0,0.9202508960573477,1.0,0.9584694353709753,0.0,Lathyrus.occidentalis,-0.07974910394265233,opth,1,False,mlp1,bce,msle
303,0.8315743714830826,0.5414611156978124,0.8042553191489362,0.6912599318955732,0.9297709923664123,0.79296875,235.0,Lathyrus.pratensis,0.49551525104450933,opth,1,False,mlp1,bce,msle
304,0.9700509134471398,0.07601410934744268,1.0,0.903863432165319,1.0,0.9495044832468146,3.0,Lathyrus.sphaericus,0.903863432165319,opth,1,False,mlp1,bce,msle
305,,-0.0,0.0,0.9444444444444444,1.0,0.9714285714285714,0.0,Lathyrus.sylvestris,-0.05555555555555558,opth,1,False,mlp1,bce,msle
306,0.9892280071813285,0.11513157894736842,1.0,0.9578096947935368,1.0,0.9784502521779,2.0,Lathyrus.tuberosus,0.9578096947935368,opth,1,False,mlp1,bce,msle
307,0.8563222163865546,0.19278773402916483,0.7857142857142857,0.75,0.9927007299270073,0.8544502617801047,28.0,Leontodon.autumnalis,0.5357142857142856,opth,1,False,mlp1,bce,msle
308,0.7452417688881142,0.4057273977181562,0.631336405529954,0.7341490545050056,0.8918918918918919,0.8053691275167785,217.0,Leontodon.hispidus,0.3654854600349595,opth,1,False,mlp1,bce,msle
309,0.8407106293285154,0.13868819979846903,0.5555555555555556,0.8663053297199639,0.995846313603323,0.9265700483091788,9.0,Leontopodium.alpinum,0.42186088527551946,opth,1,False,mlp1,bce,msle
310,0.9382923539786285,0.36395911379192175,0.8666666666666667,0.8748832866479925,0.9936373276776246,0.9304865938430983,45.0,Leucanthemopsis.alpina,0.7415499533146592,opth,1,False,mlp1,bce,msle
311,0.8592648935126117,0.5677100739092914,0.7739130434782608,0.7799097065462754,0.9300134589502019,0.8483732351135667,230.0,Leucanthemum.vulgare,0.5538227500245363,opth,1,False,mlp1,bce,msle
312,0.8992117323556371,0.11597691921206874,0.84,0.842346471127406,0.9956663055254604,0.9126117179741807,25.0,Lilium.martagon,0.6823464711274059,opth,1,False,mlp1,bce,msle
313,0.6023339317773788,0.0037436539678692145,0.5,0.7342908438061041,0.9987789987789988,0.8463528194516295,2.0,Linaria.repens,0.2342908438061042,opth,1,False,mlp1,bce,msle
314,0.9005513033238773,0.08827046486382284,0.8235294117647058,0.835304822565969,0.996742671009772,0.9089108910891089,17.0,Linum.alpinum,0.658834234330675,opth,1,False,mlp1,bce,msle
315,0.7540071726560785,0.14881466359421103,0.6,0.7450047573739296,0.9678615574783683,0.8419354838709677,65.0,Linum.catharticum,0.34500475737392966,opth,1,False,mlp1,bce,msle
316,0.9587871227750324,0.2128068481270821,1.0,0.886964448495898,1.0,0.9400966183574879,19.0,Linum.tenuifolium,0.8869644484958981,opth,1,False,mlp1,bce,msle
317,0.8497292418772563,0.02482783132520711,0.625,0.8104693140794224,0.9966703662597114,0.8939771030363365,8.0,Listera.ovata,0.43546931407942235,opth,1,False,mlp1,bce,msle
318,0.8502697841726619,0.04924949905325661,0.75,0.7491007194244604,0.9988009592326139,0.8561151079136691,4.0,Lolium.multiflorum,0.4991007194244603,opth,1,False,mlp1,bce,msle
319,0.9217720599678374,0.44312577427987415,0.972972972972973,0.7111324376199616,0.9973082099596231,0.8302521008403362,74.0,Lolium.perenne,0.6841054105929345,opth,1,False,mlp1,bce,msle
320,0.7740545158033704,0.5346868240488094,0.7668711656441718,0.6329113924050633,0.8680555555555556,0.7320644216691069,326.0,Lotus.corniculatus,0.3997825580492351,opth,1,False,mlp1,bce,msle
321,0.7572950641443792,0.13201300048344972,0.5238095238095238,0.7013698630136986,0.987146529562982,0.8200747463961559,21.0,Lotus.maritimus,0.22517938682322258,opth,1,False,mlp1,bce,msle
322,0.7982109665427509,0.1192036735472488,0.425,0.8652416356877324,0.9758909853249476,0.9172413793103448,40.0,Luzula.campestris,0.2902416356877324,opth,1,False,mlp1,bce,msle
323,0.8833721123483464,0.10745843077359639,0.8636363636363636,0.7230347349177331,0.9962216624685138,0.8379237288135594,22.0,Luzula.lutea,0.5866710985540968,opth,1,False,mlp1,bce,msle
324,0.6725900551303323,0.029835192001382606,0.47058823529411764,0.7506824385805277,0.9892086330935251,0.8535954474909467,17.0,Luzula.multiflora,0.2212706738746455,opth,1,False,mlp1,bce,msle
325,0.8570135746606334,0.16666692692869017,0.7272727272727273,0.8561085972850678,0.9968387776606955,0.9211295034079844,11.0,Luzula.sieberi,0.583381324557795,opth,1,False,mlp1,bce,msle
326,0.8524536516654098,0.19961713660835947,0.8656716417910447,0.7235462345090562,0.98828125,0.8354430379746836,67.0,Luzula.spicata,0.589217876300101,opth,1,False,mlp1,bce,msle
327,0.7944394258757401,0.04009788737151656,0.5555555555555556,0.7922312556458898,0.9954597048808173,0.8822937625754527,9.0,Luzula.sudetica,0.3477868112014453,opth,1,False,mlp1,bce,msle
328,0.942934293429343,0.052791399046052054,0.6,0.9477947794779478,0.9981042654028436,0.9722991689750693,5.0,Lysimachia.nummularia,0.5477947794779476,opth,1,False,mlp1,bce,msle
329,0.9408473879062115,0.5329982595532835,0.9090909090909091,0.934841628959276,0.9990328820116054,0.9658719027582983,11.0,Lysimachia.vulgaris,0.843932538050185,opth,1,False,mlp1,bce,msle
330,0.8784502659841413,0.1656320924690585,1.0,0.7425474254742548,1.0,0.8522550544323484,9.0,Malva.moschata,0.7425474254742548,opth,1,False,mlp1,bce,msle
331,0.9474865350089766,0.03758169934640523,0.5,0.9425493716337523,0.9990485252140818,0.9699769053117783,2.0,Malva.sylvestris,0.4425493716337523,opth,1,False,mlp1,bce,msle
332,0.8253968253968254,0.0575376111999337,0.7619047619047619,0.7616438356164383,0.9940405244338498,0.8624612202688728,21.0,Medicago.falcata,0.5235485975212002,opth,1,False,mlp1,bce,msle
333,0.8401208685974584,0.42849974673661634,0.7654320987654321,0.7515723270440252,0.9496688741721855,0.8390871854885898,162.0,Medicago.lupulina,0.5170044258094573,opth,1,False,mlp1,bce,msle
334,0.8959020645295155,0.31266816345436227,0.6444444444444445,0.876750700280112,0.9832460732984293,0.926949654491609,45.0,Medicago.minima,0.5211951447245564,opth,1,False,mlp1,bce,msle
335,0.8958959772450223,0.2421800829278603,0.8043478260869565,0.7747663551401869,0.9892601431980907,0.8689727463312369,46.0,Medicago.sativa,0.5791141812271434,opth,1,False,mlp1,bce,msle
336,0.9295375499162695,0.132649119026828,0.7142857142857143,0.9035166816952209,0.99800796812749,0.9484145764316139,7.0,Melica.ciliata,0.6178023959809353,opth,1,False,mlp1,bce,msle
337,0.9668161434977578,0.02631578947368421,1.0,0.7614349775784753,1.0,0.8645621181262729,1.0,Melilotus.albus,0.7614349775784754,opth,1,False,mlp1,bce,msle
338,0.8982911985018727,0.28253702572751666,0.7291666666666666,0.8689138576779026,0.9861849096705633,0.9238427078148332,48.0,Meum.athamanticum,0.5980805243445693,opth,1,False,mlp1,bce,msle
339,0.9892280071813285,0.20833333333333331,1.0,0.7639138240574507,1.0,0.8661577608142493,2.0,Minuartia.laricifolia,0.7639138240574508,opth,1,False,mlp1,bce,msle
340,0.8857518720906699,0.15856938333021103,0.6666666666666666,0.8888888888888888,0.9938900203665988,0.9384615384615385,18.0,Minuartia.rostrata,0.5555555555555554,opth,1,False,mlp1,bce,msle
341,0.8570118871882526,0.23239716970332167,0.6721311475409836,0.828436018957346,0.9776286353467561,0.896870189840944,61.0,Minuartia.verna,0.5005671664983296,opth,1,False,mlp1,bce,msle
342,0.8769230769230769,0.1189764727536574,0.6153846153846154,0.8697247706422019,0.9895615866388309,0.92578125,26.0,Muscari.comosum,0.4851093860268172,opth,1,False,mlp1,bce,msle
343,0.8280032373684819,0.4485801190227139,0.7741935483870968,0.7397849462365591,0.9424657534246575,0.8289156626506025,186.0,Myosotis.alpestris,0.5139784946236559,opth,1,False,mlp1,bce,msle
344,0.8889516382053695,0.43684198253978,0.8738738738738738,0.7691542288557214,0.9822109275730623,0.8627232142857143,111.0,Myosotis.arvensis,0.6430281027295952,opth,1,False,mlp1,bce,msle
345,0.8934985866492716,0.19060628486005035,0.42857142857142855,0.9296803652968036,0.9883495145631068,0.9581176470588235,21.0,Myosotis.ramosissima,0.35825179386823214,opth,1,False,mlp1,bce,msle
346,0.9503003003003003,0.36462357718511135,0.5,0.9513513513513514,0.9971671388101983,0.9737206085753803,6.0,Myosotis.scorpioides,0.4513513513513514,opth,1,False,mlp1,bce,msle
347,0.8608617594254937,0.10324675324675325,0.5,0.8572710951526032,0.9989539748953975,0.9227053140096618,2.0,Myosotis.stricta,0.35727109515260325,opth,1,False,mlp1,bce,msle
348,0.8114969135802469,0.14752239876376078,0.75,0.7203703703703703,0.98856416772554,0.8334226031065881,36.0,Narcissus.poeticus,0.4703703703703703,opth,1,False,mlp1,bce,msle
349,0.8806948171162264,0.4986582441282425,0.9383561643835616,0.6865979381443299,0.9866666666666667,0.8097264437689969,146.0,Nardus.stricta,0.6249541025278915,opth,1,False,mlp1,bce,msle
350,0.9211822660098522,0.13455982052719848,0.7142857142857143,0.8747731397459165,0.9958677685950413,0.9314009661835749,14.0,Odontites.luteus,0.5890588540316308,opth,1,False,mlp1,bce,msle
351,0.9020731209150327,0.40349293976865414,0.8125,0.8431372549019608,0.979498861047836,0.9062170706006323,96.0,Onobrychis.montana,0.6556372549019609,opth,1,False,mlp1,bce,msle
352,0.8584269439726667,0.3411297138339435,0.797979797979798,0.7659783677482792,0.9749687108886108,0.8579295154185022,99.0,Onobrychis.viciifolia,0.5639581657280772,opth,1,False,mlp1,bce,msle
353,0.9083643122676579,0.2708909465398575,0.725,0.8466542750929368,0.9880694143167028,0.9119119119119119,40.0,Ononis.natrix,0.5716542750929368,opth,1,False,mlp1,bce,msle
354,0.8665638130252101,0.09552611421024729,0.6071428571428571,0.8860294117647058,0.9887179487179487,0.9345613184682501,28.0,Ononis.repens,0.4931722689075628,opth,1,False,mlp1,bce,msle
355,0.8158465883752044,0.14363298652182072,0.6451612903225806,0.7539170506912443,0.9867310012062727,0.8547544409613375,31.0,Ononis.spinosa,0.399078341013825,opth,1,False,mlp1,bce,msle
356,0.9808325846061696,0.12317460317460317,1.0,0.9353099730458221,1.0,0.9665738161559888,3.0,Ophioglossum.vulgatum,0.9353099730458221,opth,1,False,mlp1,bce,msle
357,0.9730458221024257,0.09544513457556936,1.0,0.8185085354896675,1.0,0.900197628458498,3.0,Ophrys.apifera,0.8185085354896675,opth,1,False,mlp1,bce,msle
358,0.9529799341120095,0.09000603699028593,1.0,0.8787061994609164,1.0,0.9354375896700143,3.0,Ophrys.insectifera,0.8787061994609164,opth,1,False,mlp1,bce,msle
359,0.8502697841726619,0.015284607120662999,1.0,0.75,1.0,0.8571428571428571,4.0,Orchis.mascula,0.75,opth,1,False,mlp1,bce,msle
360,0.7437951263537905,0.015193781824134622,0.125,0.8510830324909747,0.9926315789473684,0.9164237123420796,8.0,Orchis.militaris,-0.023916967509025278,opth,1,False,mlp1,bce,msle
361,0.9261095063025211,0.3315338456213554,0.8928571428571429,0.8575367647058824,0.9967948717948718,0.9219367588932806,28.0,Origanum.vulgare,0.7503939075630253,opth,1,False,mlp1,bce,msle
362,0.847599226995689,0.2430713599365941,0.6129032258064516,0.8451612903225807,0.9870828848223897,0.9106256206554121,31.0,Ornithogalum.umbellatum,0.4580645161290322,opth,1,False,mlp1,bce,msle
363,0.7697486535008977,0.005799278846153846,1.0,0.7333931777378815,1.0,0.8461936820300362,2.0,Orobanche.alba,0.7333931777378815,opth,1,False,mlp1,bce,msle
364,0.73499095840868,0.05240730178656483,0.5,0.7766726943942134,0.9942129629629629,0.8720812182741117,10.0,Orobanche.caryophyllacea,0.27667269439421327,opth,1,False,mlp1,bce,msle
365,0.7898120387453874,0.10983388135045193,0.59375,0.7601476014760148,0.984468339307049,0.8578865174388339,32.0,Oxytropis.campestris,0.3538976014760147,opth,1,False,mlp1,bce,msle
366,0.8251368613138685,0.1048621796822722,0.5,0.8704379562043796,0.9896265560165975,0.9262135922330097,20.0,Oxytropis.helvetica,0.3704379562043796,opth,1,False,mlp1,bce,msle
367,0.6516921233902365,0.008836138836484155,0.3333333333333333,0.7304582210242587,0.9975460122699387,0.8433609958506224,3.0,Oxytropis.pilosa,0.06379155435759198,opth,1,False,mlp1,bce,msle
368,0.8845742492801316,0.14029769378741927,0.5454545454545454,0.9266968325791856,0.9951409135082604,0.9597000937207123,11.0,Papaver.rhoeas,0.472151378033731,opth,1,False,mlp1,bce,msle
369,0.895269436445907,0.07885175142207956,0.8181818181818182,0.8389140271493213,0.9978471474703983,0.911504424778761,11.0,Paradisea.liliastrum,0.6570958453311395,opth,1,False,mlp1,bce,msle
370,0.855595667870036,0.032546687015472725,0.625,0.8537906137184116,0.9968387776606955,0.9197860962566845,8.0,Parnassia.palustris,0.4787906137184117,opth,1,False,mlp1,bce,msle
371,0.8412912912912913,0.025856727059989107,0.6666666666666666,0.736936936936937,0.9975609756097561,0.8476683937823835,6.0,Pastinaca.sativa,0.4036036036036035,opth,1,False,mlp1,bce,msle
372,0.9460916442048517,0.035237639116949465,1.0,0.8796046720575023,1.0,0.9359464627151052,3.0,Pedicularis.foliosa,0.8796046720575021,opth,1,False,mlp1,bce,msle
373,0.8885850991114149,0.24736851150219843,0.7368421052631579,0.8738404452690167,0.9894957983193278,0.9280788177339901,38.0,Pedicularis.gyroflexa,0.6106825505321747,opth,1,False,mlp1,bce,msle
374,0.8987771739130435,0.15558682983390595,0.8333333333333334,0.845108695652174,0.9978609625668449,0.9151544874938695,12.0,Pedicularis.tuberosa,0.6784420289855073,opth,1,False,mlp1,bce,msle
375,0.8429306690887072,0.18188739615211766,0.4,0.8955495004541326,0.9909547738693467,0.9408396946564885,15.0,Pedicularis.verticillata,0.29554950045413264,opth,1,False,mlp1,bce,msle
376,0.9441408621736491,0.36380078790587755,0.9444444444444444,0.7586520947176685,0.9988009592326139,0.8623188405797102,18.0,Petrorhagia.prolifera,0.7030965391621129,opth,1,False,mlp1,bce,msle
377,0.9275584124068972,0.25547504459713305,0.7407407407407407,0.9044995408631772,0.9929435483870968,0.9466602594906295,27.0,Petrorhagia.saxifraga,0.6452402816039178,opth,1,False,mlp1,bce,msle
378,0.8610284391534391,0.4209122186474958,0.6759259259259259,0.8392857142857143,0.960272417707151,0.89571201694018,108.0,Phleum.alpinum,0.5152116402116402,opth,1,False,mlp1,bce,msle
379,0.8652291105121294,0.01955486973894865,0.0,0.9559748427672956,0.9971883786316776,0.9761467889908257,3.0,Phleum.hirsutum,-0.04402515723270439,opth,1,False,mlp1,bce,msle
380,0.9030669592677836,0.21214408049506495,0.8235294117647058,0.7643312101910829,0.99644128113879,0.8650875386199794,17.0,Phleum.phleoides,0.5878606219557887,opth,1,False,mlp1,bce,msle
381,0.9122639780018331,0.14784186353995157,0.76,0.8570119156736938,0.9936238044633369,0.9202755905511811,25.0,Phyteuma.betonicifolium,0.617011915673694,opth,1,False,mlp1,bce,msle
382,0.9273295454545454,0.25625032227439826,0.6875,0.9172727272727272,0.995069033530572,0.9545884578997161,16.0,Phyteuma.hemisphaericum,0.6047727272727272,opth,1,False,mlp1,bce,msle
383,0.8656242944231204,0.33189111297029045,0.6744186046511628,0.8495145631067961,0.9689922480620154,0.9053285049146405,86.0,Phyteuma.orbiculare,0.5239331677579588,opth,1,False,mlp1,bce,msle
384,0.941771582733813,0.18123973727422002,1.0,0.802158273381295,1.0,0.8902195608782435,4.0,Phyteuma.ovatum,0.8021582733812949,opth,1,False,mlp1,bce,msle
385,0.9004756122242461,0.28796187674001206,0.7222222222222222,0.9326047358834244,0.9951409135082604,0.9628584861307005,18.0,Phyteuma.spicatum,0.6548269581056467,opth,1,False,mlp1,bce,msle
386,0.9130434782608696,0.3467901699507511,1.0,0.7354301572617946,1.0,0.847547974413646,35.0,Picris.hieracioides,0.7354301572617947,opth,1,False,mlp1,bce,msle
387,0.86492673992674,0.15415081278608972,0.7916666666666666,0.8315018315018315,0.9945235487404163,0.9057356608478803,24.0,Pimpinella.major,0.6231684981684982,opth,1,False,mlp1,bce,msle
388,0.8005087695809345,0.16087685901388601,0.7142857142857143,0.6935332708528584,0.9814323607427056,0.8127402526084568,49.0,Pimpinella.saxifraga,0.40781898513857273,opth,1,False,mlp1,bce,msle
389,0.9125777559817257,0.6530837236796209,0.8930232558139535,0.8035516093229744,0.9692101740294511,0.8786407766990292,215.0,Plantago.alpina,0.6965748651369279,opth,1,False,mlp1,bce,msle
390,0.8888581952117864,0.23036582255390042,0.9333333333333333,0.7476979742173112,0.9975429975429976,0.8547368421052631,30.0,Plantago.atrata,0.6810313075506444,opth,1,False,mlp1,bce,msle
391,0.8944238261958701,0.699403447594884,0.8710801393728222,0.7611580217129071,0.9446107784431138,0.8430193720774883,287.0,Plantago.lanceolata,0.6322381610857293,opth,1,False,mlp1,bce,msle
392,0.7894446810109461,0.0881073617918997,0.8918918918918919,0.6107506950880445,0.9939668174962293,0.756601607347876,37.0,Plantago.major,0.5026425869799365,opth,1,False,mlp1,bce,msle
393,0.8381321635771898,0.4767855744577825,0.7015706806282722,0.7891891891891892,0.9275730622617535,0.852803738317757,191.0,Plantago.media,0.49075986981746134,opth,1,False,mlp1,bce,msle
394,0.8079634181607867,0.3015787741687232,0.5961538461538461,0.8289473684210527,0.9767441860465116,0.896797153024911,52.0,Plantago.maritima,0.4251012145748989,opth,1,False,mlp1,bce,msle
395,0.6894689468946895,0.008255446309395988,0.4,0.7263726372637264,0.9962962962962963,0.8401874023945861,5.0,Platanthera.bifolia,0.12637263726372638,opth,1,False,mlp1,bce,msle
396,0.9084002140181916,0.7311430196207874,0.9015873015873016,0.7702871410736579,0.9521604938271605,0.8516218081435473,315.0,Poa.alpina,0.6718744426609595,opth,1,False,mlp1,bce,msle
397,0.7263938848920863,0.013947601275923285,0.75,0.5386690647482014,0.9983333333333333,0.6997663551401869,4.0,Poa.annua,0.28866906474820153,opth,1,False,mlp1,bce,msle
398,0.8197770327799063,0.1868200006713795,0.6666666666666666,0.7863984674329502,0.9715976331360947,0.8692429857067231,72.0,Poa.bulbosa,0.4530651340996168,opth,1,False,mlp1,bce,msle
399,0.8896133093525179,0.021868299713921,0.5,0.8705035971223022,0.9979381443298969,0.9298751200768491,4.0,Poa.cenisia,0.3705035971223021,opth,1,False,mlp1,bce,msle
400,0.9121350364963503,0.19867167974892663,0.5,0.9279197080291971,0.9902629016553067,0.958078191238813,20.0,Poa.chaixii,0.4279197080291972,opth,1,False,mlp1,bce,msle
401,0.7443744374437444,0.012490265013906493,0.6,0.6912691269126913,0.9974025974025974,0.8165869218500797,5.0,Poa.compressa,0.29126912691269125,opth,1,False,mlp1,bce,msle
402,0.9393339333933394,0.0715820107363753,0.6,0.9441944194419442,0.9980970504281637,0.9703977798334875,5.0,Poa.nemoralis,0.5441944194419441,opth,1,False,mlp1,bce,msle
403,0.8134181319366505,0.500174276097918,0.7022222222222222,0.7598204264870931,0.9099462365591398,0.8281345565749235,225.0,Poa.pratensis,0.46204264870931544,opth,1,False,mlp1,bce,msle
404,0.8289978380640212,0.04912208396972682,0.23076923076923078,0.8748866727107888,0.9897435897435898,0.9287776708373436,13.0,Poa.supina,0.10565590348001952,opth,1,False,mlp1,bce,msle
405,0.8325764456554647,0.04220848280814716,0.6,0.821071752951862,0.9934065934065934,0.8990551964196917,15.0,Polygala.alpestris,0.42107175295186194,opth,1,False,mlp1,bce,msle
406,0.8107014388489208,0.1328050458032123,0.25,0.8857913669064749,0.9969635627530364,0.9380952380952381,4.0,Polygala.amarella,0.13579136690647475,opth,1,False,mlp1,bce,msle
407,0.8531746031746031,0.18658831371264276,0.7083333333333334,0.8287545787545788,0.9923245614035088,0.9031936127744511,24.0,Polygala.comosa,0.5370879120879122,opth,1,False,mlp1,bce,msle
408,0.7472527472527473,0.06237869390869826,0.8333333333333334,0.597985347985348,0.9939117199391172,0.7467124070897656,24.0,Polygala.vulgaris,0.43131868131868134,opth,1,False,mlp1,bce,msle
409,0.329136690647482,0.0032005112675124845,0.0,0.9307553956834532,0.9961501443695862,0.9623430962343096,4.0,Polygonum.aviculare,-0.06924460431654678,opth,1,False,mlp1,bce,msle
410,0.8951285836376349,0.48027558277345334,0.8360655737704918,0.7924170616113744,0.9881796690307328,0.8795370857443451,61.0,Polygonum.bistorta,0.6284826353818662,opth,1,False,mlp1,bce,msle
411,0.8726339760133596,0.47655968129935566,0.8742857142857143,0.7247608926673751,0.96875,0.8291793313069908,175.0,Polygonum.viviparum,0.5990466069530895,opth,1,False,mlp1,bce,msle
412,0.7733812949640287,0.02744652433192968,0.5,0.7419064748201439,0.9975816203143894,0.850954100051573,4.0,Polystichum.lonchitis,0.24190647482014382,opth,1,False,mlp1,bce,msle
413,0.8829417117165337,0.19990405780386017,0.5882352941176471,0.8726114649681529,0.9927536231884058,0.9288135593220339,17.0,Potentilla.argentea,0.4608467590858001,opth,1,False,mlp1,bce,msle
414,0.8977195755249493,0.38359348143713085,0.8023255813953488,0.8067961165048544,0.9799528301886793,0.8849840255591054,86.0,Potentilla.aurea,0.6091216979002032,opth,1,False,mlp1,bce,msle
415,0.8494560163975593,0.4204798479602566,0.8104575163398693,0.719626168224299,0.9598337950138505,0.8225519287833828,153.0,Potentilla.crantzii,0.5300836845641683,opth,1,False,mlp1,bce,msle
416,0.8485643450184501,0.18976288494343369,0.65625,0.809040590405904,0.9876126126126126,0.8894523326572008,32.0,Potentilla.erecta,0.46529059040590415,opth,1,False,mlp1,bce,msle
417,0.8509652509652509,0.2531055006247567,0.8625,0.7461389961389961,0.985969387755102,0.8494505494505494,80.0,Potentilla.grandiflora,0.6086389961389962,opth,1,False,mlp1,bce,msle
418,0.8233283624945583,0.321658488338261,0.6448598130841121,0.8255698711595639,0.9563719862227325,0.8861702127659574,107.0,Potentilla.neumanniana,0.47042968424367615,opth,1,False,mlp1,bce,msle
419,0.9331526648599819,0.3170999895747774,0.7777777777777778,0.940379403794038,0.9980824544582934,0.9683720930232558,9.0,Potentilla.pusilla,0.7181571815718157,opth,1,False,mlp1,bce,msle
420,0.7833311863970115,0.04057081910361778,0.42857142857142855,0.8629395852119026,0.9958376690946931,0.9246376811594202,7.0,Potentilla.recta,0.2915110137833312,opth,1,False,mlp1,bce,msle
421,0.8880777002802946,0.25831403140078557,0.8620689655172413,0.7665406427221172,0.9902319902319903,0.8641449120937666,58.0,Potentilla.reptans,0.6286096082393584,opth,1,False,mlp1,bce,msle
422,0.8990557553956835,0.026347776875569006,1.0,0.6591726618705036,1.0,0.794579945799458,4.0,Potentilla.rupestris,0.6591726618705036,opth,1,False,mlp1,bce,msle
423,0.8754391247616179,0.14662983354152073,0.6666666666666666,0.9087624209575429,0.9970267591674926,0.9508506616257089,9.0,Potentilla.thuringiaca,0.5754290876242094,opth,1,False,mlp1,bce,msle
424,0.8675942549371634,0.025375494071146244,0.5,0.9039497307001796,0.9990079365079365,0.9491046182846371,2.0,Primula.elatior,0.4039497307001796,opth,1,False,mlp1,bce,msle
425,0.8702821074326935,0.07812117682774763,0.8571428571428571,0.806131650135257,0.9988826815642458,0.8922155688622755,7.0,Primula.farinosa,0.6632745072781141,opth,1,False,mlp1,bce,msle
426,0.7863504530171197,0.2714489242504166,0.5641025641025641,0.7947947947947948,0.9396449704142011,0.8611713665943601,117.0,Primula.veris,0.35889735889735874,opth,1,False,mlp1,bce,msle
427,0.8705775303752075,0.08676772641590515,0.7647058823529411,0.7943585077343039,0.9954389965792474,0.8836032388663968,17.0,Prunella.grandiflora,0.559064390087245,opth,1,False,mlp1,bce,msle
428,0.843111313868613,0.18198964575280327,0.45,0.8631386861313869,0.9885057471264368,0.9215781782756941,20.0,Prunella.laciniata,0.31313868613138696,opth,1,False,mlp1,bce,msle
429,0.8024240540750524,0.20013127777238218,0.6065573770491803,0.7573459715639811,0.9708383961117861,0.8509052183173589,61.0,Prunella.vulgaris,0.36390334861316154,opth,1,False,mlp1,bce,msle
430,0.8437217705510388,0.14243911017190017,0.1111111111111111,0.990063233965673,0.9927536231884058,0.9914066033469019,9.0,Prunus.spinosa,0.10117434507678413,opth,1,False,mlp1,bce,msle
431,0.8300333030578262,0.06006507444323511,0.4666666666666667,0.8446866485013624,0.9914712153518124,0.912211868563021,15.0,Veronica.spicata,0.311353315168029,opth,1,False,mlp1,bce,msle
432,0.8376054962683964,0.25517885767650317,0.6481481481481481,0.8163841807909604,0.9785553047404063,0.8901437371663244,54.0,Pulsatilla.alpina,0.46453232893910856,opth,1,False,mlp1,bce,msle
433,0.9757630161579892,0.054411764705882354,1.0,0.9290843806104129,1.0,0.9632387156817124,2.0,Pulsatilla.halleri,0.929084380610413,opth,1,False,mlp1,bce,msle
434,0.8290979853479854,0.12682853677439643,0.75,0.782051282051282,0.9930232558139535,0.875,24.0,Pulsatilla.vernalis,0.5320512820512819,opth,1,False,mlp1,bce,msle
435,,-0.0,0.0,0.9336917562724014,1.0,0.9657089898053753,0.0,Ranunculus.aconitifolius,-0.06630824372759858,opth,1,False,mlp1,bce,msle
436,0.8558655325572619,0.48569853131991836,0.8378378378378378,0.7454350161117078,0.9585635359116023,0.8386706948640483,185.0,Ranunculus.acris,0.5832728539495458,opth,1,False,mlp1,bce,msle
437,0.851961850040117,0.4442101854697406,0.8271604938271605,0.7452830188679245,0.9621109607577808,0.8399291199054932,162.0,Ranunculus.bulbosus,0.5724435126950849,opth,1,False,mlp1,bce,msle
438,0.9022522522522521,0.029823422035468138,0.8333333333333334,0.8486486486486486,0.9989395546129375,0.9176814417924988,6.0,Ranunculus.glacialis,0.6819819819819819,opth,1,False,mlp1,bce,msle
439,0.933033303330333,0.040530151008411876,1.0,0.8631863186318632,1.0,0.9265700483091788,5.0,Ranunculus.gramineus,0.8631863186318633,opth,1,False,mlp1,bce,msle
440,0.8376735545270844,0.16867330891450993,0.7758620689655172,0.7599243856332704,0.9840881272949816,0.8576,58.0,Ranunculus.kuepferi,0.5357864545987876,opth,1,False,mlp1,bce,msle
441,0.7951559188616409,0.05426749606729246,0.6666666666666666,0.8356039963669392,0.9945945945945946,0.9081934846989141,15.0,Ranunculus.montanus,0.5022706630336058,opth,1,False,mlp1,bce,msle
442,0.7195759815886742,0.09039438452404917,0.5384615384615384,0.8014505893019039,0.9932584269662922,0.8871048670346212,13.0,Ranunculus.serpens,0.3399121277634425,opth,1,False,mlp1,bce,msle
443,0.9252910506392401,0.5004026332665183,0.8461538461538461,0.8523676880222841,0.9935064935064936,0.9175412293853074,39.0,Ranunculus.repens,0.6985215341761304,opth,1,False,mlp1,bce,msle
444,0.9416517055655296,0.09120734908136482,1.0,0.7809694793536804,1.0,0.8770161290322581,2.0,Reseda.lutea,0.7809694793536806,opth,1,False,mlp1,bce,msle
445,0.8484463370084286,0.5348516476850058,0.7424242424242424,0.7832244008714597,0.9337662337662338,0.8518957345971564,198.0,Rhinanthus.alectorolophus,0.5256486432957022,opth,1,False,mlp1,bce,msle
446,0.8582582582582583,0.021751574204387766,0.6666666666666666,0.8315315315315316,0.9978378378378379,0.9071253071253071,6.0,Rhinanthus.glacialis,0.4981981981981982,opth,1,False,mlp1,bce,msle
447,0.8000577265365683,0.14661324904308015,0.5084745762711864,0.8183538315988647,0.9675615212527964,0.8867247565351102,59.0,Rhinanthus.minor,0.32682840787005096,opth,1,False,mlp1,bce,msle
448,0.8527027027027028,0.029183021686632813,0.3333333333333333,0.9594594594594594,0.9962581852198317,0.9775126204681046,6.0,Rhododendron.ferrugineum,0.2927927927927927,opth,1,False,mlp1,bce,msle
449,0.8695454662777793,0.5464602170130187,0.8697674418604651,0.7569367369589345,0.9605633802816902,0.8466790813159528,215.0,Rumex.acetosa,0.6267041788193994,opth,1,False,mlp1,bce,msle
450,0.7573236889692585,0.1546598669505316,0.6,0.7730560578661845,0.9953434225844005,0.8702290076335878,10.0,Rumex.acetosella,0.37305605786618434,opth,1,False,mlp1,bce,msle
451,0.9023281393217233,0.2424840661030191,0.88,0.7442713107241063,0.996319018404908,0.8520461699895068,25.0,Rumex.crispus,0.6242713107241062,opth,1,False,mlp1,bce,msle
452,0.8881792519407199,0.12291222113219784,0.8076923076923077,0.8220183486238533,0.9944506104328524,0.9000502260170768,26.0,Rumex.obtusifolius,0.629710656316161,opth,1,False,mlp1,bce,msle
453,0.6670101764781655,0.011517627116002422,0.14285714285714285,0.8872858431018936,0.9939393939393939,0.9375893282515484,7.0,Rumex.scutatus,0.030142985959036528,opth,1,False,mlp1,bce,msle
454,0.9422783097540209,0.5178777602309965,0.927710843373494,0.8451113262342691,0.9931740614334471,0.9131799163179917,83.0,Salix.herbacea,0.7728221696077631,opth,1,False,mlp1,bce,msle
455,0.8760735018951207,0.09764101392368991,0.5263157894736842,0.9042844120328167,0.991008991008991,0.9456625357483317,19.0,Salix.reticulata,0.4306002015065009,opth,1,False,mlp1,bce,msle
456,0.8744408844335883,0.2211859372337281,0.6551724137931034,0.827046918123275,0.988998899889989,0.9008016032064128,29.0,Salix.retusa,0.48221933191637856,opth,1,False,mlp1,bce,msle
457,0.9274036357850352,0.2543008788618185,0.9565217391304348,0.7657822506861848,0.9988066825775657,0.8669083376488866,23.0,Salix.serpyllifolia,0.7223039898166195,opth,1,False,mlp1,bce,msle
458,0.8783160829052991,0.5479397858875779,0.8558139534883721,0.7680355160932297,0.9571230982019364,0.8522167487684729,215.0,Salvia.pratensis,0.6238494695816019,opth,1,False,mlp1,bce,msle
459,0.851300994432047,0.49141959023853427,0.8613861386138614,0.712253829321663,0.9587628865979382,0.8173258003766478,202.0,Sanguisorba.minor,0.5736399679355244,opth,1,False,mlp1,bce,msle
460,0.9240419708029197,0.23231129302866937,0.85,0.8740875912408759,0.9968782518210197,0.9314535731648032,20.0,Sanguisorba.officinalis,0.7240875912408757,opth,1,False,mlp1,bce,msle
461,0.8679278103935638,0.18126590084221955,0.8095238095238095,0.7406392694063927,0.9950920245398773,0.8492146596858638,21.0,Saponaria.ocymoides,0.5501630789302023,opth,1,False,mlp1,bce,msle
462,0.8085791575421872,0.15557424319709923,0.42857142857142855,0.8268710550045085,0.995656894679696,0.903448275862069,7.0,Saxifraga.aizoides,0.255442483575937,opth,1,False,mlp1,bce,msle
463,0.8904857928505958,0.25666932047321855,0.52,0.9046746104491292,0.987987987987988,0.9444976076555024,25.0,Saxifraga.granulata,0.42467461044912924,opth,1,False,mlp1,bce,msle
464,0.8709284627092846,0.12796199889476523,0.9047619047619048,0.7598173515981735,0.9976019184652278,0.8626231207879731,21.0,Saxifraga.oppositifolia,0.6645792563600783,opth,1,False,mlp1,bce,msle
465,0.8484963079433951,0.19482762274761609,0.6382978723404256,0.8250701590271281,0.9810901001112347,0.8963414634146342,47.0,Saxifraga.paniculata,0.46336803136755367,opth,1,False,mlp1,bce,msle
466,0.9002712477396022,0.1650810629515472,0.2,0.9801084990958409,0.9926739926739927,0.986351228389445,10.0,Saxifraga.tridactylites,0.1801084990958408,opth,1,False,mlp1,bce,msle
467,0.7827053065029912,0.19803900114352624,0.7049180327868853,0.7118483412322275,0.976592977893368,0.8234649122807017,61.0,Scabiosa.columbaria,0.41676637401911276,opth,1,False,mlp1,bce,msle
468,0.8578870705166652,0.240756719329391,0.8,0.7803958529688972,0.9868891537544696,0.871578947368421,55.0,Scabiosa.lucida,0.5803958529688973,opth,1,False,mlp1,bce,msle
469,0.7281728172817282,0.015842918423612344,0.6,0.7083708370837084,0.9974651457541192,0.828421052631579,5.0,Scabiosa.triandra,0.3083708370837084,opth,1,False,mlp1,bce,msle
470,0.9841584158415841,0.2572229028832802,1.0,0.9450945094509451,1.0,0.971772327626099,5.0,Scorzonera.humilis,0.9450945094509451,opth,1,False,mlp1,bce,msle
471,0.9290826820238585,0.39644867988888954,0.7272727272727273,0.9076923076923077,0.9970178926441352,0.9502605400284225,11.0,Scorzonera.laciniata,0.6349650349650351,opth,1,False,mlp1,bce,msle
472,0.8579651695692025,0.15910117927829373,0.64,0.8001833180568286,0.9897959183673469,0.8849467815509376,25.0,Scutellaria.alpina,0.44018331805682864,opth,1,False,mlp1,bce,msle
473,0.9079319343264107,0.2479996473485067,0.7058823529411765,0.8613678373382625,0.9893842887473461,0.9209486166007905,34.0,Securigera.varia,0.5672501902794389,opth,1,False,mlp1,bce,msle
474,0.846269477543538,0.07895131522482139,0.64,0.8212648945921174,0.9900552486187846,0.8977955911823647,25.0,Sedum.acre,0.4612648945921174,opth,1,False,mlp1,bce,msle
475,0.8003700277520813,0.10657017998663859,0.5714285714285714,0.8325624421831638,0.9836065573770492,0.9018036072144289,35.0,Sedum.album,0.4039910136117353,opth,1,False,mlp1,bce,msle
476,0.8354859752120025,0.08218066305673612,0.6666666666666666,0.7917808219178082,0.9919908466819222,0.8806500761808025,21.0,Sedum.atratum,0.4584474885844747,opth,1,False,mlp1,bce,msle
477,0.8178977272727272,0.05057991603906761,0.4375,0.87,0.9906832298136646,0.9264278799612778,16.0,Sedum.montanum,0.3075000000000001,opth,1,False,mlp1,bce,msle
478,0.8539769277474195,0.14818306606323936,0.7222222222222222,0.7786885245901639,0.9941860465116279,0.8733401430030644,18.0,Sedum.rupestre,0.5009107468123861,opth,1,False,mlp1,bce,msle
479,0.8545454545454547,0.07330618467073408,0.6363636363636364,0.8226244343891402,0.9956188389923329,0.9008919722497523,11.0,Sedum.sexangulare,0.4589880707527767,opth,1,False,mlp1,bce,msle
480,0.834211323039661,0.14367717165571328,0.4666666666666667,0.8637602179836512,0.9916579770594369,0.9233009708737864,15.0,Selaginella.selaginoides,0.330426884650318,opth,1,False,mlp1,bce,msle
481,0.849938434103261,0.3038402256810348,0.717391304347826,0.796875,0.9691211401425178,0.8745980707395499,92.0,Sempervivum.arachnoideum,0.5142663043478262,opth,1,False,mlp1,bce,msle
482,0.895947219604147,0.31870479112702793,0.8,0.8077285579641847,0.9873271889400922,0.8885432866770347,55.0,Sempervivum.montanum,0.6077285579641849,opth,1,False,mlp1,bce,msle
483,0.8989219937149449,0.1992661274920826,0.7391304347826086,0.8499542543458372,0.9935828877005347,0.9161735700197239,23.0,Sempervivum.tectorum,0.5890846891284458,opth,1,False,mlp1,bce,msle
484,0.8807234134719515,0.35726776517839726,0.7333333333333333,0.8333333333333334,0.9726962457337884,0.8976377952755905,90.0,Senecio.doronicum,0.5666666666666667,opth,1,False,mlp1,bce,msle
485,0.8664117189525538,0.0533022397384613,0.7142857142857143,0.7540834845735027,0.9952095808383233,0.8580278781621063,14.0,Senecio.erucifolius,0.46836919885921713,opth,1,False,mlp1,bce,msle
486,0.9043680297397769,0.22989903420771687,0.85,0.8262081784386617,0.9932960893854749,0.9020801623541349,40.0,Senecio.incanus,0.6762081784386615,opth,1,False,mlp1,bce,msle
487,0.9549009259703497,0.36157508557891194,0.9473684210526315,0.8495897903372835,0.9989281886387996,0.9182266009852217,19.0,Senecio.jacobaea,0.796958211389915,opth,1,False,mlp1,bce,msle
488,0.776641866937858,0.1619883985736065,0.6470588235294118,0.718835304822566,0.992462311557789,0.8337730870712401,17.0,Serratula.tinctoria,0.3658941283519779,opth,1,False,mlp1,bce,msle
489,0.7791741472172352,0.0168750797499043,0.5,0.8599640933572711,0.9989572471324296,0.924264351181862,2.0,Seseli.annuum,0.359964093357271,opth,1,False,mlp1,bce,msle
490,0.8505557725771511,0.4500073259612343,0.7034482758620689,0.8105046343975283,0.9481927710843373,0.8739589117157135,145.0,Sesleria.caerulea,0.5139529102595972,opth,1,False,mlp1,bce,msle
491,0.8917223234163125,0.08483413148242538,0.6666666666666666,0.8961748633879781,0.9939393939393939,0.9425287356321839,18.0,Sherardia.arvensis,0.5628415300546448,opth,1,False,mlp1,bce,msle
492,0.8523766585083087,0.05328067622466803,0.42857142857142855,0.9062218214607755,0.9960356788899901,0.9490084985835694,7.0,Sideritis.hyssopifolia,0.33479325003220395,opth,1,False,mlp1,bce,msle
493,0.935575983768755,0.3003489798129341,0.8648648648648649,0.8424467099165894,0.9945295404814004,0.9121926743602609,37.0,Silaum.silaus,0.7073115747814542,opth,1,False,mlp1,bce,msle
494,0.8855090358064879,0.252888158761653,0.847457627118644,0.7984862819299905,0.9894490035169988,0.8837696335078534,59.0,Silene.acaulis,0.6459439090486345,opth,1,False,mlp1,bce,msle
495,0.8319783197831978,0.06816660528186509,0.4444444444444444,0.8915989159891599,0.9949596774193549,0.9404478323010957,9.0,Silene.dioica,0.3360433604336044,opth,1,False,mlp1,bce,msle
496,0.947577468487395,0.22633295462385178,0.8571428571428571,0.8924632352941176,0.9958974358974358,0.9413475521085798,28.0,Silene.flos.cuculi,0.7496060924369747,opth,1,False,mlp1,bce,msle
497,0.8672672672672673,0.029239228684183865,0.8333333333333334,0.7558558558558559,0.9988095238095238,0.8605128205128205,6.0,Silene.flos.jovis,0.5891891891891894,opth,1,False,mlp1,bce,msle
498,0.8516013598139203,0.2748689229272503,0.8024691358024691,0.7391304347826086,0.9795134443021767,0.8425110132158591,81.0,Silene.nutans,0.5415995705850778,opth,1,False,mlp1,bce,msle
499,0.9393385408010636,0.23602455731189453,0.8181818181818182,0.8418647166361974,0.9956756756756757,0.912332838038633,22.0,Silene.otites,0.6600465348180156,opth,1,False,mlp1,bce,msle
500,0.8663131768953068,0.066439509034817,0.875,0.7897111913357401,0.9988584474885844,0.8820564516129032,8.0,Silene.rupestris,0.6647111913357402,opth,1,False,mlp1,bce,msle
501,0.8117025121995302,0.3263306793525333,0.6272727272727273,0.7982107355864811,0.9514218009478673,0.8681081081081081,110.0,Silene.vulgaris,0.42548346285920857,opth,1,False,mlp1,bce,msle
502,0.652890086852351,0.005005524885494878,0.0,0.9964061096136568,0.9973021582733813,0.9968539325842697,3.0,Sinapis.arvensis,-0.003593890386343168,opth,1,False,mlp1,bce,msle
503,0.8397256254868831,0.28739147879597743,0.6907216494845361,0.7978410206084396,0.9644128113879004,0.8732545649838883,97.0,Soldanella.alpina,0.4885626700929757,opth,1,False,mlp1,bce,msle
504,0.9795182274893727,0.3416282302394642,0.5714285714285714,0.9846708746618575,0.9972602739726028,0.9909255898366606,7.0,Solidago.gigantea,0.5560994460904289,opth,1,False,mlp1,bce,msle
505,0.8165490472829922,0.12690260048435809,0.5,0.8926605504587156,0.986815415821501,0.9373795761078998,26.0,Solidago.virgaurea,0.39266055045871573,opth,1,False,mlp1,bce,msle
506,0.8398902104300091,0.11316869696884455,0.6521739130434783,0.8444647758462946,0.99140708915145,0.9120553359683794,23.0,Stachys.officinalis,0.4966386888897729,opth,1,False,mlp1,bce,msle
507,0.8379468377635197,0.148884922794167,0.64,0.843263061411549,0.9903121636167922,0.9108910891089109,25.0,Stachys.pradica,0.4832630614115492,opth,1,False,mlp1,bce,msle
508,0.8786008230452674,0.30414785195467997,0.7592592592592593,0.803201506591337,0.9849884526558892,0.8848547717842323,54.0,Stachys.recta,0.5624607658505965,opth,1,False,mlp1,bce,msle
509,0.9195778207224617,0.4159988330344028,0.8387096774193549,0.8442396313364056,0.99457111834962,0.9132602193419741,31.0,Stellaria.graminea,0.6829493087557603,opth,1,False,mlp1,bce,msle
510,0.9434792418772563,0.18402434460366215,0.75,0.9485559566787004,0.9981006647673314,0.972697825080981,8.0,Stipa.capillata,0.6985559566787005,opth,1,False,mlp1,bce,msle
511,0.8516494636713215,0.2563931152377647,0.6666666666666666,0.9025500910746812,0.9939819458375125,0.9460620525059665,18.0,Stipa.eriocaulis,0.5692167577413478,opth,1,False,mlp1,bce,msle
512,0.8883476957662046,0.19436169506527354,0.7058823529411765,0.8926296633303002,0.9949290060851927,0.9410071942446043,17.0,Succisa.pratensis,0.5985120162714768,opth,1,False,mlp1,bce,msle
513,0.952504512635379,0.3380635514205943,0.625,0.9828519855595668,0.9972527472527473,0.99,8.0,Symphytum.officinale,0.6078519855595668,opth,1,False,mlp1,bce,msle
514,0.8967234673605865,0.20867552554924154,0.7272727272727273,0.8605724838411819,0.9904357066950054,0.9209486166007905,33.0,Taraxacum.alpinum,0.5878452111139092,opth,1,False,mlp1,bce,msle
515,0.8367926874766821,0.4850279516150656,0.8294117647058824,0.693446088794926,0.9576642335766423,0.8044144696505211,170.0,Taraxacum.officinale,0.5228578535008084,opth,1,False,mlp1,bce,msle
516,0.6382150344414494,0.005908600964746614,0.3333333333333333,0.8463611859838275,0.9978813559322034,0.9158969372873116,3.0,Tephroseris.integrifolia,0.17969451931716085,opth,1,False,mlp1,bce,msle
517,0.9582585278276481,0.1358695652173913,0.5,0.940754039497307,0.9990467111534795,0.9690245030050856,2.0,Teucrium.botrys,0.44075403949730685,opth,1,False,mlp1,bce,msle
518,0.9101821920472756,0.5341534716082269,0.7850467289719626,0.8761149653121902,0.9746416758544653,0.9227557411273486,107.0,Teucrium.chamaedrys,0.6611616942841527,opth,1,False,mlp1,bce,msle
519,0.8562757201646091,0.20575785904278068,0.6388888888888888,0.8666666666666667,0.9863013698630136,0.9226219812715624,36.0,Teucrium.montanum,0.5055555555555555,opth,1,False,mlp1,bce,msle
520,0.8505850585058505,0.2268685356656654,0.4,0.8874887488748875,0.9969666329625885,0.939047619047619,5.0,Thalictrum.alpinum,0.2874887488748876,opth,1,False,mlp1,bce,msle
521,0.9649595687331536,0.05006347629298449,1.0,0.8535489667565139,1.0,0.9209888511875909,3.0,Thalictrum.aquilegiifolium,0.8535489667565139,opth,1,False,mlp1,bce,msle
522,0.8750735963175079,0.13302250935771093,0.7647058823529411,0.7588717015468608,0.9952267303102625,0.8611254517294786,17.0,Thalictrum.minus,0.5235775838998018,opth,1,False,mlp1,bce,msle
523,0.9829596412556054,0.05,1.0,0.7282511210762331,1.0,0.8427607680332122,1.0,Thalictrum.simplex,0.7282511210762332,opth,1,False,mlp1,bce,msle
524,0.776480463980464,0.0993505384222386,0.625,0.7664835164835165,0.9893617021276596,0.8637770897832817,24.0,Thesium.alpinum,0.3914835164835164,opth,1,False,mlp1,bce,msle
525,0.8913981732409917,0.0637609310528451,0.7777777777777778,0.7886178861788617,0.9977142857142857,0.8809283551967709,9.0,Thesium.linophyllon,0.5663956639566394,opth,1,False,mlp1,bce,msle
526,0.7804972304521447,0.19635364191442284,0.42857142857142855,0.8539224526600541,0.9957939011566772,0.9194174757281554,7.0,Thesium.pyrenaicum,0.28249388123148256,opth,1,False,mlp1,bce,msle
527,0.8527827648114902,0.008946401469765955,1.0,0.6929982046678635,1.0,0.8186638388123012,2.0,Tofieldia.calyculata,0.6929982046678635,opth,1,False,mlp1,bce,msle
528,0.8696407004830918,0.05567711576568556,0.8333333333333334,0.8052536231884058,0.9977553310886644,0.8912280701754386,12.0,Tragopogon.dubius,0.6385869565217392,opth,1,False,mlp1,bce,msle
529,0.8348406692676285,0.5122257434772381,0.7298578199052133,0.7657458563535912,0.924,0.8374622356495468,211.0,Tragopogon.pratensis,0.4956036762588045,opth,1,False,mlp1,bce,msle
530,0.8632954545454545,0.111224287446521,0.75,0.8327272727272728,0.9956521739130435,0.906930693069307,16.0,Traunsteinera.globosa,0.5827272727272728,opth,1,False,mlp1,bce,msle
531,0.8272233094150903,0.09538264138867088,0.8571428571428571,0.7296803652968037,0.9962593516209476,0.8423827095413812,21.0,Trifolium.alpestre,0.5868232224396608,opth,1,False,mlp1,bce,msle
532,0.8613044454422991,0.3224950703612302,0.8970588235294118,0.7099236641221374,0.9906790945406125,0.8271261812117843,68.0,Trifolium.alpinum,0.6069824876515493,opth,1,False,mlp1,bce,msle
533,0.8772630941568271,0.21005287526637703,0.6666666666666666,0.8247048138056312,0.9945235487404163,0.9016881827209533,15.0,Trifolium.arvense,0.49137148047229795,opth,1,False,mlp1,bce,msle
534,0.9609360936093609,0.574946977730647,1.0,0.7641764176417641,1.0,0.8663265306122448,5.0,Trifolium.aureum,0.7641764176417642,opth,1,False,mlp1,bce,msle
535,0.8516309659890993,0.2442483467481181,0.6842105263157895,0.8196411709159585,0.9796839729119639,0.8925449871465295,57.0,Trifolium.badium,0.5038516972317479,opth,1,False,mlp1,bce,msle
536,0.8805441718109664,0.3536479010725773,0.6891891891891891,0.8310940499040307,0.9741282339707537,0.8969445882962196,74.0,Trifolium.campestre,0.5202832390932199,opth,1,False,mlp1,bce,msle
537,0.9146090534979424,0.20277888472195635,0.9166666666666666,0.8222222222222222,0.9966329966329966,0.9010654490106544,36.0,Trifolium.dubium,0.7388888888888889,opth,1,False,mlp1,bce,msle
538,0.7746704791129089,0.06881667559069195,0.7692307692307693,0.6165004533091568,0.9956076134699854,0.761478163493841,13.0,Trifolium.medium,0.3857312225399261,opth,1,False,mlp1,bce,msle
539,0.7718572723305696,0.31737874844366887,0.5612903225806452,0.7939646201873048,0.9181708784596871,0.8515625,155.0,Trifolium.montanum,0.3552549427679499,opth,1,False,mlp1,bce,msle
540,0.7863170374503103,0.05689592161580317,0.5384615384615384,0.7842248413417952,0.9931113662456946,0.8763931104356636,13.0,Trifolium.ochroleucon,0.3226863798033337,opth,1,False,mlp1,bce,msle
541,0.7872958234134394,0.7101290141054797,0.7314629258517034,0.7034035656401945,0.7640845070422535,0.7324894514767932,499.0,Trifolium.pratense,0.4348664914918978,opth,1,False,mlp1,bce,msle
542,0.7840727595385979,0.39504596666198444,0.7295918367346939,0.7021739130434783,0.9241773962804005,0.798023471278567,196.0,Trifolium.repens,0.43176574977817217,opth,1,False,mlp1,bce,msle
543,0.8313796212804327,0.11902540753699946,0.7142857142857143,0.7466185752930569,0.9975903614457832,0.8540484785972151,7.0,Trifolium.rubens,0.46090428957877116,opth,1,False,mlp1,bce,msle
544,0.9651651651651652,0.32369537396909653,0.6666666666666666,0.9630630630630631,0.9981325863678805,0.9802842732691426,6.0,Trifolium.scabrum,0.6297297297297297,opth,1,False,mlp1,bce,msle
545,0.9336336336336336,0.07224820939082292,0.8333333333333334,0.9279279279279279,0.9990300678952473,0.9621672115833723,6.0,Trifolium.striatum,0.7612612612612613,opth,1,False,mlp1,bce,msle
546,0.8788184957987525,0.3404798717752477,0.8526315789473684,0.7757100881488737,0.9826302729528535,0.8669950738916257,95.0,Trifolium.thalii,0.6283416670962421,opth,1,False,mlp1,bce,msle
547,0.9328299256505577,0.3668533528415849,0.65,0.9433085501858736,0.9863945578231292,0.9643705463182898,40.0,Trinia.glauca,0.5933085501858737,opth,1,False,mlp1,bce,msle
548,0.9596096096096096,0.08328463955526014,1.0,0.8351351351351352,1.0,0.9101620029455081,6.0,Trisetum.distichophyllum,0.8351351351351353,opth,1,False,mlp1,bce,msle
549,0.8302148033126294,0.6014419127983985,0.7210144927536232,0.7702380952380953,0.893646408839779,0.8273657289002557,276.0,Trisetum.flavescens,0.49125258799171845,opth,1,False,mlp1,bce,msle
550,0.8811776061776062,0.3286201668948142,0.775,0.831081081081081,0.9795221843003413,0.8992167101827676,80.0,Trollius.europaeus,0.606081081081081,opth,1,False,mlp1,bce,msle
551,,-0.0,0.0,0.8951612903225806,1.0,0.9446808510638298,0.0,Turritis.glabra,-0.10483870967741937,opth,1,False,mlp1,bce,msle
552,0.6062386980108498,0.013764232511384172,0.4,0.7938517179023508,0.9932126696832579,0.8824120603015075,10.0,Tussilago.farfara,0.1938517179023509,opth,1,False,mlp1,bce,msle
553,0.6027120016191055,0.025788977492841158,0.1111111111111111,0.9389799635701275,0.9847182425978988,0.9613053613053613,18.0,Urtica.dioica,0.050091074681238634,opth,1,False,mlp1,bce,msle
554,0.8907942238267148,0.13352374892708938,0.625,0.8474729241877257,0.9968152866242038,0.9160975609756098,8.0,Valeriana.dioica,0.4724729241877257,opth,1,False,mlp1,bce,msle
555,0.8627717391304348,0.11734138342806695,0.6666666666666666,0.7889492753623188,0.9954285714285714,0.8802425467407782,12.0,Valeriana.montana,0.45561594202898537,opth,1,False,mlp1,bce,msle
556,0.8734072624483584,0.13183668327804196,0.8095238095238095,0.7863013698630137,0.9953757225433526,0.8785714285714286,21.0,Valeriana.officinalis,0.5958251793868232,opth,1,False,mlp1,bce,msle
557,0.9308462238398544,0.3498120157860364,0.9411764705882353,0.7861692447679709,0.9988439306358381,0.879837067209776,17.0,Valerianella.dentata,0.7273457153562062,opth,1,False,mlp1,bce,msle
558,0.8609386986540206,0.0760615101630144,0.7692307692307693,0.7960108794197642,0.996594778660613,0.8850806451612904,13.0,Valerianella.locusta,0.5652416486505336,opth,1,False,mlp1,bce,msle
559,0.850321853529552,0.2405034682290512,0.5348837209302325,0.9310344827586207,0.9803729146221786,0.9550669216061185,43.0,Veratrum.album,0.46591820368885317,opth,1,False,mlp1,bce,msle
560,0.8511049723756906,0.15266999862405584,0.5,0.8756906077348067,0.984472049689441,0.9269005847953217,30.0,Verbascum.lychnitis,0.37569060773480656,opth,1,False,mlp1,bce,msle
561,0.8674481514878267,0.027704916096083332,0.5714285714285714,0.8557258791704238,0.9968487394957983,0.9209121785540999,7.0,Verbascum.nigrum,0.42715445059899526,opth,1,False,mlp1,bce,msle
562,0.7375375375375375,0.01422401950928298,0.5,0.7549549549549549,0.9964328180737217,0.859046642747309,6.0,Verbascum.thapsus,0.2549549549549548,opth,1,False,mlp1,bce,msle
563,0.8165467625899281,0.013392848905948357,0.25,0.8363309352517986,0.9967845659163987,0.9095354523227384,4.0,Verbena.officinalis,0.08633093525179847,opth,1,False,mlp1,bce,msle
564,0.9104587953903022,0.19710330098157267,0.7619047619047619,0.8365296803652968,0.99457111834962,0.9087301587301587,21.0,Veronica.aphylla,0.5984344422700587,opth,1,False,mlp1,bce,msle
565,0.8355578672010647,0.43868001226702374,0.8045112781954887,0.711088504577823,0.9641379310344828,0.8185011709601874,133.0,Veronica.arvensis,0.5155997827733119,opth,1,False,mlp1,bce,msle
566,0.8846863468634686,0.22981567449125628,0.40625,0.9603321033210332,0.9820754716981132,0.9710820895522388,32.0,Veronica.bellidioides,0.36658210332103325,opth,1,False,mlp1,bce,msle
567,0.8345546904276138,0.29687650526730586,0.6702127659574468,0.7906066536203522,0.9630512514898689,0.8683503492745835,94.0,Veronica.chamaedrys,0.46081941957779904,opth,1,False,mlp1,bce,msle
568,0.8136529832142263,0.06245686567083861,0.6363636363636364,0.7385740402193784,0.9901960784313726,0.8460732984293193,22.0,Veronica.fruticans,0.3749376765830148,opth,1,False,mlp1,bce,msle
569,0.8283917340521114,0.018694741356558457,0.6666666666666666,0.8778077268643306,0.9989775051124744,0.9344811095169775,3.0,Veronica.fruticulosa,0.5444743935309972,opth,1,False,mlp1,bce,msle
570,0.8646588164251208,0.08876485995162192,0.5833333333333334,0.8333333333333334,0.9945945945945946,0.9068506653523903,12.0,Veronica.officinalis,0.41666666666666674,opth,1,False,mlp1,bce,msle
571,0.8364204545454546,0.06519972849838054,0.6875,0.7963636363636364,0.9943246311010215,0.8844018172640081,16.0,Veronica.persica,0.4838636363636364,opth,1,False,mlp1,bce,msle
572,0.6326306141154904,0.044675662918361454,0.2,0.8927589367552704,0.9798792756539235,0.9342925659472422,25.0,Veronica.serpyllifolia,0.09275893675527036,opth,1,False,mlp1,bce,msle
573,0.8640290619758435,0.3924065422682699,0.6974789915966386,0.8304914744232698,0.9583333333333334,0.8898441698011822,119.0,Vicia.cracca,0.5279704660199083,opth,1,False,mlp1,bce,msle
574,0.9285374520831584,0.3877334388689023,0.6666666666666666,0.925207756232687,0.9891411648568608,0.9561068702290076,33.0,Vicia.hirsuta,0.5918744228993535,opth,1,False,mlp1,bce,msle
575,0.7853056308340861,0.05392203612194666,0.5555555555555556,0.8672086720867209,0.995850622406639,0.9270883631096088,9.0,Vicia.onobrychioides,0.4227642276422765,opth,1,False,mlp1,bce,msle
576,0.8891402714932127,0.3843940465728376,0.6568627450980392,0.8905325443786982,0.9626865671641791,0.9252049180327869,102.0,Vicia.sativa,0.5473952894767375,opth,1,False,mlp1,bce,msle
577,0.8759975445058318,0.187466248022788,0.5333333333333333,0.9318600368324125,0.98635477582846,0.9583333333333334,30.0,Vicia.sepium,0.4651933701657458,opth,1,False,mlp1,bce,msle
578,0.8349805330937405,0.3419559791241207,0.6666666666666666,0.8544474393530997,0.9989495798319328,0.9210653753026634,3.0,Vicia.tetrasperma,0.5211141060197664,opth,1,False,mlp1,bce,msle
579,0.7663652802893308,0.09355206087757602,0.4,0.9086799276672695,0.9940652818991098,0.949456778460085,10.0,Vincetoxicum.hirundinaria,0.30867992766726937,opth,1,False,mlp1,bce,msle
580,0.8714414530465026,0.03623474021893632,0.8571428571428571,0.721370604147881,0.9987515605493134,0.837696335078534,7.0,Viola.arvensis,0.5785134612907381,opth,1,False,mlp1,bce,msle
581,1.0,1.0,1.0,0.9336322869955157,1.0,0.9656771799628943,1.0,Viola.biflora,0.9336322869955156,opth,1,False,mlp1,bce,msle
582,0.8721023391428833,0.2742236153055968,0.8082191780821918,0.7775647171620326,0.983030303030303,0.8683083511777302,73.0,Viola.calcarata,0.5857838952442243,opth,1,False,mlp1,bce,msle
583,0.7927667269439421,0.12192651851230156,0.4,0.8327305605786618,0.9935275080906149,0.9060501721593703,10.0,Viola.hirta,0.23273056057866182,opth,1,False,mlp1,bce,msle
584,0.6082659478885895,0.010353737638472499,0.3333333333333333,0.6028751123090745,0.9970282317979198,0.7513997760358343,3.0,Viola.rupestris,-0.0637915543575922,opth,1,False,mlp1,bce,msle
585,0.7426008968609865,0.003472222222222222,0.0,0.8977578475336323,0.999001996007984,0.9456778460085026,1.0,Vulpia.myuros,-0.1022421524663677,opth,1,False,mlp1,bce,msle
586,0.8572716733221691,0.026667185542726506,0.8571428571428571,0.8016230838593328,0.998876404494382,0.8894447223611806,7.0,Athamanta.cretensis,0.6587659410021898,opth,1,False,mlp1,bce,msle
587,0.932242689681824,0.11150154339568688,0.7142857142857143,0.9116321009918846,0.998025666337611,0.9528746465598492,7.0,Bupleurum.baldense,0.625917815277599,opth,1,False,mlp1,bce,msle
588,0.8287188785828858,0.08316161751243029,0.38461538461538464,0.942883046237534,0.9923664122137404,0.9669920966992097,13.0,Imperatoria.ostruthium,0.32749843085291874,opth,1,False,mlp1,bce,msle
589,0.8913204442616207,0.08042937134888911,0.9090909090909091,0.8180995475113122,0.9988950276243094,0.8995024875621891,11.0,Laserpitium.gallicum,0.7271904566022211,opth,1,False,mlp1,bce,msle
590,0.9957129963898916,0.6005211893369788,0.875,0.990072202166065,0.9990892531876139,0.9945602901178604,8.0,Oenanthe.silaifolia,0.8650722021660648,opth,1,False,mlp1,bce,msle
591,0.9814647377938517,0.3156262674732795,1.0,0.9430379746835443,1.0,0.9706840390879479,10.0,Seseli.galloprovinciale,0.9430379746835444,opth,1,False,mlp1,bce,msle
592,0.9204136690647482,0.03351010061249232,0.5,0.9568345323741008,0.99812382739212,0.9770431588613406,4.0,Torilis.leptophylla,0.45683453237410077,opth,1,False,mlp1,bce,msle
593,0.9872518050541517,0.28996142216024207,1.0,0.9530685920577617,1.0,0.9759704251386322,8.0,Achillea.ptarmica,0.9530685920577617,opth,1,False,mlp1,bce,msle
594,0.9991031390134529,0.5,1.0,0.8708520179372198,1.0,0.9309683604985618,1.0,Artemisia.alba,0.8708520179372199,opth,1,False,mlp1,bce,msle
595,0.9513215705418787,0.26061815249524706,0.7692307692307693,0.9165911151405258,0.9970414201183432,0.9551251771374587,13.0,Bombycilaena.erecta,0.6858218843712951,opth,1,False,mlp1,bce,msle
596,0.9533213644524238,0.029653679653679654,1.0,0.9201077199281867,1.0,0.9583917718560074,2.0,Cacalia.alliariae,0.9201077199281866,opth,1,False,mlp1,bce,msle
597,0.6965252707581226,0.045701605954799024,0.625,0.7102888086642599,0.9962025316455696,0.8292939936775553,8.0,Cacalia.alpina,0.3352888086642598,opth,1,False,mlp1,bce,msle
598,0.9377248201438849,0.10476085605507521,0.75,0.9100719424460432,0.9990128331688055,0.9524705882352941,4.0,Carduus.nigrescens,0.6600719424460433,opth,1,False,mlp1,bce,msle
599,0.9229123817359113,0.09644111447541283,0.8181818181818182,0.8570135746606334,0.9978925184404637,0.9221032132424537,11.0,Catananche.caerulea,0.6751953928424517,opth,1,False,mlp1,bce,msle
600,0.8449053201082056,0.0972816922053559,0.7142857142857143,0.7844905320108205,0.9977064220183486,0.878344270570419,7.0,Centaurea.alpestris,0.49877624629653483,opth,1,False,mlp1,bce,msle
601,0.858165364047717,0.10633092592802264,0.5454545454545454,0.8950226244343892,0.9949698189134809,0.9423535016674607,11.0,Centaurea.paniculata,0.4404771698889345,opth,1,False,mlp1,bce,msle
602,0.6854766187050361,0.2548528536341641,0.25,0.8911870503597122,0.9969818913480886,0.9411206077872745,4.0,Centaurea.triumfetti,0.14118705035971235,opth,1,False,mlp1,bce,msle
603,0.9043126684636118,0.346665796469331,0.7321428571428571,0.8490566037735849,0.9836065573770492,0.9113924050632911,56.0,Centaurea.uniflora,0.5811994609164421,opth,1,False,mlp1,bce,msle
604,0.9299820466786356,0.06222222222222222,0.5,0.9676840215439856,0.9990732159406858,0.9831281349749202,2.0,Cirsium.ferox,0.4676840215439855,opth,1,False,mlp1,bce,msle
605,0.907896431791833,0.18161267381462923,0.8571428571428571,0.7556357078449053,0.99880810488677,0.8603696098562629,7.0,Cirsium.morisianum,0.6127785649877624,opth,1,False,mlp1,bce,msle
606,0.9927927927927929,0.5046296296296297,0.8333333333333334,0.9882882882882883,0.9990892531876139,0.9936594202898551,6.0,Cirsium.rivulare,0.8216216216216217,opth,1,False,mlp1,bce,msle
607,0.9075075075075075,0.056272150013687905,0.8333333333333334,0.8045045045045045,0.9988814317673378,0.8912175648702595,6.0,Crepis.albida,0.637837837837838,opth,1,False,mlp1,bce,msle
608,0.9373410737417838,0.2999541427066062,0.8947368421052632,0.8176845943482224,0.9977753058954394,0.8987975951903807,19.0,Crepis.nicaeensis,0.7124214364534855,opth,1,False,mlp1,bce,msle
609,0.8180486784294582,0.04361173953935936,0.3076923076923077,0.9492293744333635,0.9914772727272727,0.9698934691987031,13.0,Doronicum.grandiflorum,0.25692168212567124,opth,1,False,mlp1,bce,msle
610,0.9209264360779512,0.285952960674969,0.7407407407407407,0.8888888888888888,0.9928205128205129,0.937984496124031,27.0,Echinops.ritro,0.6296296296296295,opth,1,False,mlp1,bce,msle
611,0.8761241007194245,0.022897108846933516,0.5,0.8597122302158273,0.9979123173277662,0.923671497584541,4.0,Erigeron.atticus,0.3597122302158273,opth,1,False,mlp1,bce,msle
612,0.9595687331536388,0.6739130434782609,0.6666666666666666,0.958670260557053,0.9990636704119851,0.9784502521779,3.0,Filago.vulgaris,0.6253369272237195,opth,1,False,mlp1,bce,msle
613,0.9400540054005401,0.10420078287725347,0.8,0.9252925292529253,0.9990281827016521,0.9607476635514018,5.0,Helichrysum.stoechas,0.7252925292529253,opth,1,False,mlp1,bce,msle
614,0.8438061041292639,0.009641751437417072,0.0,0.9542190305206463,0.9981220657276996,0.9756769160165213,2.0,Hieracium.glanduliferum,-0.04578096947935373,opth,1,False,mlp1,bce,msle
615,0.8269086783891095,0.13541502574566536,0.8048780487804879,0.7637209302325582,0.9903498190591074,0.8623949579831933,41.0,Pilosella.peleteriana,0.5685989790130459,opth,1,False,mlp1,bce,msle
616,0.7747283791669368,0.24624223132523979,0.5887850467289719,0.8087215064420218,0.9488372093023256,0.8731942215088283,107.0,Pilosella.officinarum,0.3975065531709938,opth,1,False,mlp1,bce,msle
617,0.8953227223903916,0.34559500306298035,0.7631578947368421,0.8608534322820037,0.9903948772678762,0.9210918114143921,38.0,Hieracium.rionii,0.6240113270188459,opth,1,False,mlp1,bce,msle
618,0.9495552434456929,0.45909276547467615,0.8541666666666666,0.9063670411985019,0.9928205128205129,0.9476260401370533,48.0,Pilosella.corymbuloides,0.7605337078651684,opth,1,False,mlp1,bce,msle
619,0.8874836896517114,0.21194857367913314,0.6666666666666666,0.926829268292683,0.9970845481049563,0.9606741573033708,9.0,Inula.montana,0.5934959349593496,opth,1,False,mlp1,bce,msle
620,0.9070945111407539,0.3767490443840011,0.8076923076923077,0.8420038535645472,0.983127109111361,0.9071094966268811,78.0,Leontodon.pyrenaicus,0.649696161256855,opth,1,False,mlp1,bce,msle
621,0.82815632092507,0.23959031874157088,0.631578947368421,0.8139754485363551,0.9762174405436014,0.8877445932028837,57.0,Leucanthemum.adustum,0.4455543959047761,opth,1,False,mlp1,bce,msle
622,0.9570402399051537,0.27429414597937274,0.7692307692307693,0.9229374433363554,0.9970617042115573,0.9585687382297552,13.0,Leucanthemum.atratum,0.6921682125671247,opth,1,False,mlp1,bce,msle
623,0.9343775159189052,0.4223585953199203,0.8153846153846154,0.884871550903901,0.9872611464968153,0.9332664325137983,65.0,Omalotheca.supina,0.7002561662885163,opth,1,False,mlp1,bce,msle
624,0.9204136690647482,0.0347101728680676,0.75,0.875,0.9989733059548255,0.9328859060402684,4.0,Omalotheca.sylvatica,0.625,opth,1,False,mlp1,bce,msle
625,0.8712189278227014,0.0943205574912892,0.3333333333333333,0.9487870619946092,0.998109640831758,0.9728235836020267,3.0,Pulicaria.dysenterica,0.28212039532794253,opth,1,False,mlp1,bce,msle
626,0.7571815019966508,0.0228167068425648,0.42857142857142855,0.8872858431018936,0.9959514170040485,0.9384835479256081,7.0,Scorzonera.hispanica,0.3158572716733221,opth,1,False,mlp1,bce,msle
627,0.9940780889290375,0.5503330084470435,1.0,0.9214092140921409,1.0,0.9590973201692524,9.0,Senecio.aquaticus,0.921409214092141,opth,1,False,mlp1,bce,msle
628,0.9856115107913669,0.21709656084656084,1.0,0.8309352517985612,1.0,0.9076620825147348,4.0,Senecio.vulgaris,0.8309352517985613,opth,1,False,mlp1,bce,msle
629,0.9901850180505415,0.5553167743161094,1.0,0.9025270758122743,1.0,0.9487666034155597,8.0,Serratula.lycopifolia,0.9025270758122743,opth,1,False,mlp1,bce,msle
630,0.905360886492962,0.017828604717371594,0.0,0.9362084456424079,0.9971291866028709,0.9657089898053753,3.0,Serratula.nudicaulis,-0.0637915543575921,opth,1,False,mlp1,bce,msle
631,0.8600600600600601,0.05183657792755551,0.8333333333333334,0.7189189189189189,0.9987484355444305,0.8360398114195914,6.0,Sonchus.asper,0.5522522522522522,opth,1,False,mlp1,bce,msle
632,0.8052428497553601,0.14283859320056744,0.5217391304347826,0.8526989935956084,0.9883351007423118,0.9155206286836935,23.0,Taraxacum.erythrospermum,0.3744381240303909,opth,1,False,mlp1,bce,msle
633,0.5957957957957958,0.013341705142616072,0.16666666666666666,0.9441441441441442,0.9952516619183286,0.9690245030050856,6.0,Taraxacum.palustre,0.11081081081081079,opth,1,False,mlp1,bce,msle
634,0.8705035971223022,0.03412670298432256,1.0,0.7275179856115108,1.0,0.8422696512233212,4.0,Tolpis.staticifolia,0.7275179856115108,opth,1,False,mlp1,bce,msle
635,0.8466606768493561,0.01562474516790377,0.6666666666666666,0.7960467205750225,0.9988726042841037,0.886,3.0,Tragopogon.crocifolius,0.4627133872416891,opth,1,False,mlp1,bce,msle
636,0.9325051647276286,0.26025899367051986,0.9411764705882353,0.8299445471349353,0.9977777777777778,0.9061553985872856,34.0,Cerinthe.minor,0.7711210177231704,opth,1,False,mlp1,bce,msle
637,0.8927822701407606,0.029836186548191278,1.0,0.6460017969451932,1.0,0.7849344978165939,3.0,Cynoglossum.officinale,0.6460017969451932,opth,1,False,mlp1,bce,msle
638,0.8837522441651706,0.04943860919956537,0.5,0.8114901256732495,0.9988950276243094,0.895492818226845,2.0,Lithospermum.arvense,0.31149012567324963,opth,1,False,mlp1,bce,msle
639,0.8568716094032549,0.18567122362552163,0.8,0.8779385171790235,0.9979445015416238,0.9341029341029341,10.0,Myosotis.decumbens,0.6779385171790235,opth,1,False,mlp1,bce,msle
640,0.8565022421524664,0.006211180124223602,0.0,0.8609865470852018,0.9989594172736732,0.9248554913294798,1.0,Myosotis.discolor,-0.13901345291479816,opth,1,False,mlp1,bce,msle
641,0.9071564789721972,0.06043962364353325,0.8888888888888888,0.8148148148148148,0.9988925802879292,0.8975124378109453,9.0,Pulmonaria.angustifolia,0.7037037037037037,opth,1,False,mlp1,bce,msle
642,0.9390737410071942,0.04437701708499671,1.0,0.8938848920863309,1.0,0.9439696106362773,4.0,Alyssum.alpestre,0.8938848920863309,opth,1,False,mlp1,bce,msle
643,0.8324324324324325,0.01728068130601384,1.0,0.7702702702702703,1.0,0.8702290076335878,6.0,Alyssum.montanum,0.7702702702702702,opth,1,False,mlp1,bce,msle
644,0.826102610261026,0.015607270838129985,0.8,0.7515751575157515,0.9988038277511961,0.8577298407806883,5.0,Arabis.alpina,0.5515751575157517,opth,1,False,mlp1,bce,msle
645,0.8816816816816817,0.04902579136272233,0.16666666666666666,0.9495495495495495,0.9952785646836638,0.9718764407561088,6.0,Arabis.auriculata,0.11621621621621614,opth,1,False,mlp1,bce,msle
646,0.9664556962025316,0.21283968262065564,0.8,0.9330922242314648,0.9980657640232108,0.9644859813084112,10.0,Cardamine.bellidifolia,0.7330922242314648,opth,1,False,mlp1,bce,msle
647,0.8843978102189781,0.0924154316059174,0.2,0.9425182481751825,0.9847473784556721,0.9631701631701631,20.0,Cardamine.resedifolia,0.14251824817518255,opth,1,False,mlp1,bce,msle
648,0.8558558558558559,0.040448430097340504,0.16666666666666666,0.9630630630630631,0.9953445065176909,0.9789377289377289,6.0,Iberis.pinnata,0.12972972972972974,opth,1,False,mlp1,bce,msle
649,0.7945640356599261,0.04945215575891743,0.8095238095238095,0.7050228310502283,0.9948453608247423,0.8252271512560129,21.0,Kandis.perfoliata,0.514546640574038,opth,1,False,mlp1,bce,msle
650,0.8504520795660035,0.042472163743244425,0.9,0.7622061482820977,0.9988151658767772,0.8646153846153846,10.0,Noccaea.brachypetala,0.6622061482820976,opth,1,False,mlp1,bce,msle
651,0.8086408640864087,0.01615597715383744,0.2,0.8775877587758776,0.9959141981613892,0.9330143540669856,5.0,Pritzelago.alpina,0.07758775877587754,opth,1,False,mlp1,bce,msle
652,0.7201793721973094,0.003194888178913738,0.0,0.8932735426008969,0.9989969909729187,0.9431818181818182,1.0,Sisymbrium.austriacum,-0.10672645739910314,opth,1,False,mlp1,bce,msle
653,0.8547661870503597,0.01524535584227497,0.5,0.8363309352517986,0.9978540772532188,0.9099804305283757,4.0,Campanula.alpestris,0.33633093525179847,opth,1,False,mlp1,bce,msle
654,0.9271229748831141,0.269846303721163,0.7058823529411765,0.9279112754158965,0.9901380670611439,0.9580152671755725,34.0,Phyteuma.globulariifolium,0.6337936283570729,opth,1,False,mlp1,bce,msle
655,0.8941818765722851,0.22684342390686835,0.5882352941176471,0.8580527752502275,0.9926315789473684,0.920448999511957,17.0,Phyteuma.michelii,0.4462880693678746,opth,1,False,mlp1,bce,msle
656,0.8752250603820537,0.3585186684562589,0.7230769230769231,0.851569933396765,0.9802847754654983,0.9114052953156823,65.0,Arenaria.gothica,0.574646856473688,opth,1,False,mlp1,bce,msle
657,0.8876811594202898,0.063922709702073,0.25,0.9302536231884058,0.9913127413127413,0.9598130841121495,12.0,Cerastium.cerastoides,0.18025362318840576,opth,1,False,mlp1,bce,msle
658,0.9338768115942029,0.13189395602065374,1.0,0.8233695652173914,1.0,0.9031296572280179,12.0,Dianthus.hyssopifolius,0.8233695652173914,opth,1,False,mlp1,bce,msle
659,0.8555036829546632,0.2791920558803477,0.5555555555555556,0.865546218487395,0.9788806758183738,0.9187314172447968,45.0,Dianthus.pavonius,0.42110177404295057,opth,1,False,mlp1,bce,msle
660,0.9455012077294686,0.1992226642328578,0.5833333333333334,0.9692028985507246,0.9953488372093023,0.9821018815970629,12.0,Minuartia.hybrida,0.5525362318840581,opth,1,False,mlp1,bce,msle
661,0.9470747074707471,0.08700834637454356,1.0,0.8235823582358236,1.0,0.9032576505429417,5.0,Minuartia.rupestris,0.8235823582358237,opth,1,False,mlp1,bce,msle
662,0.9186330747669642,0.2790011936162359,0.7586206896551724,0.8742911153119093,0.9850905218317358,0.9263895843765648,58.0,Minuartia.sedoides,0.6329118049670817,opth,1,False,mlp1,bce,msle
663,0.8817460317460317,0.30685554415406513,0.7575757575757576,0.8247619047619048,0.981859410430839,0.8964803312629399,66.0,Sagina.glabra,0.5823376623376624,opth,1,False,mlp1,bce,msle
664,0.8748874887488749,0.027088299822059205,0.4,0.9234923492349235,0.9970845481049563,0.9588785046728971,5.0,Sagina.saginoides,0.32349234923492354,opth,1,False,mlp1,bce,msle
665,0.9253164556962025,0.1139755096567511,1.0,0.840867992766727,1.0,0.9135559921414538,10.0,Silene.italica,0.8408679927667269,opth,1,False,mlp1,bce,msle
666,0.8626581118240146,0.17655536987754383,0.84,0.7451879010082493,0.9951040391676866,0.8522012578616353,25.0,Silene.latifolia,0.5851879010082492,opth,1,False,mlp1,bce,msle
667,0.8235823582358235,0.015803958328475733,0.0,1.0,0.9955197132616488,0.9977548271216884,5.0,Silene.suecica,0.0,opth,1,False,mlp1,bce,msle
668,0.6604876884522057,0.052739000200486524,0.4782608695652174,0.8353156450137237,0.987027027027027,0.9048562933597621,23.0,Chenopodium.bonus.henricus,0.3135765145789411,opth,1,False,mlp1,bce,msle
669,0.9050520558460874,0.19768725127977627,0.7368421052631579,0.902461257976299,0.9949748743718593,0.9464627151051626,19.0,Helianthemum.apenninum,0.6393033632394567,opth,1,False,mlp1,bce,msle
670,0.8298768355651038,0.32952214367205285,0.4810126582278481,0.9132111861137898,0.958502024291498,0.9353086419753086,79.0,Helianthemum.oelandicum,0.39422384434163793,opth,1,False,mlp1,bce,msle
671,0.917011701170117,0.052334064947768925,0.8,0.8847884788478848,0.9989837398373984,0.9384248210023867,5.0,Convolvulus.cantabricus,0.6847884788478849,opth,1,False,mlp1,bce,msle
672,0.9194640002720811,0.19599788510056995,0.7777777777777778,0.9090909090909091,0.9939759036144579,0.9496402877697842,27.0,Sedum.alpestre,0.6868686868686869,opth,1,False,mlp1,bce,msle
673,0.8668860551213491,0.07573118115983424,0.45454545454545453,0.8570135746606334,0.993704092339979,0.9203109815354713,11.0,Sedum.anacampseros,0.3115590292060879,opth,1,False,mlp1,bce,msle
674,0.8432247899159664,0.13587560373916066,0.5357142857142857,0.8933823529411765,0.9868020304568528,0.9377713458755427,28.0,Sedum.ochroleucum,0.4290966386554622,opth,1,False,mlp1,bce,msle
675,0.9575157515751576,0.4765140677157844,0.8,0.8928892889288929,0.998992950654582,0.9429657794676806,5.0,Sedum.sediforme,0.6928892889288929,opth,1,False,mlp1,bce,msle
676,0.8911411411411412,0.12658130889185254,0.6666666666666666,0.9333333333333333,0.9980732177263969,0.9646182495344506,6.0,Sempervivum.calcareum,0.6000000000000001,opth,1,False,mlp1,bce,msle
677,0.9782265342960288,0.46257826763352106,0.625,0.9846570397111913,0.9972577696526508,0.9909173478655767,8.0,Euphorbia.esula,0.6096570397111913,opth,1,False,mlp1,bce,msle
678,0.9360795454545454,0.44625435763605914,0.7045454545454546,0.9263059701492538,0.9870775347912525,0.9557266602502407,44.0,Anthyllis.montana,0.6308514246947083,opth,1,False,mlp1,bce,msle
679,0.9427396133278487,0.13129950177718205,0.7272727272727273,0.9321266968325792,0.9970958373668926,0.9635173058933583,11.0,Argyrolobium.zanonii,0.6593994241053065,opth,1,False,mlp1,bce,msle
680,0.8985504626951996,0.3352734676163985,0.8269230769230769,0.8110902255639098,0.9896788990825688,0.8915289256198347,52.0,Astragalus.danicus,0.6380133024869865,opth,1,False,mlp1,bce,msle
681,0.9220889202540579,0.30470036997631283,0.8846153846153846,0.771559633027523,0.9964454976303317,0.8697001034126164,26.0,Astragalus.sempervirens,0.6561750176429075,opth,1,False,mlp1,bce,msle
682,0.9056603773584906,0.026688240798502804,0.6666666666666666,0.9056603773584906,0.9990089197224975,0.9500471253534402,3.0,Astragalus.vesicarius,0.5723270440251573,opth,1,False,mlp1,bce,msle
683,0.9493860437256664,0.033022370741668985,0.6666666666666666,0.9317160826594789,0.9990366088631984,0.9642026964202697,3.0,Bituminaria.bituminosa,0.5983827493261455,opth,1,False,mlp1,bce,msle
684,0.9694244604316546,0.3043864097363083,0.5,0.9730215827338129,0.9981549815498155,0.9854280510018215,4.0,Dorycnium.pentaphyllum,0.4730215827338129,opth,1,False,mlp1,bce,msle
685,0.9174187725631769,0.08262415338201984,0.5,0.9611913357400722,0.9962581852198317,0.9784106568672485,8.0,Genista.cinerea,0.4611913357400721,opth,1,False,mlp1,bce,msle
686,0.9937219730941704,0.125,1.0,0.673542600896861,1.0,0.804930332261522,1.0,Lathyrus.hirsutus,0.673542600896861,opth,1,False,mlp1,bce,msle
687,0.8984632800339607,0.6167567665485003,0.8010471204188482,0.8335135135135135,0.9530284301606922,0.889273356401384,191.0,Lotus.alpinus,0.6345606339323617,opth,1,False,mlp1,bce,msle
688,0.8965369587325375,0.26435955767934255,0.7647058823529411,0.8252957233848953,0.995609220636663,0.9024875621890547,17.0,Lotus.delortii,0.5900016057378363,opth,1,False,mlp1,bce,msle
689,0.9724468403713687,0.14345238095238094,0.6666666666666666,0.9649595687331537,0.9990697674418605,0.9817184643510055,3.0,Lotus.pedunculatus,0.6316262353998203,opth,1,False,mlp1,bce,msle
690,0.8921692169216923,0.033281087189307834,0.4,0.9504950495049505,0.9971671388101983,0.9732718894009217,5.0,Medicago.arabica,0.35049504950495036,opth,1,False,mlp1,bce,msle
691,0.9994010182689428,0.8055555555555556,1.0,0.9973045822102425,1.0,0.9986504723346828,3.0,Melilotus.neapolitanus,0.9973045822102424,opth,1,False,mlp1,bce,msle
692,0.8625591090965052,0.1374161538630948,0.48484848484848486,0.8919667590027701,0.982706002034588,0.9351403678606002,33.0,Ononis.cristata,0.37681524385125487,opth,1,False,mlp1,bce,msle
693,0.9281521959117587,0.25658164327740784,0.7777777777777778,0.8661202185792349,0.9958115183246073,0.9264490988796883,18.0,Oxytropis.lapponica,0.6438979963570128,opth,1,False,mlp1,bce,msle
694,0.9481548154815482,0.4250380152060824,0.6,0.927992799279928,0.9980638915779284,0.9617537313432836,5.0,Trifolium.incarnatum,0.5279927992799278,opth,1,False,mlp1,bce,msle
695,0.8612263417163599,0.12941481852399966,0.6428571428571429,0.8539019963702359,0.9947145877378436,0.9189453125,14.0,Trifolium.pallescens,0.4967591392273789,opth,1,False,mlp1,bce,msle
696,0.927992799279928,0.04060661374273171,0.6,0.9342934293429342,0.9980769230769231,0.9651324965132496,5.0,Vicia.pannonica,0.5342934293429342,opth,1,False,mlp1,bce,msle
697,0.9047532614861032,0.2879381416045397,0.926829268292683,0.7934883720930233,0.9964953271028038,0.8834800621439669,41.0,Vicia.tenuifolia,0.7203176403857063,opth,1,False,mlp1,bce,msle
698,0.9314772727272727,0.17908663467616037,0.9375,0.8881818181818182,0.9989775051124744,0.9403272377285852,16.0,Gentiana.angustifolia,0.8256818181818182,opth,1,False,mlp1,bce,msle
699,0.8568995315983267,0.20096894036055502,0.7297297297297297,0.7868396663577386,0.9883585564610011,0.8761609907120743,37.0,Gentiana.brachyphylla,0.5165693960874682,opth,1,False,mlp1,bce,msle
700,0.8685134999498143,0.03408044929394649,0.4444444444444444,0.9051490514905149,0.9950347567030785,0.9479659413434248,9.0,Gentiana.orbicularis,0.34959349593495936,opth,1,False,mlp1,bce,msle
701,0.9273465703971119,0.19300380416153215,0.625,0.8745487364620939,0.9969135802469136,0.9317307692307693,8.0,Gentiana.rostanii,0.49954873646209386,opth,1,False,mlp1,bce,msle
702,0.7626186647299892,0.14717986384420534,0.527027027027027,0.736084452975048,0.956359102244389,0.8318872017353579,74.0,Gentianella.campestris,0.26311148000207485,opth,1,False,mlp1,bce,msle
703,0.7622042527702904,0.009788359788359789,0.6666666666666666,0.7924528301886793,0.9988674971687429,0.8837675350701403,3.0,Gentianella.ciliata,0.45911949685534603,opth,1,False,mlp1,bce,msle
704,0.8313231323132313,0.11155676313495848,0.2,0.9306930693069307,0.9961464354527938,0.962308050255933,5.0,Gentianella.tenella,0.1306930693069308,opth,1,False,mlp1,bce,msle
705,0.9024280575539568,0.03693841377664907,0.75,0.9028776978417267,0.9990049751243781,0.9485120453471895,4.0,Hypericum.tetrapterum,0.6528776978417268,opth,1,False,mlp1,bce,msle
706,0.9763402216232405,0.12601078167115903,1.0,0.945193171608266,1.0,0.971824480369515,3.0,Herniaria.incana,0.945193171608266,opth,1,False,mlp1,bce,msle
707,0.8753363228699551,0.007142857142857143,0.0,0.9443946188340807,0.9990512333965844,0.970954356846473,1.0,Calamintha.nepeta,-0.05560538116591929,opth,1,False,mlp1,bce,msle
708,0.9274527452745275,0.10216137945693182,0.8,0.8892889288928892,0.9989888776541962,0.940952380952381,5.0,Mentha.aquatica,0.6892889288928892,opth,1,False,mlp1,bce,msle
709,0.775497287522604,0.023202554193063645,0.4,0.8598553345388789,0.9937304075235109,0.9219583131362094,10.0,Mentha.longifolia,0.25985533453887877,opth,1,False,mlp1,bce,msle
710,0.7798742138364779,0.008248402579003672,0.3333333333333333,0.8912848158131177,0.9979879275653923,0.9416231608922638,3.0,Nepeta.nepetella,0.22461814914645095,opth,1,False,mlp1,bce,msle
711,0.9461400359066426,0.024390243902439025,1.0,0.8707360861759426,1.0,0.9309021113243762,2.0,Prunella.hyssopifolia,0.8707360861759426,opth,1,False,mlp1,bce,msle
712,0.9154676258992807,0.05210539170904817,0.5,0.9559352517985612,0.9981220657276996,0.9765732659623335,4.0,Teucrium.polium,0.4559352517985613,opth,1,False,mlp1,bce,msle
713,0.9704422382671479,0.25033057066997944,0.75,0.9566787003610109,0.9981167608286252,0.9769585253456221,8.0,Linum.bienne,0.7066787003610109,opth,1,False,mlp1,bce,msle
714,0.9188779110797459,0.13594814989254425,0.9230769230769231,0.8486238532110092,0.9978425026968716,0.917203767972236,26.0,Linum.suffruticosum,0.7717007762879322,opth,1,False,mlp1,bce,msle
715,0.9181735985533455,0.1979404354072098,0.4,0.9647377938517179,0.994408201304753,0.9793483249196879,10.0,Lythrum.salicaria,0.364737793851718,opth,1,False,mlp1,bce,msle
716,0.8591928251121076,0.006329113924050633,0.0,0.8896860986547085,0.998992950654582,0.9411764705882353,1.0,Althaea.hirsuta,-0.11031390134529151,opth,1,False,mlp1,bce,msle
717,0.8213644524236984,0.008720311946118399,0.0,0.9847396768402155,0.9981801637852593,0.991414369633981,2.0,Epilobium.parviflorum,-0.015260323159784539,opth,1,False,mlp1,bce,msle
718,0.8253753753753754,0.0696222511960011,0.5,0.9333333333333333,0.9971126082771896,0.9641693811074918,6.0,Plantago.sempervirens,0.43333333333333335,opth,1,False,mlp1,bce,msle
719,0.8934636976930698,0.3520493046241571,0.8292682926829268,0.8065764023210832,0.9834905660377359,0.8862911795961743,82.0,Armeria.alpina,0.63584469500401,opth,1,False,mlp1,bce,msle
720,0.9097629919547727,0.19923117447506156,0.6666666666666666,0.8748858447488584,0.9927461139896373,0.9300970873786408,21.0,Polygala.calcarea,0.5415525114155251,opth,1,False,mlp1,bce,msle
721,0.8216317275945743,0.11633952816735142,0.6521739130434783,0.8563586459286368,0.9915254237288136,0.9189985272459499,23.0,Rumex.arifolius,0.508532558972115,opth,1,False,mlp1,bce,msle
722,0.985624438454627,0.15441176470588236,1.0,0.9353099730458221,1.0,0.9665738161559888,3.0,Rumex.conglomeratus,0.9353099730458221,opth,1,False,mlp1,bce,msle
723,0.675334409594096,0.06056529052996598,0.5,0.7269372693726938,0.9800995024875622,0.8347457627118644,32.0,Rumex.nebroides,0.22693726937269387,opth,1,False,mlp1,bce,msle
724,0.712871287128713,0.07716904048739735,0.6,0.9612961296129613,0.9981308411214953,0.9793672627235214,5.0,Rumex.pseudalpinus,0.5612961296129613,opth,1,False,mlp1,bce,msle
725,0.8864575405023377,0.17601798215289136,0.7352941176470589,0.8401109057301294,0.9901960784313726,0.909,34.0,Androsace.adfinis,0.5754050233771881,opth,1,False,mlp1,bce,msle
726,0.8646464646464647,0.2840886190133377,0.65,0.8229166666666666,0.9764044943820225,0.8931140801644398,60.0,Androsace.vitaliana,0.47291666666666665,opth,1,False,mlp1,bce,msle
727,0.6549865229110512,0.005468596760680017,0.3333333333333333,0.7232704402515723,0.9975216852540273,0.8385416666666666,3.0,Primula.vulgaris,0.05660377358490565,opth,1,False,mlp1,bce,msle
728,0.9568733153638814,0.042252534987355955,1.0,0.784366576819407,1.0,0.879154078549849,3.0,Aconitum.anthora,0.784366576819407,opth,1,False,mlp1,bce,msle
729,0.9252861602497398,0.32265363374738104,0.8387096774193549,0.8838709677419355,0.9948132780082988,0.936066373840898,31.0,Anemone.baldensis,0.7225806451612904,opth,1,False,mlp1,bce,msle
730,0.9245261732851985,0.1424486201760019,0.625,0.8835740072202166,0.9969450101832994,0.9368421052631579,8.0,Anemone.narcissifolia,0.5085740072202167,opth,1,False,mlp1,bce,msle
731,0.994165170556553,0.3214285714285714,0.5,0.9910233393177738,0.9990950226244344,0.9950428120775124,2.0,Caltha.palustris,0.49102333931777364,opth,1,False,mlp1,bce,msle
732,0.7010949159634564,0.10863364597770765,0.7692307692307693,0.6727107887579329,0.9959731543624161,0.803030303030303,13.0,Ranunculus.aduncus,0.44194155798870227,opth,1,False,mlp1,bce,msle
733,0.9562952898550724,0.22115478673820815,1.0,0.8795289855072463,1.0,0.9359036144578313,12.0,Ranunculus.carinthiacus,0.8795289855072463,opth,1,False,mlp1,bce,msle
734,0.8333591465247854,0.3194005487195957,0.6055045871559633,0.8083416087388282,0.9498249708284714,0.8733905579399142,109.0,Ranunculus.sartorianus,0.41384619589479144,opth,1,False,mlp1,bce,msle
735,0.7466185752930569,0.01895403643093213,0.14285714285714285,0.90892696122633,0.9940828402366864,0.9495996231747527,7.0,Reseda.phyteuma,0.05178410408347278,opth,1,False,mlp1,bce,msle
736,0.9142468239564427,0.1228894912781975,0.7142857142857143,0.8811252268602541,0.9958974358974358,0.9350024073182475,14.0,Alchemilla.fissa,0.5954109411459685,opth,1,False,mlp1,bce,msle
737,0.8690212393916097,0.2845557675060752,0.7936507936507936,0.818613485280152,0.9851428571428571,0.8941908713692946,63.0,Alchemilla.flabellata,0.6122642789309456,opth,1,False,mlp1,bce,msle
738,0.7793421855921855,0.06752731877283065,0.4583333333333333,0.8461538461538461,0.9861259338313767,0.9107934943321834,24.0,Alchemilla.glabra,0.3044871794871795,opth,1,False,mlp1,bce,msle
739,0.8476037851037852,0.08816945416712312,0.8333333333333334,0.7371794871794872,0.9950556242274413,0.8469226722777485,24.0,Alchemilla.glaucescens,0.5705128205128207,opth,1,False,mlp1,bce,msle
740,0.8708919061555438,0.3635739744162203,0.7368421052631579,0.7757520510483136,0.9941588785046729,0.8714797747055811,19.0,Alchemilla.monticola,0.5125941563114713,opth,1,False,mlp1,bce,msle
741,0.9514713364993216,0.3916235699839755,0.75,0.9216417910447762,0.988988988988989,0.9541284403669725,44.0,Alchemilla.pentaphyllea,0.6716417910447761,opth,1,False,mlp1,bce,msle
742,0.9595508752353721,0.17845238251098292,1.0,0.8948322756119673,1.0,0.9444976076555024,13.0,Filipendula.ulmaria,0.8948322756119673,opth,1,False,mlp1,bce,msle
743,0.8952338129496403,0.04409477153046047,0.75,0.7877697841726619,0.9988597491448119,0.8808446455505279,4.0,Potentilla.brauneana,0.5377697841726619,opth,1,False,mlp1,bce,msle
744,0.9838565022421525,0.05263157894736842,1.0,0.6484304932735426,1.0,0.7867247007616975,1.0,Potentilla.neglecta,0.6484304932735427,opth,1,False,mlp1,bce,msle
745,0.9303642023141885,0.43013327236352783,0.821917808219178,0.8638542665388304,0.9857768052516411,0.9207971384772611,73.0,Sibbaldia.procumbens,0.6857720747580083,opth,1,False,mlp1,bce,msle
746,0.8893393393393394,0.029561654752646424,0.16666666666666666,0.9576576576576576,0.9953183520599251,0.9761248852157943,6.0,Galium.megalospermum,0.12432432432432439,opth,1,False,mlp1,bce,msle
747,0.8543800539083557,0.36145193165842165,0.7321428571428571,0.779245283018868,0.9821640903686087,0.8690163072067333,56.0,Galium.obliquum,0.5113881401617251,opth,1,False,mlp1,bce,msle
748,0.9074707470747074,0.0865156196614558,0.6,0.946894689468947,0.9981024667931688,0.971824480369515,5.0,Galium.palustre,0.5468946894689468,opth,1,False,mlp1,bce,msle
749,0.8663131768953068,0.029606160105394918,0.875,0.7689530685920578,0.9988276670574443,0.8689444161142275,8.0,Galium.pseudohelveticum,0.6439530685920578,opth,1,False,mlp1,bce,msle
750,0.9187612208258528,0.027083333333333334,0.0,0.9964093357271095,0.9982014388489209,0.9973045822102425,2.0,Galium.uliginosum,-0.0035906642728904536,opth,1,False,mlp1,bce,msle
751,,-0.0,0.0,0.8369175627240143,1.0,0.911219512195122,0.0,Salix.foetida,-0.1630824372759857,opth,1,False,mlp1,bce,msle
752,0.8945096858375992,0.0940545020304179,0.2222222222222222,0.938572719060524,0.9933078393881453,0.965164886205295,9.0,Thesium.divaricatum,0.16079494128274607,opth,1,False,mlp1,bce,msle
753,0.8988245931283906,0.0584321882148314,1.0,0.779385171790235,1.0,0.8760162601626016,10.0,Saxifraga.bryoides,0.7793851717902349,opth,1,False,mlp1,bce,msle
754,0.8871050185873606,0.17724542218554312,0.825,0.8197026022304833,0.9921259842519685,0.8977099236641222,40.0,Saxifraga.exarata,0.6447026022304834,opth,1,False,mlp1,bce,msle
755,0.9337533753375338,0.07750423695256198,1.0,0.8658865886588659,1.0,0.9281234925229137,5.0,Digitalis.grandiflora,0.8658865886588658,opth,1,False,mlp1,bce,msle
756,0.8381514130152968,0.0641708569078174,0.5714285714285714,0.8275862068965517,0.9934640522875817,0.902970297029703,14.0,Euphrasia.officinalis,0.3990147783251232,opth,1,False,mlp1,bce,msle
757,0.9795413669064748,0.13555211558307534,1.0,0.9388489208633094,1.0,0.9684601113172542,4.0,Linaria.simplex,0.9388489208633093,opth,1,False,mlp1,bce,msle
758,0.9278327338129496,0.03182175459038376,1.0,0.8507194244604317,1.0,0.9193391642371235,4.0,Pedicularis.cenisia,0.8507194244604317,opth,1,False,mlp1,bce,msle
759,0.9138183178587219,0.21729188634084393,0.7777777777777778,0.8448117539026629,0.9935205183585313,0.913151364764268,27.0,Pedicularis.comosa,0.6225895316804406,opth,1,False,mlp1,bce,msle
760,0.8912669500101194,0.17336847292478552,0.7777777777777778,0.7704918032786885,0.9952941176470588,0.8685831622176592,18.0,Pedicularis.kerneri,0.5482695810564664,opth,1,False,mlp1,bce,msle
761,0.8142642642642642,0.015672636294742498,0.0,0.9558558558558559,0.9943767572633552,0.9747358750574184,6.0,Pedicularis.rosea,-0.04414414414414414,opth,1,False,mlp1,bce,msle
762,0.8146441605839416,0.06171366690477424,0.45,0.864963503649635,0.9885297184567258,0.9226277372262773,20.0,Pedicularis.rostratospicata,0.314963503649635,opth,1,False,mlp1,bce,msle
763,0.9519748653500898,0.026977821913273747,1.0,0.8177737881508079,1.0,0.899753086419753,2.0,Verbascum.chaixii,0.817773788150808,opth,1,False,mlp1,bce,msle
764,0.8465970350404313,0.19202313763740678,0.6428571428571429,0.8235849056603773,0.9776035834266518,0.8940092165898618,56.0,Veronica.allionii,0.46644204851752025,opth,1,False,mlp1,bce,msle
765,0.9090122433950105,0.3308162702761963,0.6862745098039216,0.8845070422535212,0.9832985386221295,0.9312901631240732,51.0,Veronica.alpina,0.5707815520574426,opth,1,False,mlp1,bce,msle
766,0.8073693806073982,0.13995134065778103,0.631578947368421,0.8040109389243391,0.9921259842519685,0.8882175226586103,19.0,Veronica.austriaca,0.4355898862927601,opth,1,False,mlp1,bce,msle
767,0.892942942942943,0.056505816730986924,0.6666666666666666,0.8207207207207208,0.9978094194961665,0.9006426099851705,6.0,Veronica.verna,0.4873873873873875,opth,1,False,mlp1,bce,msle
768,0.9489051094890512,0.32715467258702846,0.6,0.9598540145985401,0.9924528301886792,0.9758812615955473,20.0,Valeriana.tuberosa,0.5598540145985402,opth,1,False,mlp1,bce,msle
769,0.9152660576051328,0.20546736427341147,0.8461538461538461,0.7824116047144152,0.9976878612716763,0.8770325203252033,13.0,Viola.saxatilis,0.6285654508682614,opth,1,False,mlp1,bce,msle
770,0.8824057450628366,0.17048346055979643,0.5,0.9030520646319569,0.9990069513406157,0.9486091466289486,2.0,Carex.acutiformis,0.40305206463195686,opth,1,False,mlp1,bce,msle
771,0.9255442483575937,0.22704927492815716,0.8571428571428571,0.9197475202885482,0.9990205680705191,0.9577464788732394,7.0,Carex.bicolor,0.7768903774314053,opth,1,False,mlp1,bce,msle
772,0.8255625562556256,0.015071074270115517,0.6,0.7929792979297929,0.9977349943374858,0.8836509528585758,5.0,Carex.cuprina,0.3929792979297928,opth,1,False,mlp1,bce,msle
773,0.9901079136690647,0.2150689223057644,1.0,0.9703237410071942,1.0,0.9849383842994066,4.0,Carex.disticha,0.9703237410071943,opth,1,False,mlp1,bce,msle
774,0.9324330054274085,0.3192838245580368,0.9090909090909091,0.8246268656716418,0.9954954954954955,0.9020408163265307,44.0,Carex.foetida,0.733717774762551,opth,1,False,mlp1,bce,msle
775,0.9489887929923998,0.07324778662129391,0.8571428571428571,0.8963029756537421,0.9989949748743718,0.9448669201520913,7.0,Carex.frigida,0.7534458327965992,opth,1,False,mlp1,bce,msle
776,0.9974052346570397,0.70625,1.0,0.9909747292418772,1.0,0.9954669084315503,8.0,Carex.melanostachya,0.9909747292418771,opth,1,False,mlp1,bce,msle
777,0.8761476147614762,0.06496850332544384,0.8,0.7848784878487849,0.9988545246277205,0.8790322580645161,5.0,Carex.ovalis,0.5848784878487849,opth,1,False,mlp1,bce,msle
778,0.8709194369571728,0.1742524420935887,1.0,0.6954177897574124,1.0,0.8203497615262321,3.0,Carex.paniculata,0.6954177897574123,opth,1,False,mlp1,bce,msle
779,0.9026465028355388,0.30078248949531816,0.7413793103448276,0.8487712665406427,0.9835706462212487,0.9112125824454591,58.0,Carex.parviflora,0.5901505768854705,opth,1,False,mlp1,bce,msle
780,0.6165616561656166,0.02840734500884036,0.2,0.8712871287128713,0.9958847736625515,0.9294287085933749,5.0,Carex.viridula,0.07128712871287135,opth,1,False,mlp1,bce,msle
781,0.9061938958707361,0.03840947546531303,0.5,0.9174147217235189,0.9990224828934506,0.956481048198409,2.0,Eleocharis.quinqueflora,0.4174147217235189,opth,1,False,mlp1,bce,msle
782,0.9928251121076234,0.1111111111111111,1.0,0.9596412556053812,1.0,0.9794050343249427,1.0,Eriophorum.polystachion,0.9596412556053813,opth,1,False,mlp1,bce,msle
783,0.9080331999407144,0.3851967007175079,0.8717948717948718,0.8169556840077071,0.9883449883449883,0.8945147679324894,78.0,Kobresia.myosuroides,0.6887505558025788,opth,1,False,mlp1,bce,msle
784,0.9883198562443847,0.19687592101385204,1.0,0.9074573225516622,1.0,0.9514837494112105,3.0,Schoenus.nigricans,0.9074573225516622,opth,1,False,mlp1,bce,msle
785,0.9784560143626571,0.10555555555555556,0.5,0.9820466786355476,0.9990867579908675,0.990493435943866,2.0,Scirpoides.holoschoenus,0.48204667863554773,opth,1,False,mlp1,bce,msle
786,0.8839953465181984,0.11519192215971347,0.7727272727272727,0.8190127970749543,0.9944506104328524,0.8982456140350877,22.0,Muscari.neglectum,0.591740069802227,opth,1,False,mlp1,bce,msle
787,0.9304666056724612,0.23894785924498113,0.7391304347826086,0.8975297346752058,0.993920972644377,0.9432692307692307,23.0,Crocus.vernus,0.6366601694578145,opth,1,False,mlp1,bce,msle
788,0.9443447037701974,0.044563843236409606,0.5,0.9057450628366248,0.999009900990099,0.9500941619585688,2.0,Juncus.conglomeratus,0.4057450628366248,opth,1,False,mlp1,bce,msle
789,0.8332827362882007,0.086848635709149,0.6666666666666666,0.8214936247723132,0.9933920704845814,0.8993020937188435,18.0,Luzula.alpinopilosa,0.48816029143897977,opth,1,False,mlp1,bce,msle
790,0.8590853284223451,0.20986899343007423,0.7,0.7955801104972375,0.9896907216494846,0.8820826952526799,30.0,Luzula.nutans,0.4955801104972375,opth,1,False,mlp1,bce,msle
791,0.9051305130513051,0.027977613156562362,1.0,0.8460846084608461,1.0,0.916626036079961,5.0,Gagea.fragifera,0.846084608460846,opth,1,False,mlp1,bce,msle
792,0.9163663663663664,0.045072012754515195,0.6666666666666666,0.8684684684684685,0.9979296066252588,0.928709055876686,6.0,Tulipa.australis,0.535135135135135,opth,1,False,mlp1,bce,msle
793,0.8633756038647343,0.05784604485155832,0.6666666666666666,0.8134057971014492,0.9955654101995566,0.8953140578265204,12.0,Dactylorhiza.latifolia,0.48007246376811574,opth,1,False,mlp1,bce,msle
794,0.9530261969286359,0.24737828868070197,1.0,0.8166214995483289,1.0,0.8990551964196917,9.0,Ophrys.fuciflora,0.816621499548329,opth,1,False,mlp1,bce,msle
795,0.8656362815884475,0.03789990805587503,0.75,0.8149819494584838,0.9977900552486187,0.8971684053651267,8.0,Orchis.purpurea,0.5649819494584838,opth,1,False,mlp1,bce,msle
796,0.8716998191681735,0.08132224337592098,0.4,0.9159132007233273,0.9941118743866536,0.9534117647058824,10.0,Orchis.simia,0.3159132007233274,opth,1,False,mlp1,bce,msle
797,0.9167218490839719,0.45362704540539583,0.9032258064516129,0.7849462365591398,0.9889162561576355,0.8752043596730246,93.0,Alopecurus.alpinus,0.6881720430107525,opth,1,False,mlp1,bce,msle
798,0.9883198562443846,0.3589743589743589,0.6666666666666666,0.9847259658580413,0.9990884229717412,0.9918552036199095,3.0,Alopecurus.rendlei,0.6513926325247079,opth,1,False,mlp1,bce,msle
799,0.8240621802887348,0.4231639374624704,0.6842105263157895,0.7764578833693304,0.9229781771501926,0.8434017595307918,190.0,Avenula.pubescens,0.4606684096851199,opth,1,False,mlp1,bce,msle
800,0.7984648979857897,0.24088163021515835,0.603448275862069,0.7637051039697542,0.9723225030084236,0.8554790894653256,58.0,Avenula.versicolor,0.36715337983182317,opth,1,False,mlp1,bce,msle
801,0.7867684521585545,0.28027108835856224,0.7372881355932204,0.6593186372745491,0.9550072568940493,0.7800829875518672,118.0,Brachypodium.rupestre,0.3966067728677696,opth,1,False,mlp1,bce,msle
802,0.906590909090909,0.2788267324643273,0.5625,0.9272727272727272,0.9931840311587147,0.9590973201692524,16.0,Bromus.commutatus,0.48977272727272725,opth,1,False,mlp1,bce,msle
803,0.9412644968200524,0.5224700825675167,0.8518518518518519,0.8255280073461891,0.9955703211517165,0.9026104417670683,27.0,Bromus.racemosus,0.6773798591980409,opth,1,False,mlp1,bce,msle
804,0.7636106051406597,0.05570287161146436,0.6111111111111112,0.7030965391621129,0.9910141206675225,0.8225892381459776,18.0,Elytrigia.repens,0.31420765027322406,opth,1,False,mlp1,bce,msle
805,0.9441677505313582,0.35373271290653896,0.896551724137931,0.8721251149954001,0.9968454258675079,0.930323846908734,29.0,Festuca.cinerea,0.7686768391333312,opth,1,False,mlp1,bce,msle
806,0.8687628161312372,0.2765053567125662,0.6578947368421053,0.859925788497217,0.9861702127659574,0.9187314172447968,38.0,Festuca.marginata,0.5178205253393222,opth,1,False,mlp1,bce,msle
807,0.8638570717131474,0.36726768850530606,0.6607142857142857,0.851593625498008,0.9574468085106383,0.9014232999472852,112.0,Festuca.pratensis,0.5123079112122937,opth,1,False,mlp1,bce,msle
808,0.86360559566787,0.05550357563565574,0.375,0.8935018050541517,0.9949748743718593,0.9415121255349501,8.0,Festuca.trichophylla,0.26850180505415167,opth,1,False,mlp1,bce,msle
809,0.9363677536231885,0.15884796114756478,0.8333333333333334,0.855072463768116,0.9978858350951374,0.9209756097560976,12.0,Gaudinia.fragilis,0.6884057971014492,opth,1,False,mlp1,bce,msle
810,0.8887700534759359,0.08442341416631653,0.6363636363636364,0.8968325791855204,0.9959798994974874,0.9438095238095238,11.0,Helictotrichon.parlatorei,0.5331962155491567,opth,1,False,mlp1,bce,msle
811,0.8789825214621622,0.41737651748926846,0.8141592920353983,0.7826520438683948,0.9739454094292804,0.8678828081813157,113.0,Helictotrichon.sedenense,0.596811335903793,opth,1,False,mlp1,bce,msle
812,0.9668766876687669,0.2617791069689804,1.0,0.8757875787578758,1.0,0.9337811900191939,5.0,Helictotrichon.sempervirens,0.8757875787578757,opth,1,False,mlp1,bce,msle
813,0.9910152740341419,0.42810457516339867,1.0,0.9568733153638814,1.0,0.977961432506887,3.0,Hordeum.murinum,0.9568733153638815,opth,1,False,mlp1,bce,msle
814,0.97931654676259,0.4526580459770115,0.5,0.9712230215827338,0.9981515711645101,0.9845031905195989,4.0,Hordeum.secalinum,0.47122302158273377,opth,1,False,mlp1,bce,msle
815,0.7924910071942446,0.015588021867002144,0.25,0.8848920863309353,0.9969604863221885,0.9375893282515484,4.0,Koeleria.cenisia,0.1348920863309353,opth,1,False,mlp1,bce,msle
816,0.8313707729468598,0.06496193150977272,0.4166666666666667,0.8822463768115942,0.9928644240570846,0.9342925659472422,12.0,Molinia.caerulea,0.298913043478261,opth,1,False,mlp1,bce,msle
817,0.782852011609448,0.1981609321519367,0.6949152542372882,0.7019867549668874,0.9763157894736842,0.8167308750687947,59.0,Phleum.pratense,0.3969020092041755,opth,1,False,mlp1,bce,msle
818,0.8642961014421607,0.32319359152935817,0.8504672897196262,0.7601585728444004,0.979565772669221,0.8560267857142857,107.0,Poa.trivialis,0.6106258625640266,opth,1,False,mlp1,bce,msle
819,0.9272237196765498,0.5040983606557377,0.6666666666666666,0.9236298292902066,0.9990281827016521,0.9598506069094305,3.0,Vulpia.bromoides,0.5902964959568733,opth,1,False,mlp1,bce,msle
820,0.8660071942446044,0.0833483114313975,0.5,0.9496402877697842,0.998109640831758,0.9732718894009217,4.0,Vulpia.ciliata,0.44964028776978404,opth,1,False,mlp1,bce,msle
821,0.9130189530685919,0.32502195678467133,0.75,0.8889891696750902,0.9979736575481256,0.9403341288782816,8.0,Equisetum.variegatum,0.6389891696750902,opth,1,False,mlp1,bce,msle
822,0.9005543652008299,0.1738273410761057,0.6666666666666666,0.8870523415977961,0.9907692307692307,0.936046511627907,27.0,Pachypleurum.mutellinoides,0.5537190082644627,opth,1,False,mlp1,bce,msle
823,0.7968468468468468,0.015602010188488762,0.5,0.8225225225225226,0.9967248908296943,0.9012833168805529,6.0,Libanotis.pyrenaica,0.32252252252252256,opth,1,False,mlp1,bce,msle
824,0.8475553034600113,0.22154044198369469,0.8048780487804879,0.747906976744186,0.9901477832512315,0.8521462639109698,41.0,Alchemilla.alpigena,0.552785025524674,opth,1,False,mlp1,bce,msle
825,0.8536585365853658,0.055309224990855096,0.4444444444444444,0.9629629629629629,0.9953314659197012,0.9788797061524335,9.0,Anacamptis.morio,0.40740740740740744,opth,1,False,mlp1,bce,msle
826,0.8758258258258258,0.07023226556921867,0.5,0.9135135135135135,0.9970501474926253,0.9534555712270804,6.0,Mutellina.adonidifolia,0.4135135135135135,opth,1,False,mlp1,bce,msle
827,0.8749288906948395,0.2775304602199705,0.7391304347826086,0.8654205607476636,0.9872068230277186,0.9223107569721115,46.0,Avenula.pratensis,0.6045509955302721,opth,1,False,mlp1,bce,msle
828,0.8635188352758661,0.11816217049084299,0.6086956521739131,0.8581884720951509,0.9904963041182682,0.9196078431372549,23.0,Gymnadenia.nigra,0.466884124269064,opth,1,False,mlp1,bce,msle
829,0.7873873873873873,0.024622249832725734,0.0,1.0,0.9946236559139785,0.9973045822102425,6.0,Murbeckiella.pinnatifida,0.0,opth,1,False,mlp1,bce,msle
830,0.90625,0.1833905148671988,0.5,0.8965827338129496,0.997997997997998,0.9445760303173851,4.0,Silene.conica,0.3965827338129495,opth,1,False,mlp1,bce,msle
