,auc,prauc,sensitivity,specificity,precision,f1,support,species,tss,postprocess,fold,prr,archi,species_loss,func_loss
0,0.73288825512056,0.02887478460033247,0.5,0.647912885662432,0.9902912621359223,0.7833241908941305,14.0,Aceras.anthropophorum,0.1479128856624321,opth,3,False,mlp1,bce,msle
1,0.7876319310242307,0.15184454793064375,0.7419354838709677,0.6912442396313364,0.9894459102902374,0.8138903960933261,31.0,Achillea.collina,0.43317972350230427,opth,3,False,mlp1,bce,msle
2,0.6943060587761674,0.4090827336366254,0.7916666666666666,0.4758454106280193,0.8678414096916299,0.6146645865834633,288.0,Achillea.millefolium,0.26751207729468596,opth,3,False,mlp1,bce,msle
3,0.8697536496350364,0.07601892032624953,0.7,0.8540145985401459,0.9936305732484076,0.9185475956820413,20.0,Achillea.nana,0.5540145985401459,opth,3,False,mlp1,bce,msle
4,0.8698489010989011,0.2652258320362901,0.8653846153846154,0.7011278195488722,0.9907038512616202,0.8211337369290038,52.0,Achillea.roseo.alba,0.5665124349334876,opth,3,False,mlp1,bce,msle
5,0.6039039039039039,0.014371957786489965,0.8333333333333334,0.3567567567567568,0.9974811083123426,0.5255474452554745,6.0,Achnatherum.calamagrostis,0.19009009009009015,opth,3,False,mlp1,bce,msle
6,0.7717094918695142,0.11685081211630063,0.7021276595744681,0.7231057062675398,0.9822109275730623,0.8329741379310345,47.0,Acinos.alpinus,0.42523336584200777,opth,3,False,mlp1,bce,msle
7,0.7399041969355709,0.0502655020674455,0.7931034482758621,0.6494940202391905,0.9915730337078652,0.7848804891606448,29.0,Acinos.arvensis,0.44259746851505266,opth,3,False,mlp1,bce,msle
8,0.7864630128781072,0.009801794626628753,0.6666666666666666,0.5992812219227314,0.9985029940119761,0.7490174059517125,3.0,Aconitum.lycoctonum,0.265947888589398,opth,3,False,mlp1,bce,msle
9,0.6388140161725067,0.014325793820928145,0.6666666666666666,0.8185085354896675,0.9989035087719298,0.899753086419753,3.0,Cacalia.leucophylla,0.48517520215633425,opth,3,False,mlp1,bce,msle
10,0.7679533213644524,0.008181203515889114,1.0,0.4524236983842011,1.0,0.622991347342398,2.0,Aegopodium.podagraria,0.45242369838420116,opth,3,False,mlp1,bce,msle
11,0.809833930315858,0.09812236922493461,0.972972972972973,0.5403151065801668,0.9982876712328768,0.7011425135297655,37.0,Agrimonia.eupatoria,0.5132880795531398,opth,3,False,mlp1,bce,msle
12,0.8657413159622996,0.24134533503176653,0.6981132075471698,0.8033866415804327,0.9816091954022989,0.8836006207966891,53.0,Agrostis.alpina,0.5014998491276024,opth,3,False,mlp1,bce,msle
13,0.8005782052038468,0.2968055494554609,0.8403361344537815,0.6078234704112337,0.9696,0.7472256473489519,119.0,Agrostis.capillaris,0.4481596048650154,opth,3,False,mlp1,bce,msle
14,0.8765001453428014,0.3144453112372917,0.6811594202898551,0.8061127029608405,0.9745958429561201,0.8823836905384214,69.0,Agrostis.rupestris,0.4872721232506956,opth,3,False,mlp1,bce,msle
15,0.78881862892703,0.04369634802051099,0.6666666666666666,0.7416440831074977,0.9963592233009708,0.8503366131538063,9.0,Agrostis.agrostiflora,0.40831074977416426,opth,3,False,mlp1,bce,msle
16,0.7410014277484157,0.2475578795619655,0.5945945945945946,0.76274328081557,0.9821002386634845,0.8586332811684925,37.0,Agrostis.stolonifera,0.3573378754101646,opth,3,False,mlp1,bce,msle
17,0.730201746461909,0.026305859357821388,0.7777777777777778,0.6630532971996387,0.9972826086956522,0.7965274009766685,9.0,Ajuga.chamaepitys,0.44083107497741647,opth,3,False,mlp1,bce,msle
18,0.749005424954792,0.020955184302285056,0.5,0.8318264014466547,0.9945945945945946,0.9059576563269326,10.0,Ajuga.genevensis,0.33182640144665454,opth,3,False,mlp1,bce,msle
19,0.9288288288288288,0.04950443818517891,1.0,0.80990990990991,1.0,0.8949726231956198,6.0,Ajuga.pyramidalis,0.8099099099099099,opth,3,False,mlp1,bce,msle
20,0.8609508329947175,0.18465606617645236,0.8478260869565217,0.6757009345794392,0.9904109589041096,0.8033333333333333,46.0,Ajuga.reptans,0.5235270215359611,opth,3,False,mlp1,bce,msle
21,0.8607686033680372,0.17603514099459872,1.0,0.6034639927073838,1.0,0.7527003979533826,19.0,Alchemilla.alpina,0.6034639927073839,opth,3,False,mlp1,bce,msle
22,0.662805243766601,0.14215841529255888,0.5818181818181818,0.6936852026390198,0.9696969696969697,0.8087912087912088,55.0,Alchemilla.xanthochlora,0.2755033844572017,opth,3,False,mlp1,bce,msle
23,0.7990416292303084,0.009238884091093436,1.0,0.5309973045822103,1.0,0.6936619718309859,3.0,Allium.lusitanicum,0.5309973045822103,opth,3,False,mlp1,bce,msle
24,0.6290644868301544,0.04807663659705319,0.26666666666666666,0.8247048138056312,0.9880304678998912,0.899009900990099,15.0,Allium.oleraceum,0.09137148047229782,opth,3,False,mlp1,bce,msle
25,0.6283001808318264,0.12754074095719375,0.4,0.8001808318264014,0.9932659932659933,0.8863294942413621,10.0,Allium.schoenoprasum,0.20018083182640156,opth,3,False,mlp1,bce,msle
26,0.7915391539153915,0.06220620163621983,0.8,0.585058505850585,0.9984639016897081,0.7377979568671964,5.0,Allium.scorodoprasum,0.3850585058505851,opth,3,False,mlp1,bce,msle
27,0.8702326592737551,0.15578462570311621,0.8571428571428571,0.7844748858447489,0.9965197215777262,0.8778742973939704,21.0,Allium.sphaerocephalon,0.641617742987606,opth,3,False,mlp1,bce,msle
28,0.5766019855595668,0.008916782955525917,0.25,0.7193140794223827,0.9925280199252802,0.8341182626896912,8.0,Allium.vineale,-0.03068592057761732,opth,3,False,mlp1,bce,msle
29,0.9218106995884774,0.349174312171537,0.6666666666666666,0.8852755194218609,0.9969481180061037,0.937799043062201,9.0,Alopecurus.pratensis,0.5519421860885276,opth,3,False,mlp1,bce,msle
30,0.6943042156733183,0.04799008631575824,0.6285714285714286,0.6484736355226642,0.9817927170868347,0.781058495821727,35.0,Alyssum.alyssoides,0.2770450640940929,opth,3,False,mlp1,bce,msle
31,0.7248498349178567,0.04102559026750487,0.6086956521739131,0.6688014638609332,0.9878378378378379,0.7975995635570103,23.0,Anacamptis.pyramidalis,0.2774971160348463,opth,3,False,mlp1,bce,msle
32,0.9075058335493906,0.16630896252221236,0.8571428571428571,0.7831215970961888,0.9976878612716763,0.8774783934926284,14.0,Androsace.obtusifolia,0.6402644542390459,opth,3,False,mlp1,bce,msle
33,0.9609515260323159,0.11176470588235295,1.0,0.7280071813285458,1.0,0.8425974025974026,2.0,Angelica.sylvestris,0.7280071813285458,opth,3,False,mlp1,bce,msle
34,0.9117300804047792,0.16745358894352763,0.9459459459459459,0.82483781278962,0.9977578475336323,0.9030948756976154,37.0,Antennaria.carpatica,0.7707837587355659,opth,3,False,mlp1,bce,msle
35,0.8557212452471483,0.21622076160656853,0.859375,0.7442965779467681,0.9886363636363636,0.8492407809110629,64.0,Antennaria.dioica,0.6036715779467681,opth,3,False,mlp1,bce,msle
36,0.6214028776978417,0.005841283852786238,0.25,0.7464028776978417,0.9963985594237695,0.8534704370179949,4.0,Anthemis.arvensis,-0.003597122302158251,opth,3,False,mlp1,bce,msle
37,0.8220415537488708,0.06382580814852286,0.7777777777777778,0.6766034327009937,0.9973368841544608,0.806243272335845,9.0,Anthericum.liliago,0.45438121047877145,opth,3,False,mlp1,bce,msle
38,0.6039496527777779,0.4243195695162966,0.6149425287356322,0.5377604166666666,0.7550274223034735,0.6281368821292775,348.0,Anthoxanthum.odoratum,0.15270294540229878,opth,3,False,mlp1,bce,msle
39,0.7836156898656899,0.11701764469261002,0.75,0.652014652014652,0.9916434540389972,0.7867403314917127,24.0,Anthriscus.sylvestris,0.4020146520146519,opth,3,False,mlp1,bce,msle
40,0.6850618513380496,0.2825841563229978,0.6577540106951871,0.6060279870828849,0.89792663476874,0.7236503856041131,187.0,Anthyllis.vulneraria,0.263781997778072,opth,3,False,mlp1,bce,msle
41,0.7567324955116697,0.005350060592706841,1.0,0.5691202872531418,1.0,0.7254004576659039,2.0,Aphanes.arvensis,0.5691202872531418,opth,3,False,mlp1,bce,msle
42,0.6892985611510791,0.010642551657197472,0.75,0.5161870503597122,0.9982608695652174,0.6804979253112033,4.0,Aquilegia.vulgaris,0.26618705035971235,opth,3,False,mlp1,bce,msle
43,0.5704770477047705,0.006469355762249375,0.4,0.6021602160216022,0.9955357142857143,0.7504206393718452,5.0,Arabidopsis.thaliana,0.0021602160216023236,opth,3,False,mlp1,bce,msle
44,0.8283016910467891,0.15254853540687985,0.6,0.830999066293184,0.9801762114537445,0.89944416371905,45.0,Arabis.ciliata,0.43099906629318396,opth,3,False,mlp1,bce,msle
45,0.7119948448863114,0.08666367791781436,0.6274509803921569,0.603755868544601,0.9712990936555891,0.7446438911407064,51.0,Arabis.hirsuta,0.2312068489367578,opth,3,False,mlp1,bce,msle
46,0.7354207669827637,0.19363534676610533,0.5802469135802469,0.7246376811594203,0.9566326530612245,0.8246289169873557,81.0,Arenaria.serpyllifolia,0.3048845947396672,opth,3,False,mlp1,bce,msle
47,0.6600719424460432,0.007954134696424479,0.5,0.7257194244604317,0.9975278121137207,0.8401874023945861,4.0,Armeria.arenaria,0.2257194244604317,opth,3,False,mlp1,bce,msle
48,0.8084435855507656,0.16404465733323897,0.6129032258064516,0.8460829493087557,0.9870967741935484,0.9111662531017369,31.0,Arnica.montana,0.45898617511520734,opth,3,False,mlp1,bce,msle
49,0.8229028968538731,0.42289843516426123,0.8275862068965517,0.7053669222343921,0.9484536082474226,0.8090452261306532,203.0,Arrhenatherum.elatius,0.5329531291309437,opth,3,False,mlp1,bce,msle
50,0.6756075607560756,0.007793583415464535,0.4,0.6687668766876688,0.9959785522788204,0.8002154011847065,5.0,Artemisia.absinthium,0.06876687668766879,opth,3,False,mlp1,bce,msle
51,0.8562038745387454,0.2333635112191962,0.65625,0.8551660516605166,0.988272921108742,0.9169139465875371,32.0,Artemisia.campestris,0.5114160516605166,opth,3,False,mlp1,bce,msle
52,0.7531531531531532,0.029566429646645655,0.6666666666666666,0.8666666666666667,0.9979253112033195,0.9276759884281581,6.0,Artemisia.vulgaris,0.5333333333333332,opth,3,False,mlp1,bce,msle
53,0.7609628589263421,0.11421018171260301,0.5416666666666666,0.74812734082397,0.9732034104750305,0.8459502382212811,48.0,Asperula.cynanchica,0.28979400749063666,opth,3,False,mlp1,bce,msle
54,0.9065884476534296,0.06692892966297523,1.0,0.7409747292418772,1.0,0.8512182477967859,8.0,Asphodelus.albus,0.7409747292418771,opth,3,False,mlp1,bce,msle
55,0.8823922787738577,0.2222396258849393,0.7884615384615384,0.8073308270676691,0.9873563218390805,0.8883143743536711,52.0,Aster.alpinus,0.5957923655292077,opth,3,False,mlp1,bce,msle
56,0.8085699023199022,0.08583855023494145,0.5416666666666666,0.7875457875457875,0.9873708381171068,0.8762098828323994,24.0,Aster.bellidiastrum,0.32921245421245415,opth,3,False,mlp1,bce,msle
57,0.6934470377019748,0.00485250203601484,0.5,0.6543985637342908,0.9986301369863013,0.7906724511930586,2.0,Aster.linosyris,0.15439856373429084,opth,3,False,mlp1,bce,msle
58,0.8852833638025595,0.24198683311956617,0.6363636363636364,0.9003656307129799,0.9919436052366566,0.9439386679444178,22.0,Astragalus.alpinus,0.5367292670766162,opth,3,False,mlp1,bce,msle
59,0.4905660377358491,0.0039699188633315775,0.6666666666666666,0.5956873315363881,0.9984939759036144,0.7462014631401238,3.0,Astragalus.depressus,0.2623539982030547,opth,3,False,mlp1,bce,msle
60,0.753327222731439,0.07684301117311802,0.6,0.7085242896425298,0.9872286079182631,0.8249733191035219,25.0,Astragalus.monspessulanus,0.30852428964252976,opth,3,False,mlp1,bce,msle
61,0.8524305555555556,0.2164841800506122,0.5833333333333334,0.8786231884057971,0.9948717948717949,0.9331409331409332,12.0,Astragalus.onobrychis,0.4619565217391304,opth,3,False,mlp1,bce,msle
62,0.5538599640933572,0.018274437161584497,0.5,0.7046678635547576,0.9987277353689568,0.8263157894736842,2.0,Astragalus.penduliflorus,0.20466786355475763,opth,3,False,mlp1,bce,msle
63,0.852875186970251,0.1656709699304325,0.8181818181818182,0.680073126142596,0.9946524064171123,0.8078175895765473,22.0,Astrantia.major,0.4982549443244142,opth,3,False,mlp1,bce,msle
64,0.9714478417266187,0.08766650016650017,1.0,0.8327338129496403,1.0,0.9087340529931305,4.0,Astrantia.minor,0.8327338129496402,opth,3,False,mlp1,bce,msle
65,0.7886287061994609,0.12764412695267727,0.8571428571428571,0.6424528301886793,0.988388969521045,0.7787307032590052,56.0,Deschampsia.flexuosa,0.49959568733153636,opth,3,False,mlp1,bce,msle
66,0.8035513566580823,0.1438647741346083,0.7611940298507462,0.7368922783603432,0.9797211660329531,0.8411316648531012,67.0,Bartsia.alpina,0.49808630821108935,opth,3,False,mlp1,bce,msle
67,0.844266582967148,0.17904969590074182,0.9259259259259259,0.6139359698681732,0.9939024390243902,0.7590221187427241,54.0,Bellis.perennis,0.539861895794099,opth,3,False,mlp1,bce,msle
68,0.7632298613443362,0.044763620196934625,0.7368421052631579,0.6927985414767548,0.9934640522875817,0.8163265306122449,19.0,Biscutella.laevigata,0.42964064673991276,opth,3,False,mlp1,bce,msle
69,0.774600739242625,0.03604583237063262,0.5384615384615384,0.8096101541251133,0.9933259176863182,0.8921078921078921,13.0,Blackstonia.perfoliata,0.3480716925866516,opth,3,False,mlp1,bce,msle
70,0.7151398916967509,0.017837713138785894,0.625,0.7418772563176895,0.9963636363636363,0.8504914640455251,8.0,Blysmus.compressus,0.3668772563176894,opth,3,False,mlp1,bce,msle
71,0.9139507922195028,0.05191923352582353,0.7142857142857143,0.8710550045085663,0.9979338842975206,0.9301877708233028,7.0,Bothriochloa.ischaemum,0.5853407187942805,opth,3,False,mlp1,bce,msle
72,0.8267554752765861,0.2164468707723818,0.7209302325581395,0.7844660194174757,0.9711538461538461,0.8678839957035446,86.0,Botrychium.lunaria,0.5053962519756152,opth,3,False,mlp1,bce,msle
73,0.7189748201438849,0.009040099880847714,0.75,0.7553956834532374,0.9988109393579072,0.8602150537634409,4.0,Brachypodium.sylvaticum,0.5053956834532374,opth,3,False,mlp1,bce,msle
74,0.7166276233487092,0.34628177499200075,0.7106382978723405,0.6118047673098751,0.8879736408566722,0.7244623655913979,235.0,Briza.media,0.32244306518221544,opth,3,False,mlp1,bce,msle
75,0.8473606956907056,0.6691587513417127,0.8455882352941176,0.713276836158192,0.8890845070422535,0.7915360501567398,408.0,Bromus.erectus,0.5588650714523098,opth,3,False,mlp1,bce,msle
76,0.8259732198279685,0.16749856049069092,0.9047619047619048,0.6424581005586593,0.9942363112391931,0.7805429864253394,42.0,Bromus.hordeaceus,0.547220005320564,opth,3,False,mlp1,bce,msle
77,0.4186882300089847,0.002965806286129229,1.0,0.30098831985624436,1.0,0.462707182320442,3.0,Bromus.squarrosus,0.3009883198562444,opth,3,False,mlp1,bce,msle
78,0.7806585429089967,0.03612955944856433,0.7142857142857143,0.6243194192377496,0.9942196531791907,0.7670011148272018,14.0,Bromus.sterilis,0.3386051335234639,opth,3,False,mlp1,bce,msle
79,0.4527452745274527,0.00467582884698456,0.0,0.666966696669667,0.9932975871313673,0.7980613893376414,5.0,Bromus.tectorum,-0.333033303330333,opth,3,False,mlp1,bce,msle
80,0.7798742138364779,0.17204332325815702,0.6666666666666666,0.6037735849056604,0.9985141158989599,0.7525195968645016,3.0,Bunias.orientalis,0.270440251572327,opth,3,False,mlp1,bce,msle
81,0.8130523989898989,0.2294238086246129,0.7333333333333333,0.7395833333333334,0.9799247176913425,0.8429573664328116,60.0,Bunium.bulbocastanum,0.47291666666666665,opth,3,False,mlp1,bce,msle
82,0.7076507650765076,0.00916510009107524,0.4,0.8226822682268227,0.9967284623773174,0.9013806706114399,5.0,Buphthalmum.salicifolium,0.2226822682268228,opth,3,False,mlp1,bce,msle
83,0.7829271454498314,0.05751887427991897,0.5,0.8539019963702359,0.9926160337552743,0.9180487804878049,14.0,Bupleurum.falcatum,0.3539019963702359,opth,3,False,mlp1,bce,msle
84,0.7986147584033614,0.061554229600501414,0.8214285714285714,0.6976102941176471,0.993455497382199,0.8196544276457883,28.0,Bupleurum.ranunculoides,0.5190388655462184,opth,3,False,mlp1,bce,msle
85,0.7444257194710915,0.11575573439908964,0.7142857142857143,0.543557168784029,0.9933665008291874,0.7026392961876833,14.0,Calamagrostis.varia,0.25784288306974323,opth,3,False,mlp1,bce,msle
86,0.7085953878406709,0.008509993457558549,0.6666666666666666,0.4303683737646002,0.9979166666666667,0.6013810420590081,3.0,Calluna.vulgaris,0.09703504043126676,opth,3,False,mlp1,bce,msle
87,0.9103439391987634,0.13579694838818926,0.7142857142857143,0.9639314697926059,0.9981325863678805,0.9807339449541285,7.0,Calystegia.sepium,0.6782171840783202,opth,3,False,mlp1,bce,msle
88,0.7434507678410117,0.044116480346999866,0.5555555555555556,0.7904245709123758,0.9954493742889647,0.8811681772406847,9.0,Campanula.barbata,0.3459801264679314,opth,3,False,mlp1,bce,msle
89,0.727585509006274,0.0372679206530261,0.4444444444444444,0.7477231329690346,0.9879663056558363,0.8512182477967859,18.0,Campanula.cochleariifolia,0.192167577413479,opth,3,False,mlp1,bce,msle
90,0.835626102292769,0.15950694069696064,0.9111111111111111,0.6181139122315593,0.993993993993994,0.7622337363270005,45.0,Campanula.glomerata,0.5292250233426703,opth,3,False,mlp1,bce,msle
91,0.7651651651651652,0.014212076072344367,0.8333333333333334,0.6441441441441441,0.9986033519553073,0.7831325301204819,6.0,Campanula.rapunculoides,0.4774774774774775,opth,3,False,mlp1,bce,msle
92,0.5481115107913669,0.005304231523658406,0.5,0.4973021582733813,0.9963963963963964,0.6634673065386922,4.0,Campanula.rapunculus,-0.0026978417266186883,opth,3,False,mlp1,bce,msle
93,0.8394648829431438,0.4374645671800885,0.8365384615384616,0.6363636363636364,0.9742813918305597,0.7698744769874477,104.0,Campanula.rhomboidalis,0.4729020979020979,opth,3,False,mlp1,bce,msle
94,0.5912374568014322,0.11354673219443576,0.6808510638297872,0.48140900195694714,0.9425287356321839,0.6373056994818653,94.0,Campanula.rotundifolia,0.16226006578673435,opth,3,False,mlp1,bce,msle
95,0.868341394913403,0.4038207424886252,0.6538461538461539,0.8397565922920892,0.9484536082474226,0.8908015061861215,130.0,Campanula.scheuchzeri,0.49360274613824306,opth,3,False,mlp1,bce,msle
96,0.9829596412556054,0.05,1.0,0.9623318385650225,1.0,0.9808043875685558,1.0,Campanula.thyrsoides,0.9623318385650226,opth,3,False,mlp1,bce,msle
97,0.7004541326067212,0.02397410523708257,0.6666666666666666,0.6548592188919165,0.9931129476584022,0.789272030651341,15.0,Capsella.bursa.pastoris,0.3215258855585832,opth,3,False,mlp1,bce,msle
98,0.8412296564195298,0.055269222829284134,0.9,0.6555153707052441,0.9986225895316805,0.7914847161572053,10.0,Cardamine.pratensis,0.555515370705244,opth,3,False,mlp1,bce,msle
99,0.7837290684559101,0.32283840935789593,0.6619718309859155,0.7772073921971252,0.9403726708074535,0.8510399100618324,142.0,Carduus.defloratus,0.4391792231830407,opth,3,False,mlp1,bce,msle
100,0.5638863796045368,0.01207838711161294,0.5555555555555556,0.4760614272809395,0.992467043314501,0.6434676434676435,9.0,Carduus.nutans,0.031616982836494945,opth,3,False,mlp1,bce,msle
101,0.8259493670886076,0.03303856624347569,0.7,0.8047016274864376,0.9966405375139977,0.8904452226113057,10.0,Carex.atrata,0.5047016274864375,opth,3,False,mlp1,bce,msle
102,0.915175358633594,0.2592728073248891,0.9473684210526315,0.6089334548769371,0.9985052316890882,0.7565118912797282,19.0,Carex.capillaris,0.5563018759295686,opth,3,False,mlp1,bce,msle
103,0.6885339051192709,0.20460314966507698,0.5384615384615384,0.6604878048780488,0.9415855354659249,0.7763761467889908,91.0,Carex.caryophyllea,0.19894934333958725,opth,3,False,mlp1,bce,msle
104,0.881917736783782,0.20950441593173155,0.7931034482758621,0.8090737240075614,0.9861751152073732,0.8888888888888888,58.0,Carex.curvula,0.6021771722834235,opth,3,False,mlp1,bce,msle
105,0.5587001234060058,0.03398223826987046,0.45454545454545453,0.6941176470588235,0.9922380336351876,0.8168264110756124,11.0,Carex.davalliana,0.1486631016042781,opth,3,False,mlp1,bce,msle
106,0.620148916967509,0.010039504991356389,0.125,0.8185920577617328,0.9923413566739606,0.897131552917903,8.0,Carex.distans,-0.05640794223826717,opth,3,False,mlp1,bce,msle
107,0.7679856115107915,0.010075912163496842,1.0,0.5305755395683454,1.0,0.6933019976498237,4.0,Carex.divulsa,0.5305755395683454,opth,3,False,mlp1,bce,msle
108,0.6714542190305206,0.003966181868444089,0.5,0.625673249551167,0.998567335243553,0.7693156732891833,2.0,Carex.ericetorum,0.125673249551167,opth,3,False,mlp1,bce,msle
109,0.5856564748201439,0.0092087732346098,0.5,0.5080935251798561,0.9964726631393298,0.6730196545562835,4.0,Carex.ferruginea,0.008093525179856176,opth,3,False,mlp1,bce,msle
110,0.6642610443837311,0.13038109545339102,0.5157894736842106,0.6699314397649363,0.936986301369863,0.781267846944603,95.0,Carex.flacca,0.18572091344914687,opth,3,False,mlp1,bce,msle
111,0.7673322917683819,0.11906844128024202,0.39473684210526316,0.8506493506493507,0.975531914893617,0.908820614469772,38.0,Carex.halleriana,0.24538619275461393,opth,3,False,mlp1,bce,msle
112,0.8800076764381327,0.12001969126456892,0.7368421052631579,0.8614402917046491,0.9947368421052631,0.9233023937469468,19.0,Carex.hirta,0.5982823969678068,opth,3,False,mlp1,bce,msle
113,0.4401440144014402,0.004535332761918554,0.8,0.22862286228622863,0.996078431372549,0.3718887262079063,5.0,Carex.hostiana,0.028622862286228568,opth,3,False,mlp1,bce,msle
114,0.7906837980826604,0.12148281512526148,0.4782608695652174,0.8847209515096066,0.9877425944841676,0.9333976833976834,23.0,Carex.humilis,0.36298182107482413,opth,3,False,mlp1,bce,msle
115,0.7459239130434783,0.029902550376848254,0.4166666666666667,0.7898550724637681,0.9920364050056882,0.8794755421079173,12.0,Carex.liparocarpos,0.2065217391304348,opth,3,False,mlp1,bce,msle
116,0.7218428630193336,0.07384422097688159,0.45454545454545453,0.7601809954751131,0.9929078014184397,0.8610968733982574,11.0,Carex.montana,0.21472645002056767,opth,3,False,mlp1,bce,msle
117,0.8407108066156399,0.07236403349509035,0.8823529411764706,0.6624203821656051,0.9972602739726028,0.7960634226353198,17.0,Carex.spicata,0.5447733233420755,opth,3,False,mlp1,bce,msle
118,0.6361809696655432,0.23848528884562217,0.5,0.7459165154264973,0.991556091676719,0.8513723459347489,14.0,Carex.nigra,0.24591651542649728,opth,3,False,mlp1,bce,msle
119,0.860241299951182,0.05398609032912219,0.6923076923076923,0.7869446962828649,0.9954128440366973,0.8789873417721519,13.0,Carex.ornithopoda,0.4792523885905573,opth,3,False,mlp1,bce,msle
120,0.8496914849856027,0.056025438716580736,0.45454545454545453,0.8769230769230769,0.9938461538461538,0.9317307692307693,11.0,Carex.pallescens,0.3314685314685315,opth,3,False,mlp1,bce,msle
121,0.7235197066911091,0.059547407946986194,0.72,0.6351970669110908,0.99,0.7738693467336684,25.0,Carex.panicea,0.3551970669110909,opth,3,False,mlp1,bce,msle
122,0.8334406801494267,0.037539272683002806,0.7142857142857143,0.739404869251578,0.9975669099756691,0.8493008803728638,7.0,Carex.rupestris,0.4536905835372922,opth,3,False,mlp1,bce,msle
123,0.8340540481063357,0.41277095272674774,0.8131313131313131,0.7429193899782135,0.9485396383866481,0.8332315210751374,198.0,Carex.sempervirens,0.5560507031095265,opth,3,False,mlp1,bce,msle
124,0.7845735406932143,0.041599799987482575,0.5384615384615384,0.7533998186763372,0.992831541218638,0.856701030927835,13.0,Carex.tomentosa,0.29186135713787564,opth,3,False,mlp1,bce,msle
125,0.814116788764933,0.3923588867841065,0.6791044776119403,0.7963340122199593,0.9478787878787879,0.8655229662423907,134.0,Carlina.acaulis,0.4754384898318995,opth,3,False,mlp1,bce,msle
126,0.7513295662290178,0.04525221505715213,0.5,0.7851919561243145,0.9873563218390805,0.8747454175152749,22.0,Carlina.vulgaris,0.2851919561243146,opth,3,False,mlp1,bce,msle
127,0.8156900781651166,0.2519438956304528,0.8705882352941177,0.646944713870029,0.9837758112094396,0.7805734347571679,85.0,Carum.carvi,0.5175329491641467,opth,3,False,mlp1,bce,msle
128,0.688421236792612,0.21265798497407346,0.9763313609467456,0.39493136219640973,0.9894179894179894,0.5645283018867925,169.0,Centaurea.jacea,0.37126272314315534,opth,3,False,mlp1,bce,msle
129,0.8718186796181224,0.1877640247146687,0.9230769230769231,0.6044568245125348,0.9954128440366973,0.7521663778162911,39.0,Centaurea.montana,0.5275337475894579,opth,3,False,mlp1,bce,msle
130,0.8196384298432137,0.3116370320087378,0.8849557522123894,0.5852442671984048,0.9783333333333334,0.7323767935121647,113.0,Centaurea.scabiosa,0.47020001941079426,opth,3,False,mlp1,bce,msle
131,0.8002494076568152,0.4711452207910747,0.6488888888888888,0.7755331088664422,0.8974025974025974,0.8320288982540638,225.0,Cerastium.arvense,0.42442199775533096,opth,3,False,mlp1,bce,msle
132,0.7796483352038908,0.06234385117492068,0.9259259259259259,0.5234159779614325,0.9965034965034965,0.6863335340156532,27.0,Cerastium.brachypetalum,0.4493419038873583,opth,3,False,mlp1,bce,msle
133,0.7860337117303062,0.29888381896697436,0.7414965986394558,0.6965944272445821,0.9467040673211781,0.8026159334126041,147.0,Cerastium.fontanum,0.43809102588403803,opth,3,False,mlp1,bce,msle
134,0.8498940357250984,0.07138284675777176,0.8666666666666667,0.5522252497729337,0.9967213114754099,0.7106954997077732,15.0,Cerastium.glomeratum,0.41889191643960055,opth,3,False,mlp1,bce,msle
135,0.6615909090909091,0.02173359187818852,0.1875,0.8090909090909091,0.9856035437430787,0.8886669995007489,16.0,Cerastium.pumilum,-0.003409090909090917,opth,3,False,mlp1,bce,msle
136,0.5243243243243243,0.006203353023024586,0.16666666666666666,0.6756756756756757,0.9933774834437086,0.8042895442359249,6.0,Cerastium.semidecandrum,-0.1576576576576577,opth,3,False,mlp1,bce,msle
137,0.7521993172268907,0.12011309155678307,0.5357142857142857,0.7169117647058824,0.9836065573770492,0.8293460925039873,28.0,Chaerophyllum.aureum,0.25262605042016806,opth,3,False,mlp1,bce,msle
138,0.7474417196488041,0.033404930409015855,0.9333333333333333,0.4150772025431426,0.9978165938864629,0.5862732520846696,15.0,Chaerophyllum.hirsutum,0.34841053587647597,opth,3,False,mlp1,bce,msle
139,0.89617673992674,0.22783252804405202,0.8333333333333334,0.8498168498168498,0.9957081545064378,0.9169960474308301,24.0,Chaerophyllum.villarsii,0.6831501831501832,opth,3,False,mlp1,bce,msle
140,0.5731597845601436,0.003241410653558238,0.5,0.6974865350089766,0.9987146529562982,0.821353065539112,2.0,Chenopodium.album,0.19748653500897673,opth,3,False,mlp1,bce,msle
141,0.6468075539568345,0.007267194455302218,1.0,0.5134892086330936,1.0,0.6785502079619726,4.0,Chondrilla.juncea,0.5134892086330936,opth,3,False,mlp1,bce,msle
142,0.49505840071877805,0.0034008051548602286,0.3333333333333333,0.4591194968553459,0.9961013645224172,0.6285362853628537,3.0,Cichorium.intybus,-0.2075471698113207,opth,3,False,mlp1,bce,msle
143,0.6906729489886845,0.14531213115731456,0.4810126582278481,0.7608486017357763,0.9506024096385542,0.8452062131762186,79.0,Cirsium.acaule,0.2418612599636245,opth,3,False,mlp1,bce,msle
144,0.7774290297830788,0.12910974226057156,0.6296296296296297,0.751412429378531,0.9755501222493888,0.8489361702127659,54.0,Cirsium.arvense,0.3810420590081607,opth,3,False,mlp1,bce,msle
145,0.6998765939942411,0.02476688579603129,0.5454545454545454,0.7538461538461538,0.9940334128878282,0.8574369531652084,11.0,Cirsium.eriophorum,0.29930069930069925,opth,3,False,mlp1,bce,msle
146,0.8876687668766876,0.06069506141719081,0.8,0.8145814581458146,0.9988962472406181,0.8973723351512147,5.0,Cirsium.palustre,0.6145814581458147,opth,3,False,mlp1,bce,msle
147,0.7664052746566792,0.13326137800127857,0.5833333333333334,0.7752808988764045,0.9764150943396226,0.8643006263048016,48.0,Cirsium.spinosissimum,0.35861423220973787,opth,3,False,mlp1,bce,msle
148,0.8197449609214317,0.03883938279147361,0.8181818181818182,0.6425339366515838,0.9971910112359551,0.7815079801871216,11.0,Cirsium.tuberosum,0.460715754833402,opth,3,False,mlp1,bce,msle
149,0.7767575203589829,0.050652024035342344,0.7272727272727273,0.7120658135283364,0.9923566878980892,0.8291644491750931,22.0,Cirsium.vulgare,0.4393385408010637,opth,3,False,mlp1,bce,msle
150,0.6832579185520362,0.01675816437484199,0.9090909090909091,0.4642533936651584,0.9980544747081712,0.6337245213094502,11.0,Clinopodium.vulgare,0.37334430275606745,opth,3,False,mlp1,bce,msle
151,0.8092903440252619,0.11957263728815634,0.7727272727272727,0.6389396709323584,0.9928977272727273,0.7775305895439377,22.0,Coeloglossum.viride,0.4116669436596312,opth,3,False,mlp1,bce,msle
152,0.8176057527089976,0.2930560535201727,0.8686868686868687,0.6175024582104228,0.9797191887675507,0.7575392038600723,99.0,Colchicum.autumnale,0.48618932689729144,opth,3,False,mlp1,bce,msle
153,0.8122716753055487,0.18303287353850187,0.7346938775510204,0.676663542642924,0.9823129251700681,0.8013318534961155,49.0,Convolvulus.arvensis,0.4113574201939445,opth,3,False,mlp1,bce,msle
154,0.6518098673193353,0.011262846844015937,0.14285714285714285,0.7376014427412083,0.9927184466019418,0.8463528194516295,7.0,Conyza.canadensis,-0.1195414144016489,opth,3,False,mlp1,bce,msle
155,0.7626151012891345,0.06771917110760044,0.36666666666666664,0.8756906077348067,0.9804123711340206,0.9250972762645915,30.0,Coronilla.minima,0.24235727440147325,opth,3,False,mlp1,bce,msle
156,0.7696396162820844,0.027190893470287934,0.35714285714285715,0.7994555353901996,0.9898876404494382,0.8845381526104418,14.0,Crepis.aurea,0.15659839253305674,opth,3,False,mlp1,bce,msle
157,0.857920066959615,0.2343598562813482,0.7592592592592593,0.795668549905838,0.9848484848484849,0.8802083333333334,54.0,Crepis.biennis,0.5549278091650973,opth,3,False,mlp1,bce,msle
158,0.95735559566787,0.11552410491555228,1.0,0.7716606498194946,1.0,0.8711156393275599,8.0,Crepis.bocconi,0.7716606498194944,opth,3,False,mlp1,bce,msle
159,0.8567807877679907,0.14594217079637054,0.9090909090909091,0.5950639853747715,0.996937212863706,0.745277618775043,22.0,Crepis.conyzifolia,0.5041548944656804,opth,3,False,mlp1,bce,msle
160,0.6481293154204357,0.023046581797958317,0.5294117647058824,0.6232939035486806,0.9884559884559885,0.7645089285714286,17.0,Crepis.foetida,0.1527056682545629,opth,3,False,mlp1,bce,msle
161,0.8172817281728173,0.040747460983778225,0.4,0.9765976597659766,0.9972426470588235,0.98681218735789,5.0,Crepis.mollis,0.3765976597659766,opth,3,False,mlp1,bce,msle
162,0.8035714285714286,0.16011455049818285,0.8214285714285714,0.7086397058823529,0.9935567010309279,0.8272532188841202,28.0,Crepis.pyrenaica,0.5300682773109244,opth,3,False,mlp1,bce,msle
163,0.7959296947271045,0.07468454272690402,0.8857142857142857,0.6586493987049029,0.994413407821229,0.7924318308291597,35.0,Crepis.vesicaria,0.5443636844191886,opth,3,False,mlp1,bce,msle
164,0.7776777677767777,0.014275276819686265,0.8,0.7560756075607561,0.9988109393579072,0.860655737704918,5.0,Cruciata.glabra,0.5560756075607562,opth,3,False,mlp1,bce,msle
165,0.8644222020018199,0.06825752454738065,1.0,0.6578707916287534,1.0,0.7936333699231614,17.0,Cruciata.laevipes,0.6578707916287534,opth,3,False,mlp1,bce,msle
166,0.7247747747747748,0.02196177828244722,0.5,0.7837837837837838,0.9965635738831615,0.8774583963691377,6.0,Cruciata.pedemontana,0.28378378378378377,opth,3,False,mlp1,bce,msle
167,0.5673064536905835,0.01463598368975668,0.42857142857142855,0.5852119026149685,0.9938744257274119,0.7366628830874007,7.0,Cuscuta.epithymum,0.013783331186397074,opth,3,False,mlp1,bce,msle
168,0.8169061575971364,0.21805196760157602,0.7972972972972973,0.7312859884836852,0.9806949806949807,0.8378229796591534,74.0,Cynosurus.cristatus,0.5285832857809825,opth,3,False,mlp1,bce,msle
169,0.846147581943699,0.6796372072819192,0.8309859154929577,0.7017082785808147,0.898989898989899,0.7881918819188192,355.0,Dactylis.glomerata,0.5326941940737724,opth,3,False,mlp1,bce,msle
170,0.852914798206278,0.006060606060606061,1.0,0.5811659192825112,1.0,0.7351106069200227,1.0,Dactylorhiza.maculata,0.5811659192825112,opth,3,False,mlp1,bce,msle
171,0.5890763879943322,0.014211068570908696,0.7142857142857143,0.5653742110009017,0.9968203497615262,0.7215189873417721,7.0,Dactylorhiza.majalis,0.2796599252866159,opth,3,False,mlp1,bce,msle
172,0.583408273381295,0.005635137432050293,0.0,0.8390287769784173,0.9957310565635006,0.9106881405563689,4.0,Danthonia.decumbens,-0.16097122302158273,opth,3,False,mlp1,bce,msle
173,0.8005464199185525,0.20544161097760438,0.8526315789473684,0.614103819784525,0.9781591263650546,0.7545126353790613,95.0,Daucus.carota,0.4667353987318934,opth,3,False,mlp1,bce,msle
174,0.7247339475751732,0.08920643837677966,0.717948717948718,0.6425255338904364,0.984352773826458,0.7775280898876404,39.0,Deschampsia.cespitosa,0.3604742518391544,opth,3,False,mlp1,bce,msle
175,0.7029194302489943,0.06535009118833286,0.5882352941176471,0.6293900184842883,0.9798561151079137,0.7664603263927968,34.0,Dianthus.carthusianorum,0.2176253126019354,opth,3,False,mlp1,bce,msle
176,0.5486948694869487,0.011037764601584604,0.4,0.6921692169216922,0.9961139896373057,0.8167817312798725,5.0,Dianthus.deltoides,0.09216921692169233,opth,3,False,mlp1,bce,msle
177,0.8257899628252788,0.1525366998366091,0.65,0.8094795539033457,0.984180790960452,0.8883222845486997,40.0,Dianthus.sylvestris,0.4594795539033458,opth,3,False,mlp1,bce,msle
178,0.9302186283318359,0.02896214896214896,1.0,0.8769092542677448,1.0,0.9344183820009574,3.0,Dipsacus.fullonum,0.8769092542677448,opth,3,False,mlp1,bce,msle
179,0.8608270202020202,0.1857272111778929,0.8666666666666667,0.7585227272727273,0.9901112484548825,0.8589812332439678,60.0,Draba.aizoides,0.625189393939394,opth,3,False,mlp1,bce,msle
180,0.8430493273542601,0.005681818181818182,1.0,0.7784753363228699,1.0,0.875441250630358,1.0,Draba.siliquosa,0.7784753363228698,opth,3,False,mlp1,bce,msle
181,0.8589599700710812,0.15273096070836448,0.8148148148148148,0.7842056932966024,0.9941792782305006,0.8767967145790554,27.0,Dryas.octopetala,0.5990205081114173,opth,3,False,mlp1,bce,msle
182,0.3722671458520515,0.0027274730761129443,0.0,0.8544474393530997,0.9968553459119497,0.9201741654571843,3.0,Dryopteris.filix.mas,-0.14555256064690025,opth,3,False,mlp1,bce,msle
183,0.7201933404940924,0.07464144272902819,0.5789473684210527,0.7022263450834879,0.9793014230271668,0.8179362506753106,38.0,Echium.vulgare,0.2811737135045407,opth,3,False,mlp1,bce,msle
184,0.5803411131059246,0.00312281861934678,0.0,0.829443447037702,0.9978401727861771,0.9058823529411765,2.0,Epilobium.angustifolium,-0.170556552962298,opth,3,False,mlp1,bce,msle
185,0.7244744744744744,0.02514488659164374,0.6666666666666666,0.7162162162162162,0.9974905897114178,0.8337703198741478,6.0,Epipactis.palustris,0.38288288288288275,opth,3,False,mlp1,bce,msle
186,0.8130671506352087,0.0417558351696687,0.9285714285714286,0.603448275862069,0.9984984984984985,0.752262443438914,14.0,Equisetum.arvense,0.5320197044334976,opth,3,False,mlp1,bce,msle
187,0.6542206162802369,0.014198719165524967,0.2222222222222222,0.7524841915085817,0.9916666666666667,0.8556753980482794,9.0,Equisetum.palustre,-0.02529358626919609,opth,3,False,mlp1,bce,msle
188,0.859538784067086,0.020394325400743884,0.3333333333333333,0.9532794249775381,0.9981185324553151,0.9751838235294118,3.0,Equisetum.telmateia,0.2866127583108715,opth,3,False,mlp1,bce,msle
189,0.8415619389587075,0.010225385527876631,1.0,0.7280071813285458,1.0,0.8425974025974026,2.0,Erigeron.acer,0.7280071813285458,opth,3,False,mlp1,bce,msle
190,0.8197224353162704,0.04491459096274532,0.5384615384615384,0.8485947416137806,0.9936305732484076,0.9154034229828851,13.0,Erigeron.alpinus,0.387056280075319,opth,3,False,mlp1,bce,msle
191,0.8163563112647908,0.07010956499826984,0.9310344827586207,0.671573137074517,0.9972677595628415,0.8026388125343595,29.0,Erigeron.annuus,0.6026076198331376,opth,3,False,mlp1,bce,msle
192,0.769844890510949,0.03772533906637829,0.3,0.8494525547445255,0.9851851851851852,0.912297893189613,20.0,Erigeron.glabratus,0.14945255474452557,opth,3,False,mlp1,bce,msle
193,0.861026102610261,0.03544859385559028,0.8,0.7974797479747975,0.9988726042841037,0.8868868868868869,5.0,Erigeron.neglectus,0.5974797479747975,opth,3,False,mlp1,bce,msle
194,0.8828781512605042,0.1800203996167739,0.9285714285714286,0.7527573529411765,0.997563946406821,0.858040859088528,28.0,Erigeron.uniflorus,0.681328781512605,opth,3,False,mlp1,bce,msle
195,0.5491317876141725,0.013187988335731766,0.3333333333333333,0.4859981933152665,0.9889705882352942,0.6517262265293762,9.0,Erodium.cicutarium,-0.18066847335140013,opth,3,False,mlp1,bce,msle
196,0.6711590296495957,0.00634406952675063,0.3333333333333333,0.816711590296496,0.9978046103183315,0.8982213438735178,3.0,Erophila.verna,0.15004492362982935,opth,3,False,mlp1,bce,msle
197,0.7690938200448287,0.1422102513829721,0.72,0.6983669548511047,0.9719251336898396,0.8127445500279485,75.0,Eryngium.campestre,0.41836695485110464,opth,3,False,mlp1,bce,msle
198,0.8030006523157209,0.0952624024510225,0.7619047619047619,0.7470319634703196,0.9939246658566221,0.8529718456725756,21.0,Erysimum.rhaeticum,0.5089367253750816,opth,3,False,mlp1,bce,msle
199,0.7834600025763236,0.12334303323286543,0.7142857142857143,0.6474301172227231,0.9972222222222222,0.7851284855112083,7.0,Erysimum.virgatum,0.36171583150843745,opth,3,False,mlp1,bce,msle
200,0.7419210053859964,0.007910750507099391,0.5,0.625673249551167,0.998567335243553,0.7693156732891833,2.0,Eupatorium.cannabinum,0.125673249551167,opth,3,False,mlp1,bce,msle
201,0.7388575060019771,0.26568086203860264,0.7054794520547946,0.6618556701030928,0.9372262773722628,0.7758308157099698,146.0,Euphorbia.cyparissias,0.36733512215788733,opth,3,False,mlp1,bce,msle
202,0.7443541102077688,0.044863945245753385,0.6666666666666666,0.5618789521228545,0.9952,0.7182448036951501,9.0,Euphorbia.dulcis,0.22854561878952118,opth,3,False,mlp1,bce,msle
203,0.4053811659192825,0.0015060240963855422,0.0,0.4260089686098655,0.9978991596638656,0.5971087366436204,1.0,Euphorbia.helioscopia,-0.5739910313901345,opth,3,False,mlp1,bce,msle
204,0.8338433843384339,0.08878665689149562,0.8,0.828082808280828,0.998914223669924,0.905511811023622,5.0,Euphorbia.seguieriana,0.6280828082808281,opth,3,False,mlp1,bce,msle
205,0.8306205162660656,0.14134667246339574,0.8604651162790697,0.65237651444548,0.9915014164305949,0.7869589657110736,43.0,Euphorbia.brittingeri,0.5128416307245498,opth,3,False,mlp1,bce,msle
206,0.7546020222971221,0.03286270790846891,0.6428571428571429,0.8502722323049002,0.994692144373673,0.9168297455968689,14.0,Euphrasia.alpina,0.49312937516204314,opth,3,False,mlp1,bce,msle
207,0.8614952313718975,0.19775812942025878,0.8115942028985508,0.7841451766953199,0.9844124700239808,0.8729399255715046,69.0,Euphrasia.minima,0.5957393795938706,opth,3,False,mlp1,bce,msle
208,0.8076388888888889,0.18128786693109086,0.5277777777777778,0.850925925925926,0.9818376068376068,0.9117063492063492,36.0,Euphrasia.salisburgensis,0.37870370370370376,opth,3,False,mlp1,bce,msle
209,0.8390287769784173,0.013136688875667124,1.0,0.5278776978417267,1.0,0.6909947027663331,4.0,Euphrasia.stricta,0.5278776978417268,opth,3,False,mlp1,bce,msle
210,0.8612791896373986,0.34464182623709694,0.9099099099099099,0.6696517412935323,0.9853587115666179,0.79739336492891,111.0,Festuca.arundinacea,0.5795616512034423,opth,3,False,mlp1,bce,msle
211,0.823076923076923,0.1592897841742414,0.5384615384615384,0.8715596330275229,0.9875259875259875,0.9259259259259259,26.0,Festuca.ovina,0.41002117148906136,opth,3,False,mlp1,bce,msle
212,0.9131103074141049,0.0605626644354518,0.8,0.8318264014466547,0.9978308026030369,0.9072978303747534,10.0,Festuca.halleri,0.6318264014466548,opth,3,False,mlp1,bce,msle
213,0.7725720225720227,0.2864929814735222,0.7012987012987013,0.7120582120582121,0.9370725034199726,0.8092144122858831,154.0,Festuca.laevigata,0.4133569133569135,opth,3,False,mlp1,bce,msle
214,0.6939656419006854,0.25425360761375093,0.6830985915492958,0.5913757700205339,0.927536231884058,0.722257053291536,142.0,Festuca.nigrescens,0.27447436156982974,opth,3,False,mlp1,bce,msle
215,0.8317890835579513,0.1967580835368024,0.8214285714285714,0.7254716981132076,0.9871630295250321,0.8363240891789016,56.0,Festuca.paniculata,0.5469002695417791,opth,3,False,mlp1,bce,msle
216,0.9038819710515114,0.3291725710322428,0.9583333333333334,0.7519157088122606,0.9961928934010152,0.8569868995633187,72.0,Festuca.quadriflora,0.7102490421455938,opth,3,False,mlp1,bce,msle
217,0.6434086126670817,0.19840201550425546,0.6231884057971014,0.565439672801636,0.9140495867768595,0.6986734049273531,138.0,Festuca.rubra,0.18862807859873731,opth,3,False,mlp1,bce,msle
218,0.8132374937676583,0.08824648733786422,0.7727272727272727,0.6407678244972578,0.9929178470254958,0.7788888888888889,22.0,Festuca.valesiaca,0.4134950972245304,opth,3,False,mlp1,bce,msle
219,0.8665510012289454,0.4434539435916124,0.6540880503144654,0.8045977011494253,0.9333333333333333,0.8641975308641975,159.0,Festuca.violacea,0.4586857514638907,opth,3,False,mlp1,bce,msle
220,0.7666754201680672,0.08301820775408543,0.8571428571428571,0.5101102941176471,0.9928443649373881,0.6739526411657559,28.0,Filipendula.vulgaris,0.3672531512605042,opth,3,False,mlp1,bce,msle
221,0.5931859205776173,0.010721148458179827,0.75,0.4503610108303249,0.9960079840319361,0.620261031696706,8.0,Fragaria.vesca,0.20036101083032487,opth,3,False,mlp1,bce,msle
222,0.7030698659139025,0.06261328244663014,0.38461538461538464,0.8330275229357799,0.9826839826839827,0.9016881827209533,26.0,Fumana.procumbens,0.21764290755116456,opth,3,False,mlp1,bce,msle
223,0.7888388838883889,0.03584661249785495,0.6,0.7776777677767777,0.9976905311778291,0.874051593323217,5.0,Galeopsis.tetrahit,0.37767776777677753,opth,3,False,mlp1,bce,msle
224,0.8146932845728028,0.1176746314315608,0.6756756756756757,0.7664504170528267,0.9856972586412396,0.862356621480709,37.0,Galium.anisophyllon,0.44212609272850223,opth,3,False,mlp1,bce,msle
225,0.9735188509874326,0.050505050505050504,1.0,0.5529622980251346,1.0,0.7121387283236994,2.0,Galium.aparine,0.5529622980251347,opth,3,False,mlp1,bce,msle
226,0.7288568773234201,0.09621892979414891,0.875,0.49070631970260226,0.9906191369606003,0.656308266003729,40.0,Galium.boreale,0.36570631970260226,opth,3,False,mlp1,bce,msle
227,0.8047272186710273,0.09298515378038937,0.6774193548387096,0.7649769585253456,0.9880952380952381,0.8623376623376623,31.0,Galium.corrudifolium,0.44239631336405516,opth,3,False,mlp1,bce,msle
228,0.8284656519950637,0.03150067207726289,0.9090909090909091,0.6950226244343891,0.9986996098829649,0.8196371398078975,11.0,Galium.glaucum,0.6041135335252981,opth,3,False,mlp1,bce,msle
229,0.6878649635036496,0.04497886178567497,0.4,0.8166058394160584,0.9867695700110254,0.8936595107338992,20.0,Galium.lucidum,0.21660583941605838,opth,3,False,mlp1,bce,msle
230,0.7781365193746457,0.3959197983600752,0.8497652582159625,0.5880398671096345,0.9431616341030196,0.7244201909959073,213.0,Galium.mollugo,0.437805125325597,opth,3,False,mlp1,bce,msle
231,0.7265860108824512,0.264187297135811,0.7014925373134329,0.6160896130346232,0.937984496124031,0.743700061462815,134.0,Galium.pumilum,0.31758215034805604,opth,3,False,mlp1,bce,msle
232,0.7493671627552791,0.4473031209368425,0.8581314878892734,0.5211608222490931,0.913135593220339,0.6635873749037722,289.0,Galium.verum,0.3792923101383665,opth,3,False,mlp1,bce,msle
233,0.8223079676995902,0.13986621540032926,0.6086956521739131,0.8096980786825252,0.9899328859060402,0.8907901358832411,23.0,Genista.pilosa,0.4183937308564383,opth,3,False,mlp1,bce,msle
234,0.8131967850661136,0.08130676410426586,1.0,0.39473684210526316,1.0,0.5660377358490566,14.0,Genista.sagittalis,0.3947368421052633,opth,3,False,mlp1,bce,msle
235,0.7786985880908532,0.06027199114920368,0.7666666666666667,0.7108655616942909,0.9910141206675225,0.8278820375335121,30.0,Genista.tinctoria,0.47753222836095777,opth,3,False,mlp1,bce,msle
236,0.8213045944412932,0.10613517681245951,0.7073170731707317,0.7609302325581395,0.9855421686746988,0.8587926509186352,41.0,Gentiana.acaulis,0.4682473057288712,opth,3,False,mlp1,bce,msle
237,0.7800180831826402,0.03157158513607189,0.9,0.6265822784810127,0.9985590778097982,0.77,10.0,Gentiana.alpina,0.5265822784810128,opth,3,False,mlp1,bce,msle
238,0.8545618789521228,0.03642419997562578,0.6666666666666666,0.8166214995483289,0.9966923925027563,0.8977159880834161,9.0,Gentiana.bavarica,0.4832881662149955,opth,3,False,mlp1,bce,msle
239,0.8174617461746174,0.019312526761889645,0.8,0.648964896489649,0.9986149584487535,0.7866884888161484,5.0,Gentiana.cruciata,0.4489648964896489,opth,3,False,mlp1,bce,msle
240,0.8415267584866458,0.3068208901610738,0.8275862068965517,0.6987366375121478,0.9795640326975477,0.815655133295519,87.0,Gentiana.lutea,0.5263228444086994,opth,3,False,mlp1,bce,msle
241,0.8477272727272728,0.08425345510700301,0.25,0.9390909090909091,0.9885167464114832,0.9631701631701631,16.0,Gentiana.nivalis,0.18909090909090898,opth,3,False,mlp1,bce,msle
242,0.8604882459312839,0.058011762168372547,0.9,0.6139240506329114,0.9985294117647059,0.7603583426651735,10.0,Gentiana.punctata,0.5139240506329115,opth,3,False,mlp1,bce,msle
243,0.8893454371715241,0.452153517131061,0.8869565217391304,0.7672327672327672,0.9833546734955185,0.8619528619528619,115.0,Gentiana.verna,0.6541892889718977,opth,3,False,mlp1,bce,msle
244,0.7094892403422349,0.02487984179695225,0.7142857142857143,0.6751361161524501,0.9946524064171123,0.8043243243243243,14.0,Geranium.columbinum,0.3894218304381645,opth,3,False,mlp1,bce,msle
245,0.8346104491292392,0.09593009276211753,0.88,0.6681943171402384,0.9959016393442623,0.7997805814591333,25.0,Geranium.dissectum,0.5481943171402384,opth,3,False,mlp1,bce,msle
246,0.8467693236714975,0.09245243477769811,0.8333333333333334,0.5942028985507246,0.9969604863221885,0.7446083995459705,12.0,Geranium.molle,0.4275362318840581,opth,3,False,mlp1,bce,msle
247,0.8433127572016461,0.1805451991564453,0.8055555555555556,0.7194444444444444,0.9910714285714286,0.8336909871244635,36.0,Geranium.pyrenaicum,0.5249999999999999,opth,3,False,mlp1,bce,msle
248,0.9250448833034111,0.017158593419008612,1.0,0.5709156193895871,1.0,0.7268571428571429,2.0,Geranium.robertianum,0.570915619389587,opth,3,False,mlp1,bce,msle
249,0.6764838129496403,0.009039463962199148,0.25,0.8390287769784173,0.9967948717948718,0.9111328125,4.0,Geranium.rotundifolium,0.08902877697841727,opth,3,False,mlp1,bce,msle
250,0.4615154237795747,0.003278072617864616,0.3333333333333333,0.6765498652291105,0.9973509933774835,0.8062098501070664,3.0,Geranium.sanguineum,0.009883198562443907,opth,3,False,mlp1,bce,msle
251,0.8324545020197195,0.42342879268616446,0.8347826086956521,0.6913086913086913,0.9732770745428974,0.8084112149532711,115.0,Geranium.sylvaticum,0.5260913000043435,opth,3,False,mlp1,bce,msle
252,0.8592877484922941,0.35051253933554116,0.8243243243243243,0.7902892561983471,0.9671302149178256,0.869812393405344,148.0,Geum.montanum,0.6146135805226716,opth,3,False,mlp1,bce,msle
253,0.7844508432743726,0.0355954266257688,0.9090909090909091,0.448868778280543,0.9979879275653923,0.6192259675405742,11.0,Geum.rivale,0.3579596873714521,opth,3,False,mlp1,bce,msle
254,0.7899008115419296,0.02637355224195152,0.8571428571428571,0.5653742110009017,0.9984076433121019,0.7219343696027634,7.0,Geum.urbanum,0.42251706814375867,opth,3,False,mlp1,bce,msle
255,0.8963579136690648,0.03149552272916147,1.0,0.710431654676259,1.0,0.8307045215562566,4.0,Glechoma.hederacea,0.710431654676259,opth,3,False,mlp1,bce,msle
256,0.8024405638544078,0.12256349827684104,0.46938775510204084,0.8762886597938144,0.9729448491155047,0.9220907297830375,49.0,Globularia.bisnagarica,0.3456764148958553,opth,3,False,mlp1,bce,msle
257,0.8158640226628895,0.20011080535373252,0.5087719298245614,0.8281397544853636,0.969060773480663,0.8930753564154786,57.0,Globularia.cordifolia,0.3369116843099249,opth,3,False,mlp1,bce,msle
258,0.5058400718778077,0.004021441506434928,0.0,0.8104222821203954,0.9966850828729282,0.8939544103072349,3.0,Globularia.nudicaulis,-0.18957771787960465,opth,3,False,mlp1,bce,msle
259,0.7204265318790458,0.0942078327878577,0.42857142857142855,0.7681564245810056,0.9717314487632509,0.858034321372855,42.0,Gymnadenia.conopsea,0.19672785315243413,opth,3,False,mlp1,bce,msle
260,0.745,0.03533269085785429,0.9375,0.49727272727272726,0.9981751824817519,0.6638349514563107,16.0,Gypsophila.repens,0.4347727272727273,opth,3,False,mlp1,bce,msle
261,0.7424245812554511,0.3493634230599756,0.5515463917525774,0.7668112798264642,0.8904282115869018,0.824009324009324,194.0,Helianthemum.nummularium,0.3183576715790415,opth,3,False,mlp1,bce,msle
262,0.5000900090009001,0.006035176801629233,0.4,0.6741674167416741,0.9960106382978723,0.8040794417606012,5.0,Helleborus.foetidus,0.07416741674167415,opth,3,False,mlp1,bce,msle
263,0.8032460931827575,0.20814869847334647,0.7931034482758621,0.6754130223517979,0.9747545582047685,0.7979334098737084,87.0,Heracleum.sphondylium,0.4685164706276601,opth,3,False,mlp1,bce,msle
264,0.5854185418541854,0.015885221534327327,0.4,0.855985598559856,0.9968553459119497,0.9210653753026634,5.0,Hieracium.bifidum,0.25598559855985603,opth,3,False,mlp1,bce,msle
265,0.7248046071575484,0.021740703052539206,0.8181818181818182,0.49140271493212667,0.9963302752293578,0.6581818181818182,11.0,Hieracium.murorum,0.30958453311394485,opth,3,False,mlp1,bce,msle
266,0.855257586450247,0.08258945103723671,0.6923076923076923,0.8128440366972477,0.9910514541387024,0.8931451612903226,26.0,Hieracium.piliferum,0.5051517290049401,opth,3,False,mlp1,bce,msle
267,0.8867686768676868,0.025661859155993803,1.0,0.6822682268226823,1.0,0.8111289459604066,5.0,Hieracium.prenanthoides,0.6822682268226823,opth,3,False,mlp1,bce,msle
268,0.8876248060782052,0.12255626319878397,0.4782608695652174,0.9021043000914913,0.9879759519038076,0.943089430894309,23.0,Hieracium.villosum,0.38036516965670875,opth,3,False,mlp1,bce,msle
269,0.8121707538601272,0.06012705001082694,0.8,0.6993642143505904,0.9961190168175937,0.8217716115261473,15.0,Himantoglossum.hircinum,0.49936421435059053,opth,3,False,mlp1,bce,msle
270,0.674448275862069,0.1677400831707108,0.5258620689655172,0.69,0.9261744966442953,0.7908309455587392,116.0,Hippocrepis.comosa,0.2158620689655173,opth,3,False,mlp1,bce,msle
271,0.9077868703400619,0.5356804326985213,0.851063829787234,0.8164102564102564,0.9742962056303549,0.8883928571428571,141.0,Holcus.lanatus,0.6674740861974904,opth,3,False,mlp1,bce,msle
272,0.8489727008245527,0.21698478159869164,0.6984126984126984,0.8271604938271605,0.9786516853932584,0.896551724137931,63.0,Homogyne.alpina,0.5255731922398588,opth,3,False,mlp1,bce,msle
273,0.6535008976660682,0.0037748567576676778,0.0,0.8366247755834829,0.9978586723768736,0.91015625,2.0,Hornungia.petraea,-0.16337522441651708,opth,3,False,mlp1,bce,msle
274,0.8822359317343174,0.2183796767393332,0.875,0.7001845018450185,0.9947575360419397,0.8218733080671359,32.0,Hypericum.maculatum,0.5751845018450186,opth,3,False,mlp1,bce,msle
275,0.7435141509433962,0.10887034132869657,0.625,0.6915094339622642,0.9721485411140584,0.8081587651598677,56.0,Hypericum.perforatum,0.3165094339622643,opth,3,False,mlp1,bce,msle
276,0.9006475485661425,0.19157938266084554,0.9428571428571428,0.692876965772433,0.9973368841544608,0.8176855895196506,35.0,Hypericum.richeri,0.6357341086295758,opth,3,False,mlp1,bce,msle
277,0.8242870285188593,0.19389954522779151,0.6896551724137931,0.7700091996320148,0.9893617021276596,0.8660113812726332,29.0,Hypochaeris.maculata,0.459664372045808,opth,3,False,mlp1,bce,msle
278,0.8464043283320393,0.1384703658541959,0.7567567567567568,0.7618164967562558,0.9891696750902527,0.8607329842931937,37.0,Hypochaeris.radicata,0.5185732535130128,opth,3,False,mlp1,bce,msle
279,0.6399587788226201,0.01318482959522069,0.14285714285714285,0.9224526600541028,0.9941690962099126,0.9569691300280636,7.0,Hyssopus.officinalis,0.06530980291124555,opth,3,False,mlp1,bce,msle
280,0.8340191087244577,0.06325831529307913,0.8461538461538461,0.6563916591115141,0.9972451790633609,0.7916894477856752,13.0,Inula.salicina,0.5025455052653602,opth,3,False,mlp1,bce,msle
281,0.40448430493273546,0.0015037593984962407,0.0,0.4080717488789238,0.9978070175438597,0.5792488860598345,1.0,Isatis.tinctoria,-0.5919282511210762,opth,3,False,mlp1,bce,msle
282,0.6048048048048049,0.020296681948890886,0.5,0.6567567567567567,0.9959016393442623,0.7915309446254072,6.0,Juncus.alpinoarticulatus,0.1567567567567567,opth,3,False,mlp1,bce,msle
283,0.8075486281076903,0.03800157978958689,0.5714285714285714,0.8872858431018936,0.9969604863221885,0.9389312977099237,7.0,Juncus.articulatus,0.45871441453046513,opth,3,False,mlp1,bce,msle
284,0.9505866425992779,0.31017346036238447,0.875,0.9169675090252708,0.9990167158308751,0.9562352941176471,8.0,Juncus.effusus,0.7919675090252709,opth,3,False,mlp1,bce,msle
285,0.8212534059945504,0.06343070164302922,0.6,0.8328792007266121,0.9934994582881906,0.9061264822134387,15.0,Juncus.inflexus,0.432879200726612,opth,3,False,mlp1,bce,msle
286,0.8749343487394958,0.13278164429905953,0.7142857142857143,0.7426470588235294,0.9901960784313726,0.8487394957983193,28.0,Juncus.jacquinii,0.45693277310924385,opth,3,False,mlp1,bce,msle
287,0.8022683930543009,0.030067410190418663,0.2222222222222222,0.907859078590786,0.9930830039525692,0.9485606418121756,9.0,Juncus.trifidus,0.13008130081300817,opth,3,False,mlp1,bce,msle
288,0.6684684684684685,0.011612743701641705,0.16666666666666666,0.9117117117117117,0.9950835791543756,0.9515749882463563,6.0,Juncus.triglumis,0.07837837837837847,opth,3,False,mlp1,bce,msle
289,0.8476306550081625,0.4870981157629177,0.8556701030927835,0.6984815618221258,0.9583333333333334,0.8080301129234629,194.0,Knautia.arvensis,0.5541516649149094,opth,3,False,mlp1,bce,msle
290,0.8834611913357401,0.07820015435379303,0.875,0.7572202166064982,0.9988095238095238,0.8613963039014374,8.0,Knautia.dipsacifolia,0.6322202166064983,opth,3,False,mlp1,bce,msle
291,0.7533704952035261,0.03786335764975814,0.8571428571428571,0.5480943738656987,0.9966996699669967,0.7072599531615925,14.0,Koeleria.macrantha,0.4052372310085559,opth,3,False,mlp1,bce,msle
292,0.7466089466089466,0.1304815395712445,0.3939393939393939,0.8228571428571428,0.9557522123893806,0.8843398157625384,66.0,Koeleria.pyramidata,0.21679653679653677,opth,3,False,mlp1,bce,msle
293,0.7935595286468915,0.16030093110121307,0.5217391304347826,0.8485981308411215,0.9763440860215054,0.908,46.0,Koeleria.vallesiana,0.37033726127590416,opth,3,False,mlp1,bce,msle
294,0.7886849007118771,0.04158250861625272,0.8235294117647058,0.6633303002729755,0.9959016393442623,0.7962861824139814,17.0,Lactuca.perennis,0.4868597120376812,opth,3,False,mlp1,bce,msle
295,0.7684935609463912,0.00882678333459053,0.6666666666666666,0.7124887690925427,0.9987405541561712,0.8316727844782381,3.0,Lactuca.serriola,0.3791554357592093,opth,3,False,mlp1,bce,msle
296,0.7279402292927992,0.014925100792481907,0.8571428571428571,0.5238954012623985,0.9982817869415808,0.6871673565937315,7.0,Lamium.purpureum,0.3810382584052556,opth,3,False,mlp1,bce,msle
297,0.8626570915619389,0.03910411622276029,1.0,0.6346499102333932,1.0,0.7764964305326744,2.0,Lapsana.communis,0.6346499102333931,opth,3,False,mlp1,bce,msle
298,0.6173591114767585,0.014833005037156287,0.2727272727272727,0.783710407239819,0.9908466819221968,0.875189489641233,11.0,Laserpitium.halleri,0.056437679967091814,opth,3,False,mlp1,bce,msle
299,0.8049353352162926,0.11715244397971972,0.7741935483870968,0.7179723502304147,0.9910941475826972,0.8327097808658471,31.0,Laserpitium.latifolium,0.4921658986175115,opth,3,False,mlp1,bce,msle
300,0.7759917033964221,0.056718586276001806,0.7142857142857143,0.6878402903811253,0.994750656167979,0.8133047210300429,14.0,Laserpitium.siler,0.40212600466683956,opth,3,False,mlp1,bce,msle
301,0.47954136690647486,0.004075566508889678,0.0,0.8839928057553957,0.9959473150962512,0.9366364935683659,4.0,Lathyrus.heterophyllus,-0.11600719424460426,opth,3,False,mlp1,bce,msle
302,0.6067684935609464,0.00438874163134127,1.0,0.3261455525606469,1.0,0.491869918699187,3.0,Lathyrus.occidentalis,0.3261455525606469,opth,3,False,mlp1,bce,msle
303,0.786127464722923,0.4546130299428067,0.7886178861788617,0.6206896551724138,0.9121621621621622,0.7387140902872777,246.0,Lathyrus.pratensis,0.40930754135127545,opth,3,False,mlp1,bce,msle
304,0.7100781571369806,0.030977368020193137,0.5454545454545454,0.7221719457013575,0.9937733499377335,0.8364779874213837,11.0,Lathyrus.sphaericus,0.267626491155903,opth,3,False,mlp1,bce,msle
305,0.6265709156193896,0.0036666130416130416,0.5,0.5933572710951526,0.9984894259818731,0.7443693693693694,2.0,Lathyrus.sylvestris,0.09335727109515268,opth,3,False,mlp1,bce,msle
306,0.6798442647499251,0.009165409633326129,0.6666666666666666,0.46271338724168914,0.998062015503876,0.6322897483118478,3.0,Lathyrus.tuberosus,0.12938005390835583,opth,3,False,mlp1,bce,msle
307,0.4963870898677943,0.023440656550593197,0.4117647058823529,0.5868971792538672,0.9847328244274809,0.7354618015963512,17.0,Leontodon.autumnalis,-0.0013381148637798823,opth,3,False,mlp1,bce,msle
308,0.6589234983766235,0.3023796770995008,0.6954545454545454,0.5055803571428571,0.8711538461538462,0.6398305084745762,220.0,Leontodon.hispidus,0.20103490259740253,opth,3,False,mlp1,bce,msle
309,0.7131092057761733,0.013947821609413196,0.625,0.6723826714801444,0.9959893048128342,0.802801724137931,8.0,Leontopodium.alpinum,0.2973826714801444,opth,3,False,mlp1,bce,msle
310,0.9189684034316802,0.29163939544340783,0.9814814814814815,0.7655367231638418,0.9987714987714987,0.8667377398720683,54.0,Leucanthemopsis.alpina,0.7470182046453233,opth,3,False,mlp1,bce,msle
311,0.8544033069734004,0.5963662036269741,0.8615384615384616,0.6658878504672897,0.9405940594059405,0.7797537619699042,260.0,Leucanthemum.vulgare,0.5274263120057512,opth,3,False,mlp1,bce,msle
312,0.7994069343065693,0.07242396672634378,0.75,0.6697080291970803,0.993234100135318,0.8,20.0,Lilium.martagon,0.4197080291970803,opth,3,False,mlp1,bce,msle
313,0.5964125560538116,0.0022172949002217295,1.0,0.34080717488789236,1.0,0.5083612040133779,1.0,Linaria.repens,0.3408071748878925,opth,3,False,mlp1,bce,msle
314,0.8664079040225829,0.14999846011939671,0.8461538461538461,0.7376146788990826,0.995049504950495,0.8472075869336143,26.0,Linum.alpinum,0.5837685250529288,opth,3,False,mlp1,bce,msle
315,0.6834255719746676,0.13709771484329736,0.5882352941176471,0.6149369544131911,0.9476831091180867,0.7458823529411764,85.0,Linum.catharticum,0.20317224853083804,opth,3,False,mlp1,bce,msle
316,0.8636931818181819,0.08060084398829176,0.75,0.8336363636363636,0.995656894679696,0.9074715487382484,16.0,Linum.tenuifolium,0.5836363636363635,opth,3,False,mlp1,bce,msle
317,0.755963183821623,0.05575162029566265,0.9285714285714286,0.4473684210526316,0.9979757085020243,0.6177944862155389,14.0,Listera.ovata,0.37593984962406024,opth,3,False,mlp1,bce,msle
318,0.9452914798206278,0.016129032258064516,1.0,0.5560538116591929,1.0,0.7146974063400576,1.0,Lolium.multiflorum,0.5560538116591929,opth,3,False,mlp1,bce,msle
319,0.8428320561941252,0.22544493755537154,0.875,0.6800766283524904,0.9874826147426982,0.8054452637549632,72.0,Lolium.perenne,0.5550766283524904,opth,3,False,mlp1,bce,msle
320,0.7388153362009571,0.5213996984946617,0.7635327635327636,0.6013071895424836,0.8471454880294659,0.7033639143730887,351.0,Lotus.corniculatus,0.3648399530752471,opth,3,False,mlp1,bce,msle
321,0.7836031663948446,0.06065113680204187,0.6086956521739131,0.7721866422689845,0.9894490035169988,0.8674203494347379,23.0,Lotus.maritimus,0.38088229444289756,opth,3,False,mlp1,bce,msle
322,0.6976782299918055,0.16407291643268046,0.42857142857142855,0.7609942638623327,0.9521531100478469,0.8459086078639745,70.0,Luzula.campestris,0.1895656924337612,opth,3,False,mlp1,bce,msle
323,0.8405291374551914,0.07813465100834571,0.8620689655172413,0.7506899724011039,0.9951219512195122,0.8557944415312009,29.0,Luzula.lutea,0.6127589379183451,opth,3,False,mlp1,bce,msle
324,0.6233471610059632,0.024595609365041703,0.7857142857142857,0.37477313974591653,0.9927884615384616,0.544137022397892,14.0,Luzula.multiflora,0.16048742546020223,opth,3,False,mlp1,bce,msle
325,0.7752707581227437,0.03231901404003677,0.625,0.7915162454873647,0.9965909090909091,0.8822937625754527,8.0,Luzula.sieberi,0.41651624548736477,opth,3,False,mlp1,bce,msle
326,0.8569504805043765,0.17634668649097412,0.8064516129032258,0.7675521821631879,0.9853836784409257,0.8629333333333333,62.0,Luzula.spicata,0.5740037950664136,opth,3,False,mlp1,bce,msle
327,0.7037227875821204,0.023894684805657432,0.42857142857142855,0.8142470694319206,0.9955898566703418,0.8958333333333334,7.0,Luzula.sudetica,0.2428184980033492,opth,3,False,mlp1,bce,msle
328,0.949685534591195,0.06600509994828724,1.0,0.7178796046720575,1.0,0.8357740585774058,3.0,Lysimachia.nummularia,0.7178796046720575,opth,3,False,mlp1,bce,msle
329,0.8361061151079137,0.01754433759228485,0.25,0.8974820143884892,0.997002997002997,0.9446284902981543,4.0,Lysimachia.vulgaris,0.14748201438848918,opth,3,False,mlp1,bce,msle
330,0.7491948988792992,0.013841941512822762,0.8571428571428571,0.6005410279531109,0.9985007496251874,0.75,7.0,Malva.moschata,0.4576838850959679,opth,3,False,mlp1,bce,msle
331,0.4162923030847559,0.002932604603904719,0.0,0.8445642407906558,0.9968186638388123,0.914396887159533,3.0,Malva.sylvestris,-0.15543575920934416,opth,3,False,mlp1,bce,msle
332,0.7501441420664207,0.06191292057120316,0.53125,0.7435424354243543,0.9817295980511571,0.8461942257217848,32.0,Medicago.falcata,0.2747924354243543,opth,3,False,mlp1,bce,msle
333,0.7956036072965771,0.3603202170332084,0.8658536585365854,0.5997899159663865,0.9629005059021922,0.7391585760517799,164.0,Medicago.lupulina,0.4656435745029719,opth,3,False,mlp1,bce,msle
334,0.7588214537755823,0.08611875444503383,0.4230769230769231,0.8192660550458716,0.9834801762114538,0.8938938938938938,26.0,Medicago.minima,0.2423429781227946,opth,3,False,mlp1,bce,msle
335,0.8374312688038178,0.18334024721164335,0.8666666666666667,0.6339869281045751,0.9912408759124087,0.7733485193621867,45.0,Medicago.sativa,0.5006535947712418,opth,3,False,mlp1,bce,msle
336,0.832129963898917,0.08664624381050451,0.75,0.7951263537906137,0.9977349943374858,0.8849824208940231,8.0,Melica.ciliata,0.5451263537906137,opth,3,False,mlp1,bce,msle
337,0.9268402154398564,0.06882911392405064,1.0,0.42100538599640935,1.0,0.5925457991156032,2.0,Melilotus.albus,0.42100538599640935,opth,3,False,mlp1,bce,msle
338,0.8454693308550186,0.20951525890186923,0.825,0.6979553903345725,0.9907651715039578,0.8189749182115594,40.0,Meum.athamanticum,0.5229553903345725,opth,3,False,mlp1,bce,msle
339,0.8896860986547085,0.008064516129032258,1.0,0.6807174887892377,1.0,0.8100320170757738,1.0,Minuartia.laricifolia,0.6807174887892375,opth,3,False,mlp1,bce,msle
340,0.8051354495595812,0.05916015713443583,0.36363636363636365,0.8820840950639853,0.9856996935648621,0.9310178485287024,22.0,Minuartia.rostrata,0.24572045870034898,opth,3,False,mlp1,bce,msle
341,0.8881913928994908,0.3127138237127462,0.7222222222222222,0.8060263653483992,0.9827784156142365,0.8856699430936368,54.0,Minuartia.verna,0.5282485875706215,opth,3,False,mlp1,bce,msle
342,0.7400210084033614,0.058439618666523335,0.7142857142857143,0.5386029411764706,0.9865319865319865,0.6967895362663495,28.0,Muscari.comosum,0.252888655462185,opth,3,False,mlp1,bce,msle
343,0.8340173330887747,0.47429219002406897,0.6436170212765957,0.8157327586206896,0.9186893203883495,0.8641552511415526,188.0,Myosotis.alpestris,0.4593497798972854,opth,3,False,mlp1,bce,msle
344,0.8394332806502597,0.28570290791423186,0.8255813953488372,0.6873786407766991,0.979253112033195,0.8077581289218483,86.0,Myosotis.arvensis,0.5129600361255364,opth,3,False,mlp1,bce,msle
345,0.7930143182668435,0.20952580187468056,0.6296296296296297,0.7621671258034894,0.9880952380952381,0.8605495075168481,27.0,Myosotis.ramosissima,0.391796755433119,opth,3,False,mlp1,bce,msle
346,0.8247515808491419,0.2794982455223535,0.5555555555555556,0.9656729900632339,0.9962721342031687,0.9807339449541285,9.0,Myosotis.scorpioides,0.5212285456187895,opth,3,False,mlp1,bce,msle
347,0.8864452423698383,0.016577659101023587,1.0,0.5439856373429084,1.0,0.7046511627906977,2.0,Myosotis.stricta,0.5439856373429084,opth,3,False,mlp1,bce,msle
348,0.7600660343042615,0.10950402691720887,0.7878787878787878,0.5734072022160664,0.9888535031847133,0.7258912916423145,33.0,Narcissus.poeticus,0.3612859900948542,opth,3,False,mlp1,bce,msle
349,0.7939989088925259,0.299865426692838,0.7801418439716312,0.6779487179487179,0.9552023121387283,0.7930413917216557,141.0,Nardus.stricta,0.45809056192034925,opth,3,False,mlp1,bce,msle
350,0.835514440433213,0.2233430393277858,0.625,0.8483754512635379,0.9968186638388123,0.916626036079961,8.0,Odontites.luteus,0.47337545126353797,opth,3,False,mlp1,bce,msle
351,0.818961568888704,0.289220232504303,0.7446808510638298,0.7925636007827789,0.9712230215827338,0.8728448275862069,94.0,Onobrychis.montana,0.5372444518466086,opth,3,False,mlp1,bce,msle
352,0.8759556873147137,0.42317896738698535,0.9076923076923077,0.6937119675456389,0.9827586206896551,0.8133174791914387,130.0,Onobrychis.viciifolia,0.6014042752379467,opth,3,False,mlp1,bce,msle
353,0.8462578700008868,0.23251426196265024,0.5714285714285714,0.8547486033519553,0.9807692307692307,0.9134328358208955,42.0,Ononis.natrix,0.42617717478052675,opth,3,False,mlp1,bce,msle
354,0.7135105407882677,0.04264516156627329,0.6,0.69019248395967,0.9868938401048493,0.8122977346278317,25.0,Ononis.repens,0.2901924839596699,opth,3,False,mlp1,bce,msle
355,0.7378918074406795,0.09855805168483961,0.47368421052631576,0.8061224489795918,0.9775028121484814,0.8835790543975597,38.0,Ononis.spinosa,0.27980665950590766,opth,3,False,mlp1,bce,msle
356,0.5224416517055656,0.002792653742117038,0.0,0.8626570915619389,0.9979231568016614,0.9253731343283582,2.0,Ophioglossum.vulgatum,-0.13734290843806107,opth,3,False,mlp1,bce,msle
357,0.7268643306379156,0.008750332994284607,0.6666666666666666,0.6361185983827493,0.998589562764457,0.7771679473106476,3.0,Ophrys.apifera,0.30278526504941583,opth,3,False,mlp1,bce,msle
358,0.8905829596412556,0.008130081300813009,1.0,0.673542600896861,1.0,0.804930332261522,1.0,Ophrys.insectifera,0.673542600896861,opth,3,False,mlp1,bce,msle
359,0.6081687612208259,0.005105293516429027,0.5,0.4838420107719928,0.9981481481481481,0.6517533252720678,2.0,Orchis.mascula,-0.016157989228007263,opth,3,False,mlp1,bce,msle
360,0.6260162601626016,0.011443890603626454,0.3333333333333333,0.7524841915085817,0.9928486293206198,0.8561151079136691,9.0,Orchis.militaris,0.08581752484191507,opth,3,False,mlp1,bce,msle
361,0.8361244019138756,0.13266972918294365,0.7631578947368421,0.7541743970315399,0.9890510948905109,0.8557894736842105,38.0,Origanum.vulgare,0.517332291768382,opth,3,False,mlp1,bce,msle
362,0.6837709822170517,0.07717401717910244,0.5454545454545454,0.6553930530164533,0.9862448418156808,0.7874794069192751,22.0,Ornithogalum.umbellatum,0.20084759847099876,opth,3,False,mlp1,bce,msle
363,0.4474393530997305,0.0031397213412678615,0.6666666666666666,0.4115004492362983,0.9978213507625272,0.5826972010178118,3.0,Orobanche.alba,0.07816711590296488,opth,3,False,mlp1,bce,msle
364,0.6423251589464124,0.019343798264402492,0.6666666666666666,0.5712988192552225,0.9921135646687698,0.72507204610951,15.0,Orobanche.caryophyllacea,0.23796548592188915,opth,3,False,mlp1,bce,msle
365,0.7658186562296151,0.08903936299321091,0.7619047619047619,0.7242009132420091,0.993734335839599,0.837823560486001,21.0,Oxytropis.campestris,0.48610567514677094,opth,3,False,mlp1,bce,msle
366,0.8018701482004235,0.10534285364667346,0.46153846153846156,0.8275229357798165,0.9847161572052402,0.8993020937188435,26.0,Oxytropis.helvetica,0.28906139731827807,opth,3,False,mlp1,bce,msle
367,0.4223518850987432,0.0024588016765098113,0.0,0.6956912028725314,0.9974259974259975,0.819672131147541,2.0,Oxytropis.pilosa,-0.3043087971274686,opth,3,False,mlp1,bce,msle
368,0.6921921921921922,0.010100316039641717,1.0,0.518918918918919,1.0,0.6832740213523132,6.0,Papaver.rhoeas,0.518918918918919,opth,3,False,mlp1,bce,msle
369,0.8955895589558955,0.07889553657116177,0.8,0.774077407740774,0.9988385598141696,0.8722109533468559,5.0,Paradisea.liliastrum,0.574077407740774,opth,3,False,mlp1,bce,msle
370,0.6940340909090909,0.04148406699603917,0.4375,0.7654545454545455,0.9894242068155111,0.8631471040492056,16.0,Parnassia.palustris,0.2029545454545456,opth,3,False,mlp1,bce,msle
371,0.7468468468468469,0.014746641672286547,1.0,0.5216216216216216,1.0,0.6856127886323268,6.0,Pastinaca.sativa,0.5216216216216216,opth,3,False,mlp1,bce,msle
372,0.920335429769392,0.021081349206349204,1.0,0.7223719676549866,1.0,0.838810641627543,3.0,Pedicularis.foliosa,0.7223719676549867,opth,3,False,mlp1,bce,msle
373,0.8894126610004047,0.22915233199531884,0.7692307692307693,0.8291550603528319,0.9900221729490022,0.9024759979787772,39.0,Pedicularis.gyroflexa,0.5983858295836013,opth,3,False,mlp1,bce,msle
374,0.9023447141094199,0.08257922934205206,0.9090909090909091,0.7927601809954751,0.9988597491448119,0.8839556004036327,11.0,Pedicularis.tuberosa,0.7018510900863841,opth,3,False,mlp1,bce,msle
375,0.7728731456251893,0.03266716211101167,0.4,0.8237965485921889,0.990174672489083,0.8993554784333168,15.0,Pedicularis.verticillata,0.2237965485921889,opth,3,False,mlp1,bce,msle
376,0.7031789282470481,0.033201151671600995,0.5333333333333333,0.6366939146230699,0.9901129943502824,0.7750138197899392,15.0,Petrorhagia.prolifera,0.17002724795640312,opth,3,False,mlp1,bce,msle
377,0.8616170815624368,0.09669587708436148,0.5555555555555556,0.8925318761384335,0.9919028340080972,0.9395973154362416,18.0,Petrorhagia.saxifraga,0.4480874316939891,opth,3,False,mlp1,bce,msle
378,0.7616902596344608,0.25853499845129274,0.7087378640776699,0.7522211253701876,0.9621212121212122,0.8443213296398892,103.0,Phleum.alpinum,0.4609589894478576,opth,3,False,mlp1,bce,msle
379,0.8095238095238094,0.07882853403141361,0.6666666666666666,0.7538185085354897,0.9988095238095238,0.8591909882232462,3.0,Phleum.hirsutum,0.42048517520215634,opth,3,False,mlp1,bce,msle
380,0.77762598664238,0.04656847673534414,0.8333333333333334,0.5655737704918032,0.9951923076923077,0.7212543554006968,18.0,Phleum.phleoides,0.3989071038251366,opth,3,False,mlp1,bce,msle
381,0.8306818181818182,0.06278638516847933,0.875,0.7381818181818182,0.9975429975429976,0.8484848484848485,16.0,Phyteuma.betonicifolium,0.6131818181818183,opth,3,False,mlp1,bce,msle
382,0.8707052441229657,0.09432090978360654,1.0,0.6464737793851718,1.0,0.785282811641955,10.0,Phyteuma.hemisphaericum,0.6464737793851718,opth,3,False,mlp1,bce,msle
383,0.7993466056517431,0.25261058795269287,0.6585365853658537,0.7659574468085106,0.9658536585365853,0.8543689320388349,82.0,Phyteuma.orbiculare,0.4244940321743642,opth,3,False,mlp1,bce,msle
384,,-0.0,0.0,0.33154121863799285,1.0,0.4979811574697174,0.0,Phyteuma.ovatum,-0.6684587813620071,opth,3,False,mlp1,bce,msle
385,0.825684306569343,0.08083443362087071,0.5,0.8841240875912408,0.9897854954034729,0.9339759036144578,20.0,Phyteuma.spicatum,0.38412408759124084,opth,3,False,mlp1,bce,msle
386,0.7856034406313737,0.1388762732274096,0.8333333333333334,0.542830540037244,0.988135593220339,0.7007211538461539,42.0,Picris.hieracioides,0.3761638733705772,opth,3,False,mlp1,bce,msle
387,0.7605857445306986,0.06652963249411739,0.9230769230769231,0.48073394495412847,0.9961977186311787,0.6485148514851485,26.0,Pimpinella.major,0.4038108680310515,opth,3,False,mlp1,bce,msle
388,0.728579971729912,0.06206761613945447,0.7058823529411765,0.5674676524953789,0.9839743589743589,0.7198124267291911,34.0,Pimpinella.saxifraga,0.2733500054365554,opth,3,False,mlp1,bce,msle
389,0.9097655839377694,0.6037592242526875,0.8904761904761904,0.8090507726269316,0.9695767195767195,0.8820697954271961,210.0,Plantago.alpina,0.699526963103122,opth,3,False,mlp1,bce,msle
390,0.8334770328526833,0.16771733714185216,0.7096774193548387,0.776036866359447,0.9894242068155111,0.8698347107438017,31.0,Plantago.atrata,0.48571428571428577,opth,3,False,mlp1,bce,msle
391,0.8351076555023923,0.544995611150319,0.9035714285714286,0.6566985645933014,0.953125,0.7776203966005666,280.0,Plantago.lanceolata,0.5602699931647299,opth,3,False,mlp1,bce,msle
392,0.6724194073591664,0.057445740519910346,0.8378378378378378,0.5023169601482854,0.9890510948905109,0.6662569145666871,37.0,Plantago.major,0.34015479798612325,opth,3,False,mlp1,bce,msle
393,0.7902362298195631,0.39064151918939205,0.7722222222222223,0.6463675213675214,0.9365325077399381,0.7648546144121365,180.0,Plantago.media,0.41858974358974366,opth,3,False,mlp1,bce,msle
394,0.8227854355021985,0.27209494251025845,0.6153846153846154,0.8208092485549133,0.9659863945578231,0.8875,78.0,Plantago.maritima,0.43619386393952864,opth,3,False,mlp1,bce,msle
395,0.7237793851717902,0.07003630322059674,0.7,0.5045207956600362,0.9946524064171123,0.6694661067786443,10.0,Platanthera.bifolia,0.20452079566003611,opth,3,False,mlp1,bce,msle
396,0.8946045896102526,0.7149649835506592,0.8217821782178217,0.8241082410824109,0.925414364640884,0.8718282368249838,303.0,Poa.alpina,0.6458904193002326,opth,3,False,mlp1,bce,msle
397,0.41052158273381295,0.0037633784835173338,0.25,0.5737410071942446,0.9953198127925117,0.7278950370792926,4.0,Poa.annua,-0.1762589928057554,opth,3,False,mlp1,bce,msle
398,0.7023247978436657,0.08713863065753302,0.4642857142857143,0.710377358490566,0.9616858237547893,0.8171459576776994,56.0,Poa.bulbosa,0.17466307277628035,opth,3,False,mlp1,bce,msle
399,0.740435398686075,0.014135669037139649,0.2857142857142857,0.8530207394048692,0.9947423764458465,0.9184466019417475,7.0,Poa.cenisia,0.1387350251191548,opth,3,False,mlp1,bce,msle
400,0.747253274480641,0.03919573253671048,0.7368421052631579,0.6918869644484958,0.993455497382199,0.815690488984417,19.0,Poa.chaixii,0.4287290697116537,opth,3,False,mlp1,bce,msle
401,0.6383363471971066,0.01665862724109241,0.5,0.5985533453887885,0.992503748125937,0.7467569091934574,10.0,Poa.compressa,0.09855334538878857,opth,3,False,mlp1,bce,msle
402,0.5672694394213382,0.011496290325650586,0.1,0.8616636528028933,0.9906444906444907,0.9216634429400387,10.0,Poa.nemoralis,-0.03833634719710677,opth,3,False,mlp1,bce,msle
403,0.8013958060593636,0.48753094785267104,0.8461538461538461,0.6329113924050633,0.935374149659864,0.7549759780370625,247.0,Poa.pratensis,0.47906523855890937,opth,3,False,mlp1,bce,msle
404,0.5726186891498545,0.011367886471352243,0.2222222222222222,0.9051490514905149,0.9930624380574826,0.947069943289225,9.0,Poa.supina,0.12737127371273704,opth,3,False,mlp1,bce,msle
405,0.8317974452554745,0.0720600452636535,0.5,0.843065693430657,0.9892933618843683,0.9103448275862069,20.0,Polygala.alpestris,0.34306569343065707,opth,3,False,mlp1,bce,msle
406,0.5653153153153153,0.008364067212373632,0.3333333333333333,0.6360360360360361,0.9943661971830986,0.7758241758241758,6.0,Polygala.amarella,-0.03063063063063054,opth,3,False,mlp1,bce,msle
407,0.7829880843263062,0.10152308867496405,0.44,0.8615948670944088,0.9853249475890985,0.9193154034229829,25.0,Polygala.comosa,0.30159486709440886,opth,3,False,mlp1,bce,msle
408,0.6685198189762797,0.0608762530967997,0.5416666666666666,0.651685393258427,0.9693593314763231,0.7793952967525196,48.0,Polygala.vulgaris,0.19335205992509374,opth,3,False,mlp1,bce,msle
409,0.5996393146979261,0.008362989371626215,0.0,0.915238954012624,0.9931506849315068,0.9526044110746129,7.0,Polygonum.aviculare,-0.084761045987376,opth,3,False,mlp1,bce,msle
410,0.8074003795066413,0.2537972442729929,0.7903225806451613,0.6337760910815939,0.9809104258443465,0.770028818443804,62.0,Polygonum.bistorta,0.4240986717267552,opth,3,False,mlp1,bce,msle
411,0.8267023604395343,0.4081163992503318,0.7988826815642458,0.7011739594450374,0.948051948051948,0.8061349693251534,179.0,Polygonum.viviparum,0.5000566410092833,opth,3,False,mlp1,bce,msle
412,0.474094040131776,0.0032574070637718805,0.3333333333333333,0.6262353998203055,0.9971387696709585,0.7693156732891833,3.0,Polystichum.lonchitis,-0.040431266846361114,opth,3,False,mlp1,bce,msle
413,0.7900452488687782,0.024365883536186777,1.0,0.4678733031674208,1.0,0.6374845869297164,11.0,Potentilla.argentea,0.46787330316742093,opth,3,False,mlp1,bce,msle
414,0.8204028070976209,0.19873517016481443,0.7294117647058823,0.8079534432589719,0.9731308411214953,0.8828828828828829,85.0,Potentilla.aurea,0.5373652079648541,opth,3,False,mlp1,bce,msle
415,0.856670030272452,0.38571105659981686,0.808,0.7739656912209889,0.9696586599241467,0.8608305274971941,125.0,Potentilla.crantzii,0.581965691220989,opth,3,False,mlp1,bce,msle
416,0.7727132824085733,0.11087949359790432,0.9090909090909091,0.5253924284395198,0.9947552447552448,0.6876132930513595,33.0,Potentilla.erecta,0.4344833375304289,opth,3,False,mlp1,bce,msle
417,0.8112451737451738,0.23078820138837167,0.7125,0.7316602316602316,0.970550576184379,0.8343423225096313,80.0,Potentilla.grandiflora,0.44416023166023155,opth,3,False,mlp1,bce,msle
418,0.6913188976377952,0.1644997723147547,0.48,0.735236220472441,0.934918648310388,0.8231404958677686,100.0,Potentilla.neumanniana,0.21523622047244095,opth,3,False,mlp1,bce,msle
419,0.8387861010830325,0.04154915613134081,0.625,0.8393501805054152,0.9967845659163987,0.9113179813816756,8.0,Potentilla.pusilla,0.4643501805054151,opth,3,False,mlp1,bce,msle
420,0.5968468468468469,0.007419100746496141,0.8333333333333334,0.38828828828828826,0.9976851851851852,0.5590142671854734,6.0,Potentilla.recta,0.22162162162162158,opth,3,False,mlp1,bce,msle
421,0.832294474393531,0.16170404594953486,0.8928571428571429,0.6339622641509434,0.9911504424778761,0.7733026467203682,56.0,Potentilla.reptans,0.5268194070080863,opth,3,False,mlp1,bce,msle
422,0.6018001800180018,0.02129864937665501,0.4,0.5292529252925292,0.9949238578680203,0.690951821386604,5.0,Potentilla.rupestris,-0.07074707470747077,opth,3,False,mlp1,bce,msle
423,0.7767615612520933,0.08526523078552231,1.0,0.5320108205590622,1.0,0.694526191877575,7.0,Potentilla.thuringiaca,0.5320108205590621,opth,3,False,mlp1,bce,msle
424,0.6818318318318318,0.017077791705036247,0.6666666666666666,0.6459459459459459,0.9972183588317107,0.7840349917987972,6.0,Primula.elatior,0.31261261261261253,opth,3,False,mlp1,bce,msle
425,0.7837837837837838,0.020547680250834234,0.8333333333333334,0.6306306306306306,0.9985734664764622,0.7730535615681944,6.0,Primula.farinosa,0.4639639639639639,opth,3,False,mlp1,bce,msle
426,0.7401553011133604,0.265232153841225,0.6328125,0.7186234817813765,0.9379128137384413,0.8137535816618912,128.0,Primula.veris,0.3514359817813766,opth,3,False,mlp1,bce,msle
427,0.8033908567968514,0.059922514824607316,0.6666666666666666,0.7801998183469573,0.9942129629629629,0.8743002544529263,15.0,Prunella.grandiflora,0.4468664850136239,opth,3,False,mlp1,bce,msle
428,0.7734638319937774,0.030378494324411552,0.5714285714285714,0.7849364791288567,0.9931113662456946,0.8768373035985808,14.0,Prunella.laciniata,0.35636505055742806,opth,3,False,mlp1,bce,msle
429,0.7242194120331138,0.11646311114028561,0.7758620689655172,0.5699432892249527,0.9788961038961039,0.7204301075268817,58.0,Prunella.vulgaris,0.3458053581904701,opth,3,False,mlp1,bce,msle
430,0.5426076482987052,0.00907311615153051,0.0,0.8482384823848238,0.990506329113924,0.9138686131386862,9.0,Prunus.spinosa,-0.1517615176151762,opth,3,False,mlp1,bce,msle
431,0.716166186754422,0.020571294086805268,0.45454545454545453,0.7502262443438914,0.9928143712574851,0.8546391752577319,11.0,Veronica.spicata,0.204771698889346,opth,3,False,mlp1,bce,msle
432,0.8258492129246064,0.24922195828256624,0.7450980392156863,0.7661971830985915,0.9843184559710495,0.8616684266103485,51.0,Pulsatilla.alpina,0.5112952223142777,opth,3,False,mlp1,bce,msle
433,0.9442942942942942,0.15285810680547524,1.0,0.663963963963964,1.0,0.7980508933405522,6.0,Pulsatilla.halleri,0.6639639639639641,opth,3,False,mlp1,bce,msle
434,0.8867810900331226,0.062068177398257665,0.7777777777777778,0.8554652213188798,0.9978925184404637,0.9212062256809338,9.0,Pulsatilla.vernalis,0.6332429990966575,opth,3,False,mlp1,bce,msle
435,0.7075089928057554,0.010961369400959436,0.75,0.6034172661870504,0.9985119047619048,0.7522421524663677,4.0,Ranunculus.aconitifolius,0.3534172661870505,opth,3,False,mlp1,bce,msle
436,0.8305209259678641,0.4570454422325158,0.8375634517766497,0.6985854189336235,0.9525222551928784,0.8060263653483992,197.0,Ranunculus.acris,0.5361488707102731,opth,3,False,mlp1,bce,msle
437,0.8174254914394419,0.35025931650539144,0.891566265060241,0.6305263157894737,0.9708265802269044,0.7645181876196554,166.0,Ranunculus.bulbosus,0.5220925808497148,opth,3,False,mlp1,bce,msle
438,0.6699729486023445,0.010634061972326532,0.5714285714285714,0.581605049594229,0.9953703703703703,0.7342060330108139,7.0,Ranunculus.glacialis,0.1530336210228005,opth,3,False,mlp1,bce,msle
439,0.7980198019801981,0.018168049753544274,0.8,0.6381638163816382,0.9985915492957746,0.7786930258099946,5.0,Ranunculus.gramineus,0.43816381638163815,opth,3,False,mlp1,bce,msle
440,0.8717977967537971,0.215742782739887,0.8793103448275862,0.7362948960302458,0.9910941475826972,0.8449023861171366,58.0,Ranunculus.kuepferi,0.6156052408578319,opth,3,False,mlp1,bce,msle
441,0.7989732763997505,0.0683923143758726,0.7894736842105263,0.6718322698268003,0.9946018893387314,0.8019586507072906,19.0,Ranunculus.montanus,0.46130595403732677,opth,3,False,mlp1,bce,msle
442,0.6505318264916071,0.05613519325270775,0.6363636363636364,0.5548446069469836,0.9869918699186991,0.7103569338794616,22.0,Ranunculus.serpens,0.19120824331061992,opth,3,False,mlp1,bce,msle
443,0.9098982423681776,0.48821853185658515,0.7142857142857143,0.9047178538390379,0.9898785425101214,0.9453842435959401,35.0,Ranunculus.repens,0.6190035681247523,opth,3,False,mlp1,bce,msle
444,0.5476147614761476,0.006120948836567644,0.4,0.40504050405040504,0.9933774834437086,0.5754475703324808,5.0,Reseda.lutea,-0.19495949594959494,opth,3,False,mlp1,bce,msle
445,0.8008024017467249,0.48055546017095796,0.79,0.6582969432314411,0.9348837209302325,0.7725816784112748,200.0,Rhinanthus.alectorolophus,0.448296943231441,opth,3,False,mlp1,bce,msle
446,0.7511230907457322,0.007665608272375002,1.0,0.4052111410601977,1.0,0.5767263427109974,3.0,Rhinanthus.glacialis,0.40521114106019773,opth,3,False,mlp1,bce,msle
447,0.6718639430108034,0.11032684953177507,0.573170731707317,0.6508704061895552,0.9505649717514124,0.7726750861079219,82.0,Rhinanthus.minor,0.2240411378968723,opth,3,False,mlp1,bce,msle
448,0.6248872858431019,0.013563865130768411,0.2857142857142857,0.7168620378719567,0.99375,0.8328968046097434,7.0,Rhododendron.ferrugineum,0.0025763235862423794,opth,3,False,mlp1,bce,msle
449,0.8028487333123092,0.4310340361116153,0.8047619047619048,0.7064017660044151,0.9397944199706314,0.8065532451165721,210.0,Rumex.acetosa,0.5111636707663199,opth,3,False,mlp1,bce,msle
450,0.6838864402385273,0.040328307742461565,0.7142857142857143,0.5680580762250453,0.9936507936507937,0.7228637413394919,14.0,Rumex.acetosella,0.28234379051075953,opth,3,False,mlp1,bce,msle
451,0.7915900735294118,0.11363505239396664,0.7142857142857143,0.6470588235294118,0.9887640449438202,0.7822222222222223,28.0,Rumex.crispus,0.3613445378151261,opth,3,False,mlp1,bce,msle
452,0.856456043956044,0.11288292635735601,0.8333333333333334,0.7261904761904762,0.9949811794228356,0.8395976707252515,24.0,Rumex.obtusifolius,0.5595238095238095,opth,3,False,mlp1,bce,msle
453,0.6817281728172817,0.011219206743700551,0.2,0.9324932493249325,0.9961538461538462,0.9632728963272896,5.0,Rumex.scutatus,0.13249324932493245,opth,3,False,mlp1,bce,msle
454,0.9309525892779021,0.3759444867380984,0.935064935064935,0.8075072184793071,0.9940758293838863,0.8911311736590547,77.0,Salix.herbacea,0.7425721535442422,opth,3,False,mlp1,bce,msle
455,0.8863052374456746,0.2039923711909801,0.896551724137931,0.764489420423183,0.9964028776978417,0.8651743883394065,29.0,Salix.reticulata,0.6610411445611142,opth,3,False,mlp1,bce,msle
456,0.8753252788104089,0.17533924287213107,0.925,0.7323420074349443,0.9962073324905183,0.8441349758971612,40.0,Salix.retusa,0.6573420074349443,opth,3,False,mlp1,bce,msle
457,0.9266421117249847,0.2696520979695746,0.9,0.8324125230202578,0.9966923925027563,0.907175112895133,30.0,Salix.serpyllifolia,0.7324125230202578,opth,3,False,mlp1,bce,msle
458,0.8482696211509771,0.510018480413041,0.8874458874458875,0.6813559322033899,0.958664546899841,0.7965653896961691,231.0,Salvia.pratensis,0.5688018196492775,opth,3,False,mlp1,bce,msle
459,0.7896347736625513,0.4040939715356461,0.8287037037037037,0.6433333333333333,0.939935064935065,0.7638522427440633,216.0,Sanguisorba.minor,0.47203703703703703,opth,3,False,mlp1,bce,msle
460,0.845679012345679,0.059636157559645166,1.0,0.5109289617486339,1.0,0.6763110307414105,18.0,Sanguisorba.officinalis,0.5109289617486339,opth,3,False,mlp1,bce,msle
461,0.7464417935006171,0.031745438328245924,0.45454545454545453,0.7990950226244344,0.9932508436445444,0.8856569709127382,11.0,Saponaria.ocymoides,0.253640477169889,opth,3,False,mlp1,bce,msle
462,0.7848101265822784,0.02745630126269713,0.7,0.7459312839059674,0.9963768115942029,0.8531540847983454,10.0,Saxifraga.aizoides,0.4459312839059675,opth,3,False,mlp1,bce,msle
463,0.6247117158671587,0.07736378145773051,0.40625,0.6881918819188192,0.9751633986928104,0.8069226608977826,32.0,Saxifraga.granulata,0.09444188191881908,opth,3,False,mlp1,bce,msle
464,0.8798372852325644,0.14348790126710276,0.9411764705882353,0.7088262056414922,0.9987179487179487,0.8291644491750931,17.0,Saxifraga.oppositifolia,0.6500026762297275,opth,3,False,mlp1,bce,msle
465,0.8078016391741882,0.11930877019525632,0.6,0.8197945845004668,0.9799107142857143,0.8927300457549567,45.0,Saxifraga.paniculata,0.4197945845004667,opth,3,False,mlp1,bce,msle
466,0.7418388739143456,0.006909931745637576,0.3333333333333333,0.8508535489667565,0.9978925184404637,0.918525703200776,3.0,Saxifraga.tridactylites,0.18418688230008984,opth,3,False,mlp1,bce,msle
467,0.7005435915526834,0.11844762063830003,0.5932203389830508,0.674550614947966,0.9674355495251018,0.7948717948717948,59.0,Scabiosa.columbaria,0.2677709539310169,opth,3,False,mlp1,bce,msle
468,0.8384119338046772,0.22101141038200708,0.8032786885245902,0.7668246445497631,0.9853836784409257,0.8624733475479744,61.0,Scabiosa.lucida,0.5701033330743532,opth,3,False,mlp1,bce,msle
469,0.6180305755395683,0.005531374422214295,1.0,0.5107913669064749,1.0,0.6761904761904762,4.0,Scabiosa.triandra,0.5107913669064748,opth,3,False,mlp1,bce,msle
470,0.9832583258325832,0.1470083612040134,1.0,0.7605760576057605,1.0,0.8640081799591002,5.0,Scorzonera.humilis,0.7605760576057605,opth,3,False,mlp1,bce,msle
471,0.6924638989169675,0.012461464797005358,0.875,0.5550541516245487,0.9983766233766234,0.7134570765661253,8.0,Scorzonera.laciniata,0.43005415162454863,opth,3,False,mlp1,bce,msle
472,0.8466181061394381,0.09523565475334055,0.7741935483870968,0.7658986175115208,0.9916467780429594,0.8642745709828393,31.0,Scutellaria.alpina,0.5400921658986175,opth,3,False,mlp1,bce,msle
473,0.7683575822673567,0.1053223254533417,0.42105263157894735,0.8209647495361782,0.9757442116868799,0.8916876574307305,38.0,Securigera.varia,0.24201738111512539,opth,3,False,mlp1,bce,msle
474,0.6496660595021251,0.03167181990382544,0.5,0.6985428051001822,0.9884020618556701,0.8185699039487727,18.0,Sedum.acre,0.1985428051001823,opth,3,False,mlp1,bce,msle
475,0.6660510926438905,0.07650190478440991,0.42424242424242425,0.8310249307479224,0.9793253536452666,0.8991008991008991,33.0,Sedum.album,0.2552673549903466,opth,3,False,mlp1,bce,msle
476,0.8233695652173914,0.03926217836995198,0.6666666666666666,0.7608695652173914,0.995260663507109,0.8624229979466119,12.0,Sedum.atratum,0.4275362318840581,opth,3,False,mlp1,bce,msle
477,0.77632455343627,0.04975511821520076,0.4,0.8592188919164396,0.9905759162303664,0.9202334630350194,15.0,Sedum.montanum,0.25921889191643954,opth,3,False,mlp1,bce,msle
478,0.6907054193157736,0.040119953373655114,0.4666666666666667,0.7920072661217076,0.990909090909091,0.8803634528016153,15.0,Sedum.rupestre,0.25867393278837425,opth,3,False,mlp1,bce,msle
479,0.6371609403254973,0.01917149117122041,0.7,0.5886075949367089,0.9954128440366973,0.7397727272727272,10.0,Sedum.sexangulare,0.28860759493670884,opth,3,False,mlp1,bce,msle
480,0.8772776690584909,0.17596378857250433,0.47619047619047616,0.9077625570776255,0.9890547263681592,0.9466666666666667,21.0,Selaginella.selaginoides,0.3839530332681016,opth,3,False,mlp1,bce,msle
481,0.827219453672942,0.24037111220416177,0.6666666666666666,0.8236434108527132,0.9681093394077449,0.8900523560209425,84.0,Sempervivum.arachnoideum,0.4903100775193798,opth,3,False,mlp1,bce,msle
482,0.8703052728954672,0.2031569481717267,0.6857142857142857,0.8297872340425532,0.987885462555066,0.9019607843137255,35.0,Sempervivum.montanum,0.5155015197568389,opth,3,False,mlp1,bce,msle
483,0.8542292255091424,0.14395050025041603,0.8064516129032258,0.7419354838709677,0.9926017262638718,0.8491561181434599,31.0,Sempervivum.tectorum,0.5483870967741935,opth,3,False,mlp1,bce,msle
484,0.8553059381350192,0.30233428922528094,0.7790697674418605,0.7825242718446602,0.9769696969696969,0.8690026954177897,86.0,Senecio.doronicum,0.5615940392865206,opth,3,False,mlp1,bce,msle
485,0.7576237922705313,0.050832637723401686,0.5,0.7581521739130435,0.9928825622775801,0.8597842835130971,12.0,Senecio.erucifolius,0.25815217391304346,opth,3,False,mlp1,bce,msle
486,0.8929035942010596,0.17442838931956087,1.0,0.7387304507819688,1.0,0.8497354497354498,29.0,Senecio.incanus,0.7387304507819688,opth,3,False,mlp1,bce,msle
487,0.8098493351018603,0.0653538252288827,0.9259259259259259,0.5941230486685032,0.9969183359013868,0.7445339470655926,27.0,Senecio.jacobaea,0.5200489745944292,opth,3,False,mlp1,bce,msle
488,0.773074928701063,0.04822573351459742,0.5714285714285714,0.7395644283121597,0.9926918392204629,0.8476339053562143,14.0,Serratula.tinctoria,0.31099299974073125,opth,3,False,mlp1,bce,msle
489,0.6605693675125596,0.04051245187530465,0.5714285714285714,0.7321911632100991,0.996319018404908,0.8440748440748441,7.0,Seseli.annuum,0.30361973463867065,opth,3,False,mlp1,bce,msle
490,0.8374410739905718,0.4415514772897185,0.7073170731707317,0.7930672268907563,0.9402241594022416,0.8603988603988604,164.0,Sesleria.caerulea,0.500384300061488,opth,3,False,mlp1,bce,msle
491,0.7441016333938294,0.028408850665968495,0.7857142857142857,0.6406533575317604,0.995768688293371,0.7796797349530646,14.0,Sherardia.arvensis,0.42636764324604615,opth,3,False,mlp1,bce,msle
492,0.7408619133574008,0.04603643979744332,0.625,0.8140794223826715,0.9966850828729282,0.8961748633879781,8.0,Sideritis.hyssopifolia,0.4390794223826715,opth,3,False,mlp1,bce,msle
493,0.847847565278758,0.16338815138797097,0.8076923076923077,0.7568807339449541,0.9939759036144579,0.859375,26.0,Silaum.silaus,0.5645730416372619,opth,3,False,mlp1,bce,msle
494,0.8926803959131545,0.3660704529264783,0.9027777777777778,0.7672413793103449,0.9913366336633663,0.8650107991360692,72.0,Silene.acaulis,0.6700191570881227,opth,3,False,mlp1,bce,msle
495,0.8239407651172357,0.04242254073635872,0.6363636363636364,0.7746606334841629,0.9953488372093023,0.8712468193384224,11.0,Silene.dioica,0.4110242698477993,opth,3,False,mlp1,bce,msle
496,0.9525791586145385,0.3479569888474801,0.9354838709677419,0.8682027649769585,0.9978813559322034,0.9285362247412519,31.0,Silene.flos.cuculi,0.8036866359447004,opth,3,False,mlp1,bce,msle
497,0.5818345323741007,0.011441745102366027,0.5,0.35071942446043164,0.9948979591836735,0.5186170212765957,4.0,Silene.flos.jovis,-0.1492805755395683,opth,3,False,mlp1,bce,msle
498,0.801152334410245,0.27983691642842234,0.7590361445783133,0.7047434656340755,0.9732620320855615,0.8175182481751825,83.0,Silene.nutans,0.4637796102123888,opth,3,False,mlp1,bce,msle
499,0.7639604454046867,0.05007692504113402,0.5454545454545454,0.7669104204753199,0.9882214369846879,0.8636129696345857,22.0,Silene.otites,0.3123649659298653,opth,3,False,mlp1,bce,msle
500,0.7267808836789901,0.014755845808453322,0.14285714285714285,0.8845807033363391,0.993920972644377,0.9360687022900763,7.0,Silene.rupestris,0.027437846193481885,opth,3,False,mlp1,bce,msle
501,0.7820451226979417,0.2954276621636083,0.780952380952381,0.56973293768546,0.9616026711185309,0.715527950310559,105.0,Silene.vulgaris,0.3506853186378409,opth,3,False,mlp1,bce,msle
502,0.4820466786355476,0.002534466838602859,0.0,0.8886894075403949,0.9979838709677419,0.9401709401709402,2.0,Sinapis.arvensis,-0.11131059245960506,opth,3,False,mlp1,bce,msle
503,0.8630004519702751,0.3562825392762793,0.6666666666666666,0.8289345063538612,0.9647326507394767,0.8916929547844374,93.0,Soldanella.alpina,0.49560117302052786,opth,3,False,mlp1,bce,msle
504,0.6457399103139013,0.0025252525252525255,0.0,0.9336322869955157,0.9990403071017274,0.9652294853963839,1.0,Solidago.gigantea,-0.0663677130044843,opth,3,False,mlp1,bce,msle
505,0.8545187901008249,0.10999642488486991,0.72,0.845096241979835,0.9924650161463939,0.9128712871287129,25.0,Solidago.virgaurea,0.5650962419798349,opth,3,False,mlp1,bce,msle
506,0.6620752984389348,0.03391441249374587,0.8518518518518519,0.4995408631772268,0.9927007299270073,0.664630421502749,27.0,Stachys.officinalis,0.35139271502907876,opth,3,False,mlp1,bce,msle
507,0.8717529518619437,0.10688601302433857,0.9333333333333333,0.6766575840145322,0.9986595174262735,0.8067135896047645,15.0,Stachys.pradica,0.6099909173478655,opth,3,False,mlp1,bce,msle
508,0.7442763422144866,0.12223801457052283,0.6122448979591837,0.7235238987816307,0.9759797724399494,0.8310010764262648,49.0,Stachys.recta,0.3357687967408145,opth,3,False,mlp1,bce,msle
509,0.7938458192888986,0.11322034290012621,0.7058823529411765,0.6977818853974121,0.9869281045751634,0.8175419599350298,34.0,Stellaria.graminea,0.40366423833858867,opth,3,False,mlp1,bce,msle
510,0.6568302720064239,0.06031938092805921,0.5555555555555556,0.6422764227642277,0.9944055944055944,0.7804610318331504,9.0,Stipa.capillata,0.19783197831978327,opth,3,False,mlp1,bce,msle
511,0.8631876494890194,0.12585032587037717,0.7142857142857143,0.891324200913242,0.9938900203665988,0.9398170438131921,21.0,Stipa.eriocaulis,0.6056099151989565,opth,3,False,mlp1,bce,msle
512,0.8247479376718607,0.096864234523116,0.84,0.6755270394133822,0.9946018893387314,0.8045851528384279,25.0,Succisa.pratensis,0.5155270394133822,opth,3,False,mlp1,bce,msle
513,,-0.0,0.0,0.7867383512544803,1.0,0.880641925777332,0.0,Symphytum.officinale,-0.21326164874551967,opth,3,False,mlp1,bce,msle
514,0.9010989010989011,0.11100872860426807,0.4166666666666667,0.9294871794871795,0.9863945578231292,0.9570957095709571,24.0,Taraxacum.alpinum,0.34615384615384626,opth,3,False,mlp1,bce,msle
515,0.8110957824201813,0.37020401565570205,0.8488372093023255,0.6461864406779662,0.9591194968553459,0.7721518987341772,172.0,Taraxacum.officinale,0.4950236499802916,opth,3,False,mlp1,bce,msle
516,0.2620545073375262,0.0023892058241977987,0.0,0.9101527403414196,0.9970472440944882,0.9516204790981682,3.0,Tephroseris.integrifolia,-0.08984725965858043,opth,3,False,mlp1,bce,msle
517,0.6457399103139013,0.0025252525252525255,0.0,0.8798206278026905,0.9989816700610998,0.9356223175965666,1.0,Teucrium.botrys,-0.12017937219730945,opth,3,False,mlp1,bce,msle
518,0.7959283910027665,0.25972423793489924,0.5408163265306123,0.8143418467583498,0.948512585812357,0.8763213530655392,98.0,Teucrium.chamaedrys,0.35515817328896215,opth,3,False,mlp1,bce,msle
519,0.7835601955860976,0.1673103003662757,0.4857142857142857,0.8677150786308974,0.9811715481171548,0.9209621993127147,35.0,Teucrium.montanum,0.35342936434518313,opth,3,False,mlp1,bce,msle
520,0.8382882882882883,0.0547385271434887,0.6666666666666666,0.7657657657657657,0.9976525821596244,0.8664627930682977,6.0,Thalictrum.alpinum,0.43243243243243246,opth,3,False,mlp1,bce,msle
521,0.7225719424460432,0.009324274901288508,0.5,0.6241007194244604,0.9971264367816092,0.7676991150442478,4.0,Thalictrum.aquilegiifolium,0.12410071942446033,opth,3,False,mlp1,bce,msle
522,0.75220700152207,0.06679573373696415,0.7142857142857143,0.7123287671232876,0.9923664122137404,0.8293460925039873,21.0,Thalictrum.minus,0.4266144814090018,opth,3,False,mlp1,bce,msle
523,0.6833483348334833,0.01228657858558128,0.8,0.47704770477047703,0.9981167608286252,0.6455542021924482,5.0,Thalictrum.simplex,0.27704770477047713,opth,3,False,mlp1,bce,msle
524,0.8253604875873346,0.09270501851056324,0.6774193548387096,0.8230414746543778,0.9889258028792912,0.8983903420523138,31.0,Thesium.alpinum,0.5004608294930875,opth,3,False,mlp1,bce,msle
525,0.7094032549728753,0.026012255630419232,0.6,0.7513562386980108,0.9952095808383233,0.8562596599690881,10.0,Thesium.linophyllon,0.3513562386980107,opth,3,False,mlp1,bce,msle
526,0.6831121988921809,0.08473273266320436,0.42857142857142855,0.7853922452660054,0.9954285714285714,0.8780241935483871,7.0,Thesium.pyrenaicum,0.21396367383743398,opth,3,False,mlp1,bce,msle
527,0.44739208633093525,0.005513040562863018,0.25,0.7356115107913669,0.9963459196102314,0.8463528194516295,4.0,Tofieldia.calyculata,-0.014388489208633115,opth,3,False,mlp1,bce,msle
528,0.8003616636528029,0.07961827316372538,0.9,0.488245931283906,0.9981515711645101,0.6557377049180327,10.0,Tragopogon.dubius,0.38824593128390594,opth,3,False,mlp1,bce,msle
529,0.8350317994762441,0.49298719696745996,0.8488888888888889,0.6992143658810326,0.9482496194824962,0.8049095607235142,225.0,Tragopogon.pratensis,0.5481032547699214,opth,3,False,mlp1,bce,msle
530,0.9200155561317085,0.12710651556793903,0.9285714285714286,0.6533575317604355,0.9986130374479889,0.7899067471201316,14.0,Traunsteinera.globosa,0.5819289603318643,opth,3,False,mlp1,bce,msle
531,0.7800040477636105,0.058757317610426324,0.7222222222222222,0.7477231329690346,0.9939467312348669,0.8534303534303534,18.0,Trifolium.alpestre,0.4699453551912569,opth,3,False,mlp1,bce,msle
532,0.8313058683429053,0.17233613802428951,0.8095238095238095,0.7321937321937322,0.9846743295019157,0.8398692810457516,63.0,Trifolium.alpinum,0.5417175417175417,opth,3,False,mlp1,bce,msle
533,0.5884476534296029,0.017516422207096906,0.25,0.76985559566787,0.9930151338766007,0.8673106253177427,8.0,Trifolium.arvense,0.019855595667869874,opth,3,False,mlp1,bce,msle
534,0.7112511251125113,0.008844648892681196,0.8,0.6075607560756076,0.9985207100591716,0.7554560716284275,5.0,Trifolium.aureum,0.4075607560756076,opth,3,False,mlp1,bce,msle
535,0.7467645202020202,0.1431769512031766,0.5666666666666667,0.7215909090909091,0.9670050761421319,0.8264642082429501,60.0,Trifolium.badium,0.2882575757575756,opth,3,False,mlp1,bce,msle
536,0.7640941295546559,0.2022701220414946,0.6842105263157895,0.6721153846153847,0.966804979253112,0.792966534316506,76.0,Trifolium.campestre,0.35632591093117405,opth,3,False,mlp1,bce,msle
537,0.8175260896255372,0.1262643592814383,0.7666666666666667,0.7044198895027625,0.9909326424870466,0.8234660925726588,30.0,Trifolium.dubium,0.4710865561694293,opth,3,False,mlp1,bce,msle
538,0.6891814068284656,0.01621673609898079,0.18181818181818182,0.7972850678733032,0.9898876404494382,0.8832080200501253,11.0,Trifolium.medium,-0.0208967503085149,opth,3,False,mlp1,bce,msle
539,0.790224393972483,0.4150728665111637,0.7171052631578947,0.6950207468879668,0.9396914446002805,0.7990459153249851,152.0,Trifolium.montanum,0.41212601004586147,opth,3,False,mlp1,bce,msle
540,0.6619611414693383,0.024067848640767157,0.6111111111111112,0.5664845173041895,0.9888712241653418,0.7203242617255357,18.0,Trifolium.ochroleucon,0.17759562841530063,opth,3,False,mlp1,bce,msle
541,0.730063586845044,0.6532491934690998,0.7281947261663286,0.5858747993579454,0.7314629258517034,0.6506238859180036,493.0,Trifolium.pratense,0.31406952552427403,opth,3,False,mlp1,bce,msle
542,0.7291532834614667,0.32909359412292183,0.7616822429906542,0.5898004434589801,0.9125214408233276,0.7164983164983165,214.0,Trifolium.repens,0.3514826864496343,opth,3,False,mlp1,bce,msle
543,0.5291768646141956,0.007207336315043465,0.2857142857142857,0.6194770063119928,0.9927745664739884,0.7629094947251527,7.0,Trifolium.rubens,-0.09480870797372154,opth,3,False,mlp1,bce,msle
544,0.41247755834829447,0.002226417320512064,0.0,0.6660682226211849,0.9973118279569892,0.798708288482239,2.0,Trifolium.scabrum,-0.3339317773788151,opth,3,False,mlp1,bce,msle
545,0.7189748201438849,0.010989148095681047,0.75,0.5224820143884892,0.9982817869415808,0.6859504132231405,4.0,Trifolium.striatum,0.2724820143884892,opth,3,False,mlp1,bce,msle
546,0.8785733446856157,0.3133486178014812,0.7349397590361446,0.8276863504356244,0.9749144811858609,0.8952879581151832,83.0,Trifolium.thalii,0.562626109471769,opth,3,False,mlp1,bce,msle
547,0.760988336402701,0.1923800132987767,0.6,0.8204419889502762,0.9867109634551495,0.8959276018099548,30.0,Trinia.glauca,0.4204419889502762,opth,3,False,mlp1,bce,msle
548,0.7902324879227053,0.04420519270575231,1.0,0.5615942028985508,1.0,0.7192575406032483,12.0,Trisetum.distichophyllum,0.5615942028985508,opth,3,False,mlp1,bce,msle
549,0.7923674286247813,0.5606610137603494,0.7491749174917491,0.6986469864698647,0.8819875776397516,0.7796842827728209,303.0,Trisetum.flavescens,0.4478219039616138,opth,3,False,mlp1,bce,msle
550,0.8433199173939914,0.21859462678859926,0.8095238095238095,0.7207977207977208,0.9844357976653697,0.8322368421052632,63.0,Trollius.europaeus,0.5303215303215303,opth,3,False,mlp1,bce,msle
551,0.7747974797479746,0.028083749475644508,1.0,0.38613861386138615,1.0,0.5571428571428572,5.0,Turritis.glabra,0.38613861386138604,opth,3,False,mlp1,bce,msle
552,0.6767631103074142,0.026062372389658008,0.7,0.6103074141048824,0.995575221238938,0.7567264573991032,10.0,Tussilago.farfara,0.3103074141048823,opth,3,False,mlp1,bce,msle
553,0.6222440757542113,0.044519250955880524,0.3103448275862069,0.8298068077276909,0.9783080260303688,0.8979591836734694,29.0,Urtica.dioica,0.14015163531389785,opth,3,False,mlp1,bce,msle
554,0.7007507507507508,0.10584065312513492,0.5,0.7639639639639639,0.9964747356051704,0.8648648648648649,6.0,Valeriana.dioica,0.26396396396396393,opth,3,False,mlp1,bce,msle
555,0.7455040871934604,0.05221807571798048,0.6666666666666666,0.5849227974568574,0.9922958397534669,0.736,15.0,Valeriana.montana,0.2515894641235241,opth,3,False,mlp1,bce,msle
556,0.7345086855068705,0.03205982650992034,0.6428571428571429,0.7105263157894737,0.9936548223350253,0.8285714285714286,14.0,Valeriana.officinalis,0.3533834586466167,opth,3,False,mlp1,bce,msle
557,0.6471066907775769,0.013345641064600577,0.8,0.593128390596745,0.9969604863221885,0.7437641723356009,10.0,Valerianella.dentata,0.3931283905967451,opth,3,False,mlp1,bce,msle
558,0.7417499243112322,0.03882613264747564,0.8,0.6584922797456857,0.9958791208791209,0.7927829414980864,15.0,Valerianella.locusta,0.45849227974568585,opth,3,False,mlp1,bce,msle
559,0.776678078638863,0.1646342007255217,0.5333333333333333,0.861811391223156,0.9777542372881356,0.9161290322580645,45.0,Veratrum.album,0.3951447245564892,opth,3,False,mlp1,bce,msle
560,0.7483120437956204,0.06256590893658814,0.65,0.698905109489051,0.9909443725743855,0.8196896736222579,20.0,Verbascum.lychnitis,0.34890510948905096,opth,3,False,mlp1,bce,msle
561,0.5897389738973897,0.006257955762620073,0.8,0.48874887488748875,0.9981617647058824,0.6561933534743203,5.0,Verbascum.nigrum,0.2887488748874887,opth,3,False,mlp1,bce,msle
562,0.6711071107110711,0.010986235234942833,0.8,0.47614761476147616,0.9981132075471698,0.6447288238878732,5.0,Verbascum.thapsus,0.2761476147614763,opth,3,False,mlp1,bce,msle
563,0.7017966475961056,0.014554886999926816,0.4444444444444444,0.6639566395663956,0.9932432432432432,0.7958852192744992,9.0,Verbena.officinalis,0.10840108401084003,opth,3,False,mlp1,bce,msle
564,0.9027524792552115,0.1621365879961715,0.8333333333333334,0.8296903460837887,0.9967177242888403,0.9055666003976143,18.0,Veronica.aphylla,0.663023679417122,opth,3,False,mlp1,bce,msle
565,0.7593178029026175,0.21529637005255262,0.7339449541284404,0.6623634558093346,0.9583333333333334,0.7833235466823253,109.0,Veronica.arvensis,0.39630840993777516,opth,3,False,mlp1,bce,msle
566,0.8354014598540145,0.05788436071945949,0.35,0.8786496350364964,0.9866803278688525,0.9295366795366795,20.0,Veronica.bellidioides,0.22864963503649638,opth,3,False,mlp1,bce,msle
567,0.8246621527745616,0.2810829134918509,0.9626168224299065,0.5589692765113974,0.9929577464788732,0.7152821813570069,107.0,Veronica.chamaedrys,0.5215860989413039,opth,3,False,mlp1,bce,msle
568,0.8195709370572759,0.05557687537014844,0.7222222222222222,0.6903460837887068,0.9934469200524246,0.814615797958087,18.0,Veronica.fruticans,0.41256830601092886,opth,3,False,mlp1,bce,msle
569,0.5382194244604317,0.005666275958029973,0.25,0.6420863309352518,0.99581589958159,0.7807545106615636,4.0,Veronica.fruticulosa,-0.1079136690647482,opth,3,False,mlp1,bce,msle
570,0.8223864127045051,0.08950939880568352,0.7894736842105263,0.7128532360984503,0.9949109414758269,0.8305894848645778,19.0,Veronica.officinalis,0.5023269203089766,opth,3,False,mlp1,bce,msle
571,0.7235454691430712,0.029895247536510548,0.5882352941176471,0.6924476797088263,0.9908854166666666,0.8152115693626139,17.0,Veronica.persica,0.28068297382647334,opth,3,False,mlp1,bce,msle
572,0.5482061317677756,0.021191271331221125,0.6666666666666666,0.43561643835616437,0.9855371900826446,0.6041798606713109,21.0,Veronica.serpyllifolia,0.102283105022831,opth,3,False,mlp1,bce,msle
573,0.8027561901319357,0.2560191647378702,0.9,0.6182902584493042,0.9826224328593997,0.7589993898718731,110.0,Vicia.cracca,0.5182902584493041,opth,3,False,mlp1,bce,msle
574,0.883943438615039,0.22066664781821604,0.8571428571428571,0.7567067530064755,0.9939246658566221,0.8592436974789915,35.0,Vicia.hirsuta,0.6138496101493325,opth,3,False,mlp1,bce,msle
575,0.7093128390596746,0.024835873243697223,0.4,0.779385171790235,0.9930875576036866,0.8733535967578521,10.0,Vicia.onobrychioides,0.17938517179023505,opth,3,False,mlp1,bce,msle
576,0.8075142249055294,0.33573714101907376,0.5652173913043478,0.8401598401598401,0.9438832772166106,0.8890063424947146,115.0,Vicia.sativa,0.4053772314641879,opth,3,False,mlp1,bce,msle
577,0.7419753086419753,0.08206655151552912,0.4722222222222222,0.7888888888888889,0.9781859931113662,0.8733982573039467,36.0,Vicia.sepium,0.26111111111111107,opth,3,False,mlp1,bce,msle
578,0.6813417190775681,0.059291731936748415,0.6666666666666666,0.7358490566037735,0.998780487804878,0.8473874806001035,3.0,Vicia.tetrasperma,0.40251572327044016,opth,3,False,mlp1,bce,msle
579,0.7451407811080837,0.03958449541867461,0.8,0.6448683015440508,0.9957924263674615,0.782800441014333,15.0,Vincetoxicum.hirundinaria,0.4448683015440509,opth,3,False,mlp1,bce,msle
580,0.6126570915619389,0.0043779580797836375,0.5,0.37971274685816875,0.9976415094339622,0.5500650195058517,2.0,Viola.arvensis,-0.12028725314183131,opth,3,False,mlp1,bce,msle
581,0.7794514388489209,0.017345352003011405,0.75,0.8714028776978417,0.9989690721649485,0.930835734870317,4.0,Viola.biflora,0.6214028776978417,opth,3,False,mlp1,bce,msle
582,0.8374615075646004,0.14108527775086563,0.7142857142857143,0.8153701968134958,0.9841628959276018,0.8918503331624807,49.0,Viola.calcarata,0.5296559110992101,opth,3,False,mlp1,bce,msle
583,0.6622439778436171,0.01835036003835347,0.5714285714285714,0.5139765554553652,0.9947643979057592,0.6777645659928656,7.0,Viola.hirta,0.08540512688393664,opth,3,False,mlp1,bce,msle
584,0.47982062780269064,0.0017211703958691911,1.0,0.2878923766816143,1.0,0.44707520891364905,1.0,Viola.rupestris,0.2878923766816144,opth,3,False,mlp1,bce,msle
585,0.4084380610412926,0.0022078955374066882,0.0,0.9542190305206463,0.9981220657276996,0.9756769160165213,2.0,Vulpia.myuros,-0.04578096947935373,opth,3,False,mlp1,bce,msle
586,0.6666666666666666,0.010880841315623925,0.6666666666666666,0.766397124887691,0.9988290398126464,0.8673106253177427,3.0,Athamanta.cretensis,0.4330637915543576,opth,3,False,mlp1,bce,msle
587,0.7090909090909091,0.010141135379418242,0.6,0.7623762376237624,0.9976442873969376,0.8642857142857143,5.0,Bupleurum.baldense,0.36237623762376225,opth,3,False,mlp1,bce,msle
588,0.7385273528649209,0.06019501037640929,0.5714285714285714,0.8212341197822142,0.9934138309549945,0.8991554893194238,14.0,Imperatoria.ostruthium,0.39266269121078556,opth,3,False,mlp1,bce,msle
589,0.8124896127638358,0.10267835805451322,0.8636363636363636,0.7038391224862889,0.9961190168175937,0.8248527048741296,22.0,Laserpitium.gallicum,0.5674754861226525,opth,3,False,mlp1,bce,msle
590,1.0,1.0,1.0,0.8322869955156951,1.0,0.9084679393049437,1.0,Oenanthe.silaifolia,0.8322869955156951,opth,3,False,mlp1,bce,msle
591,0.8856770049181972,0.08453888046060343,0.8888888888888888,0.7235772357723578,0.9987531172069826,0.8391828182294395,9.0,Seseli.galloprovinciale,0.6124661246612466,opth,3,False,mlp1,bce,msle
592,0.3695067264573991,0.0014204545454545455,0.0,0.7515695067264574,0.99880810488677,0.857727737973388,1.0,Torilis.leptophylla,-0.2484304932735426,opth,3,False,mlp1,bce,msle
593,0.9807001795332136,0.07402597402597402,1.0,0.9631956912028725,1.0,0.9812528577960676,2.0,Achillea.ptarmica,0.9631956912028725,opth,3,False,mlp1,bce,msle
594,0.7934341155234657,0.04298536374133672,0.75,0.7265342960288809,0.9975216852540273,0.8407310704960835,8.0,Artemisia.alba,0.476534296028881,opth,3,False,mlp1,bce,msle
595,0.5532549728752261,0.010458925999085556,0.0,0.7884267631103075,0.9886621315192744,0.8772635814889336,10.0,Bombycilaena.erecta,-0.21157323688969254,opth,3,False,mlp1,bce,msle
596,0.8283917340521114,0.01984638743425185,1.0,0.3108715184186882,1.0,0.4742974640164496,3.0,Cacalia.alliariae,0.3108715184186881,opth,3,False,mlp1,bce,msle
597,0.7638831756478816,0.02790911648770732,0.9090909090909091,0.5619909502262443,0.9983922829581994,0.719166184134337,11.0,Cacalia.alpina,0.4710818593171533,opth,3,False,mlp1,bce,msle
598,0.3683737646001797,0.0027434767109182526,0.0,0.5633423180592992,0.9952380952380953,0.7194492254733219,3.0,Carduus.nigrescens,-0.43665768194070076,opth,3,False,mlp1,bce,msle
599,0.8122635355512069,0.05215184236823355,0.6190476190476191,0.771689497716895,0.9906213364595545,0.8675564681724846,21.0,Catananche.caerulea,0.39073711676451417,opth,3,False,mlp1,bce,msle
600,0.9065588499550764,0.020961099086099083,1.0,0.6585804132973945,1.0,0.7941495124593716,3.0,Centaurea.alpestris,0.6585804132973945,opth,3,False,mlp1,bce,msle
601,0.7279344858962693,0.03481536314932441,0.5882352941176471,0.6424021838034577,0.9901823281907434,0.7792494481236203,17.0,Centaurea.paniculata,0.23063747792110467,opth,3,False,mlp1,bce,msle
602,0.8825995807127882,0.016015026700335305,1.0,0.48427672955974843,1.0,0.652542372881356,3.0,Centaurea.triumfetti,0.48427672955974854,opth,3,False,mlp1,bce,msle
603,0.8028638776197424,0.2481409669368847,0.7457627118644068,0.7398297067171239,0.9811794228356336,0.8435814455231931,59.0,Centaurea.uniflora,0.4855924185815308,opth,3,False,mlp1,bce,msle
604,0.664721723518851,0.0039403604384715425,0.5,0.6211849192100538,0.9985569985569985,0.7659103486441616,2.0,Cirsium.ferox,0.12118491921005381,opth,3,False,mlp1,bce,msle
605,0.7628224430392452,0.0290953987153936,0.6666666666666666,0.6386630532971996,0.995774647887324,0.7782058337919647,9.0,Cirsium.morisianum,0.30532971996386626,opth,3,False,mlp1,bce,msle
606,0.9129946043165468,0.027680300411411063,1.0,0.7347122302158273,1.0,0.847071021254536,4.0,Cirsium.rivulare,0.7347122302158273,opth,3,False,mlp1,bce,msle
607,0.7931593159315933,0.014908664905101643,0.8,0.6435643564356436,0.9986033519553073,0.782703886152162,5.0,Crepis.albida,0.4435643564356435,opth,3,False,mlp1,bce,msle
608,0.7983909545553382,0.0779582721606771,0.8095238095238095,0.639269406392694,0.9943181818181818,0.7782101167315175,21.0,Crepis.nicaeensis,0.44879321591650356,opth,3,False,mlp1,bce,msle
609,0.74056461352657,0.025826680428768557,0.6666666666666666,0.7137681159420289,0.9949494949494949,0.8312236286919831,12.0,Doronicum.grandiflorum,0.38043478260869557,opth,3,False,mlp1,bce,msle
610,0.7464662389909753,0.07871898232777037,0.4411764705882353,0.7754158964879853,0.9778554778554779,0.8649484536082475,34.0,Echinops.ritro,0.21659236707622043,opth,3,False,mlp1,bce,msle
611,0.6856885224784233,0.0169445940469795,0.42857142857142855,0.739404869251578,0.9951456310679612,0.8484221417485773,7.0,Erigeron.atticus,0.1679762978230066,opth,3,False,mlp1,bce,msle
612,0.8240574506283662,0.007394677914909128,0.0,0.8985637342908438,0.9980059820538385,0.9456778460085026,2.0,Filago.vulgaris,-0.1014362657091562,opth,3,False,mlp1,bce,msle
613,0.49550359712230213,0.009416112634050282,0.25,0.7877697841726619,0.9965870307167235,0.8799598191863385,4.0,Helichrysum.stoechas,0.03776978417266186,opth,3,False,mlp1,bce,msle
614,0.7472547254725472,0.012049710599704647,0.0,0.9675967596759676,0.9953703703703703,0.9812870835235052,5.0,Hieracium.glanduliferum,-0.03240324032403241,opth,3,False,mlp1,bce,msle
615,0.7981864129626877,0.09353943138284138,0.7741935483870968,0.7410138248847926,0.9913686806411838,0.8481012658227848,31.0,Pilosella.peleteriana,0.5152073732718894,opth,3,False,mlp1,bce,msle
616,0.6969094523766493,0.16638177900335582,0.4818181818181818,0.7276341948310139,0.9277566539923955,0.8155988857938719,110.0,Pilosella.officinarum,0.20945237664919558,opth,3,False,mlp1,bce,msle
617,0.8869981238273922,0.3528155128729929,0.84,0.8161350844277674,0.9908883826879271,0.8950617283950617,50.0,Hieracium.rionii,0.6561350844277674,opth,3,False,mlp1,bce,msle
618,0.9382974400650143,0.37735962494005293,0.8695652173913043,0.8476635514018691,0.9934282584884995,0.9147755925365607,46.0,Pilosella.corymbuloides,0.7172287687931735,opth,3,False,mlp1,bce,msle
619,0.7968628467721026,0.04772693682050621,0.8571428571428571,0.6370235934664247,0.9971590909090909,0.7774086378737541,14.0,Inula.montana,0.49416645060928177,opth,3,False,mlp1,bce,msle
620,0.9087893700787402,0.478944889625862,0.83,0.8307086614173228,0.9802555168408827,0.8993074054342035,100.0,Leontodon.pyrenaicus,0.6607086614173228,opth,3,False,mlp1,bce,msle
621,0.7785616682509506,0.16479604277947235,0.765625,0.7395437262357415,0.9810844892812106,0.843360433604336,64.0,Leucanthemum.adustum,0.5051687262357416,opth,3,False,mlp1,bce,msle
622,0.8430250305250305,0.1556259306450245,0.7083333333333334,0.815018315018315,0.992196209587514,0.8949220713926597,24.0,Leucanthemum.atratum,0.5233516483516483,opth,3,False,mlp1,bce,msle
623,0.9556218815478075,0.46034890957031976,0.8412698412698413,0.9221272554605888,0.9898063200815495,0.9547689282202556,63.0,Omalotheca.supina,0.7633970967304302,opth,3,False,mlp1,bce,msle
624,0.7042380522993688,0.015266317973009442,0.5714285714285714,0.7348963029756538,0.9963325183374083,0.8458744161909704,7.0,Omalotheca.sylvatica,0.30632487440422507,opth,3,False,mlp1,bce,msle
625,0.7320466786355476,0.004970669959864156,0.0,0.8949730700179533,0.997997997997998,0.9436819687647894,2.0,Pulicaria.dysenterica,-0.10502692998204666,opth,3,False,mlp1,bce,msle
626,0.8528919232255572,0.031261627372921603,0.7142857142857143,0.7267808836789901,0.9975247524752475,0.8408972352634324,7.0,Scorzonera.hispanica,0.4410665979647044,opth,3,False,mlp1,bce,msle
627,0.9865350089766607,0.53125,1.0,0.8438061041292639,1.0,0.9152872444011685,2.0,Senecio.aquaticus,0.8438061041292639,opth,3,False,mlp1,bce,msle
628,0.3932315064390536,0.0028892528447081864,0.0,0.8274932614555256,0.9967532467532467,0.9042709867452136,3.0,Senecio.vulgaris,-0.1725067385444744,opth,3,False,mlp1,bce,msle
629,0.9289330922242315,0.1368166441683176,0.9,0.659132007233273,0.9986301369863013,0.7941176470588235,10.0,Serratula.lycopifolia,0.559132007233273,opth,3,False,mlp1,bce,msle
630,0.8862410071942446,0.10222591193509327,1.0,0.3669064748201439,1.0,0.5368421052631579,4.0,Serratula.nudicaulis,0.3669064748201438,opth,3,False,mlp1,bce,msle
631,0.5933003597122302,0.005252555870650201,0.0,0.8210431654676259,0.9956379498364231,0.8999507146377526,4.0,Sonchus.asper,-0.1789568345323741,opth,3,False,mlp1,bce,msle
632,0.8087566236685757,0.15530885401223357,0.47058823529411764,0.8462238398544131,0.9904153354632588,0.9126594700686947,17.0,Taraxacum.erythrospermum,0.3168120751485306,opth,3,False,mlp1,bce,msle
633,0.384084084084084,0.006927273096855654,0.3333333333333333,0.690990990990991,0.9948119325551232,0.8155236576289208,6.0,Taraxacum.palustre,0.024324324324324298,opth,3,False,mlp1,bce,msle
634,0.583707696915244,0.16911301349503594,0.3333333333333333,0.7861635220125787,0.9977194982896237,0.8793969849246231,3.0,Tolpis.staticifolia,0.11949685534591192,opth,3,False,mlp1,bce,msle
635,0.5477687930518119,0.029989624599132236,0.3333333333333333,0.6810422282120395,0.9973684210526316,0.8093966898024559,3.0,Tragopogon.crocifolius,0.014375561545372895,opth,3,False,mlp1,bce,msle
636,0.8328528597785978,0.15679592209392829,0.78125,0.6872693726937269,0.9906914893617021,0.8115468409586056,32.0,Cerinthe.minor,0.4685193726937269,opth,3,False,mlp1,bce,msle
637,0.7103923330338425,0.005905285228983728,1.0,0.3755615453728661,1.0,0.5460483344219464,3.0,Cynoglossum.officinale,0.37556154537286623,opth,3,False,mlp1,bce,msle
638,0.5034441449535789,0.003576773388483119,0.6666666666666666,0.435759209344115,0.9979423868312757,0.6066291432145091,3.0,Lithospermum.arvense,0.10242587601078168,opth,3,False,mlp1,bce,msle
639,0.7492683394904763,0.061160276569596946,0.7894736842105263,0.5870556061987238,0.9938271604938271,0.73810888252149,19.0,Myosotis.decumbens,0.3765292904092501,opth,3,False,mlp1,bce,msle
640,0.8228777534458329,0.04555822284706701,0.5714285714285714,0.7944093778178539,0.996606334841629,0.8840943301555444,7.0,Myosotis.discolor,0.36583794924642543,opth,3,False,mlp1,bce,msle
641,0.8230452674897119,0.04410701662165128,0.5555555555555556,0.9060523938572719,0.9960278053624627,0.9489120151371807,9.0,Pulmonaria.angustifolia,0.46160794941282735,opth,3,False,mlp1,bce,msle
642,0.5118618618618619,0.008867919405739298,0.3333333333333333,0.8468468468468469,0.9957627118644068,0.9152872444011685,6.0,Alyssum.alpestre,0.18018018018018012,opth,3,False,mlp1,bce,msle
643,0.7767267267267268,0.019189709215887994,0.8333333333333334,0.8,0.9988751406074241,0.8884442221110556,6.0,Alyssum.montanum,0.6333333333333333,opth,3,False,mlp1,bce,msle
644,0.8529499850254567,0.013703990250014512,1.0,0.5480682839173405,1.0,0.7080673244341266,3.0,Arabis.alpina,0.5480682839173405,opth,3,False,mlp1,bce,msle
645,0.90754039497307,0.02912867274569402,1.0,0.8016157989228008,1.0,0.8898854010961634,2.0,Arabis.auriculata,0.8016157989228008,opth,3,False,mlp1,bce,msle
646,0.8065180986731932,0.023439794699204868,0.7142857142857143,0.6844003606853021,0.9973718791064389,0.8117647058823529,7.0,Cardamine.bellidifolia,0.3986860749710164,opth,3,False,mlp1,bce,msle
647,0.8393193388660298,0.0421083375525442,0.38461538461538464,0.9229374433363554,0.9922027290448343,0.9563175199624236,13.0,Cardamine.resedifolia,0.3075528279517401,opth,3,False,mlp1,bce,msle
648,,-0.0,0.0,0.7840501792114696,1.0,0.8789552988448016,0.0,Iberis.pinnata,-0.21594982078853042,opth,3,False,mlp1,bce,msle
649,0.7066908870723585,0.026145184410897835,0.8,0.5885558583106267,0.9953917050691244,0.7397260273972602,15.0,Kandis.perfoliata,0.3885558583106268,opth,3,False,mlp1,bce,msle
650,0.6898395721925135,0.02445740547880402,0.7272727272727273,0.4841628959276018,0.9944237918215614,0.6512477175897748,11.0,Noccaea.brachypetala,0.21143562320032916,opth,3,False,mlp1,bce,msle
651,0.6952295229522952,0.044293982487368454,0.6,0.6156615661566157,0.9970845481049563,0.7612687813021702,5.0,Pritzelago.alpina,0.2156615661566157,opth,3,False,mlp1,bce,msle
652,0.6751356238698011,0.02030408010503768,0.8,0.3806509945750452,0.9952718676122931,0.5506867233485938,10.0,Sisymbrium.austriacum,0.1806509945750452,opth,3,False,mlp1,bce,msle
653,0.6099099099099099,0.040190869075695336,0.5,0.6252252252252253,0.9956958393113343,0.7681239623685667,6.0,Campanula.alpestris,0.12522522522522528,opth,3,False,mlp1,bce,msle
654,0.8456369852831871,0.08246227469733564,0.45161290322580644,0.8497695852534562,0.9818956336528222,0.9110671936758893,31.0,Phyteuma.globulariifolium,0.30138248847926263,opth,3,False,mlp1,bce,msle
655,0.7620907428951306,0.11083488001450437,0.5454545454545454,0.8574040219378428,0.989451476793249,0.9187071498530852,22.0,Phyteuma.michelii,0.40285856739238834,opth,3,False,mlp1,bce,msle
656,0.8634805002632215,0.30223520232400936,0.6417910447761194,0.8522402287893232,0.9738562091503268,0.9089984748347738,67.0,Arenaria.gothica,0.4940312735654424,opth,3,False,mlp1,bce,msle
657,0.9567811934900543,0.16212808457069577,0.9,0.9195298372513563,0.9990176817288802,0.9576271186440678,10.0,Cerastium.cerastoides,0.8195298372513564,opth,3,False,mlp1,bce,msle
658,0.8538778568752342,0.07621162034011586,0.8823529411764706,0.6815286624203821,0.9973368841544608,0.8097297297297297,17.0,Dianthus.hyssopifolius,0.5638816035968528,opth,3,False,mlp1,bce,msle
659,0.8339959545232615,0.19126167015560103,0.6481481481481481,0.8192090395480226,0.9786276715410573,0.8918503331624807,54.0,Dianthus.pavonius,0.46735718769617085,opth,3,False,mlp1,bce,msle
660,0.5240557553956835,0.004475616951216414,0.0,0.8057553956834532,0.9955555555555555,0.8906560636182903,4.0,Minuartia.hybrida,-0.19424460431654678,opth,3,False,mlp1,bce,msle
661,0.7631027253668763,0.007560330560028628,1.0,0.5750224618149147,1.0,0.7301768397033657,3.0,Minuartia.rupestris,0.5750224618149147,opth,3,False,mlp1,bce,msle
662,0.9345971563981041,0.36077189029712464,0.9016393442622951,0.852132701421801,0.9933701657458563,0.9173469387755102,61.0,Minuartia.sedoides,0.7537720456840962,opth,3,False,mlp1,bce,msle
663,0.8871977054950786,0.23797250058416675,0.8620689655172413,0.8081285444234405,0.9907300115874855,0.8901613742842269,58.0,Sagina.glabra,0.6701975099406818,opth,3,False,mlp1,bce,msle
664,0.8370053956834533,0.014209759098896595,0.75,0.7050359712230215,0.9987261146496815,0.8265682656826568,4.0,Sagina.saginoides,0.45503597122302164,opth,3,False,mlp1,bce,msle
665,0.7774431818181818,0.040068171302167936,0.8125,0.65,0.9958217270194986,0.7865786578657866,16.0,Silene.italica,0.4624999999999999,opth,3,False,mlp1,bce,msle
666,0.7515373109523018,0.043655985846888866,0.6363636363636364,0.7184643510054844,0.9899244332493703,0.8326271186440678,22.0,Silene.latifolia,0.3548279873691209,opth,3,False,mlp1,bce,msle
667,0.8772087451332734,0.04233318734829309,0.3333333333333333,0.9568733153638814,0.9981255857544518,0.9770642201834863,3.0,Silene.suecica,0.2902066486972148,opth,3,False,mlp1,bce,msle
668,0.5695589133089133,0.030574532555092786,0.5416666666666666,0.4725274725274725,0.9791271347248577,0.6374305126621371,24.0,Chenopodium.bonus.henricus,0.014194139194139144,opth,3,False,mlp1,bce,msle
669,0.7660392633070228,0.07704343233376029,0.6666666666666666,0.8224043715846995,0.9933993399339934,0.8998505231689088,18.0,Helianthemum.apenninum,0.4890710382513661,opth,3,False,mlp1,bce,msle
670,0.7944774946683129,0.2453273381095686,0.6271186440677966,0.7615894039735099,0.973397823458283,0.8545647558386412,59.0,Helianthemum.oelandicum,0.38870804804130654,opth,3,False,mlp1,bce,msle
671,0.48128182090446237,0.009377379999514905,0.3333333333333333,0.7286612758310872,0.997539975399754,0.842159916926272,3.0,Convolvulus.cantabricus,0.06199460916442057,opth,3,False,mlp1,bce,msle
672,0.8882086861884843,0.1723603636598146,1.0,0.7208448117539027,1.0,0.8377801494130203,27.0,Sedum.alpestre,0.7208448117539028,opth,3,False,mlp1,bce,msle
673,0.7553525350442848,0.03248988816742744,0.38461538461538464,0.8467815049864007,0.9915074309978769,0.9134474327628361,13.0,Sedum.anacampseros,0.23139688960178528,opth,3,False,mlp1,bce,msle
674,0.7652372262773722,0.06320849414169377,0.6,0.7965328467153284,0.9909194097616345,0.8831562974203339,20.0,Sedum.ochroleucum,0.3965328467153284,opth,3,False,mlp1,bce,msle
675,0.8117033022182074,0.22742709878014333,0.6666666666666666,0.7289972899728997,0.9962962962962963,0.8419405320813772,9.0,Sedum.sediforme,0.3956639566395663,opth,3,False,mlp1,bce,msle
676,0.7247223364870424,0.022548150884299574,0.45454545454545453,0.8072398190045249,0.9933184855233853,0.890664003994009,11.0,Sempervivum.calcareum,0.2617852735499795,opth,3,False,mlp1,bce,msle
677,0.9919282511210762,0.1,1.0,0.9210762331838565,1.0,0.9589169000933707,1.0,Euphorbia.esula,0.9210762331838565,opth,3,False,mlp1,bce,msle
678,0.8719682359614294,0.3134741328727801,0.6829268292682927,0.8520930232558139,0.9860064585575888,0.9141716566866267,41.0,Anthyllis.montana,0.5350198525241066,opth,3,False,mlp1,bce,msle
679,0.8634949312456087,0.0370125241092394,0.5555555555555556,0.8392050587172538,0.9957127545551983,0.9107843137254902,9.0,Argyrolobium.zanonii,0.3947606142728093,opth,3,False,mlp1,bce,msle
680,0.7851332770074383,0.17570266721719158,0.6491228070175439,0.7705382436260623,0.9760765550239234,0.8612137203166227,57.0,Astragalus.danicus,0.41966105064360626,opth,3,False,mlp1,bce,msle
681,0.8558550185873606,0.19590622329352075,0.675,0.8327137546468402,0.9856985698569857,0.9027707808564231,40.0,Astragalus.sempervirens,0.5077137546468402,opth,3,False,mlp1,bce,msle
682,0.6184486373165619,0.013521041094570507,0.6666666666666666,0.7412398921832885,0.9987893462469734,0.850954100051573,3.0,Astragalus.vesicarius,0.4079065588499551,opth,3,False,mlp1,bce,msle
683,0.961665169212339,0.13076923076923078,1.0,0.7897574123989218,1.0,0.8825301204819277,3.0,Bituminaria.bituminosa,0.7897574123989219,opth,3,False,mlp1,bce,msle
684,0.8519902099703722,0.07012431890589882,1.0,0.6023444544634806,1.0,0.7518289251547552,7.0,Dorycnium.pentaphyllum,0.6023444544634806,opth,3,False,mlp1,bce,msle
685,0.6762331838565022,0.0027624309392265192,0.0,0.8233183856502242,0.998911860718172,0.9026548672566371,1.0,Genista.cinerea,-0.1766816143497758,opth,3,False,mlp1,bce,msle
686,0.9488789237668162,0.017241379310344827,1.0,0.5775784753363229,1.0,0.7322342239909039,1.0,Lathyrus.hirsutus,0.5775784753363229,opth,3,False,mlp1,bce,msle
687,0.9008024017467249,0.6068623799171221,0.77,0.8395196506550219,0.943558282208589,0.8885037550548815,200.0,Lotus.alpinus,0.609519650655022,opth,3,False,mlp1,bce,msle
688,0.6648957700870268,0.031604691946732426,0.5,0.6867030965391621,0.9882044560943644,0.8103170338527673,18.0,Lotus.delortii,0.18670309653916206,opth,3,False,mlp1,bce,msle
689,0.8904847396768403,0.011821305841924399,1.0,0.8464991023339318,1.0,0.9168692270296548,2.0,Lotus.pedunculatus,0.8464991023339317,opth,3,False,mlp1,bce,msle
690,0.8161434977578476,0.0048543689320388345,1.0,0.4914798206278027,1.0,0.6590499098015634,1.0,Medicago.arabica,0.4914798206278026,opth,3,False,mlp1,bce,msle
691,0.9125486672656484,0.02276157266471098,0.6666666666666666,0.9146451033243486,0.9990186457311089,0.9549718574108818,3.0,Melilotus.neapolitanus,0.5813117699910153,opth,3,False,mlp1,bce,msle
692,0.8220695123562838,0.13802641574982125,0.4857142857142857,0.8695652173913043,0.9812108559498957,0.9220205983325159,35.0,Ononis.cristata,0.35527950310559,opth,3,False,mlp1,bce,msle
693,0.9343354720439963,0.2890901695520684,0.88,0.845096241979835,0.9967567567567568,0.9146825396825397,25.0,Oxytropis.lapponica,0.725096241979835,opth,3,False,mlp1,bce,msle
694,0.7091330671132294,0.016257451063193987,0.5714285714285714,0.6564472497745717,0.9958960328317373,0.7913043478260869,7.0,Trifolium.incarnatum,0.2278758212031431,opth,3,False,mlp1,bce,msle
695,0.8623518687329079,0.13457070313521807,0.7368421052631579,0.7784867821330902,0.9941792782305006,0.8732106339468303,19.0,Trifolium.pallescens,0.515328887396248,opth,3,False,mlp1,bce,msle
696,0.8385650224215246,0.0055248618784530384,1.0,0.6161434977578475,1.0,0.7624861265260822,1.0,Vicia.pannonica,0.6161434977578475,opth,3,False,mlp1,bce,msle
697,0.7696860867251928,0.11000062944832571,0.7857142857142857,0.5316573556797021,0.9844827586206897,0.6904474002418379,42.0,Vicia.tenuifolia,0.31737164139398777,opth,3,False,mlp1,bce,msle
698,0.7747584541062802,0.0791466282290648,0.6666666666666666,0.759963768115942,0.9952550415183867,0.861838726245506,12.0,Gentiana.angustifolia,0.42663043478260865,opth,3,False,mlp1,bce,msle
699,0.8463085788844188,0.09339471005811027,0.8529411764705882,0.767097966728281,0.9940119760479041,0.8659363588941054,34.0,Gentiana.brachyphylla,0.6200391431988692,opth,3,False,mlp1,bce,msle
700,0.703336339044184,0.011276885108148699,0.14285714285714285,0.8133453561767358,0.9933920704845814,0.8943976202280615,7.0,Gentiana.orbicularis,-0.04379750096612134,opth,3,False,mlp1,bce,msle
701,0.7254725472547254,0.009150694916484802,0.4,0.7587758775877588,0.9964539007092199,0.86152273888605,5.0,Gentiana.rostanii,0.1587758775877588,opth,3,False,mlp1,bce,msle
702,0.8105948322711328,0.1943078597714746,0.6153846153846154,0.7967244701348748,0.9649941656942824,0.8728232189973615,78.0,Gentianella.campestris,0.4121090855194902,opth,3,False,mlp1,bce,msle
703,0.7990416292303085,0.008689526098219207,1.0,0.6846361185983828,1.0,0.8128,3.0,Gentianella.ciliata,0.6846361185983829,opth,3,False,mlp1,bce,msle
704,0.6504941599281222,0.006853820246928182,0.3333333333333333,0.7115902964959568,0.9974811083123426,0.8306240167802832,3.0,Gentianella.tenella,0.0449236298292901,opth,3,False,mlp1,bce,msle
705,,-0.0,0.0,0.7213261648745519,1.0,0.8381051535658511,0.0,Hypericum.tetrapterum,-0.2786738351254481,opth,3,False,mlp1,bce,msle
706,0.711590296495957,0.011332249245852187,0.6666666666666666,0.8751123090745733,0.9989743589743589,0.9329501915708812,3.0,Herniaria.incana,0.5417789757412399,opth,3,False,mlp1,bce,msle
707,0.38093093093093094,0.004752605762320553,0.0,0.6549549549549549,0.9918144611186903,0.7889310906131307,6.0,Calamintha.nepeta,-0.3450450450450451,opth,3,False,mlp1,bce,msle
708,0.8734262589928058,0.024055320182755337,0.75,0.7985611510791367,0.9988751406074241,0.8875562218890555,4.0,Mentha.aquatica,0.5485611510791366,opth,3,False,mlp1,bce,msle
709,0.8594314079422383,0.04049297678171462,0.75,0.7879061371841155,0.9977142857142857,0.8804841149773072,8.0,Mentha.longifolia,0.5379061371841156,opth,3,False,mlp1,bce,msle
710,0.4887690925426774,0.0056598503827815835,0.3333333333333333,0.6460017969451932,0.9972260748959778,0.7840785169029444,3.0,Nepeta.nepetella,-0.020664869721473522,opth,3,False,mlp1,bce,msle
711,0.5555555555555556,0.004785051586012559,0.3333333333333333,0.4537286612758311,0.9960552268244576,0.6234567901234568,3.0,Prunella.hyssopifolia,-0.21293800539083563,opth,3,False,mlp1,bce,msle
712,0.6833698312508051,0.02680643161326051,0.42857142857142855,0.8881875563570785,0.9959555106167847,0.9389895138226882,7.0,Teucrium.polium,0.31675898492850707,opth,3,False,mlp1,bce,msle
713,0.7672672672672672,0.019092717177582635,0.8333333333333334,0.563963963963964,0.9984051036682615,0.7207829591249281,6.0,Linum.bienne,0.39729729729729746,opth,3,False,mlp1,bce,msle
714,0.7723701663095601,0.1500358473069663,0.5555555555555556,0.8484848484848485,0.9871794871794872,0.9125925925925926,27.0,Linum.suffruticosum,0.404040404040404,opth,3,False,mlp1,bce,msle
715,0.8864864864864865,0.061644658884244974,0.6666666666666666,0.8315315315315316,0.9978378378378379,0.9071253071253071,6.0,Lythrum.salicaria,0.4981981981981982,opth,3,False,mlp1,bce,msle
716,0.7223723723723724,0.014234095715274906,0.5,0.7531531531531531,0.9964243146603099,0.857875833760903,6.0,Althaea.hirsuta,0.253153153153153,opth,3,False,mlp1,bce,msle
717,0.9219730941704036,0.011363636363636364,1.0,0.9013452914798207,1.0,0.9481132075471698,1.0,Epilobium.parviflorum,0.9013452914798208,opth,3,False,mlp1,bce,msle
718,0.32989228007181326,0.0019480435905780513,0.0,0.6247755834829444,0.997134670487106,0.7682119205298014,2.0,Plantago.sempervirens,-0.3752244165170556,opth,3,False,mlp1,bce,msle
719,0.898564566809241,0.3235359822288478,0.8840579710144928,0.7812798471824259,0.9903147699757869,0.8734650293646556,69.0,Armeria.alpina,0.6653378181969187,opth,3,False,mlp1,bce,msle
720,0.7138708779187716,0.06834916492285203,0.5217391304347826,0.7566331198536139,0.986873508353222,0.8565510098394614,23.0,Polygala.calcarea,0.2783722502883965,opth,3,False,mlp1,bce,msle
721,0.7403444801612052,0.052280828722212125,0.6842105263157895,0.6517775752051048,0.9916782246879334,0.7865786578657866,19.0,Rumex.arifolius,0.3359881015208943,opth,3,False,mlp1,bce,msle
722,0.8867686768676868,0.07377521823025099,0.8,0.6876687668766877,0.9986928104575163,0.814498933901919,5.0,Rumex.conglomeratus,0.4876687668766877,opth,3,False,mlp1,bce,msle
723,0.6510998846413939,0.05151078492071995,0.5217391304347826,0.6788655077767612,0.9853917662682603,0.8039003250270856,23.0,Rumex.nebroides,0.20060463821154384,opth,3,False,mlp1,bce,msle
724,0.6175406871609403,0.014513065016756303,0.4,0.7585895117540687,0.9928994082840237,0.8600717580727832,10.0,Rumex.pseudalpinus,0.15858951175406877,opth,3,False,mlp1,bce,msle
725,0.9402245273109244,0.20548188664563447,1.0,0.7941176470588235,1.0,0.8852459016393442,28.0,Androsace.adfinis,0.7941176470588234,opth,3,False,mlp1,bce,msle
726,0.8536114483609657,0.152551610944674,0.8297872340425532,0.7633302151543498,0.9902912621359223,0.8621236133122029,47.0,Androsace.vitaliana,0.5931174491969031,opth,3,False,mlp1,bce,msle
727,0.831390134529148,0.005291005291005291,1.0,0.5273542600896861,1.0,0.6905460951262478,1.0,Primula.vulgaris,0.5273542600896861,opth,3,False,mlp1,bce,msle
728,0.6852852852852853,0.013815505872596124,0.6666666666666666,0.6261261261261262,0.9971305595408895,0.7692307692307693,6.0,Aconitum.anthora,0.2927927927927927,opth,3,False,mlp1,bce,msle
729,0.9026827012025903,0.17949653986362124,0.8,0.8362627197039778,0.9923161361141603,0.9076305220883534,35.0,Anemone.baldensis,0.6362627197039779,opth,3,False,mlp1,bce,msle
730,0.856871609403255,0.07207703152653201,0.9,0.7260397830018083,0.9987562189054726,0.8408376963350785,10.0,Anemone.narcissifolia,0.6260397830018083,opth,3,False,mlp1,bce,msle
731,0.6930218628331836,0.011147119474066823,0.6666666666666666,0.49595687331536387,0.9981916817359855,0.6626650660264105,3.0,Caltha.palustris,0.1626235399820306,opth,3,False,mlp1,bce,msle
732,0.7124432334241598,0.035416963150764744,0.7333333333333333,0.5594913714804723,0.9935483870967742,0.715862870424172,15.0,Ranunculus.aduncus,0.2928247048138055,opth,3,False,mlp1,bce,msle
733,0.7752113526570048,0.028136367424218326,0.6666666666666666,0.7047101449275363,0.9948849104859335,0.8250265111346765,12.0,Ranunculus.carinthiacus,0.3713768115942029,opth,3,False,mlp1,bce,msle
734,0.8045797183899872,0.3093035999729848,0.651685393258427,0.7984420642648491,0.963572267920094,0.873269435569755,89.0,Ranunculus.sartorianus,0.4501274575232761,opth,3,False,mlp1,bce,msle
735,0.5026978417266188,0.004512172720265206,0.0,0.8821942446043165,0.9959390862944163,0.9356223175965666,4.0,Reseda.phyteuma,-0.1178057553956835,opth,3,False,mlp1,bce,msle
736,0.8655891640352334,0.07696967942697958,0.9090909090909091,0.7157221206581352,0.9974522292993631,0.8334220329962746,22.0,Alchemilla.fissa,0.6248130297490442,opth,3,False,mlp1,bce,msle
737,0.858480306988488,0.32338969967805314,0.6493506493506493,0.8517805582290664,0.9703947368421053,0.9072270630445926,77.0,Alchemilla.flabellata,0.5011312075797156,opth,3,False,mlp1,bce,msle
738,0.779181369089626,0.08089913661821684,0.6538461538461539,0.789908256880734,0.9896551724137931,0.8785714285714286,26.0,Alchemilla.glabra,0.4437544107268878,opth,3,False,mlp1,bce,msle
739,0.7943407135326327,0.11997037004630685,0.6296296296296297,0.7649219467401286,0.9881376037959668,0.8623188405797102,27.0,Alchemilla.glaucescens,0.39455157636975824,opth,3,False,mlp1,bce,msle
740,0.69155112028019,0.06285711768165328,0.8421052631578947,0.4284412032816773,0.9936575052854123,0.5987261146496815,19.0,Alchemilla.monticola,0.27054646643957203,opth,3,False,mlp1,bce,msle
741,0.9405784494944003,0.28600244165104244,0.8823529411764706,0.8456561922365989,0.9956474428726877,0.9145427286356822,34.0,Alchemilla.pentaphyllea,0.7280091334130696,opth,3,False,mlp1,bce,msle
742,0.8586739327883742,0.06715437633553292,0.4666666666666667,0.932788374205268,0.9922705314009662,0.9616104868913857,15.0,Filipendula.ulmaria,0.3994550408719346,opth,3,False,mlp1,bce,msle
743,0.7850719424460431,0.00997403066099321,1.0,0.612410071942446,1.0,0.7596207473508088,4.0,Potentilla.brauneana,0.6124100719424459,opth,3,False,mlp1,bce,msle
744,0.9183123877917415,0.17216117216117216,1.0,0.46768402154398564,1.0,0.637308868501529,2.0,Potentilla.neglecta,0.4676840215439857,opth,3,False,mlp1,bce,msle
745,0.940984940984941,0.39090708513803013,0.8253968253968254,0.9069325735992403,0.9886128364389234,0.946012877662209,63.0,Sibbaldia.procumbens,0.7323293989960655,opth,3,False,mlp1,bce,msle
746,0.6348348348348348,0.009594383458507504,1.0,0.48558558558558557,1.0,0.6537295330503335,6.0,Galium.megalospermum,0.4855855855855855,opth,3,False,mlp1,bce,msle
747,0.84195384709555,0.2639608993769056,0.7903225806451613,0.7447817836812144,0.9837092731829574,0.847732181425486,62.0,Galium.obliquum,0.5351043643263758,opth,3,False,mlp1,bce,msle
748,0.9193610717506119,0.22272133082834572,0.8571428571428571,0.8079350766456267,0.9988851727982163,0.8933200398803589,7.0,Galium.palustre,0.6650779337884838,opth,3,False,mlp1,bce,msle
749,0.8402350813743219,0.038140207760852515,0.7,0.8245931283905967,0.9967213114754099,0.9025235032162295,10.0,Galium.pseudohelveticum,0.5245931283905967,opth,3,False,mlp1,bce,msle
750,0.9883303411131059,0.28703703703703703,1.0,0.9766606822262118,1.0,0.9881925522252498,2.0,Galium.uliginosum,0.9766606822262118,opth,3,False,mlp1,bce,msle
751,0.5047704770477047,0.009543613215889247,0.4,0.6912691269126913,0.9961089494163424,0.8161530286928799,5.0,Salix.foetida,0.09126912691269129,opth,3,False,mlp1,bce,msle
752,0.7063707729468599,0.02875186480578945,0.6666666666666666,0.7110507246376812,0.9949302915082383,0.8293713681986266,12.0,Thesium.divaricatum,0.37771739130434767,opth,3,False,mlp1,bce,msle
753,0.8200437975009661,0.019690095184982614,0.8571428571428571,0.7403065825067628,0.9987834549878345,0.8503366131538063,7.0,Saxifraga.bryoides,0.5974494396496199,opth,3,False,mlp1,bce,msle
754,0.8566337332392377,0.15431582651497008,0.5384615384615384,0.8247706422018348,0.986827661909989,0.8985507246376812,26.0,Saxifraga.exarata,0.36323218066337315,opth,3,False,mlp1,bce,msle
755,0.6626462646264627,0.017304082602252482,0.2,0.8577857785778578,0.9958202716823407,0.9216634429400387,5.0,Digitalis.grandiflora,0.057785778577857716,opth,3,False,mlp1,bce,msle
756,0.607239819004525,0.01334344412721235,0.7272727272727273,0.4298642533936652,0.9937238493723849,0.6001263423878711,11.0,Euphrasia.officinalis,0.15713698066639248,opth,3,False,mlp1,bce,msle
757,0.6613861386138614,0.008681164654074985,0.8,0.414041404140414,0.9978308026030369,0.5852417302798982,5.0,Linaria.simplex,0.21404140414041395,opth,3,False,mlp1,bce,msle
758,0.5132643884892086,0.0048533163971625215,0.25,0.7850719424460432,0.9965753424657534,0.8782696177062375,4.0,Pedicularis.cenisia,0.03507194244604328,opth,3,False,mlp1,bce,msle
759,0.8902749124406275,0.15171962081332185,0.7894736842105263,0.8395624430264357,0.9956756756756757,0.9109792284866469,19.0,Pedicularis.comosa,0.629036127236962,opth,3,False,mlp1,bce,msle
760,0.8577540106951872,0.03632162171012391,0.9090909090909091,0.7402714932126697,0.9987789987789988,0.8503118503118503,11.0,Pedicularis.kerneri,0.6493624023035789,opth,3,False,mlp1,bce,msle
761,0.28730873087308734,0.00356883182203774,0.4,0.3852385238523852,0.9930394431554525,0.5551232166018158,5.0,Pedicularis.rosea,-0.21476147614761476,opth,3,False,mlp1,bce,msle
762,0.8185559296670408,0.07637256647876203,0.5925925925925926,0.830119375573921,0.9879781420765027,0.9021956087824351,27.0,Pedicularis.rostratospicata,0.4227119681665137,opth,3,False,mlp1,bce,msle
763,0.7809694793536804,0.011076077289999191,1.0,0.547576301615799,1.0,0.7076566125290024,2.0,Verbascum.chaixii,0.5475763016157988,opth,3,False,mlp1,bce,msle
764,0.8564126394052044,0.12011985537438936,0.9,0.7091078066914498,0.9947848761408083,0.8279978296256104,40.0,Veronica.allionii,0.6091078066914499,opth,3,False,mlp1,bce,msle
765,0.9267612024957459,0.28624093382206955,0.7560975609756098,0.8986046511627906,0.9897540983606558,0.9419795221843004,41.0,Veronica.alpina,0.6547022121384005,opth,3,False,mlp1,bce,msle
766,0.7015582034830431,0.047970532572050605,0.64,0.7057745187901008,0.9884467265725289,0.8235294117647058,25.0,Veronica.austriaca,0.3457745187901007,opth,3,False,mlp1,bce,msle
767,0.5935849542702564,0.008267640657151576,0.14285714285714285,0.78809738503156,0.9931818181818182,0.8788335847159376,7.0,Veronica.verna,-0.06904547211129719,opth,3,False,mlp1,bce,msle
768,0.9278481012658228,0.07569696107513339,0.9,0.8471971066907775,0.9989339019189766,0.9168297455968689,10.0,Valeriana.tuberosa,0.7471971066907774,opth,3,False,mlp1,bce,msle
769,0.8779385171790235,0.06412991855140887,0.9,0.604882459312839,0.9985074626865672,0.7533783783783784,10.0,Viola.saxatilis,0.5048824593128391,opth,3,False,mlp1,bce,msle
770,0.8289828982898291,0.09246268218905249,0.8,0.5877587758775877,0.9984709480122325,0.739943342776204,5.0,Carex.acutiformis,0.3877587758775878,opth,3,False,mlp1,bce,msle
771,0.8987252835491318,0.18049017770955336,0.5555555555555556,0.969286359530262,0.9962859795728877,0.9826007326007326,9.0,Carex.bicolor,0.5248419150858177,opth,3,False,mlp1,bce,msle
772,0.6283723021582734,0.005814009778650764,0.5,0.664568345323741,0.9973009446693657,0.7976254722072316,4.0,Carex.cuprina,0.16456834532374098,opth,3,False,mlp1,bce,msle
773,0.9928122192273137,0.23333333333333334,1.0,0.876010781671159,1.0,0.9339080459770115,3.0,Carex.disticha,0.8760107816711589,opth,3,False,mlp1,bce,msle
774,0.8549389329333619,0.11920023468419537,0.8974358974358975,0.7780872794800371,0.995249406175772,0.8733715476810839,39.0,Carex.foetida,0.6755231769159344,opth,3,False,mlp1,bce,msle
775,0.6398190045248868,0.0139513935774018,0.09090909090909091,0.8117647058823529,0.9889746416758545,0.8916500994035785,11.0,Carex.frigida,-0.09732620320855612,opth,3,False,mlp1,bce,msle
776,1.0,1.0,1.0,0.9381165919282511,1.0,0.968070337806571,1.0,Carex.melanostachya,0.9381165919282513,opth,3,False,mlp1,bce,msle
777,0.6841427283266779,0.03587660520513269,0.2857142857142857,0.8827772768259693,0.9949186991869918,0.9354992833253702,7.0,Carex.ovalis,0.168491562540255,opth,3,False,mlp1,bce,msle
778,0.6528776978417267,0.012142609967757711,0.25,0.9640287769784173,0.9972093023255814,0.9803383630544125,4.0,Carex.paniculata,0.21402877697841727,opth,3,False,mlp1,bce,msle
779,0.8664643928297412,0.22199678084194605,0.7222222222222222,0.803201506591337,0.9827188940092166,0.883937823834197,54.0,Carex.parviflora,0.5254237288135593,opth,3,False,mlp1,bce,msle
780,0.6899730215827338,0.01261302319865162,0.75,0.6474820143884892,0.9986130374479889,0.7855973813420621,4.0,Carex.viridula,0.3974820143884892,opth,3,False,mlp1,bce,msle
781,0.3631059245960503,0.002049380704041721,0.0,0.5879712746858169,0.9969558599695586,0.7396950875211745,2.0,Eleocharis.quinqueflora,-0.4120287253141831,opth,3,False,mlp1,bce,msle
782,0.6088129496402878,0.02244468343318601,0.25,0.9703237410071942,0.9972273567467652,0.98359161349134,4.0,Eriophorum.polystachion,0.22032374100719432,opth,3,False,mlp1,bce,msle
783,0.920457995951417,0.39124788149509837,0.868421052631579,0.8384615384615385,0.9886621315192744,0.9073881373569199,76.0,Kobresia.myosuroides,0.7068825910931174,opth,3,False,mlp1,bce,msle
784,0.6910971223021583,0.009592128701514652,0.5,0.7814748201438849,0.9977037887485649,0.8764498234997479,4.0,Schoenus.nigricans,0.28147482014388503,opth,3,False,mlp1,bce,msle
785,0.5713644524236984,0.0030562036545080736,0.5,0.6319569120287253,0.9985815602836879,0.7740516767454645,2.0,Scirpoides.holoschoenus,0.13195691202872517,opth,3,False,mlp1,bce,msle
786,0.6545217304024893,0.013701268322562618,0.5555555555555556,0.6666666666666666,0.9946091644204852,0.7982693347755544,9.0,Muscari.neglectum,0.22222222222222232,opth,3,False,mlp1,bce,msle
787,0.8195529333554927,0.08324696794684118,0.7727272727272727,0.7385740402193784,0.993849938499385,0.8474042999475616,22.0,Crocus.vernus,0.5113013129466513,opth,3,False,mlp1,bce,msle
788,0.8843637184115524,0.13264780102453078,0.625,0.9287003610108303,0.997093023255814,0.9616822429906542,8.0,Juncus.conglomeratus,0.5537003610108302,opth,3,False,mlp1,bce,msle
789,0.7574539797770288,0.02661596976933879,0.5714285714285714,0.7613430127041743,0.9928994082840237,0.861838726245506,14.0,Luzula.alpinopilosa,0.33277158413274566,opth,3,False,mlp1,bce,msle
790,0.7958256599140576,0.23462287555982891,0.6333333333333333,0.7725598526703499,0.9870588235294118,0.8667355371900827,30.0,Luzula.nutans,0.4058931860036832,opth,3,False,mlp1,bce,msle
791,0.6548473967684022,0.003933661009613899,0.5,0.5906642728904847,0.9984825493171472,0.7422447828539199,2.0,Gagea.fragifera,0.09066427289048473,opth,3,False,mlp1,bce,msle
792,0.8460616951182989,0.03284389196175705,1.0,0.5858041329739443,1.0,0.7388101983002833,3.0,Tulipa.australis,0.5858041329739443,opth,3,False,mlp1,bce,msle
793,0.7636353904619173,0.04784363713483883,0.6470588235294118,0.7561419472247498,0.992831541218638,0.8584710743801653,17.0,Dactylorhiza.latifolia,0.4032007707541616,opth,3,False,mlp1,bce,msle
794,0.7621621621621621,0.012721722050275375,0.8333333333333334,0.645045045045045,0.99860529986053,0.7837985769020251,6.0,Ophrys.fuciflora,0.4783783783783784,opth,3,False,mlp1,bce,msle
795,0.877927927927928,0.03117681242494976,1.0,0.6405405405405405,1.0,0.7808896210873146,6.0,Orchis.purpurea,0.6405405405405404,opth,3,False,mlp1,bce,msle
796,0.7942805616385418,0.03220123570886386,0.7142857142857143,0.7177637511271415,0.9974937343358395,0.8348190875721028,7.0,Orchis.simia,0.43204946541285594,opth,3,False,mlp1,bce,msle
797,0.9261425167857915,0.4543874559326144,0.9333333333333333,0.8148148148148148,0.9928741092636579,0.8950749464668094,90.0,Alopecurus.alpinus,0.748148148148148,opth,3,False,mlp1,bce,msle
798,0.9892183288409704,0.13650793650793652,1.0,0.8382749326145552,1.0,0.9120234604105572,3.0,Alopecurus.rendlei,0.8382749326145551,opth,3,False,mlp1,bce,msle
799,0.8025089605734768,0.39292905014639806,0.7795698924731183,0.6978494623655914,0.9405797101449276,0.8012345679012346,186.0,Avenula.pubescens,0.4774193548387098,opth,3,False,mlp1,bce,msle
800,0.8645710135906215,0.19985854823221474,0.7333333333333333,0.7871148459383753,0.9859649122807017,0.8753894080996885,45.0,Avenula.versicolor,0.5204481792717086,opth,3,False,mlp1,bce,msle
801,0.7300811614083219,0.23934606091277832,0.9027777777777778,0.4609053497942387,0.9696969696969697,0.6248256624825662,144.0,Brachypodium.rupestre,0.3636831275720165,opth,3,False,mlp1,bce,msle
802,0.7474683544303797,0.02511494642692284,0.7,0.6292947558770343,0.9957081545064378,0.771191135734072,10.0,Bromus.commutatus,0.3292947558770343,opth,3,False,mlp1,bce,msle
803,0.9384267631103074,0.2978744635412089,1.0,0.7956600361663653,1.0,0.8862034239677744,10.0,Bromus.racemosus,0.7956600361663653,opth,3,False,mlp1,bce,msle
804,0.6460100021743858,0.030953134947688914,0.6190476190476191,0.5260273972602739,0.9863013698630136,0.6861226920786182,21.0,Elytrigia.repens,0.1450750163078931,opth,3,False,mlp1,bce,msle
805,0.6840798557970276,0.0443391608329788,0.37037037037037035,0.8117539026629935,0.9811320754716981,0.8884422110552764,27.0,Festuca.cinerea,0.18212427303336387,opth,3,False,mlp1,bce,msle
806,0.6982952292850535,0.06302223007496899,0.45714285714285713,0.793709528214616,0.9783352337514253,0.8764044943820225,35.0,Festuca.marginata,0.2508523853574731,opth,3,False,mlp1,bce,msle
807,0.8271751968503936,0.3314529199759516,0.73,0.7391732283464567,0.9652956298200515,0.8372352285395763,100.0,Festuca.pratensis,0.4691732283464567,opth,3,False,mlp1,bce,msle
808,0.5801980198019802,0.0060467216065747415,0.2,0.6507650765076508,0.9944979367262724,0.7867247007616975,5.0,Festuca.trichophylla,-0.14923492349234913,opth,3,False,mlp1,bce,msle
809,0.8639243109831346,0.03761172833821006,1.0,0.6497737556561086,1.0,0.7877125617114646,11.0,Gaudinia.fragilis,0.6497737556561085,opth,3,False,mlp1,bce,msle
810,0.6361670967292001,0.03176284867869143,0.46153846153846156,0.7651858567543064,0.9917743830787309,0.8638689866939611,13.0,Helictotrichon.parlatorei,0.22672431829276807,opth,3,False,mlp1,bce,msle
811,0.9069054872710719,0.4971539926052658,0.9210526315789473,0.7465069860279441,0.988110964332893,0.8504832291074474,114.0,Helictotrichon.sedenense,0.6675596176068914,opth,3,False,mlp1,bce,msle
812,0.8089932751179363,0.03610467580548861,0.4444444444444444,0.8121047877145439,0.9944690265486725,0.8940825459970164,9.0,Helictotrichon.sempervirens,0.25654923215898817,opth,3,False,mlp1,bce,msle
813,0.4753141831238779,0.0025359108292136927,1.0,0.40394973070017953,1.0,0.5754475703324808,2.0,Hordeum.murinum,0.4039497307001796,opth,3,False,mlp1,bce,msle
814,0.7799010791366906,0.034143134219470093,0.75,0.7221223021582733,0.9987562189054726,0.8382045929018789,4.0,Hordeum.secalinum,0.4721223021582732,opth,3,False,mlp1,bce,msle
815,0.9479820627802691,0.01694915254237288,1.0,0.5300448430493273,1.0,0.6928487690504103,1.0,Koeleria.cenisia,0.5300448430493274,opth,3,False,mlp1,bce,msle
816,0.7754485063049446,0.05917250906724859,0.8695652173913043,0.5681610247026533,0.9951923076923077,0.7233546884100175,23.0,Molinia.caerulea,0.4377262420939576,opth,3,False,mlp1,bce,msle
817,0.6596379457695595,0.08887494455739758,0.8032786885245902,0.42274881516587676,0.9737991266375546,0.5895571711830799,61.0,Phleum.pratense,0.22602750369046687,opth,3,False,mlp1,bce,msle
818,0.866374640855353,0.332955117357091,0.9047619047619048,0.6805143422354105,0.9856733524355301,0.8051492100643651,105.0,Poa.trivialis,0.5852762469973154,opth,3,False,mlp1,bce,msle
819,0.6266426642664267,0.007592306340031086,0.6,0.54005400540054,0.9966777408637874,0.7005253940455342,5.0,Vulpia.bromoides,0.14005400540054014,opth,3,False,mlp1,bce,msle
820,0.5163663663663663,0.006071403281497475,0.16666666666666666,0.6477477477477478,0.9930939226519337,0.7840785169029444,6.0,Vulpia.ciliata,-0.18558558558558558,opth,3,False,mlp1,bce,msle
821,0.8778480377396367,0.06028433922003887,0.7777777777777778,0.8373983739837398,0.9978471474703983,0.9106090373280943,9.0,Equisetum.variegatum,0.6151761517615175,opth,3,False,mlp1,bce,msle
822,0.9289131920710869,0.2990947901527612,0.9210526315789473,0.7959183673469388,0.9965156794425087,0.8849922640536358,38.0,Pachypleurum.mutellinoides,0.7169709989258861,opth,3,False,mlp1,bce,msle
823,0.6951182988918838,0.005948682288614689,0.3333333333333333,0.7466307277628033,0.9975990396158463,0.8540596094552929,3.0,Libanotis.pyrenaica,0.07996406109613652,opth,3,False,mlp1,bce,msle
824,0.8035348207710526,0.17250787639719486,0.6382978723404256,0.7652011225444341,0.9796407185628743,0.8592436974789915,47.0,Alchemilla.alpigena,0.40349899488485974,opth,3,False,mlp1,bce,msle
825,0.6199874468233489,0.01617261993060985,0.3076923076923077,0.7579329102447869,0.9893491124260355,0.8583162217659137,13.0,Anacamptis.morio,0.06562521793709464,opth,3,False,mlp1,bce,msle
826,0.8017824909747292,0.023684551642660458,0.375,0.7842960288808665,0.994279176201373,0.8768920282542886,8.0,Mutellina.adonidifolia,0.15929602888086647,opth,3,False,mlp1,bce,msle
827,0.8015798284159866,0.1697378522930304,0.48148148148148145,0.8559322033898306,0.9701173959445037,0.9094547273636818,54.0,Avenula.pratensis,0.33741368487131207,opth,3,False,mlp1,bce,msle
828,0.8152098708487084,0.09784798566140757,0.65625,0.8127306273062731,0.9876681614349776,0.8917004048582996,32.0,Gymnadenia.nigra,0.4689806273062731,opth,3,False,mlp1,bce,msle
829,0.02765287769784172,0.0022880530017817713,0.0,0.46672661870503596,0.9923518164435946,0.634862385321101,4.0,Murbeckiella.pinnatifida,-0.533273381294964,opth,3,False,mlp1,bce,msle
830,0.3237668161434978,0.0013245033112582781,0.0,0.5865470852017938,0.9984732824427481,0.7389830508474576,1.0,Silene.conica,-0.41345291479820623,opth,3,False,mlp1,bce,msle
