,auc,prauc,sensitivity,specificity,precision,f1,support,species,tss,postprocess,fold,prr,archi,species_loss,func_loss
0,0.7682417229186757,0.0345393316721407,0.5294117647058824,0.7650273224043715,0.9905660377358491,0.8633093525179856,17.0,Aceras.anthropophorum,0.2944390871102538,opth,4,False,mlp1,bce,msle
1,0.8411751526354115,0.20830414075099787,0.6666666666666666,0.8170055452865065,0.9877094972067039,0.8942842690945878,33.0,Achillea.collina,0.4836722119531731,opth,4,False,mlp1,bce,msle
2,0.7524485671347878,0.4635315759086193,0.7753623188405797,0.5899880810488677,0.8886894075403949,0.7091690544412608,276.0,Achillea.millefolium,0.3653503998894474,opth,4,False,mlp1,bce,msle
3,0.9416214995483287,0.278824219555038,0.875,0.8048780487804879,0.9988789237668162,0.8914457228614308,8.0,Achillea.nana,0.6798780487804879,opth,4,False,mlp1,bce,msle
4,0.9237661293410422,0.5247811843832004,0.8775510204081632,0.8452157598499062,0.9933847850055126,0.9133299543841865,49.0,Achillea.roseo.alba,0.7227667802580693,opth,4,False,mlp1,bce,msle
5,0.9252484191508583,0.1078305207874719,0.75,0.8952122854561879,0.9979859013091642,0.9438095238095238,8.0,Achnatherum.calamagrostis,0.6452122854561879,opth,4,False,mlp1,bce,msle
6,0.8414971251658558,0.17622856184560975,0.803921568627451,0.743421052631579,0.9875156054931336,0.8482573726541555,51.0,Acinos.alpinus,0.54734262125903,opth,4,False,mlp1,bce,msle
7,0.844440366972477,0.1796752797169776,0.76,0.7467889908256881,0.9926829268292683,0.8523560209424084,25.0,Acinos.arvensis,0.506788990825688,opth,4,False,mlp1,bce,msle
8,0.77088948787062,0.012359254046446163,0.5,0.945193171608266,0.9990503323836657,0.971375807940905,2.0,Aconitum.lycoctonum,0.445193171608266,opth,4,False,mlp1,bce,msle
9,0.8820574643359453,0.05159920578961868,0.0,0.9936708860759493,0.9918772563176895,0.992773261065944,9.0,Cacalia.leucophylla,-0.006329113924050667,opth,4,False,mlp1,bce,msle
10,,-0.0,0.0,0.9775784753363229,1.0,0.9886621315192744,0.0,Aegopodium.podagraria,-0.022421524663677084,opth,4,False,mlp1,bce,msle
11,0.8939090649127823,0.27255793418137225,0.9230769230769231,0.7565055762081785,0.996328029375765,0.8600105652403592,39.0,Agrimonia.eupatoria,0.6795824992851016,opth,4,False,mlp1,bce,msle
12,0.8810855190165535,0.2224052930247336,0.8095238095238095,0.7893755824790307,0.9906432748538012,0.8786307053941909,42.0,Agrostis.alpina,0.5988993920028403,opth,4,False,mlp1,bce,msle
13,0.7898671756939474,0.28485360348645633,0.7777777777777778,0.6840551181102362,0.9693165969316597,0.8020773225620311,99.0,Agrostis.capillaris,0.461832895888014,opth,4,False,mlp1,bce,msle
14,0.9200157977883097,0.38703571718296087,0.8666666666666667,0.8407582938388626,0.9910614525139665,0.9097435897435897,60.0,Agrostis.rupestris,0.7074249605055294,opth,4,False,mlp1,bce,msle
15,0.7891493838292756,0.17849680225837317,0.6666666666666666,0.7502254283137962,0.9976019184652278,0.8564076170869789,6.0,Agrostis.agrostiflora,0.41689209498046287,opth,4,False,mlp1,bce,msle
16,0.7852478641780486,0.21934361697546062,0.6470588235294118,0.8214616096207216,0.9866666666666667,0.8965169106511862,34.0,Agrostis.stolonifera,0.46852043315013336,opth,4,False,mlp1,bce,msle
17,0.8960216998191682,0.18025784334321976,0.5555555555555556,0.8824593128390597,0.9959183673469387,0.9357622243528284,9.0,Ajuga.chamaepitys,0.43801486839461523,opth,4,False,mlp1,bce,msle
18,0.7615384615384615,0.04441969475583567,0.7,0.5900452488687783,0.9954198473282443,0.740909090909091,10.0,Ajuga.genevensis,0.29004524886877814,opth,4,False,mlp1,bce,msle
19,0.8216216216216216,0.01723565558938364,0.6,0.7648648648648648,0.9976498237367802,0.8658847526772055,5.0,Ajuga.pyramidalis,0.3648648648648649,opth,4,False,mlp1,bce,msle
20,0.879652448657188,0.283465007649433,0.8,0.8066350710900474,0.9860950173812283,0.8873826903023984,60.0,Ajuga.reptans,0.6066350710900474,opth,4,False,mlp1,bce,msle
21,0.8915830546265329,0.1410947663530574,0.8260869565217391,0.8278388278388278,0.9955947136563876,0.904,23.0,Alchemilla.alpina,0.6539257843605668,opth,4,False,mlp1,bce,msle
22,0.8387743965074473,0.2546192616747095,0.711864406779661,0.7708333333333334,0.9795427196149218,0.8627450980392157,59.0,Alchemilla.xanthochlora,0.4826977401129944,opth,4,False,mlp1,bce,msle
23,0.9666064981949458,0.12099262487461244,1.0,0.8637184115523465,1.0,0.9268765133171912,7.0,Allium.lusitanicum,0.8637184115523464,opth,4,False,mlp1,bce,msle
24,0.7200263504611331,0.028748343451796513,0.45454545454545453,0.7481884057971014,0.9927884615384616,0.8533057851239669,11.0,Allium.oleraceum,0.20273386034255592,opth,4,False,mlp1,bce,msle
25,0.7582111212954477,0.1120504183497883,0.25,0.9028414298808433,0.9820538384845464,0.9407831900668577,24.0,Allium.schoenoprasum,0.15284142988084337,opth,4,False,mlp1,bce,msle
26,0.9849234923492349,0.12453703703703703,1.0,0.918091809180918,1.0,0.9572970436414828,4.0,Allium.scorodoprasum,0.918091809180918,opth,4,False,mlp1,bce,msle
27,0.8632345914954611,0.27471876578915266,0.6086956521739131,0.8727106227106227,0.9906444906444907,0.9279454722492697,23.0,Allium.sphaerocephalon,0.4814062748845358,opth,4,False,mlp1,bce,msle
28,0.7717895822588963,0.027899199986976046,0.5714285714285714,0.6651624548736462,0.995945945945946,0.7976190476190477,7.0,Allium.vineale,0.2365910263022175,opth,4,False,mlp1,bce,msle
29,0.880420054200542,0.4257089618354175,0.75,0.8446251129177959,0.9978655282817502,0.9148727984344422,8.0,Alopecurus.pratensis,0.5946251129177957,opth,4,False,mlp1,bce,msle
30,0.8482050715022851,0.2610849087517507,0.6666666666666666,0.8120300751879699,0.9807037457434733,0.8884318766066838,51.0,Alyssum.alyssoides,0.4786967418546366,opth,4,False,mlp1,bce,msle
31,0.8368370759675109,0.0709578709689072,0.6956521739130435,0.7875457875457875,0.9919261822376009,0.8779989790709546,23.0,Anacamptis.pyramidalis,0.48319796145883087,opth,4,False,mlp1,bce,msle
32,0.9210309617918313,0.28608143769327804,0.5454545454545454,0.9193840579710145,0.9950980392156863,0.955743879472693,11.0,Androsace.obtusifolia,0.46483860342556005,opth,4,False,mlp1,bce,msle
33,0.9162909528103397,0.05729193572703506,0.6666666666666666,0.8963029756537421,0.9979919678714859,0.9444180522565321,6.0,Angelica.sylvestris,0.5629696423204087,opth,4,False,mlp1,bce,msle
34,0.9136279616871115,0.2557720258329852,0.7575757575757576,0.8401109057301294,0.9912758996728462,0.9094547273636818,33.0,Antennaria.carpatica,0.597686663305887,opth,4,False,mlp1,bce,msle
35,0.8806109434783962,0.2462237104471984,0.7213114754098361,0.8330170777988615,0.9810055865921787,0.900974858902001,61.0,Antennaria.dioica,0.5543285532086974,opth,4,False,mlp1,bce,msle
36,0.9106498194945849,0.07891513628984505,0.14285714285714285,0.983754512635379,0.9945255474452555,0.9891107078039928,7.0,Anthemis.arvensis,0.12661165549252185,opth,4,False,mlp1,bce,msle
37,0.8568298579631308,0.06350843881476054,0.6666666666666666,0.7951042611060744,0.9954597048808173,0.8840725806451613,12.0,Anthericum.liliago,0.46177092777274087,opth,4,False,mlp1,bce,msle
38,0.6891557901642344,0.46186659572271827,0.6646884272997032,0.6439588688946015,0.8159609120521173,0.7198275862068966,337.0,Anthoxanthum.odoratum,0.30864729619430475,opth,4,False,mlp1,bce,msle
39,0.8475877192982455,0.21495237307509205,0.59375,0.8578024007386889,0.9861995753715499,0.9175308641975308,32.0,Anthriscus.sylvestris,0.45155240073868885,opth,4,False,mlp1,bce,msle
40,0.7116295038126559,0.3310077725562277,0.4915254237288136,0.7366737739872068,0.8847631241997439,0.803955788248982,177.0,Anthyllis.vulneraria,0.22819919771602049,opth,4,False,mlp1,bce,msle
41,0.9680468046804681,0.08040888738700684,1.0,0.7074707470747075,1.0,0.8286768581971534,4.0,Aphanes.arvensis,0.7074707470747075,opth,4,False,mlp1,bce,msle
42,0.9640610961365679,0.03600464576074332,1.0,0.74303683737646,1.0,0.8525773195876288,2.0,Aquilegia.vulgaris,0.74303683737646,opth,4,False,mlp1,bce,msle
43,0.8866787221217601,0.12275771363639133,0.5555555555555556,0.8806509945750453,0.9959100204498977,0.9347408829174664,9.0,Arabidopsis.thaliana,0.43620655013060095,opth,4,False,mlp1,bce,msle
44,0.8563504862434639,0.13953595047207012,0.5789473684210527,0.8570102135561746,0.9829605963791267,0.9156746031746031,38.0,Arabis.ciliata,0.4359575819772272,opth,4,False,mlp1,bce,msle
45,0.7772906535972738,0.12931994741087177,0.7551020408163265,0.7148217636022514,0.9844961240310077,0.8282608695652174,49.0,Arabis.hirsuta,0.46992380441857784,opth,4,False,mlp1,bce,msle
46,0.8329556650246305,0.31457018285659005,0.76,0.7113300492610838,0.967828418230563,0.8199886428165815,100.0,Arenaria.serpyllifolia,0.4713300492610837,opth,4,False,mlp1,bce,msle
47,0.9874100719424459,0.18466036887089518,1.0,0.8057553956834532,1.0,0.8924302788844621,3.0,Armeria.arenaria,0.8057553956834531,opth,4,False,mlp1,bce,msle
48,0.8912198912198912,0.2790981338002905,0.7307692307692307,0.8494031221303948,0.9924892703862661,0.9153884215734784,26.0,Arnica.montana,0.5801723528996257,opth,4,False,mlp1,bce,msle
49,0.8472179368507662,0.4697655348157498,0.8359788359788359,0.7332613390928726,0.956338028169014,0.8300733496332519,189.0,Arrhenatherum.elatius,0.5692401750717084,opth,4,False,mlp1,bce,msle
50,0.8884545581460281,0.24166488237524447,0.6153846153846154,0.9482758620689655,0.9952380952380953,0.9711895910780669,13.0,Artemisia.absinthium,0.5636604774535809,opth,4,False,mlp1,bce,msle
51,0.897766620498615,0.35375366551065524,0.84375,0.853185595567867,0.9946178686759957,0.9184890656063618,32.0,Artemisia.campestris,0.6969355955678669,opth,4,False,mlp1,bce,msle
52,0.7324482448244825,0.009742092677281709,0.0,0.9153915391539154,0.9960822722820764,0.9540337711069419,4.0,Artemisia.vulgaris,-0.08460846084608464,opth,4,False,mlp1,bce,msle
53,0.807398828178226,0.1619184088931528,0.6585365853658537,0.7513966480446927,0.9829476248477467,0.8517150395778365,41.0,Asperula.cynanchica,0.40993323341054655,opth,4,False,mlp1,bce,msle
54,0.9220308250226654,0.1521784096769829,0.8333333333333334,0.8304623753399819,0.9978213507625272,0.9064819396338446,12.0,Asphodelus.albus,0.6637957086733153,opth,4,False,mlp1,bce,msle
55,0.884941855530091,0.27651345437105285,0.7045454545454546,0.8664799253034547,0.9861849096705633,0.9224652087475149,44.0,Aster.alpinus,0.5710253798489093,opth,4,False,mlp1,bce,msle
56,0.9049427732198927,0.2658538170543602,0.8888888888888888,0.8085688240656336,0.9977502812148481,0.8932527693856999,18.0,Aster.bellidiastrum,0.6974577129545225,opth,4,False,mlp1,bce,msle
57,0.9493699369936994,0.17145135566188197,0.75,0.9792979297929792,0.9990817263544536,0.9890909090909091,4.0,Aster.linosyris,0.7292979297929794,opth,4,False,mlp1,bce,msle
58,0.8607262302914476,0.16763298227505255,0.391304347826087,0.8836996336996337,0.9856996935648621,0.9319169483341381,23.0,Astragalus.alpinus,0.2750039815257206,opth,4,False,mlp1,bce,msle
59,0.903015301530153,0.12005923447593796,1.0,0.6039603960396039,1.0,0.7530864197530864,4.0,Astragalus.depressus,0.603960396039604,opth,4,False,mlp1,bce,msle
60,0.842558551198257,0.11436082046442526,0.6296296296296297,0.8897058823529411,0.9897750511247444,0.9370764762826719,27.0,Astragalus.monspessulanus,0.5193355119825709,opth,4,False,mlp1,bce,msle
61,0.9622424242424241,0.19237937673510916,0.8,0.9445454545454546,0.9971209213051824,0.9701213818860878,15.0,Astragalus.onobrychis,0.7445454545454546,opth,4,False,mlp1,bce,msle
62,0.9286570743405276,0.038401815575728616,0.6666666666666666,0.8597122302158273,0.9989550679205852,0.9241179313678105,3.0,Astragalus.penduliflorus,0.5263788968824938,opth,4,False,mlp1,bce,msle
63,0.8873409298843884,0.19148879740070723,0.8636363636363636,0.7493138151875571,0.9963503649635036,0.8553524804177546,22.0,Astrantia.major,0.6129501788239207,opth,4,False,mlp1,bce,msle
64,0.9448648648648649,0.0977885829963193,0.8,0.8990990990990991,0.998998998998999,0.9464201043148411,5.0,Astrantia.minor,0.6990990990990991,opth,4,False,mlp1,bce,msle
65,0.8087511715089034,0.11502716027185164,0.6666666666666666,0.7863167760074976,0.9812865497076023,0.8730489073881373,48.0,Deschampsia.flexuosa,0.4529834426741641,opth,4,False,mlp1,bce,msle
66,0.8933017377567141,0.37097616337254674,0.6333333333333333,0.8663507109004739,0.9764957264957265,0.9181315921647414,60.0,Bartsia.alpina,0.4996840442338071,opth,4,False,mlp1,bce,msle
67,0.9322515408320493,0.4084224071986057,0.9830508474576272,0.7784090909090909,0.9987849331713244,0.8749334752527941,59.0,Bellis.perennis,0.761459938366718,opth,4,False,mlp1,bce,msle
68,0.7657259926131117,0.1162389437695807,0.5,0.8264081255771006,0.9824368825466521,0.8976930792377131,32.0,Biscutella.laevigata,0.3264081255771005,opth,4,False,mlp1,bce,msle
69,0.885802038252129,0.08097161273132986,0.6153846153846154,0.8774954627949183,0.9948559670781894,0.9324975891996142,13.0,Blackstonia.perfoliata,0.4928800781795337,opth,4,False,mlp1,bce,msle
70,0.9479448961156279,0.29610445551622105,0.75,0.9069557362240289,0.9980119284294234,0.9503076194983436,8.0,Blysmus.compressus,0.6569557362240288,opth,4,False,mlp1,bce,msle
71,0.9195298372513563,0.07988112909604561,0.7777777777777778,0.930379746835443,0.9980601357904947,0.9630322882545624,9.0,Bothriochloa.ischaemum,0.7081575246132208,opth,4,False,mlp1,bce,msle
72,0.8352413758168278,0.19137170712279963,0.5394736842105263,0.8479307025986526,0.9617903930131004,0.9012787723785166,76.0,Botrychium.lunaria,0.387404386809179,opth,4,False,mlp1,bce,msle
73,0.5467205750224617,0.002879658063243811,0.0,0.8751123090745733,0.9979508196721312,0.932503590234562,2.0,Brachypodium.sylvaticum,-0.12488769092542673,opth,4,False,mlp1,bce,msle
74,0.7514784213395966,0.35727774340745955,0.7109004739336493,0.6758849557522124,0.9092261904761905,0.7753807106598984,211.0,Briza.media,0.3867854296858617,opth,4,False,mlp1,bce,msle
75,0.900371737106431,0.8026029427208929,0.8578088578088578,0.8017492711370262,0.900163666121113,0.8481110254433307,429.0,Bromus.erectus,0.6595581289458841,opth,4,False,mlp1,bce,msle
76,0.8804571135079609,0.2651024890288939,0.8813559322033898,0.7339015151515151,0.9910485933503836,0.8433079434167573,59.0,Bromus.hordeaceus,0.6152574473549048,opth,4,False,mlp1,bce,msle
77,0.9462196219621962,0.07993951612903226,0.5,0.946894689468947,0.9981024667931688,0.971824480369515,4.0,Bromus.squarrosus,0.44689468946894695,opth,4,False,mlp1,bce,msle
78,0.7565582902866403,0.03403306733102583,0.6666666666666666,0.6818596171376481,0.9920424403183024,0.8082117774176121,18.0,Bromus.sterilis,0.34852628380431483,opth,4,False,mlp1,bce,msle
79,0.849502262443439,0.07673003198955196,0.5,0.9040723981900453,0.9950199203187251,0.9473684210526315,10.0,Bromus.tectorum,0.40407239819004515,opth,4,False,mlp1,bce,msle
80,0.8225419664268585,0.031022344658708293,0.6666666666666666,0.6465827338129496,0.9986111111111111,0.7849344978165939,3.0,Bunias.orientalis,0.31324940047961625,opth,4,False,mlp1,bce,msle
81,0.8927327377942581,0.3489347153326734,0.8382352941176471,0.7765042979942693,0.9866504854368932,0.8690539818278995,68.0,Bunium.bulbocastanum,0.6147395921119165,opth,4,False,mlp1,bce,msle
82,0.8439201451905627,0.04973981224160646,0.7692307692307693,0.7268602540834845,0.996268656716418,0.8405036726128017,13.0,Buphthalmum.salicifolium,0.4960910233142539,opth,4,False,mlp1,bce,msle
83,0.8633069828722002,0.11134164053471922,0.8181818181818182,0.8822463768115942,0.9979508196721312,0.9365384615384615,11.0,Bupleurum.falcatum,0.7004281949934126,opth,4,False,mlp1,bce,msle
84,0.859015639374425,0.14586958237843164,0.5357142857142857,0.84360625574977,0.986021505376344,0.9092711948438275,28.0,Bupleurum.ranunculoides,0.3793205414640557,opth,4,False,mlp1,bce,msle
85,0.9094836246734981,0.15872422084717272,0.7777777777777778,0.7703435804701627,0.9976580796252927,0.8693877551020408,9.0,Calamagrostis.varia,0.5481213582479405,opth,4,False,mlp1,bce,msle
86,0.7194244604316546,0.010976104432480272,0.6666666666666666,0.41636690647482016,0.9978448275862069,0.5875634517766497,3.0,Calluna.vulgaris,0.08303357314148685,opth,4,False,mlp1,bce,msle
87,0.9589994842702425,0.25930166864686,0.7142857142857143,0.970216606498195,0.9981429897864438,0.9839816933638444,7.0,Calystegia.sepium,0.6845023207839094,opth,4,False,mlp1,bce,msle
88,0.8650649743124812,0.2658823394407277,0.75,0.8712601994560291,0.9968879668049793,0.9298500241896468,12.0,Campanula.barbata,0.621260199456029,opth,4,False,mlp1,bce,msle
89,0.8528491436100132,0.04305796473834993,0.8181818181818182,0.7672101449275363,0.9976442873969376,0.8673835125448028,11.0,Campanula.cochleariifolia,0.5853919631093545,opth,4,False,mlp1,bce,msle
90,0.8622399845916795,0.22831802330562806,0.8813559322033898,0.740530303030303,0.991128010139417,0.8476964769647697,59.0,Campanula.glomerata,0.6218862352336929,opth,4,False,mlp1,bce,msle
91,0.8598553345388789,0.03606461408808319,0.2222222222222222,0.9547920433996383,0.993414863593603,0.9737206085753803,9.0,Campanula.rapunculoides,0.1770142656218605,opth,4,False,mlp1,bce,msle
92,0.9241441441441441,0.08632878615637236,0.8,0.7882882882882883,0.9988584474885844,0.8811681772406847,5.0,Campanula.rapunculus,0.5882882882882883,opth,4,False,mlp1,bce,msle
93,0.8736201561128817,0.41908036723499553,0.8214285714285714,0.7837051406401552,0.9817739975698664,0.8716289104638619,84.0,Campanula.rhomboidalis,0.6051337120687266,opth,4,False,mlp1,bce,msle
94,0.6972074168605961,0.22643535755161068,0.6753246753246753,0.6570327552986512,0.9646393210749646,0.7816618911174785,77.0,Campanula.rotundifolia,0.33235743062332657,opth,4,False,mlp1,bce,msle
95,0.8947177779832918,0.4616553693780023,0.696969696969697,0.8575788402848423,0.9546998867497168,0.9035369774919614,132.0,Campanula.scheuchzeri,0.5545485372545393,opth,4,False,mlp1,bce,msle
96,0.809009009009009,0.017725329495185956,0.2,0.8783783783783784,0.9959141981613892,0.9334609861177597,5.0,Campanula.thyrsoides,0.07837837837837847,opth,4,False,mlp1,bce,msle
97,0.7063808007279344,0.03472042631317597,0.8125,0.4940855323020928,0.9945054945054945,0.6601823708206687,16.0,Capsella.bursa.pastoris,0.30658553230209273,opth,4,False,mlp1,bce,msle
98,0.9818511796733211,0.4608729426985005,0.9230769230769231,0.9464609800362976,0.9990421455938697,0.9720410065237651,13.0,Cardamine.pratensis,0.8695379031132209,opth,4,False,mlp1,bce,msle
99,0.8313268037979946,0.3810667186681786,0.7851239669421488,0.7183098591549296,0.9648648648648649,0.8235294117647058,121.0,Carduus.defloratus,0.5034338260970785,opth,4,False,mlp1,bce,msle
100,0.859483017733694,0.08966201282979087,0.6666666666666666,0.7691614066726781,0.9976608187134502,0.8686354378818737,6.0,Carduus.nutans,0.4358280733393447,opth,4,False,mlp1,bce,msle
101,0.8723568849922642,0.04264588863738738,0.7142857142857143,0.8122743682310469,0.9977827050997783,0.8955223880597015,7.0,Carex.atrata,0.5265600825167613,opth,4,False,mlp1,bce,msle
102,0.9340246468289751,0.3046641186170118,0.8333333333333334,0.8566275924256087,0.9989484752891693,0.9223300970873787,6.0,Carex.capillaris,0.6899609257589421,opth,4,False,mlp1,bce,msle
103,0.730048361527502,0.196362934890447,0.3163265306122449,0.887905604719764,0.9309278350515464,0.9089079013588324,98.0,Carex.caryophyllea,0.2042321353320089,opth,4,False,mlp1,bce,msle
104,0.9348370927318296,0.34561599898747064,0.9607843137254902,0.8383458646616542,0.9977628635346756,0.9111338100102145,51.0,Carex.curvula,0.7991301783871445,opth,4,False,mlp1,bce,msle
105,0.7332881662149955,0.024880459409577362,0.125,0.9304426377597109,0.9932497589199615,0.960820895522388,8.0,Carex.davalliana,0.05544263775971103,opth,4,False,mlp1,bce,msle
106,0.914941494149415,0.041331765731416316,1.0,0.7101710171017102,1.0,0.8305263157894737,4.0,Carex.distans,0.7101710171017102,opth,4,False,mlp1,bce,msle
107,0.9046614426361261,0.054589947648228734,1.0,0.6455696202531646,1.0,0.7846153846153846,9.0,Carex.divulsa,0.6455696202531644,opth,4,False,mlp1,bce,msle
108,0.6948441247002399,0.005621187119593578,0.3333333333333333,0.6996402877697842,0.9974358974358974,0.8224101479915433,3.0,Carex.ericetorum,0.03297362110311752,opth,4,False,mlp1,bce,msle
109,1.0,1.0,1.0,0.6954177897574124,1.0,0.8203497615262321,2.0,Carex.ferruginea,0.6954177897574123,opth,4,False,mlp1,bce,msle
110,0.8120227176791128,0.27811454722404677,0.7087378640776699,0.7806324110671937,0.9634146341463414,0.8624454148471615,103.0,Carex.flacca,0.48937027514486364,opth,4,False,mlp1,bce,msle
111,0.880160784848072,0.18736610210794533,0.8292682926829268,0.8258845437616388,0.9921700223713646,0.9014227642276422,41.0,Carex.halleriana,0.6551528364445656,opth,4,False,mlp1,bce,msle
112,0.8945921173235564,0.2048811729100226,0.875,0.7827681026581118,0.9964994165694282,0.8767967145790554,24.0,Carex.hirta,0.6577681026581117,opth,4,False,mlp1,bce,msle
113,0.9528103396453261,0.10944396053091705,1.0,0.8458070333633905,1.0,0.9164631167562286,6.0,Carex.hostiana,0.8458070333633905,opth,4,False,mlp1,bce,msle
114,0.886111518350193,0.19139009343689334,0.7368421052631579,0.851439182915506,0.9892125134843581,0.9151696606786427,38.0,Carex.humilis,0.5882812881786639,opth,4,False,mlp1,bce,msle
115,0.9129680365296804,0.356628641946188,0.45,0.9424657534246575,0.9894534995206136,0.9653882132834425,20.0,Carex.liparocarpos,0.3924657534246576,opth,4,False,mlp1,bce,msle
116,0.7982542819499342,0.04423663093369424,0.7272727272727273,0.7092391304347826,0.9961832061068703,0.8285714285714286,11.0,Carex.montana,0.4365118577075098,opth,4,False,mlp1,bce,msle
117,0.836986301369863,0.06091040912022711,0.6,0.817351598173516,0.991140642303433,0.8958958958958959,20.0,Carex.spicata,0.4173515981735161,opth,4,False,mlp1,bce,msle
118,0.8534798534798536,0.3026214047217076,0.6956521739130435,0.8681318681318682,0.9926701570680628,0.9262335124572545,23.0,Carex.nigra,0.5637840420449116,opth,4,False,mlp1,bce,msle
119,0.8380175279540646,0.1589532504264753,0.8333333333333334,0.786038077969175,0.997698504027618,0.8793103448275862,12.0,Carex.ornithopoda,0.6193714113025084,opth,4,False,mlp1,bce,msle
120,0.9248188405797101,0.16467268902291435,0.7272727272727273,0.8804347826086957,0.9969230769230769,0.935064935064935,11.0,Carex.pallescens,0.6077075098814229,opth,4,False,mlp1,bce,msle
121,0.8023041474654379,0.16482805751882199,0.8,0.6728110599078341,0.9918478260869565,0.8017572762218561,30.0,Carex.panicea,0.4728110599078341,opth,4,False,mlp1,bce,msle
122,0.8761220825852782,0.007194244604316547,0.0,0.8859964093357271,0.9989878542510121,0.9391056137012369,1.0,Carex.rupestris,-0.1140035906642729,opth,4,False,mlp1,bce,msle
123,0.8683963013179914,0.44466719572369195,0.8793103448275862,0.7438894792773645,0.970873786407767,0.8423586040914561,174.0,Carex.sempervirens,0.6231998241049506,opth,4,False,mlp1,bce,msle
124,0.9111312217194572,0.13016544525816237,0.9,0.8108597285067873,0.9988851727982163,0.8951048951048951,10.0,Carex.tomentosa,0.7108597285067875,opth,4,False,mlp1,bce,msle
125,0.8383516483516483,0.4367309464357939,0.7571428571428571,0.7610256410256411,0.9561855670103093,0.8475157053112508,140.0,Carlina.acaulis,0.5181684981684982,opth,4,False,mlp1,bce,msle
126,0.8353111534929717,0.19789845703720282,0.46153846153846156,0.8870523415977961,0.9857142857142858,0.9337844369260513,26.0,Carlina.vulgaris,0.3485908031362577,opth,4,False,mlp1,bce,msle
127,0.8672570329621181,0.3684608196916619,0.8160919540229885,0.77431906614786,0.9802955665024631,0.8652173913043478,87.0,Carum.carvi,0.5904110201708486,opth,4,False,mlp1,bce,msle
128,0.8283310406158377,0.35695686982117064,0.912751677852349,0.5797101449275363,0.9773123909249564,0.7277452891487979,149.0,Centaurea.jacea,0.49246182277988515,opth,4,False,mlp1,bce,msle
129,0.8570540984334089,0.26225169945570287,0.7142857142857143,0.8452935694315005,0.9869423286180631,0.9106425702811245,42.0,Centaurea.montana,0.5595792837172149,opth,4,False,mlp1,bce,msle
130,0.8596407653260445,0.3944094035983008,0.8461538461538461,0.7289340101522843,0.9728997289972899,0.8334300638421358,130.0,Centaurea.scabiosa,0.5750878563061304,opth,4,False,mlp1,bce,msle
131,0.8478517013712544,0.5424309640528556,0.6954545454545454,0.8055865921787709,0.9149746192893401,0.8568033273915627,220.0,Cerastium.arvense,0.5010411376333164,opth,4,False,mlp1,bce,msle
132,0.8471881808278867,0.17149049394993116,0.5925925925925926,0.7886029411764706,0.9873417721518988,0.8768523249872253,27.0,Cerastium.brachypetalum,0.3811955337690631,opth,4,False,mlp1,bce,msle
133,0.8298709688387196,0.3092924608196705,0.8389830508474576,0.7261785356068204,0.9744279946164199,0.832183908045977,118.0,Cerastium.fontanum,0.565161586454278,opth,4,False,mlp1,bce,msle
134,0.9426788990825689,0.5945156392179582,0.84,0.8889908256880734,0.9958890030832477,0.9394086282113427,25.0,Cerastium.glomeratum,0.7289908256880735,opth,4,False,mlp1,bce,msle
135,0.8995364196354861,0.24604258832288317,0.7241379310344828,0.8876611418047882,0.9917695473251029,0.9368318756073858,29.0,Cerastium.pumilum,0.611799072839271,opth,4,False,mlp1,bce,msle
136,0.8635655897236278,0.10499811588967693,0.42857142857142855,0.9518619436875567,0.9924242424242424,0.9717199814557256,14.0,Cerastium.semidecandrum,0.3804333722589852,opth,4,False,mlp1,bce,msle
137,0.8777100271002711,0.08211241287207496,0.75,0.8446251129177959,0.9978655282817502,0.9148727984344422,8.0,Chaerophyllum.aureum,0.5946251129177957,opth,4,False,mlp1,bce,msle
138,0.9729861789752896,0.29618750132661753,1.0,0.8820326678765881,1.0,0.9373191899710704,13.0,Chaerophyllum.hirsutum,0.882032667876588,opth,4,False,mlp1,bce,msle
139,0.8914210473007191,0.23649013039823533,0.7777777777777778,0.902461257976299,0.9959758551307847,0.9469153515064562,18.0,Chaerophyllum.villarsii,0.6802390357540768,opth,4,False,mlp1,bce,msle
140,0.8991899189918992,0.04762154202301417,0.75,0.8865886588658866,0.9989858012170385,0.9394372913686219,4.0,Chenopodium.album,0.6365886588658864,opth,4,False,mlp1,bce,msle
141,0.8222272589906316,0.0720399076537685,0.9166666666666666,0.6808703535811423,0.9986702127659575,0.8097035040431266,12.0,Chondrilla.juncea,0.597537020247809,opth,4,False,mlp1,bce,msle
142,0.9047189272821042,0.07283806366493178,0.8571428571428571,0.7265342960288809,0.9987593052109182,0.8411703239289446,7.0,Cichorium.intybus,0.583677153171738,opth,4,False,mlp1,bce,msle
143,0.7056996002284409,0.21873538526929323,0.4823529411764706,0.7757281553398059,0.9478054567022538,0.8531767218366257,85.0,Cirsium.acaule,0.25808109651627653,opth,4,False,mlp1,bce,msle
144,0.7447169811320755,0.10547759049287603,0.7090909090909091,0.6688679245283019,0.9779310344827586,0.7943977591036414,55.0,Cirsium.arvense,0.377958833619211,opth,4,False,mlp1,bce,msle
145,0.904891304347826,0.057416873532296915,0.36363636363636365,0.9356884057971014,0.9932692307692308,0.9636194029850746,11.0,Cirsium.eriophorum,0.2993247694334651,opth,4,False,mlp1,bce,msle
146,0.9588274044795784,0.19164042026335584,0.8181818181818182,0.9112318840579711,0.998015873015873,0.9526515151515151,11.0,Cirsium.palustre,0.7294137022397893,opth,4,False,mlp1,bce,msle
147,0.8610646266634792,0.2067075346769003,0.6382978723404256,0.852996254681648,0.9816810344827587,0.9128256513026052,47.0,Cirsium.spinosissimum,0.49129412702207365,opth,4,False,mlp1,bce,msle
148,0.7368540344514959,0.03466221328866608,0.8333333333333334,0.5938349954669084,0.9969558599695586,0.7443181818181818,12.0,Cirsium.tuberosum,0.4271683288002417,opth,4,False,mlp1,bce,msle
149,0.7472147522089896,0.12120568555789143,0.42105263157894735,0.9251824817518248,0.9892682926829268,0.9561527581329562,19.0,Cirsium.vulgare,0.34623511333077217,opth,4,False,mlp1,bce,msle
150,0.7935757575757576,0.062528631795495,0.6,0.7454545454545455,0.9927360774818402,0.8515057113187954,15.0,Clinopodium.vulgare,0.34545454545454546,opth,4,False,mlp1,bce,msle
151,0.8192121212121213,0.14231597952091027,0.7333333333333333,0.7727272727272727,0.9953161592505855,0.8700102354145343,15.0,Coeloglossum.viride,0.5060606060606059,opth,4,False,mlp1,bce,msle
152,0.8344460160301744,0.3462905189613565,0.7333333333333333,0.7702970297029703,0.9652605459057072,0.8568281938325991,105.0,Colchicum.autumnale,0.5036303630363035,opth,4,False,mlp1,bce,msle
153,0.8528441986655243,0.2551212100345107,0.8108108108108109,0.7377521613832853,0.9820971867007673,0.8425671969281404,74.0,Convolvulus.arvensis,0.5485629721940961,opth,4,False,mlp1,bce,msle
154,0.683737646001797,0.004188183807439825,0.5,0.7466307277628033,0.9987980769230769,0.8544987146529563,2.0,Conyza.canadensis,0.24663072776280326,opth,4,False,mlp1,bce,msle
155,0.8719616814412353,0.1751999225624471,0.5897435897435898,0.8921933085501859,0.9836065573770492,0.935672514619883,39.0,Coronilla.minima,0.4819368982937755,opth,4,False,mlp1,bce,msle
156,0.8432305832577818,0.041371589149398875,0.4166666666666667,0.8902991840435177,0.9929221435793731,0.9388145315487572,12.0,Crepis.aurea,0.30696585071018445,opth,4,False,mlp1,bce,msle
157,0.8936258415414718,0.28740460938438345,0.8596491228070176,0.7731568998109641,0.9903147699757869,0.8683651804670913,57.0,Crepis.biennis,0.6328060226179817,opth,4,False,mlp1,bce,msle
158,0.9047619047619047,0.156377350744228,0.7777777777777778,0.8327305605786618,0.9978331527627302,0.9078363725973386,9.0,Crepis.bocconi,0.6105083383564396,opth,4,False,mlp1,bce,msle
159,0.9311986668253779,0.3438422939066859,0.7419354838709677,0.8837638376383764,0.9917184265010351,0.9346341463414635,31.0,Crepis.conyzifolia,0.625699321509344,opth,4,False,mlp1,bce,msle
160,0.9225192012288786,0.30678943793377184,0.8666666666666667,0.8248847926267281,0.9955506117908788,0.9022177419354839,30.0,Crepis.foetida,0.6915514592933949,opth,4,False,mlp1,bce,msle
161,0.862657091561939,0.006493506493506494,0.0,0.8635547576301615,0.9989615784008308,0.9263360616273472,1.0,Crepis.mollis,-0.13644524236983846,opth,4,False,mlp1,bce,msle
162,0.9008082533841504,0.32765007998725004,0.75,0.8813247470101196,0.9927461139896373,0.9337231968810916,28.0,Crepis.pyrenaica,0.6313247470101198,opth,4,False,mlp1,bce,msle
163,0.8339907562355566,0.15556716505714363,0.6170212765957447,0.8445692883895131,0.9804347826086957,0.9074446680080482,47.0,Crepis.vesicaria,0.46159056498525786,opth,4,False,mlp1,bce,msle
164,0.9582210242587601,0.030364372469635626,1.0,0.8364779874213837,1.0,0.910958904109589,2.0,Cruciata.glabra,0.8364779874213837,opth,4,False,mlp1,bce,msle
165,0.8421555148182096,0.21224604937135758,0.75,0.7011915673693859,0.9922178988326849,0.8216970998925887,24.0,Cruciata.laevipes,0.4511915673693858,opth,4,False,mlp1,bce,msle
166,0.7635121559172192,0.022581557161781493,0.6666666666666666,0.6826401446654611,0.996042216358839,0.8100858369098712,9.0,Cruciata.pedemontana,0.3493068113321276,opth,4,False,mlp1,bce,msle
167,0.9036903690369037,0.024194786341589836,1.0,0.8001800180018002,1.0,0.889,4.0,Cuscuta.epithymum,0.8001800180018002,opth,4,False,mlp1,bce,msle
168,0.8827883588965673,0.25899560840961666,0.8235294117647058,0.8108882521489972,0.9860627177700348,0.889937106918239,68.0,Cynosurus.cristatus,0.6344176639137031,opth,4,False,mlp1,bce,msle
169,0.831636933265032,0.6478501335544481,0.8248587570621468,0.6885676741130092,0.89419795221843,0.7780252412769116,354.0,Dactylis.glomerata,0.513426431175156,opth,4,False,mlp1,bce,msle
170,0.6346558461076045,0.008289695925772311,0.8333333333333334,0.5004508566275925,0.9982014388489209,0.6666666666666666,6.0,Dactylorhiza.maculata,0.33378418996092574,opth,4,False,mlp1,bce,msle
171,0.668770664262098,0.10956975590297996,0.5,0.9017132551848512,0.9970089730807578,0.946969696969697,6.0,Dactylorhiza.majalis,0.40171325518485124,opth,4,False,mlp1,bce,msle
172,0.7479747974797479,0.009096982898183741,0.5,0.7533753375337534,0.9976162097735399,0.8584615384615385,4.0,Danthonia.decumbens,0.2533753375337535,opth,4,False,mlp1,bce,msle
173,0.8530816657197566,0.27453273202367395,0.9247311827956989,0.6692759295499021,0.9898697539797395,0.7985989492119089,93.0,Daucus.carota,0.594007112345601,opth,4,False,mlp1,bce,msle
174,0.8417590027700831,0.2777225982033525,0.84375,0.6962142197599261,0.9934123847167325,0.8186753528773073,32.0,Deschampsia.cespitosa,0.5399642197599261,opth,4,False,mlp1,bce,msle
175,0.7597905011308177,0.0808473231582057,0.5483870967741935,0.7776752767527675,0.9836639439906651,0.8686244204018547,31.0,Dianthus.carthusianorum,0.326062373526961,opth,4,False,mlp1,bce,msle
176,0.8527551942186088,0.031757037968879,0.75,0.7904245709123758,0.9977194982896237,0.8820564516129032,8.0,Dianthus.deltoides,0.5404245709123758,opth,4,False,mlp1,bce,msle
177,0.864499396470166,0.27165385455652524,0.7068965517241379,0.8609271523178808,0.9816612729234089,0.9173387096774194,58.0,Dianthus.sylvestris,0.5678237040420187,opth,4,False,mlp1,bce,msle
178,0.8014414414414415,0.01565315355439114,0.6,0.8963963963963963,0.9979939819458375,0.9444708115804461,5.0,Dipsacus.fullonum,0.49639639639639643,opth,4,False,mlp1,bce,msle
179,0.8856089193825043,0.23916213653954613,0.7454545454545455,0.8056603773584906,0.9838709677419355,0.8858921161825726,55.0,Draba.aizoides,0.5511149228130361,opth,4,False,mlp1,bce,msle
180,0.8132854578096949,0.004784688995215311,0.0,0.8931777378815081,0.998995983935743,0.943127962085308,1.0,Draba.siliquosa,-0.10682226211849188,opth,4,False,mlp1,bce,msle
181,0.8697642936773372,0.16397607214386054,0.782608695652174,0.8058608058608059,0.9943502824858758,0.8902377339403136,23.0,Dryas.octopetala,0.5884695015129799,opth,4,False,mlp1,bce,msle
182,0.9357592093441149,0.506896551724138,0.5,0.9865229110512129,0.9990900818926297,0.9927667269439421,2.0,Dryopteris.filix.mas,0.48652291105121304,opth,4,False,mlp1,bce,msle
183,0.8365079365079364,0.1836468369144283,0.9142857142857143,0.6388888888888888,0.9956709956709957,0.7783417935702199,35.0,Echium.vulgare,0.553174603174603,opth,4,False,mlp1,bce,msle
184,0.8072460030943786,0.03429023764943042,0.7142857142857143,0.8158844765342961,0.9977924944812362,0.8977159880834161,7.0,Epilobium.angustifolium,0.5301701908200105,opth,4,False,mlp1,bce,msle
185,,-0.0,0.0,0.7991031390134529,1.0,0.8883349950149552,0.0,Epipactis.palustris,-0.20089686098654713,opth,4,False,mlp1,bce,msle
186,0.7723083156082244,0.10018106375259696,0.7222222222222222,0.6417502278942571,0.9929478138222849,0.7796234772978959,18.0,Equisetum.arvense,0.36397245011647916,opth,4,False,mlp1,bce,msle
187,0.8504072398190045,0.07724856398615461,0.7,0.8063348416289593,0.9966442953020134,0.8914457228614308,10.0,Equisetum.palustre,0.5063348416289593,opth,4,False,mlp1,bce,msle
188,0.9344115004492363,0.032751937984496125,0.0,0.9964061096136568,0.9981998199819982,0.9973021582733813,2.0,Equisetum.telmateia,-0.003593890386343168,opth,4,False,mlp1,bce,msle
189,0.8127822944896116,0.027849988662577978,0.75,0.8410117434507678,0.9978563772775991,0.9127450980392157,8.0,Erigeron.acer,0.5910117434507678,opth,4,False,mlp1,bce,msle
190,0.8326196963799143,0.07710448669766903,0.6428571428571429,0.779291553133515,0.9942062572421785,0.8737270875763747,14.0,Erigeron.alpinus,0.42214869599065796,opth,4,False,mlp1,bce,msle
191,0.8859269733011728,0.10693167376035621,0.7272727272727273,0.859103385178408,0.9936507936507937,0.9214916584887144,22.0,Erigeron.annuus,0.5863761124511353,opth,4,False,mlp1,bce,msle
192,0.8715981735159817,0.10846490528471425,0.5,0.9068493150684932,0.9900299102691924,0.9466158245948523,20.0,Erigeron.glabratus,0.4068493150684933,opth,4,False,mlp1,bce,msle
193,0.7466666666666667,0.029043957557000212,0.4,0.8297297297297297,0.9967532467532467,0.9056047197640118,5.0,Erigeron.neglectus,0.22972972972972983,opth,4,False,mlp1,bce,msle
194,0.9093028183937275,0.24537302075440426,0.7307692307692307,0.8549127640036731,0.9925373134328358,0.9185989146521953,26.0,Erigeron.uniflorus,0.5856819947729037,opth,4,False,mlp1,bce,msle
195,0.9194570135746606,0.10130132879655038,0.6,0.9321266968325792,0.9961315280464217,0.9630668536699393,10.0,Erodium.cicutarium,0.5321266968325791,opth,4,False,mlp1,bce,msle
196,0.8290286640332218,0.06260638743081395,0.7222222222222222,0.821330902461258,0.9944812362030905,0.8996505242136795,18.0,Erophila.verna,0.5435531246834802,opth,4,False,mlp1,bce,msle
197,0.926897435897436,0.41248551173341547,0.8133333333333334,0.8836538461538461,0.984994640943194,0.9315762797769893,75.0,Eryngium.campestre,0.6969871794871794,opth,4,False,mlp1,bce,msle
198,0.8729696969696971,0.23716382427424673,0.8666666666666667,0.8372727272727273,0.9978331527627302,0.9105289174493326,15.0,Erysimum.rhaeticum,0.7039393939393941,opth,4,False,mlp1,bce,msle
199,0.8095076784101174,0.1123714820421387,0.625,0.7488708220415538,0.9963942307692307,0.8550799381124291,8.0,Erysimum.virgatum,0.37387082204155364,opth,4,False,mlp1,bce,msle
200,0.828082808280828,0.014089235086945158,0.0,0.9864986498649865,0.9963636363636363,0.9914066033469019,4.0,Eupatorium.cannabinum,-0.013501350135013523,opth,4,False,mlp1,bce,msle
201,0.7694633799260943,0.42607110387117375,0.7553191489361702,0.6429341963322546,0.9283489096573209,0.7597195666029318,188.0,Euphorbia.cyparissias,0.39825334526842493,opth,4,False,mlp1,bce,msle
202,,-0.0,0.0,0.8717488789237668,1.0,0.9314805941542884,0.0,Euphorbia.dulcis,-0.12825112107623315,opth,4,False,mlp1,bce,msle
203,0.738973897389739,0.008789130104127161,0.0,0.8955895589558955,0.995995995995996,0.943127962085308,4.0,Euphorbia.helioscopia,-0.10441044104410446,opth,4,False,mlp1,bce,msle
204,0.968153687467767,0.1707046322178506,0.8571428571428571,0.9115523465703971,0.9990108803165183,0.9532798489853704,7.0,Euphorbia.seguieriana,0.7686952037132542,opth,4,False,mlp1,bce,msle
205,0.8215962441314555,0.15654009993138238,0.88,0.6535211267605634,0.9914529914529915,0.7877758913412564,50.0,Euphorbia.brittingeri,0.5335211267605633,opth,4,False,mlp1,bce,msle
206,0.7301980198019802,0.022885128415431742,0.5,0.8118811881188119,0.9977876106194691,0.8952853598014888,4.0,Euphrasia.alpina,0.31188118811881194,opth,4,False,mlp1,bce,msle
207,0.9029295664372166,0.34520021105588183,0.7413793103448276,0.8637653736991485,0.9838362068965517,0.9198992443324937,58.0,Euphrasia.minima,0.6051446840439763,opth,4,False,mlp1,bce,msle
208,0.8588940092165899,0.22283537982368704,0.8,0.7714285714285715,0.9928825622775801,0.8682572614107884,30.0,Euphrasia.salisburgensis,0.5714285714285716,opth,4,False,mlp1,bce,msle
209,0.691944194419442,0.008427174080038239,0.5,0.7803780378037803,0.997698504027618,0.8757575757575757,4.0,Euphrasia.stricta,0.28037803780378034,opth,4,False,mlp1,bce,msle
210,0.8573253585738343,0.30046157549087565,0.8431372549019608,0.7354392892398816,0.9789750328515112,0.8399098083427283,102.0,Festuca.arundinacea,0.5785765441418422,opth,4,False,mlp1,bce,msle
211,0.8424891575765541,0.21425766635407964,0.5357142857142857,0.9346826126954921,0.9873663751214772,0.9603024574669187,28.0,Festuca.ovina,0.4703968984097777,opth,4,False,mlp1,bce,msle
212,0.9129611330698286,0.11279599705840222,0.7272727272727273,0.8994565217391305,0.9969879518072289,0.9457142857142857,11.0,Festuca.halleri,0.6267292490118579,opth,4,False,mlp1,bce,msle
213,0.8501764391838222,0.44789310069737354,0.7329192546583851,0.7861635220125787,0.9457755359394704,0.8586147681740126,161.0,Festuca.laevigata,0.5190827766709638,opth,4,False,mlp1,bce,msle
214,0.8310475875743556,0.3691300692957523,0.7426470588235294,0.7579162410623085,0.954954954954955,0.8451025056947609,136.0,Festuca.nigrescens,0.500563299885838,opth,4,False,mlp1,bce,msle
215,0.9154664509907611,0.38862806120582416,0.9016393442622951,0.7903225806451613,0.9928486293206198,0.8800845219228738,61.0,Festuca.paniculata,0.6919619249074564,opth,4,False,mlp1,bce,msle
216,0.9109657320872273,0.24235263893028988,0.7333333333333333,0.8551401869158879,0.9870550161812298,0.9163745618427641,45.0,Festuca.quadriflora,0.5884735202492211,opth,4,False,mlp1,bce,msle
217,0.6987834029888551,0.25205613147884826,0.5234375,0.7467071935157041,0.9235588972431078,0.8257703081232493,128.0,Festuca.rubra,0.27014469351570414,opth,4,False,mlp1,bce,msle
218,0.9317972350230415,0.4602544613687904,0.8,0.9253456221198156,0.994059405940594,0.958472553699284,30.0,Festuca.valesiaca,0.7253456221198156,opth,4,False,mlp1,bce,msle
219,0.8935311004784688,0.4999799907262347,0.7333333333333333,0.8421052631578947,0.9478672985781991,0.8918617614269788,165.0,Festuca.violacea,0.5754385964912281,opth,4,False,mlp1,bce,msle
220,0.8212596006144393,0.307540000917246,0.6333333333333333,0.7963133640552995,0.9874285714285714,0.8816326530612245,30.0,Filipendula.vulgaris,0.4296466973886328,opth,4,False,mlp1,bce,msle
221,0.7352941176470588,0.021300979142372466,0.7,0.676923076923077,0.996005326231691,0.8060344827586207,10.0,Fragaria.vesca,0.3769230769230769,opth,4,False,mlp1,bce,msle
222,0.9353185415855716,0.23574823942558937,0.5,0.9618528610354223,0.9934333958724203,0.9773880941393632,14.0,Fumana.procumbens,0.46185286103542245,opth,4,False,mlp1,bce,msle
223,0.9102160216021602,0.07519409497903207,0.75,0.774077407740774,0.9988385598141696,0.8722109533468559,4.0,Galeopsis.tetrahit,0.5240774077407742,opth,4,False,mlp1,bce,msle
224,0.8231389682406318,0.09789584751496688,0.7272727272727273,0.7393715341959335,0.9888751545117429,0.8461131676361714,33.0,Galium.anisophyllon,0.4666442614686608,opth,4,False,mlp1,bce,msle
225,0.6688288288288289,0.007983172894732849,0.8,0.5477477477477477,0.9983579638752053,0.7073880162885399,5.0,Galium.aparine,0.34774774774774775,opth,4,False,mlp1,bce,msle
226,0.7752198510054333,0.07778680721488948,0.7272727272727273,0.6737523105360443,0.9878048780487805,0.8010989010989011,33.0,Galium.boreale,0.40102503780877163,opth,4,False,mlp1,bce,msle
227,0.9226650190505612,0.32205087101220703,0.8055555555555556,0.8887859128822985,0.9927536231884058,0.9378973105134474,36.0,Galium.corrudifolium,0.6943414684378539,opth,4,False,mlp1,bce,msle
228,0.8658596837944664,0.04055856772039106,0.9090909090909091,0.779891304347826,0.9988399071925754,0.8758901322482198,11.0,Galium.glaucum,0.6889822134387351,opth,4,False,mlp1,bce,msle
229,0.8415375265876632,0.20840842528611772,0.9444444444444444,0.5861440291704649,0.9984472049689441,0.7386559448592763,18.0,Galium.lucidum,0.5305884736149094,opth,4,False,mlp1,bce,msle
230,0.8125867070248455,0.5134850699003137,0.8333333333333334,0.6299659477866061,0.9343434343434344,0.752542372881356,234.0,Galium.mollugo,0.46329928111993945,opth,4,False,mlp1,bce,msle
231,0.766114798906677,0.2926348389900134,0.7384615384615385,0.6913705583756345,0.9524475524475524,0.8011764705882353,130.0,Galium.pumilum,0.42983209683717316,opth,4,False,mlp1,bce,msle
232,0.8033687822777928,0.5292762833382475,0.8268551236749117,0.6334134615384616,0.9149305555555556,0.7485795454545454,283.0,Galium.verum,0.4602685852133732,opth,4,False,mlp1,bce,msle
233,0.8454628628462114,0.13900503271654926,0.5909090909090909,0.9057639524245197,0.990990990990991,0.9464627151051626,22.0,Genista.pilosa,0.4966730433336106,opth,4,False,mlp1,bce,msle
234,0.7620126926563917,0.03209361393652234,0.4166666666666667,0.8032638259292838,0.9921612541993281,0.8877755511022044,12.0,Genista.sagittalis,0.21993049259595043,opth,4,False,mlp1,bce,msle
235,0.8620067191495763,0.17554775685147708,0.7027027027027027,0.8645640074211502,0.9883351007423118,0.9223156853043047,37.0,Genista.tinctoria,0.5672667101238531,opth,4,False,mlp1,bce,msle
236,0.8377895338861882,0.1424874359160638,0.6410256410256411,0.8215613382899628,0.9844097995545658,0.8956433637284701,39.0,Gentiana.acaulis,0.4625869793156039,opth,4,False,mlp1,bce,msle
237,0.9495257452574525,0.1296136294994606,0.625,0.952122854561879,0.9971617786187322,0.9741219963031423,8.0,Gentiana.alpina,0.577122854561879,opth,4,False,mlp1,bce,msle
238,0.9773078906652914,0.5060458175365008,0.7142857142857143,0.9611913357400722,0.9981255857544518,0.9793103448275862,7.0,Gentiana.bavarica,0.6754770500257865,opth,4,False,mlp1,bce,msle
239,0.9018445322793148,0.14462244594618456,0.9090909090909091,0.8115942028985508,0.9988851727982163,0.895552223888056,11.0,Gentiana.cruciata,0.72068511198946,opth,4,False,mlp1,bce,msle
240,0.8766859344894027,0.3039134958987837,0.8441558441558441,0.802504816955684,0.9857988165680474,0.8847583643122676,77.0,Gentiana.lutea,0.646660661111528,opth,4,False,mlp1,bce,msle
241,0.8183465085638999,0.03642237834092793,0.36363636363636365,0.9510869565217391,0.9933774834437086,0.971772327626099,11.0,Gentiana.nivalis,0.3147233201581028,opth,4,False,mlp1,bce,msle
242,0.9164196310935441,0.10028103164166584,0.7272727272727273,0.8206521739130435,0.9966996699669967,0.9001490312965723,11.0,Gentiana.punctata,0.5479249011857708,opth,4,False,mlp1,bce,msle
243,0.8721529909899063,0.40064656511136215,0.7857142857142857,0.775811209439528,0.9740740740740741,0.8637110016420362,98.0,Gentiana.verna,0.5615254951538136,opth,4,False,mlp1,bce,msle
244,0.9002627806975633,0.14494976212494493,1.0,0.7417582417582418,1.0,0.8517350157728707,23.0,Geranium.columbinum,0.7417582417582418,opth,4,False,mlp1,bce,msle
245,0.921973897944323,0.28939138363251954,0.9090909090909091,0.8170055452865065,0.9966178128523112,0.8979177247333672,33.0,Geranium.dissectum,0.7260964543774155,opth,4,False,mlp1,bce,msle
246,0.9018569217950244,0.22803821683929673,0.7419354838709677,0.8394833948339483,0.9912854030501089,0.9090909090909091,31.0,Geranium.molle,0.5814188787049162,opth,4,False,mlp1,bce,msle
247,0.7852091287747309,0.11980619476529154,0.7441860465116279,0.7154850746268657,0.9858611825192802,0.8291891891891892,43.0,Geranium.pyrenaicum,0.4596711211384936,opth,4,False,mlp1,bce,msle
248,0.8571428571428572,0.009495949594959495,0.5,0.8724168912848158,0.9989711934156379,0.9314148681055155,2.0,Geranium.robertianum,0.3724168912848158,opth,4,False,mlp1,bce,msle
249,0.9519317160826595,0.03246124031007752,1.0,0.7133872416891285,1.0,0.8327215521761929,2.0,Geranium.rotundifolium,0.7133872416891285,opth,4,False,mlp1,bce,msle
250,0.5233812949640287,0.0035913985955531445,0.0,0.7455035971223022,0.9963942307692307,0.852880658436214,3.0,Geranium.sanguineum,-0.2544964028776978,opth,4,False,mlp1,bce,msle
251,0.8923383084577114,0.5137266596368424,0.8181818181818182,0.7870646766169154,0.9753390875462392,0.8711453744493393,110.0,Geranium.sylvaticum,0.6052464947987337,opth,4,False,mlp1,bce,msle
252,0.8887530224525043,0.47344074773450506,0.9066666666666666,0.7678756476683938,0.9814569536423841,0.8616279069767442,150.0,Geum.montanum,0.6745423143350604,opth,4,False,mlp1,bce,msle
253,0.8741209563994373,0.2596167929525607,0.6666666666666666,0.8264014466546112,0.9967284623773174,0.9036085022244191,9.0,Geum.rivale,0.49306811332127776,opth,4,False,mlp1,bce,msle
254,0.875,0.03906114606487586,0.6666666666666666,0.8282374100719424,0.9989154013015185,0.9056047197640118,3.0,Geum.urbanum,0.49490407673860903,opth,4,False,mlp1,bce,msle
255,0.7941088067327924,0.021116757954773264,0.5,0.8809738503155996,0.996938775510204,0.935375777884155,6.0,Glechoma.hederacea,0.3809738503155997,opth,4,False,mlp1,bce,msle
256,0.8617868199911544,0.26943830094536125,0.5490196078431373,0.8994360902255639,0.976530612244898,0.9363992172211351,51.0,Globularia.bisnagarica,0.4484556980687011,opth,4,False,mlp1,bce,msle
257,0.8544938128663434,0.3817843660391522,0.5961538461538461,0.8908748824082785,0.9783057851239669,0.9325455440669621,52.0,Globularia.cordifolia,0.48702872856212465,opth,4,False,mlp1,bce,msle
258,0.966726618705036,0.3640095791994526,1.0,0.8615107913669064,1.0,0.9256038647342996,3.0,Globularia.nudicaulis,0.8615107913669064,opth,4,False,mlp1,bce,msle
259,0.7646202861256625,0.1347999497127873,0.5483870967741935,0.741690408357075,0.965389369592089,0.8388829215896885,62.0,Gymnadenia.conopsea,0.2900775051312685,opth,4,False,mlp1,bce,msle
260,0.9081447963800905,0.17885059120317268,0.8,0.8343891402714932,0.9978354978354979,0.9088220798422868,10.0,Gypsophila.repens,0.6343891402714932,opth,4,False,mlp1,bce,msle
261,0.8005479157713794,0.4169872121249795,0.7486033519553073,0.7339743589743589,0.9385245901639344,0.8237410071942446,179.0,Helianthemum.nummularium,0.4825777109296663,opth,4,False,mlp1,bce,msle
262,0.6368136813681369,0.006567841929900465,0.75,0.6777677767776777,0.9986737400530504,0.8075067024128686,4.0,Helleborus.foetidus,0.42776777677767774,opth,4,False,mlp1,bce,msle
263,0.8662847198680137,0.3538480086324397,0.8023255813953488,0.7793974732750243,0.9792429792429792,0.8679653679653679,86.0,Heracleum.sphondylium,0.5817230546703731,opth,4,False,mlp1,bce,msle
264,0.7993811242908717,0.02528870278895046,0.7142857142857143,0.8393501805054152,0.9978540772532188,0.9117647058823529,7.0,Hieracium.bifidum,0.5536358947911295,opth,4,False,mlp1,bce,msle
265,0.8279230538022242,0.021100672449542508,1.0,0.6762849413886384,1.0,0.8068854222700377,6.0,Hieracium.murorum,0.6762849413886385,opth,4,False,mlp1,bce,msle
266,0.8879944802207912,0.23934803830627926,0.6428571428571429,0.8574057037718491,0.9893842887473461,0.9186791522917693,28.0,Hieracium.piliferum,0.500262846628992,opth,4,False,mlp1,bce,msle
267,0.9585585585585584,0.06003878406708595,1.0,0.8702702702702703,1.0,0.930635838150289,5.0,Hieracium.prenanthoides,0.8702702702702703,opth,4,False,mlp1,bce,msle
268,0.8637590319491599,0.1372473567473683,0.5238095238095238,0.8820840950639853,0.9897435897435898,0.9328177863702272,21.0,Hieracium.villosum,0.40589361887350917,opth,4,False,mlp1,bce,msle
269,0.8512022397891963,0.10298365526625208,0.5454545454545454,0.8840579710144928,0.9949031600407747,0.93621103117506,11.0,Himantoglossum.hircinum,0.4295125164690381,opth,4,False,mlp1,bce,msle
270,0.7413149078726969,0.23823778219072453,0.6416666666666667,0.6874371859296482,0.9408528198074277,0.794425087108014,120.0,Hippocrepis.comosa,0.3291038525963148,opth,4,False,mlp1,bce,msle
271,0.9364036143611472,0.6513699870282035,0.8809523809523809,0.8361981799797775,0.982185273159145,0.9033315128345166,126.0,Holcus.lanatus,0.7171505609321585,opth,4,False,mlp1,bce,msle
272,0.8992327615696623,0.2433886772599096,0.6842105263157895,0.9006499535747446,0.9877800407331976,0.9422049538610976,38.0,Homogyne.alpina,0.5848604798905341,opth,4,False,mlp1,bce,msle
273,0.9380995475113122,0.15176362852833444,0.7,0.92579185520362,0.9970760233918129,0.9601126231816048,10.0,Hornungia.petraea,0.6257918552036199,opth,4,False,mlp1,bce,msle
274,0.9184450792583879,0.33090694285356326,0.8181818181818182,0.8548983364140481,0.9935553168635876,0.9190263288623944,33.0,Hypericum.maculatum,0.6730801545958665,opth,4,False,mlp1,bce,msle
275,0.8378461538461538,0.2575658283445864,0.92,0.6211538461538462,0.99079754601227,0.7635933806146572,75.0,Hypericum.perforatum,0.5411538461538461,opth,4,False,mlp1,bce,msle
276,0.9135779816513763,0.15103366242822208,0.96,0.808256880733945,0.9988662131519275,0.8935091277890467,25.0,Hypericum.richeri,0.7682568807339449,opth,4,False,mlp1,bce,msle
277,0.88801359283287,0.3117528665103515,0.7222222222222222,0.8489341983317887,0.9892008639308856,0.913715710723192,36.0,Hypochaeris.maculata,0.571156420554011,opth,4,False,mlp1,bce,msle
278,0.9393772250915109,0.40551582223927085,0.8918918918918919,0.8413729128014842,0.995609220636663,0.9120160884866767,37.0,Hypochaeris.radicata,0.7332648046933761,opth,4,False,mlp1,bce,msle
279,0.9855985598559855,0.2169871794871795,1.0,0.9558955895589559,1.0,0.9774505292222734,4.0,Hyssopus.officinalis,0.9558955895589558,opth,4,False,mlp1,bce,msle
280,0.9589755213055304,0.23190869252265703,1.0,0.6672710788757933,1.0,0.8004350190320827,12.0,Inula.salicina,0.6672710788757934,opth,4,False,mlp1,bce,msle
281,0.9573225516621743,0.5103092783505154,0.5,0.9209344115004492,0.9990253411306043,0.9583917718560074,2.0,Isatis.tinctoria,0.4209344115004492,opth,4,False,mlp1,bce,msle
282,0.560727178958226,0.011446324485007948,0.14285714285714285,0.7734657039711191,0.9930475086906141,0.86960933536276,7.0,Juncus.alpinoarticulatus,-0.08367715317173796,opth,4,False,mlp1,bce,msle
283,0.9359783588818755,0.2046761549652442,0.5,0.9305680793507665,0.9971014492753624,0.9626865671641791,6.0,Juncus.articulatus,0.43056807935076646,opth,4,False,mlp1,bce,msle
284,0.8476125717739498,0.23687042105582518,0.3333333333333333,0.9791477787851315,0.9926470588235294,0.985851209493382,12.0,Juncus.effusus,0.31248111211846474,opth,4,False,mlp1,bce,msle
285,0.8591372330029318,0.17168364067382852,0.46153846153846156,0.9201451905626135,0.9931439764936337,0.9552520018841263,13.0,Juncus.inflexus,0.38168365210107513,opth,4,False,mlp1,bce,msle
286,0.9610502283105024,0.5745473069829357,0.85,0.9059360730593607,0.9969849246231156,0.9492822966507177,20.0,Juncus.jacquinii,0.7559360730593607,opth,4,False,mlp1,bce,msle
287,0.8710335448776065,0.05151860314197202,0.5,0.8776065276518585,0.9938398357289527,0.9321136254212807,12.0,Juncus.trifidus,0.37760652765185854,opth,4,False,mlp1,bce,msle
288,,-0.0,0.0,0.9408071748878923,1.0,0.9695009242144177,0.0,Juncus.triglumis,-0.05919282511210766,opth,4,False,mlp1,bce,msle
289,0.8273441218467396,0.44341583299496556,0.7905759162303665,0.6937229437229437,0.9412628487518355,0.7987538940809968,191.0,Knautia.arvensis,0.48429885995331023,opth,4,False,mlp1,bce,msle
290,0.9305882352941177,0.17990241586483155,1.0,0.7846153846153846,1.0,0.8793103448275862,10.0,Knautia.dipsacifolia,0.7846153846153845,opth,4,False,mlp1,bce,msle
291,0.8443142527852477,0.06831601225209623,0.8947368421052632,0.6742700729927007,0.9973009446693657,0.8045726728361459,19.0,Koeleria.macrantha,0.569006915097964,opth,4,False,mlp1,bce,msle
292,0.8162371903293204,0.1829736358441551,0.5964912280701754,0.8071833648393195,0.9737742303306728,0.882687338501292,57.0,Koeleria.pyramidata,0.4036745929094949,opth,4,False,mlp1,bce,msle
293,0.8450769285435099,0.31950036014861843,0.5471698113207547,0.8945386064030132,0.9753593429158111,0.9332023575638507,53.0,Koeleria.vallesiana,0.4417084177237678,opth,4,False,mlp1,bce,msle
294,0.8880852887603128,0.12507866764924225,1.0,0.7504553734061931,1.0,0.8574401664932362,17.0,Lactuca.perennis,0.7504553734061932,opth,4,False,mlp1,bce,msle
295,0.8431324110671937,0.03440367893379984,0.0,0.9528985507246377,0.9896519285042333,0.9709275496077526,11.0,Lactuca.serriola,-0.047101449275362306,opth,4,False,mlp1,bce,msle
296,0.7907673860911271,0.03187042842215256,0.6666666666666666,0.9172661870503597,0.9990205680705191,0.9563994374120957,3.0,Lamium.purpureum,0.5839328537170263,opth,4,False,mlp1,bce,msle
297,0.7203237410071942,0.00939957811410199,0.3333333333333333,0.6519784172661871,0.9972489683631361,0.7884719956498096,3.0,Lapsana.communis,-0.014688249400479636,opth,4,False,mlp1,bce,msle
298,0.9119729907773386,0.07209240475040755,0.9090909090909091,0.8097826086956522,0.9988826815642458,0.894447223611806,11.0,Laserpitium.halleri,0.7188735177865613,opth,4,False,mlp1,bce,msle
299,0.9194813196661626,0.24857416535996887,0.9090909090909091,0.7781885397412199,0.9964497041420118,0.873897249610794,33.0,Laserpitium.latifolium,0.687279448832129,opth,4,False,mlp1,bce,msle
300,0.9038112522686026,0.20551490051142088,0.8461538461538461,0.8357531760435571,0.9978331527627302,0.9096296296296297,13.0,Laserpitium.siler,0.6819070221974033,opth,4,False,mlp1,bce,msle
301,0.8599793708096957,0.026465388476849254,0.0,0.9638989169675091,0.9934883720930232,0.9784699954191479,7.0,Lathyrus.heterophyllus,-0.03610108303249093,opth,4,False,mlp1,bce,msle
302,0.8753375337533754,0.027918761839128437,0.75,0.7992799279927992,0.9988751406074241,0.888,4.0,Lathyrus.occidentalis,0.5492799279927993,opth,4,False,mlp1,bce,msle
303,0.7886849502629477,0.43335469344558086,0.8084112149532711,0.6548279689234184,0.9350237717908082,0.7702349869451697,214.0,Lathyrus.pratensis,0.4632391838766896,opth,4,False,mlp1,bce,msle
304,0.9824165915238954,0.15682893758676492,1.0,0.9134355275022543,1.0,0.9547596606974552,6.0,Lathyrus.sphaericus,0.9134355275022543,opth,4,False,mlp1,bce,msle
305,0.8762162162162161,0.25447148479935366,0.6,0.9144144144144144,0.9980334316617503,0.9543958627174424,5.0,Lathyrus.sylvestris,0.5144144144144143,opth,4,False,mlp1,bce,msle
306,0.929084380610413,0.0125,1.0,0.8447037701974865,1.0,0.9158150851581508,1.0,Lathyrus.tuberosus,0.8447037701974867,opth,4,False,mlp1,bce,msle
307,0.8438095238095238,0.1582521332533623,0.6,0.847926267281106,0.9871244635193133,0.9122459097669806,30.0,Leontodon.autumnalis,0.44792626728110596,opth,4,False,mlp1,bce,msle
308,0.7331227207191925,0.38353726539995503,0.6875,0.6747519294377067,0.9039881831610044,0.7727272727272727,208.0,Leontodon.hispidus,0.3622519294377067,opth,4,False,mlp1,bce,msle
309,0.8918918918918919,0.028417388896576017,1.0,0.8144144144144144,1.0,0.8977159880834161,5.0,Leontopodium.alpinum,0.8144144144144145,opth,4,False,mlp1,bce,msle
310,0.9710307734204793,0.5216216775376464,0.9259259259259259,0.8851102941176471,0.9979274611398964,0.9381393083292743,27.0,Leucanthemopsis.alpina,0.811036220043573,opth,4,False,mlp1,bce,msle
311,0.8405123599015895,0.5333340755946903,0.8405172413793104,0.6998867497168743,0.9435114503816794,0.8036410923276983,232.0,Leucanthemum.vulgare,0.5404039910961846,opth,4,False,mlp1,bce,msle
312,0.8614130434782608,0.07835145404752844,0.7272727272727273,0.7789855072463768,0.996523754345307,0.8744280630401627,11.0,Lilium.martagon,0.506258234519104,opth,4,False,mlp1,bce,msle
313,0.5242369838420108,0.0018832391713747645,0.0,0.5296229802513465,0.9983079526226735,0.6920821114369502,1.0,Linaria.repens,-0.47037701974865354,opth,4,False,mlp1,bce,msle
314,0.8530020703933747,0.12158303715747924,0.7391304347826086,0.8186813186813187,0.9933333333333333,0.8975903614457831,23.0,Linum.alpinum,0.5578117534639273,opth,4,False,mlp1,bce,msle
315,0.7085154141891731,0.14783844703840376,0.5802469135802469,0.7001934235976789,0.9551451187335093,0.8080357142857143,81.0,Linum.catharticum,0.2804403371779258,opth,4,False,mlp1,bce,msle
316,0.8777866242038217,0.1302592917299404,0.625,0.8507734303912647,0.9936238044633369,0.9166666666666666,16.0,Linum.tenuifolium,0.47577343039126463,opth,4,False,mlp1,bce,msle
317,0.7331520096705954,0.031078372662562973,0.5833333333333334,0.5956482320942883,0.9924471299093656,0.7444759206798867,12.0,Listera.ovata,0.17898156542762167,opth,4,False,mlp1,bce,msle
318,0.7178217821782178,0.008240727588211625,0.25,0.7731773177317732,0.9965197215777262,0.8707551951343132,4.0,Lolium.multiflorum,0.02317731773177334,opth,4,False,mlp1,bce,msle
319,0.8895478317443635,0.36920533832976693,0.8311688311688312,0.7639691714836223,0.9838709677419355,0.8600867678958786,77.0,Lolium.perenne,0.5951380026524535,opth,4,False,mlp1,bce,msle
320,0.793406704580765,0.6033191658499363,0.7855227882037533,0.637466307277628,0.8553345388788427,0.7305019305019305,373.0,Lotus.corniculatus,0.4229890954813813,opth,4,False,mlp1,bce,msle
321,0.8141005035894139,0.08502957538469318,0.8235294117647058,0.7131147540983607,0.9961832061068703,0.8312101910828026,17.0,Lotus.maritimus,0.5366441658630665,opth,4,False,mlp1,bce,msle
322,0.8240137221269297,0.2267588665899373,0.45454545454545453,0.9179245283018868,0.9700897308075773,0.9432864760058167,55.0,Luzula.campestris,0.37246998284734123,opth,4,False,mlp1,bce,msle
323,0.8861340679522498,0.14485057770611484,0.9230769230769231,0.7419651056014692,0.9975308641975309,0.8509741969457609,26.0,Luzula.lutea,0.6650420286783922,opth,4,False,mlp1,bce,msle
324,0.7138504396274048,0.03343365139712488,0.5238095238095238,0.7184643510054844,0.9874371859296482,0.8317460317460318,21.0,Luzula.multiflora,0.2422738748150084,opth,4,False,mlp1,bce,msle
325,0.9026648599819331,0.10988322653052532,0.875,0.7660343270099368,0.9988221436984688,0.8670756646216768,8.0,Luzula.sieberi,0.6410343270099368,opth,4,False,mlp1,bce,msle
326,0.8778458261216882,0.16014681390004434,0.8571428571428571,0.7996272134203168,0.9930555555555556,0.8859060402684564,42.0,Luzula.spicata,0.6567700705631738,opth,4,False,mlp1,bce,msle
327,0.887104743083004,0.06770128831310815,0.6363636363636364,0.8260869565217391,0.9956331877729258,0.902970297029703,11.0,Luzula.sudetica,0.4624505928853755,opth,4,False,mlp1,bce,msle
328,0.9550646227832884,0.1592314745353005,0.8333333333333334,0.9170423805229937,0.9990176817288802,0.9562764456981664,6.0,Lysimachia.nummularia,0.750375713856327,opth,4,False,mlp1,bce,msle
329,0.9011034255599473,0.42680372940736133,0.6363636363636364,0.9184782608695652,0.9960707269155207,0.9557021677662583,11.0,Lysimachia.vulgaris,0.5548418972332017,opth,4,False,mlp1,bce,msle
330,0.8873873873873874,0.05500538692246575,0.8,0.7018018018018019,0.9987179487179487,0.8243386243386244,5.0,Malva.moschata,0.5018018018018018,opth,4,False,mlp1,bce,msle
331,0.8217821782178217,0.01305360851242063,0.0,0.9333933393339334,0.9961575408261287,0.9637546468401487,4.0,Malva.sylvestris,-0.06660666066606657,opth,4,False,mlp1,bce,msle
332,0.7859008543287805,0.08911213815492038,0.9117647058823529,0.6049953746530989,0.9954337899543378,0.7525891829689298,34.0,Medicago.falcata,0.5167600805354517,opth,4,False,mlp1,bce,msle
333,0.8386125654450262,0.4249950325027183,0.825,0.6952879581151833,0.9595375722543352,0.806314511232544,160.0,Medicago.lupulina,0.5202879581151834,opth,4,False,mlp1,bce,msle
334,0.8741920590951062,0.2364243313726188,0.6875,0.8587257617728532,0.9893617021276596,0.9194265941670786,32.0,Medicago.minima,0.5462257617728532,opth,4,False,mlp1,bce,msle
335,0.8731203007518796,0.2435480259062817,0.8235294117647058,0.75,0.9888475836431226,0.8530197755211117,51.0,Medicago.sativa,0.5735294117647058,opth,4,False,mlp1,bce,msle
336,0.8798554652213189,0.40355089057159615,0.625,0.8888888888888888,0.9969604863221885,0.9398280802292264,8.0,Melica.ciliata,0.5138888888888888,opth,4,False,mlp1,bce,msle
337,0.8605405405405405,0.027601261267848554,0.8,0.7684684684684685,0.9988290398126464,0.8686354378818737,5.0,Melilotus.albus,0.5684684684684687,opth,4,False,mlp1,bce,msle
338,0.9232662762074526,0.34975745943338066,0.9545454545454546,0.7973856209150327,0.9976635514018691,0.8863518422418267,44.0,Meum.athamanticum,0.7519310754604873,opth,4,False,mlp1,bce,msle
339,0.7218721872187219,0.007624214661031763,0.0,0.900990099009901,0.9960199004975124,0.946124763705104,4.0,Minuartia.laricifolia,-0.09900990099009899,opth,4,False,mlp1,bce,msle
340,0.8647166361974405,0.1235011587647902,0.6666666666666666,0.8592321755027422,0.9926082365364308,0.9211170994610485,21.0,Minuartia.rostrata,0.5258988421694089,opth,4,False,mlp1,bce,msle
341,0.8819554030874786,0.2769433545283996,0.6363636363636364,0.8518867924528302,0.9783315276273022,0.9107413010590015,55.0,Minuartia.verna,0.48825042881646663,opth,4,False,mlp1,bce,msle
342,0.8878322639780019,0.2674690706439936,0.7916666666666666,0.7836846929422548,0.9941860465116279,0.876473603280369,24.0,Muscari.comosum,0.5753513596089215,opth,4,False,mlp1,bce,msle
343,0.844120995283786,0.4369373870405958,0.7633136094674556,0.7367864693446089,0.9457259158751696,0.8282828282828283,169.0,Myosotis.alpestris,0.5001000788120646,opth,4,False,mlp1,bce,msle
344,0.8396216416724074,0.37326695671302623,0.8407079646017699,0.7035928143712575,0.975103734439834,0.8173913043478261,113.0,Myosotis.arvensis,0.5443007789730274,opth,4,False,mlp1,bce,msle
345,0.850568623295896,0.20296745472397895,0.7307692307692307,0.7658402203856749,0.9916765755053508,0.8642487046632125,26.0,Myosotis.ramosissima,0.49660945115490573,opth,4,False,mlp1,bce,msle
346,0.9629963898916968,0.5001853528435521,0.7142857142857143,0.9693140794223827,0.9981412639405205,0.9835164835164835,7.0,Myosotis.scorpioides,0.6835997937080971,opth,4,False,mlp1,bce,msle
347,0.7895822588963384,0.0368642088256889,0.42857142857142855,0.8212996389891697,0.9956236323851203,0.9000989119683481,7.0,Myosotis.stricta,0.24987106756059818,opth,4,False,mlp1,bce,msle
348,0.7910893454371715,0.08237164419795324,0.7391304347826086,0.7124542124542125,0.9923469387755102,0.8294243070362474,23.0,Narcissus.poeticus,0.451584647236821,opth,4,False,mlp1,bce,msle
349,0.8751208791208791,0.4265428714836435,0.9,0.72,0.9804469273743017,0.8302779420461266,140.0,Nardus.stricta,0.6200000000000001,opth,4,False,mlp1,bce,msle
350,0.9235836627140976,0.06874272742596417,1.0,0.8396739130434783,1.0,0.912850812407681,11.0,Odontites.luteus,0.8396739130434783,opth,4,False,mlp1,bce,msle
351,0.8992906403940887,0.44818334793000336,0.88,0.7763546798029557,0.985,0.8683195592286501,100.0,Onobrychis.montana,0.6563546798029556,opth,4,False,mlp1,bce,msle
352,0.8756040404040403,0.4448274348533605,0.76,0.8,0.9635036496350365,0.8741721854304636,125.0,Onobrychis.viciifolia,0.56,opth,4,False,mlp1,bce,msle
353,0.8741534391534391,0.14516832042297298,0.6857142857142857,0.8138888888888889,0.9876404494382023,0.8923857868020305,35.0,Ononis.natrix,0.4996031746031746,opth,4,False,mlp1,bce,msle
354,0.7897247706422018,0.0664381883301404,0.48,0.7779816513761468,0.9849012775842044,0.8692977960020503,25.0,Ononis.repens,0.2579816513761468,opth,4,False,mlp1,bce,msle
355,0.8584594789414066,0.13170177608313263,0.7222222222222222,0.772937905468026,0.9881516587677726,0.8673946957878315,36.0,Ononis.spinosa,0.4951601276902482,opth,4,False,mlp1,bce,msle
356,0.9535135135135134,0.4993869288606131,1.0,0.8576576576576577,1.0,0.9233753637245393,5.0,Ophioglossum.vulgatum,0.8576576576576578,opth,4,False,mlp1,bce,msle
357,0.9298774362065502,0.0770984606793809,0.8888888888888888,0.840867992766727,0.9989258861439313,0.9131075110456554,9.0,Ophrys.apifera,0.7297568816556157,opth,4,False,mlp1,bce,msle
358,0.725022502250225,0.010513196026019344,0.25,0.8154815481548154,0.9966996699669967,0.897029702970297,4.0,Ophrys.insectifera,0.06548154815481544,opth,4,False,mlp1,bce,msle
359,0.6121130147279832,0.013337563587994466,0.16666666666666666,0.9323715058611362,0.9951876804619827,0.962756052141527,6.0,Orchis.mascula,0.09903817252780289,opth,4,False,mlp1,bce,msle
360,0.795708673315201,0.03702022120246891,0.75,0.7207615593834995,0.9962406015037594,0.8364018937401367,12.0,Orchis.militaris,0.4707615593834995,opth,4,False,mlp1,bce,msle
361,0.8999884579870729,0.26290665523723045,0.75,0.8494921514312096,0.9913793103448276,0.9149676777722526,32.0,Origanum.vulgare,0.5994921514312095,opth,4,False,mlp1,bce,msle
362,0.8036251920122888,0.13423598669745598,0.7,0.7493087557603687,0.9890510948905109,0.8526481384373361,30.0,Ornithogalum.umbellatum,0.44930875576036877,opth,4,False,mlp1,bce,msle
363,0.802336028751123,0.010689188045042756,1.0,0.5480682839173405,1.0,0.7080673244341266,2.0,Orobanche.alba,0.5480682839173405,opth,4,False,mlp1,bce,msle
364,0.7717895822588964,0.03245863795391813,0.8571428571428571,0.6985559566787004,0.9987096774193548,0.8220924057355284,7.0,Orobanche.caryophyllacea,0.5556988138215575,opth,4,False,mlp1,bce,msle
365,0.8180147058823528,0.10996498687941524,0.5555555555555556,0.8005514705882353,0.986409966024915,0.8838153221714865,27.0,Oxytropis.campestris,0.35610702614379086,opth,4,False,mlp1,bce,msle
366,0.867045871559633,0.12933531393611522,0.52,0.8798165137614679,0.9876416065911432,0.9306162057253761,25.0,Oxytropis.helvetica,0.399816513761468,opth,4,False,mlp1,bce,msle
367,0.9095495495495496,0.09209496367391105,0.8,0.7711711711711712,0.9988331388564761,0.8703609557702084,5.0,Oxytropis.pilosa,0.5711711711711711,opth,4,False,mlp1,bce,msle
368,0.9009954751131222,0.10166876078895615,0.3,0.9113122171945701,0.9930966469428008,0.9504483246814536,10.0,Papaver.rhoeas,0.21131221719457005,opth,4,False,mlp1,bce,msle
369,0.9131469664742227,0.13835091940291436,0.8888888888888888,0.773017319963537,0.9976470588235294,0.8710837185413457,18.0,Paradisea.liliastrum,0.6619062088524257,opth,4,False,mlp1,bce,msle
370,0.8157519138445569,0.06644592579106288,0.7142857142857143,0.8483197093551317,0.9957356076759062,0.916135360470819,14.0,Parnassia.palustris,0.562605423640846,opth,4,False,mlp1,bce,msle
371,0.8244664863240156,0.018860502106781793,0.8333333333333334,0.6735798016230838,0.9986631016042781,0.8045234248788369,6.0,Pastinaca.sativa,0.5069131349564171,opth,4,False,mlp1,bce,msle
372,0.872356884992264,0.04188281489187532,0.5714285714285714,0.855595667870036,0.9968454258675079,0.9208353569694027,7.0,Pedicularis.foliosa,0.42702423929860744,opth,4,False,mlp1,bce,msle
373,0.8648954793533107,0.2678453778613328,0.6666666666666666,0.8498609823911029,0.9870828848223897,0.9133466135458167,36.0,Pedicularis.gyroflexa,0.5165276490577695,opth,4,False,mlp1,bce,msle
374,0.9080771549125981,0.06972997004937988,0.7777777777777778,0.8372513562386981,0.9978448275862069,0.9105211406096362,9.0,Pedicularis.tuberosa,0.615029134016476,opth,4,False,mlp1,bce,msle
375,0.9100936838924146,0.11868582552897979,0.75,0.8359020852221215,0.9967567567567568,0.9092702169625246,12.0,Pedicularis.verticillata,0.5859020852221215,opth,4,False,mlp1,bce,msle
376,0.8513273754764095,0.14712547827994937,0.6071428571428571,0.8307267709291628,0.9879649890590809,0.9025487256371814,28.0,Petrorhagia.prolifera,0.4378696280720198,opth,4,False,mlp1,bce,msle
377,0.8887821744141375,0.09954620749540151,0.631578947368421,0.8658759124087592,0.9926778242677824,0.9249512670565302,19.0,Petrorhagia.saxifraga,0.4974548597771802,opth,4,False,mlp1,bce,msle
378,0.8689288203593832,0.42239408106938126,0.711864406779661,0.8174523570712137,0.9599528857479388,0.8829902491874323,118.0,Phleum.alpinum,0.5293167638508747,opth,4,False,mlp1,bce,msle
379,,-0.0,0.0,0.8484304932735426,1.0,0.9180009704027171,0.0,Phleum.hirsutum,-0.15156950672645741,opth,4,False,mlp1,bce,msle
380,0.9142986895030492,0.1694473480831758,0.9285714285714286,0.7720254314259763,0.9988249118683902,0.8709016393442623,14.0,Phleum.phleoides,0.7005968599974048,opth,4,False,mlp1,bce,msle
381,0.9105022831050229,0.13141737184104788,0.9,0.821917808219178,0.9977827050997783,0.901352028042063,20.0,Phyteuma.betonicifolium,0.7219178082191782,opth,4,False,mlp1,bce,msle
382,0.9234957420075387,0.11108107886074195,0.5384615384615384,0.9428312159709619,0.9942583732057416,0.9678621332091291,13.0,Phyteuma.hemisphaericum,0.4812927544325003,opth,4,False,mlp1,bce,msle
383,0.8090388434714333,0.26203052611645283,0.7261904761904762,0.7594568380213385,0.9714640198511166,0.8524768644529124,84.0,Phyteuma.orbiculare,0.4856473142118145,opth,4,False,mlp1,bce,msle
384,0.9171171171171171,0.03061898581734423,0.4,0.9171171171171171,0.9970617042115573,0.9554199906147348,5.0,Phyteuma.ovatum,0.317117117117117,opth,4,False,mlp1,bce,msle
385,0.8626915246973106,0.16047138906438121,0.5294117647058824,0.9489981785063752,0.9923809523809524,0.9702048417132216,17.0,Phyteuma.spicatum,0.4784099432122577,opth,4,False,mlp1,bce,msle
386,0.8007291723349839,0.1565725014864484,0.8235294117647058,0.5855689176688251,0.9906103286384976,0.736046511627907,34.0,Picris.hieracioides,0.40909832943353086,opth,4,False,mlp1,bce,msle
387,0.90570626284912,0.3249980476872728,0.8378378378378378,0.7736549165120594,0.9928571428571429,0.8696558915537018,37.0,Pimpinella.major,0.6114927543498974,opth,4,False,mlp1,bce,msle
388,0.7978028169014084,0.18009252230785944,0.64,0.7671361502347418,0.9784431137724551,0.86,50.0,Pimpinella.saxifraga,0.4071361502347419,opth,4,False,mlp1,bce,msle
389,0.9153210600294833,0.6385862643851541,0.8835978835978836,0.8153347732181425,0.9716859716859717,0.8866705813270699,189.0,Plantago.alpina,0.6989326568160261,opth,4,False,mlp1,bce,msle
390,0.8803065621247439,0.21155328455971398,0.7307692307692307,0.7998163452708907,0.9920273348519362,0.8856126080325368,26.0,Plantago.atrata,0.5305855760401215,opth,4,False,mlp1,bce,msle
391,0.8623085534427932,0.6576996599702657,0.868421052631579,0.7053020961775586,0.934640522875817,0.8039353478566409,304.0,Plantago.lanceolata,0.5737231488091377,opth,4,False,mlp1,bce,msle
392,0.7634898568633508,0.1129696745669166,0.8333333333333334,0.5171455050973123,0.9893617021276596,0.6792452830188679,36.0,Plantago.major,0.35047883843064565,opth,4,False,mlp1,bce,msle
393,0.8217634603750757,0.48404954835730685,0.7142857142857143,0.7554824561403509,0.9223560910307899,0.8306208559373116,203.0,Plantago.media,0.4697681704260652,opth,4,False,mlp1,bce,msle
394,0.8459172259507829,0.36637376033303626,0.6944444444444444,0.8283796740172579,0.9751693002257337,0.895800933125972,72.0,Plantago.maritima,0.5228241184617022,opth,4,False,mlp1,bce,msle
395,0.5817553351367598,0.0075546875698216465,0.16666666666666666,0.7366997294860235,0.9939172749391727,0.8461936820300362,6.0,Platanthera.bifolia,-0.0966336038473099,opth,4,False,mlp1,bce,msle
396,0.9295563980739391,0.7867402414455437,0.8778135048231511,0.8345771144278606,0.9464033850493653,0.8869795109054858,311.0,Poa.alpina,0.7123906192510119,opth,4,False,mlp1,bce,msle
397,0.8764600179694518,0.011798813376483279,0.5,0.921832884097035,0.9990262901655307,0.9588785046728971,2.0,Poa.annua,0.4218328840970349,opth,4,False,mlp1,bce,msle
398,0.8342507150180778,0.32182306810609274,0.6901408450704225,0.7624521072796935,0.9731051344743277,0.8549946294307197,71.0,Poa.bulbosa,0.452592952350116,opth,4,False,mlp1,bce,msle
399,0.9850119904076738,0.23032581453634085,1.0,0.8929856115107914,1.0,0.9434679334916865,3.0,Poa.cenisia,0.8929856115107913,opth,4,False,mlp1,bce,msle
400,0.8639772849030323,0.09042137876224432,0.6470588235294118,0.8579234972677595,0.9936708860759493,0.9208211143695014,17.0,Poa.chaixii,0.5049823207971713,opth,4,False,mlp1,bce,msle
401,0.75,0.04116194042975766,0.7272727272727273,0.7219202898550725,0.99625,0.8371848739495799,11.0,Poa.compressa,0.4491930171277998,opth,4,False,mlp1,bce,msle
402,0.6449144914491449,0.08820110582998812,0.25,0.9234923492349235,0.9970845481049563,0.9588785046728971,4.0,Poa.nemoralis,0.17349234923492363,opth,4,False,mlp1,bce,msle
403,0.8036525539375723,0.5514828647250608,0.677536231884058,0.7461263408820024,0.8755244755244755,0.8056628056628057,276.0,Poa.pratensis,0.42366257276606034,opth,4,False,mlp1,bce,msle
404,0.8028933092224232,0.0568671929698125,0.7777777777777778,0.7820976491862568,0.9976931949250288,0.8768373035985808,9.0,Poa.supina,0.5598754269640347,opth,4,False,mlp1,bce,msle
405,0.8529011786038078,0.07332343879441505,0.75,0.7561196736174071,0.996415770609319,0.8597938144329897,12.0,Polygala.alpestris,0.5061196736174072,opth,4,False,mlp1,bce,msle
406,0.6262353998203055,0.015535714285714285,0.0,0.9919137466307277,0.9981916817359855,0.9950428120775124,2.0,Polygala.amarella,-0.008086253369272267,opth,4,False,mlp1,bce,msle
407,0.8503971952247814,0.18192161971368695,0.5952380952380952,0.8191985088536813,0.9810267857142857,0.8928390045708482,42.0,Polygala.comosa,0.4144366040917764,opth,4,False,mlp1,bce,msle
408,0.7339918768490197,0.09536412642396365,0.5135135135135135,0.7448979591836735,0.9780755176613886,0.8457082675092154,37.0,Polygala.vulgaris,0.2584114726971869,opth,4,False,mlp1,bce,msle
409,0.7198198198198199,0.021263008900985328,0.4,0.7288288288288288,0.9963054187192119,0.841831425598335,5.0,Polygonum.aviculare,0.12882882882882885,opth,4,False,mlp1,bce,msle
410,0.9062337662337662,0.4806050243971855,0.8857142857142857,0.7818181818181819,0.9903030303030304,0.8737967914438503,70.0,Polygonum.bistorta,0.6675324675324674,opth,4,False,mlp1,bce,msle
411,0.8813383131030189,0.506183383108471,0.888235294117647,0.7396825396825397,0.9735376044568245,0.8406494287432351,170.0,Polygonum.viviparum,0.6279178338001867,opth,4,False,mlp1,bce,msle
412,0.6780575539568345,0.006099656846691632,0.3333333333333333,0.8390287769784173,0.9978609625668449,0.9115779189057157,3.0,Polystichum.lonchitis,0.17236211031175053,opth,4,False,mlp1,bce,msle
413,0.8405937215650592,0.36336406932181115,0.625,0.8034576888080073,0.9932508436445444,0.8883299798792756,16.0,Potentilla.argentea,0.4284576888080074,opth,4,False,mlp1,bce,msle
414,0.8965832571286059,0.3121481618641686,0.8260869565217391,0.8240917782026769,0.9862700228832952,0.8979166666666667,69.0,Potentilla.aurea,0.6501787347244159,opth,4,False,mlp1,bce,msle
415,0.8559637188208616,0.3855878729324978,0.6962962962962963,0.8051020408163265,0.9506024096385542,0.8718232044198895,135.0,Potentilla.crantzii,0.5013983371126227,opth,4,False,mlp1,bce,msle
416,0.882314596600311,0.31970738862543757,0.8648648648648649,0.7096474953617811,0.9935064935064936,0.827922077922078,37.0,Potentilla.erecta,0.574512360226646,opth,4,False,mlp1,bce,msle
417,0.8884218139082876,0.3653752713698142,0.8372093023255814,0.7891156462585034,0.9830508474576272,0.8754716981132076,86.0,Potentilla.grandiflora,0.6263249485840849,opth,4,False,mlp1,bce,msle
418,0.7986593185310794,0.2719599416375706,0.6194690265486725,0.7964071856287425,0.9488703923900119,0.865979381443299,113.0,Potentilla.neumanniana,0.4158762121774151,opth,4,False,mlp1,bce,msle
419,0.8982968030154964,0.15853444263147834,0.9230769230769231,0.8430127041742287,0.9989247311827957,0.9143700787401575,13.0,Potentilla.pusilla,0.7660896272511519,opth,4,False,mlp1,bce,msle
420,0.7870909090909091,0.04873824875464814,0.7333333333333333,0.6254545454545455,0.9942196531791907,0.7678571428571429,15.0,Potentilla.recta,0.3587878787878789,opth,4,False,mlp1,bce,msle
421,0.8734084507042255,0.24042090879139758,0.84,0.6938967136150235,0.9892904953145917,0.8156732891832229,50.0,Potentilla.reptans,0.5338967136150234,opth,4,False,mlp1,bce,msle
422,0.7974774774774775,0.2380215952629746,0.8,0.6738738738738739,0.9986648865153538,0.8047337278106509,5.0,Potentilla.rupestris,0.4738738738738739,opth,4,False,mlp1,bce,msle
423,0.9532611962729185,0.10566691762343935,1.0,0.7529305680793508,1.0,0.8590534979423868,6.0,Potentilla.thuringiaca,0.7529305680793508,opth,4,False,mlp1,bce,msle
424,0.7622901678657074,0.007208404369874821,1.0,0.7149280575539568,1.0,0.8337703198741478,3.0,Primula.elatior,0.7149280575539567,opth,4,False,mlp1,bce,msle
425,0.7455962059620597,0.020688955168669157,0.125,0.9159891598915989,0.9931439764936337,0.9530075187969925,8.0,Primula.farinosa,0.04098915989159879,opth,4,False,mlp1,bce,msle
426,0.8012434491064745,0.2919908841652599,0.7016129032258065,0.7255297679112008,0.951058201058201,0.8231253577561534,124.0,Primula.veris,0.4271426711370072,opth,4,False,mlp1,bce,msle
427,0.744566210045662,0.04578402676275952,0.6,0.6894977168949772,0.9895150720838795,0.8127018299246501,20.0,Prunella.grandiflora,0.28949771689497705,opth,4,False,mlp1,bce,msle
428,0.7948515345587625,0.056506639763853554,0.5909090909090909,0.7602927721866423,0.9892857142857143,0.85980341438179,22.0,Prunella.laciniata,0.3512018630957332,opth,4,False,mlp1,bce,msle
429,0.7924406604747163,0.1562375732248338,0.803921568627451,0.643796992481203,0.9856115107913669,0.7788516202387721,51.0,Prunella.vulgaris,0.44771856110865405,opth,4,False,mlp1,bce,msle
430,0.8321805006587616,0.17179442112813229,0.2727272727272727,0.9646739130434783,0.9925442684063374,0.9784106568672485,11.0,Prunus.spinosa,0.23740118577075098,opth,4,False,mlp1,bce,msle
431,0.8522267206477734,0.04273733190176619,1.0,0.6851179673321234,1.0,0.8131394722670975,13.0,Veronica.spicata,0.6851179673321233,opth,4,False,mlp1,bce,msle
432,0.8387746625129802,0.17238457396465023,0.7333333333333333,0.7205607476635514,0.9846743295019157,0.832164058283864,45.0,Pulsatilla.alpina,0.4538940809968848,opth,4,False,mlp1,bce,msle
433,0.9052346570397113,0.045816858699249535,0.5714285714285714,0.8998194945848376,0.997,0.9459203036053131,7.0,Pulsatilla.halleri,0.4712480660134091,opth,4,False,mlp1,bce,msle
434,0.8556969696969697,0.05408212443114955,0.6666666666666666,0.8218181818181818,0.9944994499449945,0.8999502239920358,15.0,Pulsatilla.vernalis,0.4884848484848483,opth,4,False,mlp1,bce,msle
435,0.5404312668463611,0.003973933633659383,0.0,0.9532794249775381,0.9981185324553151,0.9751838235294118,2.0,Ranunculus.aconitifolius,-0.04672057502246185,opth,4,False,mlp1,bce,msle
436,0.8589884237832401,0.4901920975974591,0.8359788359788359,0.7483801295896328,0.9571823204419889,0.84,189.0,Ranunculus.acris,0.5843589655684687,opth,4,False,mlp1,bce,msle
437,0.8349075314928974,0.4447201513380952,0.7902439024390244,0.7417582417582418,0.9401114206128134,0.8292383292383292,205.0,Ranunculus.bulbosus,0.5320021441972662,opth,4,False,mlp1,bce,msle
438,0.8858939802336028,0.011378971905287694,1.0,0.8310871518418689,1.0,0.9077526987242395,2.0,Ranunculus.glacialis,0.831087151841869,opth,4,False,mlp1,bce,msle
439,0.831980763450556,0.11220156918033751,0.6666666666666666,0.8106402164111812,0.9977802441731409,0.8945273631840795,6.0,Ranunculus.gramineus,0.47730688307784774,opth,4,False,mlp1,bce,msle
440,0.8595556076226178,0.1565101022417863,0.6666666666666666,0.8191190253045924,0.9820224719101124,0.8932038834951457,48.0,Ranunculus.kuepferi,0.48578569197125887,opth,4,False,mlp1,bce,msle
441,0.8791515013648772,0.09255720329011768,0.625,0.8535031847133758,0.9936440677966102,0.9182574645129711,16.0,Ranunculus.montanus,0.47850318471337583,opth,4,False,mlp1,bce,msle
442,0.76337899543379,0.06288312781434492,0.55,0.8237442922374429,0.9901207464324918,0.8993020937188435,20.0,Ranunculus.serpens,0.373744292237443,opth,4,False,mlp1,bce,msle
443,0.9123632801871905,0.44634092512753926,0.7058823529411765,0.8751156336725254,0.9895397489539749,0.9288168875797742,34.0,Ranunculus.repens,0.5809979866137018,opth,4,False,mlp1,bce,msle
444,0.8936936936936937,0.08029909160826544,0.6,0.827027027027027,0.9978260869565218,0.9044334975369458,5.0,Reseda.lutea,0.4270270270270271,opth,4,False,mlp1,bce,msle
445,0.8256240822320118,0.5104844854873907,0.8309178743961353,0.6762114537444934,0.9460708782742681,0.7886962106615286,207.0,Rhinanthus.alectorolophus,0.5071293281406288,opth,4,False,mlp1,bce,msle
446,0.9068406840684068,0.06591214275555457,1.0,0.7578757875787578,1.0,0.86226318484383,4.0,Rhinanthus.glacialis,0.7578757875787578,opth,4,False,mlp1,bce,msle
447,0.7532435897435897,0.16084992128187955,0.5466666666666666,0.7596153846153846,0.9587378640776699,0.8476394849785408,75.0,Rhinanthus.minor,0.3062820512820512,opth,4,False,mlp1,bce,msle
448,0.8792908762420958,0.04728121224524083,0.25,0.9421860885275519,0.994280266920877,0.9675324675324676,8.0,Rhododendron.ferrugineum,0.19218608852755192,opth,4,False,mlp1,bce,msle
449,0.8377216122320993,0.5354948362921365,0.8230088495575221,0.7266591676040495,0.9416909620991254,0.8203174603174603,226.0,Rumex.acetosa,0.5496680171615715,opth,4,False,mlp1,bce,msle
450,0.765790268963433,0.08103487869234077,0.75,0.6944696282864914,0.9960988296488946,0.8183760683760684,12.0,Rumex.acetosella,0.4444696282864915,opth,4,False,mlp1,bce,msle
451,0.8718346870520783,0.14122971191736605,0.782608695652174,0.7747252747252747,0.9941245593419507,0.8708183221821925,23.0,Rumex.crispus,0.5573339703774487,opth,4,False,mlp1,bce,msle
452,0.8761456969408403,0.18714984305972174,0.6774193548387096,0.8533210332103321,0.9893048128342246,0.9162951956414066,31.0,Rumex.obtusifolius,0.5307403880490418,opth,4,False,mlp1,bce,msle
453,0.7625899280575539,0.008044919801137761,0.0,0.9406474820143885,0.9971401334604385,0.968070337806571,3.0,Rumex.scutatus,-0.059352517985611475,opth,4,False,mlp1,bce,msle
454,0.9502113331900566,0.5150296458550693,0.8888888888888888,0.8945841392649904,0.9903640256959315,0.9400406504065041,81.0,Salix.herbacea,0.7834730281538791,opth,4,False,mlp1,bce,msle
455,0.9388994843540297,0.3378611748762059,0.8076923076923077,0.8797061524334252,0.9948078920041536,0.9337231968810916,26.0,Salix.reticulata,0.687398460125733,opth,4,False,mlp1,bce,msle
456,0.8800761776732201,0.18295565709000314,0.5454545454545454,0.9205175600739371,0.9851632047477745,0.9517439082656474,33.0,Salix.retusa,0.46597210552848267,opth,4,False,mlp1,bce,msle
457,0.9252858457090288,0.33417337130893193,0.75,0.8868445262189513,0.9927909371781668,0.9368318756073858,28.0,Salix.serpyllifolia,0.6368445262189513,opth,4,False,mlp1,bce,msle
458,0.8688774153315664,0.5921080316247634,0.8774703557312253,0.7180974477958236,0.9523076923076923,0.8187830687830688,253.0,Salvia.pratensis,0.5955678035270489,opth,4,False,mlp1,bce,msle
459,0.8430546490239127,0.5344722000871982,0.8640350877192983,0.6595264937993236,0.9496753246753247,0.7784431137724551,228.0,Sanguisorba.minor,0.5235615815186219,opth,4,False,mlp1,bce,msle
460,0.9027889908256881,0.36870246336742163,0.64,0.9284403669724771,0.9911851126346719,0.9587873045949786,25.0,Sanguisorba.officinalis,0.5684403669724771,opth,4,False,mlp1,bce,msle
461,0.8555126968820315,0.16449816646880117,0.7058823529411765,0.8278688524590164,0.9945295404814004,0.9035785288270378,17.0,Saponaria.ocymoides,0.5337512054001929,opth,4,False,mlp1,bce,msle
462,0.8497086598352421,0.027864262733796618,0.2222222222222222,0.8833634719710669,0.9928861788617886,0.9349282296650717,9.0,Saxifraga.aizoides,0.10558569419328911,opth,4,False,mlp1,bce,msle
463,0.8345314900153611,0.1778389050046825,0.5666666666666667,0.8617511520737328,0.9862869198312236,0.9198229217904574,30.0,Saxifraga.granulata,0.4284178187403995,opth,4,False,mlp1,bce,msle
464,0.872440855323021,0.06829973384857922,0.875,0.7697907188353048,0.9976415094339622,0.8690292758089369,16.0,Saxifraga.oppositifolia,0.6447907188353048,opth,4,False,mlp1,bce,msle
465,0.8740911598054455,0.14450055542026416,0.8108108108108109,0.7866419294990723,0.991812865497076,0.8773926539058459,37.0,Saxifraga.paniculata,0.5974527403098833,opth,4,False,mlp1,bce,msle
466,0.833633904418395,0.029430251084684465,0.3333333333333333,0.9359783588818755,0.9961612284069098,0.9651324965132496,6.0,Saxifraga.tridactylites,0.2693116922152088,opth,4,False,mlp1,bce,msle
467,0.7785472871024202,0.15807405950449302,0.5873015873015873,0.8165399239543726,0.9706214689265537,0.8869385647909138,63.0,Scabiosa.columbaria,0.4038415112559599,opth,4,False,mlp1,bce,msle
468,0.8206477093206951,0.2795019288288899,0.7,0.7611374407582938,0.9780755176613886,0.8560767590618337,60.0,Scabiosa.lucida,0.46113744075829377,opth,4,False,mlp1,bce,msle
469,0.835058505850585,0.03542482416738083,0.75,0.7911791179117912,0.9988636363636364,0.8829733802109493,4.0,Scabiosa.triandra,0.5411791179117911,opth,4,False,mlp1,bce,msle
470,0.9882988298829883,0.29751602564102564,1.0,0.9216921692169217,1.0,0.9592505854800937,4.0,Scorzonera.humilis,0.9216921692169215,opth,4,False,mlp1,bce,msle
471,0.9573170731707317,0.378807461655074,0.75,0.9051490514905149,0.99800796812749,0.9493131217432497,8.0,Scorzonera.laciniata,0.6551490514905149,opth,4,False,mlp1,bce,msle
472,0.8833618083848075,0.20503832881372666,0.8214285714285714,0.764489420423183,0.9940191387559809,0.8642745709828393,28.0,Scutellaria.alpina,0.5859179918517543,opth,4,False,mlp1,bce,msle
473,0.8543094536125895,0.19970801087341242,0.673469387755102,0.8105065666041276,0.9818181818181818,0.8879753340184995,49.0,Securigera.varia,0.48397595435922947,opth,4,False,mlp1,bce,msle
474,0.8175266762223284,0.06758928606894413,0.6521739130434783,0.7976190476190477,0.9908987485779295,0.8838153221714865,23.0,Sedum.acre,0.44979296066252594,opth,4,False,mlp1,bce,msle
475,0.8372864727608494,0.17628485854288453,0.625,0.8864265927977839,0.9876543209876543,0.9343065693430657,32.0,Sedum.album,0.5114265927977839,opth,4,False,mlp1,bce,msle
476,0.8897755287401065,0.11501774622818989,0.7857142857142857,0.846503178928247,0.9967914438502674,0.9155206286836935,14.0,Sedum.atratum,0.6322174646425327,opth,4,False,mlp1,bce,msle
477,0.8826934795856185,0.11019532337186556,0.8571428571428571,0.8290676416819013,0.9967032967032967,0.9051896207584831,21.0,Sedum.montanum,0.6862104988247584,opth,4,False,mlp1,bce,msle
478,0.8051537554912676,0.07516867106920949,0.5294117647058824,0.8907103825136612,0.9918864097363083,0.9385796545105566,17.0,Sedum.rupestre,0.42012214721954355,opth,4,False,mlp1,bce,msle
479,0.8371315709510787,0.1122736343911649,0.6111111111111112,0.8550592525068368,0.9925925925925926,0.9187071498530852,18.0,Sedum.sexangulare,0.46617036361794795,opth,4,False,mlp1,bce,msle
480,0.8954248366013071,0.3829396247630911,0.7058823529411765,0.8579234972677595,0.9947201689545935,0.9212713936430318,17.0,Selaginella.selaginoides,0.563805850208936,opth,4,False,mlp1,bce,msle
481,0.8636550542547117,0.3344609385134204,0.6941176470588235,0.8427184466019417,0.970917225950783,0.9022869022869023,85.0,Sempervivum.arachnoideum,0.5368360936607652,opth,4,False,mlp1,bce,msle
482,0.8887328887328887,0.27057701795600164,0.5675675675675675,0.9044526901669759,0.9838546922300706,0.9424842919284678,37.0,Sempervivum.montanum,0.4720202577345436,opth,4,False,mlp1,bce,msle
483,0.877494793474488,0.32152271014346445,0.7674418604651163,0.8180970149253731,0.9887260428410372,0.8953547728432873,43.0,Sempervivum.tectorum,0.5855388753904895,opth,4,False,mlp1,bce,msle
484,0.8799033816425121,0.3425614530304337,0.8,0.8038647342995169,0.9811320754716981,0.8836962294211365,80.0,Senecio.doronicum,0.6038647342995169,opth,4,False,mlp1,bce,msle
485,0.8306492454167932,0.05561928394240489,0.8888888888888888,0.6927985414767548,0.9973753280839895,0.8176438945669715,18.0,Senecio.erucifolius,0.5816874303656436,opth,4,False,mlp1,bce,msle
486,0.9212903225806452,0.2210460108852956,0.8,0.8737327188940092,0.9937106918238994,0.9298675821481118,30.0,Senecio.incanus,0.6737327188940092,opth,4,False,mlp1,bce,msle
487,0.9296704793028322,0.27349269933411946,0.9259259259259259,0.8014705882352942,0.9977116704805492,0.8888888888888888,27.0,Senecio.jacobaea,0.72739651416122,opth,4,False,mlp1,bce,msle
488,0.7504072398190045,0.03982977261706176,0.7,0.7285067873303167,0.9962871287128713,0.8416100365917407,10.0,Serratula.tinctoria,0.42850678733031655,opth,4,False,mlp1,bce,msle
489,0.9603603603603603,0.07059957586273376,1.0,0.8774774774774775,1.0,0.9347408829174664,5.0,Seseli.annuum,0.8774774774774774,opth,4,False,mlp1,bce,msle
490,0.8940934127446151,0.5427243512274085,0.7299270072992701,0.8302658486707567,0.9564193168433451,0.8888888888888888,137.0,Sesleria.caerulea,0.5601928559700267,opth,4,False,mlp1,bce,msle
491,0.9484474885844749,0.2634225664521449,0.95,0.8027397260273973,0.9988636363636364,0.890126582278481,20.0,Sherardia.arvensis,0.7527397260273974,opth,4,False,mlp1,bce,msle
492,0.8923981900452489,0.11140890806935576,0.8,0.8796380090497737,0.997946611909651,0.935064935064935,10.0,Sideritis.hyssopifolia,0.6796380090497738,opth,4,False,mlp1,bce,msle
493,0.9597846012832264,0.3745873698245632,0.9583333333333334,0.8386801099908341,0.9989082969432315,0.9118086696562033,24.0,Silaum.silaus,0.7970134433241673,opth,4,False,mlp1,bce,msle
494,0.8989708404802744,0.30281650102791474,0.7272727272727273,0.8462264150943396,0.9835526315789473,0.90973630831643,55.0,Silene.acaulis,0.573499142367067,opth,4,False,mlp1,bce,msle
495,0.8445454545454545,0.17954373011629887,0.4,0.9490909090909091,0.9914529914529915,0.969809568044589,15.0,Silene.dioica,0.3490909090909091,opth,4,False,mlp1,bce,msle
496,0.9497081413210446,0.4460707859080212,0.8666666666666667,0.864516129032258,0.9957537154989384,0.9255056734089788,30.0,Silene.flos.cuculi,0.7311827956989247,opth,4,False,mlp1,bce,msle
497,0.8172972972972974,0.022616509413954065,0.8,0.7657657657657657,0.9988249118683902,0.8669046404895462,5.0,Silene.flos.jovis,0.5657657657657658,opth,4,False,mlp1,bce,msle
498,0.8435487151671299,0.27935185085003894,0.8255813953488372,0.718172983479106,0.980106100795756,0.82893998878295,86.0,Silene.nutans,0.5437543788279431,opth,4,False,mlp1,bce,msle
499,0.8980606060606061,0.22615898557922043,0.8666666666666667,0.8145454545454546,0.9977728285077951,0.8968968968968969,15.0,Silene.otites,0.6812121212121212,opth,4,False,mlp1,bce,msle
500,0.8868136813681369,0.025569579674057284,0.75,0.8325832583258326,0.9989200863930886,0.9081983308787432,4.0,Silene.rupestris,0.5825832583258326,opth,4,False,mlp1,bce,msle
501,0.8067311859020656,0.39886386821042197,0.7222222222222222,0.7199191102123357,0.9531459170013387,0.8202764976958525,126.0,Silene.vulgaris,0.442141332434558,opth,4,False,mlp1,bce,msle
502,0.6028751123090745,0.0033759393144402756,0.0,0.9191374663072777,0.9980487804878049,0.9569691300280636,2.0,Sinapis.arvensis,-0.08086253369272234,opth,4,False,mlp1,bce,msle
503,0.8804807215545534,0.2970916364152278,0.7073170731707317,0.8451113262342691,0.9732441471571907,0.9046632124352332,82.0,Soldanella.alpina,0.5524283994050008,opth,4,False,mlp1,bce,msle
504,0.9145945945945946,0.10340649860095595,0.2,0.9792792792792793,0.9963336388634281,0.987732848705134,5.0,Solidago.gigantea,0.17927927927927922,opth,4,False,mlp1,bce,msle
505,0.8813441281448595,0.14699392150706486,0.7142857142857143,0.8208409506398537,0.9933628318584071,0.8988988988988988,21.0,Solidago.virgaurea,0.5351266649255679,opth,4,False,mlp1,bce,msle
506,0.8272561531449408,0.1467965942576043,0.7222222222222222,0.7411121239744758,0.9938875305623472,0.8490861618798956,18.0,Stachys.officinalis,0.4633343461966981,opth,4,False,mlp1,bce,msle
507,0.885884509624198,0.24278312960628642,0.75,0.7717690192483959,0.9929245283018868,0.8684889118102115,24.0,Stachys.pradica,0.5217690192483959,opth,4,False,mlp1,bce,msle
508,0.849937199399565,0.3043720329005639,0.7903225806451613,0.698005698005698,0.982620320855615,0.8162132148806219,62.0,Stachys.recta,0.48832827865085937,opth,4,False,mlp1,bce,msle
509,0.8824884792626728,0.19536346090031553,0.8,0.8294930875576036,0.9933774834437086,0.9040683073832245,30.0,Stellaria.graminea,0.6294930875576037,opth,4,False,mlp1,bce,msle
510,0.6906474820143884,0.06765873015873015,0.6666666666666666,0.8785971223021583,0.9989775051124744,0.9349282296650717,3.0,Stipa.capillata,0.5452637889688248,opth,4,False,mlp1,bce,msle
511,0.8734092988438825,0.330121283720703,0.6363636363636364,0.8545288197621226,0.9915074309978769,0.917936117936118,22.0,Stipa.eriocaulis,0.49089245612575905,opth,4,False,mlp1,bce,msle
512,0.8779908675799086,0.18026857470070778,0.6,0.9077625570776255,0.9920159680638723,0.9480209823557463,20.0,Succisa.pratensis,0.5077625570776254,opth,4,False,mlp1,bce,msle
513,0.8441247002398081,0.17320947593900446,0.3333333333333333,0.9415467625899281,0.998093422306959,0.968995835261453,3.0,Symphytum.officinale,0.27488009592326135,opth,4,False,mlp1,bce,msle
514,0.8696914146043385,0.13122725072921856,0.5,0.9303391384051329,0.9883154819863681,0.9584513692162417,24.0,Taraxacum.alpinum,0.43033913840513294,opth,4,False,mlp1,bce,msle
515,0.8155524394249475,0.4606469314734436,0.8502994011976048,0.6487341772151899,0.9609375,0.77455919395466,167.0,Taraxacum.officinale,0.49903357841279483,opth,4,False,mlp1,bce,msle
516,0.7810531053105311,0.25808454501364114,0.75,0.8073807380738074,0.9988864142538976,0.8929815828770533,4.0,Tephroseris.integrifolia,0.5573807380738074,opth,4,False,mlp1,bce,msle
517,0.8924324324324324,0.2232977303070761,0.6,0.9756756756756757,0.9981566820276497,0.9867881548974943,5.0,Teucrium.botrys,0.5756756756756758,opth,4,False,mlp1,bce,msle
518,0.886140124187933,0.44353168711541685,0.8198198198198198,0.8266932270916335,0.9764705882352941,0.895361380798274,111.0,Teucrium.chamaedrys,0.6465130469114533,opth,4,False,mlp1,bce,msle
519,0.8413311350225616,0.15219260224682926,0.5116279069767442,0.8675373134328358,0.9779179810725552,0.9194265941670786,43.0,Teucrium.montanum,0.3791652204095799,opth,4,False,mlp1,bce,msle
520,0.8610108303249098,0.09358798707734953,0.2857142857142857,0.9097472924187726,0.9950641658440277,0.9504950495049505,7.0,Thalictrum.alpinum,0.1954615781330582,opth,4,False,mlp1,bce,msle
521,0.8475675675675676,0.02205318761024596,0.8,0.8234234234234235,0.9989071038251366,0.9027160493827161,5.0,Thalictrum.aquilegiifolium,0.6234234234234235,opth,4,False,mlp1,bce,msle
522,0.9151515151515152,0.11020901361310619,1.0,0.7181818181818181,1.0,0.8359788359788359,15.0,Thalictrum.minus,0.7181818181818183,opth,4,False,mlp1,bce,msle
523,0.9034141958670261,0.01476388444728707,1.0,0.6127583108715184,1.0,0.7598885793871867,2.0,Thalictrum.simplex,0.6127583108715184,opth,4,False,mlp1,bce,msle
524,0.8552448301725062,0.19099069684040837,0.7058823529411765,0.7768670309653917,0.9941724941724942,0.8721881390593047,17.0,Thesium.alpinum,0.4827493839065682,opth,4,False,mlp1,bce,msle
525,0.8859171955273496,0.11412488081307862,0.75,0.7579329102447869,0.9964243146603099,0.8609680741503605,12.0,Thesium.linophyllon,0.5079329102447869,opth,4,False,mlp1,bce,msle
526,0.8771377137713772,0.01731978156668345,1.0,0.7227722772277227,1.0,0.8390804597701149,4.0,Thesium.pyrenaicum,0.7227722772277227,opth,4,False,mlp1,bce,msle
527,0.8005390835579514,0.007105590062111801,0.5,0.8697214734950584,0.9989680082559339,0.9298751200768491,2.0,Tofieldia.calyculata,0.36972147349505846,opth,4,False,mlp1,bce,msle
528,0.905961791831357,0.142810757878986,0.9090909090909091,0.7943840579710145,0.9988610478359908,0.8849646821392533,11.0,Tragopogon.dubius,0.7034749670619236,opth,4,False,mlp1,bce,msle
529,0.8162971079265304,0.49852514443031326,0.7890295358649789,0.6913439635535308,0.923896499238965,0.7908794788273615,237.0,Tragopogon.pratensis,0.4803734994185098,opth,4,False,mlp1,bce,msle
530,0.9020852221214869,0.17914761018372719,0.75,0.7996373526745241,0.9966101694915255,0.8873239436619719,12.0,Traunsteinera.globosa,0.549637352674524,opth,4,False,mlp1,bce,msle
531,0.9027084133691894,0.1884230524350754,0.8947368421052632,0.8184306569343066,0.9977753058954394,0.8992481203007519,19.0,Trifolium.alpestre,0.7131674990395698,opth,4,False,mlp1,bce,msle
532,0.8726042378673957,0.2772662938977592,0.7428571428571429,0.8334928229665072,0.9797525309336333,0.9007238883143743,70.0,Trifolium.alpinum,0.57634996582365,opth,4,False,mlp1,bce,msle
533,0.7746260959257348,0.16715557219892546,0.7142857142857143,0.7915162454873647,0.9977246871444824,0.8827377956718672,7.0,Trifolium.arvense,0.505801959773079,opth,4,False,mlp1,bce,msle
534,0.8987880350696235,0.3670638342260529,0.8571428571428571,0.7617328519855595,0.9988165680473373,0.8643113159242192,7.0,Trifolium.aureum,0.6188757091284165,opth,4,False,mlp1,bce,msle
535,0.88440435613933,0.2831768084117935,0.8405797101449275,0.7791586998087954,0.986682808716707,0.8707264957264957,69.0,Trifolium.badium,0.6197384099537229,opth,4,False,mlp1,bce,msle
536,0.8360453816077926,0.2559506287356954,0.7674418604651163,0.7599611273080661,0.9750623441396509,0.8541780447842708,86.0,Trifolium.campestre,0.5274029877731823,opth,4,False,mlp1,bce,msle
537,0.8874810741891784,0.2827393509784079,0.6595744680851063,0.8801498127340824,0.9832635983263598,0.9288537549407114,47.0,Trifolium.dubium,0.5397242808191889,opth,4,False,mlp1,bce,msle
538,0.7111713883865783,0.027819091614676023,0.5555555555555556,0.7188065099457505,0.9949937421777222,0.8346456692913385,9.0,Trifolium.medium,0.27436206550130615,opth,4,False,mlp1,bce,msle
539,0.8136727906434472,0.46855765157819973,0.6820809248554913,0.7335456475583864,0.9262734584450402,0.8187203791469194,173.0,Trifolium.montanum,0.4156265724138777,opth,4,False,mlp1,bce,msle
540,0.779521845401772,0.07461456680175586,0.5416666666666666,0.8001833180568286,0.9875565610859729,0.8840506329113924,24.0,Trifolium.ochroleucon,0.34184998472349526,opth,4,False,mlp1,bce,msle
541,0.7544097560975611,0.6674948936619804,0.784,0.6178861788617886,0.7786885245901639,0.6890299184043518,500.0,Trifolium.pratense,0.4018861788617887,opth,4,False,mlp1,bce,msle
542,0.7906748506175919,0.41416073478426496,0.7475247524752475,0.6582694414019715,0.9217791411042945,0.7680511182108626,202.0,Trifolium.repens,0.40579419387721893,opth,4,False,mlp1,bce,msle
543,0.690990990990991,0.008175954293534769,0.0,0.8477477477477477,0.9947145877378436,0.9153696498054474,5.0,Trifolium.rubens,-0.15225225225225225,opth,4,False,mlp1,bce,msle
544,0.9658580413297394,0.09703196347031963,1.0,0.921832884097035,1.0,0.9593267882187938,2.0,Trifolium.scabrum,0.9218328840970349,opth,4,False,mlp1,bce,msle
545,0.8879577101598761,0.06577472716398038,1.0,0.694043321299639,1.0,0.8193926478423016,7.0,Trifolium.striatum,0.6940433212996391,opth,4,False,mlp1,bce,msle
546,0.8826308643001635,0.2954101351520868,0.7681159420289855,0.8221797323135756,0.9817351598173516,0.894901144640999,69.0,Trifolium.thalii,0.5902956743425611,opth,4,False,mlp1,bce,msle
547,0.9245467429018228,0.3843154391428454,0.7368421052631579,0.8960074280408542,0.9897435897435898,0.9405458089668616,38.0,Trinia.glauca,0.6328495333040121,opth,4,False,mlp1,bce,msle
548,0.8923414130995359,0.035828968582118835,0.8571428571428571,0.8664259927797834,0.9989594172736732,0.9279845335911068,7.0,Trisetum.distichophyllum,0.7235688499226405,opth,4,False,mlp1,bce,msle
549,0.7930159092949791,0.5763731933930729,0.7375415282392026,0.6818181818181818,0.8753943217665615,0.7665745856353591,301.0,Trisetum.flavescens,0.4193597100573845,opth,4,False,mlp1,bce,msle
550,0.8681848527557303,0.28301759471288296,0.8461538461538461,0.7820636451301832,0.9854191980558931,0.8720430107526882,78.0,Trollius.europaeus,0.6282174912840293,opth,4,False,mlp1,bce,msle
551,0.9761476147614762,0.48916666666666664,1.0,0.5895589558955896,1.0,0.7417893544733862,4.0,Turritis.glabra,0.5895589558955896,opth,4,False,mlp1,bce,msle
552,0.7893496196292724,0.15990757551980025,0.7647058823529411,0.75591985428051,0.9952038369304557,0.8592132505175983,17.0,Tussilago.farfara,0.520625736633451,opth,4,False,mlp1,bce,msle
553,0.7161904761904763,0.07816493580158157,0.13333333333333333,0.9400921658986175,0.9751434034416826,0.9572970436414828,30.0,Urtica.dioica,0.07342549923195096,opth,4,False,mlp1,bce,msle
554,0.8072493224932249,0.09872201444984166,0.625,0.8897922312556459,0.9969635627530364,0.9403341288782816,8.0,Valeriana.dioica,0.5147922312556459,opth,4,False,mlp1,bce,msle
555,0.8676867686768677,0.0197197612142423,0.75,0.7758775877587759,0.9988412514484357,0.8733535967578521,4.0,Valeriana.montana,0.5258775877587758,opth,4,False,mlp1,bce,msle
556,0.7724146879460231,0.04200993878416202,0.42857142857142855,0.8283378746594006,0.991304347826087,0.9025235032162295,14.0,Valeriana.officinalis,0.25690930323082917,opth,4,False,mlp1,bce,msle
557,0.7551755175517552,0.008803476131180247,0.5,0.7092709270927092,0.9974683544303797,0.8290373487638085,4.0,Valerianella.dentata,0.20927092709270934,opth,4,False,mlp1,bce,msle
558,0.8733476668259277,0.11713847371152994,0.8695652173913043,0.7518315018315018,0.9963592233009708,0.8569937369519833,23.0,Valerianella.locusta,0.621396719222806,opth,4,False,mlp1,bce,msle
559,0.8215463380770566,0.30132123997526566,0.46511627906976744,0.9207089552238806,0.9772277227722772,0.9481268011527377,43.0,Veratrum.album,0.3858252342936481,opth,4,False,mlp1,bce,msle
560,0.8515655632106649,0.1521444482592131,0.5757575757575758,0.8650646950092421,0.9852631578947368,0.9212598425196851,33.0,Verbascum.lychnitis,0.4408222707668179,opth,4,False,mlp1,bce,msle
561,0.6738609112709832,0.006985458124305945,0.3333333333333333,0.8012589928057554,0.9977603583426652,0.8887780548628429,3.0,Verbascum.nigrum,0.13459232613908867,opth,4,False,mlp1,bce,msle
562,0.7430376482723053,0.04494733347727507,0.42857142857142855,0.6895306859205776,0.9947916666666666,0.814498933901919,7.0,Verbascum.thapsus,0.11810211449200625,opth,4,False,mlp1,bce,msle
563,0.8733031674208146,0.04268839668994658,0.8,0.7846153846153846,0.997698504027618,0.878419452887538,10.0,Verbena.officinalis,0.5846153846153848,opth,4,False,mlp1,bce,msle
564,0.923076923076923,0.08168092329109318,0.7,0.9095022624434389,0.9970238095238095,0.9512541410317085,10.0,Veronica.aphylla,0.609502262443439,opth,4,False,mlp1,bce,msle
565,0.8272177419354838,0.39400121547239797,0.832258064516129,0.6958333333333333,0.962536023054755,0.8077388149939541,155.0,Veronica.arvensis,0.5280913978494624,opth,4,False,mlp1,bce,msle
566,0.9255222524977293,0.13261778380194422,0.7857142857142857,0.9073569482288828,0.9970059880239521,0.9500713266761769,14.0,Veronica.bellidioides,0.6930712339431686,opth,4,False,mlp1,bce,msle
567,0.8272190408017179,0.27919972473866167,0.8080808080808081,0.7066929133858267,0.9742198100407056,0.8191671420422133,99.0,Veronica.chamaedrys,0.5147737214666348,opth,4,False,mlp1,bce,msle
568,0.832193215133324,0.060716810865517175,0.6923076923076923,0.7894736842105263,0.9954233409610984,0.8805668016194332,13.0,Veronica.fruticans,0.4817813765182186,opth,4,False,mlp1,bce,msle
569,0.9047619047619047,0.016786724980704913,1.0,0.8283917340521114,1.0,0.9061425061425061,2.0,Veronica.fruticulosa,0.8283917340521114,opth,4,False,mlp1,bce,msle
570,0.8428828828828829,0.2187909992840558,0.6,0.7621621621621621,0.9976415094339622,0.86414708886619,5.0,Veronica.officinalis,0.362162162162162,opth,4,False,mlp1,bce,msle
571,0.9055416826738378,0.10530065979674598,0.8947368421052632,0.781934306569343,0.9976717112922002,0.8767263427109975,19.0,Veronica.persica,0.6766711486746062,opth,4,False,mlp1,bce,msle
572,0.6964242424242424,0.03367608149242985,0.6666666666666666,0.6463636363636364,0.9930167597765364,0.7830396475770925,15.0,Veronica.serpyllifolia,0.313030303030303,opth,4,False,mlp1,bce,msle
573,0.8247454300085878,0.35605384851169314,0.6754385964912281,0.7812187812187812,0.9548229548229549,0.8593406593406593,114.0,Vicia.cracca,0.45665737771000936,opth,4,False,mlp1,bce,msle
574,0.9357109879963066,0.30444924804341533,0.71875,0.8993536472760849,0.9908443540183113,0.9428848015488868,32.0,Vicia.hirsuta,0.6181036472760848,opth,4,False,mlp1,bce,msle
575,0.8726790450928382,0.06808628798103908,0.6153846153846154,0.9065335753176044,0.9950199203187251,0.9487179487179487,13.0,Vicia.onobrychioides,0.5219181907022197,opth,4,False,mlp1,bce,msle
576,0.8603629102001666,0.4274339707119903,0.5503875968992248,0.8681541582150102,0.936542669584245,0.9010526315789473,129.0,Vicia.sativa,0.41854175511423497,opth,4,False,mlp1,bce,msle
577,0.8218366861087966,0.1330238266808433,0.4838709677419355,0.9446494464944649,0.9846153846153847,0.9642184557438794,31.0,Vicia.sepium,0.4285204142364005,opth,4,False,mlp1,bce,msle
578,0.9964093357271095,0.2,1.0,0.8061041292639138,1.0,0.8926441351888668,1.0,Vicia.tetrasperma,0.8061041292639137,opth,4,False,mlp1,bce,msle
579,0.8006357856494096,0.08694131338715677,0.5714285714285714,0.8419618528610354,0.9935691318327974,0.911504424778761,14.0,Vincetoxicum.hirundinaria,0.4133904242896067,opth,4,False,mlp1,bce,msle
580,0.8106787330316743,0.08094714970154125,1.0,0.46244343891402717,1.0,0.6324257425742574,10.0,Viola.arvensis,0.4624434389140273,opth,4,False,mlp1,bce,msle
581,0.8105310531053105,0.09156519044859554,0.25,0.972997299729973,0.9972324723247232,0.9849658314350798,4.0,Viola.biflora,0.22299729972997295,opth,4,False,mlp1,bce,msle
582,0.8849709140170532,0.2912769673876118,0.7872340425531915,0.8174157303370787,0.9886749716874292,0.8949256791389031,47.0,Viola.calcarata,0.6046497728902702,opth,4,False,mlp1,bce,msle
583,0.7147145050956303,0.14901143952642867,0.38461538461538464,0.7813067150635209,0.9907940161104718,0.8736681887366818,13.0,Viola.hirta,0.16592209967890548,opth,4,False,mlp1,bce,msle
584,0.7191247002398081,0.006875248701183364,0.6666666666666666,0.5251798561151079,0.9982905982905983,0.6882734236888627,3.0,Viola.rupestris,0.1918465227817745,opth,4,False,mlp1,bce,msle
585,0.9895083932853717,0.25277777777777777,1.0,0.7967625899280576,1.0,0.8868868868868869,3.0,Vulpia.myuros,0.7967625899280577,opth,4,False,mlp1,bce,msle
586,0.5026929982046678,0.0018018018018018018,0.0,0.9362657091561939,0.9990421455938697,0.9666357738646896,1.0,Athamanta.cretensis,-0.06373429084380611,opth,4,False,mlp1,bce,msle
587,0.9850438370293966,0.23407678861018089,1.0,0.8546931407942239,1.0,0.921654501216545,7.0,Bupleurum.baldense,0.854693140794224,opth,4,False,mlp1,bce,msle
588,0.8344666062254458,0.16169210683687474,0.5833333333333334,0.8803263825929284,0.9948770491803278,0.9341029341029341,12.0,Imperatoria.ostruthium,0.46365971592626165,opth,4,False,mlp1,bce,msle
589,0.9410925132995978,0.298388103572121,0.8571428571428571,0.818346957311535,0.9977851605758582,0.8992015968063872,14.0,Laserpitium.gallicum,0.6754898144543922,opth,4,False,mlp1,bce,msle
590,0.9964093357271095,0.2,1.0,0.9847396768402155,1.0,0.9923111714156491,1.0,Oenanthe.silaifolia,0.9847396768402155,opth,4,False,mlp1,bce,msle
591,0.9619004524886878,0.15950285572767484,0.9,0.9122171945701357,0.9990089197224975,0.9536423841059603,10.0,Seseli.galloprovinciale,0.8122171945701357,opth,4,False,mlp1,bce,msle
592,0.8998203054806828,0.03419645370109766,0.5,0.9469901168014375,0.9990521327014218,0.9723247232472325,2.0,Torilis.leptophylla,0.4469901168014374,opth,4,False,mlp1,bce,msle
593,0.9907074340527577,0.21519543258673693,1.0,0.9694244604316546,1.0,0.9844748858447488,3.0,Achillea.ptarmica,0.9694244604316546,opth,4,False,mlp1,bce,msle
594,0.9495495495495496,0.25030887076847047,0.8,0.9108108108108108,0.9990118577075099,0.9528746465598492,5.0,Artemisia.alba,0.7108108108108109,opth,4,False,mlp1,bce,msle
595,0.9547640516982266,0.24928154053003512,0.6666666666666666,0.9287646528403968,0.998062015503876,0.9621672115833723,6.0,Bombycilaena.erecta,0.5954313195070635,opth,4,False,mlp1,bce,msle
596,0.8126498800959232,0.051373122633526516,0.6666666666666666,0.9172661870503597,0.9990205680705191,0.9563994374120957,3.0,Cacalia.alliariae,0.5839328537170263,opth,4,False,mlp1,bce,msle
597,0.8913513513513514,0.06285162529635847,0.8,0.8594594594594595,0.9989528795811519,0.9239709443099273,5.0,Cacalia.alpina,0.6594594594594594,opth,4,False,mlp1,bce,msle
598,0.8821621621621621,0.028164638509065754,0.6,0.8216216216216217,0.9978118161925602,0.9011857707509882,5.0,Carduus.nigrescens,0.42162162162162176,opth,4,False,mlp1,bce,msle
599,0.9153005464480874,0.1952482077863924,0.7647058823529411,0.8652094717668488,0.9958071278825996,0.9259259259259259,17.0,Catananche.caerulea,0.6299153541197899,opth,4,False,mlp1,bce,msle
600,0.793212669683258,0.03631905769458937,0.7,0.7149321266968326,0.9962168978562421,0.8324552160168599,10.0,Centaurea.alpestris,0.41493212669683244,opth,4,False,mlp1,bce,msle
601,0.9223726114649682,0.1516575409470428,0.75,0.8726114649681529,0.995846313603323,0.930164888457808,16.0,Centaurea.paniculata,0.6226114649681529,opth,4,False,mlp1,bce,msle
602,0.8470081595648232,0.11164107538134181,0.8333333333333334,0.699909338168631,0.9974160206718347,0.8225892381459776,12.0,Centaurea.triumfetti,0.5332426715019642,opth,4,False,mlp1,bce,msle
603,0.9103049704315527,0.42283687116415525,0.8860759493670886,0.805984555984556,0.9893364928909952,0.8882978723404256,79.0,Centaurea.uniflora,0.6920605053516447,opth,4,False,mlp1,bce,msle
604,0.7527927927927928,0.013887616326853243,0.4,0.8963963963963963,0.996993987975952,0.9440227703984819,5.0,Cirsium.ferox,0.29639639639639626,opth,4,False,mlp1,bce,msle
605,0.8972448057813912,0.09972269068075704,0.75,0.7967479674796748,0.997737556561086,0.88598694123556,8.0,Cirsium.morisianum,0.5467479674796749,opth,4,False,mlp1,bce,msle
606,0.9971171171171171,0.680952380952381,1.0,0.9099099099099099,1.0,0.9528301886792453,5.0,Cirsium.rivulare,0.9099099099099099,opth,4,False,mlp1,bce,msle
607,0.7790969248734916,0.034174253695186126,0.42857142857142855,0.818346957311535,0.9911991199119912,0.8965174129353234,14.0,Crepis.albida,0.24691838588296355,opth,4,False,mlp1,bce,msle
608,0.8206876680752977,0.07434172008338401,0.6842105263157895,0.8284671532846716,0.9934354485776805,0.9034825870646767,19.0,Crepis.nicaeensis,0.5126776796004611,opth,4,False,mlp1,bce,msle
609,0.8334836188758641,0.022126948138403674,0.5,0.8890892696122633,0.9969666329625885,0.9399428026692088,6.0,Doronicum.grandiflorum,0.3890892696122634,opth,4,False,mlp1,bce,msle
610,0.9071937748272297,0.2813384424702694,0.8235294117647058,0.845513413506013,0.9934782608695653,0.9135432283858071,34.0,Echinops.ritro,0.6690428252707188,opth,4,False,mlp1,bce,msle
611,0.8888288288288289,0.07926229396817633,0.6,0.827027027027027,0.9978260869565218,0.9044334975369458,5.0,Erigeron.atticus,0.4270270270270271,opth,4,False,mlp1,bce,msle
612,0.9220623501199041,0.17972699696663297,0.6666666666666666,0.8480215827338129,0.9989406779661016,0.9173151750972762,3.0,Filago.vulgaris,0.5146882494004794,opth,4,False,mlp1,bce,msle
613,0.8778378378378379,0.05353923659015846,0.6,0.8396396396396396,0.9978586723768736,0.9119373776908023,5.0,Helichrysum.stoechas,0.4396396396396396,opth,4,False,mlp1,bce,msle
614,0.985011990407674,0.6855345911949685,1.0,0.9370503597122302,1.0,0.9675023212627669,3.0,Hieracium.glanduliferum,0.9370503597122302,opth,4,False,mlp1,bce,msle
615,0.8111766747657064,0.13331633483095254,0.7441860465116279,0.7182835820895522,0.9859154929577465,0.8310847274689692,43.0,Pilosella.peleteriana,0.46246962860118,opth,4,False,mlp1,bce,msle
616,0.7976323465524732,0.3192572600403487,0.6106870229007634,0.8201219512195121,0.9405594405594405,0.8762214983713354,131.0,Pilosella.officinarum,0.4308089741202754,opth,4,False,mlp1,bce,msle
617,0.8858510966944702,0.3639792309643783,0.7222222222222222,0.8637627432808156,0.9893842887473461,0.9223156853043047,36.0,Hieracium.rionii,0.5859849655030378,opth,4,False,mlp1,bce,msle
618,0.918676477267566,0.2973672442699681,0.7804878048780488,0.8929236499068901,0.9907024793388429,0.9392752203721841,41.0,Pilosella.corymbuloides,0.6734114547849388,opth,4,False,mlp1,bce,msle
619,0.9057013574660633,0.11409742631266892,0.7,0.9176470588235294,0.9970501474926253,0.9557021677662583,10.0,Inula.montana,0.6176470588235294,opth,4,False,mlp1,bce,msle
620,0.9071051648454282,0.4604428063667742,0.7831325301204819,0.8585271317829457,0.9800884955752213,0.9152892561983471,83.0,Leontodon.pyrenaicus,0.6416596619034276,opth,4,False,mlp1,bce,msle
621,0.8358255451713397,0.24275350270414267,0.7777777777777778,0.788785046728972,0.9882903981264637,0.8773388773388774,45.0,Leucanthemum.adustum,0.5665628245067498,opth,4,False,mlp1,bce,msle
622,0.9553846153846154,0.15115361651662554,1.0,0.8868778280542986,1.0,0.9400479616306955,10.0,Leucanthemum.atratum,0.8868778280542986,opth,4,False,mlp1,bce,msle
623,0.9503474178403756,0.4651343547089944,0.74,0.9267605633802817,0.987,0.9559322033898305,50.0,Omalotheca.supina,0.6667605633802816,opth,4,False,mlp1,bce,msle
624,0.8980233602875112,0.024132730015082957,0.5,0.8364779874213837,0.9989270386266095,0.9105134474327629,2.0,Omalotheca.sylvatica,0.3364779874213837,opth,4,False,mlp1,bce,msle
625,0.9241606714628298,0.045778140937702244,0.6666666666666666,0.9154676258992805,0.9990186457311089,0.9554199906147348,3.0,Pulicaria.dysenterica,0.5821342925659472,opth,4,False,mlp1,bce,msle
626,0.832072072072072,0.034310380964894166,0.6,0.80990990990991,0.9977802441731409,0.8940825459970164,5.0,Scorzonera.hispanica,0.40990990990990994,opth,4,False,mlp1,bce,msle
627,0.9600179694519317,0.11149425287356322,0.5,0.9847259658580413,0.9990884229717412,0.9918552036199095,2.0,Senecio.aquaticus,0.4847259658580412,opth,4,False,mlp1,bce,msle
628,0.8878896882494004,0.09213387025116032,0.3333333333333333,0.8776978417266187,0.9979550102249489,0.9339712918660287,3.0,Senecio.vulgaris,0.21103117505995206,opth,4,False,mlp1,bce,msle
629,0.9296522131887985,0.39834672120415676,0.875,0.8663053297199639,0.9989583333333333,0.9279148524431543,8.0,Serratula.lycopifolia,0.7413053297199639,opth,4,False,mlp1,bce,msle
630,0.9088050314465409,0.014361300075585788,1.0,0.8912848158131177,1.0,0.9425178147268408,2.0,Serratula.nudicaulis,0.8912848158131177,opth,4,False,mlp1,bce,msle
631,0.8989948345665224,0.06318991019298714,1.0,0.7286751361161524,1.0,0.8430446194225721,13.0,Sonchus.asper,0.7286751361161525,opth,4,False,mlp1,bce,msle
632,0.8034495412844036,0.20071765797740482,0.72,0.7862385321100918,0.9918981481481481,0.8771750255885363,25.0,Taraxacum.erythrospermum,0.5062385321100917,opth,4,False,mlp1,bce,msle
633,0.8154923215898826,0.11701683822426856,0.625,0.8870822041553749,0.9969543147208122,0.9388145315487572,8.0,Taraxacum.palustre,0.5120822041553748,opth,4,False,mlp1,bce,msle
634,0.8423529411764706,0.06500250446719062,0.8,0.8371040723981901,0.9978425026968716,0.9104330708661418,10.0,Tolpis.staticifolia,0.63710407239819,opth,4,False,mlp1,bce,msle
635,0.9177897574123989,0.016073080481036076,1.0,0.9083557951482479,1.0,0.9519774011299436,2.0,Tragopogon.crocifolius,0.9083557951482479,opth,4,False,mlp1,bce,msle
636,0.911274963269304,0.28123663733409776,0.8823529411764706,0.8075855689176689,0.9954389965792474,0.891726251276813,34.0,Cerinthe.minor,0.6899385100941395,opth,4,False,mlp1,bce,msle
637,0.6910441044104411,0.0075150740440829075,0.25,0.8217821782178217,0.9967248908296943,0.900838677849038,4.0,Cynoglossum.officinale,0.07178217821782162,opth,4,False,mlp1,bce,msle
638,0.7282120395327942,0.004944564646057184,1.0,0.6352201257861635,1.0,0.7769230769230769,2.0,Lithospermum.arvense,0.6352201257861636,opth,4,False,mlp1,bce,msle
639,0.8825757575757575,0.059485204825058285,0.7272727272727273,0.842391304347826,0.9967845659163987,0.9131075110456554,11.0,Myosotis.decumbens,0.5696640316205532,opth,4,False,mlp1,bce,msle
640,0.9480012022843404,0.06748676455635845,1.0,0.830477908025248,1.0,0.9073891625615763,6.0,Myosotis.discolor,0.830477908025248,opth,4,False,mlp1,bce,msle
641,0.9261217122227953,0.30383271161018377,0.8571428571428571,0.8231046931407943,0.9989047097480832,0.9025235032162295,7.0,Pulmonaria.angustifolia,0.6802475502836514,opth,4,False,mlp1,bce,msle
642,0.9043126684636118,0.031391931605663906,0.5,0.8885893980233602,0.998989898989899,0.9405611031859249,2.0,Alyssum.alpestre,0.3885893980233601,opth,4,False,mlp1,bce,msle
643,0.7964156781846312,0.02648735533145046,0.7142857142857143,0.6922382671480144,0.9973992197659298,0.8172615876398508,7.0,Alyssum.montanum,0.4065239814337287,opth,4,False,mlp1,bce,msle
644,0.699281867145422,0.002976190476190476,0.0,0.7639138240574507,0.9988262910798122,0.8657171922685656,1.0,Arabis.alpina,-0.23608617594254933,opth,4,False,mlp1,bce,msle
645,0.9512635379061372,0.08918969125386145,0.7142857142857143,0.9259927797833934,0.9980544747081712,0.9606741573033708,7.0,Arabis.auriculata,0.6402784940691078,opth,4,False,mlp1,bce,msle
646,0.9382413615265602,0.08364836189348304,0.5714285714285714,0.9476534296028881,0.9971509971509972,0.971772327626099,7.0,Cardamine.bellidifolia,0.5190820010314594,opth,4,False,mlp1,bce,msle
647,0.916969696969697,0.10541022169195889,0.6666666666666666,0.9190909090909091,0.9950787401574803,0.9555765595463138,15.0,Cardamine.resedifolia,0.5857575757575757,opth,4,False,mlp1,bce,msle
648,0.8699369936993699,0.035138020893834845,1.0,0.6138613861386139,1.0,0.7607361963190185,4.0,Iberis.pinnata,0.613861386138614,opth,4,False,mlp1,bce,msle
649,0.7889210328940319,0.11849907527915789,0.8235294117647058,0.5965391621129326,0.9954407294832827,0.7460136674259681,17.0,Kandis.perfoliata,0.4200685738776384,opth,4,False,mlp1,bce,msle
650,0.7322684348000803,0.04044161852223918,0.5555555555555556,0.6934900542495479,0.9948119325551232,0.8172615876398508,9.0,Noccaea.brachypetala,0.24904560980510349,opth,4,False,mlp1,bce,msle
651,0.9124700239808153,0.021480185012362502,0.6666666666666666,0.9064748201438849,0.9990089197224975,0.9504950495049505,3.0,Pritzelago.alpina,0.5731414868105515,opth,4,False,mlp1,bce,msle
652,0.8414414414414415,0.02048031866632964,0.6,0.8315315315315316,0.9978378378378379,0.9071253071253071,5.0,Sisymbrium.austriacum,0.43153153153153156,opth,4,False,mlp1,bce,msle
653,0.7577359463641051,0.018685410566311678,0.14285714285714285,0.8826714801444043,0.9939024390243902,0.9349904397705545,7.0,Campanula.alpestris,0.025528623001547235,opth,4,False,mlp1,bce,msle
654,0.9403602328998205,0.33723264857920876,0.7352941176470589,0.9232192414431082,0.9910625620655412,0.9559386973180076,34.0,Phyteuma.globulariifolium,0.6585133590901671,opth,4,False,mlp1,bce,msle
655,0.9147112396871317,0.2334170536655404,0.9411764705882353,0.7759562841530054,0.9988276670574443,0.8733982573039467,17.0,Phyteuma.michelii,0.7171327547412407,opth,4,False,mlp1,bce,msle
656,0.9156776901367681,0.3403161824865604,0.75,0.8438381937911571,0.9857142857142858,0.9092752154080082,52.0,Arenaria.gothica,0.5938381937911572,opth,4,False,mlp1,bce,msle
657,0.9500452488687783,0.11888438592294401,0.8,0.9203619909502262,0.9980372914622179,0.9576271186440678,10.0,Cerastium.cerastoides,0.7203619909502263,opth,4,False,mlp1,bce,msle
658,0.9673800928313564,0.1795438011532879,1.0,0.7734657039711191,1.0,0.872264631043257,7.0,Dianthus.hyssopifolius,0.773465703971119,opth,4,False,mlp1,bce,msle
659,0.8767719208895679,0.2843291266826304,0.6818181818181818,0.8524743230625583,0.9848975188781014,0.913913913913914,44.0,Dianthus.pavonius,0.5342925048807401,opth,4,False,mlp1,bce,msle
660,0.9324894514767933,0.16724375073537334,0.6666666666666666,0.9376130198915009,0.9971153846153846,0.9664492078285182,9.0,Minuartia.hybrida,0.6042796865581677,opth,4,False,mlp1,bce,msle
661,0.9142342342342343,0.03175483175483176,0.6,0.881981981981982,0.9979612640163099,0.9363940698230512,5.0,Minuartia.rupestris,0.48198198198198194,opth,4,False,mlp1,bce,msle
662,0.9324324324324323,0.2612968352558497,0.8095238095238095,0.8844361602982292,0.9916405433646813,0.9349753694581281,42.0,Minuartia.sedoides,0.6939599698220387,opth,4,False,mlp1,bce,msle
663,0.9297250688157066,0.3475390027740848,0.9473684210526315,0.8308128544423441,0.9965986394557823,0.9061855670103093,57.0,Sagina.glabra,0.7781812754949757,opth,4,False,mlp1,bce,msle
664,0.894198978058311,0.04068603831702371,0.6666666666666666,0.8575293056807936,0.9979013641133263,0.9224054316197866,6.0,Sagina.saginoides,0.5241959723474601,opth,4,False,mlp1,bce,msle
665,0.8487855837033168,0.09133731003399762,0.9047619047619048,0.6819012797074955,0.9973262032085561,0.8099891422366993,21.0,Silene.italica,0.5866631844694004,opth,4,False,mlp1,bce,msle
666,0.8238400277008311,0.1073287707545579,0.875,0.7174515235457064,0.9948783610755442,0.8336909871244635,32.0,Silene.latifolia,0.5924515235457064,opth,4,False,mlp1,bce,msle
667,0.9676840215439857,0.02702702702702703,0.0,0.9982046678635548,0.9991015274034142,0.998652896273013,1.0,Silene.suecica,-0.0017953321364452268,opth,4,False,mlp1,bce,msle
668,0.7611890126776795,0.0629916019149679,0.5263157894736842,0.8147810218978102,0.9900221729490022,0.8938938938938938,19.0,Chenopodium.bonus.henricus,0.3410968113714943,opth,4,False,mlp1,bce,msle
669,0.865715711552857,0.20118432113373838,0.7272727272727273,0.8627630375114365,0.9936775553213909,0.9236043095004897,22.0,Helianthemum.apenninum,0.5900357647841639,opth,4,False,mlp1,bce,msle
670,0.8088506373808967,0.3339610899862569,0.6216216216216216,0.813640730067243,0.968,0.884133611691023,74.0,Helianthemum.oelandicum,0.4352623516888645,opth,4,False,mlp1,bce,msle
671,,-0.0,0.0,0.820627802690583,1.0,0.9014778325123153,0.0,Convolvulus.cantabricus,-0.179372197309417,opth,4,False,mlp1,bce,msle
672,0.9535602147270333,0.22177973138732296,0.7777777777777778,0.9206927985414768,0.9960552268244576,0.9568924680246329,18.0,Sedum.alpestre,0.6984705763192545,opth,4,False,mlp1,bce,msle
673,0.8148056653491438,0.045810694719839666,0.6363636363636364,0.7980072463768116,0.9954802259887006,0.8858722976370035,11.0,Sedum.anacampseros,0.434370882740448,opth,4,False,mlp1,bce,msle
674,0.7544179792547061,0.06978292355974107,0.5263157894736842,0.8549270072992701,0.9904862579281184,0.9177277179236043,19.0,Sedum.ochroleucum,0.38124279677295414,opth,4,False,mlp1,bce,msle
675,0.923710407239819,0.2856129984066672,0.7,0.9194570135746606,0.9970559371933267,0.9566854990583804,10.0,Sedum.sediforme,0.6194570135746607,opth,4,False,mlp1,bce,msle
676,0.9777577397054403,0.16913501101631,1.0,0.8575293056807936,1.0,0.9233009708737864,6.0,Sempervivum.calcareum,0.8575293056807936,opth,4,False,mlp1,bce,msle
677,0.9388489208633093,0.2668798862828713,0.6666666666666666,0.9856115107913669,0.9990884229717412,0.9923042100497963,3.0,Euphorbia.esula,0.6522781774580335,opth,4,False,mlp1,bce,msle
678,0.9151923927465723,0.44120932969070265,0.6862745098039216,0.9389097744360902,0.9842364532019704,0.961038961038961,51.0,Anthyllis.montana,0.6251842842400119,opth,4,False,mlp1,bce,msle
679,0.9251355013550135,0.06800444653932303,0.5,0.8988256549232159,0.995995995995996,0.9449192782526116,8.0,Argyrolobium.zanonii,0.39882565492321587,opth,4,False,mlp1,bce,msle
680,0.8612403885066774,0.2698136540878474,0.8214285714285714,0.7601510859301227,0.9877300613496932,0.8591248665955176,56.0,Astragalus.danicus,0.5815796573586942,opth,4,False,mlp1,bce,msle
681,0.8791834002677377,0.3464569561884377,0.8055555555555556,0.7961075069508804,0.9919168591224018,0.8832904884318766,36.0,Astragalus.sempervirens,0.6016630625064359,opth,4,False,mlp1,bce,msle
682,0.9522952295229523,0.042929438982070564,1.0,0.7929792979297929,1.0,0.8845381526104418,4.0,Astragalus.vesicarius,0.7929792979297929,opth,4,False,mlp1,bce,msle
683,0.9565347721822542,0.06156422379826635,0.6666666666666666,0.9460431654676259,0.9990503323836657,0.971824480369515,3.0,Bituminaria.bituminosa,0.6127098321342925,opth,4,False,mlp1,bce,msle
684,0.9313681368136814,0.11483091787439612,0.75,0.9288928892889289,0.9990319457889641,0.9626865671641791,4.0,Dorycnium.pentaphyllum,0.678892889288929,opth,4,False,mlp1,bce,msle
685,0.9721723518850988,0.03125,1.0,0.8752244165170556,1.0,0.9334609861177597,1.0,Genista.cinerea,0.8752244165170557,opth,4,False,mlp1,bce,msle
686,0.851035103510351,0.07253956621812857,0.5,0.8541854185418541,0.9978969505783386,0.9204655674102813,4.0,Lathyrus.hirsutus,0.35418541854185426,opth,4,False,mlp1,bce,msle
687,0.911084731698322,0.6474222648820948,0.7486631016042781,0.8793103448275862,0.9455388180764774,0.9112227805695142,187.0,Lotus.alpinus,0.6279734464318643,opth,4,False,mlp1,bce,msle
688,0.9017464909461052,0.1778283861923813,0.8823529411764706,0.7504553734061931,0.9975786924939467,0.8565488565488566,17.0,Lotus.delortii,0.6328083145826637,opth,4,False,mlp1,bce,msle
689,0.9802158273381294,0.08560432702309131,0.6666666666666666,0.97931654676259,0.9990825688073395,0.989100817438692,3.0,Lotus.pedunculatus,0.6459832134292567,opth,4,False,mlp1,bce,msle
690,0.9416517055655296,0.015151515151515152,1.0,0.8626570915619389,1.0,0.9262650602409639,1.0,Medicago.arabica,0.8626570915619389,opth,4,False,mlp1,bce,msle
691,0.981998199819982,0.6621951219512195,0.75,0.9837983798379838,0.9990859232175503,0.9913832199546485,4.0,Melilotus.neapolitanus,0.7337983798379839,opth,4,False,mlp1,bce,msle
692,0.8322223544816093,0.12499868658980723,0.5806451612903226,0.8607011070110702,0.9862579281183932,0.9192118226600985,31.0,Ononis.cristata,0.4413462683013929,opth,4,False,mlp1,bce,msle
693,0.8693980812196083,0.22026501086359404,0.4642857142857143,0.920883164673413,0.985236220472441,0.9519733713742273,28.0,Oxytropis.lapponica,0.38516887895912744,opth,4,False,mlp1,bce,msle
694,0.9314533016892363,0.18429564182833327,0.8461538461538461,0.8439201451905626,0.9978540772532188,0.9144542772861357,13.0,Trifolium.incarnatum,0.6900739913444087,opth,4,False,mlp1,bce,msle
695,0.9002062919030427,0.04040389643866347,0.8571428571428571,0.8393501805054152,0.9989258861439313,0.912211868563021,7.0,Trifolium.pallescens,0.6964930376482723,opth,4,False,mlp1,bce,msle
696,0.8736936936936938,0.03779765126639782,0.2,0.9657657657657658,0.9962825278810409,0.9807868252516011,5.0,Vicia.pannonica,0.16576576576576585,opth,4,False,mlp1,bce,msle
697,0.7704393295215755,0.102008223015862,0.7368421052631579,0.6555246053853296,0.9860335195530726,0.7875069715560513,38.0,Vicia.tenuifolia,0.3923667106484876,opth,4,False,mlp1,bce,msle
698,0.8973498635122839,0.2033482602275668,0.875,0.8507734303912647,0.9978655282817502,0.918467583497053,16.0,Gentiana.angustifolia,0.7257734303912646,opth,4,False,mlp1,bce,msle
699,0.8798226043423845,0.11632656062437007,0.7352941176470589,0.8279370952821462,0.9900442477876106,0.9017632241813602,34.0,Gentiana.brachyphylla,0.563231212929205,opth,4,False,mlp1,bce,msle
700,0.9086408640864087,0.057851731601731606,0.75,0.9036903690369037,0.9990049751243781,0.9489603024574669,4.0,Gentiana.orbicularis,0.6536903690369038,opth,4,False,mlp1,bce,msle
701,0.9048102981029811,0.09667665408202941,0.5,0.9629629629629629,0.9962616822429906,0.979329352319706,8.0,Gentiana.rostanii,0.4629629629629628,opth,4,False,mlp1,bce,msle
702,0.81635302846351,0.16618478768797842,0.625,0.7677053824362606,0.9748201438848921,0.8589540412044374,56.0,Gentianella.campestris,0.39270538243626074,opth,4,False,mlp1,bce,msle
703,0.6409335727109515,0.0024937655860349127,0.0,0.7136445242369839,0.9987437185929648,0.8324607329842932,1.0,Gentianella.ciliata,-0.2863554757630161,opth,4,False,mlp1,bce,msle
704,0.8025134649910234,0.004524886877828055,0.0,0.8985637342908438,0.999001996007984,0.946124763705104,1.0,Gentianella.tenella,-0.1014362657091562,opth,4,False,mlp1,bce,msle
705,0.9793351302785265,0.12272727272727274,1.0,0.9200359389038635,1.0,0.9583528310715957,2.0,Hypericum.tetrapterum,0.9200359389038635,opth,4,False,mlp1,bce,msle
706,0.7819752449716348,0.14227815519048576,0.5714285714285714,0.9350180505415162,0.9971126082771896,0.9650675360968793,7.0,Herniaria.incana,0.5064466219700876,opth,4,False,mlp1,bce,msle
707,0.8207093477607454,0.02820168301186185,0.6666666666666666,0.8701532912533815,0.9979317476732161,0.9296724470134875,6.0,Calamintha.nepeta,0.5368199579200481,opth,4,False,mlp1,bce,msle
708,0.9452252252252252,0.06926290467274072,0.8,0.9063063063063063,0.9990069513406157,0.9504015115729806,5.0,Mentha.aquatica,0.7063063063063062,opth,4,False,mlp1,bce,msle
709,0.8937481214307184,0.057091012456309265,0.8333333333333334,0.8286744815148782,0.9989130434782608,0.905864958107442,6.0,Mentha.longifolia,0.6620078148482116,opth,4,False,mlp1,bce,msle
710,0.7805755395683454,0.010610079575596818,0.3333333333333333,0.8785971223021583,0.9979570990806946,0.9344811095169775,3.0,Nepeta.nepetella,0.2119304556354915,opth,4,False,mlp1,bce,msle
711,0.8514851485148515,0.017716207487561236,0.25,0.9657965796579658,0.9972118959107806,0.9812528577960676,4.0,Prunella.hyssopifolia,0.21579657965796573,opth,4,False,mlp1,bce,msle
712,0.9763189448441246,0.09947768281101614,1.0,0.9172661870503597,1.0,0.9568480300187617,3.0,Teucrium.polium,0.9172661870503598,opth,4,False,mlp1,bce,msle
713,0.9734643179765131,0.410533414302699,0.875,0.940379403794038,0.9990403071017274,0.968822708236389,8.0,Linum.bienne,0.8153794037940378,opth,4,False,mlp1,bce,msle
714,0.8657452051858995,0.12281600483113408,0.7058823529411765,0.8415300546448088,0.9946178686759957,0.911692155895412,17.0,Linum.suffruticosum,0.5474124075859854,opth,4,False,mlp1,bce,msle
715,0.8638211382113821,0.04250159384788641,0.5,0.9069557362240289,0.996031746031746,0.9494089834515367,8.0,Lythrum.salicaria,0.4069557362240288,opth,4,False,mlp1,bce,msle
716,0.9808730873087309,0.12615239078087376,1.0,0.7407740774077408,1.0,0.8510858324715616,4.0,Althaea.hirsuta,0.7407740774077407,opth,4,False,mlp1,bce,msle
717,0.7684684684684684,0.02437671485329635,0.0,0.9927927927927928,0.995483288166215,0.9941362201172756,5.0,Epilobium.parviflorum,-0.007207207207207245,opth,4,False,mlp1,bce,msle
718,0.9255175517551756,0.03373754880275522,0.75,0.873087308730873,0.9989701338825953,0.9317963496637848,4.0,Plantago.sempervirens,0.623087308730873,opth,4,False,mlp1,bce,msle
719,0.9219603085189357,0.3934924910543763,0.8939393939393939,0.8360343183984748,0.9920814479638009,0.9073978272115882,66.0,Armeria.alpina,0.7299737123378687,opth,4,False,mlp1,bce,msle
720,0.8405153651954382,0.1348494539360713,0.6666666666666666,0.8692870201096892,0.9926931106471816,0.9269005847953217,21.0,Polygala.calcarea,0.5359536867763559,opth,4,False,mlp1,bce,msle
721,0.875079465988557,0.28015073249803923,0.7692307692307693,0.8393021120293848,0.9934782608695653,0.9099054255848681,26.0,Rumex.arifolius,0.608532881260154,opth,4,False,mlp1,bce,msle
722,0.9465408805031447,0.027118043247075507,0.5,0.9389038634321654,0.9990439770554493,0.968040759610931,2.0,Rumex.conglomeratus,0.43890386343216536,opth,4,False,mlp1,bce,msle
723,0.7018807284847042,0.062846408867746,0.6451612903225806,0.6789667896678967,0.9852744310575636,0.8039322774440196,31.0,Rumex.nebroides,0.3241280799904773,opth,4,False,mlp1,bce,msle
724,0.8142083548220732,0.14547640534560655,0.5714285714285714,0.9314079422382672,0.9971014492753624,0.9631357909472702,7.0,Rumex.pseudalpinus,0.5028365136668387,opth,4,False,mlp1,bce,msle
725,0.8946575342465753,0.12453615765400361,0.6,0.8876712328767123,0.9918367346938776,0.9368674698795181,20.0,Androsace.adfinis,0.4876712328767123,opth,4,False,mlp1,bce,msle
726,0.8999872676343263,0.21920558650088312,0.7727272727272727,0.8506069094304388,0.98914223669924,0.9146586345381527,44.0,Androsace.vitaliana,0.6233341821577114,opth,4,False,mlp1,bce,msle
727,0.7503167420814479,0.01800152409758477,0.4,0.7348416289592761,0.9926650366748166,0.8445137805512221,10.0,Primula.vulgaris,0.13484162895927598,opth,4,False,mlp1,bce,msle
728,0.9070270270270271,0.030349566995374257,0.8,0.809009009009009,0.9988876529477196,0.8939771030363365,5.0,Aconitum.anthora,0.609009009009009,opth,4,False,mlp1,bce,msle
729,0.9308675799086759,0.20988967152209878,0.8,0.85662100456621,0.9957537154989384,0.9209621993127147,20.0,Anemone.baldensis,0.65662100456621,opth,4,False,mlp1,bce,msle
730,0.9292121212121213,0.2385468324324722,0.8666666666666667,0.85,0.9978655282817502,0.9180166912125675,15.0,Anemone.narcissifolia,0.7166666666666668,opth,4,False,mlp1,bce,msle
731,0.9052655265526552,0.3417939997953223,0.5,0.9684968496849685,0.9981447124304267,0.983097304705345,4.0,Caltha.palustris,0.46849684968496863,opth,4,False,mlp1,bce,msle
732,0.6255352277150642,0.060641311955001484,0.5,0.6512261580381471,0.9903314917127072,0.7857534246575343,14.0,Ranunculus.aduncus,0.1512261580381471,opth,4,False,mlp1,bce,msle
733,0.8903162055335968,0.1289237483049892,0.8181818181818182,0.8342391304347826,0.9978331527627302,0.908732116428219,11.0,Ranunculus.carinthiacus,0.6524209486166008,opth,4,False,mlp1,bce,msle
734,0.8486650458856255,0.2859484155268373,0.7528089887640449,0.7807017543859649,0.9732685297691372,0.8664142779881017,89.0,Ranunculus.sartorianus,0.5335107431500097,opth,4,False,mlp1,bce,msle
735,0.8934056007226739,0.06835990729070214,0.75,0.8446251129177959,0.9978655282817502,0.9148727984344422,8.0,Reseda.phyteuma,0.5946251129177957,opth,4,False,mlp1,bce,msle
736,0.9237705981575192,0.12426940403735721,1.0,0.7947320617620345,1.0,0.8856275303643725,14.0,Alchemilla.fissa,0.7947320617620344,opth,4,False,mlp1,bce,msle
737,0.8710869487972143,0.22967512049686695,0.6226415094339622,0.8465160075329566,0.9782372143634385,0.9076224129227662,53.0,Alchemilla.flabellata,0.4691575169669189,opth,4,False,mlp1,bce,msle
738,0.8775588145432325,0.16916532739037565,0.8333333333333334,0.7461044912923923,0.9951100244498777,0.8528025144054479,24.0,Alchemilla.glabra,0.5794378246257257,opth,4,False,mlp1,bce,msle
739,0.8938348623853211,0.24460273947212724,0.88,0.7678899082568807,0.9964285714285714,0.8673575129533678,25.0,Alchemilla.glaucescens,0.6478899082568808,opth,4,False,mlp1,bce,msle
740,0.8846623892453407,0.1692712691114403,0.7916666666666666,0.7946837763519706,0.9942660550458715,0.8833418237391747,24.0,Alchemilla.monticola,0.5863504430186373,opth,4,False,mlp1,bce,msle
741,0.9735351663062506,0.5936789832372583,0.9444444444444444,0.917516218721038,0.9979838709677419,0.9560598744567842,36.0,Alchemilla.pentaphyllea,0.8619606631654824,opth,4,False,mlp1,bce,msle
742,0.9464359976711303,0.3011619429404255,0.6363636363636364,0.9515096065873742,0.9923664122137404,0.9715086408220458,22.0,Filipendula.ulmaria,0.5878732429510105,opth,4,False,mlp1,bce,msle
743,0.9068406840684069,0.024560343471243386,0.75,0.8532853285328533,0.9989462592202318,0.920388349514563,4.0,Potentilla.brauneana,0.6032853285328534,opth,4,False,mlp1,bce,msle
744,0.7862709832134291,0.06987032799389778,0.6666666666666666,0.841726618705036,0.9989327641408752,0.9136163982430454,3.0,Potentilla.neglecta,0.5083932853717026,opth,4,False,mlp1,bce,msle
745,0.9465694682675814,0.43128161044542296,0.8181818181818182,0.9075471698113208,0.9897119341563786,0.9468503937007874,55.0,Sibbaldia.procumbens,0.725728987993139,opth,4,False,mlp1,bce,msle
746,0.9209009009009009,0.047778146550134605,0.8,0.7990990990990992,0.9988738738738738,0.8878878878878879,5.0,Galium.megalospermum,0.5990990990990992,opth,4,False,mlp1,bce,msle
747,0.8379245283018868,0.34430370922802367,0.7090909090909091,0.7575471698113208,0.9804639804639804,0.854709952102182,55.0,Galium.obliquum,0.46663807890222975,opth,4,False,mlp1,bce,msle
748,0.8473980309423348,0.18555351912514326,0.6666666666666666,0.8535262206148282,0.996832101372756,0.9196298100340965,9.0,Galium.palustre,0.5201928872814947,opth,4,False,mlp1,bce,msle
749,0.9107949412827462,0.05392332039634558,0.5,0.9467028003613369,0.9961977186311787,0.9708198239925891,8.0,Galium.pseudohelveticum,0.4467028003613369,opth,4,False,mlp1,bce,msle
750,0.9941494149414941,0.6136363636363636,1.0,0.9414941494149415,1.0,0.9698655540101994,4.0,Galium.uliginosum,0.9414941494149414,opth,4,False,mlp1,bce,msle
751,0.8387290167865706,0.03457688734368576,0.6666666666666666,0.8741007194244604,0.998972250770812,0.9323741007194245,3.0,Salix.foetida,0.5407673860911271,opth,4,False,mlp1,bce,msle
752,0.8780487804878049,0.08185722064907465,0.75,0.90063233965673,0.997997997997998,0.9468186134852802,8.0,Thesium.divaricatum,0.65063233965673,opth,4,False,mlp1,bce,msle
753,0.8815492321589883,0.0318324402660312,0.875,0.7831978319783198,0.9988479262672811,0.8779746835443037,8.0,Saxifraga.bryoides,0.6581978319783199,opth,4,False,mlp1,bce,msle
754,0.863429132040628,0.11765867714299547,0.53125,0.8808864265927978,0.9845201238390093,0.9298245614035088,32.0,Saxifraga.exarata,0.4121364265927978,opth,4,False,mlp1,bce,msle
755,0.975022502250225,0.14389329805996473,1.0,0.8541854185418541,1.0,0.9213592233009709,4.0,Digitalis.grandiflora,0.8541854185418543,opth,4,False,mlp1,bce,msle
756,0.9783978397839784,0.14027777777777778,1.0,0.7416741674167416,1.0,0.8516795865633074,4.0,Euphrasia.officinalis,0.7416741674167415,opth,4,False,mlp1,bce,msle
757,0.8935643564356436,0.06688627231099897,0.75,0.9081908190819082,0.999009900990099,0.9514380009429514,4.0,Linaria.simplex,0.6581908190819084,opth,4,False,mlp1,bce,msle
758,0.7088288288288289,0.008980141459806945,0.4,0.7657657657657657,0.9964830011723329,0.8660213958227203,5.0,Pedicularis.cenisia,0.16576576576576585,opth,4,False,mlp1,bce,msle
759,0.8493998856925129,0.14163164325559552,0.5517241379310345,0.8876611418047882,0.9866939611054247,0.9345613184682501,29.0,Pedicularis.comosa,0.43938527973582264,opth,4,False,mlp1,bce,msle
760,0.8742052679382379,0.11187688700266905,0.5,0.8637602179836512,0.9926931106471816,0.9237493929091792,14.0,Pedicularis.kerneri,0.3637602179836512,opth,4,False,mlp1,bce,msle
761,0.8547747747747748,0.017674226508354034,0.2,0.8810810810810811,0.9959266802443992,0.9349904397705545,5.0,Pedicularis.rosea,0.08108108108108114,opth,4,False,mlp1,bce,msle
762,0.8806038426349496,0.1226615424634374,0.6363636363636364,0.8472095150960659,0.9914346895074947,0.9136655155402073,22.0,Pedicularis.rostratospicata,0.48357315145970237,opth,4,False,mlp1,bce,msle
763,0.9504504504504504,0.08394502507242152,1.0,0.7288288288288288,1.0,0.8431474726420011,5.0,Verbascum.chaixii,0.7288288288288287,opth,4,False,mlp1,bce,msle
764,0.8892910887867572,0.27332049170728645,0.717391304347826,0.8634237605238541,0.9861111111111112,0.9206982543640898,46.0,Veronica.allionii,0.5808150648716801,opth,4,False,mlp1,bce,msle
765,0.9131933340439897,0.33762821772650564,0.6226415094339622,0.9124293785310734,0.9797775530839231,0.9449049244271087,53.0,Veronica.alpina,0.5350708879650357,opth,4,False,mlp1,bce,msle
766,0.7901907356948229,0.13669186058851743,0.7142857142857143,0.737511353315168,0.9950980392156863,0.8471570161711007,14.0,Veronica.austriaca,0.45179706760088223,opth,4,False,mlp1,bce,msle
767,0.8450556056507363,0.03605910323654679,0.6666666666666666,0.8322813345356177,0.9978378378378379,0.9075712881022615,6.0,Veronica.verna,0.49894800120228444,opth,4,False,mlp1,bce,msle
768,0.9766534994429251,0.6196618744203378,0.9444444444444444,0.9206927985414768,0.9990108803165183,0.9582542694497154,18.0,Valeriana.tuberosa,0.8651372429859212,opth,4,False,mlp1,bce,msle
769,0.9387351778656126,0.39982824208591955,0.9090909090909091,0.8079710144927537,0.9988801791713325,0.8933400100150225,11.0,Viola.saxatilis,0.7170619235836626,opth,4,False,mlp1,bce,msle
770,0.9158415841584159,0.29932488894753045,0.75,0.8100810081008101,0.9988901220865705,0.8946322067594433,4.0,Carex.acutiformis,0.5600810081008101,opth,4,False,mlp1,bce,msle
771,0.9664268585131894,0.04997947454844007,1.0,0.8803956834532374,1.0,0.9363940698230512,3.0,Carex.bicolor,0.8803956834532374,opth,4,False,mlp1,bce,msle
772,0.8856885688568857,0.02357279880538859,1.0,0.5751575157515751,1.0,0.7302857142857143,4.0,Carex.cuprina,0.5751575157515751,opth,4,False,mlp1,bce,msle
773,0.9930243024302431,0.26726190476190476,1.0,0.9792979297929792,1.0,0.9895407003183265,4.0,Carex.disticha,0.9792979297929794,opth,4,False,mlp1,bce,msle
774,0.9416976744186046,0.28163537582398357,0.95,0.8595348837209302,0.9978401727861771,0.9235382308845578,40.0,Carex.foetida,0.8095348837209302,opth,4,False,mlp1,bce,msle
775,0.8464414646725116,0.09748161670536654,0.42857142857142855,0.9368231046931408,0.9961612284069098,0.9655813953488372,7.0,Carex.frigida,0.3653945332645694,opth,4,False,mlp1,bce,msle
776,0.9986522911051212,0.5,1.0,0.9856244384546271,1.0,0.9927601809954751,2.0,Carex.melanostachya,0.9856244384546271,opth,4,False,mlp1,bce,msle
777,0.7288179577007914,0.15532791308621993,0.5714285714285714,0.812897366030881,0.9933407325194229,0.8941058941058941,14.0,Carex.ovalis,0.3843259374594523,opth,4,False,mlp1,bce,msle
778,0.8806954436450839,0.09161848264123551,0.3333333333333333,0.8785971223021583,0.9979570990806946,0.9344811095169775,3.0,Carex.paniculata,0.2119304556354915,opth,4,False,mlp1,bce,msle
779,0.9177539436827362,0.25617902440147655,0.9215686274509803,0.8618421052631579,0.995656894679696,0.9239294710327456,51.0,Carex.parviflora,0.7834107327141382,opth,4,False,mlp1,bce,msle
780,0.7594509450945095,0.015462259534674377,0.75,0.7911791179117912,0.9988636363636364,0.8829733802109493,4.0,Carex.viridula,0.5411791179117911,opth,4,False,mlp1,bce,msle
781,0.6287128712871287,0.08735913275120907,0.25,0.8757875787578758,0.9969262295081968,0.9324389075227599,4.0,Eleocharis.quinqueflora,0.12578757875787572,opth,4,False,mlp1,bce,msle
782,0.8184550646227833,0.29124257912504636,0.6666666666666666,0.6898106402164111,0.9973924380704041,0.8155650319829424,6.0,Eriophorum.polystachion,0.35647730688307777,opth,4,False,mlp1,bce,msle
783,0.906007326007326,0.3258766754409015,0.6923076923076923,0.8885714285714286,0.9790136411332634,0.9316025961058413,65.0,Kobresia.myosuroides,0.5808791208791209,opth,4,False,mlp1,bce,msle
784,1.0,1.0,1.0,0.926391382405745,1.0,0.961789375582479,1.0,Schoenus.nigricans,0.926391382405745,opth,4,False,mlp1,bce,msle
785,0.7997299729972998,0.05194172181465921,0.25,0.9738973897389739,0.9972350230414746,0.9854280510018215,4.0,Scirpoides.holoschoenus,0.223897389738974,opth,4,False,mlp1,bce,msle
786,0.8742549923195084,0.13537032373800523,0.8666666666666667,0.7410138248847926,0.995049504950495,0.849445324881141,30.0,Muscari.neglectum,0.6076804915514593,opth,4,False,mlp1,bce,msle
787,0.8968432594644505,0.15141446988435886,0.6875,0.8845798707294552,0.9896694214876033,0.9341784495368113,32.0,Crocus.vernus,0.5720798707294552,opth,4,False,mlp1,bce,msle
788,0.8845634563456346,0.06385192926126773,0.5,0.9747974797479748,0.9981566820276497,0.9863387978142076,4.0,Juncus.conglomeratus,0.4747974797479748,opth,4,False,mlp1,bce,msle
789,0.8762813027118204,0.1114582081537432,0.7857142857142857,0.7484105358764759,0.9963724304715841,0.8547717842323651,14.0,Luzula.alpinopilosa,0.5341248215907615,opth,4,False,mlp1,bce,msle
790,0.9018452589881162,0.312613376386835,0.8918918918918919,0.7940630797773655,0.9953488372093023,0.8833849329205367,37.0,Luzula.nutans,0.6859549716692572,opth,4,False,mlp1,bce,msle
791,0.7784772182254196,0.014060944878554941,0.6666666666666666,0.8678057553956835,0.9989648033126294,0.9287776708373436,3.0,Gagea.fragifera,0.53447242206235,opth,4,False,mlp1,bce,msle
792,0.9855985598559857,0.2487071513002364,1.0,0.8523852385238524,1.0,0.9203109815354713,4.0,Tulipa.australis,0.8523852385238524,opth,4,False,mlp1,bce,msle
793,0.863607305936073,0.07484721367466456,0.85,0.7844748858447489,0.9965197215777262,0.8778742973939704,20.0,Dactylorhiza.latifolia,0.6344748858447489,opth,4,False,mlp1,bce,msle
794,0.8222167325428195,0.07224945729184543,0.2727272727272727,0.9003623188405797,0.9920159680638723,0.9439696106362773,11.0,Ophrys.fuciflora,0.17308959156785253,opth,4,False,mlp1,bce,msle
795,0.8267326732673268,0.01757621174028906,0.75,0.846984698469847,0.9989384288747346,0.9167072576716999,4.0,Orchis.purpurea,0.596984698469847,opth,4,False,mlp1,bce,msle
796,0.9358685868586859,0.10615034289314576,1.0,0.8811881188118812,1.0,0.9368421052631579,4.0,Orchis.simia,0.8811881188118811,opth,4,False,mlp1,bce,msle
797,0.9228827597086742,0.38475932545566405,0.7945205479452054,0.8752399232245681,0.9838187702265372,0.9263585576434739,73.0,Alopecurus.alpinus,0.6697604711697736,opth,4,False,mlp1,bce,msle
798,0.995483288166215,0.5957589285714285,1.0,0.990063233965673,1.0,0.9950068088969587,8.0,Alopecurus.rendlei,0.990063233965673,opth,4,False,mlp1,bce,msle
799,0.7941512597861728,0.4122713344320218,0.7427184466019418,0.7029702970297029,0.9234104046242775,0.7982510930668333,206.0,Avenula.pubescens,0.4456887436316448,opth,4,False,mlp1,bce,msle
800,0.8748502196778059,0.24680668233737973,0.8333333333333334,0.7353215284249767,0.9912060301507538,0.8443017656500803,42.0,Avenula.versicolor,0.56865486175831,opth,4,False,mlp1,bce,msle
801,0.7765956001250118,0.3258101720113662,0.7712418300653595,0.6153846153846154,0.9441786283891547,0.7451227186910007,153.0,Brachypodium.rupestre,0.3866264454499748,opth,4,False,mlp1,bce,msle
802,0.8727878787878789,0.19970800051988669,0.6666666666666666,0.8336363636363636,0.9945770065075922,0.9070227497527201,15.0,Bromus.commutatus,0.5003030303030302,opth,4,False,mlp1,bce,msle
803,0.9602424242424242,0.26747136461401894,0.9333333333333333,0.8854545454545455,0.9989743589743589,0.9387951807228916,15.0,Bromus.racemosus,0.8187878787878788,opth,4,False,mlp1,bce,msle
804,0.8179248287943941,0.09353473030700839,0.782608695652174,0.6547619047619048,0.9930555555555556,0.7891832229580574,23.0,Elytrigia.repens,0.4373706004140787,opth,4,False,mlp1,bce,msle
805,0.8692338020764884,0.2716969410753529,0.6428571428571429,0.8252069917203312,0.9889746416758545,0.8996990972918756,28.0,Festuca.cinerea,0.4680641345774741,opth,4,False,mlp1,bce,msle
806,0.8320518008903277,0.2435039470542784,0.6607142857142857,0.8045325779036827,0.9781859931113662,0.8829015544041451,56.0,Festuca.marginata,0.4652468636179683,opth,4,False,mlp1,bce,msle
807,0.8482935951379149,0.3173021947469313,0.6956521739130435,0.8103616813294232,0.9673278879813302,0.8819148936170212,92.0,Festuca.pratensis,0.5060138552424667,opth,4,False,mlp1,bce,msle
808,0.8090812934421275,0.12429771881796864,0.5833333333333334,0.8757932910244787,0.9948506694129763,0.9315332690453231,12.0,Festuca.trichophylla,0.45912662435781204,opth,4,False,mlp1,bce,msle
809,0.9199604743083003,0.06734023225429225,0.9090909090909091,0.8206521739130435,0.9988974641675854,0.9010442565887619,11.0,Gaudinia.fragilis,0.7297430830039526,opth,4,False,mlp1,bce,msle
810,0.90233860342556,0.11351466312196273,0.8181818181818182,0.8586956521739131,0.9978947368421053,0.9230769230769231,11.0,Helictotrichon.parlatorei,0.6768774703557314,opth,4,False,mlp1,bce,msle
811,0.913640824337586,0.4957603239019339,0.7916666666666666,0.8429833169774289,0.9772468714448237,0.9051633298208641,96.0,Helictotrichon.sedenense,0.6346499836440955,opth,4,False,mlp1,bce,msle
812,0.9385171790235081,0.2694943882405314,0.8888888888888888,0.8164556962025317,0.9988938053097345,0.8985074626865671,9.0,Helictotrichon.sempervirens,0.7053445850914204,opth,4,False,mlp1,bce,msle
813,0.6648697214734951,0.1680071492403932,0.5,0.9353099730458221,0.9990403071017274,0.9661252900232019,2.0,Hordeum.murinum,0.4353099730458221,opth,4,False,mlp1,bce,msle
814,0.9331229335737902,0.5328438850750064,0.8333333333333334,0.9666366095581606,0.9990680335507922,0.9825847846012832,6.0,Hordeum.secalinum,0.7999699428914939,opth,4,False,mlp1,bce,msle
815,0.7554854223023745,0.012312482193831588,0.6666666666666666,0.7006311992786294,0.9974326059050064,0.823093220338983,6.0,Koeleria.cenisia,0.3672978659452961,opth,4,False,mlp1,bce,msle
816,0.8750684931506849,0.22974787928086543,0.75,0.8009132420091324,0.9943310657596371,0.887202832574608,20.0,Molinia.caerulea,0.5509132420091323,opth,4,False,mlp1,bce,msle
817,0.7541278318846651,0.119826301557889,0.6851851851851852,0.6889726672950047,0.9772727272727273,0.8081813156440022,54.0,Phleum.pratense,0.37415785248018985,opth,4,False,mlp1,bce,msle
818,0.871947194719472,0.355588501028992,0.8476190476190476,0.7435643564356436,0.9791395045632334,0.8452447945976365,105.0,Poa.trivialis,0.591183404054691,opth,4,False,mlp1,bce,msle
819,0.9335135135135135,0.10835528973024855,0.6,0.9288288288288288,0.9980638915779284,0.9622025198320112,5.0,Vulpia.bromoides,0.5288288288288288,opth,4,False,mlp1,bce,msle
820,0.9761474987106756,0.2516943722923789,0.8571428571428571,0.9287003610108303,0.9990291262135922,0.9625818521983162,7.0,Vulpia.ciliata,0.7858432181536874,opth,4,False,mlp1,bce,msle
821,0.9316857544705646,0.15212145635915036,0.5555555555555556,0.9240506329113924,0.9961013645224172,0.9587242026266416,9.0,Equisetum.variegatum,0.479606188466948,opth,4,False,mlp1,bce,msle
822,0.9419145241696074,0.3808980045749489,0.7878787878787878,0.8983364140480592,0.992849846782431,0.9432314410480349,33.0,Pachypleurum.mutellinoides,0.686215201926847,opth,4,False,mlp1,bce,msle
823,0.8394594594594594,0.10672500236722844,0.6,0.8756756756756757,0.997946611909651,0.9328214971209213,5.0,Libanotis.pyrenaica,0.4756756756756757,opth,4,False,mlp1,bce,msle
824,0.8746537396121884,0.2821568695472552,0.84375,0.7497691597414589,0.9938800489596084,0.8547368421052631,32.0,Alchemilla.alpigena,0.5935191597414589,opth,4,False,mlp1,bce,msle
825,0.8937595979338266,0.09304948144900983,0.3076923076923077,0.9382940108892922,0.9913710450623202,0.9641025641025641,13.0,Anacamptis.morio,0.24598631858160003,opth,4,False,mlp1,bce,msle
826,0.9115315315315315,0.03855261495914853,0.8,0.8756756756756757,0.998972250770812,0.9332693230916946,5.0,Mutellina.adonidifolia,0.6756756756756759,opth,4,False,mlp1,bce,msle
827,0.8915022400152512,0.22934224448609536,0.7692307692307693,0.8513011152416357,0.9902702702702703,0.9155422288855573,39.0,Avenula.pratensis,0.6205318844724048,opth,4,False,mlp1,bce,msle
828,0.8316697247706423,0.08088611248751217,0.72,0.7926605504587156,0.9919632606199771,0.8811830698623151,25.0,Gymnadenia.nigra,0.5126605504587156,opth,4,False,mlp1,bce,msle
829,0.8030575539568345,0.008817834621191935,0.0,0.9748201438848921,0.9972401103955841,0.9859026830377444,3.0,Murbeckiella.pinnatifida,-0.025179856115107868,opth,4,False,mlp1,bce,msle
830,0.876936936936937,0.031962313364389414,0.6,0.872072072072072,0.9979381443298969,0.9307692307692308,5.0,Silene.conica,0.47207207207207214,opth,4,False,mlp1,bce,msle
