,auc,prauc,sensitivity,specificity,precision,f1,support,species,tss,postprocess,fold,prr,archi,species_loss,func_loss
0,0.8471086890705419,0.07343772191437561,0.4666666666666667,0.9173478655767484,0.9921414538310412,0.9532798489853704,15.0,Aceras.anthropophorum,0.3840145322434152,opth,2,False,mlp1,bce,msle
1,0.8619505494505495,0.25337628771529364,0.7083333333333334,0.8232600732600732,0.9922737306843267,0.8998998998998999,24.0,Achillea.collina,0.5315934065934065,opth,2,False,mlp1,bce,msle
2,0.7147033388479471,0.3782909546379686,0.7418032786885246,0.5722477064220184,0.8879003558718861,0.6959553695955369,244.0,Achillea.millefolium,0.31405098511054286,opth,2,False,mlp1,bce,msle
3,0.9360485389497176,0.18770663054559933,0.9230769230769231,0.7506799637352675,0.9987937273823885,0.8571428571428571,13.0,Achillea.nana,0.6737568868121906,opth,2,False,mlp1,bce,msle
4,0.9185764893001735,0.45413386218506246,0.8461538461538461,0.8515037593984962,0.9912472647702407,0.916076845298281,52.0,Achillea.roseo.alba,0.6976576055523425,opth,2,False,mlp1,bce,msle
5,0.9905745062836625,0.12142857142857143,1.0,0.9021543985637342,1.0,0.9485606418121756,2.0,Achnatherum.calamagrostis,0.9021543985637344,opth,2,False,mlp1,bce,msle
6,0.8415520500619256,0.22128341485176373,0.7758620689655172,0.7400756143667296,0.9836683417085427,0.8446601941747572,58.0,Acinos.alpinus,0.5159376833322469,opth,2,False,mlp1,bce,msle
7,0.8443181818181817,0.12555224875242338,0.5625,0.8145454545454546,0.9922480620155039,0.8946580129805292,16.0,Acinos.arvensis,0.37704545454545446,opth,2,False,mlp1,bce,msle
8,0.8549910071942447,0.016062423774645097,0.5,0.8678057553956835,0.9979317476732161,0.9283309283309283,4.0,Aconitum.lycoctonum,0.3678057553956835,opth,2,False,mlp1,bce,msle
9,0.8432043204320432,0.019622835641396313,0.0,0.9828982898289829,0.9954421148587056,0.9891304347826086,5.0,Cacalia.leucophylla,-0.017101710171017137,opth,2,False,mlp1,bce,msle
10,0.7727682596934176,0.019655912854803843,0.42857142857142855,0.9188458070333634,0.9960899315738025,0.9559099437148217,7.0,Aegopodium.podagraria,0.347417235604792,opth,2,False,mlp1,bce,msle
11,0.8817232721025505,0.21705679550878249,0.8,0.8011100832562442,0.9919816723940436,0.8863868986693961,35.0,Agrimonia.eupatoria,0.6011100832562444,opth,2,False,mlp1,bce,msle
12,0.8713392168623083,0.21638344483889363,0.6363636363636364,0.8416588124410933,0.9780941949616648,0.9047619047619048,55.0,Agrostis.alpina,0.47802244880472955,opth,2,False,mlp1,bce,msle
13,0.8165234447973099,0.3086966420633908,0.839622641509434,0.6524752475247525,0.9748520710059172,0.7817319098457889,106.0,Agrostis.capillaris,0.4920978890341865,opth,2,False,mlp1,bce,msle
14,0.8931261770244822,0.2883396040768311,0.7407407407407407,0.835216572504708,0.9844617092119867,0.9037187977585328,54.0,Agrostis.rupestris,0.5759573132454487,opth,2,False,mlp1,bce,msle
15,0.8047283632052444,0.0752826189448748,0.7692307692307693,0.7688123300090662,0.9964747356051704,0.8679631525076765,13.0,Agrostis.agrostiflora,0.5380430992398355,opth,2,False,mlp1,bce,msle
16,0.8066711458852598,0.22975408687225235,0.7209302325581395,0.7455731593662628,0.9852216748768473,0.8488063660477454,43.0,Agrostis.stolonifera,0.46650339192440216,opth,2,False,mlp1,bce,msle
17,0.8679245283018868,0.34592210451699285,0.6666666666666666,0.9227313566936208,0.9990272373540856,0.9593647828117702,3.0,Ajuga.chamaepitys,0.5893980233602876,opth,2,False,mlp1,bce,msle
18,0.879115893181229,0.08360365594192594,1.0,0.5771324863883848,1.0,0.7318757192174914,14.0,Ajuga.genevensis,0.5771324863883849,opth,2,False,mlp1,bce,msle
19,0.876207651681051,0.0334349119223758,0.42857142857142855,0.8818755635707844,0.9959266802443992,0.9354375896700143,7.0,Ajuga.pyramidalis,0.31044699214221305,opth,2,False,mlp1,bce,msle
20,0.8614879976144327,0.21647859079577364,0.8070175438596491,0.728989612842304,0.9859514687100894,0.8382193268186754,57.0,Ajuga.reptans,0.5360071567019531,opth,2,False,mlp1,bce,msle
21,0.8997544505831798,0.26476894108925514,0.7333333333333333,0.8793738489871087,0.9916926272066459,0.9321620302586627,30.0,Alchemilla.alpina,0.612707182320442,opth,2,False,mlp1,bce,msle
22,0.8303402646502835,0.19497979920285266,0.6551724137931034,0.8175803402646503,0.9774011299435028,0.8903757076685538,58.0,Alchemilla.xanthochlora,0.47275275405775385,opth,2,False,mlp1,bce,msle
23,0.8456456456456457,0.048748925962537056,0.8333333333333334,0.8648648648648649,0.9989594172736732,0.9270883631096088,6.0,Allium.lusitanicum,0.6981981981981984,opth,2,False,mlp1,bce,msle
24,0.8048007246376812,0.0722233969811408,0.5,0.7971014492753623,0.9932279909706546,0.8844221105527639,12.0,Allium.oleraceum,0.2971014492753623,opth,2,False,mlp1,bce,msle
25,0.7930366333636089,0.19745038789777244,0.6666666666666666,0.7883742052679382,0.9942726231386025,0.8794326241134752,15.0,Allium.schoenoprasum,0.45504087193460485,opth,2,False,mlp1,bce,msle
26,0.9638138138138137,0.17201562755686467,1.0,0.8972972972972973,1.0,0.9458689458689459,6.0,Allium.scorodoprasum,0.8972972972972975,opth,2,False,mlp1,bce,msle
27,0.8669097538742023,0.21031039314028457,0.42105263157894735,0.9252506836827712,0.9892787524366472,0.9561940650023552,19.0,Allium.sphaerocephalon,0.34630331526171854,opth,2,False,mlp1,bce,msle
28,0.7794667010176478,0.023750945285308567,0.7142857142857143,0.6952209197475203,0.9974126778783958,0.8193411264612115,7.0,Allium.vineale,0.40950663403323473,opth,2,False,mlp1,bce,msle
29,0.9600361663652803,0.47637459980391916,0.9,0.6880650994575045,0.9986876640419947,0.8147751605995718,10.0,Alopecurus.pratensis,0.5880650994575045,opth,2,False,mlp1,bce,msle
30,0.8893414597889103,0.24921275657523134,0.7419354838709677,0.8571428571428571,0.9914712153518124,0.9194265941670786,31.0,Alyssum.alyssoides,0.5990783410138247,opth,2,False,mlp1,bce,msle
31,0.8687782805429864,0.0741753107328772,0.7272727272727273,0.8108597285067873,0.996662958843159,0.8942115768463074,11.0,Anacamptis.pyramidalis,0.5381324557795146,opth,2,False,mlp1,bce,msle
32,0.8868814614072067,0.07086916043396255,0.7777777777777778,0.8319783197831978,0.9978331527627302,0.9073891625615763,9.0,Androsace.obtusifolia,0.6097560975609757,opth,2,False,mlp1,bce,msle
33,0.9860611510791367,0.3019230769230769,1.0,0.8381294964028777,1.0,0.9119373776908023,4.0,Angelica.sylvestris,0.8381294964028778,opth,2,False,mlp1,bce,msle
34,0.897956219524847,0.22702234659460105,0.8,0.8515406162464986,0.990228013029316,0.9156626506024096,45.0,Antennaria.carpatica,0.6515406162464985,opth,2,False,mlp1,bce,msle
35,0.8545564174434523,0.18245713151821696,0.7413793103448276,0.7835538752362949,0.9822274881516587,0.8717139852786541,58.0,Antennaria.dioica,0.5249331855811226,opth,2,False,mlp1,bce,msle
36,0.9141187050359711,0.3764327915271311,0.75,0.9856115107913669,0.9990884229717412,0.9923042100497963,4.0,Anthemis.arvensis,0.735611510791367,opth,2,False,mlp1,bce,msle
37,0.8773010111485611,0.16607686043829345,0.7857142857142857,0.7885662431941923,0.9965596330275229,0.8804457953394124,14.0,Anthericum.liliago,0.574280528908478,opth,2,False,mlp1,bce,msle
38,0.6811947953638727,0.4372027624401689,0.6474164133738601,0.5984752223634053,0.8023850085178875,0.6855895196506551,329.0,Anthoxanthum.odoratum,0.24589163573726536,opth,2,False,mlp1,bce,msle
39,0.9024846268904769,0.1995560545645539,0.8181818181818182,0.7952468007312614,0.9954233409610984,0.8841463414634146,22.0,Anthriscus.sylvestris,0.6134286189130798,opth,2,False,mlp1,bce,msle
40,0.744845317420666,0.38955961431102065,0.6062176165803109,0.742145178764897,0.900131406044678,0.8135391923990499,193.0,Anthyllis.vulneraria,0.348362795345208,opth,2,False,mlp1,bce,msle
41,0.9537701974865349,0.06041666666666667,0.5,0.9461400359066428,0.9990521327014218,0.9718764407561088,2.0,Aphanes.arvensis,0.44614003590664275,opth,2,False,mlp1,bce,msle
42,0.8086780575539568,0.015939790331020894,0.5,0.9262589928057554,0.998062015503876,0.960820895522388,4.0,Aquilegia.vulgaris,0.4262589928057554,opth,2,False,mlp1,bce,msle
43,0.7298798798798799,0.055850706936239135,0.5,0.8504504504504504,0.996832101372756,0.9178415167719981,6.0,Arabidopsis.thaliana,0.3504504504504504,opth,2,False,mlp1,bce,msle
44,0.8342597844583097,0.15612655193192665,0.7073170731707317,0.8046511627906977,0.9863169897377423,0.8862704918032787,41.0,Arabis.ciliata,0.5119682359614295,opth,2,False,mlp1,bce,msle
45,0.8009519350811486,0.1378378669968651,0.6666666666666666,0.7677902621722846,0.9808612440191388,0.8613445378151261,48.0,Arabis.hirsuta,0.43445692883895126,opth,2,False,mlp1,bce,msle
46,0.8276771653543307,0.32277289241809776,0.62,0.8287401574803149,0.9568181818181818,0.8881856540084389,100.0,Arenaria.serpyllifolia,0.4487401574803149,opth,2,False,mlp1,bce,msle
47,0.9201888489208633,0.03409334476476262,0.75,0.8983812949640287,0.999,0.9460227272727273,4.0,Armeria.arenaria,0.6483812949640289,opth,2,False,mlp1,bce,msle
48,0.8146590909090909,0.06612920948460523,0.625,0.8581818181818182,0.9936842105263158,0.9209756097560976,16.0,Arnica.montana,0.48318181818181816,opth,2,False,mlp1,bce,msle
49,0.8678848713398404,0.5428442713734154,0.8673469387755102,0.7152173913043478,0.9619883040935673,0.8204488778054863,196.0,Arrhenatherum.elatius,0.582564330079858,opth,2,False,mlp1,bce,msle
50,0.8819694244604317,0.2504461407386939,0.75,0.9532374100719424,0.9990574929311969,0.975609756097561,4.0,Artemisia.absinthium,0.7032374100719423,opth,2,False,mlp1,bce,msle
51,0.8705199093042684,0.29921452363172046,0.6086956521739131,0.869167429094236,0.9906152241918665,0.9259259259259259,23.0,Artemisia.campestris,0.47786308126814925,opth,2,False,mlp1,bce,msle
52,0.7394894894894894,0.01298712827773041,0.0,0.9801801801801802,0.9945155393053017,0.9872958257713249,6.0,Artemisia.vulgaris,-0.01981981981981984,opth,2,False,mlp1,bce,msle
53,0.842497670083877,0.20423750505035848,0.7209302325581395,0.7884436160298229,0.986013986013986,0.8762299326773693,43.0,Asperula.cynanchica,0.5093738485879624,opth,2,False,mlp1,bce,msle
54,0.9043399638336347,0.15228754263283445,0.9,0.8227848101265823,0.9989023051591658,0.90233019335647,10.0,Asphodelus.albus,0.7227848101265824,opth,2,False,mlp1,bce,msle
55,0.8987233313340759,0.3037876485368815,0.7636363636363637,0.8576814326107446,0.9859154929577465,0.9173387096774194,55.0,Aster.alpinus,0.6213177962471081,opth,2,False,mlp1,bce,msle
56,0.8329762269156209,0.10404346438197608,0.5185185185185185,0.8347107438016529,0.9859002169197397,0.904027846842367,27.0,Aster.bellidiastrum,0.3532292623201714,opth,2,False,mlp1,bce,msle
57,0.9784560143626571,0.07936507936507936,1.0,0.9398563734290843,1.0,0.968995835261453,2.0,Aster.linosyris,0.9398563734290843,opth,2,False,mlp1,bce,msle
58,0.9178809957498483,0.1604360736833348,0.8333333333333334,0.8424408014571949,0.9967672413793104,0.9131293188548865,18.0,Astragalus.alpinus,0.6757741347905282,opth,2,False,mlp1,bce,msle
59,0.5097334531296795,0.004515835758185819,0.0,0.8463611859838275,0.9968253968253968,0.9154518950437318,3.0,Astragalus.depressus,-0.15363881401617252,opth,2,False,mlp1,bce,msle
60,0.7440546760583026,0.03624619328095565,0.23076923076923078,0.9011786038077969,0.9900398406374502,0.9435215946843853,13.0,Astragalus.monspessulanus,0.13194783457702774,opth,2,False,mlp1,bce,msle
61,0.9299407808892903,0.1486298143533167,0.7777777777777778,0.9539295392953929,0.998109640831758,0.9755196304849885,9.0,Astragalus.onobrychis,0.7317073170731707,opth,2,False,mlp1,bce,msle
62,0.6717625899280575,0.013608115439567676,0.5,0.8048561151079137,0.9977703455964325,0.8909905425584869,4.0,Astragalus.penduliflorus,0.30485611510791366,opth,2,False,mlp1,bce,msle
63,0.879167591917013,0.14539107430948922,0.8620689655172413,0.7635694572217111,0.9952038369304557,0.8641332639250391,29.0,Astrantia.major,0.6256384227389524,opth,2,False,mlp1,bce,msle
64,0.8698469846984699,0.08489065815161922,0.4,0.9234923492349235,0.9970845481049563,0.9588785046728971,5.0,Astrantia.minor,0.32349234923492354,opth,2,False,mlp1,bce,msle
65,0.8438173854447439,0.17161143855341998,0.9107142857142857,0.6471698113207547,0.9927641099855282,0.7835522558537978,56.0,Deschampsia.flexuosa,0.5578840970350405,opth,2,False,mlp1,bce,msle
66,0.8501347708894879,0.2552433294717297,0.5892857142857143,0.8311320754716981,0.9745575221238938,0.8971486761710794,56.0,Bartsia.alpina,0.4204177897574124,opth,2,False,mlp1,bce,msle
67,0.8995096245334115,0.31062453986180066,0.8769230769230769,0.7811607992388202,0.9903498190591074,0.8734042553191489,65.0,Bellis.perennis,0.6580838761618972,opth,2,False,mlp1,bce,msle
68,0.8211931818181818,0.04288198449142671,0.4375,0.8272727272727273,0.9902067464635473,0.9014363546310055,16.0,Biscutella.laevigata,0.26477272727272716,opth,2,False,mlp1,bce,msle
69,0.8791528656027301,0.05054349429479169,0.4444444444444444,0.8915989159891599,0.9949596774193549,0.9404478323010957,9.0,Blackstonia.perfoliata,0.3360433604336044,opth,2,False,mlp1,bce,msle
70,0.8954586330935251,0.05300401306523881,0.75,0.8129496402877698,0.9988950276243094,0.8963807635101636,4.0,Blysmus.compressus,0.5629496402877698,opth,2,False,mlp1,bce,msle
71,0.8927030011040852,0.039096451112167106,0.0,0.962059620596206,0.9916201117318436,0.9766162310866575,9.0,Bothriochloa.ischaemum,-0.03794037940379402,opth,2,False,mlp1,bce,msle
72,0.8439933502493656,0.2309998182294433,0.5324675324675324,0.8460057747834456,0.9606557377049181,0.8996929375639714,77.0,Botrychium.lunaria,0.37847330725097805,opth,2,False,mlp1,bce,msle
73,0.8673285198555957,0.04204387957225477,0.5,0.9016245487364621,0.996011964107677,0.946470866887731,8.0,Brachypodium.sylvaticum,0.40162454873646203,opth,2,False,mlp1,bce,msle
74,0.7588002626716146,0.3937303094636909,0.7031963470319634,0.6811594202898551,0.9038461538461539,0.7768595041322314,219.0,Briza.media,0.38435576732181853,opth,2,False,mlp1,bce,msle
75,0.8929491899852725,0.7742946117356463,0.8221649484536082,0.804945054945055,0.8946564885496183,0.8474331164135936,388.0,Bromus.erectus,0.6271100033986632,opth,2,False,mlp1,bce,msle
76,0.878416160433287,0.32140275326963164,0.8923076923076924,0.7078972407231209,0.9906790945406125,0.8257491675915649,65.0,Bromus.hordeaceus,0.6002049330308132,opth,2,False,mlp1,bce,msle
77,0.8748128182090446,0.08587140439932317,0.6666666666666666,0.9281221922731356,0.9990328820116054,0.9622729389846297,3.0,Bromus.squarrosus,0.5947888589398023,opth,2,False,mlp1,bce,msle
78,0.8597698555956679,0.049867204395100256,0.75,0.703971119133574,0.9974424552429667,0.8253968253968254,8.0,Bromus.sterilis,0.453971119133574,opth,2,False,mlp1,bce,msle
79,0.8897830018083182,0.12771090768198007,0.7,0.9204339963833634,0.9970617042115573,0.9572167371885284,10.0,Bromus.tectorum,0.6204339963833634,opth,2,False,mlp1,bce,msle
80,0.8391734052111409,0.013051174807178524,0.3333333333333333,0.8400718778077269,0.9978655282817502,0.9121951219512195,3.0,Bunias.orientalis,0.17340521114106022,opth,2,False,mlp1,bce,msle
81,0.8853675705453877,0.3756350571006717,0.7580645161290323,0.8273244781783681,0.9830890642615558,0.8985059247810407,62.0,Bunium.bulbocastanum,0.5853889943074004,opth,2,False,mlp1,bce,msle
82,0.9075099832538966,0.04175738370609196,0.8571428571428571,0.8295761947700632,0.998914223669924,0.9064039408866995,7.0,Buphthalmum.salicifolium,0.6867190519129203,opth,2,False,mlp1,bce,msle
83,0.8572424855289769,0.1821570884484825,0.6923076923076923,0.8504079782411604,0.9957537154989384,0.917359413202934,13.0,Bupleurum.falcatum,0.5427156705488527,opth,2,False,mlp1,bce,msle
84,0.8863240114373387,0.09350894746416526,0.6923076923076923,0.8087035358114234,0.9955357142857143,0.8924462231115557,13.0,Bupleurum.ranunculoides,0.5010112281191157,opth,2,False,mlp1,bce,msle
85,0.9538068181818181,0.41973182844668017,0.875,0.8263636363636364,0.9978046103183315,0.904027846842367,16.0,Calamagrostis.varia,0.7013636363636364,opth,2,False,mlp1,bce,msle
86,,-0.0,0.0,0.7759856630824373,1.0,0.8738647830474269,0.0,Calluna.vulgaris,-0.22401433691756267,opth,2,False,mlp1,bce,msle
87,0.9287658802177858,0.22737431943036637,0.7142857142857143,0.956442831215971,0.996219281663516,0.975925925925926,14.0,Calystegia.sepium,0.6707285455016851,opth,2,False,mlp1,bce,msle
88,0.9111310592459605,0.05523560209424084,0.5,0.8859964093357271,0.9989878542510121,0.9391056137012369,2.0,Campanula.barbata,0.3859964093357271,opth,2,False,mlp1,bce,msle
89,0.7550802139037434,0.03739747987878406,0.5454545454545454,0.7321266968325791,0.9938574938574939,0.8431474726420011,11.0,Campanula.cochleariifolia,0.27758124228712466,opth,2,False,mlp1,bce,msle
90,0.8504750994002291,0.23985565122409547,0.8309859154929577,0.7148325358851675,0.9841897233201581,0.8281596452328159,71.0,Campanula.glomerata,0.5458184513781252,opth,2,False,mlp1,bce,msle
91,0.8385604693140795,0.025061368373032505,0.375,0.8889891696750902,0.9949494949494949,0.9389895138226882,8.0,Campanula.rapunculoides,0.26398916967509023,opth,2,False,mlp1,bce,msle
92,0.8709532374100719,0.1935730960023344,0.5,0.9514388489208633,0.9981132075471698,0.9742173112338858,4.0,Campanula.rapunculus,0.4514388489208634,opth,2,False,mlp1,bce,msle
93,0.9036355480673501,0.4995693023559657,0.8539325842696629,0.8500486854917235,0.9853273137697517,0.9127025614218505,89.0,Campanula.rhomboidalis,0.7039812697613863,opth,2,False,mlp1,bce,msle
94,0.7604064241232382,0.27919690319044155,0.6363636363636364,0.7335299901671584,0.9539641943734015,0.8293496386881601,99.0,Campanula.rotundifolia,0.3698936265307946,opth,2,False,mlp1,bce,msle
95,0.8753141912083775,0.3958490476454908,0.6422764227642277,0.8680765357502518,0.9514348785871964,0.9078462348604529,123.0,Campanula.scheuchzeri,0.5103529585144795,opth,2,False,mlp1,bce,msle
96,,-0.0,0.0,0.8369175627240143,1.0,0.911219512195122,0.0,Campanula.thyrsoides,-0.1630824372759857,opth,2,False,mlp1,bce,msle
97,0.6635051258804658,0.029063205922714004,0.6153846153846154,0.5503173164097914,0.9918300653594772,0.707871720116618,13.0,Capsella.bursa.pastoris,0.16570193179440684,opth,2,False,mlp1,bce,msle
98,0.9547920433996383,0.13961028674345086,0.9,0.9086799276672695,0.9990059642147118,0.9517045454545454,10.0,Cardamine.pratensis,0.8086799276672694,opth,2,False,mlp1,bce,msle
99,0.8555977940782781,0.43851392385969323,0.7744360902255639,0.7782299084435402,0.9622641509433962,0.8605174353205849,133.0,Carduus.defloratus,0.552665998669104,opth,2,False,mlp1,bce,msle
100,0.7675359712230216,0.036988458710752646,0.5,0.8767985611510791,0.9979529170931423,0.9334609861177597,4.0,Carduus.nutans,0.3767985611510791,opth,2,False,mlp1,bce,msle
101,0.9201888489208633,0.14525394442838807,1.0,0.737410071942446,1.0,0.8488612836438924,4.0,Carex.atrata,0.7374100719424459,opth,2,False,mlp1,bce,msle
102,0.9556650246305419,0.32950854377257854,0.8571428571428571,0.8702359346642469,0.9979188345473465,0.9297140087251575,14.0,Carex.capillaris,0.727378791807104,opth,2,False,mlp1,bce,msle
103,0.7717024564058903,0.2734995205645403,0.6451612903225806,0.7468230694037146,0.958594730238394,0.8395604395604396,93.0,Carex.caryophyllea,0.3919843597262953,opth,2,False,mlp1,bce,msle
104,0.9226301321273388,0.24477052838273547,0.9523809523809523,0.8156424581005587,0.9977220956719818,0.8975409836065574,42.0,Carex.curvula,0.7680234104815109,opth,2,False,mlp1,bce,msle
105,0.7213381555153707,0.019945091401297268,0.2,0.8698010849909584,0.9917525773195877,0.9267822736030829,10.0,Carex.davalliana,0.0698010849909585,opth,2,False,mlp1,bce,msle
106,0.716786355475763,0.0045979120789495145,0.0,0.9290843806104129,0.9980713596914176,0.9623430962343096,2.0,Carex.distans,-0.07091561938958713,opth,2,False,mlp1,bce,msle
107,0.9628631326744534,0.13604465709728866,1.0,0.8751123090745733,1.0,0.9333972208912314,3.0,Carex.divulsa,0.8751123090745732,opth,2,False,mlp1,bce,msle
108,0.8857913669064748,0.035504278806387984,0.75,0.8471223021582733,0.9989395546129375,0.9167883211678832,4.0,Carex.ericetorum,0.5971223021582732,opth,2,False,mlp1,bce,msle
109,0.8806205035971223,0.020218930946362176,0.75,0.7877697841726619,0.9988597491448119,0.8808446455505279,4.0,Carex.ferruginea,0.5377697841726619,opth,2,False,mlp1,bce,msle
110,0.7985777181729148,0.3378144913760852,0.6371681415929203,0.810568295114656,0.9519906323185011,0.875605815831987,113.0,Carex.flacca,0.44773643670757624,opth,2,False,mlp1,bce,msle
111,0.8894104516806723,0.27365194719107316,0.6785714285714286,0.8841911764705882,0.9907312049433573,0.9344341913550267,28.0,Carex.halleriana,0.5627626050420167,opth,2,False,mlp1,bce,msle
112,0.8805638837638377,0.16961629397315542,0.875,0.7269372693726938,0.9949494949494949,0.8400852878464818,32.0,Carex.hirta,0.6019372693726939,opth,2,False,mlp1,bce,msle
113,0.8799460431654677,0.040036314661007474,0.75,0.7904676258992805,0.9988636363636364,0.8825301204819277,4.0,Carex.hostiana,0.5404676258992804,opth,2,False,mlp1,bce,msle
114,0.89124868697479,0.2211782900336058,0.7142857142857143,0.8483455882352942,0.99140708915145,0.9143140168400198,28.0,Carex.humilis,0.5626313025210083,opth,2,False,mlp1,bce,msle
115,0.8734143338864209,0.15408306524879928,0.35294117647058826,0.9654231119199272,0.9897388059701493,0.9774297558728696,17.0,Carex.liparocarpos,0.31836428839051556,opth,2,False,mlp1,bce,msle
116,0.8690207581227437,0.033151289335128335,0.75,0.8014440433212996,0.9977528089887641,0.8888888888888888,8.0,Carex.montana,0.5514440433212995,opth,2,False,mlp1,bce,msle
117,0.8646326425076575,0.13509354503940793,0.782608695652174,0.7621225983531564,0.9940334128878282,0.8627654065251166,23.0,Carex.spicata,0.5447312940053304,opth,2,False,mlp1,bce,msle
118,0.8850595783684693,0.21275243523564483,0.48,0.9358386801099908,0.9874274661508704,0.9609411764705882,25.0,Carex.nigra,0.4158386801099909,opth,2,False,mlp1,bce,msle
119,0.7564195298372514,0.04282779619813498,0.3,0.8417721518987342,0.9925373134328358,0.910958904109589,10.0,Carex.ornithopoda,0.14177215189873427,opth,2,False,mlp1,bce,msle
120,0.9572332730560579,0.2466284330673092,1.0,0.8517179023508138,1.0,0.919921875,10.0,Carex.pallescens,0.8517179023508139,opth,2,False,mlp1,bce,msle
121,0.8781176657782729,0.12166317784726637,0.6956521739130435,0.8142726440988106,0.992196209587514,0.8944723618090452,23.0,Carex.panicea,0.5099248180118541,opth,2,False,mlp1,bce,msle
122,0.8546546546546547,0.02924275975322152,0.16666666666666666,0.9531531531531532,0.9952963311382879,0.9737689829728486,6.0,Carex.rupestris,0.11981981981981993,opth,2,False,mlp1,bce,msle
123,0.8580084119586223,0.4431275512265838,0.8315789473684211,0.7419006479481641,0.9554937413073713,0.835258358662614,190.0,Carex.sempervirens,0.5734795953165852,opth,2,False,mlp1,bce,msle
124,0.8970027247956404,0.14601559003735376,0.8666666666666667,0.7992733878292462,0.9977324263038548,0.8875441250630358,15.0,Carex.tomentosa,0.6659400544959129,opth,2,False,mlp1,bce,msle
125,0.8439564758185346,0.35738179803549425,0.8211382113821138,0.7643504531722054,0.971830985915493,0.8556933483652762,123.0,Carlina.acaulis,0.5854886645543194,opth,2,False,mlp1,bce,msle
126,0.8741897955791924,0.20300678892455284,0.5454545454545454,0.8903107861060329,0.9898373983739838,0.9374398460057748,22.0,Carlina.vulgaris,0.4357653315605783,opth,2,False,mlp1,bce,msle
127,0.861792682774396,0.3673379379758399,0.8571428571428571,0.7237728585178056,0.9855832241153342,0.8346281908990011,77.0,Carum.carvi,0.5809157156606628,opth,2,False,mlp1,bce,msle
128,0.8521542697131562,0.4569940442116469,0.9230769230769231,0.6852248394004282,0.9785932721712538,0.8060453400503779,182.0,Centaurea.jacea,0.6083017624773515,opth,2,False,mlp1,bce,msle
129,0.9001046854677537,0.25670755615186164,0.7586206896551724,0.8399264029438822,0.9923913043478261,0.9098156452416543,29.0,Centaurea.montana,0.5985470925990546,opth,2,False,mlp1,bce,msle
130,0.8323879434990545,0.35642514876380105,0.8205128205128205,0.6756756756756757,0.9698275862068966,0.7964601769911505,117.0,Centaurea.scabiosa,0.49618849618849614,opth,2,False,mlp1,bce,msle
131,0.8554109052301625,0.5830988055346321,0.7918552036199095,0.7251396648044692,0.9338129496402877,0.8163522012578617,221.0,Cerastium.arvense,0.5169948684243786,opth,2,False,mlp1,bce,msle
132,0.8715328467153285,0.10068818395980124,0.65,0.9005474452554745,0.9929577464788732,0.9444976076555024,20.0,Cerastium.brachypetalum,0.5505474452554746,opth,2,False,mlp1,bce,msle
133,0.8035748792270533,0.3342300020792704,0.74,0.7236024844720497,0.9471544715447154,0.8204225352112676,150.0,Cerastium.fontanum,0.46360248447204966,opth,2,False,mlp1,bce,msle
134,0.9219431714023831,0.2784966155832525,0.6,0.928505957836847,0.9902248289345064,0.9583727530747398,25.0,Cerastium.glomeratum,0.528505957836847,opth,2,False,mlp1,bce,msle
135,0.8673863636363637,0.13568899400860904,0.625,0.87,0.9937694704049844,0.9277750848279205,16.0,Cerastium.pumilum,0.4950000000000001,opth,2,False,mlp1,bce,msle
136,0.9344539711191336,0.09057342558245268,0.875,0.8546931407942239,0.9989451476793249,0.9212062256809338,8.0,Cerastium.semidecandrum,0.729693140794224,opth,2,False,mlp1,bce,msle
137,0.8424771182358294,0.12247109454219003,0.7058823529411765,0.7734303912647862,0.9941520467836257,0.8700102354145343,17.0,Chaerophyllum.aureum,0.4793127442059628,opth,2,False,mlp1,bce,msle
138,0.8848348348348349,0.2569028329647261,0.6666666666666666,0.8612612612612612,0.9979123173277662,0.9245647969052224,6.0,Chaerophyllum.hirsutum,0.5279279279279279,opth,2,False,mlp1,bce,msle
139,0.9170620437956204,0.3041629815373971,0.55,0.9324817518248175,0.991270611057226,0.9609779031499764,20.0,Chaerophyllum.villarsii,0.48248175182481745,opth,2,False,mlp1,bce,msle
140,0.4618834080717489,0.0016638935108153079,0.0,0.7426008968609865,0.9987937273823885,0.8518518518518519,1.0,Chenopodium.album,-0.2573991031390135,opth,2,False,mlp1,bce,msle
141,0.8257386363636364,0.2906956922960755,0.6875,0.7845454545454545,0.9942396313364056,0.8770325203252033,16.0,Chondrilla.juncea,0.47204545454545466,opth,2,False,mlp1,bce,msle
142,0.8193997166044055,0.030594447809217166,0.5714285714285714,0.7889990982867449,0.9965831435079726,0.8807247106190237,7.0,Cichorium.intybus,0.36042766971531615,opth,2,False,mlp1,bce,msle
143,0.7074223503041946,0.18905158739935268,0.52,0.7569644572526417,0.9563106796116505,0.8450402144772118,75.0,Cirsium.acaule,0.27696445725264174,opth,2,False,mlp1,bce,msle
144,0.7795167006077321,0.12456106641655956,0.847457627118644,0.5998107852412489,0.9860031104199067,0.7458823529411764,59.0,Cirsium.arvense,0.4472684123598929,opth,2,False,mlp1,bce,msle
145,0.9155009025270758,0.05650413050682822,0.875,0.8655234657039711,0.9989583333333333,0.9274661508704062,8.0,Cirsium.eriophorum,0.740523465703971,opth,2,False,mlp1,bce,msle
146,0.9760830324909747,0.3723105068693348,1.0,0.8898916967509025,1.0,0.941738299904489,8.0,Cirsium.palustre,0.8898916967509025,opth,2,False,mlp1,bce,msle
147,0.8837000624219725,0.2604742895438236,0.6666666666666666,0.8717228464419475,0.9831045406546991,0.9240694789081886,48.0,Cirsium.spinosissimum,0.5383895131086143,opth,2,False,mlp1,bce,msle
148,0.8130081300813008,0.025353024225691134,0.5555555555555556,0.7470641373080398,0.9951865222623345,0.8534571723426213,9.0,Cirsium.tuberosum,0.30261969286359536,opth,2,False,mlp1,bce,msle
149,0.8301855116259549,0.18337998309177442,0.5757575757575758,0.863342566943675,0.9852476290832455,0.9202755905511811,33.0,Cirsium.vulgare,0.43910014270125064,opth,2,False,mlp1,bce,msle
150,0.7703259647808167,0.15514037949260687,0.35294117647058826,0.9035486806187443,0.9890438247011952,0.9443651925820257,17.0,Clinopodium.vulgare,0.2564898570893326,opth,2,False,mlp1,bce,msle
151,0.800456204379562,0.06587860557294097,0.6,0.7381386861313869,0.9902080783353733,0.8457919498170413,20.0,Coeloglossum.viride,0.33813868613138687,opth,2,False,mlp1,bce,msle
152,0.8668797360688696,0.32460215350548555,0.7789473684210526,0.7806072477962782,0.9743276283618582,0.8667754214246873,95.0,Colchicum.autumnale,0.5595546162173308,opth,2,False,mlp1,bce,msle
153,0.843800539083558,0.21518649489507033,0.7321428571428571,0.7528301886792453,0.981549815498155,0.8521089161772557,56.0,Convolvulus.arvensis,0.48497304582210243,opth,2,False,mlp1,bce,msle
154,0.788118811881188,0.012177683851045909,0.8,0.6777677767776777,0.9986737400530504,0.8075067024128686,5.0,Conyza.canadensis,0.4777677767776778,opth,2,False,mlp1,bce,msle
155,0.8389246323529411,0.16839182733196248,0.5,0.9310661764705882,0.9863680623174295,0.957919621749409,28.0,Coronilla.minima,0.4310661764705883,opth,2,False,mlp1,bce,msle
156,0.7678678678678679,0.024622283574209935,0.6666666666666666,0.8648648648648649,0.997920997920998,0.9266409266409267,6.0,Crepis.aurea,0.5315315315315314,opth,2,False,mlp1,bce,msle
157,0.8875653517110267,0.3125706909605963,0.828125,0.7861216730038023,0.986873508353222,0.8751322751322751,64.0,Crepis.biennis,0.6142466730038023,opth,2,False,mlp1,bce,msle
158,0.9561561561561561,0.13680313749332154,0.8333333333333334,0.8873873873873874,0.9989858012170385,0.9398854961832062,6.0,Crepis.bocconi,0.7207207207207209,opth,2,False,mlp1,bce,msle
159,0.8842089371980677,0.14967278569433154,0.6666666666666666,0.8487318840579711,0.9957492029755579,0.9163814180929095,12.0,Crepis.conyzifolia,0.5153985507246377,opth,2,False,mlp1,bce,msle
160,0.9310362274843149,0.3266357475235626,0.9444444444444444,0.7540983606557377,0.9987937273823885,0.8593668915412558,18.0,Crepis.foetida,0.6985428051001821,opth,2,False,mlp1,bce,msle
161,0.9878815080789946,0.125,1.0,0.9542190305206463,1.0,0.9765732659623335,2.0,Crepis.mollis,0.9542190305206462,opth,2,False,mlp1,bce,msle
162,0.9300748836267962,0.28434799119397247,0.8888888888888888,0.8533697632058288,0.9978700745473909,0.9199803632793323,18.0,Crepis.pyrenaica,0.7422586520947176,opth,2,False,mlp1,bce,msle
163,0.8546110237988325,0.27200161519003996,0.7352941176470589,0.7681297709923665,0.9781287970838396,0.860502405130946,68.0,Crepis.vesicaria,0.5034238886394253,opth,2,False,mlp1,bce,msle
164,0.9192825112107623,0.01098901098901099,1.0,0.7955156950672646,1.0,0.8861138861138861,1.0,Cruciata.glabra,0.7955156950672646,opth,2,False,mlp1,bce,msle
165,0.8016937191249117,0.1105155670413586,0.7692307692307693,0.6724770642201835,0.9918809201623816,0.8015308911973756,26.0,Cruciata.laevipes,0.44170783345095277,opth,2,False,mlp1,bce,msle
166,0.8203420342034204,0.02964577581598858,0.4,0.8397839783978398,0.9967948717948718,0.9115779189057157,5.0,Cruciata.pedemontana,0.23978397839783971,opth,2,False,mlp1,bce,msle
167,0.9371069182389936,0.03221016788089959,1.0,0.7205750224618149,1.0,0.8375979112271541,3.0,Cuscuta.epithymum,0.7205750224618148,opth,2,False,mlp1,bce,msle
168,0.8848286903618316,0.2791020536023806,0.88,0.7723342939481268,0.988929889298893,0.8673139158576052,75.0,Cynosurus.cristatus,0.6523342939481269,opth,2,False,mlp1,bce,msle
169,0.8301716350496838,0.678509521995507,0.7962962962962963,0.7168021680216802,0.8729372937293729,0.7872023809523809,378.0,Dactylis.glomerata,0.5130984643179763,opth,2,False,mlp1,bce,msle
170,0.9695067264573991,0.02857142857142857,1.0,0.7820627802690583,1.0,0.8777050830397585,1.0,Dactylorhiza.maculata,0.7820627802690583,opth,2,False,mlp1,bce,msle
171,0.7201646090534979,0.04926789332838608,0.4444444444444444,0.8500451671183379,0.9947145877378436,0.9167072576716999,9.0,Dactylorhiza.majalis,0.2944896115627822,opth,2,False,mlp1,bce,msle
172,0.3976660682226212,0.0021744408080562857,0.0,0.7881508078994613,0.9977272727272727,0.880641925777332,2.0,Danthonia.decumbens,-0.21184919210053865,opth,2,False,mlp1,bce,msle
173,0.8521984427697047,0.2933286819660731,0.9468085106382979,0.649706457925636,0.992526158445441,0.7853341218214075,94.0,Daucus.carota,0.5965149685639339,opth,2,False,mlp1,bce,msle
174,0.7571840106659049,0.18170996000851983,0.5897435897435898,0.8170844939647168,0.9821428571428571,0.8920425747592499,39.0,Deschampsia.cespitosa,0.4068280837083065,opth,2,False,mlp1,bce,msle
175,0.8092884901405747,0.050948867660988266,0.5263157894736842,0.8286235186873291,0.9901960784313726,0.9022332506203474,19.0,Dianthus.carthusianorum,0.35493930816101327,opth,2,False,mlp1,bce,msle
176,0.9066082699987118,0.06862436128874339,0.7142857142857143,0.8440036068530208,0.997867803837953,0.9145090376160234,7.0,Dianthus.deltoides,0.558289321138735,opth,2,False,mlp1,bce,msle
177,0.868949061105924,0.2725158017703196,0.5333333333333333,0.9122315592903828,0.9789579158316634,0.944417593040116,45.0,Dianthus.sylvestris,0.4455648926237161,opth,2,False,mlp1,bce,msle
178,0.8034265103697025,0.030911511366166485,0.42857142857142855,0.9296663660955816,0.996135265700483,0.9617537313432836,7.0,Dipsacus.fullonum,0.3582377946670101,opth,2,False,mlp1,bce,msle
179,0.8611268939393939,0.22394940235267308,0.6166666666666667,0.8304924242424242,0.9744444444444444,0.8967280163599182,60.0,Draba.aizoides,0.447159090909091,opth,2,False,mlp1,bce,msle
180,0.8340827338129496,0.0143731858177066,0.0,0.9100719424460432,0.9960629921259843,0.9511278195488722,4.0,Draba.siliquosa,-0.08992805755395683,opth,2,False,mlp1,bce,msle
181,0.839666357738647,0.12321245609612366,0.6216216216216216,0.830398517145505,0.9846153846153847,0.9009552538964304,37.0,Dryas.octopetala,0.45202013876712677,opth,2,False,mlp1,bce,msle
182,0.88556654676259,0.09445970695970697,0.75,0.9550359712230215,0.9990592662276576,0.976551724137931,4.0,Dryopteris.filix.mas,0.7050359712230216,opth,2,False,mlp1,bce,msle
183,0.845117845117845,0.12133794671067788,0.7777777777777778,0.7520661157024794,0.9927272727272727,0.8557993730407524,27.0,Echium.vulgare,0.5298438934802572,opth,2,False,mlp1,bce,msle
184,0.9300448430493273,0.012658227848101266,1.0,0.9300448430493273,1.0,0.9637546468401487,1.0,Epilobium.angustifolium,0.9300448430493273,opth,2,False,mlp1,bce,msle
185,0.8319856244384547,0.010343578787888856,0.0,0.9101527403414196,0.9970472440944882,0.9516204790981682,3.0,Epipactis.palustris,-0.08984725965858043,opth,2,False,mlp1,bce,msle
186,0.8037312542265007,0.0696024949829822,0.9130434782608695,0.5928636779505947,0.9969230769230769,0.7435456110154905,23.0,Equisetum.arvense,0.5059071562114643,opth,2,False,mlp1,bce,msle
187,0.826400242204057,0.10363399044493622,0.4666666666666667,0.9227974568574023,0.9921875,0.9562352941176471,15.0,Equisetum.palustre,0.389464123524069,opth,2,False,mlp1,bce,msle
188,0.9497307001795332,0.03673245614035087,0.5,0.9820466786355476,0.9990867579908675,0.990493435943866,2.0,Equisetum.telmateia,0.48204667863554773,opth,2,False,mlp1,bce,msle
189,0.9624624624624625,0.1269599573972639,1.0,0.7468468468468469,1.0,0.8550799381124291,6.0,Erigeron.acer,0.746846846846847,opth,2,False,mlp1,bce,msle
190,0.8616389230851575,0.08607386156946929,0.8235294117647058,0.7106460418562329,0.9961734693877551,0.8295273499734467,17.0,Erigeron.alpinus,0.5341754536209389,opth,2,False,mlp1,bce,msle
191,0.896677209808523,0.1746926376061655,0.8518518518518519,0.8328741965105602,0.995609220636663,0.907,27.0,Erigeron.annuus,0.684726048362412,opth,2,False,mlp1,bce,msle
192,0.8958086337959412,0.10156832782753014,0.6923076923076923,0.8830462375339981,0.9959100204498977,0.9360884190293128,13.0,Erigeron.glabratus,0.5753539298416905,opth,2,False,mlp1,bce,msle
193,0.876980548756924,0.11445627983844342,0.7142857142857143,0.8376916140667268,0.9978517722878625,0.9107843137254902,7.0,Erigeron.neglectus,0.5519773283524412,opth,2,False,mlp1,bce,msle
194,0.8736795355771977,0.2213279897925322,0.7241379310344828,0.7755289788408464,0.9905992949471211,0.8699690402476781,29.0,Erigeron.uniflorus,0.49966690987532925,opth,2,False,mlp1,bce,msle
195,0.9610559068553648,0.17889714345775304,0.8888888888888888,0.9105691056910569,0.9990089197224975,0.9527410207939508,9.0,Erodium.cicutarium,0.7994579945799458,opth,2,False,mlp1,bce,msle
196,0.7909313409764266,0.015811608438732336,0.14285714285714285,0.9008115419296664,0.9940298507462687,0.945127719962157,7.0,Erophila.verna,0.0436686847868093,opth,2,False,mlp1,bce,msle
197,0.9011635486604523,0.3258447614949339,0.6551724137931034,0.8960302457466919,0.9793388429752066,0.9358341559723593,58.0,Eryngium.campestre,0.5512026595397952,opth,2,False,mlp1,bce,msle
198,0.8437921287236355,0.21595236229217127,0.6666666666666666,0.8273972602739726,0.9923329682365827,0.9023904382470119,21.0,Erysimum.rhaeticum,0.4940639269406393,opth,2,False,mlp1,bce,msle
199,0.961665169212339,0.40813008130081296,1.0,0.8221024258760108,1.0,0.9023668639053254,3.0,Erysimum.virgatum,0.8221024258760108,opth,2,False,mlp1,bce,msle
200,0.8519855595667869,0.04843703213412158,0.75,0.7743682310469314,0.9976744186046511,0.8719512195121951,8.0,Eupatorium.cannabinum,0.5243682310469313,opth,2,False,mlp1,bce,msle
201,0.7617160544941938,0.34873217697480774,0.6792452830188679,0.7021943573667712,0.9294605809128631,0.8,159.0,Euphorbia.cyparissias,0.38143964038563904,opth,2,False,mlp1,bce,msle
202,0.8315031503150315,0.06565803274079841,0.8,0.8442844284428442,0.9989350372736954,0.9151219512195122,5.0,Euphorbia.dulcis,0.6442844284428442,opth,2,False,mlp1,bce,msle
203,0.6840371368673256,0.0063667813740322385,0.3333333333333333,0.8553459119496856,0.9979035639412998,0.9211417513304305,3.0,Euphorbia.helioscopia,0.18867924528301883,opth,2,False,mlp1,bce,msle
204,0.8732732732732733,0.21317108388314576,0.5,0.9738738738738739,0.9972324723247232,0.9854147675478578,6.0,Euphorbia.seguieriana,0.4738738738738739,opth,2,False,mlp1,bce,msle
205,0.8321756264554265,0.2503506714811879,0.8297872340425532,0.646398503274088,0.9885550786838341,0.7816742081447964,47.0,Euphorbia.brittingeri,0.47618573731664116,opth,2,False,mlp1,bce,msle
206,0.9176444043321299,0.06877659973494037,0.75,0.8357400722021661,0.9978448275862069,0.9096267190569745,8.0,Euphrasia.alpina,0.585740072202166,opth,2,False,mlp1,bce,msle
207,0.9356004819922346,0.3911478769788468,0.9591836734693877,0.7731958762886598,0.9975816203143894,0.8711721224920802,49.0,Euphrasia.minima,0.7323795497580474,opth,2,False,mlp1,bce,msle
208,0.8227954767859085,0.13294760031327954,0.7647058823529411,0.7818853974121996,0.990632318501171,0.8739669421487604,34.0,Euphrasia.salisburgensis,0.5465912797651407,opth,2,False,mlp1,bce,msle
209,0.8624662466246625,0.02185140103786396,0.6,0.8001800180018002,0.9977553310886644,0.8881118881118881,5.0,Euphrasia.stricta,0.40018001800180025,opth,2,False,mlp1,bce,msle
210,0.8817060509157356,0.44420311543055474,0.859504132231405,0.7748743718592965,0.9784263959390863,0.8648345485137409,121.0,Festuca.arundinacea,0.6343785040907015,opth,2,False,mlp1,bce,msle
211,0.8828977272727272,0.28774871368098315,0.5625,0.9645454545454546,0.9934456928838952,0.9787822878228782,16.0,Festuca.ovina,0.5270454545454546,opth,2,False,mlp1,bce,msle
212,0.8861566484517305,0.0888104828384702,0.6666666666666666,0.8752276867030966,0.9937952430196484,0.9307506053268765,18.0,Festuca.halleri,0.5418943533697633,opth,2,False,mlp1,bce,msle
213,0.8358675474994539,0.41622044224646004,0.7763157894736842,0.733402489626556,0.9541160593792173,0.829325513196481,152.0,Festuca.laevigata,0.5097182791002401,opth,2,False,mlp1,bce,msle
214,0.8503942101064403,0.4187640405936084,0.7132867132867133,0.8129496402877698,0.9507211538461539,0.8764542936288089,143.0,Festuca.nigrescens,0.5262363535744832,opth,2,False,mlp1,bce,msle
215,0.897797960757433,0.3942461932039029,0.8545454545454545,0.8105560791705938,0.9907834101382489,0.8916537065837221,55.0,Festuca.paniculata,0.6651015337160482,opth,2,False,mlp1,bce,msle
216,0.9137623124367117,0.3355030935225606,0.7843137254901961,0.847887323943662,0.9879649890590809,0.9125821121778676,51.0,Festuca.quadriflora,0.6322010494338581,opth,2,False,mlp1,bce,msle
217,0.7033504931023512,0.2388076562137442,0.4295774647887324,0.8193018480492813,0.9078498293515358,0.8613059902860226,142.0,Festuca.rubra,0.2488793128380138,opth,2,False,mlp1,bce,msle
218,0.949547006302521,0.40936390133205347,0.8214285714285714,0.9071691176470589,0.9949596774193549,0.9490384615384615,28.0,Festuca.valesiaca,0.7285976890756303,opth,2,False,mlp1,bce,msle
219,0.8773276514231381,0.42986949103467176,0.8120805369127517,0.7869700103412617,0.9645120405576679,0.8667425968109339,149.0,Festuca.violacea,0.5990505472540133,opth,2,False,mlp1,bce,msle
220,0.8052239567391082,0.10002770070102225,0.5925925925925926,0.7961432506887053,0.9874715261958997,0.8815455007625826,27.0,Filipendula.vulgaris,0.38873584328129773,opth,2,False,mlp1,bce,msle
221,0.9144021739130435,0.10332385701845331,0.9166666666666666,0.6929347826086957,0.9986945169712794,0.8181818181818182,12.0,Fragaria.vesca,0.6096014492753623,opth,2,False,mlp1,bce,msle
222,0.8615384615384615,0.10924478987745297,0.2727272727272727,0.9610859728506788,0.9925233644859813,0.976551724137931,11.0,Fumana.procumbens,0.23381324557795136,opth,2,False,mlp1,bce,msle
223,0.7986236462093863,0.03590104978503386,0.75,0.7680505415162455,0.9976553341148886,0.8679245283018868,8.0,Galeopsis.tetrahit,0.5180505415162455,opth,2,False,mlp1,bce,msle
224,0.8252691701680672,0.09533787383808588,0.8571428571428571,0.7068014705882353,0.9948253557567918,0.8264373992477163,28.0,Galium.anisophyllon,0.5639443277310923,opth,2,False,mlp1,bce,msle
225,0.7596672661870503,0.05006997204941633,0.5,0.5926258992805755,0.9969742813918305,0.7433728144388043,4.0,Galium.aparine,0.09262589928057552,opth,2,False,mlp1,bce,msle
226,0.8457949662369552,0.17109086719287034,0.8333333333333334,0.6933701657458563,0.9934036939313984,0.8167028199566161,30.0,Galium.boreale,0.5267034990791897,opth,2,False,mlp1,bce,msle
227,0.9118427121771218,0.2677198292336108,0.53125,0.9215867158671587,0.985207100591716,0.9523355576739753,32.0,Galium.corrudifolium,0.4528367158671587,opth,2,False,mlp1,bce,msle
228,0.8172237277928335,0.07496188997122208,0.3333333333333333,0.8816621499548328,0.9938900203665988,0.9344183820009574,9.0,Galium.glaucum,0.2149954832881662,opth,2,False,mlp1,bce,msle
229,0.8150937964784339,0.08545054734295583,0.7368421052631579,0.7383773928896992,0.9938650306748467,0.8472803347280334,19.0,Galium.lucidum,0.475219498152857,opth,2,False,mlp1,bce,msle
230,0.8496718703390673,0.5550382983134459,0.8761061946902655,0.6831460674157304,0.9559748427672956,0.7968545216251638,226.0,Galium.mollugo,0.5592522621059959,opth,2,False,mlp1,bce,msle
231,0.7747913119315586,0.2885440280479122,0.7024793388429752,0.7246231155778895,0.952443857331572,0.8230593607305936,121.0,Galium.pumilum,0.4271024544208646,opth,2,False,mlp1,bce,msle
232,0.7995526792922275,0.5378612835805587,0.704119850187266,0.7149587750294464,0.8848396501457726,0.7908794788273615,267.0,Galium.verum,0.41907862521671246,opth,2,False,mlp1,bce,msle
233,0.8544828981987453,0.08310131232233818,0.6111111111111112,0.8925318761384335,0.9929078014184397,0.9400479616306955,18.0,Genista.pilosa,0.5036429872495447,opth,2,False,mlp1,bce,msle
234,0.8491526605760513,0.08941497984809393,0.6923076923076923,0.7651858567543064,0.9952830188679245,0.8651973347001538,13.0,Genista.sagittalis,0.4574935490619987,opth,2,False,mlp1,bce,msle
235,0.8609349220898258,0.16577984854562527,0.68,0.8304307974335472,0.9912472647702407,0.9037406483790523,25.0,Genista.tinctoria,0.5104307974335471,opth,2,False,mlp1,bce,msle
236,0.8805803571428571,0.20113581576569062,0.75,0.8446691176470589,0.9924406047516199,0.9126117179741807,28.0,Gentiana.acaulis,0.5946691176470589,opth,2,False,mlp1,bce,msle
237,0.9246745382985165,0.27798566632358385,0.8666666666666667,0.8228882833787466,0.9977973568281938,0.9019412643106023,15.0,Gentiana.alpina,0.6895549500454132,opth,2,False,mlp1,bce,msle
238,0.9479226655697244,0.16781788725795221,0.9090909090909091,0.885972850678733,0.9989795918367347,0.9390887290167865,11.0,Gentiana.bavarica,0.7950637597696422,opth,2,False,mlp1,bce,msle
239,0.9094202898550725,0.07381888273087506,0.9166666666666666,0.8106884057971014,0.9988839285714286,0.895,12.0,Gentiana.cruciata,0.7273550724637681,opth,2,False,mlp1,bce,msle
240,0.9181667271878404,0.3929891706119582,0.918918918918919,0.7763915547024952,0.992638036809816,0.8712977921378567,74.0,Gentiana.lutea,0.6953104736214142,opth,2,False,mlp1,bce,msle
241,0.8718878582885836,0.0775388907179524,0.46153846153846156,0.9483227561196736,0.99335232668566,0.9703153988868275,13.0,Gentiana.nivalis,0.4098612176581353,opth,2,False,mlp1,bce,msle
242,0.9093207155820586,0.17278914873214268,0.9285714285714286,0.7722323049001815,0.9988262910798122,0.8710337768679631,14.0,Gentiana.punctata,0.7008037334716102,opth,2,False,mlp1,bce,msle
243,0.8849954808656875,0.4176704900463565,0.7575757575757576,0.8053097345132744,0.9715302491103203,0.8806451612903226,99.0,Gentiana.verna,0.5628854920890318,opth,2,False,mlp1,bce,msle
244,0.8626657969123722,0.09801722471632095,0.7619047619047619,0.7990867579908676,0.9943181818181818,0.8860759493670886,21.0,Geranium.columbinum,0.5609915198956295,opth,2,False,mlp1,bce,msle
245,0.9054179295143151,0.24305153993472225,0.7297297297297297,0.8239110287303059,0.9888765294771968,0.8988877654196158,37.0,Geranium.dissectum,0.5536407584600356,opth,2,False,mlp1,bce,msle
246,0.9370052295734779,0.2607396205119925,0.8421052631578947,0.8669097538742023,0.9968553459119497,0.9273525109702584,19.0,Geranium.molle,0.709015017032097,opth,2,False,mlp1,bce,msle
247,0.8473687071871262,0.16556495846485594,0.8529411764705882,0.6940850277264325,0.9933862433862434,0.8171926006528836,34.0,Geranium.pyrenaicum,0.5470262041970209,opth,2,False,mlp1,bce,msle
248,0.8781474820143884,0.0322961057545934,1.0,0.6591726618705036,1.0,0.794579945799458,4.0,Geranium.robertianum,0.6591726618705036,opth,2,False,mlp1,bce,msle
249,0.8970297029702969,0.04322748661563716,0.8,0.8406840684068407,0.9989304812834224,0.9130009775171065,5.0,Geranium.rotundifolium,0.6406840684068409,opth,2,False,mlp1,bce,msle
250,0.9811659192825112,0.045454545454545456,1.0,0.6349775784753363,1.0,0.7767416346681295,1.0,Geranium.sanguineum,0.6349775784753362,opth,2,False,mlp1,bce,msle
251,0.8663654437014278,0.4983225173501577,0.7818181818181819,0.8111332007952287,0.9714285714285714,0.8840736728060672,110.0,Geranium.sylvaticum,0.5929513826134105,opth,2,False,mlp1,bce,msle
252,0.9120169789227165,0.49746896677679914,0.9357142857142857,0.7879098360655737,0.9884318766066839,0.8768529076396807,140.0,Geum.montanum,0.7236241217798596,opth,2,False,mlp1,bce,msle
253,0.8382220216606497,0.0776677979684708,0.625,0.822202166064982,0.9967177242888403,0.9010880316518298,8.0,Geum.rivale,0.4472021660649821,opth,2,False,mlp1,bce,msle
254,,-0.0,0.0,0.7786738351254481,1.0,0.8755667506297229,0.0,Geum.urbanum,-0.22132616487455192,opth,2,False,mlp1,bce,msle
255,0.9485148514851485,0.11122611919019104,1.0,0.6462646264626463,1.0,0.7851284855112083,5.0,Glechoma.hederacea,0.6462646264626462,opth,2,False,mlp1,bce,msle
256,0.857819679546699,0.34110080839051443,0.6410256410256411,0.8737233054781801,0.9853403141361257,0.9261811023622047,39.0,Globularia.bisnagarica,0.5147489465038211,opth,2,False,mlp1,bce,msle
257,0.8731767299864315,0.21871440240479362,0.6818181818181818,0.855410447761194,0.9849624060150376,0.9156265601597604,44.0,Globularia.cordifolia,0.5372286295793758,opth,2,False,mlp1,bce,msle
258,0.9174174174174174,0.2045015091492171,0.8333333333333334,0.8882882882882883,0.9989868287740629,0.9403910348116357,6.0,Globularia.nudicaulis,0.7216216216216216,opth,2,False,mlp1,bce,msle
259,0.7625964261302607,0.10393858827755911,0.6842105263157895,0.6706864564007421,0.9836734693877551,0.797573083287369,38.0,Gymnadenia.conopsea,0.3548969827165316,opth,2,False,mlp1,bce,msle
260,0.8335597826086957,0.04593862364072901,0.5,0.8759057971014492,0.9938335046248715,0.9311506981222918,12.0,Gypsophila.repens,0.3759057971014492,opth,2,False,mlp1,bce,msle
261,0.8067596702599874,0.38778599630401883,0.7831325301204819,0.7178947368421053,0.9498607242339833,0.8177458033573142,166.0,Helianthemum.nummularium,0.5010272669625873,opth,2,False,mlp1,bce,msle
262,0.8457399103139014,0.005780346820809248,1.0,0.8376681614349776,1.0,0.9116642264519278,1.0,Helleborus.foetidus,0.8376681614349777,opth,2,False,mlp1,bce,msle
263,0.8531667450740128,0.31415102028695496,0.7752808988764045,0.7809152872444012,0.975669099756691,0.8674959437533802,89.0,Heracleum.sphondylium,0.5561961861208058,opth,2,False,mlp1,bce,msle
264,0.7379878912791445,0.03223331371230004,0.5714285714285714,0.7673579801623084,0.9964871194379391,0.8670402445236882,7.0,Hieracium.bifidum,0.3387865515908799,opth,2,False,mlp1,bce,msle
265,0.7618187292984042,0.017741348436235427,0.7777777777777778,0.6991869918699187,0.9974226804123711,0.8220924057355284,9.0,Hieracium.murorum,0.4769647696476964,opth,2,False,mlp1,bce,msle
266,0.866820987654321,0.1345294040772015,0.6944444444444444,0.8518518518518519,0.9881847475832438,0.9149676777722526,36.0,Hieracium.piliferum,0.5462962962962963,opth,2,False,mlp1,bce,msle
267,0.8885885885885886,0.044014172881143565,0.6666666666666666,0.8432432432432433,0.997867803837953,0.9140625,6.0,Hieracium.prenanthoides,0.50990990990991,opth,2,False,mlp1,bce,msle
268,0.9124694749694751,0.2593901431152171,0.7916666666666666,0.8736263736263736,0.9947862356621481,0.9302779132130667,24.0,Hieracium.villosum,0.6652930402930401,opth,2,False,mlp1,bce,msle
269,0.9411931818181818,0.23916179116316533,0.8125,0.8518181818181818,0.9968085106382979,0.9186274509803921,16.0,Himantoglossum.hircinum,0.6643181818181818,opth,2,False,mlp1,bce,msle
270,0.7632629477886334,0.2544483975267198,0.5526315789473685,0.810379241516966,0.9409038238702202,0.8707774798927614,114.0,Hippocrepis.comosa,0.3630108204643345,opth,2,False,mlp1,bce,msle
271,0.9239027250390887,0.5957362080253635,0.8040540540540541,0.868801652892562,0.9666666666666667,0.9151251360174102,148.0,Holcus.lanatus,0.6728557069466161,opth,2,False,mlp1,bce,msle
272,0.8509142624949209,0.17983590342850533,0.5869565217391305,0.8551401869158879,0.9796573875802997,0.9131736526946108,46.0,Homogyne.alpina,0.4420967086550185,opth,2,False,mlp1,bce,msle
273,0.8776276276276276,0.3653153419226769,0.8333333333333334,0.9279279279279279,0.9990300678952473,0.9621672115833723,6.0,Hornungia.petraea,0.7612612612612613,opth,2,False,mlp1,bce,msle
274,0.9000549954170486,0.29568591005818257,0.8,0.8643446379468378,0.9947257383966245,0.9249632172633644,25.0,Hypericum.maculatum,0.6643446379468378,opth,2,False,mlp1,bce,msle
275,0.8263559249421644,0.15904694146845347,0.9090909090909091,0.644674835061263,0.9927431059506531,0.7817142857142857,55.0,Hypericum.perforatum,0.5537657441521722,opth,2,False,mlp1,bce,msle
276,0.9337012069152985,0.27125099727917557,0.9117647058823529,0.83271719038817,0.9966814159292036,0.9073514602215509,34.0,Hypericum.richeri,0.7444818962705231,opth,2,False,mlp1,bce,msle
277,0.8501499077490775,0.19258704039716984,0.71875,0.7869003690036901,0.9895591647331786,0.8766700924974307,32.0,Hypochaeris.maculata,0.50565036900369,opth,2,False,mlp1,bce,msle
278,0.9171003717472119,0.3238550916038845,0.775,0.8401486988847584,0.9901423877327492,0.9089994972347913,40.0,Hypochaeris.radicata,0.6151486988847585,opth,2,False,mlp1,bce,msle
279,0.927158273381295,0.06471755368814192,0.5,0.9613309352517986,0.9981325863678805,0.9793861658268438,4.0,Hyssopus.officinalis,0.46133093525179847,opth,2,False,mlp1,bce,msle
280,0.8648503987582293,0.19186955723095261,0.7058823529411765,0.8180163785259327,0.9944690265486725,0.8976535197204194,17.0,Inula.salicina,0.5238987314671091,opth,2,False,mlp1,bce,msle
281,0.8363636363636364,0.023859623275936097,0.0,0.9891989198919892,0.9954710144927537,0.9923250564334086,5.0,Isatis.tinctoria,-0.010801080108010841,opth,2,False,mlp1,bce,msle
282,0.6156156156156156,0.015972460788310733,0.5,0.8036036036036036,0.9966480446927374,0.8897755610972569,6.0,Juncus.alpinoarticulatus,0.3036036036036036,opth,2,False,mlp1,bce,msle
283,0.7817028985507246,0.046123506081675335,0.3333333333333333,0.947463768115942,0.9924098671726755,0.969416126042632,12.0,Juncus.articulatus,0.2807971014492754,opth,2,False,mlp1,bce,msle
284,0.9406588447653429,0.07831941155226368,0.625,0.9305054151624549,0.9970986460348162,0.9626517273576097,8.0,Juncus.effusus,0.5555054151624548,opth,2,False,mlp1,bce,msle
285,0.8099431818181817,0.04899854888275294,0.3125,0.9254545454545454,0.989310009718173,0.9563175199624236,16.0,Juncus.inflexus,0.2379545454545453,opth,2,False,mlp1,bce,msle
286,0.9612932604735883,0.4932665559055489,0.7777777777777778,0.930783242258652,0.9961013645224172,0.9623352165725048,18.0,Juncus.jacquinii,0.7085610200364298,opth,2,False,mlp1,bce,msle
287,0.8318330071754729,0.06315741247001515,0.38095238095238093,0.9004566210045662,0.986986986986987,0.941738299904489,21.0,Juncus.trifidus,0.28140900195694707,opth,2,False,mlp1,bce,msle
288,0.942934293429343,0.14067754613807246,0.6,0.9711971197119712,0.9981498612395929,0.9844890510948905,5.0,Juncus.triglumis,0.5711971197119712,opth,2,False,mlp1,bce,msle
289,0.8690936522422625,0.5147146014549256,0.8229665071770335,0.7805953693495039,0.9503355704697987,0.8571428571428571,209.0,Knautia.arvensis,0.6035618765265374,opth,2,False,mlp1,bce,msle
290,0.929470802919708,0.26180310862198064,0.95,0.7801094890510949,0.9988317757009346,0.8760245901639344,20.0,Knautia.dipsacifolia,0.7301094890510949,opth,2,False,mlp1,bce,msle
291,0.7911719939117199,0.057065696941561515,0.7619047619047619,0.6995433789954338,0.993514915693904,0.8210075026795284,21.0,Koeleria.macrantha,0.4614481409001958,opth,2,False,mlp1,bce,msle
292,0.7734073088209354,0.16938421461232994,0.576271186440678,0.7786187322611163,0.9705188679245284,0.8640419947506561,59.0,Koeleria.pyramidata,0.3548899187017942,opth,2,False,mlp1,bce,msle
293,0.8153542898640938,0.2570165335806675,0.5555555555555556,0.903828197945845,0.979757085020243,0.9402622632345798,45.0,Koeleria.vallesiana,0.4593837535014007,opth,2,False,mlp1,bce,msle
294,0.902622061482821,0.22057618556563519,0.7,0.8444846292947559,0.9967982924226254,0.9143416544297601,10.0,Lactuca.perennis,0.5444846292947558,opth,2,False,mlp1,bce,msle
295,0.8062780269058296,0.004608294930875576,0.0,0.873542600896861,0.9989743589743589,0.9320574162679426,1.0,Lactuca.serriola,-0.12645739910313902,opth,2,False,mlp1,bce,msle
296,0.9019784172661871,0.021581833747328864,0.75,0.8884892086330936,0.9989888776541962,0.9405045216563541,4.0,Lamium.purpureum,0.6384892086330936,opth,2,False,mlp1,bce,msle
297,0.7796229802513466,0.1270408163265306,0.5,0.8456014362657092,0.9989395546129375,0.9158969372873116,2.0,Lapsana.communis,0.34560143626570916,opth,2,False,mlp1,bce,msle
298,0.6423423423423423,0.02624018325827957,0.5,0.8972972972972973,0.996996996996997,0.9445234708392604,6.0,Laserpitium.halleri,0.39729729729729746,opth,2,False,mlp1,bce,msle
299,0.9111903134459526,0.2724259380901555,0.868421052631579,0.8163265306122449,0.9943502824858758,0.8965868568517575,38.0,Laserpitium.latifolium,0.6847475832438239,opth,2,False,mlp1,bce,msle
300,0.9196025293586269,0.07625227452783556,0.8888888888888888,0.7949412827461608,0.9988649262202043,0.8853118712273642,9.0,Laserpitium.siler,0.6838301716350497,opth,2,False,mlp1,bce,msle
301,0.7825989208633093,0.014430791451789611,0.0,0.9937050359712231,0.9963931469792606,0.995047276001801,4.0,Lathyrus.heterophyllus,-0.006294964028776939,opth,2,False,mlp1,bce,msle
302,0.8481581311769991,0.01127945088619246,0.0,0.9478885893980233,0.997164461247637,0.9719023491478581,3.0,Lathyrus.occidentalis,-0.05211141060197666,opth,2,False,mlp1,bce,msle
303,0.806423343605547,0.46377055119505967,0.8389830508474576,0.6534090909090909,0.9380097879282219,0.7702612190221031,236.0,Lathyrus.pratensis,0.49239214175654844,opth,2,False,mlp1,bce,msle
304,0.898048048048048,0.03652174879634177,0.5,0.9315315315315316,0.9971070395371263,0.9632044713553796,6.0,Lathyrus.sphaericus,0.43153153153153156,opth,2,False,mlp1,bce,msle
305,0.9619646600778676,0.06464646464646465,0.6666666666666666,0.9640610961365679,0.9990689013035382,0.9812528577960676,3.0,Lathyrus.sylvestris,0.6307277628032346,opth,2,False,mlp1,bce,msle
306,0.764613309352518,0.023348033965093856,0.25,0.9757194244604317,0.9972426470588235,0.9863636363636363,4.0,Lathyrus.tuberosus,0.2257194244604317,opth,2,False,mlp1,bce,msle
307,0.7030414952852626,0.09454173114667117,0.45454545454545453,0.8005540166204986,0.9796610169491525,0.8810975609756098,33.0,Leontodon.autumnalis,0.2550994711659531,opth,2,False,mlp1,bce,msle
308,0.7044021794603843,0.36478516089110397,0.6609442060085837,0.638731596828992,0.8771384136858476,0.7391874180865007,233.0,Leontodon.hispidus,0.29967580283757567,opth,2,False,mlp1,bce,msle
309,0.8581733865773542,0.07990118570650287,0.5714285714285714,0.8719567177637512,0.9969072164948454,0.9302549302549302,7.0,Leontopodium.alpinum,0.4433852891923227,opth,2,False,mlp1,bce,msle
310,0.9184798638684062,0.3092770287785463,0.7560975609756098,0.8706976744186047,0.9894291754756871,0.9262741217219198,41.0,Leucanthemopsis.alpina,0.6267952353942143,opth,2,False,mlp1,bce,msle
311,0.8637710338115389,0.595281545049776,0.8493723849372385,0.734321550741163,0.9470588235294117,0.8272318561335903,239.0,Leucanthemum.vulgare,0.5836939356784017,opth,2,False,mlp1,bce,msle
312,0.9360977231178328,0.23651284219253896,0.9090909090909091,0.7888482632541134,0.9976878612716763,0.8810617662072486,22.0,Lilium.martagon,0.6979391723450226,opth,2,False,mlp1,bce,msle
313,0.6113492779783394,0.029420957165400576,0.375,0.8907942238267148,0.9949596774193549,0.94,8.0,Linaria.repens,0.2657942238267148,opth,2,False,mlp1,bce,msle
314,0.8354118717550715,0.054277041001697876,0.8235294117647058,0.7770700636942676,0.9964994165694282,0.8732106339468303,17.0,Linum.alpinum,0.6005994754589734,opth,2,False,mlp1,bce,msle
315,0.7608270038212954,0.2243709472772244,0.7073170731707317,0.6827852998065764,0.9671232876712329,0.800453514739229,82.0,Linum.catharticum,0.3901023729773081,opth,2,False,mlp1,bce,msle
316,0.9300622245268344,0.27977899835042697,0.6428571428571429,0.9156079854809437,0.995069033530572,0.9536862003780718,14.0,Linum.tenuifolium,0.5584651283380866,opth,2,False,mlp1,bce,msle
317,0.6809802158273381,0.008912394777809326,0.75,0.612410071942446,0.998533724340176,0.7591973244147158,4.0,Listera.ovata,0.3624100719424459,opth,2,False,mlp1,bce,msle
318,0.7942497753818508,0.008287956677035295,0.6666666666666666,0.7610062893081762,0.9988207547169812,0.8638449770525243,3.0,Lolium.multiflorum,0.4276729559748427,opth,2,False,mlp1,bce,msle
319,0.8923115597323742,0.44010075628291007,0.8823529411764706,0.7435897435897436,0.9843342036553525,0.8471910112359551,102.0,Lolium.perenne,0.6259426847662142,opth,2,False,mlp1,bce,msle
320,0.7801891749868628,0.5774064325139285,0.7832369942196532,0.6090909090909091,0.8621323529411765,0.7138508371385084,346.0,Lotus.corniculatus,0.3923279033105622,opth,2,False,mlp1,bce,msle
321,0.7729941291585126,0.041476858211268966,0.42857142857142855,0.7890410958904109,0.9863013698630136,0.8767123287671232,21.0,Lotus.maritimus,0.21761252446183943,opth,2,False,mlp1,bce,msle
322,0.8036243757802747,0.17758966468177245,0.3333333333333333,0.9157303370786517,0.9683168316831683,0.9412897016361886,48.0,Luzula.campestris,0.24906367041198507,opth,2,False,mlp1,bce,msle
323,0.9021666719538114,0.14450451418820257,0.9655172413793104,0.7736890524379025,0.998812351543943,0.8719543805080352,29.0,Luzula.lutea,0.739206293817213,opth,2,False,mlp1,bce,msle
324,0.7725364963503649,0.048560408004034966,0.75,0.6277372262773723,0.9927849927849928,0.7691447736165455,20.0,Luzula.multiflora,0.37773722627737216,opth,2,False,mlp1,bce,msle
325,0.8523766585083087,0.06947401517465307,0.8571428571428571,0.7042380522993688,0.9987212276214834,0.8260179799048123,7.0,Luzula.sieberi,0.5613809094422257,opth,2,False,mlp1,bce,msle
326,0.8976924581187667,0.257485354119962,0.8448275862068966,0.8052930056710775,0.9895470383275261,0.8879624804585722,58.0,Luzula.spicata,0.650120591877974,opth,2,False,mlp1,bce,msle
327,0.7992128368150166,0.0629781191363037,0.4666666666666667,0.8228882833787466,0.9912472647702407,0.8992555831265509,15.0,Luzula.sudetica,0.2895549500454133,opth,2,False,mlp1,bce,msle
328,0.9642535971223022,0.5216134997688395,0.5,0.9469424460431655,0.9981042654028436,0.9718504845408399,4.0,Lysimachia.nummularia,0.44694244604316546,opth,2,False,mlp1,bce,msle
329,0.9809341155234657,0.3821665302453978,0.75,0.9756317689530686,0.9981532779316713,0.9867640346873574,8.0,Lysimachia.vulgaris,0.7256317689530687,opth,2,False,mlp1,bce,msle
330,0.78122602691959,0.12620097295160165,0.6153846153846154,0.6618313689936537,0.9931972789115646,0.794341675734494,13.0,Malva.moschata,0.2772159843782691,opth,2,False,mlp1,bce,msle
331,0.9074573225516621,0.06243677644149713,0.6666666666666666,0.8158131176999102,0.9988998899889989,0.8981206726013847,3.0,Malva.sylvestris,0.4824797843665767,opth,2,False,mlp1,bce,msle
332,0.7763278388278387,0.0499225381848818,0.5416666666666666,0.7939560439560439,0.9874715261958997,0.8802030456852792,24.0,Medicago.falcata,0.33562271062271054,opth,2,False,mlp1,bce,msle
333,0.841099676305976,0.4163407152788542,0.8263473053892215,0.7228661749209695,0.9594405594405594,0.8245192307692307,167.0,Medicago.lupulina,0.5492134803101911,opth,2,False,mlp1,bce,msle
334,0.8999574180297072,0.2898701156946243,0.5675675675675675,0.9026876737720111,0.9838383838383838,0.9415176413726438,37.0,Medicago.minima,0.47025524133957863,opth,2,False,mlp1,bce,msle
335,0.830636104206941,0.14494396231474882,0.7254901960784313,0.7568075117370892,0.9829268292682927,0.8551724137931035,51.0,Medicago.sativa,0.4822977078155204,opth,2,False,mlp1,bce,msle
336,0.8801989150090416,0.041577555490119086,0.3,0.9321880650994575,0.9932562620423893,0.9617537313432836,10.0,Melica.ciliata,0.23218806509945744,opth,2,False,mlp1,bce,msle
337,0.8583258325832583,0.01942770457316348,0.2,0.9126912691269127,0.9960707269155207,0.9525598872710193,5.0,Melilotus.albus,0.11269126912691263,opth,2,False,mlp1,bce,msle
338,0.8515525827555903,0.2529746651347698,0.7368421052631579,0.8302411873840445,0.988950276243094,0.902672718103883,38.0,Meum.athamanticum,0.5670832926472023,opth,2,False,mlp1,bce,msle
339,0.8692192192192192,0.08133504527942179,0.6666666666666666,0.836036036036036,0.9978494623655914,0.9098039215686274,6.0,Minuartia.laricifolia,0.5027027027027027,opth,2,False,mlp1,bce,msle
340,0.869167429094236,0.15880236008691695,0.6521739130434783,0.8600182982616651,0.9915611814345991,0.9211170994610485,23.0,Minuartia.rostrata,0.5121922113051434,opth,2,False,mlp1,bce,msle
341,0.8768025606469003,0.27503003893804573,0.7142857142857143,0.8367924528301887,0.982281284606866,0.9037187977585328,56.0,Minuartia.verna,0.5510781671159029,opth,2,False,mlp1,bce,msle
342,0.8688909294969902,0.15444802997548362,0.7407407407407407,0.8089990817263545,0.9921171171171171,0.8912493677288822,27.0,Muscari.comosum,0.5497398224670951,opth,2,False,mlp1,bce,msle
343,0.8454097889365373,0.45732169695720404,0.7696629213483146,0.746268656716418,0.9446693657219973,0.8338296605122096,178.0,Myosotis.alpestris,0.5159315780647327,opth,2,False,mlp1,bce,msle
344,0.8397091916219491,0.3602277072388565,0.7339449541284404,0.7527308838133069,0.963151207115629,0.8450390189520625,109.0,Myosotis.arvensis,0.4866758379417473,opth,2,False,mlp1,bce,msle
345,0.8590506715506715,0.1918127653361991,0.6666666666666666,0.8195970695970696,0.991140642303433,0.8972431077694235,24.0,Myosotis.ramosissima,0.4862637362637363,opth,2,False,mlp1,bce,msle
346,0.9485161870503598,0.1534734747044142,0.25,0.954136690647482,0.9971804511278195,0.9751838235294118,4.0,Myosotis.scorpioides,0.20413669064748197,opth,2,False,mlp1,bce,msle
347,0.8397666068222621,0.008451005562687207,0.5,0.8931777378815081,0.998995983935743,0.943127962085308,2.0,Myosotis.stricta,0.393177737881508,opth,2,False,mlp1,bce,msle
348,0.8307355967078189,0.12469137942069798,0.75,0.7268518518518519,0.9886649874055415,0.8377801494130203,36.0,Narcissus.poeticus,0.47685185185185186,opth,2,False,mlp1,bce,msle
349,0.9039090983649336,0.48721761088075044,0.9124087591240876,0.7517875383043923,0.983957219251337,0.8523451071221771,137.0,Nardus.stricta,0.6641962974284799,opth,2,False,mlp1,bce,msle
350,0.8968900966183575,0.0735839469792435,0.5,0.9257246376811594,0.9941634241245136,0.9587242026266416,12.0,Odontites.luteus,0.4257246376811594,opth,2,False,mlp1,bce,msle
351,0.8848386398094,0.37121115662543436,0.8444444444444444,0.7709551656920078,0.9826086956521739,0.86400873839432,90.0,Onobrychis.montana,0.6153996101364523,opth,2,False,mlp1,bce,msle
352,0.8975983854692229,0.4895371755774045,0.848,0.7961654894046418,0.9764851485148515,0.877153974430239,125.0,Onobrychis.viciifolia,0.6441654894046418,opth,2,False,mlp1,bce,msle
353,0.8618055555555556,0.19988459543275378,0.6388888888888888,0.8555555555555555,0.9861259338313767,0.9162121963311849,36.0,Ononis.natrix,0.49444444444444446,opth,2,False,mlp1,bce,msle
354,0.8505524861878453,0.11142732004874267,0.7,0.7891344383057091,0.9896073903002309,0.8780737704918032,30.0,Ononis.repens,0.489134438305709,opth,2,False,mlp1,bce,msle
355,0.8279190799966423,0.1223387208254224,0.5757575757575758,0.8310249307479224,0.9846827133479212,0.901352028042063,33.0,Ononis.spinosa,0.4067825065054982,opth,2,False,mlp1,bce,msle
356,0.8888888888888888,0.03932021742479259,0.3333333333333333,0.9424977538185085,0.9980970504281637,0.9695009242144177,3.0,Ophioglossum.vulgatum,0.2758310871518419,opth,2,False,mlp1,bce,msle
357,0.8428442844284428,0.021332241515980913,0.2,0.936993699369937,0.9961722488038277,0.9656771799628943,5.0,Ophrys.apifera,0.136993699369937,opth,2,False,mlp1,bce,msle
358,0.7661870503597124,0.009248342855107622,0.0,0.9658273381294964,0.9962894248608535,0.9808219178082191,4.0,Ophrys.insectifera,-0.03417266187050361,opth,2,False,mlp1,bce,msle
359,,-0.0,0.0,0.8216845878136201,1.0,0.9021151008362026,0.0,Orchis.mascula,-0.17831541218637992,opth,2,False,mlp1,bce,msle
360,0.8445188715702693,0.02142677193154021,0.42857142857142855,0.8557258791704238,0.9958027282266527,0.9204655674102813,7.0,Orchis.militaris,0.28429730774185225,opth,2,False,mlp1,bce,msle
361,0.868828781512605,0.14584710063256187,0.8214285714285714,0.8079044117647058,0.994343891402715,0.8914807302231237,28.0,Origanum.vulgare,0.6293329831932772,opth,2,False,mlp1,bce,msle
362,0.7791163340336134,0.11934193684704283,0.5,0.84375,0.9849785407725322,0.9089108910891089,28.0,Ornithogalum.umbellatum,0.34375,opth,2,False,mlp1,bce,msle
363,0.8253825382538253,0.01839909097853487,0.2,0.918091809180918,0.99609375,0.955503512880562,5.0,Orobanche.alba,0.118091809180918,opth,2,False,mlp1,bce,msle
364,0.8095404142548295,0.043667931571518354,0.6153846153846154,0.7842248413417952,0.9942528735632183,0.8768373035985808,13.0,Orobanche.caryophyllacea,0.3996094567264106,opth,2,False,mlp1,bce,msle
365,0.8174947293050638,0.0803174861195562,0.782608695652174,0.7044830741079597,0.9935483870967742,0.8244111349036403,23.0,Oxytropis.campestris,0.4870917697601338,opth,2,False,mlp1,bce,msle
366,0.8854262144821264,0.135353779532816,0.56,0.9083409715857012,0.9890219560878244,0.94696607740086,25.0,Oxytropis.helvetica,0.4683409715857012,opth,2,False,mlp1,bce,msle
367,0.9937219730941704,0.125,1.0,0.967713004484305,1.0,0.98359161349134,1.0,Oxytropis.pilosa,0.967713004484305,opth,2,False,mlp1,bce,msle
368,0.7927347674867964,0.021091533681080615,0.42857142857142855,0.8349864743011722,0.9956989247311828,0.9082883766552231,7.0,Papaver.rhoeas,0.2635579028726007,opth,2,False,mlp1,bce,msle
369,0.8914849856026326,0.13397116125457548,0.7272727272727273,0.8307692307692308,0.996742671009772,0.9062191510365252,11.0,Paradisea.liliastrum,0.558041958041958,opth,2,False,mlp1,bce,msle
370,0.7710655950220379,0.08578489075213998,0.5714285714285714,0.8402903811252269,0.9935622317596566,0.9105211406096362,14.0,Parnassia.palustris,0.4117189525537983,opth,2,False,mlp1,bce,msle
371,0.8958333333333333,0.06196748955665879,0.9166666666666666,0.7101449275362319,0.9987261146496815,0.830068819481207,12.0,Pastinaca.sativa,0.6268115942028984,opth,2,False,mlp1,bce,msle
372,0.9516636690647482,0.0770674606411616,0.75,0.9118705035971223,0.9990147783251232,0.9534555712270804,4.0,Pedicularis.foliosa,0.6618705035971222,opth,2,False,mlp1,bce,msle
373,0.9220752192656458,0.206827617737716,0.8709677419354839,0.8654377880184332,0.9957582184517497,0.9260355029585798,31.0,Pedicularis.gyroflexa,0.7364055299539172,opth,2,False,mlp1,bce,msle
374,0.6569306433805079,0.03922705671584985,0.1111111111111111,0.8536585365853658,0.9916054564533053,0.9174757281553398,9.0,Pedicularis.tuberosa,-0.035230352303523116,opth,2,False,mlp1,bce,msle
375,0.834053515040718,0.1653086231552982,0.5,0.8436928702010968,0.9882226980728052,0.9102564102564102,22.0,Pedicularis.verticillata,0.34369287020109685,opth,2,False,mlp1,bce,msle
376,0.8688747731397459,0.09467309540872547,0.5714285714285714,0.868421052631579,0.9937694704049844,0.9268765133171912,14.0,Petrorhagia.prolifera,0.4398496240601504,opth,2,False,mlp1,bce,msle
377,0.8738421395955643,0.11877100242820084,0.6190476190476191,0.8986301369863013,0.9919354838709677,0.9429803545759463,21.0,Petrorhagia.saxifraga,0.5176777560339203,opth,2,False,mlp1,bce,msle
378,0.8635647279549719,0.3721532614295246,0.7362637362637363,0.7717073170731708,0.9705521472392638,0.8597826086956522,91.0,Phleum.alpinum,0.5079710533369071,opth,2,False,mlp1,bce,msle
379,0.9585585585585586,0.08416505863717481,1.0,0.8324324324324325,1.0,0.9085545722713865,6.0,Phleum.hirsutum,0.8324324324324324,opth,2,False,mlp1,bce,msle
380,0.8188919164396004,0.11721100116457901,0.6666666666666666,0.812897366030881,0.9944444444444445,0.894552723638181,15.0,Phleum.phleoides,0.47956403269754766,opth,2,False,mlp1,bce,msle
381,0.8895690915892935,0.15879874968079172,0.7777777777777778,0.8429752066115702,0.9935064935064936,0.9120715350223547,27.0,Phyteuma.betonicifolium,0.620752984389348,opth,2,False,mlp1,bce,msle
382,0.9094079085012902,0.12327957605871234,0.6923076923076923,0.8685403445149592,0.9958419958419958,0.9278450363196126,13.0,Phyteuma.hemisphaericum,0.5608480368226516,opth,2,False,mlp1,bce,msle
383,0.830269260947727,0.313107643016626,0.797979797979798,0.7423795476892822,0.9741935483870968,0.8426339285714286,99.0,Phyteuma.orbiculare,0.5403593456690801,opth,2,False,mlp1,bce,msle
384,0.8895870736086177,0.011763555787278415,0.0,0.9290843806104129,0.9980713596914176,0.9623430962343096,2.0,Phyteuma.ovatum,-0.07091561938958713,opth,2,False,mlp1,bce,msle
385,0.8825136612021858,0.2283352902948525,0.6666666666666666,0.9289617486338798,0.9941520467836257,0.96045197740113,18.0,Phyteuma.spicatum,0.5956284153005464,opth,2,False,mlp1,bce,msle
386,0.8300565036900369,0.19629694317749535,0.84375,0.6143911439114391,0.992548435171386,0.7589743589743589,32.0,Picris.hieracioides,0.4581411439114391,opth,2,False,mlp1,bce,msle
387,0.8671071758953351,0.2615925153411456,0.8,0.7428307123034228,0.991358024691358,0.849286092014807,35.0,Pimpinella.major,0.5428307123034228,opth,2,False,mlp1,bce,msle
388,0.7988256866416978,0.16437003243461878,0.6458333333333334,0.7780898876404494,0.9799528301886793,0.8674321503131524,48.0,Pimpinella.saxifraga,0.42392322097378266,opth,2,False,mlp1,bce,msle
389,0.9196178553780268,0.615265558236832,0.9010989010989011,0.8147751605995718,0.9768934531450578,0.8884997081144191,182.0,Plantago.alpina,0.7158740616984729,opth,2,False,mlp1,bce,msle
390,0.844270493585562,0.14515577076020253,0.5714285714285714,0.8100456621004566,0.9899553571428571,0.8910095429432446,21.0,Plantago.atrata,0.381474233529028,opth,2,False,mlp1,bce,msle
391,0.8548619359877638,0.6214835924017803,0.9072847682119205,0.6781326781326781,0.9517241379310345,0.7919655667144907,302.0,Plantago.lanceolata,0.5854174463445987,opth,2,False,mlp1,bce,msle
392,0.7605197346960966,0.06765896791903284,0.8529411764705882,0.5536044362292052,0.9917218543046358,0.7105575326215896,34.0,Plantago.major,0.4065456126997935,opth,2,False,mlp1,bce,msle
393,0.8328516940894791,0.4938742994108297,0.7538461538461538,0.7861020629750272,0.9378238341968912,0.8552864737152983,195.0,Plantago.media,0.5399482168211809,opth,2,False,mlp1,bce,msle
394,0.8837130991132562,0.3802848089803645,0.7288135593220338,0.859035004730369,0.9826839826839827,0.9167087329631499,59.0,Plantago.maritima,0.5878485640524027,opth,2,False,mlp1,bce,msle
395,0.7038040750777879,0.013941671767789723,1.0,0.4327009936766034,1.0,0.6040353089533418,9.0,Platanthera.bifolia,0.4327009936766033,opth,2,False,mlp1,bce,msle
396,0.918860240747164,0.7127868629006976,0.899641577060932,0.8231780167264038,0.9609483960948396,0.8867438867438867,279.0,Poa.alpina,0.7228195937873356,opth,2,False,mlp1,bce,msle
397,0.7283617849655586,0.01889828738512949,0.6666666666666666,0.637915543575921,0.9985935302390999,0.7785087719298246,3.0,Poa.annua,0.3045822102425877,opth,2,False,mlp1,bce,msle
398,0.8410944133701732,0.22550046967435983,0.6197183098591549,0.816267942583732,0.9693181818181819,0.8862337662337663,71.0,Poa.bulbosa,0.4359862524428868,opth,2,False,mlp1,bce,msle
399,0.8415915915915915,0.18450475299608274,0.5,0.9099099099099099,0.9970384995064165,0.9514837494112105,6.0,Poa.cenisia,0.40990990990990994,opth,2,False,mlp1,bce,msle
400,0.8954159077109896,0.11155082000119294,0.2777777777777778,0.9453551912568307,0.9876308277830638,0.9660307119590508,18.0,Poa.chaixii,0.22313296903460844,opth,2,False,mlp1,bce,msle
401,0.7932084837545126,0.027906558734047855,0.625,0.8176895306859205,0.9966996699669967,0.8983639067922657,8.0,Poa.compressa,0.44268953068592065,opth,2,False,mlp1,bce,msle
402,0.8362942888688145,0.09063304013755094,0.7777777777777778,0.8455284552845529,0.997867803837953,0.9154034229828851,9.0,Poa.nemoralis,0.6233062330623307,opth,2,False,mlp1,bce,msle
403,0.8166565623162846,0.4922092448751536,0.7222222222222222,0.7604166666666666,0.9037138927097662,0.8258956631049654,252.0,Poa.pratensis,0.48263888888888884,opth,2,False,mlp1,bce,msle
404,0.840990990990991,0.07056745233505544,0.3333333333333333,0.8711711711711712,0.995880535530381,0.9293608841902932,6.0,Poa.supina,0.20450450450450441,opth,2,False,mlp1,bce,msle
405,0.8260227272727273,0.0839495634032232,0.75,0.7618181818181818,0.995249406175772,0.86302780638517,16.0,Polygala.alpestris,0.5118181818181817,opth,2,False,mlp1,bce,msle
406,,-0.0,0.0,0.7159498207885304,1.0,0.8344647519582246,0.0,Polygala.amarella,-0.2840501792114696,opth,2,False,mlp1,bce,msle
407,0.8467385138967669,0.2713726101815431,0.4878048780487805,0.9079069767441861,0.9789368104312939,0.9420849420849421,41.0,Polygala.comosa,0.39571185479296656,opth,2,False,mlp1,bce,msle
408,0.7489577212568903,0.05966831560777661,0.7272727272727273,0.6703601108033241,0.9877551020408163,0.7986798679867987,33.0,Polygala.vulgaris,0.39763283807605143,opth,2,False,mlp1,bce,msle
409,0.6724370503597121,0.024117886077741003,0.25,0.9757194244604317,0.9972426470588235,0.9863636363636363,4.0,Polygonum.aviculare,0.2257194244604317,opth,2,False,mlp1,bce,msle
410,0.8867038973384032,0.3775818480301269,0.828125,0.8032319391634981,0.9871495327102804,0.8857442348008385,64.0,Polygonum.bistorta,0.6313569391634981,opth,2,False,mlp1,bce,msle
411,0.879378941663382,0.4878991824362373,0.877906976744186,0.7510593220338984,0.9712328767123287,0.8470728793309439,172.0,Polygonum.viviparum,0.6289662987780844,opth,2,False,mlp1,bce,msle
412,0.8873651079136691,0.022545258175324497,0.0,0.9676258992805755,0.9962962962962963,0.9817518248175182,4.0,Polystichum.lonchitis,-0.03237410071942448,opth,2,False,mlp1,bce,msle
413,0.8835603996366939,0.24204062718782424,0.7333333333333333,0.8437783832879201,0.9957127545551983,0.9134709931170109,15.0,Potentilla.argentea,0.5771117166212534,opth,2,False,mlp1,bce,msle
414,0.8669868715978226,0.2997209674235775,0.7066666666666667,0.8174831892411143,0.9747995418098511,0.8892371995820272,75.0,Potentilla.aurea,0.5241498559077811,opth,2,False,mlp1,bce,msle
415,0.8525744631724774,0.3746320187954721,0.7459016393442623,0.7635814889336016,0.9607594936708861,0.850896860986547,122.0,Potentilla.crantzii,0.5094831282778638,opth,2,False,mlp1,bce,msle
416,0.875216814610754,0.19912284744680414,0.8518518518518519,0.8071625344352618,0.9954699886749717,0.8914807302231237,27.0,Potentilla.erecta,0.6590143862871136,opth,2,False,mlp1,bce,msle
417,0.8571461174188395,0.2608002693557011,0.788235294117647,0.7740058195926285,0.9779411764705882,0.8641039523551706,85.0,Potentilla.grandiflora,0.5622411137102756,opth,2,False,mlp1,bce,msle
418,0.803597624515646,0.3028755541071254,0.6494845360824743,0.7968596663395485,0.9598108747044918,0.8707774798927614,97.0,Potentilla.neumanniana,0.4463442024220228,opth,2,False,mlp1,bce,msle
419,0.9576306046894282,0.401327386846329,0.8181818181818182,0.9058823529411765,0.9980059820538385,0.9497153700189753,11.0,Potentilla.pusilla,0.7240641711229947,opth,2,False,mlp1,bce,msle
420,0.796480144404332,0.021585902132209588,0.75,0.6949458483754513,0.9974093264248705,0.8191489361702128,8.0,Potentilla.recta,0.44494584837545137,opth,2,False,mlp1,bce,msle
421,0.870731171777794,0.3039455471628939,0.8615384615384616,0.6888677450047573,0.9877216916780355,0.8116591928251121,65.0,Potentilla.reptans,0.5504062065432189,opth,2,False,mlp1,bce,msle
422,0.9056705670567057,0.02720587062155538,1.0,0.7758775877587759,1.0,0.8737962493664471,5.0,Potentilla.rupestris,0.7758775877587758,opth,2,False,mlp1,bce,msle
423,0.9689553007857787,0.17904990748942282,1.0,0.8322813345356177,1.0,0.9084645669291339,7.0,Potentilla.thuringiaca,0.8322813345356177,opth,2,False,mlp1,bce,msle
424,0.7651991614255766,0.013914396106176927,0.3333333333333333,0.8041329739442947,0.9977703455964325,0.8905472636815921,3.0,Primula.elatior,0.1374663072776281,opth,2,False,mlp1,bce,msle
425,0.8385791366906474,0.013893525242646407,0.75,0.7769784172661871,0.9988439306358381,0.874051593323217,4.0,Primula.farinosa,0.5269784172661871,opth,2,False,mlp1,bce,msle
426,0.8187418187418187,0.35727765608640766,0.7606837606837606,0.7387387387387387,0.9634464751958225,0.8362606232294617,117.0,Primula.veris,0.4994224994224994,opth,2,False,mlp1,bce,msle
427,0.831692612942613,0.06971591177930936,0.5416666666666666,0.8388278388278388,0.9881337648327939,0.9073798910351659,24.0,Prunella.grandiflora,0.3804945054945055,opth,2,False,mlp1,bce,msle
428,0.8468978102189781,0.08463908562086427,0.35,0.8704379562043796,0.9865563598759048,0.924866698982065,20.0,Prunella.laciniata,0.22043795620437967,opth,2,False,mlp1,bce,msle
429,0.8204924069024542,0.19780954212431687,0.7446808510638298,0.7726847521047708,0.9856801909307876,0.8662821185107499,47.0,Prunella.vulgaris,0.5173656031686007,opth,2,False,mlp1,bce,msle
430,0.8162073220896751,0.041618346340274504,0.09090909090909091,0.9918552036199095,0.9909584086799277,0.9914066033469019,11.0,Prunus.spinosa,0.08276429452900036,opth,2,False,mlp1,bce,msle
431,0.84125,0.06901110158441673,0.4375,0.8827272727272727,0.9908163265306122,0.9336538461538462,16.0,Veronica.spicata,0.3202272727272728,opth,2,False,mlp1,bce,msle
432,0.8835128417564209,0.32373230110044654,0.8431372549019608,0.7652582159624414,0.9902794653705954,0.8633474576271186,51.0,Pulsatilla.alpina,0.6083954708644022,opth,2,False,mlp1,bce,msle
433,0.870020964360587,0.013389049974415826,0.3333333333333333,0.8652291105121294,0.9979274611398964,0.9268527430221367,3.0,Pulsatilla.halleri,0.19856244384546273,opth,2,False,mlp1,bce,msle
434,0.87785873304999,0.10061200298227975,0.7222222222222222,0.8096539162112932,0.9944071588366891,0.892570281124498,18.0,Pulsatilla.vernalis,0.5318761384335153,opth,2,False,mlp1,bce,msle
435,0.7785521582733812,0.014964231257036182,0.25,0.9109712230215827,0.9970472440944882,0.9520676691729323,4.0,Ranunculus.aconitifolius,0.16097122302158273,opth,2,False,mlp1,bce,msle
436,0.8588983720562668,0.5614389156459173,0.7894736842105263,0.7556306306306306,0.933240611961057,0.835096453018046,228.0,Ranunculus.acris,0.545104314841157,opth,2,False,mlp1,bce,msle
437,0.8614058011892496,0.48764530076285756,0.8556149732620321,0.7534983853606028,0.9628610729023384,0.8454106280193237,187.0,Ranunculus.bulbosus,0.6091133586226349,opth,2,False,mlp1,bce,msle
438,0.8520252025202519,0.036993069711076035,0.4,0.918091809180918,0.9970674486803519,0.9559512652296157,5.0,Ranunculus.glacialis,0.3180918091809182,opth,2,False,mlp1,bce,msle
439,0.7852634290866932,0.13195563181345796,0.42857142857142855,0.9035166816952209,0.9960238568588469,0.9475177304964539,7.0,Ranunculus.gramineus,0.3320881102666495,opth,2,False,mlp1,bce,msle
440,0.893150082999707,0.203214085550373,0.8947368421052632,0.7634508348794063,0.9951632406287787,0.8640419947506561,38.0,Ranunculus.kuepferi,0.6581876769846695,opth,2,False,mlp1,bce,msle
441,0.8999625327838143,0.1635136102392391,0.7647058823529411,0.8116469517743403,0.9955357142857143,0.894235588972431,17.0,Ranunculus.montanus,0.5763528341272814,opth,2,False,mlp1,bce,msle
442,0.743246336996337,0.09200342817252136,0.6666666666666666,0.8086080586080586,0.9910213243546577,0.8905698436712053,24.0,Ranunculus.serpens,0.47527472527472536,opth,2,False,mlp1,bce,msle
443,0.9059247211895911,0.473142867343457,0.75,0.8345724907063197,0.9889867841409692,0.905241935483871,40.0,Ranunculus.repens,0.5845724907063197,opth,2,False,mlp1,bce,msle
444,0.6199460916442048,0.3359263805528989,0.3333333333333333,0.903863432165319,0.998015873015873,0.9486091466289486,3.0,Reseda.lutea,0.2371967654986522,opth,2,False,mlp1,bce,msle
445,0.8201175909740982,0.5165126140919952,0.7741935483870968,0.7152391546162402,0.9291907514450867,0.8082966687617851,217.0,Rhinanthus.alectorolophus,0.48943270300333697,opth,2,False,mlp1,bce,msle
446,0.8513051305130512,0.0527161551982212,0.6,0.8154815481548154,0.9977973568281938,0.8974739970282318,5.0,Rhinanthus.glacialis,0.4154815481548155,opth,2,False,mlp1,bce,msle
447,0.7902147194910353,0.13641500751605376,0.6923076923076923,0.7340225563909775,0.9799247176913425,0.8393336915636754,52.0,Rhinanthus.minor,0.42633024869866976,opth,2,False,mlp1,bce,msle
448,0.9076037906137184,0.12584755461495686,0.625,0.9296028880866426,0.9970958373668926,0.9621672115833723,8.0,Rhododendron.ferrugineum,0.5546028880866425,opth,2,False,mlp1,bce,msle
449,0.8367446133207608,0.5449420018926572,0.8283261802575107,0.7293318233295584,0.9415204678362573,0.8219527760051053,233.0,Rumex.acetosa,0.5576580035870691,opth,2,False,mlp1,bce,msle
450,0.713980463980464,0.12061709942087438,0.5,0.7655677655677655,0.9858490566037735,0.8618556701030928,24.0,Rumex.acetosella,0.2655677655677655,opth,2,False,mlp1,bce,msle
451,0.8689131968948482,0.1455905277069906,0.8846153846153846,0.6963302752293578,0.9960629921259843,0.8196544276457883,26.0,Rumex.crispus,0.5809456598447422,opth,2,False,mlp1,bce,msle
452,0.8359535201640466,0.2105401819435489,0.5526315789473685,0.8469387755102041,0.9817204301075269,0.9093625498007968,38.0,Rumex.obtusifolius,0.3995703544575726,opth,2,False,mlp1,bce,msle
453,0.6237793851717902,0.015568372126282712,0.1,0.8978300180831826,0.9910179640718563,0.9421252371916509,10.0,Rumex.scutatus,-0.0021699819168173873,opth,2,False,mlp1,bce,msle
454,0.9419216483905201,0.5457411654276336,0.8636363636363636,0.8813229571984436,0.9869281045751634,0.9311408016443987,88.0,Salix.herbacea,0.7449593208348073,opth,2,False,mlp1,bce,msle
455,0.8836513280957726,0.16035360950278166,0.4074074074074074,0.9201101928374655,0.9842829076620825,0.9511153298528714,27.0,Salix.reticulata,0.327517600244873,opth,2,False,mlp1,bce,msle
456,0.8863720073664825,0.15537224392316337,0.6666666666666666,0.8278084714548803,0.988998899889989,0.9012531328320802,30.0,Salix.retusa,0.4944751381215471,opth,2,False,mlp1,bce,msle
457,0.912632538502135,0.30278477411051685,0.7894736842105263,0.8468550592525068,0.9957127545551983,0.9152709359605912,19.0,Salix.serpyllifolia,0.6363287434630331,opth,2,False,mlp1,bce,msle
458,0.886496589103822,0.6271196524708179,0.8414634146341463,0.7758620689655172,0.9453781512605042,0.8522727272727273,246.0,Salvia.pratensis,0.6173254835996635,opth,2,False,mlp1,bce,msle
459,0.8500765866537677,0.5298511779890692,0.9144144144144144,0.6577181208053692,0.9686985172981878,0.7834776815456362,222.0,Sanguisorba.minor,0.5721325352197835,opth,2,False,mlp1,bce,msle
460,0.8517711171662126,0.24553579088174166,0.6666666666666666,0.8410535876475931,0.9946294307196563,0.9114173228346457,15.0,Sanguisorba.officinalis,0.5077202543142598,opth,2,False,mlp1,bce,msle
461,0.9139227378791808,0.2599853777615182,0.9285714285714286,0.7431941923774955,0.998780487804878,0.8522372528616025,14.0,Saponaria.ocymoides,0.671765620948924,opth,2,False,mlp1,bce,msle
462,0.8445683173450869,0.07180666667348057,0.42857142857142855,0.8974591651542649,0.9919759277833501,0.9423535016674607,14.0,Saxifraga.aizoides,0.32603059372569354,opth,2,False,mlp1,bce,msle
463,0.8654675189534712,0.15545064240927695,0.7741935483870968,0.7880184331797235,0.9918793503480279,0.8782742681047766,31.0,Saxifraga.granulata,0.5622119815668203,opth,2,False,mlp1,bce,msle
464,0.8150902370080452,0.0681822775993859,0.3333333333333333,0.869406392694064,0.9855072463768116,0.9238233867054828,21.0,Saxifraga.oppositifolia,0.20273972602739732,opth,2,False,mlp1,bce,msle
465,0.8426447465318552,0.19418414192015823,0.6595744680851063,0.8260056127221702,0.982202447163515,0.8973577235772358,47.0,Saxifraga.paniculata,0.48558008080727655,opth,2,False,mlp1,bce,msle
466,0.8155136268343814,0.013486016043164436,0.0,0.9757412398921833,0.9972451790633609,0.9863760217983651,3.0,Saxifraga.tridactylites,-0.02425876010781669,opth,2,False,mlp1,bce,msle
467,0.7670179599487404,0.15068142373269314,0.6530612244897959,0.7310215557638238,0.9786700125470514,0.8369098712446352,49.0,Scabiosa.columbaria,0.38408278025361975,opth,2,False,mlp1,bce,msle
468,0.8199125921879268,0.21284638459205846,0.7142857142857143,0.7695984703632888,0.9757575757575757,0.860502405130946,70.0,Scabiosa.lucida,0.48388418464900296,opth,2,False,mlp1,bce,msle
469,0.9453687050359713,0.08392269736842106,0.5,0.9532374100719424,0.9981167608286252,0.9751609935602575,4.0,Scabiosa.triandra,0.4532374100719423,opth,2,False,mlp1,bce,msle
470,0.9929429429429429,0.4726252913752914,1.0,0.9009009009009009,1.0,0.9478672985781991,6.0,Scorzonera.humilis,0.900900900900901,opth,2,False,mlp1,bce,msle
471,0.8337107487922705,0.04362282178144048,0.25,0.9483695652173914,0.9914772727272727,0.9694444444444444,12.0,Scorzonera.laciniata,0.19836956521739135,opth,2,False,mlp1,bce,msle
472,0.8941708948339484,0.2802400218759073,0.8125,0.8118081180811808,0.9932279909706546,0.8934010152284264,32.0,Scutellaria.alpina,0.6243081180811809,opth,2,False,mlp1,bce,msle
473,0.8346104491292392,0.10594019214851809,0.64,0.8350137488542622,0.9902173913043478,0.9060169070114371,25.0,Securigera.varia,0.4750137488542623,opth,2,False,mlp1,bce,msle
474,0.8368755676657583,0.1026811628473335,0.7333333333333333,0.7910990009082652,0.9954285714285714,0.881578947368421,15.0,Sedum.acre,0.5244323342415984,opth,2,False,mlp1,bce,msle
475,0.75530593365931,0.13034181796319738,0.5714285714285714,0.8381128584643849,0.9837133550488599,0.9050949050949051,35.0,Sedum.album,0.4095414298929563,opth,2,False,mlp1,bce,msle
476,0.8953204547039543,0.12270179345307262,0.7692307692307693,0.85675430643699,0.9968354430379747,0.9215017064846417,13.0,Sedum.atratum,0.6259850756677592,opth,2,False,mlp1,bce,msle
477,0.8656934306569343,0.08122581384528052,0.45,0.9242700729927007,0.9892578125,0.9556603773584905,20.0,Sedum.montanum,0.37427007299270065,opth,2,False,mlp1,bce,msle
478,0.7165607023917651,0.034943592449640494,0.4666666666666667,0.8365122615803815,0.9913885898815931,0.9073891625615763,15.0,Sedum.rupestre,0.30317892824704806,opth,2,False,mlp1,bce,msle
479,0.8403666361136573,0.26384985709974806,0.44,0.8799266727772685,0.9856262833675564,0.9297820823244553,25.0,Sedum.sexangulare,0.3199266727772685,opth,2,False,mlp1,bce,msle
480,0.8695711678832116,0.2719475264850975,0.4,0.9251824817518248,0.9883040935672515,0.9557021677662583,20.0,Selaginella.selaginoides,0.32518248175182496,opth,2,False,mlp1,bce,msle
481,0.8507217435955954,0.3205881694679319,0.7411764705882353,0.7904946653734238,0.973715651135006,0.8725910064239829,85.0,Sempervivum.arachnoideum,0.531671135961659,opth,2,False,mlp1,bce,msle
482,0.8706420154408777,0.2447695416437626,0.5652173913043478,0.8654205607476636,0.9788583509513742,0.9186507936507936,46.0,Sempervivum.montanum,0.4306379520520114,opth,2,False,mlp1,bce,msle
483,0.8596602887943037,0.20929280758192015,0.6086956521739131,0.848124428179323,0.9903846153846154,0.9137506160670281,23.0,Sempervivum.tectorum,0.45682008035323607,opth,2,False,mlp1,bce,msle
484,0.8785241168478262,0.38226817525673784,0.717391304347826,0.8134765625,0.969732246798603,0.8847583643122676,92.0,Senecio.doronicum,0.5308678668478262,opth,2,False,mlp1,bce,msle
485,0.8479204339963833,0.06914703266361089,0.7,0.7242314647377939,0.996268656716418,0.8387434554973822,10.0,Senecio.erucifolius,0.42423146473779383,opth,2,False,mlp1,bce,msle
486,0.9169511554621849,0.19688442352562047,0.9642857142857143,0.7775735294117647,0.9988193624557261,0.8744186046511628,28.0,Senecio.incanus,0.7418592436974789,opth,2,False,mlp1,bce,msle
487,0.9375441072688779,0.27169283887406054,0.9230769230769231,0.8568807339449541,0.9978632478632479,0.9220138203356367,26.0,Senecio.jacobaea,0.7799576570218774,opth,2,False,mlp1,bce,msle
488,0.8209240485291673,0.21577407488886133,0.5454545454545454,0.8263254113345521,0.9890590809628009,0.900398406374502,22.0,Serratula.tinctoria,0.37177995678909737,opth,2,False,mlp1,bce,msle
489,0.891021512301945,0.05972472696152656,0.5714285714285714,0.9044183949504058,0.9970178926441352,0.9484633569739953,7.0,Seseli.annuum,0.47584696637897705,opth,2,False,mlp1,bce,msle
490,0.8843495862779218,0.5748597611049713,0.8068965517241379,0.811534500514933,0.9656862745098039,0.8819250139899273,145.0,Sesleria.caerulea,0.618431052239071,opth,2,False,mlp1,bce,msle
491,0.8932481751824818,0.09403035606046917,0.5,0.8886861313868614,0.9898373983739838,0.9365384615384615,20.0,Sherardia.arvensis,0.38868613138686126,opth,2,False,mlp1,bce,msle
492,0.9282823741007193,0.04744816730110847,1.0,0.783273381294964,1.0,0.8784669692385275,4.0,Sideritis.hyssopifolia,0.7832733812949639,opth,2,False,mlp1,bce,msle
493,0.9464079797047971,0.2899879176005139,0.9375,0.7961254612546126,0.9976878612716763,0.8855823499230374,32.0,Silaum.silaus,0.7336254612546127,opth,2,False,mlp1,bce,msle
494,0.9168888480279489,0.3744973123847525,0.8493150684931506,0.8475551294343241,0.9877094972067039,0.9122807017543859,73.0,Silene.acaulis,0.6968701979274747,opth,2,False,mlp1,bce,msle
495,0.8269847799259564,0.07681118249256928,0.6363636363636364,0.9031674208144796,0.9960079840319361,0.9473184622686284,11.0,Silene.dioica,0.539531057178116,opth,2,False,mlp1,bce,msle
496,0.9542413637121159,0.35903118594646877,0.9743589743589743,0.8486536675951718,0.9989071038251366,0.9176706827309237,39.0,Silene.flos.cuculi,0.8230126419541461,opth,2,False,mlp1,bce,msle
497,0.9221518987341772,0.05828576931917991,1.0,0.7938517179023508,1.0,0.8850806451612904,10.0,Silene.flos.jovis,0.7938517179023508,opth,2,False,mlp1,bce,msle
498,0.8341980630055342,0.23736578793686774,0.75,0.7701149425287356,0.9781021897810219,0.8617363344051447,72.0,Silene.nutans,0.5201149425287355,opth,2,False,mlp1,bce,msle
499,0.9036259239285602,0.20086337739585713,0.7931034482758621,0.8610855565777369,0.9936305732484076,0.9226219812715624,29.0,Silene.otites,0.654189004853599,opth,2,False,mlp1,bce,msle
500,0.8845742492801316,0.07815893270234431,0.7272727272727273,0.8253393665158371,0.9967213114754099,0.902970297029703,11.0,Silene.rupestris,0.5526120937885644,opth,2,False,mlp1,bce,msle
501,0.7845394178186883,0.38137179394918846,0.7288135593220338,0.6943887775551102,0.9558620689655173,0.804410911201393,118.0,Silene.vulgaris,0.42320233687714404,opth,2,False,mlp1,bce,msle
502,0.6100628930817611,0.0047406893031970675,0.0,1.0,0.9973118279569892,0.9986541049798116,3.0,Sinapis.arvensis,0.0,opth,2,False,mlp1,bce,msle
503,0.846782569428765,0.3025805654492033,0.5930232558139535,0.7990291262135922,0.9592074592074592,0.871822033898305,86.0,Soldanella.alpina,0.39205238202754567,opth,2,False,mlp1,bce,msle
504,0.8736510791366907,0.024577207840630656,0.0,0.9856115107913669,0.9963636363636363,0.9909584086799277,4.0,Solidago.gigantea,-0.014388489208633115,opth,2,False,mlp1,bce,msle
505,0.8699518032241982,0.18032466560363025,0.7272727272727273,0.8162705667276051,0.9933259176863182,0.8961364776718515,22.0,Solidago.virgaurea,0.5435432940003324,opth,2,False,mlp1,bce,msle
506,0.7920852359208523,0.0946595503935408,0.6666666666666666,0.6995433789954338,0.9909443725743855,0.8201284796573876,21.0,Stachys.officinalis,0.36621004566210047,opth,2,False,mlp1,bce,msle
507,0.8813499291641368,0.14683717158233858,0.8333333333333334,0.8424408014571949,0.9967672413793104,0.9131293188548865,18.0,Stachys.pradica,0.6757741347905282,opth,2,False,mlp1,bce,msle
508,0.8276068888698483,0.33547589539930783,0.7636363636363637,0.700282752120641,0.9828042328042328,0.817831590533847,55.0,Stachys.recta,0.4639191157570046,opth,2,False,mlp1,bce,msle
509,0.8700105042016807,0.15616152600748212,0.8571428571428571,0.7564338235294118,0.9951632406287787,0.8595300261096606,28.0,Stellaria.graminea,0.6135766806722689,opth,2,False,mlp1,bce,msle
510,0.9693693693693695,0.1476221147273779,0.8333333333333334,0.9432432432432433,0.9990458015267175,0.9703429101019463,6.0,Stipa.capillata,0.7765765765765766,opth,2,False,mlp1,bce,msle
511,0.8956182958915199,0.2978319830058928,0.6666666666666666,0.9116575591985429,0.9940417080436942,0.9510688836104513,18.0,Stipa.eriocaulis,0.5783242258652095,opth,2,False,mlp1,bce,msle
512,0.8555390298901309,0.1069843605815313,0.5789473684210527,0.9097538742023701,0.9920477137176938,0.9491203043271517,19.0,Succisa.pratensis,0.48870124262342274,opth,2,False,mlp1,bce,msle
513,0.9856244384546271,0.23124999999999998,1.0,0.9469901168014375,1.0,0.972773419473927,3.0,Symphytum.officinale,0.9469901168014374,opth,2,False,mlp1,bce,msle
514,0.8651933701657457,0.14802050826533641,0.43333333333333335,0.9281767955801105,0.9834146341463414,0.9549976314542871,30.0,Taraxacum.alpinum,0.3615101289134439,opth,2,False,mlp1,bce,msle
515,0.8144032080776389,0.4882129920725521,0.7715736040609137,0.6866158868335147,0.9334319526627219,0.7912225705329153,197.0,Taraxacum.officinale,0.4581894908944284,opth,2,False,mlp1,bce,msle
516,0.9147931654676258,0.027979037325557628,0.5,0.8803956834532374,0.9979612640163099,0.9354992833253702,4.0,Tephroseris.integrifolia,0.3803956834532374,opth,2,False,mlp1,bce,msle
517,0.9685534591194969,0.20620915032679737,0.6666666666666666,0.9613656783468104,0.9990662931839402,0.9798534798534798,3.0,Teucrium.botrys,0.628032345013477,opth,2,False,mlp1,bce,msle
518,0.8727095946433584,0.4826038179860755,0.6836734693877551,0.8506876227897839,0.9654403567447045,0.9044386422976501,98.0,Teucrium.chamaedrys,0.534361092177539,opth,2,False,mlp1,bce,msle
519,0.8256517918172054,0.195735701594689,0.4473684210526316,0.9109461966604824,0.9790628115653041,0.9437770302739068,38.0,Teucrium.montanum,0.358314617713114,opth,2,False,mlp1,bce,msle
520,0.916140667267809,0.08295289972094708,0.7142857142857143,0.8944995491433724,0.9979879275653923,0.9434141702330004,7.0,Thalictrum.alpinum,0.6087852634290867,opth,2,False,mlp1,bce,msle
521,0.947935368043088,0.024585477415666093,1.0,0.8087971274685817,1.0,0.8942928039702234,2.0,Thalictrum.aquilegiifolium,0.8087971274685817,opth,2,False,mlp1,bce,msle
522,0.8980891719745223,0.12138723886148432,0.47058823529411764,0.8835304822565969,0.9908163265306122,0.9341029341029341,17.0,Thalictrum.minus,0.35411871755071456,opth,2,False,mlp1,bce,msle
523,0.8507194244604316,0.025066928685349738,1.0,0.716726618705036,1.0,0.8349921424829754,4.0,Thalictrum.simplex,0.7167266187050361,opth,2,False,mlp1,bce,msle
524,0.8030152352917778,0.17772990742396352,0.6521739130434783,0.7419945105215004,0.9902319902319903,0.8483263598326359,23.0,Thesium.alpinum,0.3941684235649787,opth,2,False,mlp1,bce,msle
525,0.8129512635379061,0.02540004199300583,0.625,0.8185920577617328,0.9967032967032967,0.8989098116947473,8.0,Thesium.linophyllon,0.44359205776173294,opth,2,False,mlp1,bce,msle
526,0.8317915162454873,0.040104500758819724,0.625,0.8637184115523465,0.996875,0.925531914893617,8.0,Thesium.pyrenaicum,0.4887184115523464,opth,2,False,mlp1,bce,msle
527,0.8141831238779174,0.006988534066142329,1.0,0.781867145421903,1.0,0.8775818639798488,2.0,Tofieldia.calyculata,0.781867145421903,opth,2,False,mlp1,bce,msle
528,0.8875225631768953,0.07142206707942333,0.5,0.8790613718411552,0.9959100204498977,0.9338446788111218,8.0,Tragopogon.dubius,0.3790613718411553,opth,2,False,mlp1,bce,msle
529,0.8466666666666666,0.5273971519754218,0.8379629629629629,0.6988888888888889,0.947289156626506,0.8043478260869565,216.0,Tragopogon.pratensis,0.5368518518518517,opth,2,False,mlp1,bce,msle
530,0.8957386363636364,0.20071212336025132,0.8125,0.860909090909091,0.9968421052631579,0.9239024390243903,16.0,Traunsteinera.globosa,0.6734090909090908,opth,2,False,mlp1,bce,msle
531,0.83464885650678,0.12086052788597884,0.7777777777777778,0.7941712204007286,0.9954337899543378,0.8834853090172239,18.0,Trifolium.alpestre,0.5719489981785064,opth,2,False,mlp1,bce,msle
532,0.8979350526947134,0.2675704131612042,0.9272727272727272,0.7417530631479736,0.9949431099873578,0.8498920086393088,55.0,Trifolium.alpinum,0.6690257904207009,opth,2,False,mlp1,bce,msle
533,0.8156249999999999,0.09727692991609266,0.6875,0.8136363636363636,0.9944444444444445,0.895,16.0,Trifolium.arvense,0.5011363636363635,opth,2,False,mlp1,bce,msle
534,0.8067567567567568,0.08638894691870845,0.5,0.7666666666666667,0.9964871194379391,0.8665987780040734,6.0,Trifolium.aureum,0.2666666666666666,opth,2,False,mlp1,bce,msle
535,0.8608513708513709,0.29357142391977875,0.6060606060606061,0.8228571428571428,0.9707865168539326,0.8907216494845361,66.0,Trifolium.badium,0.4289177489177489,opth,2,False,mlp1,bce,msle
536,0.8245955749425582,0.23490366140578886,0.6265060240963856,0.8121974830590513,0.964367816091954,0.8817656332107199,83.0,Trifolium.campestre,0.4387035071554368,opth,2,False,mlp1,bce,msle
537,0.9181187001511008,0.3002912553394421,0.9183673469387755,0.7685098406747891,0.9951456310679612,0.8672659968270756,49.0,Trifolium.dubium,0.6868771876135646,opth,2,False,mlp1,bce,msle
538,0.8096796028880866,0.07702761027652331,0.875,0.5469314079422383,0.9983525535420099,0.7067055393586006,8.0,Trifolium.medium,0.42193140794223827,opth,2,False,mlp1,bce,msle
539,0.788730281207133,0.3104065064596056,0.6527777777777778,0.757201646090535,0.9363867684478372,0.8373151308304891,144.0,Trifolium.montanum,0.40997942386831276,opth,2,False,mlp1,bce,msle
540,0.7755979412655162,0.03719431154985652,0.6666666666666666,0.7356948228882834,0.9938650306748467,0.8455114822546973,15.0,Trifolium.ochroleucon,0.4023614895549499,opth,2,False,mlp1,bce,msle
541,0.7718410852713178,0.7155801914907569,0.7286821705426356,0.6483333333333333,0.7353497164461248,0.6891054030115146,516.0,Trifolium.pratense,0.37701550387596905,opth,2,False,mlp1,bce,msle
542,0.7796648401223565,0.3837341353252043,0.7878787878787878,0.6350762527233116,0.9328,0.7556707712248866,198.0,Trifolium.repens,0.42295504060209943,opth,2,False,mlp1,bce,msle
543,0.8588129496402878,0.42245390534262484,0.75,0.6780575539568345,0.9986754966887417,0.8077129084092126,4.0,Trifolium.rubens,0.42805755395683454,opth,2,False,mlp1,bce,msle
544,0.893660071942446,0.08657228346798557,0.5,0.9766187050359713,0.9981617647058824,0.9872727272727273,4.0,Trifolium.scabrum,0.47661870503597115,opth,2,False,mlp1,bce,msle
545,0.9176444043321299,0.05607148136746047,0.375,0.9512635379061372,0.9952785646836638,0.972773419473927,8.0,Trifolium.striatum,0.32626353790613716,opth,2,False,mlp1,bce,msle
546,0.8815320349084717,0.3072411641718704,0.625,0.8582375478927203,0.9707475622968581,0.9110320284697508,72.0,Trifolium.thalii,0.48323754789272044,opth,2,False,mlp1,bce,msle
547,0.8237719095940959,0.25546764253190474,0.625,0.9160516605166051,0.9880597014925373,0.9506941120153183,32.0,Trinia.glauca,0.5410516605166051,opth,2,False,mlp1,bce,msle
548,0.8085514440433212,0.03862661139108988,0.375,0.8727436823104693,0.9948559670781894,0.9298076923076923,8.0,Trisetum.distichophyllum,0.24774368231046928,opth,2,False,mlp1,bce,msle
549,0.8121680288608524,0.5919530880658793,0.770764119601329,0.7226993865030675,0.8951367781155015,0.7997284453496266,301.0,Trisetum.flavescens,0.4934635061043964,opth,2,False,mlp1,bce,msle
550,0.8496878590313248,0.23429881025445523,0.7391304347826086,0.8185291308500477,0.9794285714285714,0.8917793964620188,69.0,Trollius.europaeus,0.5576595656326564,opth,2,False,mlp1,bce,msle
551,0.8912848158131176,0.028867462319943395,0.6666666666666666,0.8005390835579514,0.9988789237668162,0.8887780548628429,3.0,Turritis.glabra,0.4672057502246181,opth,2,False,mlp1,bce,msle
552,0.7145466405740378,0.06013737965240393,0.5714285714285714,0.726027397260274,0.9888059701492538,0.8372827804107424,21.0,Tussilago.farfara,0.2974559686888454,opth,2,False,mlp1,bce,msle
553,0.7392497712717292,0.060872540190936665,0.34782608695652173,0.8636779505946935,0.9843587069864442,0.9200779727095516,23.0,Urtica.dioica,0.21150403755121516,opth,2,False,mlp1,bce,msle
554,0.8679245283018868,0.03232684149775396,0.6666666666666666,0.8805031446540881,0.9989806320081549,0.936007640878701,3.0,Valeriana.dioica,0.5471698113207548,opth,2,False,mlp1,bce,msle
555,0.8867810900331226,0.22560370160503454,0.7777777777777778,0.7994579945799458,0.9977452085682075,0.8876629889669007,9.0,Valeriana.montana,0.5772357723577235,opth,2,False,mlp1,bce,msle
556,0.8338596585130867,0.08180971506561566,0.7647058823529411,0.7625113739763422,0.995249406175772,0.863472436888202,17.0,Valeriana.officinalis,0.5272172563292834,opth,2,False,mlp1,bce,msle
557,0.8347571942446043,0.02052611887475479,0.25,0.8741007194244604,0.9969230769230769,0.9314805941542884,4.0,Valerianella.dentata,0.12410071942446033,opth,2,False,mlp1,bce,msle
558,0.859036632260676,0.08751400490230492,0.6666666666666666,0.7959927140255009,0.9931818181818182,0.8837209302325582,18.0,Valerianella.locusta,0.4626593806921675,opth,2,False,mlp1,bce,msle
559,0.8467490417351141,0.34883974575830073,0.5641025641025641,0.9099350046425255,0.9829488465396189,0.9450337512054002,39.0,Veratrum.album,0.47403756874508973,opth,2,False,mlp1,bce,msle
560,0.8145794966236956,0.1109156491813182,0.5333333333333333,0.8655616942909761,0.9853249475890985,0.9215686274509803,30.0,Verbascum.lychnitis,0.3988950276243095,opth,2,False,mlp1,bce,msle
561,0.6000897666068222,0.003284349557633655,0.0,0.7800718132854578,0.9977037887485649,0.8755667506297229,2.0,Verbascum.nigrum,-0.21992818671454217,opth,2,False,mlp1,bce,msle
562,0.7853922452660054,0.03044038232230855,0.5714285714285714,0.7826871055004508,0.9965556831228473,0.8767676767676768,7.0,Verbascum.thapsus,0.35411567692902235,opth,2,False,mlp1,bce,msle
563,0.8364823636460954,0.07215707358768704,0.6470588235294118,0.8125568698817106,0.9933259176863182,0.8938938938938938,17.0,Verbena.officinalis,0.4596156934111224,opth,2,False,mlp1,bce,msle
564,0.9348310058692573,0.2491182136863272,0.8888888888888888,0.8233151183970856,0.9977924944812362,0.9021956087824351,18.0,Veronica.aphylla,0.7122040072859743,opth,2,False,mlp1,bce,msle
565,0.8287077605060271,0.38379827607400896,0.762589928057554,0.7195496417604913,0.9551630434782609,0.8207822533566842,139.0,Veronica.arvensis,0.4821395698180453,opth,2,False,mlp1,bce,msle
566,0.8790606653620352,0.12173088968141203,0.38095238095238093,0.9570776255707762,0.9877474081055608,0.9721706864564007,21.0,Veronica.bellidioides,0.3380300065231572,opth,2,False,mlp1,bce,msle
567,0.8225319336430449,0.30769766410376836,0.7606837606837606,0.7407407407407407,0.9635416666666666,0.8375778155065082,117.0,Veronica.chamaedrys,0.5014245014245013,opth,2,False,mlp1,bce,msle
568,0.8595011734754763,0.11226592640595758,0.9130434782608695,0.6999085086916743,0.9973924380704041,0.8225806451612904,23.0,Veronica.fruticans,0.6129519869525439,opth,2,False,mlp1,bce,msle
569,0.9354260089686098,0.0136986301369863,1.0,0.9076233183856502,1.0,0.9515749882463563,1.0,Veronica.fruticulosa,0.9076233183856504,opth,2,False,mlp1,bce,msle
570,0.8061561561561562,0.024759509365324322,0.6666666666666666,0.790990990990991,0.9977272727272727,0.8824120603015075,6.0,Veronica.officinalis,0.45765765765765765,opth,2,False,mlp1,bce,msle
571,0.8698448905109489,0.14752358234570875,0.75,0.7755474452554745,0.9941520467836257,0.8713480266529985,20.0,Veronica.persica,0.5255474452554745,opth,2,False,mlp1,bce,msle
572,0.7934659090909091,0.07464009452780616,0.6875,0.7827272727272727,0.9942263279445728,0.8758901322482198,16.0,Veronica.serpyllifolia,0.4702272727272727,opth,2,False,mlp1,bce,msle
573,0.8657860317120369,0.4815318157011173,0.7443609022556391,0.7965412004069176,0.9583843329253366,0.87,133.0,Vicia.cracca,0.5409021026625567,opth,2,False,mlp1,bce,msle
574,0.9057826668648729,0.27629619461386346,0.6129032258064516,0.9023041474654377,0.987891019172553,0.9431599229287091,31.0,Vicia.hirsuta,0.5152073732718894,opth,2,False,mlp1,bce,msle
575,0.8458935018050542,0.04440872144458819,0.25,0.9232851985559567,0.9941690962099126,0.9574169396350023,8.0,Vicia.onobrychioides,0.1732851985559567,opth,2,False,mlp1,bce,msle
576,0.8790173208819313,0.43929145004155196,0.5877862595419847,0.8974619289340101,0.9424307036247335,0.9193967758710349,131.0,Vicia.sativa,0.4852481884759947,opth,2,False,mlp1,bce,msle
577,0.8117127233668587,0.2649822822324689,0.4473684210526316,0.9257884972170687,0.9793915603532876,0.9518359561278016,38.0,Vicia.sepium,0.3731569182697003,opth,2,False,mlp1,bce,msle
578,0.9159172661870503,0.07083282619279456,1.0,0.6879496402877698,1.0,0.8151305274374001,4.0,Vicia.tetrasperma,0.6879496402877698,opth,2,False,mlp1,bce,msle
579,0.748307761732852,0.030392740465293198,0.125,0.9196750902527075,0.99317738791423,0.9550140581068416,8.0,Vincetoxicum.hirundinaria,0.04467509025270755,opth,2,False,mlp1,bce,msle
580,0.4708258527827648,0.0024967246649964373,0.0,0.7271095152603232,0.9975369458128078,0.8411214953271028,2.0,Viola.arvensis,-0.2728904847396768,opth,2,False,mlp1,bce,msle
581,0.7456456456456456,0.026750647090014824,0.3333333333333333,0.9468468468468468,0.9962085308056872,0.9709006928406466,6.0,Viola.biflora,0.2801801801801802,opth,2,False,mlp1,bce,msle
582,0.8105679830617694,0.14840919252230766,0.6666666666666666,0.7661971830985915,0.9795918367346939,0.8598524762908325,51.0,Viola.calcarata,0.43286384976525816,opth,2,False,mlp1,bce,msle
583,0.7777869189633896,0.05357458976310912,0.5454545454545454,0.8054298642533937,0.994413407821229,0.89,11.0,Viola.hirta,0.3508844097079391,opth,2,False,mlp1,bce,msle
584,0.427158273381295,0.003724667774577089,0.0,0.6969424460431655,0.9948652118100129,0.819672131147541,4.0,Viola.rupestris,-0.30305755395683454,opth,2,False,mlp1,bce,msle
585,0.7882194244604317,0.01152069135090461,0.25,0.927158273381295,0.9970986460348162,0.9608574091332712,4.0,Vulpia.myuros,0.17715827338129486,opth,2,False,mlp1,bce,msle
586,0.899955035971223,0.0796228046364269,0.75,0.8192446043165468,0.9989035087719298,0.900197628458498,4.0,Athamanta.cretensis,0.5692446043165469,opth,2,False,mlp1,bce,msle
587,0.9637616052710393,0.05017040500911468,0.6666666666666666,0.9362084456424079,0.9990412272291467,0.9666048237476809,3.0,Bupleurum.baldense,0.6028751123090745,opth,2,False,mlp1,bce,msle
588,0.7440989134507305,0.2132259076055052,0.47058823529411764,0.8808007279344859,0.9907881269191402,0.9325626204238922,17.0,Imperatoria.ostruthium,0.3513889632286036,opth,2,False,mlp1,bce,msle
589,0.8333914498919033,0.08170739351108532,0.46153846153846156,0.9256572982774252,0.9931906614785992,0.9582355701548568,13.0,Laserpitium.gallicum,0.38719575981588683,opth,2,False,mlp1,bce,msle
590,0.994059405940594,0.3208333333333333,0.6,0.9900990099009901,0.9981851179673321,0.9941256213285133,5.0,Oenanthe.silaifolia,0.5900990099009902,opth,2,False,mlp1,bce,msle
591,0.9477477477477477,0.19251441373691797,0.6666666666666666,0.9522522522522523,0.9981114258734656,0.9746426924850161,6.0,Seseli.galloprovinciale,0.618918918918919,opth,2,False,mlp1,bce,msle
592,0.9799341120095837,0.15833333333333333,0.3333333333333333,0.977538185085355,0.998165137614679,0.9877439854743532,3.0,Torilis.leptophylla,0.3108715184186883,opth,2,False,mlp1,bce,msle
593,0.9883093525179857,0.36108193277310924,1.0,0.9595323741007195,1.0,0.9793483249196879,4.0,Achillea.ptarmica,0.9595323741007196,opth,2,False,mlp1,bce,msle
594,0.9757847533632287,0.03571428571428571,1.0,0.8717488789237668,1.0,0.9314805941542884,1.0,Artemisia.alba,0.8717488789237668,opth,2,False,mlp1,bce,msle
595,0.9201201201201201,0.07702460201035974,0.6666666666666666,0.9351351351351351,0.9980769230769231,0.9655813953488372,6.0,Bombycilaena.erecta,0.6018018018018019,opth,2,False,mlp1,bce,msle
596,0.8098233003893381,0.08386156648451731,0.6666666666666666,0.949685534591195,0.999054820415879,0.9737448180561953,3.0,Cacalia.alliariae,0.6163522012578615,opth,2,False,mlp1,bce,msle
597,0.9135830324909747,0.1072768501922982,0.875,0.7608303249097473,0.9988151658767772,0.8637295081967213,8.0,Cacalia.alpina,0.6358303249097474,opth,2,False,mlp1,bce,msle
598,0.877023381294964,0.04917506180084497,0.75,0.8705035971223022,0.9989680082559339,0.9303219605958674,4.0,Carduus.nigrescens,0.6205035971223021,opth,2,False,mlp1,bce,msle
599,0.9257329249373483,0.2790434183481678,0.6956521739130435,0.9194876486733761,0.9930830039525692,0.9548693586698337,23.0,Catananche.caerulea,0.6151398225864195,opth,2,False,mlp1,bce,msle
600,0.7508695092103568,0.040629089308157014,0.7142857142857143,0.8268710550045085,0.9978237214363439,0.9043392504930966,7.0,Centaurea.alpestris,0.5411567692902228,opth,2,False,mlp1,bce,msle
601,0.928409090909091,0.2544241985265533,0.875,0.8790909090909091,0.9979360165118679,0.9347510874818753,16.0,Centaurea.paniculata,0.7540909090909091,opth,2,False,mlp1,bce,msle
602,0.7527075812274369,0.04415003116961083,0.5,0.8231046931407943,0.9956331877729258,0.9011857707509882,8.0,Centaurea.triumfetti,0.3231046931407944,opth,2,False,mlp1,bce,msle
603,0.9028340080971661,0.3411166315078074,0.7307692307692307,0.8552631578947368,0.9848484848484849,0.9154929577464789,52.0,Centaurea.uniflora,0.5860323886639676,opth,2,False,mlp1,bce,msle
604,0.9222322232223222,0.043601378066252694,0.6,0.9423942394239424,0.998093422306959,0.9694444444444444,5.0,Cirsium.ferox,0.5423942394239423,opth,2,False,mlp1,bce,msle
605,0.8832276570048309,0.19424921076862775,0.8333333333333334,0.7817028985507246,0.9976878612716763,0.8765871000507872,12.0,Cirsium.morisianum,0.6150362318840581,opth,2,False,mlp1,bce,msle
606,0.9942942942942943,0.4662698412698413,1.0,0.9018018018018018,1.0,0.9483657034580767,6.0,Cirsium.rivulare,0.9018018018018017,opth,2,False,mlp1,bce,msle
607,0.7846984698469848,0.019283979470125594,0.4,0.864986498649865,0.9968879668049793,0.9262650602409639,5.0,Crepis.albida,0.2649864986498649,opth,2,False,mlp1,bce,msle
608,0.8927385265700483,0.09766878082800745,0.8333333333333334,0.7563405797101449,0.997610513739546,0.8603812467800103,12.0,Crepis.nicaeensis,0.5896739130434783,opth,2,False,mlp1,bce,msle
609,0.8194419441944194,0.2138394158604214,0.2,0.9558955895589559,0.9962476547842402,0.975654570509876,5.0,Doronicum.grandiflorum,0.155895589558956,opth,2,False,mlp1,bce,msle
610,0.9041017669638041,0.30808178250985196,0.6206896551724138,0.906163753449862,0.9889558232931727,0.9457513202112338,29.0,Echinops.ritro,0.5268534086222758,opth,2,False,mlp1,bce,msle
611,0.9703770197486535,0.08755760368663594,1.0,0.8429084380610413,1.0,0.9147588894301023,2.0,Erigeron.atticus,0.8429084380610412,opth,2,False,mlp1,bce,msle
612,0.8824057450628366,0.013211382113821137,0.5,0.9326750448833034,0.9990384615384615,0.9647168059424327,2.0,Filago.vulgaris,0.43267504488330344,opth,2,False,mlp1,bce,msle
613,0.9257262653489068,0.034590953086039905,0.3333333333333333,0.9371069182389937,0.9980861244019139,0.9666357738646896,3.0,Helichrysum.stoechas,0.270440251572327,opth,2,False,mlp1,bce,msle
614,0.9973070017953322,0.625,1.0,0.8886894075403949,1.0,0.94106463878327,2.0,Hieracium.glanduliferum,0.888689407540395,opth,2,False,mlp1,bce,msle
615,0.8113442994895066,0.12435120387710183,0.5853658536585366,0.8018604651162791,0.9806598407281001,0.8822927328556807,41.0,Pilosella.peleteriana,0.3872263187748155,opth,2,False,mlp1,bce,msle
616,0.8038100826563338,0.2929828479523997,0.7422680412371134,0.746810598626104,0.9681933842239185,0.843213296398892,97.0,Pilosella.officinarum,0.4890786398632174,opth,2,False,mlp1,bce,msle
617,0.8889388132681378,0.36805090192199513,0.8,0.849213691026827,0.9924324324324324,0.9152542372881356,35.0,Hieracium.rionii,0.6492136910268269,opth,2,False,mlp1,bce,msle
618,0.9267766365805581,0.36253951990431155,0.7111111111111111,0.9187675070028011,0.9869608826479438,0.9516441005802708,45.0,Pilosella.corymbuloides,0.6298786181139122,opth,2,False,mlp1,bce,msle
619,0.8543399638336348,0.06763563101965699,0.4,0.9547920433996383,0.9943502824858758,0.974169741697417,10.0,Inula.montana,0.3547920433996383,opth,2,False,mlp1,bce,msle
620,0.9112141182900808,0.4010449720941227,0.8709677419354839,0.8435972629521017,0.9862857142857143,0.9093782929399368,93.0,Leontodon.pyrenaicus,0.7145650048875856,opth,2,False,mlp1,bce,msle
621,0.8655909943714822,0.3220613562416686,0.78,0.7786116322701688,0.9869203329369798,0.8704771893025695,50.0,Leucanthemum.adustum,0.5586116322701689,opth,2,False,mlp1,bce,msle
622,0.9287587646523577,0.2428491625868207,0.6470588235294118,0.9290263876251137,0.994157740993184,0.9604891815616181,17.0,Leucanthemum.atratum,0.5760852111545254,opth,2,False,mlp1,bce,msle
623,0.9501842172907207,0.38760873384164446,0.8727272727272727,0.9142318567389256,0.9928352098259979,0.9519136408243376,55.0,Omalotheca.supina,0.7869591294661982,opth,2,False,mlp1,bce,msle
624,0.950900900900901,0.10454654059767085,1.0,0.7963963963963964,1.0,0.8866599799398195,6.0,Omalotheca.sylvatica,0.7963963963963963,opth,2,False,mlp1,bce,msle
625,0.940700808625337,0.04365579052627681,0.3333333333333333,0.9550763701707098,0.9981220657276996,0.9761248852157943,3.0,Pulicaria.dysenterica,0.28840970350404316,opth,2,False,mlp1,bce,msle
626,0.9274764910472755,0.30769355917314256,1.0,0.7357980162308386,1.0,0.8477922077922078,7.0,Scorzonera.hispanica,0.7357980162308386,opth,2,False,mlp1,bce,msle
627,0.9915915915915916,0.41001984126984126,1.0,0.9144144144144144,1.0,0.9552941176470588,6.0,Senecio.aquaticus,0.9144144144144144,opth,2,False,mlp1,bce,msle
628,0.9560143626570915,0.17687074829931973,0.5,0.9631956912028725,0.9990689013035382,0.9808043875685558,2.0,Senecio.vulgaris,0.4631956912028725,opth,2,False,mlp1,bce,msle
629,0.9703294223826715,0.44628357132287655,0.875,0.9043321299638989,0.9990029910269193,0.9493131217432497,8.0,Serratula.lycopifolia,0.7793321299638989,opth,2,False,mlp1,bce,msle
630,0.8493705035971223,0.10716069199215267,0.75,0.8633093525179856,0.9989594172736732,0.9261939218523878,4.0,Serratula.nudicaulis,0.6133093525179856,opth,2,False,mlp1,bce,msle
631,0.8554828519855595,0.04866932083485449,1.0,0.648014440433213,1.0,0.7864184008762322,8.0,Sonchus.asper,0.6480144404332129,opth,2,False,mlp1,bce,msle
632,0.7603872361642015,0.0840218406053049,0.45454545454545453,0.856489945155393,0.9873551106427819,0.9172785119921684,22.0,Taraxacum.erythrospermum,0.3110353997008475,opth,2,False,mlp1,bce,msle
633,0.9407008086253369,0.03463849776989293,1.0,0.8562443845462714,1.0,0.9225556631171346,3.0,Taraxacum.palustre,0.8562443845462715,opth,2,False,mlp1,bce,msle
634,0.8414936823104693,0.030551084166366795,0.75,0.7229241877256317,0.9975093399750934,0.8383045525902669,8.0,Tolpis.staticifolia,0.47292418772563183,opth,2,False,mlp1,bce,msle
635,0.9134113411341134,0.030269905533063426,0.6,0.9108910891089109,0.9980276134122288,0.9524705882352941,5.0,Tragopogon.crocifolius,0.5108910891089109,opth,2,False,mlp1,bce,msle
636,0.9168339416058393,0.1627731141255716,0.8,0.8293795620437956,0.9956188389923329,0.904927824788452,20.0,Cerinthe.minor,0.6293795620437956,opth,2,False,mlp1,bce,msle
637,0.9672351885098743,0.039230769230769236,1.0,0.7450628366247756,1.0,0.8539094650205762,2.0,Cynoglossum.officinale,0.7450628366247756,opth,2,False,mlp1,bce,msle
638,0.7459532374100719,0.01077008888672066,0.5,0.8471223021582733,0.9978813559322034,0.9163424124513618,4.0,Lithospermum.arvense,0.3471223021582732,opth,2,False,mlp1,bce,msle
639,0.9001136363636364,0.1962739550915587,0.875,0.8427272727272728,0.9978471474703983,0.9137506160670281,16.0,Myosotis.decumbens,0.7177272727272728,opth,2,False,mlp1,bce,msle
640,0.7625562556255625,0.03496886606150465,0.2,0.9603960396039604,0.996265172735761,0.9780018331805683,5.0,Myosotis.discolor,0.16039603960396032,opth,2,False,mlp1,bce,msle
641,0.9494149414941494,0.2102583979328166,1.0,0.81998199819982,1.0,0.9010880316518298,5.0,Pulmonaria.angustifolia,0.81998199819982,opth,2,False,mlp1,bce,msle
642,0.9472896076669661,0.04198391940327424,1.0,0.8957771787960467,1.0,0.9450236966824644,3.0,Alyssum.alpestre,0.8957771787960467,opth,2,False,mlp1,bce,msle
643,0.6930930930930931,0.02070141206325817,0.5,0.8126126126126126,0.9966850828729282,0.8952853598014888,6.0,Alyssum.montanum,0.31261261261261275,opth,2,False,mlp1,bce,msle
644,0.8266636690647482,0.015593436700927646,0.75,0.835431654676259,0.9989247311827957,0.9098922624877571,4.0,Arabis.alpina,0.585431654676259,opth,2,False,mlp1,bce,msle
645,0.95818345323741,0.5237568639414277,0.75,0.8785971223021583,0.9989775051124744,0.9349282296650717,4.0,Arabis.auriculata,0.6285971223021583,opth,2,False,mlp1,bce,msle
646,0.9358858858858858,0.05307493432493432,0.16666666666666666,0.9747747747747748,0.9954001839926403,0.9849795175238962,6.0,Cardamine.bellidifolia,0.14144144144144155,opth,2,False,mlp1,bce,msle
647,0.9437268613739203,0.14127216566306616,0.5454545454545454,0.9475113122171945,0.9952471482889734,0.9707927677329624,11.0,Cardamine.resedifolia,0.49296585767173995,opth,2,False,mlp1,bce,msle
648,,-0.0,0.0,0.9435483870967742,1.0,0.970954356846473,0.0,Iberis.pinnata,-0.056451612903225756,opth,2,False,mlp1,bce,msle
649,0.8168892936652499,0.07036840819191194,0.8888888888888888,0.6411657559198543,0.9971671388101983,0.7804878048780488,18.0,Kandis.perfoliata,0.5300546448087431,opth,2,False,mlp1,bce,msle
650,0.8969844161100992,0.11747584721924532,0.9444444444444444,0.7058287795992714,0.9987113402061856,0.8271077908217717,18.0,Noccaea.brachypetala,0.6502732240437159,opth,2,False,mlp1,bce,msle
651,0.9274593862815884,0.18169916605851533,0.625,0.9314079422382672,0.9971014492753624,0.9631357909472702,8.0,Pritzelago.alpina,0.5564079422382671,opth,2,False,mlp1,bce,msle
652,0.8451632225217129,0.07626046131863647,0.3333333333333333,0.9658580413297394,0.9981429897864438,0.9817351598173516,3.0,Sisymbrium.austriacum,0.2991913746630728,opth,2,False,mlp1,bce,msle
653,0.989237668161435,0.07692307692307693,1.0,0.8502242152466367,1.0,0.9190499272903538,1.0,Campanula.alpestris,0.8502242152466368,opth,2,False,mlp1,bce,msle
654,0.9380135139422009,0.32437911804965613,0.5172413793103449,0.9650413983440662,0.9868297271872061,0.9758139534883721,29.0,Phyteuma.globulariifolium,0.4822827776544112,opth,2,False,mlp1,bce,msle
655,0.8001808318264014,0.13138580860483343,0.5,0.9240506329113924,0.9951314508276533,0.9582747304266291,10.0,Phyteuma.michelii,0.42405063291139244,opth,2,False,mlp1,bce,msle
656,0.8837429111531192,0.3847751543583852,0.6551724137931034,0.8686200378071833,0.9787007454739084,0.9203805708562844,58.0,Arenaria.gothica,0.5237924516002868,opth,2,False,mlp1,bce,msle
657,0.9641537066741056,0.19170962797769994,0.8461538461538461,0.9383499546690843,0.9980713596914176,0.9672897196261683,13.0,Cerastium.cerastoides,0.7845038008229306,opth,2,False,mlp1,bce,msle
658,0.908749621556161,0.17519839881633933,0.8,0.8337874659400545,0.996742671009772,0.9080118694362018,15.0,Dianthus.hyssopifolius,0.6337874659400544,opth,2,False,mlp1,bce,msle
659,0.8932501418037437,0.24137178725356415,0.7804878048780488,0.8427906976744186,0.9901639344262295,0.9105527638190954,41.0,Dianthus.pavonius,0.6232785025524674,opth,2,False,mlp1,bce,msle
660,0.9538583032490975,0.155467793530379,0.875,0.907942238267148,0.9990069513406157,0.9513002364066194,8.0,Minuartia.hybrida,0.782942238267148,opth,2,False,mlp1,bce,msle
661,0.8424010791366907,0.04057265308384245,0.5,0.875,0.997948717948718,0.9324389075227599,4.0,Minuartia.rupestris,0.375,opth,2,False,mlp1,bce,msle
662,0.9304949110403232,0.361307141889608,0.7377049180327869,0.8919431279620853,0.9832810867293625,0.9353876739562624,61.0,Minuartia.sedoides,0.6296480459948723,opth,2,False,mlp1,bce,msle
663,0.8918655335071553,0.28130386635337645,0.6808510638297872,0.8512628624883068,0.9837837837837838,0.9127382146439318,47.0,Sagina.glabra,0.5321139263180941,opth,2,False,mlp1,bce,msle
664,0.923869801084991,0.1260456785516628,0.8,0.9132007233273056,0.9980237154150198,0.9537299338999056,10.0,Sagina.saginoides,0.7132007233273057,opth,2,False,mlp1,bce,msle
665,0.8365281777046483,0.06613257919969165,0.5454545454545454,0.7746606334841629,0.9941927990708479,0.8708036622583927,11.0,Silene.italica,0.3201151789387082,opth,2,False,mlp1,bce,msle
666,0.839431336305317,0.1197413742124658,0.7352941176470589,0.744916820702403,0.9889570552147239,0.8497627833421192,34.0,Silene.latifolia,0.4802109383494617,opth,2,False,mlp1,bce,msle
667,0.9659192825112107,0.02564102564102564,0.0,0.9937219730941704,0.9990982867448152,0.9964028776978417,1.0,Silene.suecica,-0.00627802690582957,opth,2,False,mlp1,bce,msle
668,0.626493307105503,0.08246908046936373,0.42105263157894735,0.8432087511394712,0.9882478632478633,0.9099852434825382,19.0,Chenopodium.bonus.henricus,0.2642613827184186,opth,2,False,mlp1,bce,msle
669,0.9057186344857577,0.3006160173363754,0.7142857142857143,0.9205479452054794,0.9940828402366864,0.9559032716927454,21.0,Helianthemum.apenninum,0.6348336594911936,opth,2,False,mlp1,bce,msle
670,0.8102114898989898,0.2660395317317328,0.6333333333333333,0.8285984848484849,0.9754738015607581,0.8960573476702509,60.0,Helianthemum.oelandicum,0.46193181818181817,opth,2,False,mlp1,bce,msle
671,0.9851885098743267,0.10591133004926108,1.0,0.9012567324955116,1.0,0.9480642115203022,2.0,Convolvulus.cantabricus,0.9012567324955116,opth,2,False,mlp1,bce,msle
672,0.9281293479825361,0.17962309986233266,0.7894736842105263,0.845943482224248,0.9957081545064378,0.9147363233119763,19.0,Sedum.alpestre,0.6354171664347743,opth,2,False,mlp1,bce,msle
673,0.7894693541752364,0.05158254152395578,0.5454545454545454,0.8199095022624434,0.9945115257958288,0.8988095238095238,11.0,Sedum.anacampseros,0.3653640477169888,opth,2,False,mlp1,bce,msle
674,0.8487435664547381,0.16016375808336827,0.5333333333333333,0.885558583106267,0.9928716904276986,0.9361497839654345,15.0,Sedum.ochroleucum,0.41889191643960033,opth,2,False,mlp1,bce,msle
675,0.9732626353790614,0.33758533133533136,0.75,0.9557761732851986,0.998114985862394,0.9764868603042877,8.0,Sedum.sediforme,0.7057761732851986,opth,2,False,mlp1,bce,msle
676,0.95818345323741,0.09276854219948849,1.0,0.8929856115107914,1.0,0.9434679334916865,4.0,Sempervivum.calcareum,0.8929856115107913,opth,2,False,mlp1,bce,msle
677,0.9876348920863309,0.14643728304719017,1.0,0.9487410071942446,1.0,0.9736963544070143,4.0,Euphorbia.esula,0.9487410071942446,opth,2,False,mlp1,bce,msle
678,0.9347014925373134,0.5027657658669407,0.7045454545454546,0.9225746268656716,0.9870259481037924,0.9537126325940212,44.0,Anthyllis.montana,0.6271200814111262,opth,2,False,mlp1,bce,msle
679,0.94009009009009,0.2845931424282395,0.5,0.9387387387387387,0.9971291866028709,0.9670533642691416,6.0,Argyrolobium.zanonii,0.4387387387387387,opth,2,False,mlp1,bce,msle
680,0.8672506313131313,0.27515858094783624,0.7166666666666667,0.8257575757575758,0.9808773903262092,0.8966580976863753,60.0,Astragalus.danicus,0.5424242424242425,opth,2,False,mlp1,bce,msle
681,0.9036265432098766,0.31136600490993066,0.8333333333333334,0.8009259259259259,0.9931113662456946,0.8867247565351102,36.0,Astragalus.sempervirens,0.6342592592592593,opth,2,False,mlp1,bce,msle
682,0.9015287769784173,0.07773645320197044,0.25,0.9226618705035972,0.9970845481049563,0.9584306398879029,4.0,Astragalus.vesicarius,0.17266187050359716,opth,2,False,mlp1,bce,msle
683,0.9731773177317732,0.12536528071411793,0.6,0.981998199819982,0.9981701738334858,0.9900181488203267,5.0,Bituminaria.bituminosa,0.5819981998199819,opth,2,False,mlp1,bce,msle
684,0.9733012144936264,0.24295856712876274,0.3333333333333333,0.979223125564589,0.9944954128440368,0.9868001820664543,9.0,Dorycnium.pentaphyllum,0.3125564588979224,opth,2,False,mlp1,bce,msle
685,0.9578096947935367,0.030341880341880345,1.0,0.9093357271095153,1.0,0.9525152797367183,2.0,Genista.cinerea,0.9093357271095153,opth,2,False,mlp1,bce,msle
686,0.9210881294964028,0.06429401343997618,0.75,0.8309352517985612,0.9989189189189189,0.9072164948453608,4.0,Lathyrus.hirsutus,0.5809352517985613,opth,2,False,mlp1,bce,msle
687,0.9268916847041847,0.6940786654839652,0.890625,0.8430735930735931,0.97375,0.9037122969837587,192.0,Lotus.alpinus,0.7336985930735931,opth,2,False,mlp1,bce,msle
688,0.8524305555555556,0.13073340819401794,0.5833333333333334,0.7980072463768116,0.9943566591422122,0.8854271356783919,12.0,Lotus.delortii,0.381340579710145,opth,2,False,mlp1,bce,msle
689,0.9619646600778676,0.045211707871554416,1.0,0.9335130278526504,1.0,0.9656133828996283,3.0,Lotus.pedunculatus,0.9335130278526504,opth,2,False,mlp1,bce,msle
690,0.9496135702097761,0.18479943496028509,0.6666666666666666,0.8970189701897019,0.9969879518072289,0.9443651925820257,9.0,Medicago.arabica,0.5636856368563685,opth,2,False,mlp1,bce,msle
691,,-0.0,0.0,0.9901433691756273,1.0,0.995047276001801,0.0,Melilotus.neapolitanus,-0.009856630824372714,opth,2,False,mlp1,bce,msle
692,0.8842861891307962,0.13437148790857673,0.5454545454545454,0.8948811700182815,0.9898887765419616,0.9399903984637542,22.0,Ononis.cristata,0.4403357154728269,opth,2,False,mlp1,bce,msle
693,0.9024430779458202,0.1794074936772973,0.6818181818181818,0.9058500914076782,0.9929859719438878,0.9474187380497132,22.0,Oxytropis.lapponica,0.58766827322586,opth,2,False,mlp1,bce,msle
694,0.8928852558280351,0.09141310144410841,0.4666666666666667,0.9300635785649409,0.9922480620155039,0.9601500234411627,15.0,Trifolium.incarnatum,0.3967302452316077,opth,2,False,mlp1,bce,msle
695,0.8861931818181817,0.0801386863392701,0.8125,0.8345454545454546,0.996742671009772,0.9084611578426521,16.0,Trifolium.pallescens,0.6470454545454545,opth,2,False,mlp1,bce,msle
696,,-0.0,0.0,0.8620071684587813,1.0,0.9258902791145333,0.0,Vicia.pannonica,-0.13799283154121866,opth,2,False,mlp1,bce,msle
697,0.8468242766407904,0.1421822890276831,0.8461538461538461,0.6935779816513762,0.9947368421052631,0.8172972972972973,26.0,Vicia.tenuifolia,0.5397318278052223,opth,2,False,mlp1,bce,msle
698,0.9282910628019324,0.08007947243187613,0.8333333333333334,0.855072463768116,0.9978858350951374,0.9209756097560976,12.0,Gentiana.angustifolia,0.6884057971014492,opth,2,False,mlp1,bce,msle
699,0.8933794372363038,0.16135881946718428,0.7931034482758621,0.8086476540938362,0.9932203389830508,0.8914807302231237,29.0,Gentiana.brachyphylla,0.6017511023696982,opth,2,False,mlp1,bce,msle
700,0.7942238267148014,0.01810009405113077,0.0,0.9638989169675091,0.9925650557620818,0.978021978021978,8.0,Gentiana.orbicularis,-0.03610108303249093,opth,2,False,mlp1,bce,msle
701,0.9239602169981916,0.09831301067427728,0.8,0.8987341772151899,0.9979919678714859,0.9457659372026641,10.0,Gentiana.rostanii,0.69873417721519,opth,2,False,mlp1,bce,msle
702,0.8267534934201601,0.20709243122610427,0.6825396825396826,0.7910731244064577,0.9765533411488863,0.8740818467995802,63.0,Gentianella.campestris,0.4736128069461403,opth,2,False,mlp1,bce,msle
703,0.8068283917340521,0.07234153206069506,0.6666666666666666,0.7996406109613656,0.9988776655443322,0.8882235528942116,3.0,Gentianella.ciliata,0.46630727762803215,opth,2,False,mlp1,bce,msle
704,0.8859964093357271,0.013771929824561404,0.5,0.8231597845601436,0.9989106753812637,0.9025590551181102,2.0,Gentianella.tenella,0.3231597845601435,opth,2,False,mlp1,bce,msle
705,0.8093525179856116,0.01875386912872639,0.0,0.9550359712230215,0.9962476547842402,0.9752066115702479,4.0,Hypericum.tetrapterum,-0.04496402877697847,opth,2,False,mlp1,bce,msle
706,0.9035166816952209,0.19984802234876428,0.2857142857142857,0.9540126239855726,0.9952963311382879,0.9742173112338858,7.0,Herniaria.incana,0.23972690969985821,opth,2,False,mlp1,bce,msle
707,0.9317160826594789,0.03019859249975899,0.3333333333333333,0.9263252470799641,0.9980638915779284,0.9608574091332712,3.0,Calamintha.nepeta,0.25965858041329737,opth,2,False,mlp1,bce,msle
708,0.9519519519519519,0.09760455667415481,0.8333333333333334,0.8585585585585586,0.9989517819706499,0.9234496124031008,6.0,Mentha.aquatica,0.6918918918918919,opth,2,False,mlp1,bce,msle
709,0.7981030755282795,0.04220241500426236,0.5384615384615384,0.8241160471441523,0.9934426229508196,0.9008919722497523,13.0,Mentha.longifolia,0.36257758560569076,opth,2,False,mlp1,bce,msle
710,0.7847533632286996,0.004149377593360996,0.0,0.7982062780269058,0.9988776655443322,0.8873379860418744,1.0,Nepeta.nepetella,-0.2017937219730942,opth,2,False,mlp1,bce,msle
711,0.8204667863554758,0.0074090335327369515,0.5,0.7666068222621185,0.9988304093567252,0.867445403758253,2.0,Prunella.hyssopifolia,0.2666068222621185,opth,2,False,mlp1,bce,msle
712,0.9560143626570915,0.04131652661064426,0.5,0.9605026929982047,0.9990662931839402,0.9794050343249427,2.0,Teucrium.polium,0.46050269299820457,opth,2,False,mlp1,bce,msle
713,0.9931117100928422,0.7051282051282051,1.0,0.9110512129380054,1.0,0.9534555712270804,3.0,Linum.bienne,0.9110512129380055,opth,2,False,mlp1,bce,msle
714,0.8365875912408759,0.08355774313556194,0.5,0.8813868613138686,0.9897540983606558,0.9324324324324325,20.0,Linum.suffruticosum,0.3813868613138687,opth,2,False,mlp1,bce,msle
715,0.9784876980548757,0.1610877684407096,1.0,0.8313796212804329,1.0,0.9079271294928607,7.0,Lythrum.salicaria,0.831379621280433,opth,2,False,mlp1,bce,msle
716,0.9694244604316546,0.132152811936383,0.75,0.9199640287769785,0.9990234375,0.9578651685393258,4.0,Althaea.hirsuta,0.6699640287769784,opth,2,False,mlp1,bce,msle
717,0.9093357271095153,0.014835164835164835,0.0,0.966786355475763,0.9981464318813716,0.9822161422708618,2.0,Epilobium.parviflorum,-0.03321364452423703,opth,2,False,mlp1,bce,msle
718,0.9161116111611161,0.04562633751312997,0.4,0.9234923492349235,0.9970845481049563,0.9588785046728971,5.0,Plantago.sempervirens,0.32349234923492354,opth,2,False,mlp1,bce,msle
719,0.9291834502996831,0.4344797201742683,0.8985507246376812,0.8233046800382043,0.9919447640966629,0.8997912317327766,69.0,Armeria.alpina,0.7218554046758854,opth,2,False,mlp1,bce,msle
720,0.7839539812291856,0.08722060942296088,0.5333333333333333,0.8065395095367848,0.9921787709497206,0.8897795591182365,15.0,Polygala.calcarea,0.3398728428701181,opth,2,False,mlp1,bce,msle
721,0.8714207149404216,0.31018039998832264,0.72,0.8001833180568286,0.9920454545454546,0.8858447488584474,25.0,Rumex.arifolius,0.5201833180568287,opth,2,False,mlp1,bce,msle
722,0.7900569032644504,0.01139187429398547,0.3333333333333333,0.9380053908355795,0.9980879541108987,0.9671144048170449,3.0,Rumex.conglomeratus,0.2713387241689129,opth,2,False,mlp1,bce,msle
723,0.7490284507988293,0.043754109549053885,0.631578947368421,0.7556973564266181,0.9916267942583732,0.8577340920848422,19.0,Rumex.nebroides,0.3872763037950391,opth,2,False,mlp1,bce,msle
724,0.86,0.15152081391589597,0.5625,0.9327272727272727,0.9932236205227493,0.9620253164556962,16.0,Rumex.pseudalpinus,0.4952272727272726,opth,2,False,mlp1,bce,msle
725,0.8786801099908341,0.10802755349815074,0.68,0.8368469294225481,0.991313789359392,0.9075546719681908,25.0,Androsace.adfinis,0.5168469294225482,opth,2,False,mlp1,bce,msle
726,0.8946153846153846,0.27193884304195615,0.74,0.8470919324577861,0.9858078602620087,0.9112008072653885,50.0,Androsace.vitaliana,0.5870919324577861,opth,2,False,mlp1,bce,msle
727,0.697929792979298,0.00923979152205578,0.2,0.7425742574257426,0.9951749095295537,0.8505154639175257,5.0,Primula.vulgaris,-0.05742574257425748,opth,2,False,mlp1,bce,msle
728,0.9087087087087087,0.058345998688854914,0.8333333333333334,0.836036036036036,0.9989235737351991,0.9102501226091221,6.0,Aconitum.anthora,0.6693693693693694,opth,2,False,mlp1,bce,msle
729,0.9126824817518248,0.21015350048829784,0.65,0.8996350364963503,0.9929506545820745,0.9439923408329344,20.0,Anemone.baldensis,0.5496350364963503,opth,2,False,mlp1,bce,msle
730,0.9627362736273628,0.08725852535128199,1.0,0.8181818181818182,1.0,0.9,5.0,Anemone.narcissifolia,0.8181818181818183,opth,2,False,mlp1,bce,msle
731,0.9299820466786356,0.04846938775510204,0.5,0.9901256732495511,0.9990942028985508,0.9945897204688909,2.0,Caltha.palustris,0.49012567324955114,opth,2,False,mlp1,bce,msle
732,0.7539251207729469,0.05364137888237067,0.5833333333333334,0.8007246376811594,0.9943757030371203,0.8871048670346212,12.0,Ranunculus.aduncus,0.3840579710144927,opth,2,False,mlp1,bce,msle
733,0.9483910139647845,0.37322970934192107,0.8333333333333334,0.8806921675774135,0.9969072164948454,0.9352030947775629,18.0,Ranunculus.carinthiacus,0.714025500910747,opth,2,False,mlp1,bce,msle
734,0.8441275797373359,0.2961948653076291,0.7252747252747253,0.8097560975609757,0.9707602339181286,0.8829787234042553,91.0,Ranunculus.sartorianus,0.5350308228357008,opth,2,False,mlp1,bce,msle
735,0.8999550359712231,0.04727713409778627,0.5,0.8974820143884892,0.998,0.9450757575757576,4.0,Reseda.phyteuma,0.3974820143884892,opth,2,False,mlp1,bce,msle
736,0.8828370179231467,0.05377562917353631,0.6923076923076923,0.8585675430643699,0.9957939011566772,0.9221032132424537,13.0,Alchemilla.fissa,0.5508752353720623,opth,2,False,mlp1,bce,msle
737,0.8796674503211233,0.4165813805531209,0.7123287671232876,0.8561840843720039,0.9770240700218819,0.912621359223301,73.0,Alchemilla.flabellata,0.5685128514952915,opth,2,False,mlp1,bce,msle
738,0.8474495649010885,0.14412560178362915,0.7272727272727273,0.7682363804247461,0.9892984542211652,0.8648648648648649,33.0,Alchemilla.glabra,0.49550910769747336,opth,2,False,mlp1,bce,msle
739,0.9037644201578627,0.09563798022518524,0.9444444444444444,0.7695810564663024,0.9988179669030733,0.8693415637860082,18.0,Alchemilla.glaucescens,0.7140255009107468,opth,2,False,mlp1,bce,msle
740,0.8398023317180828,0.1693925947262813,0.7894736842105263,0.7329079307201458,0.995049504950495,0.8440944881889764,19.0,Alchemilla.monticola,0.5223816149306721,opth,2,False,mlp1,bce,msle
741,0.9572723048327137,0.41468660386728406,0.825,0.9330855018587361,0.9930761622156281,0.9621466219453761,40.0,Alchemilla.pentaphyllea,0.758085501858736,opth,2,False,mlp1,bce,msle
742,0.9548252421987903,0.2740299998103345,0.8823529411764706,0.9144676979071884,0.9980139026812314,0.9544159544159544,17.0,Filipendula.ulmaria,0.796820639083659,opth,2,False,mlp1,bce,msle
743,0.9241472172351886,0.017549261083743842,1.0,0.7971274685816876,1.0,0.8871128871128872,2.0,Potentilla.brauneana,0.7971274685816876,opth,2,False,mlp1,bce,msle
744,0.9381744604316546,0.17339945089925196,0.75,0.8237410071942446,0.9989094874591058,0.9029078363725973,4.0,Potentilla.neglecta,0.5737410071942446,opth,2,False,mlp1,bce,msle
745,0.9439093142796846,0.4292116810499644,0.8888888888888888,0.8774928774928775,0.9924812030075187,0.9314516129032258,63.0,Sibbaldia.procumbens,0.7663817663817665,opth,2,False,mlp1,bce,msle
746,0.8343815513626834,0.012522883043114257,0.6666666666666666,0.7825696316262354,0.9988532110091743,0.8775818639798488,3.0,Galium.megalospermum,0.4492362982929019,opth,2,False,mlp1,bce,msle
747,0.8556880797935412,0.42757043969933023,0.7777777777777778,0.7862523540489642,0.9858323494687131,0.8748035620743845,54.0,Galium.obliquum,0.564030131826742,opth,2,False,mlp1,bce,msle
748,0.9676549865229112,0.06942151287225586,1.0,0.7672955974842768,1.0,0.8683274021352313,3.0,Galium.palustre,0.7672955974842768,opth,2,False,mlp1,bce,msle
749,0.9506006006006006,0.059147677024535064,1.0,0.8936936936936937,1.0,0.9438629876308278,6.0,Galium.pseudohelveticum,0.8936936936936937,opth,2,False,mlp1,bce,msle
750,0.8532494758909853,0.17640060566731558,0.3333333333333333,0.954177897574124,0.9981203007518797,0.975654570509876,3.0,Galium.uliginosum,0.2875112309074572,opth,2,False,mlp1,bce,msle
751,0.7693345323741007,0.009250514893437218,0.25,0.7580935251798561,0.9964539007092199,0.8610827374872319,4.0,Salix.foetida,0.008093525179856176,opth,2,False,mlp1,bce,msle
752,0.8598479969084116,0.04511522261461913,0.42857142857142855,0.9558160504959423,0.9962406015037594,0.975609756097561,7.0,Thesium.divaricatum,0.3843874790673709,opth,2,False,mlp1,bce,msle
753,0.862748643761302,0.041918592245074715,0.9,0.7567811934900542,0.9988066825775657,0.8611111111111112,10.0,Saxifraga.bryoides,0.6567811934900543,opth,2,False,mlp1,bce,msle
754,0.8729679062089035,0.16764213510255693,0.6666666666666666,0.8291782086795937,0.9878987898789879,0.9016064257028112,33.0,Saxifraga.exarata,0.4958448753462603,opth,2,False,mlp1,bce,msle
755,0.8929537549916269,0.17994838632754176,0.7142857142857143,0.8467087466185753,0.997874601487779,0.9160975609756098,7.0,Digitalis.grandiflora,0.5609944609042896,opth,2,False,mlp1,bce,msle
756,0.7582053598313762,0.05090832222102074,0.5555555555555556,0.8139114724480578,0.9955801104972376,0.8956262425447317,9.0,Euphrasia.officinalis,0.3694670280036134,opth,2,False,mlp1,bce,msle
757,0.9367867867867867,0.07562592443189459,0.16666666666666666,0.972072072072072,0.9953874538745388,0.98359161349134,6.0,Linaria.simplex,0.13873873873873865,opth,2,False,mlp1,bce,msle
758,,-0.0,0.0,0.7741935483870968,1.0,0.8727272727272727,0.0,Pedicularis.cenisia,-0.22580645161290325,opth,2,False,mlp1,bce,msle
759,0.8999562432873225,0.1615277183861492,0.9565217391304348,0.7648673376029277,0.998805256869773,0.8663212435233161,23.0,Pedicularis.comosa,0.7213890767333626,opth,2,False,mlp1,bce,msle
760,0.8418321299638989,0.02618362610632635,0.5,0.8140794223826715,0.9955849889624724,0.8957298907646475,8.0,Pedicularis.kerneri,0.3140794223826715,opth,2,False,mlp1,bce,msle
761,0.7325546570829589,0.00705262024288815,0.0,0.9442946990116802,0.9971537001897534,0.9700046146746655,3.0,Pedicularis.rosea,-0.05570530098831983,opth,2,False,mlp1,bce,msle
762,0.8848029330889093,0.13505704648137506,0.6,0.8881759853345554,0.9897854954034729,0.936231884057971,25.0,Pedicularis.rostratospicata,0.4881759853345553,opth,2,False,mlp1,bce,msle
763,0.8527452745274527,0.0197380262835967,0.2,0.9603960396039604,0.996265172735761,0.9780018331805683,5.0,Verbascum.chaixii,0.16039603960396032,opth,2,False,mlp1,bce,msle
764,0.8908553852162875,0.15779172769158212,0.7894736842105263,0.8450834879406308,0.9912948857453754,0.9123685528292439,38.0,Veronica.allionii,0.6345571721511571,opth,2,False,mlp1,bce,msle
765,0.9384366409506075,0.41777298712667366,0.9047619047619048,0.8566108007448789,0.9956709956709957,0.9209209209209209,42.0,Veronica.alpina,0.7613727055067838,opth,2,False,mlp1,bce,msle
766,0.8121350364963504,0.07268648227101611,0.5,0.8175182481751825,0.9889624724061811,0.8951048951048951,20.0,Veronica.austriaca,0.31751824817518237,opth,2,False,mlp1,bce,msle
767,0.8385885885885886,0.07267263830633423,0.6666666666666666,0.7774774774774775,0.9976878612716763,0.8739240506329113,6.0,Veronica.verna,0.44414414414414427,opth,2,False,mlp1,bce,msle
768,0.9562033614617477,0.3891025523853603,0.9230769230769231,0.927470534904805,0.9990234375,0.9619181946403385,13.0,Valeriana.tuberosa,0.8505474579817283,opth,2,False,mlp1,bce,msle
769,0.8531818181818183,0.1714312053732413,0.8125,0.8654545454545455,0.9968586387434555,0.9265206812652068,16.0,Viola.saxatilis,0.6779545454545455,opth,2,False,mlp1,bce,msle
770,0.9705485611510791,0.1404932786511734,1.0,0.9055755395683454,1.0,0.9504483246814536,4.0,Carex.acutiformis,0.9055755395683454,opth,2,False,mlp1,bce,msle
771,0.9878158844765342,0.5287626795317526,1.0,0.9007220216606499,1.0,0.9477682811016145,8.0,Carex.bicolor,0.9007220216606497,opth,2,False,mlp1,bce,msle
772,0.9973094170403587,0.25,1.0,0.873542600896861,1.0,0.932503590234562,1.0,Carex.cuprina,0.873542600896861,opth,2,False,mlp1,bce,msle
773,0.9800300300300301,0.21204126335368761,0.6666666666666666,0.9801801801801802,0.998165137614679,0.9890909090909091,6.0,Carex.disticha,0.6468468468468469,opth,2,False,mlp1,bce,msle
774,0.9362188415113206,0.34405555349836875,0.8974358974358975,0.8430826369545033,0.9956140350877193,0.9130216189039718,39.0,Carex.foetida,0.7405185343904006,opth,2,False,mlp1,bce,msle
775,0.8831857172745659,0.11982166913031231,0.5384615384615384,0.9102447869446962,0.994059405940594,0.9503076194983436,13.0,Carex.frigida,0.4487063254062347,opth,2,False,mlp1,bce,msle
776,0.9881188118811881,0.2564360902255639,0.4,0.9873987398739874,0.9972727272727273,0.9923111714156491,5.0,Carex.melanostachya,0.38739873987398754,opth,2,False,mlp1,bce,msle
777,0.9080485611510791,0.140943772528498,1.0,0.8084532374100719,1.0,0.8940825459970164,4.0,Carex.ovalis,0.8084532374100719,opth,2,False,mlp1,bce,msle
778,0.8665165165165165,0.06262637710609897,0.6666666666666666,0.7216216216216216,0.9975093399750934,0.8374281233664401,6.0,Carex.paniculata,0.3882882882882881,opth,2,False,mlp1,bce,msle
779,0.9190164954870838,0.2597182202866745,0.7333333333333333,0.8711484593837535,0.9873015873015873,0.9255952380952381,45.0,Carex.parviflora,0.6044817927170869,opth,2,False,mlp1,bce,msle
780,0.6847884788478849,0.008073227728925794,0.0,0.9351935193519352,0.9952107279693486,0.9642691415313225,5.0,Carex.viridula,-0.06480648064806482,opth,2,False,mlp1,bce,msle
781,0.6052158273381294,0.005382820754986326,0.0,0.8947841726618705,0.995995995995996,0.9426811937470393,4.0,Eleocharis.quinqueflora,-0.10521582733812951,opth,2,False,mlp1,bce,msle
782,0.5939748201438848,0.005842814584118335,0.0,0.9028776978417267,0.996031746031746,0.9471698113207547,4.0,Eriophorum.polystachion,-0.09712230215827333,opth,2,False,mlp1,bce,msle
783,0.9060340265862771,0.2825022515619979,0.7966101694915254,0.8495742667928098,0.9868131868131869,0.913065582104728,59.0,Kobresia.myosuroides,0.6461844362843352,opth,2,False,mlp1,bce,msle
784,0.8325852782764812,0.012701804368471036,0.5,0.9201077199281867,0.9990253411306043,0.9579439252336449,2.0,Schoenus.nigricans,0.42010771992818663,opth,2,False,mlp1,bce,msle
785,0.9631956912028726,0.04146730462519936,0.0,0.9865350089766607,0.9981834695731153,0.9923250564334086,2.0,Scirpoides.holoschoenus,-0.013464991023339312,opth,2,False,mlp1,bce,msle
786,0.8221945017511875,0.05486454682845493,0.47368421052631576,0.8468550592525068,0.9893503727369543,0.912573673870334,19.0,Muscari.neglectum,0.3205392697788225,opth,2,False,mlp1,bce,msle
787,0.8561587591240876,0.09959978931961506,0.7,0.8677007299270073,0.9937304075235109,0.9264490988796883,20.0,Crocus.vernus,0.5677007299270072,opth,2,False,mlp1,bce,msle
788,0.9382538253825383,0.07601572739187418,0.6,0.9504950495049505,0.998109640831758,0.9737206085753803,5.0,Juncus.conglomeratus,0.5504950495049505,opth,2,False,mlp1,bce,msle
789,0.9220841529530298,0.19582308748798707,0.9473684210526315,0.7939835916134913,0.9988532110091743,0.8847130523108176,19.0,Luzula.alpinopilosa,0.7413520126661228,opth,2,False,mlp1,bce,msle
790,0.893592983499331,0.18163298379818502,0.6451612903225806,0.8930875576036866,0.9887755102040816,0.938498789346247,31.0,Luzula.nutans,0.5382488479262673,opth,2,False,mlp1,bce,msle
791,0.7730941704035874,0.003937007874015748,0.0,0.7748878923766817,0.9988439306358381,0.8727272727272727,1.0,Gagea.fragifera,-0.22511210762331835,opth,2,False,mlp1,bce,msle
792,0.901978417266187,0.27857935143251555,0.5,0.9514388489208633,0.9981132075471698,0.9742173112338858,4.0,Tulipa.australis,0.4514388489208634,opth,2,False,mlp1,bce,msle
793,0.8709764918625679,0.08002334065401524,0.7,0.798372513562387,0.9966139954853274,0.8865461847389559,10.0,Dactylorhiza.latifolia,0.4983725135623871,opth,2,False,mlp1,bce,msle
794,0.9132445848375452,0.041636081256027684,0.5,0.9133574007220217,0.9960629921259843,0.9529190207156308,8.0,Ophrys.fuciflora,0.41335740072202176,opth,2,False,mlp1,bce,msle
795,0.8265765765765766,0.02078708272617373,0.0,0.9513513513513514,0.9943502824858758,0.9723756906077348,6.0,Orchis.purpurea,-0.048648648648648596,opth,2,False,mlp1,bce,msle
796,0.9066427289048474,0.014153486700215672,0.0,0.9165170556552962,0.9980449657869013,0.9555451567618156,2.0,Orchis.simia,-0.08348294434470382,opth,2,False,mlp1,bce,msle
797,0.9391417826672654,0.46876749574113635,0.9264705882352942,0.8234732824427481,0.9942396313364056,0.9008350730688935,68.0,Alopecurus.alpinus,0.7499438706780421,opth,2,False,mlp1,bce,msle
798,0.9930054151624549,0.44352199883449883,1.0,0.9729241877256317,1.0,0.9862763037511436,8.0,Alopecurus.rendlei,0.9729241877256318,opth,2,False,mlp1,bce,msle
799,0.8110555309314254,0.4149579455304913,0.7967914438502673,0.6770721205597416,0.9430284857571214,0.7882205513784462,187.0,Avenula.pubescens,0.4738635644100091,opth,2,False,mlp1,bce,msle
800,0.8262280204197391,0.1979819700271093,0.6341463414634146,0.8130232558139535,0.983127109111361,0.890020366598778,41.0,Avenula.versicolor,0.44716959727736816,opth,2,False,mlp1,bce,msle
801,0.7774239581406411,0.31576874574913316,0.7911392405063291,0.6283924843423799,0.9480314960629921,0.7558066541117389,158.0,Brachypodium.rupestre,0.41953172484870915,opth,2,False,mlp1,bce,msle
802,0.9157548334018922,0.19251778148185297,0.7272727272727273,0.8642533936651584,0.9968684759916493,0.9258361609306834,11.0,Bromus.commutatus,0.5915261209378857,opth,2,False,mlp1,bce,msle
803,0.9739507299270073,0.4252878965660631,0.95,0.7956204379562044,0.9988545246277205,0.8857287963433215,20.0,Bromus.racemosus,0.7456204379562044,opth,2,False,mlp1,bce,msle
804,0.7535732092404853,0.06463131885365771,0.5454545454545454,0.7276051188299817,0.9875930521091811,0.8378947368421052,22.0,Elytrigia.repens,0.2730596642845271,opth,2,False,mlp1,bce,msle
805,0.9068524580989955,0.21375726331980494,0.8484848484848485,0.8254847645429363,0.9944382647385984,0.9021190716448032,33.0,Festuca.cinerea,0.6739696130277848,opth,2,False,mlp1,bce,msle
806,0.8485853909465021,0.18651961340279027,0.5833333333333334,0.8759259259259259,0.9843912591050988,0.9269965703086722,36.0,Festuca.marginata,0.45925925925925926,opth,2,False,mlp1,bce,msle
807,0.8448852340502441,0.3210933484983376,0.7,0.8111332007952287,0.9611307420494699,0.8797843665768194,110.0,Festuca.pratensis,0.5111332007952285,opth,2,False,mlp1,bce,msle
808,0.8795568723431664,0.17598627977747422,0.8571428571428571,0.7736699729486023,0.9988358556461001,0.8719512195121951,7.0,Festuca.trichophylla,0.6308128300914593,opth,2,False,mlp1,bce,msle
809,0.898110049515308,0.2513809048082521,0.6153846153846154,0.8739800543970988,0.9948400412796697,0.9305019305019305,13.0,Gaudinia.fragilis,0.4893646697817142,opth,2,False,mlp1,bce,msle
810,0.9488276429452901,0.11784892914026135,1.0,0.7909502262443439,1.0,0.8832743810005053,11.0,Helictotrichon.parlatorei,0.7909502262443437,opth,2,False,mlp1,bce,msle
811,0.9157737157264418,0.5450879493110707,0.9122807017543859,0.7664670658682635,0.987146529562982,0.8629213483146068,114.0,Helictotrichon.sedenense,0.6787477676226494,opth,2,False,mlp1,bce,msle
812,0.9218085791575422,0.3149895336979503,0.5714285714285714,0.8963029756537421,0.9969909729187563,0.9439696106362773,7.0,Helictotrichon.sempervirens,0.46773154708231335,opth,2,False,mlp1,bce,msle
813,0.8484712230215827,0.029365062010958714,0.5,0.8408273381294964,0.9978655282817502,0.9126403123474865,4.0,Hordeum.murinum,0.3408273381294964,opth,2,False,mlp1,bce,msle
814,0.9857357357357357,0.3280820166692233,1.0,0.927027027027027,1.0,0.9621318373071529,6.0,Hordeum.secalinum,0.9270270270270271,opth,2,False,mlp1,bce,msle
815,0.7706463195691203,0.006596360628618693,0.0,0.895870736086176,0.998,0.9441816461684012,2.0,Koeleria.cenisia,-0.10412926391382404,opth,2,False,mlp1,bce,msle
816,0.8263685649858465,0.1074598380806871,0.5263157894736842,0.8650865998176845,0.9906054279749478,0.9236009732360098,19.0,Molinia.caerulea,0.3914023892913687,opth,2,False,mlp1,bce,msle
817,0.7983206237683146,0.1478675280782178,0.7454545454545455,0.6738925541941565,0.9807956104252401,0.7988826815642458,55.0,Phleum.pratense,0.41934709964870187,opth,2,False,mlp1,bce,msle
818,0.8781401154626306,0.4218917449227306,0.8076923076923077,0.7880324543610547,0.9688279301745636,0.8691275167785235,130.0,Poa.trivialis,0.5957247620533623,opth,2,False,mlp1,bce,msle
819,0.9666064981949458,0.1733075999736911,0.875,0.9178700361010831,0.9990176817288802,0.9567262464722484,8.0,Vulpia.bromoides,0.7928700361010832,opth,2,False,mlp1,bce,msle
820,0.9794779477947795,0.580354609929078,1.0,0.8865886588658866,1.0,0.9398854961832062,5.0,Vulpia.ciliata,0.8865886588658864,opth,2,False,mlp1,bce,msle
821,0.9425719471091522,0.25951679112781273,0.7857142857142857,0.9001814882032668,0.9969849246231156,0.9461134954697187,14.0,Equisetum.variegatum,0.6858957739175526,opth,2,False,mlp1,bce,msle
822,0.9398662551440329,0.3166113785304344,0.8333333333333334,0.8898148148148148,0.9937952430196484,0.9389350268685882,36.0,Pachypleurum.mutellinoides,0.7231481481481481,opth,2,False,mlp1,bce,msle
823,0.9239293201557353,0.034405354779370526,1.0,0.8616352201257862,1.0,0.9256756756756757,3.0,Libanotis.pyrenaica,0.8616352201257862,opth,2,False,mlp1,bce,msle
824,0.8378378378378378,0.2431091246036945,0.7674418604651163,0.7306616961789375,0.9874055415617129,0.839850026780932,43.0,Alchemilla.alpigena,0.4981035566440539,opth,2,False,mlp1,bce,msle
825,0.9267824909747293,0.10664179186212172,0.625,0.9106498194945848,0.9970355731225297,0.9518867924528301,8.0,Anacamptis.morio,0.5356498194945849,opth,2,False,mlp1,bce,msle
826,0.9540126239855726,0.07454975565170657,1.0,0.8990081154192967,1.0,0.9468186134852802,7.0,Mutellina.adonidifolia,0.8990081154192966,opth,2,False,mlp1,bce,msle
827,0.9049801474758933,0.3225376789706414,0.8048780487804879,0.878139534883721,0.9915966386554622,0.9314257523433646,41.0,Avenula.pratensis,0.683017583664209,opth,2,False,mlp1,bce,msle
828,0.8584294677190852,0.10846930002227356,0.7222222222222222,0.8233151183970856,0.9944994499449945,0.9008470353761834,18.0,Gymnadenia.nigra,0.5455373406193078,opth,2,False,mlp1,bce,msle
829,0.95695067264574,0.02040816326530612,0.0,0.9748878923766816,0.9990808823529411,0.9868361325465275,1.0,Murbeckiella.pinnatifida,-0.02511210762331839,opth,2,False,mlp1,bce,msle
830,0.9820305480682839,0.16354723707664884,1.0,0.9398023360287511,1.0,0.9689671144048171,3.0,Silene.conica,0.9398023360287511,opth,2,False,mlp1,bce,msle
