,auc,prauc,sensitivity,specificity,precision,f1,support,species,tss,postprocess,fold,prr,archi,species_loss,func_loss
0,0.5458257713248639,0.013592114939913632,0.42857142857142855,0.5199637023593466,0.9862306368330465,0.6809269162210339,14.0,Aceras.anthropophorum,-0.05146486906922476,opth,3,False,mlp1,bce,msle
1,0.794559238888063,0.1533510529657659,0.6451612903225806,0.7244239631336405,0.986198243412798,0.8352816153028693,31.0,Achillea.collina,0.3695852534562212,opth,3,False,mlp1,bce,msle
2,0.6786600912506711,0.39445985443074716,0.7395833333333334,0.5060386473429952,0.8481781376518218,0.6338880484114977,288.0,Achillea.millefolium,0.24562198067632846,opth,3,False,mlp1,bce,msle
3,0.8627737226277372,0.092344916109732,0.8,0.7627737226277372,0.9952380952380953,0.8636363636363636,20.0,Achillea.nana,0.5627737226277372,opth,3,False,mlp1,bce,msle
4,0.8419425968768074,0.2284035742744181,0.8269230769230769,0.6832706766917294,0.9877717391304348,0.8077777777777778,52.0,Achillea.roseo.alba,0.5101937536148062,opth,3,False,mlp1,bce,msle
5,0.6444444444444444,0.00959395373301942,0.8333333333333334,0.3990990990990991,0.9977477477477478,0.5701415701415702,6.0,Achnatherum.calamagrostis,0.2324324324324325,opth,3,False,mlp1,bce,msle
6,0.7435065581275003,0.09066417418344815,0.7446808510638298,0.6576239476145931,0.9832167832167832,0.7881165919282511,47.0,Acinos.alpinus,0.40230479867842295,opth,3,False,mlp1,bce,msle
7,0.6903213526631349,0.04344889917595116,0.7241379310344828,0.6393744250229991,0.9886201991465149,0.776536312849162,29.0,Acinos.arvensis,0.3635123560574818,opth,3,False,mlp1,bce,msle
8,0.7472297094938605,0.008277307846258464,0.6666666666666666,0.6594788858939802,0.998639455782313,0.7943722943722944,3.0,Aconitum.lycoctonum,0.3261455525606469,opth,3,False,mlp1,bce,msle
9,0.525905959868224,0.004573564338278644,0.0,0.9442946990116802,0.9971537001897534,0.9700046146746655,3.0,Cacalia.leucophylla,-0.05570530098831983,opth,3,False,mlp1,bce,msle
10,0.7212746858168761,0.004792726151949453,1.0,0.5493716337522442,1.0,0.709154113557358,2.0,Aegopodium.podagraria,0.5493716337522443,opth,3,False,mlp1,bce,msle
11,0.7887433309120055,0.1118190553582663,0.8648648648648649,0.5041705282669138,0.9908925318761385,0.6683046683046683,37.0,Agrimonia.eupatoria,0.3690353931317787,opth,3,False,mlp1,bce,msle
12,0.8476721276557979,0.18047180071671792,0.7358490566037735,0.7949200376293509,0.9837019790454016,0.8792924037460979,53.0,Agrostis.alpina,0.5307690942331245,opth,3,False,mlp1,bce,msle
13,0.7790261540925297,0.2669508408030317,0.8235294117647058,0.6258776328986961,0.9674418604651163,0.7600487210718636,119.0,Agrostis.capillaris,0.449407044663402,opth,3,False,mlp1,bce,msle
14,0.8750744016721343,0.3192507528251745,0.782608695652174,0.7765042979942693,0.9818840579710145,0.8672,69.0,Agrostis.rupestris,0.5591129936464432,opth,3,False,mlp1,bce,msle
15,0.7767740640369367,0.02836574050488008,0.6666666666666666,0.7633242999096658,0.9964622641509434,0.8644501278772379,9.0,Agrostis.agrostiflora,0.4299909665763324,opth,3,False,mlp1,bce,msle
16,0.722966710918518,0.21665094132148952,0.6486486486486487,0.5727525486561631,0.9793977812995246,0.7228070175438597,37.0,Agrostis.stolonifera,0.22140119730481178,opth,3,False,mlp1,bce,msle
17,0.7196627521830774,0.036804430317223,0.5555555555555556,0.7000903342366757,0.9948652118100129,0.8218451749734889,9.0,Ajuga.chamaepitys,0.25564588979223135,opth,3,False,mlp1,bce,msle
18,0.7100361663652803,0.016677616882236786,0.9,0.5560578661844484,0.9983766233766234,0.7142857142857143,10.0,Ajuga.genevensis,0.45605786618444855,opth,3,False,mlp1,bce,msle
19,0.9196696696696697,0.04084296071362922,1.0,0.7522522522522522,1.0,0.8586118251928021,6.0,Ajuga.pyramidalis,0.7522522522522523,opth,3,False,mlp1,bce,msle
20,0.8376066639577409,0.13798802621521206,0.9130434782608695,0.6373831775700934,0.9941690962099126,0.7767653758542141,46.0,Ajuga.reptans,0.550426655830963,opth,3,False,mlp1,bce,msle
21,0.867677397687473,0.11603098776553268,0.631578947368421,0.8495897903372835,0.9925452609158679,0.9155206286836935,19.0,Alchemilla.alpina,0.48116873770570456,opth,3,False,mlp1,bce,msle
22,0.6281552566189701,0.10527818502306367,0.6,0.5683317624882187,0.9648,0.7153024911032029,55.0,Alchemilla.xanthochlora,0.16833176248821857,opth,3,False,mlp1,bce,msle
23,0.7026055705300988,0.006546005936249839,0.6666666666666666,0.6289308176100629,0.9985734664764622,0.7717750826901875,3.0,Allium.lusitanicum,0.2955974842767295,opth,3,False,mlp1,bce,msle
24,0.6433545261883137,0.04707085134661862,0.3333333333333333,0.7638510445049954,0.9882491186839013,0.8616803278688525,15.0,Allium.oleraceum,0.09718437783832878,opth,3,False,mlp1,bce,msle
25,0.6145569620253165,0.14554037260122912,0.3,0.864376130198915,0.9927310488058152,0.9241179313678105,10.0,Allium.schoenoprasum,0.16437613019891506,opth,3,False,mlp1,bce,msle
26,0.7956795679567956,0.026283396652732546,0.8,0.6093609360936093,0.9985250737463127,0.7568474007825601,5.0,Allium.scorodoprasum,0.40936093609360924,opth,3,False,mlp1,bce,msle
27,0.8459665144596651,0.10958665929558861,0.8571428571428571,0.7187214611872146,0.9962025316455696,0.8350132625994695,21.0,Allium.sphaerocephalon,0.5758643183300718,opth,3,False,mlp1,bce,msle
28,0.49593862815884476,0.0074501394282828,0.375,0.453971119133574,0.9901574803149606,0.6225247524752475,8.0,Allium.vineale,-0.17102888086642598,opth,3,False,mlp1,bce,msle
29,0.8652012446050386,0.1233389728597863,0.7777777777777778,0.7028003613369467,0.9974358974358974,0.8245892951775304,9.0,Alopecurus.pratensis,0.4805781391147246,opth,3,False,mlp1,bce,msle
30,0.6745341614906832,0.0484598436548965,0.7428571428571429,0.5328399629972248,0.9846153846153847,0.6914765906362546,35.0,Alyssum.alyssoides,0.2756971058543676,opth,3,False,mlp1,bce,msle
31,0.7050399777238554,0.03511381223355607,0.8695652173913043,0.505032021957914,0.9945945945945946,0.6699029126213593,23.0,Anacamptis.pyramidalis,0.3745972393492183,opth,3,False,mlp1,bce,msle
32,0.8746435053150117,0.17386074342363522,0.8571428571428571,0.7422867513611615,0.9975609756097561,0.8511966701352758,14.0,Androsace.obtusifolia,0.5994296085040185,opth,3,False,mlp1,bce,msle
33,0.9210053859964094,0.06143790849673202,1.0,0.6409335727109515,1.0,0.7811816192560175,2.0,Angelica.sylvestris,0.6409335727109515,opth,3,False,mlp1,bce,msle
34,0.8994564536733212,0.15702243572296748,0.918918918918919,0.8118628359592215,0.9965870307167235,0.8947906026557712,37.0,Antennaria.carpatica,0.7307817548781403,opth,3,False,mlp1,bce,msle
35,0.8450421815589354,0.21609245346672346,0.796875,0.7547528517110266,0.9838909541511772,0.8542227003765466,64.0,Antennaria.dioica,0.5516278517110265,opth,3,False,mlp1,bce,msle
36,0.6501798561151079,0.006056962487228142,0.5,0.6447841726618705,0.9972183588317107,0.7831785909339158,4.0,Anthemis.arvensis,0.1447841726618706,opth,3,False,mlp1,bce,msle
37,0.7232761216501054,0.05067747998732536,0.6666666666666666,0.6684733514001807,0.9959623149394348,0.8,9.0,Anthericum.liliago,0.33514001806684734,opth,3,False,mlp1,bce,msle
38,0.577286877394636,0.38710316842934434,0.49137931034482757,0.64453125,0.7366071428571429,0.6875,348.0,Anthoxanthum.odoratum,0.13591056034482762,opth,3,False,mlp1,bce,msle
39,0.7828907203907204,0.0804473534233854,0.875,0.5494505494505495,0.9950248756218906,0.7079646017699115,24.0,Anthriscus.sylvestris,0.4244505494505495,opth,3,False,mlp1,bce,msle
40,0.6768188437915532,0.2721786843904382,0.5828877005347594,0.6533907427341227,0.8861313868613139,0.7521685254027262,187.0,Anthyllis.vulneraria,0.23627844326888203,opth,3,False,mlp1,bce,msle
41,0.7028725314183124,0.004399216289460192,1.0,0.6427289048473968,1.0,0.7825136612021858,2.0,Aphanes.arvensis,0.6427289048473968,opth,3,False,mlp1,bce,msle
42,0.6571492805755396,0.0063909743396650285,0.75,0.5530575539568345,0.9983766233766234,0.7118055555555556,4.0,Aquilegia.vulgaris,0.30305755395683454,opth,3,False,mlp1,bce,msle
43,0.5175517551755175,0.006502684517490007,0.6,0.46804680468046805,0.9961685823754789,0.6368646662584201,5.0,Arabidopsis.thaliana,0.06804680468046809,opth,3,False,mlp1,bce,msle
44,0.8116609606805685,0.14662861868130841,0.5777777777777777,0.8338001867413632,0.9791666666666666,0.9006555723651034,45.0,Arabis.ciliata,0.41157796451914086,opth,3,False,mlp1,bce,msle
45,0.7143698794071619,0.09624910353046554,0.6666666666666666,0.631924882629108,0.9753623188405797,0.766951566951567,51.0,Arabis.hirsuta,0.2985915492957747,opth,3,False,mlp1,bce,msle
46,0.7152263374485597,0.2115710070154726,0.7901234567901234,0.5478260869565217,0.9708904109589042,0.7004323656578134,81.0,Arenaria.serpyllifolia,0.3379495437466451,opth,3,False,mlp1,bce,msle
47,0.6490557553956835,0.007358729313220518,0.5,0.8363309352517986,0.9978540772532188,0.9099804305283757,4.0,Armeria.arenaria,0.33633093525179847,opth,3,False,mlp1,bce,msle
48,0.7928051137208265,0.15327328855227101,0.6774193548387096,0.7723502304147466,0.9882075471698113,0.867046042421107,31.0,Arnica.montana,0.4497695852534562,opth,3,False,mlp1,bce,msle
49,0.814448119392033,0.42097286702282055,0.8325123152709359,0.6681270536692223,0.9472049689440993,0.783558124598587,203.0,Arrhenatherum.elatius,0.5006393689401583,opth,3,False,mlp1,bce,msle
50,0.7575157515751575,0.011302101867025995,0.8,0.6120612061206121,0.9985315712187959,0.7589285714285714,5.0,Artemisia.absinthium,0.41206120612061214,opth,3,False,mlp1,bce,msle
51,0.795116466789668,0.1606335680565373,0.65625,0.8182656826568265,0.987750556792873,0.8950554994954592,32.0,Artemisia.campestris,0.4745156826568264,opth,3,False,mlp1,bce,msle
52,0.6968468468468468,0.018811039805027477,0.5,0.8108108108108109,0.9966777408637874,0.8941877794336811,6.0,Artemisia.vulgaris,0.31081081081081097,opth,3,False,mlp1,bce,msle
53,0.7568078963795256,0.11101344638714294,0.6041666666666666,0.7462546816479401,0.9767156862745098,0.8460721868365181,48.0,Asperula.cynanchica,0.3504213483146068,opth,3,False,mlp1,bce,msle
54,0.9088447653429603,0.07295418021722354,0.75,0.9115523465703971,0.9980237154150198,0.9528301886792453,8.0,Asphodelus.albus,0.6615523465703972,opth,3,False,mlp1,bce,msle
55,0.8726684499710815,0.22251262018140855,0.7692307692307693,0.7885338345864662,0.9858989424206815,0.8762402088772846,52.0,Aster.alpinus,0.5577646038172355,opth,3,False,mlp1,bce,msle
56,0.7847985347985349,0.06863400684389254,0.5833333333333334,0.7692307692307693,0.9882352941176471,0.8650875386199794,24.0,Aster.bellidiastrum,0.35256410256410264,opth,3,False,mlp1,bce,msle
57,0.5493716337522442,0.0044590643274853795,0.5,0.49730700179533216,0.9981981981981982,0.6638705811863391,2.0,Aster.linosyris,-0.0026929982046678402,opth,3,False,mlp1,bce,msle
58,0.8766411833139438,0.25380329180808886,0.8181818181818182,0.8528336380255942,0.9957310565635006,0.9187592319054653,22.0,Astragalus.alpinus,0.6710154562074124,opth,3,False,mlp1,bce,msle
59,0.5100329439952082,0.0041701050566560005,0.6666666666666666,0.6082659478885895,0.9985250737463127,0.756002233389168,3.0,Astragalus.depressus,0.2749326145552562,opth,3,False,mlp1,bce,msle
60,0.6868194317140238,0.04235395038593027,0.4,0.7919340054995417,0.9829351535836177,0.8771573604060914,25.0,Astragalus.monspessulanus,0.19193400549954176,opth,3,False,mlp1,bce,msle
61,0.8003472222222222,0.12018841113736166,0.5833333333333334,0.8333333333333334,0.9945945945945946,0.9068506653523903,12.0,Astragalus.onobrychis,0.41666666666666674,opth,3,False,mlp1,bce,msle
62,0.5219928186714542,0.005510310818888225,0.5,0.8321364452423698,0.9989224137931034,0.9079333986287953,2.0,Astragalus.penduliflorus,0.33213644524236985,opth,3,False,mlp1,bce,msle
63,0.8188881502409839,0.07378831917561914,0.9090909090909091,0.5146252285191956,0.9964601769911504,0.6787221217600965,22.0,Astrantia.major,0.4237161376101046,opth,3,False,mlp1,bce,msle
64,0.9761690647482014,0.10833333333333334,1.0,0.7688848920863309,1.0,0.8693441789527199,4.0,Astrantia.minor,0.7688848920863309,opth,3,False,mlp1,bce,msle
65,0.7695417789757413,0.12560870146453776,0.8392857142857143,0.6273584905660378,0.9866468842729971,0.7670126874279123,56.0,Deschampsia.flexuosa,0.46664420485175206,opth,3,False,mlp1,bce,msle
66,0.7851116201641933,0.12652303590680825,0.6417910447761194,0.7626310772163966,0.970873786407767,0.8542445274959958,67.0,Bartsia.alpina,0.4044221219925159,opth,3,False,mlp1,bce,msle
67,0.8212666527167469,0.14906150928994918,0.9259259259259259,0.5282485875706214,0.9929203539823008,0.6896127842655193,54.0,Bellis.perennis,0.45417451349654736,opth,3,False,mlp1,bce,msle
68,0.7263829583073453,0.04063645705548403,0.631578947368421,0.6672743846855059,0.9905277401894452,0.7973856209150327,19.0,Biscutella.laevigata,0.29885333205392683,opth,3,False,mlp1,bce,msle
69,0.7347792733105516,0.026681294726766003,0.46153846153846156,0.7216681776971895,0.9912826899128269,0.8352570828961176,13.0,Blackstonia.perfoliata,0.18320663923565106,opth,3,False,mlp1,bce,msle
70,0.7385491877256318,0.03595675673504907,0.75,0.6859205776173285,0.9973753280839895,0.8128342245989305,8.0,Blysmus.compressus,0.4359205776173285,opth,3,False,mlp1,bce,msle
71,0.8414272832667783,0.043093022077718396,0.7142857142857143,0.7312894499549143,0.997539975399754,0.8439125910509886,7.0,Bothriochloa.ischaemum,0.4455751642406285,opth,3,False,mlp1,bce,msle
72,0.8159629713253556,0.21395870940126419,0.5465116279069767,0.845631067961165,0.9571428571428572,0.8979381443298969,86.0,Botrychium.lunaria,0.39214269586814177,opth,3,False,mlp1,bce,msle
73,0.6558003597122302,0.0067341808518279105,0.75,0.41906474820143885,0.9978586723768736,0.5902469917669411,4.0,Brachypodium.sylvaticum,0.1690647482014389,opth,3,False,mlp1,bce,msle
74,0.7162798560629844,0.3441988839831461,0.6723404255319149,0.6152099886492622,0.875605815831987,0.7226666666666667,235.0,Briza.media,0.2875504141811771,opth,3,False,mlp1,bce,msle
75,0.8081311620693475,0.6096833457201136,0.9142156862745098,0.6242937853107344,0.9266247379454927,0.7459915611814346,408.0,Bromus.erectus,0.5385094715852441,opth,3,False,mlp1,bce,msle
76,0.8133368803759865,0.1363580965328886,0.7380952380952381,0.6610800744878957,0.984743411927878,0.7910863509749304,42.0,Bromus.hordeaceus,0.3991753125831339,opth,3,False,mlp1,bce,msle
77,0.5884995507637016,0.004527329428681597,1.0,0.2560646900269542,1.0,0.40772532188841204,3.0,Bromus.squarrosus,0.2560646900269541,opth,3,False,mlp1,bce,msle
78,0.7533056779880737,0.034217732161749795,1.0,0.4437386569872958,1.0,0.6147077309868008,14.0,Bromus.sterilis,0.44373865698729587,opth,3,False,mlp1,bce,msle
79,0.45688568856885686,0.004658424436977325,0.0,0.7371737173717372,0.9939320388349514,0.8465116279069768,5.0,Bromus.tectorum,-0.2628262826282628,opth,3,False,mlp1,bce,msle
80,0.7592093441150045,0.014357261258213665,1.0,0.5166217430368374,1.0,0.6812796208530806,3.0,Bunias.orientalis,0.5166217430368374,opth,3,False,mlp1,bce,msle
81,0.7959280303030303,0.20680327395450782,0.8166666666666667,0.6571969696969697,0.9843971631205674,0.7881885292447472,60.0,Bunium.bulbocastanum,0.4738636363636364,opth,3,False,mlp1,bce,msle
82,0.6696669666966696,0.0076730405469983415,0.6,0.6993699369936993,0.9974326059050064,0.8222222222222222,5.0,Buphthalmum.salicifolium,0.2993699369936993,opth,3,False,mlp1,bce,msle
83,0.6973684210526316,0.03509534534869782,0.5,0.7967332123411979,0.992090395480226,0.8837443381982889,14.0,Bupleurum.falcatum,0.29673321234119787,opth,3,False,mlp1,bce,msle
84,0.7834164915966386,0.060285878781760976,0.6785714285714286,0.7527573529411765,0.9891304347826086,0.8549060542797495,28.0,Bupleurum.ranunculoides,0.431328781512605,opth,3,False,mlp1,bce,msle
85,0.7521389681099301,0.15055616778529626,0.9285714285714286,0.31488203266787657,0.9971264367816092,0.4786206896551724,14.0,Calamagrostis.varia,0.2434534612393051,opth,3,False,mlp1,bce,msle
86,0.6996106618748127,0.00568241563403174,1.0,0.5426774483378257,1.0,0.7035527082119977,3.0,Calluna.vulgaris,0.5426774483378258,opth,3,False,mlp1,bce,msle
87,0.889862166688136,0.1499087440306113,0.7142857142857143,0.9639314697926059,0.9981325863678805,0.9807339449541285,7.0,Calystegia.sepium,0.6782171840783202,opth,3,False,mlp1,bce,msle
88,0.6689752082706012,0.03701622450535454,0.5555555555555556,0.6829268292682927,0.9947368421052631,0.8098553829673273,9.0,Campanula.barbata,0.2384823848238482,opth,3,False,mlp1,bce,msle
89,0.6818457802064359,0.027201188621112468,0.3888888888888889,0.7504553734061931,0.9868263473053892,0.8525607863424728,18.0,Campanula.cochleariifolia,0.139344262295082,opth,3,False,mlp1,bce,msle
90,0.8380537400145244,0.1621675264111864,0.8444444444444444,0.6470588235294118,0.99,0.782608695652174,45.0,Campanula.glomerata,0.49150326797385624,opth,3,False,mlp1,bce,msle
91,0.7267267267267268,0.014876566766576256,0.6666666666666666,0.6756756756756757,0.9973404255319149,0.8055853920515574,6.0,Campanula.rapunculoides,0.3423423423423424,opth,3,False,mlp1,bce,msle
92,0.5721672661870503,0.0060893308945144265,0.5,0.5890287769784173,0.9969558599695586,0.7405313736574336,4.0,Campanula.rapunculus,0.08902877697841727,opth,3,False,mlp1,bce,msle
93,0.796632715110976,0.27728350492805476,0.8653846153846154,0.5118577075098815,0.9736842105263158,0.6709844559585493,104.0,Campanula.rhomboidalis,0.3772423228944968,opth,3,False,mlp1,bce,msle
94,0.5852833409668152,0.11169270972235133,0.5957446808510638,0.5293542074363993,0.9343696027633851,0.6758276077451593,94.0,Campanula.rotundifolia,0.12509888828746307,opth,3,False,mlp1,bce,msle
95,0.8667498829770636,0.3891702316389302,0.7769230769230769,0.7870182555780934,0.9639751552795031,0.8665549972082636,130.0,Campanula.scheuchzeri,0.5639413325011704,opth,3,False,mlp1,bce,msle
96,0.9919282511210762,0.1,1.0,0.8242152466367713,1.0,0.9036381514257621,1.0,Campanula.thyrsoides,0.8242152466367711,opth,3,False,mlp1,bce,msle
97,0.7318195579775961,0.032596659990282176,0.8,0.4841053587647593,0.9944029850746269,0.6511912034208919,15.0,Capsella.bursa.pastoris,0.2841053587647593,opth,3,False,mlp1,bce,msle
98,0.8481916817359856,0.03860250865700439,0.8,0.7685352622061483,0.9976525821596244,0.8682328907048008,10.0,Cardamine.pratensis,0.5685352622061484,opth,3,False,mlp1,bce,msle
99,0.7756384301703445,0.33360499392432874,0.6197183098591549,0.7915811088295688,0.9345454545454546,0.8571428571428571,142.0,Carduus.defloratus,0.4112994186887238,opth,3,False,mlp1,bce,msle
100,0.5699086620495835,0.01521450409302289,0.3333333333333333,0.5709123757904245,0.9905956112852664,0.7243553008595989,9.0,Carduus.nutans,-0.0957542908762421,opth,3,False,mlp1,bce,msle
101,0.7699819168173598,0.02443930749726792,0.7,0.7251356238698011,0.9962732919254659,0.8393511250654108,10.0,Carex.atrata,0.4251356238698012,opth,3,False,mlp1,bce,msle
102,0.9196372882982295,0.22281108522341647,0.9473684210526315,0.6791248860528715,0.9986595174262735,0.8084644601193706,19.0,Carex.capillaris,0.626493307105503,opth,3,False,mlp1,bce,msle
103,0.6960922004824444,0.19731957719694418,0.5824175824175825,0.6624390243902439,0.9470013947001394,0.7795637198622273,91.0,Carex.caryophyllea,0.2448566068078264,opth,3,False,mlp1,bce,msle
104,0.8721726093475002,0.2027613104323906,0.9137931034482759,0.7069943289224953,0.9933598937583001,0.8260629486471562,58.0,Carex.curvula,0.6207874323707712,opth,3,False,mlp1,bce,msle
105,0.5809132044426162,0.031619723007209485,0.45454545454545453,0.7475113122171946,0.9927884615384616,0.8528652555498193,11.0,Carex.davalliana,0.20205676676264916,opth,3,False,mlp1,bce,msle
106,0.6563628158844765,0.01147597962207459,0.75,0.5027075812274369,0.9964221824686941,0.6682663467306539,8.0,Carex.distans,0.25270758122743686,opth,3,False,mlp1,bce,msle
107,0.752248201438849,0.021679651114987628,0.75,0.5962230215827338,0.9984939759036144,0.7466216216216216,4.0,Carex.divulsa,0.34622302158273377,opth,3,False,mlp1,bce,msle
108,0.699281867145422,0.004426945603416192,0.0,0.9685816876122083,0.9981498612395929,0.9831435079726651,2.0,Carex.ericetorum,-0.03141831238779169,opth,3,False,mlp1,bce,msle
109,0.558228417266187,0.008580441047653157,0.5,0.5530575539568345,0.9967585089141004,0.7113938692886062,4.0,Carex.ferruginea,0.053057553956834536,opth,3,False,mlp1,bce,msle
110,0.6554358472086189,0.12317247147297453,0.5473684210526316,0.6248775710088149,0.9368575624082232,0.7497062279670975,95.0,Carex.flacca,0.17224599206144653,opth,3,False,mlp1,bce,msle
111,0.6605556098037301,0.07815429515391048,0.3684210526315789,0.7838589981447124,0.9723820483314154,0.8680020544427324,38.0,Carex.halleriana,0.15228005077629136,opth,3,False,mlp1,bce,msle
112,0.8596171376481313,0.08215102947001801,0.631578947368421,0.8195077484047402,0.9922737306843267,0.8976535197204194,19.0,Carex.hirta,0.4510866957731612,opth,3,False,mlp1,bce,msle
113,0.61998199819982,0.006999526459416602,0.8,0.549054905490549,0.9983633387888707,0.7084785133565621,5.0,Carex.hostiana,0.34905490549054896,opth,3,False,mlp1,bce,msle
114,0.762679501969052,0.12990146237896383,0.5652173913043478,0.7538883806038427,0.988009592326139,0.855215360664245,23.0,Carex.humilis,0.31910577190819045,opth,3,False,mlp1,bce,msle
115,0.7127113526570048,0.02725043746064997,0.4166666666666667,0.8043478260869565,0.9921787709497206,0.8884442221110556,12.0,Carex.liparocarpos,0.22101449275362328,opth,3,False,mlp1,bce,msle
116,0.6751953928424517,0.03287798632747294,0.18181818181818182,0.8316742081447964,0.990301724137931,0.9040826364977865,11.0,Carex.montana,0.01349238996297819,opth,3,False,mlp1,bce,msle
117,0.7926992453032169,0.07134133129604356,1.0,0.556869881710646,1.0,0.7153711279953243,17.0,Carex.spicata,0.5568698817106461,opth,3,False,mlp1,bce,msle
118,0.6523204563131968,0.21584630597027274,0.5714285714285714,0.691470054446461,0.9921875,0.8149732620320855,14.0,Carex.nigra,0.26289862587503254,opth,3,False,mlp1,bce,msle
119,0.8444800892670341,0.04347962711647617,0.7692307692307693,0.7760652765185857,0.9965075669383003,0.872579001019368,13.0,Carex.ornithopoda,0.545296045749355,opth,3,False,mlp1,bce,msle
120,0.7913615795968738,0.04335562190053768,0.2727272727272727,0.893212669683258,0.9919597989949749,0.94,11.0,Carex.pallescens,0.16593994241053078,opth,3,False,mlp1,bce,msle
121,0.7396883593033914,0.0642274568081931,0.44,0.8047662694775435,0.984304932735426,0.8855269793242562,25.0,Carex.panicea,0.24476626947754343,opth,3,False,mlp1,bce,msle
122,0.8731160633775603,0.036451578458890875,1.0,0.7267808836789901,1.0,0.8417754569190601,7.0,Carex.rupestris,0.7267808836789902,opth,3,False,mlp1,bce,msle
123,0.8227481789573293,0.4071794344282079,0.8686868686868687,0.690631808278867,0.9606060606060606,0.8035487959442332,198.0,Carex.sempervirens,0.5593186769657357,opth,3,False,mlp1,bce,msle
124,0.8027756468372969,0.043096189299649014,0.7692307692307693,0.6473254759746147,0.99581589958159,0.7846153846153846,13.0,Carex.tomentosa,0.4165562452053839,opth,3,False,mlp1,bce,msle
125,0.802322400218865,0.36624072123367307,0.6492537313432836,0.8024439918533605,0.9437125748502994,0.8673637864611998,134.0,Carlina.acaulis,0.45169772319664414,opth,3,False,mlp1,bce,msle
126,0.7581020442080771,0.05165327231328787,0.6363636363636364,0.7577696526508226,0.9904420549581839,0.8586224754013465,22.0,Carlina.vulgaris,0.3941332890144591,opth,3,False,mlp1,bce,msle
127,0.7874365265019684,0.21629685329387277,0.8705882352941177,0.5557710960232783,0.9811643835616438,0.7095975232198143,85.0,Carum.carvi,0.4263593313173959,opth,3,False,mlp1,bce,msle
128,0.8370000562348868,0.4299959243402797,0.9467455621301775,0.5860612460401268,0.9840425531914894,0.7346128391793514,169.0,Centaurea.jacea,0.5328068081703043,opth,3,False,mlp1,bce,msle
129,0.8216317882056043,0.21525755277046663,0.8974358974358975,0.5366759517177344,0.993127147766323,0.6968053044002411,39.0,Centaurea.montana,0.434111849153632,opth,3,False,mlp1,bce,msle
130,0.789225244620122,0.2397677381088188,0.672566371681416,0.7148554336989033,0.9509283819628647,0.8161639157655094,113.0,Centaurea.scabiosa,0.3874218053803191,opth,3,False,mlp1,bce,msle
131,0.8022297044519267,0.49529759187931655,0.6533333333333333,0.7699214365881033,0.8979057591623036,0.8290030211480363,225.0,Cerastium.arvense,0.4232547699214366,opth,3,False,mlp1,bce,msle
132,0.6331666836717342,0.0315850796144469,0.7407407407407407,0.5105601469237833,0.9875666074600356,0.6731234866828087,27.0,Cerastium.brachypetalum,0.25130088766452396,opth,3,False,mlp1,bce,msle
133,0.7724703916654381,0.2823972081647527,0.7482993197278912,0.673890608875129,0.946376811594203,0.7872212176009644,147.0,Cerastium.fontanum,0.4221899286030202,opth,3,False,mlp1,bce,msle
134,0.675022706630336,0.026497880488782127,1.0,0.40236148955495005,1.0,0.5738341968911918,15.0,Cerastium.glomeratum,0.4023614895549501,opth,3,False,mlp1,bce,msle
135,0.6139204545454545,0.018348655634179922,0.5625,0.6054545454545455,0.9895988112927192,0.751269035532995,16.0,Cerastium.pumilum,0.16795454545454547,opth,3,False,mlp1,bce,msle
136,0.5678678678678679,0.007337706683560637,0.5,0.4837837837837838,0.9944444444444445,0.6509090909090909,6.0,Cerastium.semidecandrum,-0.016216216216216273,opth,3,False,mlp1,bce,msle
137,0.7374277836134453,0.08781194572140673,0.7142857142857143,0.5615808823529411,0.9870759289176091,0.715875805506737,28.0,Chaerophyllum.aureum,0.27586659663865554,opth,3,False,mlp1,bce,msle
138,0.6706630336058129,0.022647734127447236,1.0,0.37783832879200724,1.0,0.5484508899143046,15.0,Chaerophyllum.hirsutum,0.3778383287920073,opth,3,False,mlp1,bce,msle
139,0.8770604395604396,0.20024371470252503,0.5,0.9102564102564102,0.9880715705765407,0.9475691134413727,24.0,Chaerophyllum.villarsii,0.41025641025641013,opth,3,False,mlp1,bce,msle
140,0.6234290843806105,0.0051181308607051185,0.5,0.4631956912028725,0.9980657640232108,0.6327406499080319,2.0,Chenopodium.album,-0.03680430879712748,opth,3,False,mlp1,bce,msle
141,0.6407374100719425,0.006706673626496299,0.75,0.5611510791366906,0.9984,0.7184801381692574,4.0,Chondrilla.juncea,0.3111510791366907,opth,3,False,mlp1,bce,msle
142,0.4273734651093141,0.002993765366319789,0.3333333333333333,0.42857142857142855,0.9958246346555324,0.5992462311557789,3.0,Cichorium.intybus,-0.23809523809523814,opth,3,False,mlp1,bce,msle
143,0.6980945522014576,0.15468497147077104,0.4430379746835443,0.7502410800385728,0.9464720194647201,0.8370091447014524,79.0,Cirsium.acaule,0.19327905472211704,opth,3,False,mlp1,bce,msle
144,0.7616830578224175,0.1224806317922452,0.8703703703703703,0.5499058380414312,0.988155668358714,0.7065940713853599,54.0,Cirsium.arvense,0.42027620841180147,opth,3,False,mlp1,bce,msle
145,0.6655697243932538,0.02041524591051524,0.5454545454545454,0.648868778280543,0.9930747922437673,0.7848932676518884,11.0,Cirsium.eriophorum,0.19432332373508832,opth,3,False,mlp1,bce,msle
146,0.8500450045004501,0.03439440853089743,0.8,0.8073807380738074,0.9988864142538976,0.8929815828770533,5.0,Cirsium.palustre,0.6073807380738074,opth,3,False,mlp1,bce,msle
147,0.7569444444444445,0.11997189633988614,0.5833333333333334,0.8220973782771536,0.977728285077951,0.8931841302136317,48.0,Cirsium.spinosissimum,0.40543071161048694,opth,3,False,mlp1,bce,msle
148,0.7967091731797614,0.0598922435225249,0.8181818181818182,0.5945701357466063,0.9969650986342944,0.7448979591836735,11.0,Cirsium.tuberosum,0.41275195392842456,opth,3,False,mlp1,bce,msle
149,0.7704005318264916,0.052633909000987245,0.6363636363636364,0.7559414990859232,0.9904191616766467,0.8574390876101607,22.0,Cirsium.vulgare,0.3923051354495595,opth,3,False,mlp1,bce,msle
150,0.6431921020156314,0.014344624464508661,0.9090909090909091,0.4153846153846154,0.9978260869565218,0.5865814696485623,11.0,Clinopodium.vulgare,0.3244755244755244,opth,3,False,mlp1,bce,msle
151,0.7953714475652319,0.09971585551600673,0.8181818181818182,0.6892138939670932,0.9947229551451188,0.8142548596112311,22.0,Coeloglossum.viride,0.5073957121489114,opth,3,False,mlp1,bce,msle
152,0.8000854166045906,0.2702957791836409,0.8484848484848485,0.5909537856440511,0.9756493506493507,0.736068585425597,99.0,Colchicum.autumnale,0.4394386341288996,opth,3,False,mlp1,bce,msle
153,0.7979266683243119,0.15293846311447837,0.6938775510204082,0.7319587628865979,0.9811557788944724,0.8384326355340848,49.0,Convolvulus.arvensis,0.42583631390700605,opth,3,False,mlp1,bce,msle
154,0.5788999098286745,0.007965692706954203,0.2857142857142857,0.6916140667267808,0.9935233160621761,0.8155236576289208,7.0,Conyza.canadensis,-0.022671647558933472,opth,3,False,mlp1,bce,msle
155,0.7287292817679558,0.05555688588268409,0.43333333333333335,0.8305709023941068,0.9815016322089227,0.8997506234413966,30.0,Coronilla.minima,0.26390423572744015,opth,3,False,mlp1,bce,msle
156,0.714998703655691,0.023138575186460467,0.21428571428571427,0.8148820326678766,0.9878987898789879,0.8930880159124813,14.0,Crepis.aurea,0.029167746953590923,opth,3,False,mlp1,bce,msle
157,0.8655576480435239,0.23923413068835714,0.8703703703703703,0.748587570621469,0.9912718204488778,0.8530042918454935,54.0,Crepis.biennis,0.6189579409918393,opth,3,False,mlp1,bce,msle
158,0.9500225631768953,0.1224146405124666,1.0,0.6173285198555957,1.0,0.7633928571428571,8.0,Crepis.bocconi,0.6173285198555956,opth,3,False,mlp1,bce,msle
159,0.8106614591989364,0.09147693258727929,0.9090909090909091,0.5146252285191956,0.9964601769911504,0.6787221217600965,22.0,Crepis.conyzifolia,0.4237161376101046,opth,3,False,mlp1,bce,msle
160,0.5805277525022747,0.01754473638131556,0.35294117647058826,0.6232939035486806,0.9841954022988506,0.7632311977715878,17.0,Crepis.foetida,-0.023764919980731047,opth,3,False,mlp1,bce,msle
161,0.6228622862286228,0.006866776349809421,0.2,0.7776777677767777,0.9953917050691244,0.8731682668014149,5.0,Crepis.mollis,-0.022322232223222382,opth,3,False,mlp1,bce,msle
162,0.7793461134453782,0.09246888964955177,0.8571428571428571,0.6075367647058824,0.9939849624060151,0.7541357672561323,28.0,Crepis.pyrenaica,0.46467962184873945,opth,3,False,mlp1,bce,msle
163,0.7983084445619135,0.0823290322911242,0.9142857142857143,0.57631822386679,0.9952076677316294,0.7299355594610427,35.0,Crepis.vesicaria,0.49060393815250425,opth,3,False,mlp1,bce,msle
164,0.7875787578757876,0.013239246158724419,0.6,0.7326732673267327,0.9975490196078431,0.8448365334717177,5.0,Cruciata.glabra,0.3326732673267325,opth,3,False,mlp1,bce,msle
165,0.8544131028207461,0.06847327762581082,0.8823529411764706,0.6851683348498635,0.9973509933774835,0.8122977346278317,17.0,Cruciata.laevipes,0.567521276026334,opth,3,False,mlp1,bce,msle
166,0.5806306306306306,0.011001702409308735,0.6666666666666666,0.4963963963963964,0.9963833634719711,0.6626578472639808,6.0,Cruciata.pedemontana,0.16306306306306295,opth,3,False,mlp1,bce,msle
167,0.6581218601056292,0.0120184507089769,0.8571428571428571,0.4643823264201984,0.998062015503876,0.6338461538461538,7.0,Cuscuta.epithymum,0.3215251835630555,opth,3,False,mlp1,bce,msle
168,0.7902811640815479,0.18760362970984218,0.7972972972972973,0.6506717850287908,0.9783549783549783,0.7815561959654179,74.0,Cynosurus.cristatus,0.447969082326088,opth,3,False,mlp1,bce,msle
169,0.8393884991949065,0.6448773515835049,0.8704225352112676,0.6622864651773982,0.9163636363636364,0.7688787185354691,355.0,Dactylis.glomerata,0.5327090003886656,opth,3,False,mlp1,bce,msle
170,0.8995515695067264,0.008849557522123894,1.0,0.4905829596412556,1.0,0.6582430806257521,1.0,Dactylorhiza.maculata,0.49058295964125564,opth,3,False,mlp1,bce,msle
171,0.5076645626690712,0.010983391637932039,0.14285714285714285,0.7835888187556357,0.9931428571428571,0.876008064516129,7.0,Dactylorhiza.majalis,-0.07355403838722152,opth,3,False,mlp1,bce,msle
172,0.5966726618705036,0.007436732603063901,0.25,0.8839928057553957,0.9969574036511156,0.9370829361296473,4.0,Danthonia.decumbens,0.13399280575539585,opth,3,False,mlp1,bce,msle
173,0.7689777823599154,0.18287807881674462,0.9157894736842105,0.5132223310479922,0.9849624060150376,0.6748229233741146,95.0,Daucus.carota,0.4290118047322027,opth,3,False,mlp1,bce,msle
174,0.6565007261386091,0.0793568793819991,0.6410256410256411,0.5394614670380687,0.9764705882352941,0.6949760765550239,39.0,Deschampsia.cespitosa,0.18048710806370982,opth,3,False,mlp1,bce,msle
175,0.6739425899749918,0.04632649522165252,0.5882352941176471,0.6358595194085028,0.98005698005698,0.7713004484304933,34.0,Dianthus.carthusianorum,0.22409481352615002,opth,3,False,mlp1,bce,msle
176,0.5542754275427544,0.10591339744056455,0.4,0.8271827182718272,0.9967462039045553,0.9040826364977865,5.0,Dianthus.deltoides,0.22718271827182734,opth,3,False,mlp1,bce,msle
177,0.8175650557620817,0.15414888089827722,0.65,0.8197026022304833,0.984375,0.8945233265720081,40.0,Dianthus.sylvestris,0.4697026022304833,opth,3,False,mlp1,bce,msle
178,0.8541479484875711,0.05056823933228427,0.6666666666666666,0.8553459119496856,0.9989506820566632,0.9215876089060987,3.0,Dipsacus.fullonum,0.5220125786163523,opth,3,False,mlp1,bce,msle
179,0.8636047979797981,0.18961850273593803,0.9166666666666666,0.7433712121212122,0.9936708860759493,0.8504875406283857,60.0,Draba.aizoides,0.6600378787878789,opth,3,False,mlp1,bce,msle
180,0.6771300448430493,0.002770083102493075,1.0,0.6026905829596413,1.0,0.7520984890878567,1.0,Draba.siliquosa,0.6026905829596414,opth,3,False,mlp1,bce,msle
181,0.8627691051933477,0.16728948505953722,0.8518518518518519,0.7796143250688705,0.9953106682297772,0.874356333676622,27.0,Dryas.octopetala,0.6314661769207224,opth,3,False,mlp1,bce,msle
182,0.3800539083557951,0.0027763212514474228,0.0,0.7475292003593891,0.9964071856287425,0.8542094455852156,3.0,Dryopteris.filix.mas,-0.2524707996406109,opth,3,False,mlp1,bce,msle
183,0.6757396738599746,0.06001876807278378,0.5789473684210527,0.6326530612244898,0.9770773638968482,0.7680180180180181,38.0,Echium.vulgare,0.2116004296455425,opth,3,False,mlp1,bce,msle
184,0.5929084380610412,0.003249457616612428,0.0,0.644524236983842,0.9972222222222222,0.7829880043620502,2.0,Epilobium.angustifolium,-0.355475763016158,opth,3,False,mlp1,bce,msle
185,0.6882882882882884,0.043662662787242665,0.6666666666666666,0.4603603603603604,0.9961013645224172,0.62969808995687,6.0,Epipactis.palustris,0.12702702702702706,opth,3,False,mlp1,bce,msle
186,0.779038112522686,0.045001460840954494,0.7857142857142857,0.5698729582577132,0.9952456418383518,0.7247547605308713,14.0,Equisetum.arvense,0.3555872439719989,opth,3,False,mlp1,bce,msle
187,0.5933955635852655,0.015774981298056302,0.3333333333333333,0.7913279132791328,0.9931972789115646,0.8808446455505279,9.0,Equisetum.palustre,0.12466124661246614,opth,3,False,mlp1,bce,msle
188,0.8858939802336029,0.016525297227051615,1.0,0.7672955974842768,1.0,0.8683274021352313,3.0,Equisetum.telmateia,0.7672955974842768,opth,3,False,mlp1,bce,msle
189,0.7136445242369839,0.00517410242532024,0.5,0.822262118491921,0.9989094874591058,0.9020187099950763,2.0,Erigeron.acer,0.322262118491921,opth,3,False,mlp1,bce,msle
190,0.7792733105516424,0.030550043327052773,0.23076923076923078,0.8785131459655485,0.9897854954034729,0.930835734870317,13.0,Erigeron.alpinus,0.10928237673477925,opth,3,False,mlp1,bce,msle
191,0.7695016337277544,0.06181183244480263,1.0,0.515179392824287,1.0,0.6800242865816636,29.0,Erigeron.annuus,0.5151793928242872,opth,3,False,mlp1,bce,msle
192,0.7382299270072993,0.033461638547386666,0.3,0.822992700729927,0.9847161572052402,0.8966202783300199,20.0,Erigeron.glabratus,0.12299270072992696,opth,3,False,mlp1,bce,msle
193,0.8018001800180018,0.016388677692315907,0.8,0.765976597659766,0.9988262910798122,0.8670402445236882,5.0,Erigeron.neglectus,0.5659765976597662,opth,3,False,mlp1,bce,msle
194,0.8826483718487395,0.15601402128396938,0.75,0.7977941176470589,0.992,0.8843606724401426,28.0,Erigeron.uniflorus,0.5477941176470589,opth,3,False,mlp1,bce,msle
195,0.5655926929639666,0.011164140799584419,0.3333333333333333,0.6043360433604336,0.9911111111111112,0.7508417508417509,9.0,Erodium.cicutarium,-0.06233062330623307,opth,3,False,mlp1,bce,msle
196,0.6807427373465109,0.006913997596885225,0.6666666666666666,0.7744833782569631,0.9988412514484357,0.8724696356275303,3.0,Erophila.verna,0.44115004492362964,opth,3,False,mlp1,bce,msle
197,0.7243675952609671,0.11434822644971053,0.7066666666666667,0.6013448607108549,0.9660493827160493,0.7412670219064535,75.0,Eryngium.campestre,0.3080115273775217,opth,3,False,mlp1,bce,msle
198,0.7966514459665145,0.06224421749334859,0.6666666666666666,0.7552511415525114,0.9916067146282974,0.8574390876101607,21.0,Erysimum.rhaeticum,0.4219178082191779,opth,3,False,mlp1,bce,msle
199,0.7600154579415175,0.08029808010233654,0.7142857142857143,0.7691614066726781,0.9976608187134502,0.8686354378818737,7.0,Erysimum.virgatum,0.4834471209583924,opth,3,False,mlp1,bce,msle
200,0.7863554757630162,0.009312369255685269,1.0,0.5816876122082585,1.0,0.735527809307605,2.0,Eupatorium.cannabinum,0.5816876122082584,opth,3,False,mlp1,bce,msle
201,0.729614461234289,0.26782201325099786,0.7191780821917808,0.6041237113402061,0.9346092503987241,0.7338760175328741,146.0,Euphorbia.cyparissias,0.32330179353198707,opth,3,False,mlp1,bce,msle
202,0.7873130583157684,0.04802778375452018,0.8888888888888888,0.5284552845528455,0.9982935153583617,0.6910809214412286,9.0,Euphorbia.dulcis,0.41734417344173425,opth,3,False,mlp1,bce,msle
203,0.4941704035874439,0.0017699115044247787,0.0,0.8215246636771301,0.9989094874591058,0.9015748031496063,1.0,Euphorbia.helioscopia,-0.17847533632286994,opth,3,False,mlp1,bce,msle
204,0.8178217821782178,0.0907336116578892,0.8,0.7083708370837084,0.998730964467005,0.8288572933122696,5.0,Euphorbia.seguieriana,0.5083708370837083,opth,3,False,mlp1,bce,msle
205,0.8105940744272742,0.10584324807915646,1.0,0.4995340167753961,1.0,0.6662523306401492,43.0,Euphorbia.brittingeri,0.4995340167753961,opth,3,False,mlp1,bce,msle
206,0.7115633912367125,0.026424741692756402,0.42857142857142855,0.8176043557168784,0.9911991199119912,0.8960716061660865,14.0,Euphrasia.alpina,0.246175784288307,opth,3,False,mlp1,bce,msle
207,0.8585883753443242,0.20802421348071365,0.6811594202898551,0.8070678127984718,0.9746251441753172,0.8829676071055381,69.0,Euphrasia.minima,0.48822723308832705,opth,3,False,mlp1,bce,msle
208,0.7927469135802468,0.18436653630306638,0.5277777777777778,0.8601851851851852,0.9820295983086681,0.9170779861796644,36.0,Euphrasia.salisburgensis,0.38796296296296306,opth,3,False,mlp1,bce,msle
209,0.84375,0.01477969285895101,1.0,0.7455035971223022,1.0,0.854198866563627,4.0,Euphrasia.stricta,0.7455035971223021,opth,3,False,mlp1,bce,msle
210,0.8231365694052261,0.27399881259181874,0.8918918918918919,0.6,0.9804878048780488,0.7444444444444445,111.0,Festuca.arundinacea,0.49189189189189175,opth,3,False,mlp1,bce,msle
211,0.8201482004234297,0.15412878884068887,0.6153846153846154,0.7844036697247706,0.9884393063583815,0.8746803069053708,26.0,Festuca.ovina,0.3997882851093859,opth,3,False,mlp1,bce,msle
212,0.8959312839059674,0.06478049488282547,1.0,0.7179023508137432,1.0,0.8357894736842105,10.0,Festuca.halleri,0.7179023508137432,opth,3,False,mlp1,bce,msle
213,0.7616235116235116,0.27937437359574874,0.6883116883116883,0.7079002079002079,0.934156378600823,0.8054405677114134,154.0,Festuca.laevigata,0.39621189621189634,opth,3,False,mlp1,bce,msle
214,0.6332822396390664,0.21023548329999675,0.6901408450704225,0.4804928131416838,0.9140625,0.629878869448183,142.0,Festuca.nigrescens,0.1706336582121062,opth,3,False,mlp1,bce,msle
215,0.7925876010781671,0.12597478722304664,0.8571428571428571,0.6509433962264151,0.9885386819484241,0.7849829351535836,56.0,Festuca.paniculata,0.5080862533692723,opth,3,False,mlp1,bce,msle
216,0.8949819071945508,0.30789437413657444,0.9583333333333334,0.7203065134099617,0.9960264900662251,0.8360200111172874,72.0,Festuca.quadriflora,0.678639846743295,opth,3,False,mlp1,bce,msle
217,0.6367549865149225,0.18868321617839062,0.7028985507246377,0.47137014314928427,0.9183266932270916,0.6229729729729729,138.0,Festuca.rubra,0.17426869387392196,opth,3,False,mlp1,bce,msle
218,0.7840285856739239,0.09127071094231035,0.5909090909090909,0.7477148080438757,0.9891172914147521,0.8516397709526289,22.0,Festuca.valesiaca,0.33862389895296663,opth,3,False,mlp1,bce,msle
219,0.8683188422941188,0.47456928152066574,0.6540880503144654,0.8213166144200627,0.9346016646848989,0.8743047830923248,159.0,Festuca.violacea,0.475404664734528,opth,3,False,mlp1,bce,msle
220,0.7655593487394958,0.07489642526052316,0.8214285714285714,0.5992647058823529,0.9923896499238964,0.7472779369627507,28.0,Filipendula.vulgaris,0.42069327731092443,opth,3,False,mlp1,bce,msle
221,0.6008574007220217,0.012791900196987423,0.375,0.6949458483754513,0.9935483870967742,0.8178438661710037,8.0,Fragaria.vesca,0.06994584837545137,opth,3,False,mlp1,bce,msle
222,0.6479887085391672,0.049314313449835154,0.3076923076923077,0.7908256880733945,0.9795454545454545,0.8751269035532995,26.0,Fumana.procumbens,0.09851799576570208,opth,3,False,mlp1,bce,msle
223,0.7065706570657065,0.00887104559344009,1.0,0.45184518451845185,1.0,0.6224426534407935,5.0,Galeopsis.tetrahit,0.4518451845184519,opth,3,False,mlp1,bce,msle
224,0.8195025423941087,0.12464816888686539,0.7567567567567568,0.7182576459684893,0.9885204081632653,0.8319914117015567,37.0,Galium.anisophyllon,0.4750144027252461,opth,3,False,mlp1,bce,msle
225,0.9676840215439857,0.03982930298719772,1.0,0.5350089766606823,1.0,0.6970760233918128,2.0,Galium.aparine,0.5350089766606823,opth,3,False,mlp1,bce,msle
226,0.710943308550186,0.09087440820635434,0.875,0.49349442379182157,0.9906716417910447,0.6588089330024814,40.0,Galium.boreale,0.3684944237918215,opth,3,False,mlp1,bce,msle
227,0.837371785342649,0.17075434192508798,0.6451612903225806,0.8377880184331797,0.9880434782608696,0.9067331670822942,31.0,Galium.corrudifolium,0.48294930875576036,opth,3,False,mlp1,bce,msle
228,0.7743315508021389,0.02478149340178331,0.9090909090909091,0.5556561085972851,0.9983739837398374,0.713953488372093,11.0,Galium.glaucum,0.46474701768819404,opth,3,False,mlp1,bce,msle
229,0.7457116788321168,0.04132806036342902,0.8,0.5483576642335767,0.9933884297520661,0.7066431510875956,20.0,Galium.lucidum,0.3483576642335766,opth,3,False,mlp1,bce,msle
230,0.7657885296273766,0.3571526033441714,0.8403755868544601,0.5858250276854928,0.9396092362344582,0.7216916780354706,213.0,Galium.mollugo,0.42620061453995284,opth,3,False,mlp1,bce,msle
231,0.7184317718940938,0.24742886251410945,0.6865671641791045,0.6364562118126272,0.9370314842578711,0.7580351728320194,134.0,Galium.pumilum,0.3230233759917316,opth,3,False,mlp1,bce,msle
232,0.751768806249294,0.4610070442789046,0.8685121107266436,0.5259975816203144,0.919661733615222,0.6692307692307692,289.0,Galium.verum,0.394509692346958,opth,3,False,mlp1,bce,msle
233,0.8210350451489716,0.07438222356016895,0.6956521739130435,0.7959743824336688,0.992018244013683,0.883248730964467,23.0,Genista.pilosa,0.4916265563467124,opth,3,False,mlp1,bce,msle
234,0.7721026704692766,0.045720980138943663,1.0,0.3811252268602541,1.0,0.5519053876478318,14.0,Genista.sagittalis,0.3811252268602541,opth,3,False,mlp1,bce,msle
235,0.7540822590546348,0.05283587045815537,0.8333333333333334,0.6325966850828729,0.9927745664739884,0.7727784026996626,30.0,Genista.tinctoria,0.4659300184162063,opth,3,False,mlp1,bce,msle
236,0.8021554169030063,0.0988303336270921,0.7560975609756098,0.7144186046511628,0.987146529562982,0.8289260658391797,41.0,Gentiana.acaulis,0.4705161656267727,opth,3,False,mlp1,bce,msle
237,0.7386980108499096,0.02079935119935705,0.6,0.6148282097649186,0.9941520467836257,0.7597765363128491,10.0,Gentiana.alpina,0.21482820976491857,opth,3,False,mlp1,bce,msle
238,0.854662250326207,0.03800884732691538,0.4444444444444444,0.8816621499548328,0.9949031600407747,0.9348659003831418,9.0,Gentiana.bavarica,0.32610659439927714,opth,3,False,mlp1,bce,msle
239,0.7801980198019802,0.016121681803927968,0.8,0.7011701170117012,0.9987179487179487,0.8239026969857218,5.0,Gentiana.cruciata,0.5011701170117013,opth,3,False,mlp1,bce,msle
240,0.8186276152497123,0.2970197012633709,0.8045977011494253,0.6598639455782312,0.9755747126436781,0.7872463768115942,87.0,Gentiana.lutea,0.46446164672765655,opth,3,False,mlp1,bce,msle
241,0.8296022727272727,0.08685388047944728,0.1875,0.9581818181818181,0.9878163074039362,0.972773419473927,16.0,Gentiana.nivalis,0.14568181818181802,opth,3,False,mlp1,bce,msle
242,0.8142857142857143,0.04128761610338057,0.9,0.6754068716094033,0.9986631016042781,0.8058252427184466,10.0,Gentiana.punctata,0.5754068716094034,opth,3,False,mlp1,bce,msle
243,0.8897102897102898,0.4449126395978266,0.8695652173913043,0.7722277722277723,0.9809644670050761,0.864169927333706,115.0,Gentiana.verna,0.6417929896190766,opth,3,False,mlp1,bce,msle
244,0.6694970184080892,0.02152234500353821,0.7142857142857143,0.5181488203266787,0.9930434782608696,0.6809779367918902,14.0,Geranium.columbinum,0.23243453461239305,opth,3,False,mlp1,bce,msle
245,0.7929239230064161,0.07479914057164526,0.92,0.6003666361136571,0.9969558599695586,0.7494279176201373,25.0,Geranium.dissectum,0.5203666361136572,opth,3,False,mlp1,bce,msle
246,0.8170289855072465,0.09852762394232573,0.8333333333333334,0.5860507246376812,0.9969183359013868,0.7381631488876212,12.0,Geranium.molle,0.41938405797101463,opth,3,False,mlp1,bce,msle
247,0.8356738683127573,0.13656778504786923,0.9166666666666666,0.6435185185185185,0.995702005730659,0.78177727784027,36.0,Geranium.pyrenaicum,0.5601851851851851,opth,3,False,mlp1,bce,msle
248,0.942100538599641,0.02214960058097313,1.0,0.8842010771992819,1.0,0.9385421629347308,2.0,Geranium.robertianum,0.8842010771992819,opth,3,False,mlp1,bce,msle
249,0.31722122302158273,0.0031737097427138898,0.0,0.8264388489208633,0.9956663055254604,0.9031941031941032,4.0,Geranium.rotundifolium,-0.17356115107913672,opth,3,False,mlp1,bce,msle
250,0.5079365079365079,0.003740932178946581,0.3333333333333333,0.6127583108715184,0.9970760233918129,0.7590428491930996,3.0,Geranium.sanguineum,-0.0539083557951483,opth,3,False,mlp1,bce,msle
251,0.7953698475437606,0.3691636240891214,0.8695652173913043,0.45754245754245754,0.9682875264270613,0.621438263229308,115.0,Geranium.sylvaticum,0.3271076749337618,opth,3,False,mlp1,bce,msle
252,0.8503392338619611,0.3383846404461422,0.8851351351351351,0.75,0.9771197846567967,0.8486265341905318,148.0,Geum.montanum,0.6351351351351351,opth,3,False,mlp1,bce,msle
253,0.6800493624023036,0.01670555264631885,0.9090909090909091,0.46244343891402717,0.998046875,0.6320346320346321,11.0,Geum.rivale,0.37153434800493623,opth,3,False,mlp1,bce,msle
254,0.7111941259822233,0.05068861003022687,0.8571428571428571,0.4409377817853922,0.9979591836734694,0.6116322701688556,7.0,Geum.urbanum,0.2980806389282493,opth,3,False,mlp1,bce,msle
255,0.73943345323741,0.009192721504912562,1.0,0.35701438848920863,1.0,0.5261762756792577,4.0,Glechoma.hederacea,0.35701438848920874,opth,3,False,mlp1,bce,msle
256,0.7783218254499551,0.10365864366625793,0.46938775510204084,0.8303655107778819,0.9714912280701754,0.8954017180394138,49.0,Globularia.bisnagarica,0.2997532658799227,opth,3,False,mlp1,bce,msle
257,0.8142073786922454,0.20718060604672767,0.5789473684210527,0.8328611898016998,0.9735099337748344,0.8977099236641222,57.0,Globularia.cordifolia,0.4118085582227524,opth,3,False,mlp1,bce,msle
258,0.5217130877508236,0.0036645080637259806,0.0,0.7511230907457322,0.9964243146603099,0.8565573770491803,3.0,Globularia.nudicaulis,-0.24887690925426775,opth,3,False,mlp1,bce,msle
259,0.7366099139842157,0.08931599548752682,0.6428571428571429,0.6787709497206704,0.9798387096774194,0.801980198019802,42.0,Gymnadenia.conopsea,0.32162809257781344,opth,3,False,mlp1,bce,msle
260,0.7420454545454546,0.03893903165207054,0.9375,0.5018181818181818,0.9981916817359855,0.6678765880217786,16.0,Gypsophila.repens,0.43931818181818194,opth,3,False,mlp1,bce,msle
261,0.7373817563790058,0.3341435312127522,0.7268041237113402,0.6160520607375272,0.9146537842190016,0.7362281270252754,194.0,Helianthemum.nummularium,0.34285618444886734,opth,3,False,mlp1,bce,msle
262,0.5425742574257426,0.008306734487602127,0.6,0.36003600360036003,0.9950248756218906,0.5287508261731659,5.0,Helleborus.foetidus,-0.03996399639963999,opth,3,False,mlp1,bce,msle
263,0.7998726584229751,0.2027916899106938,0.8160919540229885,0.6559766763848397,0.9768451519536903,0.7848837209302325,87.0,Heracleum.sphondylium,0.4720686304078283,opth,3,False,mlp1,bce,msle
264,0.6847884788478847,0.01184421872563236,0.6,0.7875787578757876,0.9977194982896237,0.8802816901408451,5.0,Hieracium.bifidum,0.38757875787578744,opth,3,False,mlp1,bce,msle
265,0.7307280954339778,0.018716431107055335,0.9090909090909091,0.579185520361991,0.9984399375975039,0.7331042382588774,11.0,Hieracium.murorum,0.48827642945290006,opth,3,False,mlp1,bce,msle
266,0.8483768525052929,0.0775261919192995,0.6923076923076923,0.8275229357798165,0.9912087912087912,0.902,26.0,Hieracium.piliferum,0.5198306280875089,opth,3,False,mlp1,bce,msle
267,0.836903690369037,0.020088516482113475,1.0,0.6921692169216922,1.0,0.8180851063829787,5.0,Hieracium.prenanthoides,0.6921692169216922,opth,3,False,mlp1,bce,msle
268,0.8910855642626995,0.10819166137972237,0.5217391304347826,0.9048490393412626,0.989,0.945054945054945,23.0,Hieracium.villosum,0.4265881697760452,opth,3,False,mlp1,bce,msle
269,0.7786860429912201,0.035425547467965016,0.8666666666666667,0.5340599455040872,0.9966101694915255,0.6954464813719693,15.0,Himantoglossum.hircinum,0.4007266121707538,opth,3,False,mlp1,bce,msle
270,0.6777844827586207,0.16115031364631383,0.4482758620689655,0.74,0.9203980099502488,0.8203991130820399,116.0,Hippocrepis.comosa,0.18827586206896552,opth,3,False,mlp1,bce,msle
271,0.8852664120749226,0.5318997819841325,0.7872340425531915,0.7805128205128206,0.9620733249051833,0.8618346545866364,141.0,Holcus.lanatus,0.5677468630660121,opth,3,False,mlp1,bce,msle
272,0.8412849153589894,0.18543679410942823,0.6349206349206349,0.8433048433048433,0.9747530186608123,0.9042769857433809,63.0,Homogyne.alpina,0.47822547822547823,opth,3,False,mlp1,bce,msle
273,0.4362657091561939,0.0024106422380512837,0.0,0.8411131059245961,0.9978700745473909,0.9128105211885046,2.0,Hornungia.petraea,-0.1588868940754039,opth,3,False,mlp1,bce,msle
274,0.8527156365313653,0.15520263027318104,0.90625,0.6263837638376384,0.9956011730205279,0.768969422423556,32.0,Hypericum.maculatum,0.5326337638376384,opth,3,False,mlp1,bce,msle
275,0.7151448787061995,0.10091472048274794,0.6785714285714286,0.6141509433962264,0.9730941704035875,0.7530364372469636,56.0,Hypericum.perforatum,0.29272237196765505,opth,3,False,mlp1,bce,msle
276,0.8992731597726972,0.19665375938576776,0.9428571428571428,0.7696577243293247,0.9976019184652278,0.8689295039164491,35.0,Hypericum.richeri,0.7125148671864676,opth,3,False,mlp1,bce,msle
277,0.7880595121022745,0.19137645453998098,0.6206896551724138,0.7138914443422263,0.9860228716645489,0.8281750266808965,29.0,Hypochaeris.maculata,0.3345810995146401,opth,3,False,mlp1,bce,msle
278,0.823510257245197,0.11097133319477487,0.6486486486486487,0.7849860982391103,0.9848837209302326,0.8736462093862816,37.0,Hypochaeris.radicata,0.4336347468877588,opth,3,False,mlp1,bce,msle
279,0.6679118897333505,0.013086061253495596,0.2857142857142857,0.7953110910730388,0.9943630214205186,0.8837675350701403,7.0,Hyssopus.officinalis,0.08102537678732435,opth,3,False,mlp1,bce,msle
280,0.8183276379105935,0.04394950496572184,0.9230769230769231,0.6228467815049864,0.998546511627907,0.7671691792294807,13.0,Inula.salicina,0.5459237045819094,opth,3,False,mlp1,bce,msle
281,0.5399103139013453,0.0019455252918287938,0.0,0.7192825112107624,0.9987546699875467,0.8362877997914494,1.0,Isatis.tinctoria,-0.28071748878923763,opth,3,False,mlp1,bce,msle
282,0.6363363363363364,0.042477581119535465,0.5,0.8675675675675676,0.9968944099378882,0.9277456647398844,6.0,Juncus.alpinoarticulatus,0.3675675675675676,opth,3,False,mlp1,bce,msle
283,0.773412340589978,0.03193844407873644,0.2857142857142857,0.9413886384129847,0.9952335557673975,0.9675625579240037,7.0,Juncus.articulatus,0.2271029241272704,opth,3,False,mlp1,bce,msle
284,0.9087319494584837,0.18956784773994656,0.75,0.9485559566787004,0.9981006647673314,0.972697825080981,8.0,Juncus.effusus,0.6985559566787005,opth,3,False,mlp1,bce,msle
285,0.8117468967605206,0.06534675448222173,0.3333333333333333,0.924613987284287,0.9902723735408561,0.9563175199624236,15.0,Juncus.inflexus,0.2579473206176204,opth,3,False,mlp1,bce,msle
286,0.8655133928571428,0.11827961103194595,0.7857142857142857,0.75,0.9927007299270073,0.8544502617801047,28.0,Juncus.jacquinii,0.5357142857142856,opth,3,False,mlp1,bce,msle
287,0.7868112014453478,0.027836294775907693,0.6666666666666666,0.7000903342366757,0.9961439588688946,0.8222811671087533,9.0,Juncus.trifidus,0.3667570009033423,opth,3,False,mlp1,bce,msle
288,0.6965465465465466,0.011155104899524499,0.16666666666666666,0.8648648648648649,0.9948186528497409,0.9253012048192771,6.0,Juncus.triglumis,0.031531531531531654,opth,3,False,mlp1,bce,msle
289,0.8419896236330702,0.4828635942767056,0.8865979381443299,0.6475054229934925,0.9644588045234249,0.7748215444516547,194.0,Knautia.arvensis,0.5341033611378223,opth,3,False,mlp1,bce,msle
290,0.853226534296029,0.030550058122882858,0.875,0.6787003610108303,0.99867197875166,0.8081676518001075,8.0,Knautia.dipsacifolia,0.5537003610108302,opth,3,False,mlp1,bce,msle
291,0.7647135079077003,0.03507191585187725,0.8571428571428571,0.5862068965517241,0.9969135802469136,0.7382857142857143,14.0,Koeleria.macrantha,0.4433497536945812,opth,3,False,mlp1,bce,msle
292,0.7346464646464645,0.12569409276715274,0.5303030303030303,0.699047619047619,0.9594771241830066,0.8088154269972452,66.0,Koeleria.pyramidata,0.22935064935064942,opth,3,False,mlp1,bce,msle
293,0.791162129215766,0.17467354641193503,0.5217391304347826,0.8626168224299066,0.9767195767195768,0.9161290322580645,46.0,Koeleria.vallesiana,0.38435595286468915,opth,3,False,mlp1,bce,msle
294,0.7453299791254081,0.032597529984671345,0.6470588235294118,0.6815286624203821,0.9920529801324504,0.807982740021575,17.0,Lactuca.perennis,0.3285874859497939,opth,3,False,mlp1,bce,msle
295,0.7478286912249177,0.009948700387197341,0.6666666666666666,0.706199460916442,0.9987293519695044,0.8273684210526315,3.0,Lactuca.serriola,0.37286612758310866,opth,3,False,mlp1,bce,msle
296,0.6389282493881231,0.028073020700916374,0.42857142857142855,0.7222723174030659,0.9950310559006211,0.8369905956112853,7.0,Lamium.purpureum,0.15084374597449446,opth,3,False,mlp1,bce,msle
297,0.7854578096947935,0.009048083170890188,1.0,0.4622980251346499,1.0,0.6322897483118478,2.0,Lapsana.communis,0.46229802513465,opth,3,False,mlp1,bce,msle
298,0.5391197038255862,0.013458167762410822,0.2727272727272727,0.7339366515837104,0.9902319902319903,0.843035343035343,11.0,Laserpitium.halleri,0.006663924310982949,opth,3,False,mlp1,bce,msle
299,0.7623606362420098,0.10220182054415683,0.7419354838709677,0.6423963133640553,0.9886524822695035,0.7787709497206704,31.0,Laserpitium.latifolium,0.3843317972350231,opth,3,False,mlp1,bce,msle
300,0.7237490277417682,0.027927056741351493,0.6428571428571429,0.6225045372050817,0.9927641099855282,0.7651979921918572,14.0,Laserpitium.siler,0.2653616800622247,opth,3,False,mlp1,bce,msle
301,0.5888039568345325,0.005428040834857618,0.5,0.6555755395683454,0.9972640218878249,0.791101465002713,4.0,Lathyrus.heterophyllus,0.15557553956834536,opth,3,False,mlp1,bce,msle
302,0.8478586403114705,0.0112953303527074,1.0,0.29469901168014373,1.0,0.45523941707147814,3.0,Lathyrus.occidentalis,0.2946990116801438,opth,3,False,mlp1,bce,msle
303,0.7861648444070647,0.4531065522980121,0.7967479674796748,0.6229885057471264,0.9155405405405406,0.7414500683994528,246.0,Lathyrus.pratensis,0.4197364732268012,opth,3,False,mlp1,bce,msle
304,0.6519950637597697,0.020941372448306673,0.5454545454545454,0.6552036199095023,0.9931412894375857,0.7895310796074155,11.0,Lathyrus.sphaericus,0.20065816536404757,opth,3,False,mlp1,bce,msle
305,0.5668761220825853,0.003014884738122336,0.5,0.5547576301615799,0.9983844911147012,0.7132140796306982,2.0,Lathyrus.sylvestris,0.05475763016157975,opth,3,False,mlp1,bce,msle
306,0.6585804132973945,0.01200894151896379,0.6666666666666666,0.44564240790655885,0.9979879275653923,0.6161490683229813,3.0,Lathyrus.tuberosus,0.11230907457322559,opth,3,False,mlp1,bce,msle
307,0.5120697960712948,0.053050716493551406,0.35294117647058826,0.7952684258416742,0.9875706214689266,0.8810483870967742,17.0,Leontodon.autumnalis,0.14820960231226254,opth,3,False,mlp1,bce,msle
308,0.6589995941558441,0.3102655538156549,0.6636363636363637,0.5602678571428571,0.8715277777777778,0.6820652173913043,220.0,Leontodon.hispidus,0.2239042207792208,opth,3,False,mlp1,bce,msle
309,0.7064530685920578,0.016647225142119686,0.5,0.7175090252707581,0.9949937421777222,0.8337703198741478,8.0,Leontopodium.alpinum,0.2175090252707581,opth,3,False,mlp1,bce,msle
310,0.9062739764246356,0.2763483276420749,0.9814814814814815,0.7542372881355932,0.9987531172069826,0.8594420600858369,54.0,Leucanthemopsis.alpina,0.7357187696170748,opth,3,False,mlp1,bce,msle
311,0.8477893601725377,0.5900842505754231,0.8307692307692308,0.6927570093457944,0.9309262166405023,0.7943737441393168,260.0,Leucanthemum.vulgare,0.5235262401150251,opth,3,False,mlp1,bce,msle
312,0.7270985401459854,0.1055762663212414,0.8,0.5273722627737226,0.993127147766323,0.6889153754469607,20.0,Lilium.martagon,0.3273722627737228,opth,3,False,mlp1,bce,msle
313,0.6860986547085202,0.002849002849002849,1.0,0.34618834080717487,1.0,0.5143237841439041,1.0,Linaria.repens,0.34618834080717487,opth,3,False,mlp1,bce,msle
314,0.8556104446012703,0.13806820578434847,0.8461538461538461,0.7036697247706422,0.9948119325551232,0.8242880171950564,26.0,Linum.alpinum,0.5498235709244883,opth,3,False,mlp1,bce,msle
315,0.6819992012323842,0.13630538286379515,0.6705882352941176,0.574199806013579,0.9548387096774194,0.7171411265899454,85.0,Linum.catharticum,0.2447880413076966,opth,3,False,mlp1,bce,msle
316,0.8172159090909091,0.0646705307668923,0.75,0.7172727272727273,0.9949558638083228,0.8335974643423137,16.0,Linum.tenuifolium,0.4672727272727273,opth,3,False,mlp1,bce,msle
317,0.7658802177858439,0.05355763213107808,0.7142857142857143,0.647005444646098,0.9944211994421199,0.7839472237493128,14.0,Listera.ovata,0.3612911589318122,opth,3,False,mlp1,bce,msle
318,0.8977578475336323,0.008695652173913044,1.0,0.42690582959641254,1.0,0.5983658076681333,1.0,Lolium.multiflorum,0.42690582959641254,opth,3,False,mlp1,bce,msle
319,0.8124866964665816,0.17099644655097587,0.9166666666666666,0.6235632183908046,0.9908675799086758,0.7654320987654321,72.0,Lolium.perenne,0.5402298850574714,opth,3,False,mlp1,bce,msle
320,0.7251661918328586,0.4815367898373214,0.8376068376068376,0.5477124183006536,0.8802521008403361,0.6752618855761483,351.0,Lotus.corniculatus,0.38531925590749116,opth,3,False,mlp1,bce,msle
321,0.6909980508373443,0.038937725499314825,0.7391304347826086,0.4501372369624886,0.9879518072289156,0.6184789440603394,23.0,Lotus.maritimus,0.18926767174509718,opth,3,False,mlp1,bce,msle
322,0.6820267686424474,0.14248859204403805,0.42857142857142855,0.7284894837476099,0.9501246882793017,0.8246753246753247,70.0,Luzula.campestris,0.15706091231903851,opth,3,False,mlp1,bce,msle
323,0.8258097262316404,0.07773847960302138,0.5172413793103449,0.812327506899724,0.9843924191750278,0.8901209677419355,29.0,Luzula.lutea,0.32956888621006897,opth,3,False,mlp1,bce,msle
324,0.6116800622245268,0.028571414299538755,0.7857142857142857,0.33030852994555354,0.9918256130790191,0.49557522123893805,14.0,Luzula.multiflora,0.1160228156598393,opth,3,False,mlp1,bce,msle
325,0.7450361010830325,0.01956006324083934,0.75,0.5812274368231047,0.9969040247678018,0.734321550741163,8.0,Luzula.sieberi,0.33122743682310474,opth,3,False,mlp1,bce,msle
326,0.856353675705454,0.17698241473436974,0.9032258064516129,0.7286527514231499,0.9922480620155039,0.8402625820568927,62.0,Luzula.spicata,0.6318785578747628,opth,3,False,mlp1,bce,msle
327,0.6560608012366353,0.020290527164749897,0.5714285714285714,0.8169522091974752,0.9966996699669967,0.8979187314172448,7.0,Luzula.sudetica,0.38838078062604664,opth,3,False,mlp1,bce,msle
328,0.9179395028451632,0.02291666666666667,1.0,0.7969451931716083,1.0,0.887,3.0,Lysimachia.nummularia,0.7969451931716083,opth,3,False,mlp1,bce,msle
329,0.7502248201438849,0.00878617491164244,0.25,0.8435251798561151,0.9968119022316685,0.9137847053093034,4.0,Lysimachia.vulgaris,0.09352517985611497,opth,3,False,mlp1,bce,msle
330,0.7604019064794538,0.016699230950397513,1.0,0.4932371505861136,1.0,0.6606280193236715,7.0,Malva.moschata,0.4932371505861135,opth,3,False,mlp1,bce,msle
331,0.40071877807726863,0.002859086626209914,0.3333333333333333,0.49056603773584906,0.9963503649635036,0.6574352799518363,3.0,Malva.sylvestris,-0.17610062893081757,opth,3,False,mlp1,bce,msle
332,0.738728090405904,0.06038536828888366,0.6875,0.6531365313653137,0.9860724233983287,0.7857935627081021,32.0,Medicago.falcata,0.3406365313653137,opth,3,False,mlp1,bce,msle
333,0.7767408792785406,0.322678046364136,0.8536585365853658,0.5871848739495799,0.9588336192109777,0.7283387622149837,164.0,Medicago.lupulina,0.4408434105349457,opth,3,False,mlp1,bce,msle
334,0.703316866619619,0.04721169023502419,0.4230769230769231,0.7412844036697248,0.9817739975698664,0.8447464715107161,26.0,Medicago.minima,0.16436132674664794,opth,3,False,mlp1,bce,msle
335,0.8331362174499429,0.15336470375737984,0.9111111111111111,0.6330532212885154,0.9941348973607038,0.773531089560753,45.0,Medicago.sativa,0.5441643323996264,opth,3,False,mlp1,bce,msle
336,0.7611687725631768,0.0579071413937698,0.625,0.7256317689530686,0.9962825278810409,0.8396866840731071,8.0,Melica.ciliata,0.3506317689530687,opth,3,False,mlp1,bce,msle
337,0.9757630161579892,0.06118881118881119,1.0,0.49371633752244165,1.0,0.6610576923076923,2.0,Melilotus.albus,0.4937163375224416,opth,3,False,mlp1,bce,msle
338,0.8176812267657994,0.15106672693506162,0.825,0.6951672862453532,0.990728476821192,0.8170398689240852,40.0,Meum.athamanticum,0.520167286245353,opth,3,False,mlp1,bce,msle
339,0.9318385650224216,0.012987012987012988,1.0,0.6242152466367713,1.0,0.7686361126449476,1.0,Minuartia.laricifolia,0.6242152466367714,opth,3,False,mlp1,bce,msle
340,0.763046368622237,0.055060317559855826,0.45454545454545453,0.8308957952468007,0.9869706840390879,0.9022332506203474,22.0,Minuartia.rostrata,0.28544124979225516,opth,3,False,mlp1,bce,msle
341,0.887772895305852,0.2943301998859285,0.7407407407407407,0.8088512241054614,0.983963344788087,0.8878552971576228,54.0,Minuartia.verna,0.549591964846202,opth,3,False,mlp1,bce,msle
342,0.6949514180672269,0.04325813177701275,0.7142857142857143,0.5183823529411765,0.986013986013986,0.6795180722891566,28.0,Muscari.comosum,0.23266806722689082,opth,3,False,mlp1,bce,msle
343,0.8369291085840058,0.493016998169961,0.6063829787234043,0.8211206896551724,0.9114832535885168,0.8639455782312925,188.0,Myosotis.alpestris,0.4275036683785767,opth,3,False,mlp1,bce,msle
344,0.8311018288552721,0.2572760980476021,0.8372093023255814,0.6553398058252428,0.9796806966618288,0.7853403141361257,86.0,Myosotis.arvensis,0.4925491081508242,opth,3,False,mlp1,bce,msle
345,0.7190762847328503,0.08252494700525692,0.6296296296296297,0.5867768595041323,0.9845916795069337,0.7353279631760644,27.0,Myosotis.ramosissima,0.21640648913376204,opth,3,False,mlp1,bce,msle
346,0.7765733212887684,0.24449780097074209,0.4444444444444444,0.8925022583559169,0.9949647532729103,0.940952380952381,9.0,Myosotis.scorpioides,0.3369467028003612,opth,3,False,mlp1,bce,msle
347,0.861310592459605,0.02021276595744681,1.0,0.41831238779174146,1.0,0.589873417721519,2.0,Myosotis.stricta,0.4183123877917414,opth,3,False,mlp1,bce,msle
348,0.7223201544531184,0.09531032268098841,0.7575757575757576,0.5983379501385041,0.9878048780487805,0.7452558941920644,33.0,Narcissus.poeticus,0.35591370771426156,opth,3,False,mlp1,bce,msle
349,0.7579268957992362,0.22833672734572816,0.7872340425531915,0.6369230769230769,0.9539170506912442,0.7638376383763837,141.0,Nardus.stricta,0.42415711947626855,opth,3,False,mlp1,bce,msle
350,0.7023916967509025,0.018185374156190055,0.625,0.5622743682310469,0.9952076677316294,0.7185697808535179,8.0,Odontites.luteus,0.18727436823104693,opth,3,False,mlp1,bce,msle
351,0.8047737019611108,0.2970624426901226,0.7127659574468085,0.7964774951076321,0.9678953626634959,0.8738593666129898,94.0,Onobrychis.montana,0.5092434525544407,opth,3,False,mlp1,bce,msle
352,0.8584022468403807,0.37408522300050173,0.9384615384615385,0.592292089249493,0.9864864864864865,0.7401774397972116,130.0,Onobrychis.viciifolia,0.5307536277110314,opth,3,False,mlp1,bce,msle
353,0.7856477786645385,0.18872915082212996,0.5,0.8081936685288641,0.9763779527559056,0.8843606724401426,42.0,Ononis.natrix,0.308193668528864,opth,3,False,mlp1,bce,msle
354,0.6655912007332723,0.03354854507221315,0.52,0.7140238313473877,0.9848293299620733,0.8278427205100957,25.0,Ononis.repens,0.2340238313473877,opth,3,False,mlp1,bce,msle
355,0.7129430719656284,0.11018502766577618,0.7105263157894737,0.6066790352504638,0.9834586466165414,0.7504302925989673,38.0,Ononis.spinosa,0.3172053510399375,opth,3,False,mlp1,bce,msle
356,0.6045780969479353,0.0048235735735735735,0.5,0.6822262118491921,0.9986859395532195,0.8106666666666666,2.0,Ophioglossum.vulgatum,0.18222621184919197,opth,3,False,mlp1,bce,msle
357,0.626534890685834,0.0046717763108338585,0.0,0.8580413297394429,0.9968684759916493,0.9222597778850796,3.0,Ophrys.apifera,-0.14195867026055708,opth,3,False,mlp1,bce,msle
358,0.8986547085201794,0.008771929824561403,1.0,0.7309417040358744,1.0,0.844559585492228,1.0,Ophrys.insectifera,0.7309417040358746,opth,3,False,mlp1,bce,msle
359,0.486983842010772,0.00355708245243129,0.5,0.8141831238779175,0.998898678414097,0.897131552917903,2.0,Orchis.mascula,0.3141831238779176,opth,3,False,mlp1,bce,msle
360,0.7773762922814413,0.02601443768586182,0.3333333333333333,0.8319783197831978,0.9935275080906149,0.9056047197640118,9.0,Orchis.militaris,0.16531165311653107,opth,3,False,mlp1,bce,msle
361,0.8073430329069426,0.10511394528255871,0.631578947368421,0.7755102040816326,0.9835294117647059,0.8672199170124482,38.0,Origanum.vulgare,0.40708915145005364,opth,3,False,mlp1,bce,msle
362,0.6810703008143593,0.05886442909500455,0.6363636363636364,0.6581352833638026,0.989010989010989,0.7903402854006586,22.0,Ornithogalum.umbellatum,0.294498919727439,opth,3,False,mlp1,bce,msle
363,0.4288709194369571,0.003210957692089768,0.6666666666666666,0.4618149146451033,0.9980582524271845,0.6314496314496314,3.0,Orobanche.alba,0.1284815813117699,opth,3,False,mlp1,bce,msle
364,0.612534059945504,0.017253350402675456,0.6,0.522252497729337,0.9896729776247849,0.6837098692033293,15.0,Orobanche.caryophyllacea,0.12225249772933688,opth,3,False,mlp1,bce,msle
365,0.7526418786692759,0.06357502035394158,0.7142857142857143,0.736986301369863,0.992619926199262,0.8459119496855346,21.0,Oxytropis.campestris,0.4512720156555772,opth,3,False,mlp1,bce,msle
366,0.733697953422724,0.07227037295776956,0.5384615384615384,0.7596330275229358,0.9857142857142858,0.8580310880829015,26.0,Oxytropis.helvetica,0.29809456598447426,opth,3,False,mlp1,bce,msle
367,0.35233393177737876,0.0020210232994976062,0.0,0.5,0.9964221824686941,0.6658696951583981,2.0,Oxytropis.pilosa,-0.5,opth,3,False,mlp1,bce,msle
368,0.6789789789789791,0.009076913760887484,1.0,0.5297297297297298,1.0,0.6925795053003534,6.0,Papaver.rhoeas,0.5297297297297296,opth,3,False,mlp1,bce,msle
369,0.897029702970297,0.12584896584896585,0.8,0.8145814581458146,0.9988962472406181,0.8973723351512147,5.0,Paradisea.liliastrum,0.6145814581458147,opth,3,False,mlp1,bce,msle
370,0.692784090909091,0.04337317446386551,0.625,0.6209090909090909,0.9912917271407837,0.7635550586920067,16.0,Parnassia.palustris,0.24590909090909085,opth,3,False,mlp1,bce,msle
371,0.7328828828828828,0.011990463559384863,0.8333333333333334,0.4891891891891892,0.9981617647058824,0.656590084643289,6.0,Pastinaca.sativa,0.32252252252252256,opth,3,False,mlp1,bce,msle
372,0.9188379754417489,0.020926992479645322,1.0,0.3450134770889488,1.0,0.5130260521042084,3.0,Pedicularis.foliosa,0.3450134770889488,opth,3,False,mlp1,bce,msle
373,0.8776277884912982,0.2565001365572388,0.5641025641025641,0.8913649025069638,0.9825997952917093,0.934761441090555,39.0,Pedicularis.gyroflexa,0.45546746660952797,opth,3,False,mlp1,bce,msle
374,0.9059646236116824,0.12229419781230602,0.9090909090909091,0.848868778280543,0.9989350372736954,0.9178082191780822,11.0,Pedicularis.tuberosa,0.757959687371452,opth,3,False,mlp1,bce,msle
375,0.7376930063578565,0.0275312932034279,0.5333333333333333,0.7774750227066304,0.9918887601390498,0.8716904276985743,15.0,Pedicularis.verticillata,0.3108083560399637,opth,3,False,mlp1,bce,msle
376,0.6765364819860733,0.03337360272234649,0.5333333333333333,0.6267029972752044,0.9899569583931134,0.7675194660734149,15.0,Petrorhagia.prolifera,0.16003633060853772,opth,3,False,mlp1,bce,msle
377,0.8105140659785468,0.10310039561884461,0.6111111111111112,0.7622950819672131,0.9917061611374408,0.8619979402677652,18.0,Petrorhagia.saxifraga,0.3734061930783241,opth,3,False,mlp1,bce,msle
378,0.7061884817757502,0.2087500771441534,0.6407766990291263,0.7097729516288253,0.951058201058201,0.8128886376483889,103.0,Phleum.alpinum,0.3505496506579515,opth,3,False,mlp1,bce,msle
379,0.7637017070979336,0.06173557278208441,0.6666666666666666,0.6343216531895777,0.9985855728429985,0.7758241758241758,3.0,Phleum.hirsutum,0.3009883198562444,opth,3,False,mlp1,bce,msle
380,0.8525096134385751,0.14265413979984776,0.8888888888888888,0.7477231329690346,0.9975698663426489,0.8547631441957314,18.0,Phleum.phleoides,0.6366120218579234,opth,3,False,mlp1,bce,msle
381,0.7735227272727274,0.047473155378037424,0.75,0.7127272727272728,0.9949238578680203,0.8305084745762712,16.0,Phyteuma.betonicifolium,0.4627272727272729,opth,3,False,mlp1,bce,msle
382,0.8619349005424954,0.05544911404390384,0.9,0.6518987341772152,0.9986149584487535,0.7888402625820569,10.0,Phyteuma.hemisphaericum,0.5518987341772152,opth,3,False,mlp1,bce,msle
383,0.8000660470821344,0.2682125316106999,0.6341463414634146,0.7640232108317214,0.9634146341463414,0.8522114347357066,82.0,Phyteuma.orbiculare,0.39816955229513606,opth,3,False,mlp1,bce,msle
384,,-0.0,0.0,0.35125448028673834,1.0,0.519893899204244,0.0,Phyteuma.ovatum,-0.6487455197132617,opth,3,False,mlp1,bce,msle
385,0.8043339416058394,0.06010525112656214,0.55,0.833029197080292,0.9902386117136659,0.9048562933597621,20.0,Phyteuma.spicatum,0.38302919708029215,opth,3,False,mlp1,bce,msle
386,0.7610180012414649,0.11073446510672885,0.7857142857142857,0.5605214152700186,0.9852700490998363,0.714540059347181,42.0,Picris.hieracioides,0.34623570098430445,opth,3,False,mlp1,bce,msle
387,0.6884968242766408,0.04410789319835703,0.8461538461538461,0.4990825688073395,0.9927007299270073,0.6642246642246642,26.0,Pimpinella.major,0.34523641496118573,opth,3,False,mlp1,bce,msle
388,0.7359465042948787,0.09405698424358046,0.7352941176470589,0.5988909426987061,0.9863013698630136,0.7452558941920644,34.0,Pimpinella.saxifraga,0.334185060345765,opth,3,False,mlp1,bce,msle
389,0.9062388310732681,0.6197671852120452,0.8761904761904762,0.8189845474613686,0.9661458333333334,0.8864994026284349,210.0,Plantago.alpina,0.6951750236518448,opth,3,False,mlp1,bce,msle
390,0.7705069124423963,0.17050320666630547,0.7419354838709677,0.6230414746543779,0.9883040935672515,0.7642736009044658,31.0,Plantago.atrata,0.36497695852534573,opth,3,False,mlp1,bce,msle
391,0.8268540669856459,0.5059810102665097,0.9428571428571428,0.6148325358851675,0.969811320754717,0.7525622254758418,280.0,Plantago.lanceolata,0.5576896787423102,opth,3,False,mlp1,bce,msle
392,0.6815369586453923,0.05037878092108198,0.9459459459459459,0.4457831325301205,0.9958592132505176,0.615877080665813,37.0,Plantago.major,0.3917290784760663,opth,3,False,mlp1,bce,msle
393,0.7874287749287749,0.3850170635675801,0.7611111111111111,0.657051282051282,0.9346504559270516,0.7716436637390214,180.0,Plantago.media,0.418162393162393,opth,3,False,mlp1,bce,msle
394,0.8086804011659503,0.263187488221061,0.6282051282051282,0.8179190751445087,0.9669703872437357,0.8862212943632568,78.0,Plantago.maritima,0.44612420334963687,opth,3,False,mlp1,bce,msle
395,0.7113924050632912,0.03152543430213559,0.8,0.3065099457504521,0.9941348973607038,0.46855563234277814,10.0,Platanthera.bifolia,0.10650994575045214,opth,3,False,mlp1,bce,msle
396,0.8834167549596288,0.7051690055949954,0.801980198019802,0.8425584255842559,0.9194630872483222,0.8793324775353016,303.0,Poa.alpina,0.644538623604058,opth,3,False,mlp1,bce,msle
397,0.45301258992805754,0.004150523003822647,0.75,0.3732014388489209,0.9975961538461539,0.5431937172774869,4.0,Poa.annua,0.12320143884892087,opth,3,False,mlp1,bce,msle
398,0.656266846361186,0.07065827795493404,0.7142857142857143,0.5349056603773585,0.9725557461406518,0.6902008520998174,56.0,Poa.bulbosa,0.24919137466307273,opth,3,False,mlp1,bce,msle
399,0.7473914723689294,0.02334666810220294,0.2857142857142857,0.8358881875563571,0.9946351931330472,0.9083782459578638,7.0,Poa.cenisia,0.12160247327064289,opth,3,False,mlp1,bce,msle
400,0.7310367989252986,0.03341937698856486,0.7894736842105263,0.5834092980856882,0.9937888198757764,0.7352096496266514,19.0,Poa.chaixii,0.3728829822962145,opth,3,False,mlp1,bce,msle
401,0.6004520795660037,0.013272211389496053,0.6,0.5054249547920434,0.9928952042628775,0.6698621929298981,10.0,Poa.compressa,0.10542495479204339,opth,3,False,mlp1,bce,msle
402,0.4994575045207957,0.00933415289514543,0.1,0.7703435804701627,0.9895470383275261,0.8662938485002541,10.0,Poa.nemoralis,-0.1296564195298373,opth,3,False,mlp1,bce,msle
403,0.804885321207773,0.48412206045530926,0.8380566801619433,0.6386651323360184,0.9327731092436975,0.7581967213114754,247.0,Poa.pratensis,0.47672181249796175,opth,3,False,mlp1,bce,msle
404,0.5156077486700793,0.012052258286539332,0.2222222222222222,0.6964769647696477,0.9910025706940874,0.8180371352785146,9.0,Poa.supina,-0.08130081300813008,opth,3,False,mlp1,bce,msle
405,0.8201186131386862,0.05831051130396942,0.7,0.8275547445255474,0.9934282584884995,0.9029367844698856,20.0,Polygala.alpestris,0.5275547445255473,opth,3,False,mlp1,bce,msle
406,0.4406906906906907,0.006254682914174092,0.0,0.8936936936936937,0.9939879759519038,0.9411764705882353,6.0,Polygala.amarella,-0.10630630630630633,opth,3,False,mlp1,bce,msle
407,0.7754720439963336,0.15231170012026699,0.52,0.7891842346471127,0.9862542955326461,0.8767820773930753,25.0,Polygala.comosa,0.30918423464711275,opth,3,False,mlp1,bce,msle
408,0.6566401373283395,0.06066712666141537,0.75,0.5215355805243446,0.9789103690685413,0.6805131337813073,48.0,Polygala.vulgaris,0.2715355805243447,opth,3,False,mlp1,bce,msle
409,0.5947442998840654,0.008236379612897094,0.14285714285714285,0.6771866546438232,0.9920739762219286,0.804930332261522,7.0,Polygonum.aviculare,-0.179956202499034,opth,3,False,mlp1,bce,msle
410,0.7320805533451674,0.12405280436290406,0.8709677419354839,0.4971537001897533,0.9849624060150376,0.6607818411097099,62.0,Polygonum.bistorta,0.36812144212523723,opth,3,False,mlp1,bce,msle
411,0.8204360761493652,0.40094939887590975,0.8156424581005587,0.6926360725720384,0.9516129032258065,0.8017294626312539,179.0,Polygonum.viviparum,0.5082785306725972,opth,3,False,mlp1,bce,msle
412,0.3285414794848757,0.002566650107633714,0.0,0.7160826594788859,0.99625,0.8332462101411395,3.0,Polystichum.lonchitis,-0.28391734052111406,opth,3,False,mlp1,bce,msle
413,0.7712875359934184,0.02720841905388056,0.5454545454545454,0.7809954751131222,0.9942396313364056,0.8748099341104917,11.0,Potentilla.argentea,0.3264500205676675,opth,3,False,mlp1,bce,msle
414,0.7993267530096423,0.18433341026824218,0.5411764705882353,0.8215324927255092,0.9559819413092551,0.8836724047991653,85.0,Potentilla.aurea,0.36270896331374436,opth,3,False,mlp1,bce,msle
415,0.8532068617558021,0.3603771609964902,0.816,0.7628657921291625,0.9704749679075738,0.8542372881355932,125.0,Potentilla.crantzii,0.5788657921291624,opth,3,False,mlp1,bce,msle
416,0.749377430817874,0.09075615664530771,0.9393939393939394,0.4275161588180979,0.9956989247311828,0.5981912144702842,33.0,Potentilla.erecta,0.36691009821203746,opth,3,False,mlp1,bce,msle
417,0.777859555984556,0.1868430685697798,0.8,0.609073359073359,0.9752704791344667,0.7498514557338086,80.0,Potentilla.grandiflora,0.40907335907335907,opth,3,False,mlp1,bce,msle
418,0.6963681102362205,0.1552035899606232,0.4,0.7687007874015748,0.9286563614744352,0.8411416262789445,100.0,Potentilla.neumanniana,0.1687007874015749,opth,3,False,mlp1,bce,msle
419,0.6687725631768953,0.013974074933709913,0.5,0.6705776173285198,0.9946452476572959,0.801078167115903,8.0,Potentilla.pusilla,0.17057761732851984,opth,3,False,mlp1,bce,msle
420,0.6,0.010317121795749064,0.5,0.4927927927927928,0.9945454545454545,0.6590361445783133,6.0,Potentilla.recta,-0.007207207207207134,opth,3,False,mlp1,bce,msle
421,0.8177055256064689,0.20633232609675214,0.8928571428571429,0.569811320754717,0.9901639344262295,0.7233532934131737,56.0,Potentilla.reptans,0.46266846361185987,opth,3,False,mlp1,bce,msle
422,0.5657965796579658,0.007037773951934221,0.2,0.7191719171917191,0.9950186799501868,0.8349007314524556,5.0,Potentilla.rupestris,-0.0808280828082808,opth,3,False,mlp1,bce,msle
423,0.7025634419683112,0.01675607348272684,0.42857142857142855,0.7159603246167718,0.9949874686716792,0.8327215521761929,7.0,Potentilla.thuringiaca,0.14453175318820044,opth,3,False,mlp1,bce,msle
424,0.7978978978978979,0.027674585570106353,0.8333333333333334,0.7054054054054054,0.9987244897959183,0.8268215417106652,6.0,Primula.elatior,0.5387387387387388,opth,3,False,mlp1,bce,msle
425,0.8459459459459459,0.03383965748074701,1.0,0.5981981981981982,1.0,0.7485907553551296,6.0,Primula.farinosa,0.5981981981981983,opth,3,False,mlp1,bce,msle
426,0.7375142332995951,0.24523608024732765,0.7734375,0.555668016194332,0.9498269896193772,0.7011494252873564,128.0,Primula.veris,0.3291055161943319,opth,3,False,mlp1,bce,msle
427,0.7952770208900999,0.049232639440138705,0.8,0.6857402361489555,0.996042216358839,0.8122646584185046,15.0,Prunella.grandiflora,0.48574023614895556,opth,3,False,mlp1,bce,msle
428,0.7338605133523464,0.026273894800408912,0.8571428571428571,0.6025408348457351,0.996996996996997,0.751131221719457,14.0,Prunella.laciniata,0.45968369198859227,opth,3,False,mlp1,bce,msle
429,0.7303956717293527,0.09806637472759266,0.8103448275862069,0.5472589792060492,0.9813559322033898,0.7026699029126213,58.0,Prunella.vulgaris,0.357603806792256,opth,3,False,mlp1,bce,msle
430,0.6310348288668072,0.011228483152331865,0.0,0.9132791327913279,0.9911764705882353,0.9506346967559943,9.0,Prunus.spinosa,-0.08672086720867211,opth,3,False,mlp1,bce,msle
431,0.7356643356643356,0.02929734288352567,0.7272727272727273,0.6678733031674208,0.9959514170040485,0.7995666305525461,11.0,Veronica.spicata,0.3951460304401482,opth,3,False,mlp1,bce,msle
432,0.7955997422443156,0.2252915775174559,0.6274509803921569,0.8,0.9781859931113662,0.8801652892561983,51.0,Pulsatilla.alpina,0.4274509803921569,opth,3,False,mlp1,bce,msle
433,0.9255255255255256,0.18382088412239167,0.8333333333333334,0.8639639639639639,0.9989583333333333,0.9265700483091788,6.0,Pulsatilla.halleri,0.6972972972972973,opth,3,False,mlp1,bce,msle
434,0.8893907457593093,0.05558745462498766,0.5555555555555556,0.8852755194218609,0.9959349593495935,0.937350549976088,9.0,Pulsatilla.vernalis,0.44083107497741647,opth,3,False,mlp1,bce,msle
435,0.616681654676259,0.005608787060787353,0.75,0.5314748201438849,0.9983108108108109,0.6936619718309859,4.0,Ranunculus.aconitifolius,0.28147482014388503,opth,3,False,mlp1,bce,msle
436,0.8296592522218479,0.4673193044078257,0.7969543147208121,0.7181719260065288,0.9428571428571428,0.8153180975911056,197.0,Ranunculus.acris,0.5151262407273409,opth,3,False,mlp1,bce,msle
437,0.7914711477488903,0.30578706110499376,0.8493975903614458,0.6126315789473684,0.9588138385502472,0.7475915221579962,166.0,Ranunculus.bulbosus,0.4620291693088143,opth,3,False,mlp1,bce,msle
438,0.8613937910601571,0.026129710032588134,0.8571428571428571,0.7403065825067628,0.9987834549878345,0.8503366131538063,7.0,Ranunculus.glacialis,0.5974494396496199,opth,3,False,mlp1,bce,msle
439,0.7960396039603961,0.014708522615614747,0.8,0.5553555355535553,0.9983818770226537,0.7137073452862926,5.0,Ranunculus.gramineus,0.35535553555355537,opth,3,False,mlp1,bce,msle
440,0.8534971644612477,0.1965816212391472,0.8103448275862069,0.7429111531190926,0.986198243412798,0.8474393530997305,58.0,Ranunculus.kuepferi,0.5532559807052995,opth,3,False,mlp1,bce,msle
441,0.6977402485246845,0.07155622977681846,0.5789473684210527,0.7201458523245214,0.9899749373433584,0.8337730870712401,19.0,Ranunculus.montanus,0.2990932207455741,opth,3,False,mlp1,bce,msle
442,0.6819012797074954,0.040692084843843804,0.6818181818181818,0.593235831809872,0.989329268292683,0.7417142857142857,22.0,Ranunculus.serpens,0.2750540136280537,opth,3,False,mlp1,bce,msle
443,0.9020483679133078,0.4213044112367042,0.8,0.8140610545790934,0.992108229988726,0.8943089430894309,35.0,Ranunculus.repens,0.6140610545790934,opth,3,False,mlp1,bce,msle
444,0.5393339333933393,0.0060536487948861266,0.4,0.7695769576957696,0.9965034965034965,0.8684611477907568,5.0,Reseda.lutea,0.16957695769576953,opth,3,False,mlp1,bce,msle
445,0.7984006550218341,0.4421764690568074,0.815,0.6320960698689956,0.939935064935065,0.7558746736292428,200.0,Rhinanthus.alectorolophus,0.44709606986899564,opth,3,False,mlp1,bce,msle
446,0.6433063791554358,0.004861817641603717,1.0,0.41868823000898475,1.0,0.5902469917669411,3.0,Rhinanthus.glacialis,0.4186882300089847,opth,3,False,mlp1,bce,msle
447,0.6623814690758125,0.10803717157024495,0.6707317073170732,0.5667311411992263,0.9559543230016313,0.7115968427443837,82.0,Rhinanthus.minor,0.2374628485162995,opth,3,False,mlp1,bce,msle
448,0.5617673579801624,0.008758059936847803,0.2857142857142857,0.7565374211000901,0.9940758293838863,0.8591909882232462,7.0,Rhododendron.ferrugineum,0.042251706814375734,opth,3,False,mlp1,bce,msle
449,0.7988594554819721,0.46027985668107807,0.8333333333333334,0.6611479028697572,0.944794952681388,0.7779220779220779,210.0,Rumex.acetosa,0.4944812362030906,opth,3,False,mlp1,bce,msle
450,0.5924941664506093,0.017471038259340106,0.7857142857142857,0.39201451905626133,0.993103448275862,0.5621340273259596,14.0,Rumex.acetosella,0.17772880477054698,opth,3,False,mlp1,bce,msle
451,0.7628348214285714,0.09479649428467615,0.5,0.7518382352941176,0.9831730769230769,0.8520833333333333,28.0,Rumex.crispus,0.25183823529411775,opth,3,False,mlp1,bce,msle
452,0.8368437118437118,0.11955241253876578,0.8333333333333334,0.7252747252747253,0.9949748743718593,0.8389830508474576,24.0,Rumex.obtusifolius,0.5586080586080586,opth,3,False,mlp1,bce,msle
453,0.6590459045904591,0.010350329575090836,0.2,0.9171917191719172,0.9960899315738025,0.9550140581068416,5.0,Rumex.scutatus,0.11719171917191717,opth,3,False,mlp1,bce,msle
454,0.9322900391235329,0.4043446683019845,0.8961038961038961,0.8257940327237728,0.9907621247113164,0.9007874015748032,77.0,Salix.herbacea,0.7218979288276688,opth,3,False,mlp1,bce,msle
455,0.8588649557465977,0.20153670542303467,0.7241379310344828,0.7690892364305428,0.990521327014218,0.865872604867944,29.0,Salix.reticulata,0.4932271674650255,opth,3,False,mlp1,bce,msle
456,0.8638708178438661,0.162687387657563,0.875,0.7723048327137546,0.9940191387559809,0.8692468619246861,40.0,Salix.retusa,0.6473048327137545,opth,3,False,mlp1,bce,msle
457,0.9271025168815225,0.29569102844867495,0.9333333333333333,0.8121546961325967,0.997737556561086,0.8954314720812183,30.0,Salix.serpyllifolia,0.7454880294659301,opth,3,False,mlp1,bce,msle
458,0.8342456037371291,0.46457488839815353,0.8831168831168831,0.6644067796610169,0.9560975609756097,0.784,231.0,Salvia.pratensis,0.5475236627779001,opth,3,False,mlp1,bce,msle
459,0.7548353909465021,0.34397755197146923,0.7268518518518519,0.6577777777777778,0.9093701996927803,0.7633784655061251,216.0,Sanguisorba.minor,0.38462962962962965,opth,3,False,mlp1,bce,msle
460,0.7458510422991297,0.0315585318850324,0.8888888888888888,0.558287795992714,0.9967479674796748,0.7157034442498541,18.0,Sanguisorba.officinalis,0.4471766848816028,opth,3,False,mlp1,bce,msle
461,0.5849444672974085,0.013949629752267816,0.45454545454545453,0.6063348416289592,0.9911242603550295,0.7523862998315554,11.0,Saponaria.ocymoides,0.060880296174413706,opth,3,False,mlp1,bce,msle
462,0.7520795660036166,0.027313424875951398,0.6,0.7585895117540687,0.9952550415183867,0.8609543355566958,10.0,Saxifraga.aizoides,0.3585895117540687,opth,3,False,mlp1,bce,msle
463,0.5840348247232472,0.04940746607379097,0.34375,0.75,0.9748201438848921,0.8477580813347236,32.0,Saxifraga.granulata,0.09375,opth,3,False,mlp1,bce,msle
464,0.8809077771235883,0.10293798988388089,0.8235294117647058,0.7752502274795269,0.9964912280701754,0.872057318321392,17.0,Saxifraga.oppositifolia,0.5987796392442326,opth,3,False,mlp1,bce,msle
465,0.8009544558564167,0.11715313276139291,0.5333333333333333,0.8356676003734828,0.9770742358078602,0.9008555611474585,45.0,Saxifraga.paniculata,0.3690009337068161,opth,3,False,mlp1,bce,msle
466,0.7298592392932015,0.007998253724749452,0.3333333333333333,0.7250673854447439,0.9975278121137207,0.8397502601456815,3.0,Saxifraga.tridactylites,0.05840071877807729,opth,3,False,mlp1,bce,msle
467,0.6825681894713211,0.1054744844029954,0.5932203389830508,0.6158940397350994,0.9644444444444444,0.7517321016166282,59.0,Scabiosa.columbaria,0.2091143787181502,opth,3,False,mlp1,bce,msle
468,0.8307202237588378,0.24217630178019545,0.7704918032786885,0.7459715639810427,0.982521847690387,0.8480603448275862,61.0,Scabiosa.lucida,0.5164633672597312,opth,3,False,mlp1,bce,msle
469,0.6373651079136691,0.006111496726006408,0.75,0.5422661870503597,0.9983443708609272,0.7027972027972028,4.0,Scabiosa.triandra,0.2922661870503598,opth,3,False,mlp1,bce,msle
470,0.9731773177317732,0.1368056703898017,1.0,0.8145814581458146,1.0,0.8978174603174603,5.0,Scorzonera.humilis,0.8145814581458146,opth,3,False,mlp1,bce,msle
471,0.6978790613718412,0.013893949946177953,0.75,0.5938628158844765,0.996969696969697,0.744343891402715,8.0,Scorzonera.laciniata,0.34386281588447654,opth,3,False,mlp1,bce,msle
472,0.8395718745354541,0.09930522079332586,0.7419354838709677,0.7741935483870968,0.9905660377358491,0.8691153647180548,31.0,Scutellaria.alpina,0.5161290322580645,opth,3,False,mlp1,bce,msle
473,0.7465091299677765,0.08875265723129679,0.42105263157894735,0.8144712430426716,0.9755555555555555,0.8877654196157735,38.0,Securigera.varia,0.23552387462161883,opth,3,False,mlp1,bce,msle
474,0.6048370775146732,0.024109585319530502,0.4444444444444444,0.6894353369763205,0.9869621903520208,0.8117962466487936,18.0,Sedum.acre,0.13387978142076484,opth,3,False,mlp1,bce,msle
475,0.6825037074344554,0.06566788527803813,0.42424242424242425,0.8116343490304709,0.9788418708240535,0.8874305906108026,33.0,Sedum.album,0.23587677327289525,opth,3,False,mlp1,bce,msle
476,0.8129528985507246,0.04265578380441847,0.5,0.822463768115942,0.9934354485776805,0.8999008919722498,12.0,Sedum.atratum,0.3224637681159419,opth,3,False,mlp1,bce,msle
477,0.7341204965183167,0.02715143512885318,0.3333333333333333,0.8038147138964578,0.9888268156424581,0.8867735470941884,15.0,Sedum.montanum,0.13714804722979101,opth,3,False,mlp1,bce,msle
478,0.6380260369361187,0.030428747589215384,0.3333333333333333,0.7665758401453224,0.9882903981264637,0.8634271099744245,15.0,Sedum.rupestre,0.09990917347865569,opth,3,False,mlp1,bce,msle
479,0.6033453887884268,0.013501820464068413,0.8,0.47920433996383366,0.9962406015037594,0.6471306471306472,10.0,Sedum.sexangulare,0.27920433996383376,opth,3,False,mlp1,bce,msle
480,0.8690150032615787,0.19596837001178194,0.6666666666666666,0.8292237442922374,0.9923497267759562,0.9034825870646767,21.0,Selaginella.selaginoides,0.49589041095890396,opth,3,False,mlp1,bce,msle
481,0.8369785898855666,0.2534892714210415,0.75,0.7819767441860465,0.9746376811594203,0.867741935483871,84.0,Sempervivum.arachnoideum,0.5319767441860463,opth,3,False,mlp1,bce,msle
482,0.8764635919122507,0.18630471638347226,0.7714285714285715,0.8085106382978723,0.9909297052154195,0.8904737646459501,35.0,Sempervivum.montanum,0.5799392097264437,opth,3,False,mlp1,bce,msle
483,0.8480451910212576,0.14283327609228852,0.8064516129032258,0.7483870967741936,0.9926650366748166,0.8533893851812927,31.0,Sempervivum.tectorum,0.5548387096774192,opth,3,False,mlp1,bce,msle
484,0.8357755701061187,0.3125257020633773,0.7558139534883721,0.7961165048543689,0.9750297265160524,0.8765366114377339,86.0,Senecio.doronicum,0.5519304583427411,opth,3,False,mlp1,bce,msle
485,0.7619263285024155,0.1313232029288478,0.6666666666666666,0.654891304347826,0.9944979367262724,0.7897323866739486,12.0,Senecio.erucifolius,0.3215579710144927,opth,3,False,mlp1,bce,msle
486,0.883799130793389,0.10462694779642455,1.0,0.718491260349586,1.0,0.8361884368308351,29.0,Senecio.incanus,0.7184912603495861,opth,3,False,mlp1,bce,msle
487,0.8390640410842432,0.13305961795130974,0.9259259259259259,0.588613406795225,0.9968895800933126,0.7401847575057737,27.0,Senecio.jacobaea,0.5145393327211509,opth,3,False,mlp1,bce,msle
488,0.76711174487944,0.0735483300919706,1.0,0.42558983666061706,1.0,0.5970719287078294,14.0,Serratula.tinctoria,0.425589836660617,opth,3,False,mlp1,bce,msle
489,0.6502640731675898,0.023205402028741245,0.42857142857142855,0.8232642019837692,0.9956379498364231,0.9012833168805529,7.0,Seseli.annuum,0.25183563055519764,opth,3,False,mlp1,bce,msle
490,0.8268151772904283,0.4131897489402449,0.8292682926829268,0.7027310924369747,0.9598278335724534,0.8114008489993936,164.0,Sesleria.caerulea,0.5319993851199016,opth,3,False,mlp1,bce,msle
491,0.7334716100596318,0.03944523268688268,0.8571428571428571,0.4618874773139746,0.9960861056751468,0.6311221326720396,14.0,Sherardia.arvensis,0.3190303344568317,opth,3,False,mlp1,bce,msle
492,0.7164936823104693,0.0398780497236514,0.5,0.8537906137184116,0.9957894736842106,0.9193391642371235,8.0,Sideritis.hyssopifolia,0.3537906137184117,opth,3,False,mlp1,bce,msle
493,0.8263232180663374,0.1207751255508843,0.6923076923076923,0.8036697247706422,0.9909502262443439,0.8875379939209727,26.0,Silaum.silaus,0.4959774170783344,opth,3,False,mlp1,bce,msle
494,0.8901926351638996,0.3587385055930639,0.8888888888888888,0.7883141762452107,0.9903730445246691,0.8778666666666667,72.0,Silene.acaulis,0.6772030651340994,opth,3,False,mlp1,bce,msle
495,0.7964623611682435,0.031897836571894836,0.7272727272727273,0.6597285067873303,0.9959016393442623,0.793685356559608,11.0,Silene.dioica,0.3870012340600577,opth,3,False,mlp1,bce,msle
496,0.9147614092463208,0.2303049753906325,0.967741935483871,0.7327188940092166,0.9987437185929648,0.8452950558213717,31.0,Silene.flos.cuculi,0.7004608294930876,opth,3,False,mlp1,bce,msle
497,0.5544064748201438,0.00560224512344832,0.5,0.6807553956834532,0.997364953886693,0.809192944949225,4.0,Silene.flos.jovis,0.1807553956834531,opth,3,False,mlp1,bce,msle
498,0.7981315387396635,0.25657307002219726,0.7831325301204819,0.6311713455953534,0.9731343283582089,0.7657075748678802,83.0,Silene.nutans,0.41430387571583527,opth,3,False,mlp1,bce,msle
499,0.7936679408343028,0.08092016978594899,0.6363636363636364,0.773308957952468,0.990632318501171,0.8685831622176592,22.0,Silene.otites,0.40967259431610437,opth,3,False,mlp1,bce,msle
500,0.6686847868092233,0.010863242501227026,0.2857142857142857,0.7989179440937781,0.9943883277216611,0.886,7.0,Silene.rupestris,0.08463222980806373,opth,3,False,mlp1,bce,msle
501,0.769591634873534,0.26298859556876364,0.8,0.5667655786350149,0.9646464646464646,0.7140186915887851,105.0,Silene.vulgaris,0.366765578635015,opth,3,False,mlp1,bce,msle
502,0.49012567324955114,0.002570513449030951,0.0,0.8132854578096947,0.9977973568281938,0.8961424332344213,2.0,Sinapis.arvensis,-0.18671454219030525,opth,3,False,mlp1,bce,msle
503,0.84772806104752,0.2975902460922695,0.6881720430107527,0.7898338220918866,0.965352449223417,0.8688172043010752,93.0,Soldanella.alpina,0.4780058651026393,opth,3,False,mlp1,bce,msle
504,0.747085201793722,0.0035335689045936395,0.0,0.967713004484305,0.9990740740740741,0.9831435079726651,1.0,Solidago.gigantea,-0.03228699551569503,opth,3,False,mlp1,bce,msle
505,0.8429697525206233,0.09933347941378018,0.76,0.7919340054995417,0.993103448275862,0.8811830698623151,25.0,Solidago.virgaurea,0.5519340054995419,opth,3,False,mlp1,bce,msle
506,0.6838757949869061,0.0370374005164401,0.9259259259259259,0.48943985307621674,0.9962616822429906,0.6564039408866995,27.0,Stachys.officinalis,0.4153657790021428,opth,3,False,mlp1,bce,msle
507,0.8125340599455041,0.08155310339994346,0.7333333333333333,0.7484105358764759,0.9951690821256038,0.8543286677034733,15.0,Stachys.pradica,0.4817438692098093,opth,3,False,mlp1,bce,msle
508,0.7293001549260754,0.09972960008812118,0.6326530612244898,0.6682286785379569,0.9753761969904241,0.7931034482758621,49.0,Stachys.recta,0.3008817397624468,opth,3,False,mlp1,bce,msle
509,0.7712297488311406,0.09628630524470513,0.6176470588235294,0.7504621072088724,0.9842424242424243,0.8515993707393812,34.0,Stellaria.graminea,0.36810916603240185,opth,3,False,mlp1,bce,msle
510,0.6709826357522835,0.018324785699746597,0.6666666666666666,0.47696476964769646,0.9943502824858758,0.6446886446886447,9.0,Stipa.capillata,0.14363143631436315,opth,3,False,mlp1,bce,msle
511,0.8442270058708414,0.09900915335231193,0.5714285714285714,0.8867579908675799,0.9908163265306122,0.9359036144578313,21.0,Stipa.eriocaulis,0.4581865622961514,opth,3,False,mlp1,bce,msle
512,0.7700091659028415,0.0736783704501346,0.48,0.8597616865261228,0.9863301787592008,0.9187071498530852,25.0,Succisa.pratensis,0.3397616865261228,opth,3,False,mlp1,bce,msle
513,,-0.0,0.0,0.921146953405018,1.0,0.9589552238805971,0.0,Symphytum.officinale,-0.07885304659498205,opth,3,False,mlp1,bce,msle
514,0.8772130647130647,0.15167896455266677,0.9166666666666666,0.7756410256410257,0.9976442873969376,0.872746007212777,24.0,Taraxacum.alpinum,0.6923076923076923,opth,3,False,mlp1,bce,msle
515,0.8046536263303113,0.37244473520894317,0.8372093023255814,0.6207627118644068,0.9543973941368078,0.7522464698331194,172.0,Taraxacum.officinale,0.4579720141899881,opth,3,False,mlp1,bce,msle
516,0.2084456424079065,0.0021799723008334654,0.0,0.8481581311769991,0.996832101372756,0.916504854368932,3.0,Tephroseris.integrifolia,-0.15184186882300088,opth,3,False,mlp1,bce,msle
517,0.190134529147982,0.0011061946902654867,0.0,0.7192825112107624,0.9987546699875467,0.8362877997914494,1.0,Teucrium.botrys,-0.28071748878923763,opth,3,False,mlp1,bce,msle
518,0.8080269435868651,0.34418401571110335,0.7755102040816326,0.6601178781925344,0.968299711815562,0.7850467289719626,98.0,Teucrium.chamaedrys,0.43562808227416694,opth,3,False,mlp1,bce,msle
519,0.7662746134531518,0.08317336344296662,0.6,0.8029602220166513,0.9841269841269841,0.8843606724401426,35.0,Teucrium.montanum,0.40296022201665127,opth,3,False,mlp1,bce,msle
520,0.8301801801801801,0.033553325162914205,1.0,0.5981981981981982,1.0,0.7485907553551296,6.0,Thalictrum.alpinum,0.5981981981981983,opth,3,False,mlp1,bce,msle
521,0.6731115107913669,0.006856047817607802,0.25,0.7571942446043165,0.9964497041420118,0.8605007664793051,4.0,Thalictrum.aquilegiifolium,0.007194244604316502,opth,3,False,mlp1,bce,msle
522,0.6518373559469449,0.04008762199878698,0.5714285714285714,0.6073059360730594,0.9866468842729971,0.7518371961560204,21.0,Thalictrum.minus,0.1787345075016309,opth,3,False,mlp1,bce,msle
523,0.720972097209721,0.012209924598803823,0.6,0.549054905490549,0.9967320261437909,0.7080673244341266,5.0,Thalictrum.simplex,0.149054905490549,opth,3,False,mlp1,bce,msle
524,0.8240523264456667,0.09182595525714243,0.6451612903225806,0.8359447004608295,0.9880174291938998,0.9056415376934598,31.0,Thesium.alpinum,0.4811059907834101,opth,3,False,mlp1,bce,msle
525,0.6445750452079566,0.019518459234930573,0.5,0.6971066907775768,0.9935567010309279,0.8193411264612115,10.0,Thesium.linophyllon,0.1971066907775767,opth,3,False,mlp1,bce,msle
526,0.6646914852505474,0.046081061735752694,0.42857142857142855,0.69702434625789,0.9948519948519948,0.8197242841993637,7.0,Thesium.pyrenaicum,0.1255957748293186,opth,3,False,mlp1,bce,msle
527,0.45818345323741005,0.0057573915437277665,0.25,0.8255395683453237,0.996742671009772,0.9030988686669946,4.0,Tofieldia.calyculata,0.07553956834532372,opth,3,False,mlp1,bce,msle
528,0.8004520795660036,0.06624150009902001,0.9,0.6021699819168174,0.9985007496251874,0.751269035532995,10.0,Tragopogon.dubius,0.5021699819168175,opth,3,False,mlp1,bce,msle
529,0.8354059109614664,0.5006753435113119,0.8355555555555556,0.696969696969697,0.9437689969604863,0.8018076178179471,225.0,Tragopogon.pratensis,0.5325252525252526,opth,3,False,mlp1,bce,msle
530,0.8808011407829919,0.10491470171473234,0.8571428571428571,0.6833030852994555,0.9973509933774835,0.8109854604200323,14.0,Traunsteinera.globosa,0.5404459424423127,opth,3,False,mlp1,bce,msle
531,0.7037543007488363,0.035793834854720805,0.6111111111111112,0.6730418943533698,0.9906166219839142,0.8015184381778742,18.0,Trifolium.alpestre,0.28415300546448097,opth,3,False,mlp1,bce,msle
532,0.8266781229744192,0.15713476953709454,0.8095238095238095,0.7331433998100665,0.9846938775510204,0.8405008165487208,63.0,Trifolium.alpinum,0.542667209333876,opth,3,False,mlp1,bce,msle
533,0.596908844765343,0.02726162509776688,0.5,0.6254512635379061,0.994261119081779,0.7678670360110803,8.0,Trifolium.arvense,0.12545126353790614,opth,3,False,mlp1,bce,msle
534,0.7911791179117912,0.012987927339714059,1.0,0.4383438343834383,1.0,0.609511889862328,5.0,Trifolium.aureum,0.43834383438343827,opth,3,False,mlp1,bce,msle
535,0.7047506313131313,0.10731281341576963,0.6,0.6534090909090909,0.9663865546218487,0.7796610169491526,60.0,Trifolium.badium,0.2534090909090909,opth,3,False,mlp1,bce,msle
536,0.7321103238866397,0.1868745362557453,0.7368421052631579,0.6086538461538461,0.9693721286370597,0.7477849970466627,76.0,Trifolium.campestre,0.34549595141700395,opth,3,False,mlp1,bce,msle
537,0.7458563535911602,0.09376760681928663,0.7333333333333333,0.639963167587477,0.9886201991465149,0.7769703745108999,30.0,Trifolium.dubium,0.37329650092081024,opth,3,False,mlp1,bce,msle
538,0.6751131221719457,0.015306154650557603,0.9090909090909091,0.4606334841628959,0.9980392156862745,0.6303405572755418,11.0,Trifolium.medium,0.369724393253805,opth,3,False,mlp1,bce,msle
539,0.7840139768508407,0.40191470367280974,0.7039473684210527,0.7085062240663901,0.9381868131868132,0.8073286052009456,152.0,Trifolium.montanum,0.41245359248744284,opth,3,False,mlp1,bce,msle
540,0.666160696215341,0.025664076219821825,0.8333333333333334,0.48360655737704916,0.9943820224719101,0.6507352941176471,18.0,Trifolium.ochroleucon,0.3169398907103824,opth,3,False,mlp1,bce,msle
541,0.7286082197311315,0.6415117147198517,0.742393509127789,0.5874799357945425,0.742393509127789,0.6559139784946236,493.0,Trifolium.pratense,0.3298734449223315,opth,3,False,mlp1,bce,msle
542,0.7261278156536876,0.323028180594487,0.7663551401869159,0.582039911308204,0.9130434782608695,0.7109004739336493,214.0,Trifolium.repens,0.34839505149511973,opth,3,False,mlp1,bce,msle
543,0.5231225041865258,0.007016020409684198,0.2857142857142857,0.6564472497745717,0.9931787175989086,0.7904451682953312,7.0,Trifolium.rubens,-0.05783846451114261,opth,3,False,mlp1,bce,msle
544,0.47666068222621183,0.002507413221698936,0.0,0.774685816876122,0.9976878612716763,0.8721576553815058,2.0,Trifolium.scabrum,-0.22531418312387796,opth,3,False,mlp1,bce,msle
545,0.6508543165467626,0.009911388353822359,0.75,0.48201438848920863,0.9981378026070763,0.6500909642207399,4.0,Trifolium.striatum,0.23201438848920874,opth,3,False,mlp1,bce,msle
546,0.8701874292912211,0.3057537699767901,0.8313253012048193,0.7841239109390126,0.9830097087378641,0.8723747980613893,83.0,Trifolium.thalii,0.6154492121438317,opth,3,False,mlp1,bce,msle
547,0.7502762430939226,0.16494881736589073,0.5666666666666667,0.7955801104972375,0.9851767388825542,0.8802852776362711,30.0,Trinia.glauca,0.3622467771639042,opth,3,False,mlp1,bce,msle
548,0.784873188405797,0.1494855054620798,1.0,0.48097826086956524,1.0,0.6495412844036698,12.0,Trisetum.distichophyllum,0.4809782608695652,opth,3,False,mlp1,bce,msle
549,0.7873824282797284,0.5635053404311368,0.6996699669966997,0.7232472324723247,0.865979381443299,0.7882037533512064,303.0,Trisetum.flavescens,0.4229171994690244,opth,3,False,mlp1,bce,msle
550,0.7649045056452464,0.14470590366648112,0.8888888888888888,0.49002849002849,0.9866156787762906,0.6548223350253807,63.0,Trollius.europaeus,0.37891737891737876,opth,3,False,mlp1,bce,msle
551,0.7524752475247525,0.026951877500643043,1.0,0.33933393339333934,1.0,0.5067204301075269,5.0,Turritis.glabra,0.3393339333933394,opth,3,False,mlp1,bce,msle
552,0.6677215189873418,0.02081923338159167,0.7,0.5650994575045208,0.9952229299363057,0.720876585928489,10.0,Tussilago.farfara,0.2650994575045207,opth,3,False,mlp1,bce,msle
553,0.6149478158804683,0.0417530678904852,0.27586206896551724,0.8224471021159153,0.9770491803278688,0.8931068931068931,29.0,Urtica.dioica,0.09830917108143256,opth,3,False,mlp1,bce,msle
554,0.6764264264264264,0.09851231750094018,0.5,0.7396396396396396,0.9963592233009708,0.8490175801447777,6.0,Valeriana.dioica,0.23963963963963963,opth,3,False,mlp1,bce,msle
555,0.6646684831970936,0.030244483618886334,0.5333333333333333,0.8138056312443234,0.9922480620155039,0.8942115768463074,15.0,Valeriana.montana,0.3471389645776566,opth,3,False,mlp1,bce,msle
556,0.7188229193673841,0.03366396481231401,0.6428571428571429,0.5989110707803993,0.9924812030075187,0.7470288624787776,14.0,Valeriana.officinalis,0.2417682136375423,opth,3,False,mlp1,bce,msle
557,0.5982820976491863,0.011636069824316118,0.4,0.6546112115732369,0.9917808219178083,0.7886710239651417,10.0,Valerianella.dentata,0.054611211573236895,opth,3,False,mlp1,bce,msle
558,0.7123221313957009,0.049311367912756136,0.6666666666666666,0.6494096276112625,0.9930555555555556,0.785282811641955,15.0,Valerianella.locusta,0.31607629427792916,opth,3,False,mlp1,bce,msle
559,0.750492789708476,0.10395315417648596,0.5111111111111111,0.8216619981325863,0.975609756097561,0.8920425747592499,45.0,Veratrum.album,0.3327731092436974,opth,3,False,mlp1,bce,msle
560,0.7183850364963504,0.049590148573724444,0.65,0.5912408759124088,0.9893129770992366,0.7401484865790977,20.0,Verbascum.lychnitis,0.24124087591240873,opth,3,False,mlp1,bce,msle
561,0.673987398739874,0.00892101433656144,0.8,0.5013501350135013,0.9982078853046595,0.6674655482324745,5.0,Verbascum.nigrum,0.3013501350135015,opth,3,False,mlp1,bce,msle
562,0.6894689468946895,0.016589864022822927,0.8,0.43384338433843384,0.9979296066252588,0.6047678795483061,5.0,Verbascum.thapsus,0.23384338433843377,opth,3,False,mlp1,bce,msle
563,0.7283950617283951,0.020269014584893556,0.5555555555555556,0.7037037037037037,0.9948914431673053,0.8243386243386244,9.0,Verbena.officinalis,0.2592592592592593,opth,3,False,mlp1,bce,msle
564,0.886915604128719,0.10831324936246356,0.6111111111111112,0.860655737704918,0.9926470588235294,0.9219512195121952,18.0,Veronica.aphylla,0.47176684881602915,opth,3,False,mlp1,bce,msle
565,0.7596184506618806,0.21334453997826328,0.7431192660550459,0.6415094339622641,0.9584569732937686,0.7685901249256395,109.0,Veronica.arvensis,0.3846287000173101,opth,3,False,mlp1,bce,msle
566,0.8139598540145985,0.05403417019263464,0.3,0.8585766423357665,0.9853403141361257,0.9176011701608972,20.0,Veronica.bellidioides,0.1585766423357664,opth,3,False,mlp1,bce,msle
567,0.8103239072645257,0.24070084277781423,0.9158878504672897,0.5738354806739346,0.9846938775510204,0.7251095804633688,107.0,Veronica.chamaedrys,0.48972333114122435,opth,3,False,mlp1,bce,msle
568,0.7779801659583081,0.040124250992686405,0.9444444444444444,0.5765027322404371,0.998422712933754,0.73094688221709,18.0,Veronica.fruticans,0.5209471766848814,opth,3,False,mlp1,bce,msle
569,0.6888489208633093,0.01067129184558525,0.5,0.737410071942446,0.9975669099756691,0.8479834539813857,4.0,Veronica.fruticulosa,0.2374100719424459,opth,3,False,mlp1,bce,msle
570,0.8115434438420573,0.08693703272328848,0.8421052631578947,0.6463081130355515,0.9957865168539326,0.7838584853510226,19.0,Veronica.officinalis,0.48841337619344616,opth,3,False,mlp1,bce,msle
571,0.7323770272440187,0.029145756427919438,0.8823529411764706,0.6123748862602366,0.997037037037037,0.7587373167981961,17.0,Veronica.persica,0.4947278274367073,opth,3,False,mlp1,bce,msle
572,0.518156120895847,0.01945426973873378,0.6190476190476191,0.3643835616438356,0.9803439803439803,0.5312916111850865,21.0,Veronica.serpyllifolia,-0.01656881930854537,opth,3,False,mlp1,bce,msle
573,0.790637990240376,0.23298563997293117,0.9,0.5894632206759444,0.9817880794701986,0.7366459627329193,110.0,Vicia.cracca,0.4894632206759444,opth,3,False,mlp1,bce,msle
574,0.8516981630765165,0.1928742209570841,0.6,0.8704902867715079,0.9853403141361257,0.9243614931237721,35.0,Vicia.hirsuta,0.4704902867715077,opth,3,False,mlp1,bce,msle
575,0.712748643761302,0.02552699809747861,0.2,0.9023508137432188,0.9920477137176938,0.9450757575757576,10.0,Vicia.onobrychioides,0.10235081374321875,opth,3,False,mlp1,bce,msle
576,0.7924162793728011,0.3052746833938364,0.6086956521739131,0.8011988011988012,0.9468713105076741,0.8679653679653679,115.0,Vicia.sativa,0.40989445337271424,opth,3,False,mlp1,bce,msle
577,0.7221707818930041,0.061473118018256424,0.4166666666666667,0.7648148148148148,0.9752066115702479,0.8572911261027504,36.0,Vicia.sepium,0.18148148148148158,opth,3,False,mlp1,bce,msle
578,0.40371368673255464,0.002968040879481148,1.0,0.22731356693620844,1.0,0.37042459736456806,3.0,Vicia.tetrasperma,0.22731356693620852,opth,3,False,mlp1,bce,msle
579,0.7783227369058432,0.04512051750304017,0.7333333333333333,0.6802906448683016,0.9946879150066401,0.807982740021575,15.0,Vincetoxicum.hirundinaria,0.4136239782016349,opth,3,False,mlp1,bce,msle
580,0.5179533213644524,0.0032853676316393883,0.5,0.4452423698384201,0.9979879275653923,0.6157666045934203,2.0,Viola.arvensis,-0.05475763016157997,opth,3,False,mlp1,bce,msle
581,0.7747302158273381,0.024791902838883002,0.0,0.9685251798561151,0.996299722479186,0.9822161422708618,4.0,Viola.biflora,-0.03147482014388492,opth,3,False,mlp1,bce,msle
582,0.8351663064476025,0.13806659449579028,0.8367346938775511,0.7085285848172446,0.9895287958115183,0.8257782632441288,49.0,Viola.calcarata,0.5452632786947955,opth,3,False,mlp1,bce,msle
583,0.6648203014298596,0.011909856634698363,0.5714285714285714,0.6005410279531109,0.9955156950672646,0.749156355455568,7.0,Viola.hirta,0.17196959938168233,opth,3,False,mlp1,bce,msle
584,0.45112107623318387,0.0016313213703099511,0.0,0.5560538116591929,0.998389694041868,0.7142857142857143,1.0,Viola.rupestris,-0.4439461883408071,opth,3,False,mlp1,bce,msle
585,0.41247755834829447,0.002221426867096158,0.5,0.3850987432675045,0.9976744186046511,0.555699481865285,2.0,Vulpia.myuros,-0.11490125673249552,opth,3,False,mlp1,bce,msle
586,0.6861335729260257,0.009433474549753618,0.6666666666666666,0.7457322551662174,0.9987966305655837,0.8539094650205762,3.0,Athamanta.cretensis,0.41239892183288407,opth,3,False,mlp1,bce,msle
587,0.6912691269126914,0.010260535346595993,0.8,0.5958595859585959,0.9984917043740573,0.7463359639233371,5.0,Bupleurum.baldense,0.39585958595859605,opth,3,False,mlp1,bce,msle
588,0.6819419237749546,0.02885988359706715,0.7142857142857143,0.5108892921960072,0.9929453262786596,0.6746554823247454,14.0,Imperatoria.ostruthium,0.2251750064817215,opth,3,False,mlp1,bce,msle
589,0.8063403689546286,0.10940665569239459,0.5,0.8354661791590493,0.9881081081081081,0.9053987122337791,22.0,Laserpitium.gallicum,0.3354661791590492,opth,3,False,mlp1,bce,msle
590,0.9497757847533632,0.017543859649122806,1.0,0.8816143497757848,1.0,0.9370829361296473,1.0,Oenanthe.silaifolia,0.8816143497757847,opth,3,False,mlp1,bce,msle
591,0.8520525946000201,0.04706381341256889,0.8888888888888888,0.7524841915085817,0.9988009592326139,0.8583204533745492,9.0,Seseli.galloprovinciale,0.6413730803974707,opth,3,False,mlp1,bce,msle
592,0.547085201793722,0.001976284584980237,0.0,0.8672645739910314,0.9989669421487604,0.928468554968795,1.0,Torilis.leptophylla,-0.1327354260089686,opth,3,False,mlp1,bce,msle
593,0.9569120287253142,0.03489702517162471,1.0,0.8500897666068222,1.0,0.9189713731198448,2.0,Achillea.ptarmica,0.8500897666068221,opth,3,False,mlp1,bce,msle
594,0.7969314079422383,0.02186112942195192,0.5,0.7987364620938628,0.9955005624296963,0.8863294942413621,8.0,Artemisia.alba,0.29873646209386284,opth,3,False,mlp1,bce,msle
595,0.5157323688969259,0.009517143748273362,0.0,0.7414104882459313,0.9879518072289156,0.8471074380165289,10.0,Bombycilaena.erecta,-0.25858951175406875,opth,3,False,mlp1,bce,msle
596,0.6786463012878108,0.007878358278129058,1.0,0.30997304582210244,1.0,0.4732510288065844,3.0,Cacalia.alliariae,0.3099730458221024,opth,3,False,mlp1,bce,msle
597,0.7086795557383793,0.021575557587765127,0.7272727272727273,0.5610859728506787,0.9951845906902087,0.7175925925925926,11.0,Cacalia.alpina,0.28835870012340603,opth,3,False,mlp1,bce,msle
598,0.43995208146151543,0.0031059562223232132,1.0,0.3288409703504043,1.0,0.4949290060851927,3.0,Carduus.nigrescens,0.32884097035040427,opth,3,False,mlp1,bce,msle
599,0.7940856707979995,0.05448963298483212,0.7142857142857143,0.6684931506849315,0.991869918699187,0.7986906710310966,21.0,Catananche.caerulea,0.38277886497064584,opth,3,False,mlp1,bce,msle
600,0.9344115004492363,0.02730045909378878,1.0,0.6037735849056604,1.0,0.7529411764705882,3.0,Centaurea.alpestris,0.6037735849056602,opth,3,False,mlp1,bce,msle
601,0.6778889899909009,0.024606486567169964,0.6470588235294118,0.5914467697907189,0.9908536585365854,0.7407407407407407,17.0,Centaurea.paniculata,0.23850559332013077,opth,3,False,mlp1,bce,msle
602,0.9290206648697215,0.02400732380509934,1.0,0.5067385444743935,1.0,0.6726296958855098,3.0,Centaurea.triumfetti,0.5067385444743935,opth,3,False,mlp1,bce,msle
603,0.7596812212369515,0.20344450392938393,0.6949152542372882,0.695364238410596,0.9760956175298805,0.8121546961325967,59.0,Centaurea.uniflora,0.3902794926478843,opth,3,False,mlp1,bce,msle
604,0.4914721723518851,0.0025736723935643486,0.0,0.7217235188509874,0.9975186104218362,0.8375,2.0,Cirsium.ferox,-0.2782764811490126,opth,3,False,mlp1,bce,msle
605,0.749974907156479,0.02189485111051931,0.8888888888888888,0.6043360433604336,0.9985074626865672,0.7529544175576814,9.0,Cirsium.morisianum,0.4932249322493223,opth,3,False,mlp1,bce,msle
606,0.8754496402877697,0.018976389917754098,1.0,0.7095323741007195,1.0,0.8300894266175697,4.0,Cirsium.rivulare,0.7095323741007196,opth,3,False,mlp1,bce,msle
607,0.7882988298829884,0.013311170601050781,0.8,0.7056705670567057,0.9987261146496815,0.8270042194092827,5.0,Crepis.albida,0.5056705670567059,opth,3,False,mlp1,bce,msle
608,0.7389432485322897,0.040997681036416184,0.7142857142857143,0.6666666666666666,0.9918478260869565,0.7973784817039868,21.0,Crepis.nicaeensis,0.38095238095238093,opth,3,False,mlp1,bce,msle
609,0.6320199275362319,0.020210437030987103,0.5,0.6141304347826086,0.9912280701754386,0.7583892617449665,12.0,Doronicum.grandiflorum,0.11413043478260865,opth,3,False,mlp1,bce,msle
610,0.705909535718169,0.05354496978809038,0.7352941176470589,0.6210720887245841,0.986784140969163,0.7623369256948384,34.0,Echinops.ritro,0.35636620637164285,opth,3,False,mlp1,bce,msle
611,0.6597964704366868,0.013399890436893103,0.7142857142857143,0.5284039675383229,0.9965986394557823,0.6906305244549205,7.0,Erigeron.atticus,0.24268968182403716,opth,3,False,mlp1,bce,msle
612,0.8837522441651705,0.011232429718875503,1.0,0.6229802513464991,1.0,0.7676991150442478,2.0,Filago.vulgaris,0.6229802513464993,opth,3,False,mlp1,bce,msle
613,0.45323741007194246,0.005507836552868953,0.25,0.6357913669064749,0.995774647887324,0.7760702524698134,4.0,Helichrysum.stoechas,-0.11420863309352514,opth,3,False,mlp1,bce,msle
614,0.7141314131413141,0.011130270262263743,0.2,0.9072907290729073,0.9960474308300395,0.9495996231747527,5.0,Hieracium.glanduliferum,0.10729072907290726,opth,3,False,mlp1,bce,msle
615,0.7542738219116991,0.06841255617943712,0.8064516129032258,0.7050691244239631,0.9922178988326849,0.8243534482758621,31.0,Pilosella.peleteriana,0.5115207373271888,opth,3,False,mlp1,bce,msle
616,0.6746069040303633,0.14915565736546627,0.5272727272727272,0.6908548707753479,0.9303882195448461,0.7929264118653736,110.0,Pilosella.officinarum,0.21812759804807502,opth,3,False,mlp1,bce,msle
617,0.8668667917448405,0.30580048337720345,0.76,0.8189493433395872,0.9864406779661017,0.8949256791389031,50.0,Hieracium.rionii,0.5789493433395871,opth,3,False,mlp1,bce,msle
618,0.9331369362047949,0.360127049643693,0.8695652173913043,0.8401869158878504,0.9933701657458563,0.9103797468354431,46.0,Pilosella.corymbuloides,0.7097521332791548,opth,3,False,mlp1,bce,msle
619,0.7585558724397201,0.03008798378146612,0.5,0.7885662431941923,0.9920091324200914,0.8786653185035389,14.0,Inula.montana,0.2885662431941922,opth,3,False,mlp1,bce,msle
620,0.8880807086614173,0.4052638846603038,0.73,0.8198818897637795,0.9686046511627907,0.8880597014925373,100.0,Leontodon.pyrenaicus,0.5498818897637796,opth,3,False,mlp1,bce,msle
621,0.7539062499999999,0.14998438898474917,0.71875,0.6692015209125475,0.9750692520775623,0.7936865839909808,64.0,Leucanthemum.adustum,0.3879515209125475,opth,3,False,mlp1,bce,msle
622,0.8091804029304029,0.09311862891028069,0.5833333333333334,0.8397435897435898,0.9892125134843581,0.9083704804358593,24.0,Leucanthemum.atratum,0.42307692307692313,opth,3,False,mlp1,bce,msle
623,0.9476929106558736,0.4147440104836925,0.873015873015873,0.8955365622032289,0.9915878023133544,0.9411177644710579,63.0,Omalotheca.supina,0.7685524352191018,opth,3,False,mlp1,bce,msle
624,0.6368671905191292,0.010573862567802595,0.7142857142857143,0.4211000901713255,0.9957356076759062,0.5918884664131813,7.0,Omalotheca.sylvatica,0.13538580445703974,opth,3,False,mlp1,bce,msle
625,0.7280071813285457,0.004799912530067789,0.0,0.8949730700179533,0.997997997997998,0.9436819687647894,2.0,Pulicaria.dysenterica,-0.10502692998204666,opth,3,False,mlp1,bce,msle
626,0.8768517325776117,0.040745306225922,1.0,0.6339044183949504,1.0,0.7759381898454746,7.0,Scorzonera.hispanica,0.6339044183949505,opth,3,False,mlp1,bce,msle
627,0.8918312387791743,0.012231182795698924,1.0,0.7728904847396768,1.0,0.8718987341772152,2.0,Senecio.aquaticus,0.7728904847396767,opth,3,False,mlp1,bce,msle
628,0.32794249775381845,0.002579351145577898,0.0,0.8975741239892183,0.9970059880239521,0.9446808510638298,3.0,Senecio.vulgaris,-0.10242587601078168,opth,3,False,mlp1,bce,msle
629,0.8806509945750451,0.06565498925815448,0.9,0.7269439421338155,0.9987577639751553,0.8414442700156985,10.0,Serratula.lycopifolia,0.6269439421338157,opth,3,False,mlp1,bce,msle
630,0.8794964028776978,0.03716109862570031,1.0,0.5881294964028777,1.0,0.7406568516421291,4.0,Serratula.nudicaulis,0.5881294964028778,opth,3,False,mlp1,bce,msle
631,0.5283273381294964,0.004494429430053088,0.0,0.8093525179856115,0.995575221238938,0.8928571428571429,4.0,Sonchus.asper,-0.19064748201438853,opth,3,False,mlp1,bce,msle
632,0.7978376063801317,0.08097036718866885,0.7647058823529411,0.6487716105550501,0.9944211994421199,0.7852422907488987,17.0,Taraxacum.erythrospermum,0.4134774929079912,opth,3,False,mlp1,bce,msle
633,0.5872372372372372,0.012303073505797797,0.5,0.8315315315315316,0.9967602591792657,0.906679764243615,6.0,Taraxacum.palustre,0.3315315315315317,opth,3,False,mlp1,bce,msle
634,0.5163222521713087,0.009027672195907971,0.3333333333333333,0.555256064690027,0.9967741935483871,0.7132140796306982,3.0,Tolpis.staticifolia,-0.11141060197663966,opth,3,False,mlp1,bce,msle
635,0.5519616651692123,0.0039187061815223944,0.3333333333333333,0.7214734950584007,0.9975155279503105,0.8373305526590198,3.0,Tragopogon.crocifolius,0.05480682839173401,opth,3,False,mlp1,bce,msle
636,0.8129900830258303,0.1498111064309913,0.78125,0.757380073800738,0.9915458937198067,0.858786610878661,32.0,Cerinthe.minor,0.5386300738007379,opth,3,False,mlp1,bce,msle
637,0.7487271638215034,0.008452073065599634,1.0,0.40341419586702604,1.0,0.5749039692701664,3.0,Cynoglossum.officinale,0.4034141958670261,opth,3,False,mlp1,bce,msle
638,0.6220425277029049,0.006736929945774581,0.6666666666666666,0.4618149146451033,0.9980582524271845,0.6314496314496314,3.0,Lithospermum.arvense,0.1284815813117699,opth,3,False,mlp1,bce,msle
639,0.7298853332053927,0.04359392719472958,0.8947368421052632,0.41659070191431175,0.9956427015250545,0.5874035989717223,19.0,Myosotis.decumbens,0.31132754401957485,opth,3,False,mlp1,bce,msle
640,0.7661986345484992,0.02174237562840869,0.5714285714285714,0.7303877366997295,0.996309963099631,0.8428720083246618,7.0,Myosotis.discolor,0.30181630812830074,opth,3,False,mlp1,bce,msle
641,0.7928334838903944,0.07181329981392848,0.5555555555555556,0.7877145438121048,0.9954337899543378,0.8794755421079173,9.0,Pulmonaria.angustifolia,0.3432700993676603,opth,3,False,mlp1,bce,msle
642,0.6003003003003003,0.009164507024778955,1.0,0.1918918918918919,1.0,0.3219954648526077,6.0,Alyssum.alpestre,0.19189189189189193,opth,3,False,mlp1,bce,msle
643,0.6863363363363364,0.01377243979788182,0.6666666666666666,0.6306306306306306,0.9971509971509972,0.7726269315673289,6.0,Alyssum.montanum,0.29729729729729737,opth,3,False,mlp1,bce,msle
644,0.8526504941599281,0.021227267174540793,1.0,0.4025157232704403,1.0,0.5739910313901345,3.0,Arabis.alpina,0.40251572327044016,opth,3,False,mlp1,bce,msle
645,0.8626570915619389,0.009871620307333203,0.5,0.8213644524236984,0.9989082969432315,0.9014778325123153,2.0,Arabis.auriculata,0.3213644524236985,opth,3,False,mlp1,bce,msle
646,0.7950534587144146,0.03247862646169843,0.42857142857142855,0.7493237150586114,0.9952095808383233,0.8549382716049383,7.0,Cardamine.bellidifolia,0.17789514363004,opth,3,False,mlp1,bce,msle
647,0.7941976427923845,0.03657508354420261,0.5384615384615384,0.8186763372620127,0.9933993399339934,0.8976143141153081,13.0,Cardamine.resedifolia,0.35713787572355127,opth,3,False,mlp1,bce,msle
648,,-0.0,0.0,0.9381720430107527,1.0,0.9680998613037448,0.0,Iberis.pinnata,-0.06182795698924726,opth,3,False,mlp1,bce,msle
649,0.7638510445049955,0.050857983979842994,0.8,0.5277020890099909,0.9948630136986302,0.6896142433234421,15.0,Kandis.perfoliata,0.32770208900999087,opth,3,False,mlp1,bce,msle
650,0.6790621143562321,0.03233879705593801,0.9090909090909091,0.4090497737556561,0.9977924944812362,0.5802310654685494,11.0,Noccaea.brachypetala,0.31814068284656516,opth,3,False,mlp1,bce,msle
651,0.7893789378937894,0.08353049535341203,0.4,0.8028802880288028,0.9966480446927374,0.8893320039880359,5.0,Pritzelago.alpina,0.20288028802880298,opth,3,False,mlp1,bce,msle
652,0.6662748643761303,0.020811279712545743,0.6,0.7450271247739603,0.9951690821256038,0.8521199586349535,10.0,Sisymbrium.austriacum,0.34502712477396025,opth,3,False,mlp1,bce,msle
653,0.6327327327327328,0.01139522950596914,0.3333333333333333,0.80990990990991,0.9955703211517165,0.8931942374565326,6.0,Campanula.alpestris,0.14324324324324333,opth,3,False,mlp1,bce,msle
654,0.819473762449829,0.07221353690894664,0.5161290322580645,0.7953917050691244,0.9829157175398633,0.8792664289353032,31.0,Phyteuma.globulariifolium,0.3115207373271889,opth,3,False,mlp1,bce,msle
655,0.699767325909922,0.08203185231882433,0.5454545454545454,0.7285191956124314,0.9876084262701363,0.8385060494476592,22.0,Phyteuma.michelii,0.2739737410669769,opth,3,False,mlp1,bce,msle
656,0.8275827725054422,0.30979767164186917,0.746268656716418,0.7483317445185891,0.9788029925187033,0.8481901674770395,67.0,Arenaria.gothica,0.49460040123500715,opth,3,False,mlp1,bce,msle
657,0.9396021699819169,0.13180793579235747,0.9,0.8128390596745028,0.9988888888888889,0.8963110667996012,10.0,Cerastium.cerastoides,0.7128390596745029,opth,3,False,mlp1,bce,msle
658,0.8151260504201681,0.057227314828202244,0.7647058823529411,0.7497725204731575,0.9951690821256038,0.855215360664245,17.0,Dianthus.hyssopifolius,0.5144784028260987,opth,3,False,mlp1,bce,msle
659,0.8256608774499546,0.19854609461365205,0.5740740740740741,0.8389830508474576,0.9748358862144421,0.9018218623481782,54.0,Dianthus.pavonius,0.41305712492153157,opth,3,False,mlp1,bce,msle
660,0.4586330935251799,0.003960268139275934,0.0,0.6924460431654677,0.9948320413436692,0.8165429480381761,4.0,Minuartia.hybrida,-0.30755395683453235,opth,3,False,mlp1,bce,msle
661,0.7511230907457322,0.00689223106696395,1.0,0.5372866127583109,1.0,0.6990064289888954,3.0,Minuartia.rupestris,0.5372866127583109,opth,3,False,mlp1,bce,msle
662,0.9369435164322897,0.3653733749956664,0.9016393442622951,0.8407582938388626,0.9932810750279956,0.9106776180698152,61.0,Minuartia.sedoides,0.7423976381011577,opth,3,False,mlp1,bce,msle
663,0.8814125545922691,0.22990748535522404,0.7241379310344828,0.834593572778828,0.982202447163515,0.9024016351558508,58.0,Sagina.glabra,0.5587315038133107,opth,3,False,mlp1,bce,msle
664,0.806205035971223,0.013984246484876867,0.75,0.704136690647482,0.9987244897959183,0.8259493670886076,4.0,Sagina.saginoides,0.45413669064748197,opth,3,False,mlp1,bce,msle
665,0.7669318181818181,0.04600268882532331,0.8125,0.5154545454545455,0.9947368421052631,0.6790419161676646,16.0,Silene.italica,0.3279545454545456,opth,3,False,mlp1,bce,msle
666,0.7352085757021771,0.049702151912854264,0.6818181818181818,0.6718464351005484,0.9905660377358491,0.8006535947712419,22.0,Silene.latifolia,0.3536646169187301,opth,3,False,mlp1,bce,msle
667,0.8951781970649895,0.03933166361047751,0.3333333333333333,0.9514824797843666,0.998114985862394,0.9742410303587856,3.0,Silene.suecica,0.2848158131176999,opth,3,False,mlp1,bce,msle
668,0.5843253968253967,0.030275652740974907,0.7083333333333334,0.42032967032967034,0.9849785407725322,0.5892169448010269,24.0,Chenopodium.bonus.henricus,0.12866300366300365,opth,3,False,mlp1,bce,msle
669,0.7120522161505768,0.044885942877834296,0.5555555555555556,0.76775956284153,0.9905992949471211,0.8650590046177526,18.0,Helianthemum.apenninum,0.3233151183970855,opth,3,False,mlp1,bce,msle
670,0.7884001731796098,0.27095318077896036,0.6440677966101694,0.7218543046357616,0.9732142857142857,0.8288973384030418,59.0,Helianthemum.oelandicum,0.36592210124593105,opth,3,False,mlp1,bce,msle
671,0.4986522911051212,0.02050790582273598,0.3333333333333333,0.7124887690925427,0.9974842767295597,0.8312368972746331,3.0,Convolvulus.cantabricus,0.04582210242587603,opth,3,False,mlp1,bce,msle
672,0.8521239329320137,0.09883450991742658,0.9629629629629629,0.7162534435261708,0.998719590268886,0.8342245989304813,27.0,Sedum.alpestre,0.6792164064891337,opth,3,False,mlp1,bce,msle
673,0.6980961015412511,0.027661255904062966,0.5384615384615384,0.7941976427923844,0.9931972789115646,0.8826196473551637,13.0,Sedum.anacampseros,0.3326591812539228,opth,3,False,mlp1,bce,msle
674,0.7339416058394161,0.04346759200453138,0.6,0.7527372262773723,0.9903961584633854,0.8553654743390358,20.0,Sedum.ochroleucum,0.35273722627737225,opth,3,False,mlp1,bce,msle
675,0.7372277426477969,0.08797630372166199,0.5555555555555556,0.7127371273712737,0.9949558638083228,0.8305263157894737,9.0,Sedum.sediforme,0.2682926829268293,opth,3,False,mlp1,bce,msle
676,0.7050596462361168,0.020824082171188498,0.5454545454545454,0.7647058823529411,0.9941176470588236,0.8644501278772379,11.0,Sempervivum.calcareum,0.31016042780748654,opth,3,False,mlp1,bce,msle
677,0.8789237668161435,0.007352941176470588,1.0,0.7856502242152467,1.0,0.8799598191863385,1.0,Euphorbia.esula,0.7856502242152468,opth,3,False,mlp1,bce,msle
678,0.8460805445263755,0.2059428004104548,0.6829268292682927,0.7869767441860465,0.9848661233993015,0.8748707342295761,41.0,Anthyllis.montana,0.4699035734543391,opth,3,False,mlp1,bce,msle
679,0.8207367258857774,0.02509591470565875,0.8888888888888888,0.7018970189701897,0.9987146529562982,0.8244031830238727,9.0,Argyrolobium.zanonii,0.5907859078590785,opth,3,False,mlp1,bce,msle
680,0.7853983400427413,0.15861413118649398,0.6491228070175439,0.7865911237016053,0.9765533411488863,0.8713389121338913,57.0,Astragalus.danicus,0.4357139307191491,opth,3,False,mlp1,bce,msle
681,0.8434014869888476,0.24718924779585252,0.75,0.7825278810408922,0.9882629107981221,0.8734439834024896,40.0,Astragalus.sempervirens,0.5325278810408922,opth,3,False,mlp1,bce,msle
682,0.5268044324648098,0.004823508314284157,0.6666666666666666,0.5831087151841868,0.9984615384615385,0.7362450368689734,3.0,Astragalus.vesicarius,0.24977538185085346,opth,3,False,mlp1,bce,msle
683,0.8194070080862533,0.01720303148581837,1.0,0.38454627133872415,1.0,0.5554834523036989,3.0,Bituminaria.bituminosa,0.3845462713387242,opth,3,False,mlp1,bce,msle
684,0.8554682468117996,0.028808609127305967,0.8571428571428571,0.7105500450856628,0.9987325728770595,0.8303477344573235,7.0,Dorycnium.pentaphyllum,0.56769290222852,opth,3,False,mlp1,bce,msle
685,0.5991031390134529,0.002232142857142857,0.0,0.7650224215246637,0.9988290398126464,0.8664296597257491,1.0,Genista.cinerea,-0.2349775784753363,opth,3,False,mlp1,bce,msle
686,0.9291479820627803,0.0125,1.0,0.8807174887892377,1.0,0.9365760610395804,1.0,Lathyrus.hirsutus,0.8807174887892377,opth,3,False,mlp1,bce,msle
687,0.8955786026200874,0.5909727528952762,0.815,0.8133187772925764,0.9526854219948849,0.8775029446407538,200.0,Lotus.alpinus,0.6283187772925762,opth,3,False,mlp1,bce,msle
688,0.6372191863995142,0.02487106926766269,0.3333333333333333,0.7140255009107468,0.9849246231155779,0.8278775079197466,18.0,Lotus.delortii,0.04735883424408005,opth,3,False,mlp1,bce,msle
689,0.7419210053859964,0.005328471279963817,1.0,0.6059245960502693,1.0,0.7546115148127446,2.0,Lotus.pedunculatus,0.6059245960502693,opth,3,False,mlp1,bce,msle
690,0.7327354260089687,0.0033444816053511705,1.0,0.6035874439461884,1.0,0.7527964205816555,1.0,Medicago.arabica,0.6035874439461884,opth,3,False,mlp1,bce,msle
691,0.8349805330937408,0.011342659533449005,1.0,0.6621743036837376,1.0,0.7967567567567567,3.0,Melilotus.neapolitanus,0.6621743036837375,opth,3,False,mlp1,bce,msle
692,0.7853574732390645,0.12190524557864515,0.6285714285714286,0.7770582793709528,0.984759671746776,0.8686659772492245,35.0,Ononis.cristata,0.4056297079423814,opth,3,False,mlp1,bce,msle
693,0.9274060494958754,0.26398236393880015,0.88,0.8304307974335472,0.9966996699669967,0.906,25.0,Oxytropis.lapponica,0.7104307974335473,opth,3,False,mlp1,bce,msle
694,0.6489759113744686,0.013072069102988464,0.7142857142857143,0.4526600541027953,0.996031746031746,0.6224426534407935,7.0,Trifolium.incarnatum,0.1669457683885096,opth,3,False,mlp1,bce,msle
695,0.826656431415823,0.11260533397387766,0.6842105263157895,0.7584320875113947,0.9928400954653938,0.8599483204134367,19.0,Trifolium.pallescens,0.4426426138271842,opth,3,False,mlp1,bce,msle
696,0.8780269058295964,0.0072992700729927005,1.0,0.7408071748878924,1.0,0.8511076764554354,1.0,Vicia.pannonica,0.7408071748878924,opth,3,False,mlp1,bce,msle
697,0.7666932694865656,0.10769247330854137,0.8571428571428571,0.4972067039106145,0.9888888888888889,0.6617100371747212,42.0,Vicia.tenuifolia,0.3543495610534717,opth,3,False,mlp1,bce,msle
698,0.7533212560386473,0.07873252342647352,0.75,0.7092391304347826,0.9961832061068703,0.8285714285714286,12.0,Gentiana.angustifolia,0.4592391304347827,opth,3,False,mlp1,bce,msle
699,0.850793737088181,0.10354235273651292,0.9411764705882353,0.7264325323475046,0.9974619289340102,0.8406417112299466,34.0,Gentiana.brachyphylla,0.6676090029357398,opth,3,False,mlp1,bce,msle
700,0.6372536390570656,0.00936854219280547,0.2857142857142857,0.7899008115419297,0.9943246311010215,0.8804020100502512,7.0,Gentiana.orbicularis,0.07561509725621551,opth,3,False,mlp1,bce,msle
701,0.71989198919892,0.009254146531820964,0.4,0.7263726372637264,0.9962962962962963,0.8401874023945861,5.0,Gentiana.rostanii,0.12637263726372638,opth,3,False,mlp1,bce,msle
702,0.8145719085025442,0.19059249968944109,0.7307692307692307,0.7485549132947977,0.9736842105263158,0.8464052287581699,78.0,Gentianella.campestris,0.47932414406402835,opth,3,False,mlp1,bce,msle
703,0.8535489667565139,0.0116665733964635,1.0,0.8274932614555256,1.0,0.9056047197640118,3.0,Gentianella.ciliata,0.8274932614555257,opth,3,False,mlp1,bce,msle
704,0.7358490566037735,0.007751891988368433,0.6666666666666666,0.6936208445642408,0.9987063389391979,0.8186638388123012,3.0,Gentianella.tenella,0.3602875112309074,opth,3,False,mlp1,bce,msle
705,,-0.0,0.0,0.8279569892473119,1.0,0.9058823529411765,0.0,Hypericum.tetrapterum,-0.17204301075268813,opth,3,False,mlp1,bce,msle
706,0.5618448637316562,0.004148122236053309,0.0,0.8472596585804133,0.9968287526427061,0.9159786304031083,3.0,Herniaria.incana,-0.1527403414195867,opth,3,False,mlp1,bce,msle
707,0.3585585585585585,0.004675504124634219,0.0,0.7774774774774775,0.9930955120828538,0.8721576553815058,6.0,Calamintha.nepeta,-0.22252252252252247,opth,3,False,mlp1,bce,msle
708,0.8718525179856115,0.02084008097165992,0.75,0.8273381294964028,0.998914223669924,0.9050664043285784,4.0,Mentha.aquatica,0.5773381294964028,opth,3,False,mlp1,bce,msle
709,0.8462319494584838,0.03003913924297184,0.75,0.825812274368231,0.9978189749182116,0.9037037037037037,8.0,Mentha.longifolia,0.575812274368231,opth,3,False,mlp1,bce,msle
710,0.4764899670560048,0.00426707500816806,0.3333333333333333,0.8535489667565139,0.9978991596638656,0.9200968523002422,3.0,Nepeta.nepetella,0.1868823000898472,opth,3,False,mlp1,bce,msle
711,0.5917939502845163,0.006211820462762032,0.3333333333333333,0.5588499550763701,0.9967948717948718,0.7161773172135867,3.0,Prunella.hyssopifolia,-0.1078167115902966,opth,3,False,mlp1,bce,msle
712,0.6581218601056293,0.012823011819381183,0.5714285714285714,0.6934174932371506,0.9961139896373057,0.8176501860712387,7.0,Teucrium.polium,0.264846064665722,opth,3,False,mlp1,bce,msle
713,0.6972972972972973,0.02069948482295093,0.8333333333333334,0.5288288288288289,0.9982993197278912,0.6914016489988222,6.0,Linum.bienne,0.36216216216216224,opth,3,False,mlp1,bce,msle
714,0.7483250008502533,0.14816067707970332,0.4444444444444444,0.8585858585858586,0.9842105263157894,0.9171162334477685,27.0,Linum.suffruticosum,0.303030303030303,opth,3,False,mlp1,bce,msle
715,0.8767267267267267,0.07588892172387542,0.6666666666666666,0.8558558558558559,0.9978991596638656,0.9214354995150339,6.0,Lythrum.salicaria,0.5225225225225225,opth,3,False,mlp1,bce,msle
716,0.7360360360360361,0.013994109515395915,0.5,0.8783783783783784,0.9969325153374233,0.9339080459770115,6.0,Althaea.hirsuta,0.3783783783783785,opth,3,False,mlp1,bce,msle
717,0.8,0.004464285714285714,1.0,0.6439461883408072,1.0,0.7834151663938898,1.0,Epilobium.parviflorum,0.6439461883408071,opth,3,False,mlp1,bce,msle
718,0.3622082585278276,0.0020466087520653615,0.0,0.7190305206463196,0.9975093399750934,0.8356807511737089,2.0,Plantago.sempervirens,-0.28096947935368044,opth,3,False,mlp1,bce,msle
719,0.8957546059825865,0.3320096263656473,0.8985507246376812,0.775549188156638,0.9914529914529915,0.8703108252947481,69.0,Armeria.alpina,0.6740999127943192,opth,3,False,mlp1,bce,msle
720,0.6303353355344286,0.05302837204883053,0.5217391304347826,0.6733760292772186,0.9852744310575636,0.8,23.0,Polygala.calcarea,0.19511515971200133,opth,3,False,mlp1,bce,msle
721,0.6409825840809863,0.027545934153547065,0.5789473684210527,0.5752051048313582,0.9874804381846636,0.7269585253456221,19.0,Rumex.arifolius,0.15415247325241088,opth,3,False,mlp1,bce,msle
722,0.7787578757875788,0.01311028223026964,0.6,0.7650765076507651,0.9976525821596244,0.8660213958227203,5.0,Rumex.conglomeratus,0.36507650765076516,opth,3,False,mlp1,bce,msle
723,0.6270336926687616,0.056047481854348144,0.5652173913043478,0.6422689844464776,0.9859550561797753,0.7778393351800554,23.0,Rumex.nebroides,0.2074863757508254,opth,3,False,mlp1,bce,msle
724,0.57124773960217,0.012097237767531082,0.5,0.6799276672694394,0.9933949801849405,0.8073000536768653,10.0,Rumex.pseudalpinus,0.17992766726943943,opth,3,False,mlp1,bce,msle
725,0.9209558823529412,0.16294857749554878,0.9642857142857143,0.8060661764705882,0.9988610478359908,0.8921668362156663,28.0,Androsace.adfinis,0.7703518907563025,opth,3,False,mlp1,bce,msle
726,0.8517604442409888,0.1466065645060155,0.8085106382978723,0.7792329279700655,0.9893111638954869,0.8717948717948718,47.0,Androsace.vitaliana,0.5877435662679378,opth,3,False,mlp1,bce,msle
727,0.8376681614349776,0.005494505494505495,1.0,0.809865470852018,1.0,0.8949454905847374,1.0,Primula.vulgaris,0.8098654708520181,opth,3,False,mlp1,bce,msle
728,0.598948948948949,0.00907203120733884,0.6666666666666666,0.5117117117117117,0.9964912280701754,0.6761904761904762,6.0,Aconitum.anthora,0.17837837837837833,opth,3,False,mlp1,bce,msle
729,0.8958900488965245,0.1711893287469281,0.6857142857142857,0.8519888991674376,0.9881974248927039,0.9150521609538003,35.0,Anemone.baldensis,0.5377031848817233,opth,3,False,mlp1,bce,msle
730,0.8108499095840869,0.047621493347632195,0.9,0.650994575045208,0.9986130374479889,0.7881773399014779,10.0,Anemone.narcissifolia,0.5509945750452081,opth,3,False,mlp1,bce,msle
731,0.6469002695417789,0.012520790976233284,0.6666666666666666,0.5103324348607368,0.9982425307557118,0.6753864447086801,3.0,Caltha.palustris,0.17699910152740328,opth,3,False,mlp1,bce,msle
732,0.6917347865576748,0.03364053531793472,0.7333333333333333,0.553133514986376,0.9934747145187602,0.7106184364060677,15.0,Ranunculus.aduncus,0.28646684831970926,opth,3,False,mlp1,bce,msle
733,0.7176177536231884,0.024175430385968824,0.5833333333333334,0.6757246376811594,0.9933422103861518,0.8043126684636118,12.0,Ranunculus.carinthiacus,0.2590579710144927,opth,3,False,mlp1,bce,msle
734,0.7966587529949782,0.26193711228101907,0.7415730337078652,0.7429406037000974,0.9707379134860051,0.8416988416988417,89.0,Ranunculus.sartorianus,0.4845136374079626,opth,3,False,mlp1,bce,msle
735,0.5085431654676259,0.004772500082737919,0.0,0.835431654676259,0.9957127545551983,0.908557457212714,4.0,Reseda.phyteuma,-0.16456834532374098,opth,3,False,mlp1,bce,msle
736,0.8348429449891972,0.05971922575123162,0.5,0.8363802559414991,0.9881209503239741,0.905940594059406,22.0,Alchemilla.fissa,0.33638025594149923,opth,3,False,mlp1,bce,msle
737,0.8551304326087771,0.2944244998587211,0.6493506493506493,0.8739172281039461,0.9711229946524064,0.9199594731509625,77.0,Alchemilla.flabellata,0.5232678774545954,opth,3,False,mlp1,bce,msle
738,0.7423429781227946,0.09331758480696019,0.6923076923076923,0.7091743119266055,0.9897567221510883,0.826296098343132,26.0,Alchemilla.glabra,0.4014820042342979,opth,3,False,mlp1,bce,msle
739,0.7901234567901234,0.09645769543350256,0.5925925925925926,0.7566574839302111,0.9868263473053892,0.8565488565488566,27.0,Alchemilla.glaucescens,0.3492500765228037,opth,3,False,mlp1,bce,msle
740,0.6694333829103296,0.03183848828224187,0.8421052631578947,0.47128532360984504,0.9942307692307693,0.6394557823129252,19.0,Alchemilla.monticola,0.3133905867677398,opth,3,False,mlp1,bce,msle
741,0.9379960856801131,0.2731862547313397,0.8823529411764706,0.8548983364140481,0.9956942949407965,0.9199403281949279,34.0,Alchemilla.pentaphyllea,0.7372512775905187,opth,3,False,mlp1,bce,msle
742,0.8482591583409023,0.06164645387233197,0.4666666666666667,0.9082652134423251,0.9920634920634921,0.948316737790422,15.0,Filipendula.ulmaria,0.3749318801089918,opth,3,False,mlp1,bce,msle
743,0.7981115107913669,0.012015534992585744,1.0,0.6492805755395683,1.0,0.787350054525627,4.0,Potentilla.brauneana,0.6492805755395683,opth,3,False,mlp1,bce,msle
744,0.887342908438061,0.013722730471498943,1.0,0.6409335727109515,1.0,0.7811816192560175,2.0,Potentilla.neglecta,0.6409335727109515,opth,3,False,mlp1,bce,msle
745,0.9357542320505283,0.354548500045017,0.8571428571428571,0.8755935422602089,0.9903329752953813,0.9294354838709677,63.0,Sibbaldia.procumbens,0.732736399403066,opth,3,False,mlp1,bce,msle
746,0.7406906906906907,0.014194111695513276,1.0,0.5774774774774775,1.0,0.732153055396916,6.0,Galium.megalospermum,0.5774774774774776,opth,3,False,mlp1,bce,msle
747,0.8329099589887984,0.24758197521379438,0.6129032258064516,0.8396584440227703,0.9735973597359736,0.9016811003565971,62.0,Galium.obliquum,0.4525616698292221,opth,3,False,mlp1,bce,msle
748,0.8652582764395209,0.10039617474072385,0.7142857142857143,0.842200180342651,0.9978632478632479,0.9134474327628361,7.0,Galium.palustre,0.5564858946283653,opth,3,False,mlp1,bce,msle
749,0.8594936708860759,0.13200018153512827,0.9,0.7359855334538878,0.9987730061349693,0.8474752732951588,10.0,Galium.pseudohelveticum,0.635985533453888,opth,3,False,mlp1,bce,msle
750,0.9205565529622981,0.13068181818181818,0.5,0.9048473967684022,0.9990089197224975,0.9495996231747527,2.0,Galium.uliginosum,0.4048473967684023,opth,3,False,mlp1,bce,msle
751,0.4617461746174617,0.005172226804204717,0.2,0.7173717371737174,0.9950062421972534,0.8336820083682008,5.0,Salix.foetida,-0.08262826282628266,opth,3,False,mlp1,bce,msle
752,0.6170742753623188,0.017027475124189704,0.5,0.6023550724637681,0.9910581222056631,0.7492957746478873,12.0,Thesium.divaricatum,0.10235507246376807,opth,3,False,mlp1,bce,msle
753,0.7956975396109751,0.01627772755847663,1.0,0.6330027051397655,1.0,0.7752622860298177,7.0,Saxifraga.bryoides,0.6330027051397655,opth,3,False,mlp1,bce,msle
754,0.8442484121383204,0.12064234237747203,0.5,0.8357798165137614,0.9859307359307359,0.9046673286991063,26.0,Saxifraga.exarata,0.33577981651376154,opth,3,False,mlp1,bce,msle
755,0.7110711071107111,0.012204117392466487,0.2,0.8406840684068407,0.9957356076759062,0.9116642264519278,5.0,Digitalis.grandiflora,0.0406840684068408,opth,3,False,mlp1,bce,msle
756,0.5502262443438914,0.011208821345257379,0.45454545454545453,0.6226244343891403,0.9913544668587896,0.7648693718732629,11.0,Euphrasia.officinalis,0.07716988893459487,opth,3,False,mlp1,bce,msle
757,0.6226822682268227,0.009383641234545704,0.4,0.8325832583258326,0.9967672413793104,0.9073075036782736,5.0,Linaria.simplex,0.2325832583258327,opth,3,False,mlp1,bce,msle
758,0.4759442446043165,0.004657367561435291,0.25,0.7841726618705036,0.9965714285714286,0.8777050830397585,4.0,Pedicularis.cenisia,0.03417266187050361,opth,3,False,mlp1,bce,msle
759,0.8226263013961522,0.12288192007893742,0.6842105263157895,0.7894257064721969,0.9931192660550459,0.8796343321482987,19.0,Pedicularis.comosa,0.4736362327879864,opth,3,False,mlp1,bce,msle
760,0.8041958041958042,0.02675884965192109,0.7272727272727273,0.7529411764705882,0.9964071856287425,0.8577319587628865,11.0,Pedicularis.kerneri,0.4802139037433155,opth,3,False,mlp1,bce,msle
761,0.2981098109810981,0.003603079564367032,0.2,0.576957695769577,0.993798449612403,0.7300683371298405,5.0,Pedicularis.rosea,-0.22304230423042304,opth,3,False,mlp1,bce,msle
762,0.8117198925279734,0.07584285228734017,0.7037037037037037,0.7713498622589532,0.9905660377358491,0.8673205988642231,27.0,Pedicularis.rostratospicata,0.4750535659626569,opth,3,False,mlp1,bce,msle
763,0.7226211849192101,0.009267740718788728,0.5,0.7459605026929982,0.9987980769230769,0.8540596094552929,2.0,Verbascum.chaixii,0.24596050269299807,opth,3,False,mlp1,bce,msle
764,0.8567843866171004,0.12323340760153323,0.725,0.8150557620817844,0.9876126126126126,0.8930753564154786,40.0,Veronica.allionii,0.5400557620817845,opth,3,False,mlp1,bce,msle
765,0.913125354509359,0.2777800773543855,0.7804878048780488,0.8548837209302326,0.990301724137931,0.9176235646530204,41.0,Veronica.alpina,0.6353715258082815,opth,3,False,mlp1,bce,msle
766,0.6492758936755271,0.06076545252085105,0.56,0.611365719523373,0.9837758112094396,0.7540983606557377,25.0,Veronica.austriaca,0.1713657195233731,opth,3,False,mlp1,bce,msle
767,0.5969341749323716,0.008432481044816129,0.0,0.7718665464382326,0.9918887601390498,0.8681541582150102,7.0,Veronica.verna,-0.2281334535617674,opth,3,False,mlp1,bce,msle
768,0.8393309222423146,0.035810957236685925,0.9,0.6817359855334539,0.9986754966887417,0.8103170338527673,10.0,Valeriana.tuberosa,0.5817359855334541,opth,3,False,mlp1,bce,msle
769,0.8404159132007234,0.04133749552117509,1.0,0.48010849909584086,1.0,0.6487477092241906,10.0,Viola.saxatilis,0.48010849909584086,opth,3,False,mlp1,bce,msle
770,0.859045904590459,0.05089929429466414,0.8,0.6156615661566157,0.9985401459854014,0.7616926503340757,5.0,Carex.acutiformis,0.41566156615661587,opth,3,False,mlp1,bce,msle
771,0.8909966877446552,0.12966841496278184,0.6666666666666666,0.8988256549232159,0.996993987975952,0.9453681710213777,9.0,Carex.bicolor,0.5654923215898826,opth,3,False,mlp1,bce,msle
772,0.6964928057553956,0.008213306022083719,0.5,0.6798561151079137,0.9973614775725593,0.8085561497326204,4.0,Carex.cuprina,0.17985611510791366,opth,3,False,mlp1,bce,msle
773,0.9317160826594788,0.030123955829472707,1.0,0.7439353099730458,1.0,0.8531684698608965,3.0,Carex.disticha,0.7439353099730459,opth,3,False,mlp1,bce,msle
774,0.86215270337833,0.17004856403530222,0.8205128205128205,0.7799442896935933,0.9917355371900827,0.8731808731808732,39.0,Carex.foetida,0.6004571102064138,opth,3,False,mlp1,bce,msle
775,0.6547099958864665,0.014264278170669447,0.5454545454545454,0.648868778280543,0.9930747922437673,0.7848932676518884,11.0,Carex.frigida,0.19432332373508832,opth,3,False,mlp1,bce,msle
776,0.8430493273542601,0.005681818181818182,0.0,0.8609865470852018,0.9989594172736732,0.9248554913294798,1.0,Carex.melanostachya,-0.13901345291479816,opth,3,False,mlp1,bce,msle
777,0.6637897719953626,0.017172244378803086,0.42857142857142855,0.8340847610459874,0.9956942949407965,0.9077526987242395,7.0,Carex.ovalis,0.262656189617416,opth,3,False,mlp1,bce,msle
778,0.5638489208633093,0.005439635995825388,0.0,0.8974820143884892,0.9960079840319361,0.9441816461684012,4.0,Carex.paniculata,-0.10251798561151082,opth,3,False,mlp1,bce,msle
779,0.849672176884983,0.17641661738289516,0.8518518518518519,0.7495291902071564,0.9900497512437811,0.8531618435155413,54.0,Carex.parviflora,0.6013810420590082,opth,3,False,mlp1,bce,msle
780,0.6531025179856115,0.007330144064714943,0.25,0.8561151079136691,0.9968586387434555,0.9211417513304305,4.0,Carex.viridula,0.10611510791366907,opth,3,False,mlp1,bce,msle
781,0.3052064631956912,0.0019351758229412424,0.0,0.6355475763016158,0.9971830985915493,0.7763157894736842,2.0,Eleocharis.quinqueflora,-0.36445242369838415,opth,3,False,mlp1,bce,msle
782,0.5795863309352518,0.006690132225246557,0.0,0.9298561151079137,0.9961464354527938,0.9618604651162791,4.0,Eriophorum.polystachion,-0.07014388489208634,opth,3,False,mlp1,bce,msle
783,0.9094888663967612,0.3594605493799273,0.8289473684210527,0.825,0.9850746268656716,0.8979591836734694,76.0,Kobresia.myosuroides,0.6539473684210526,opth,3,False,mlp1,bce,msle
784,0.6016187050359713,0.009879876215115733,0.5,0.5548561151079137,0.9967689822294022,0.7128827267475448,4.0,Schoenus.nigricans,0.05485611510791366,opth,3,False,mlp1,bce,msle
785,0.6175942549371634,0.0035535011603269094,0.5,0.7190305206463196,0.9987531172069826,0.8361169102296451,2.0,Scirpoides.holoschoenus,0.21903052064631945,opth,3,False,mlp1,bce,msle
786,0.578540600220817,0.010229186987783048,0.6666666666666666,0.5853658536585366,0.9953917050691244,0.7372013651877133,9.0,Muscari.neglectum,0.2520325203252032,opth,3,False,mlp1,bce,msle
787,0.7874771480804388,0.060223572419814735,0.6818181818181818,0.7989031078610603,0.9920544835414302,0.8850632911392405,22.0,Crocus.vernus,0.4807212896792421,opth,3,False,mlp1,bce,msle
788,0.8147563176895307,0.09084183632504816,0.625,0.8267148014440433,0.9967355821545157,0.9037987173162308,8.0,Juncus.conglomeratus,0.4517148014440433,opth,3,False,mlp1,bce,msle
789,0.7201840808918849,0.026001001118996375,0.6428571428571429,0.6515426497277677,0.9930843706777317,0.7868493150684932,14.0,Luzula.alpinopilosa,0.29439979258491045,opth,3,False,mlp1,bce,msle
790,0.7649785144260283,0.18774505728433433,0.6,0.7734806629834254,0.9859154929577465,0.8668730650154799,30.0,Luzula.nutans,0.3734806629834253,opth,3,False,mlp1,bce,msle
791,0.7037701974865351,0.004410707372379846,1.0,0.6077199281867145,1.0,0.756002233389168,2.0,Gagea.fragifera,0.6077199281867145,opth,3,False,mlp1,bce,msle
792,0.7825696316262354,0.010252227187837096,0.6666666666666666,0.6756513926325247,0.99867197875166,0.8060021436227224,3.0,Tulipa.australis,0.34231805929919146,opth,3,False,mlp1,bce,msle
793,0.725365305357812,0.049273727240558673,0.5882352941176471,0.6933575978161965,0.9908972691807543,0.815845824411135,17.0,Dactylorhiza.latifolia,0.2815928919338435,opth,3,False,mlp1,bce,msle
794,0.6756756756756757,0.009170386599681668,0.8333333333333334,0.5846846846846847,0.9984615384615385,0.7375,6.0,Ophrys.fuciflora,0.4180180180180182,opth,3,False,mlp1,bce,msle
795,0.8316816816816817,0.020896494767852207,1.0,0.6342342342342342,1.0,0.7761852260198456,6.0,Orchis.purpurea,0.6342342342342342,opth,3,False,mlp1,bce,msle
796,0.7768903774314053,0.021504731015149547,0.8571428571428571,0.6690712353471596,0.9986541049798116,0.8012958963282938,7.0,Orchis.simia,0.5262140924900167,opth,3,False,mlp1,bce,msle
797,0.9214316655837123,0.45170151333856934,0.8888888888888888,0.8421052631578947,0.988558352402746,0.9094736842105263,90.0,Alopecurus.alpinus,0.7309941520467835,opth,3,False,mlp1,bce,msle
798,0.9245283018867925,0.023296648706484773,1.0,0.7960467205750225,1.0,0.8864432216108054,3.0,Alopecurus.rendlei,0.7960467205750223,opth,3,False,mlp1,bce,msle
799,0.7964446756850503,0.36996710987664,0.8494623655913979,0.6397849462365591,0.9550561797752809,0.7662588538312942,186.0,Avenula.pubescens,0.489247311827957,opth,3,False,mlp1,bce,msle
800,0.8526610644257703,0.179382003617175,0.6888888888888889,0.80765639589169,0.9840728100113766,0.8871794871794871,45.0,Avenula.versicolor,0.4965452847805789,opth,3,False,mlp1,bce,msle
801,0.7234939414723366,0.22463329955960515,0.8888888888888888,0.4825102880658436,0.9670103092783505,0.6437886067261496,144.0,Brachypodium.rupestre,0.37139917695473246,opth,3,False,mlp1,bce,msle
802,0.7295660036166365,0.017590796684207422,0.8,0.6482820976491862,0.9972183588317107,0.7857534246575343,10.0,Bromus.commutatus,0.44828209764918636,opth,3,False,mlp1,bce,msle
803,0.9065099457504521,0.10929214374753907,0.8,0.8435804701627486,0.9978609625668449,0.9142577168054875,10.0,Bromus.racemosus,0.6435804701627488,opth,3,False,mlp1,bce,msle
804,0.6203957382039573,0.027114086515382028,0.6190476190476191,0.5050228310502283,0.9857397504456328,0.6678743961352657,21.0,Elytrigia.repens,0.12407045009784734,opth,3,False,mlp1,bce,msle
805,0.6316362275958236,0.03632326878979577,0.3333333333333333,0.7144168962350781,0.9773869346733668,0.8254641909814323,27.0,Festuca.cinerea,0.04775022956841135,opth,3,False,mlp1,bce,msle
806,0.5759746266684287,0.037112328114058096,0.22857142857142856,0.8048103607770583,0.9698996655518395,0.8796764408493428,35.0,Festuca.marginata,0.0333817893484869,opth,3,False,mlp1,bce,msle
807,0.8215649606299212,0.30131801895630783,0.91,0.6309055118110236,0.9861538461538462,0.7695078031212484,100.0,Festuca.pratensis,0.5409055118110238,opth,3,False,mlp1,bce,msle
808,0.5974797479747975,0.0077427899456809345,0.4,0.49684968496849685,0.9945945945945946,0.6626650660264105,5.0,Festuca.trichophylla,-0.10315031503150318,opth,3,False,mlp1,bce,msle
809,0.8296997120526532,0.0295016002839674,1.0,0.579185520361991,1.0,0.7335243553008596,11.0,Gaudinia.fragilis,0.5791855203619911,opth,3,False,mlp1,bce,msle
810,0.8332519701513356,0.06319873007759799,0.7692307692307693,0.728921124206709,0.9962825278810409,0.8418848167539267,13.0,Helictotrichon.parlatorei,0.49815189343747823,opth,3,False,mlp1,bce,msle
811,0.8992453689113002,0.4619819862162916,0.8947368421052632,0.7604790419161677,0.9844961240310077,0.8581081081081081,114.0,Helictotrichon.sedenense,0.6552158840214308,opth,3,False,mlp1,bce,msle
812,0.7953427682424973,0.047167837833074086,0.6666666666666666,0.6585365853658537,0.9959016393442623,0.7928221859706363,9.0,Helictotrichon.sempervirens,0.3252032520325203,opth,3,False,mlp1,bce,msle
813,0.5686714542190305,0.0030254405937931404,1.0,0.3087971274685817,1.0,0.4718792866941015,2.0,Hordeum.murinum,0.3087971274685817,opth,3,False,mlp1,bce,msle
814,0.7423561151079137,0.010636503580051969,0.75,0.7643884892086331,0.9988249118683902,0.8660213958227203,4.0,Hordeum.secalinum,0.514388489208633,opth,3,False,mlp1,bce,msle
815,0.9695067264573991,0.02857142857142857,1.0,0.5668161434977579,1.0,0.723526044647968,1.0,Koeleria.cenisia,0.5668161434977579,opth,3,False,mlp1,bce,msle
816,0.7489955845499024,0.04704682220652894,0.5217391304347826,0.7996340347666971,0.9875706214689266,0.8837209302325582,23.0,Molinia.caerulea,0.32137316520147974,opth,3,False,mlp1,bce,msle
817,0.6599953383575479,0.08460034086406551,0.8032786885245902,0.42274881516587676,0.9737991266375546,0.5895571711830799,61.0,Phleum.pratense,0.22602750369046687,opth,3,False,mlp1,bce,msle
818,0.8459328340633978,0.2796437588442062,0.9238095238095239,0.6518298714144412,0.9880059970014993,0.7854588796185935,105.0,Poa.trivialis,0.5756393952239649,opth,3,False,mlp1,bce,msle
819,0.587038703870387,0.033359996575444875,0.8,0.47704770477047703,0.9981167608286252,0.6455542021924482,5.0,Vulpia.bromoides,0.27704770477047713,opth,3,False,mlp1,bce,msle
820,0.507957957957958,0.005940914441673864,0.3333333333333333,0.6144144144144145,0.9941690962099126,0.7594654788418709,6.0,Vulpia.ciliata,-0.05225225225225216,opth,3,False,mlp1,bce,msle
821,0.8489410820034127,0.03979323471621143,0.6666666666666666,0.8319783197831978,0.9967532467532467,0.9069423929098966,9.0,Equisetum.variegatum,0.49864498644986455,opth,3,False,mlp1,bce,msle
822,0.9232252709696318,0.3133517314097605,0.7894736842105263,0.852504638218924,0.9913700107874865,0.9167082294264339,38.0,Pachypleurum.mutellinoides,0.6419783224294502,opth,3,False,mlp1,bce,msle
823,0.6289308176100629,0.005474197872917829,0.6666666666666666,0.7142857142857143,0.9987437185929648,0.8328968046097434,3.0,Libanotis.pyrenaica,0.38095238095238093,opth,3,False,mlp1,bce,msle
824,0.7825169675377665,0.1663622115882312,0.723404255319149,0.764265668849392,0.9843373493975903,0.8604528699315429,47.0,Alchemilla.alpigena,0.48766992416854094,opth,3,False,mlp1,bce,msle
825,0.5528976916102936,0.012937433261942683,0.23076923076923078,0.6935630099728014,0.9870967741935484,0.8146964856230032,13.0,Anacamptis.morio,-0.07566775925796776,opth,3,False,mlp1,bce,msle
826,0.689192238267148,0.013613519846821,0.5,0.6353790613718412,0.9943502824858758,0.775330396475771,8.0,Mutellina.adonidifolia,0.1353790613718413,opth,3,False,mlp1,bce,msle
827,0.782729999302504,0.13326985575232578,0.6666666666666666,0.763653483992467,0.9782870928829915,0.8577472236911687,54.0,Avenula.pratensis,0.43032015065913365,opth,3,False,mlp1,bce,msle
828,0.773668127306273,0.12972248641304865,0.65625,0.7287822878228782,0.9862671660424469,0.8381962864721485,32.0,Gymnadenia.nigra,0.38503228782287824,opth,3,False,mlp1,bce,msle
829,0.07711330935251798,0.002421723148625927,0.0,0.49640287769784175,0.9928057553956835,0.6618705035971223,4.0,Murbeckiella.pinnatifida,-0.5035971223021583,opth,3,False,mlp1,bce,msle
830,0.12914798206278022,0.00102880658436214,0.0,0.6331838565022422,0.9985855728429985,0.7749725576289791,1.0,Silene.conica,-0.3668161434977578,opth,3,False,mlp1,bce,msle
