,auc,prauc,sensitivity,specificity,precision,f1,support,species,tss,postprocess,fold,prr,archi,species_loss,func_loss
0,0.7427396133278485,0.02102629932132149,0.45454545454545453,0.7312217194570135,0.9926289926289926,0.8421052631578947,11.0,Aceras.anthropophorum,0.185767174002468,opth,1,False,mlp1,bce,msle
1,0.8538060159607122,0.13972335938087938,0.8666666666666667,0.6850828729281768,0.9946524064171123,0.8113413304252999,30.0,Achillea.collina,0.5517495395948435,opth,1,False,mlp1,bce,msle
2,0.7413815509399296,0.44414443986434926,0.8007662835249042,0.5567251461988304,0.9015151515151515,0.6883586406362979,261.0,Achillea.millefolium,0.3574914297237346,opth,1,False,mlp1,bce,msle
3,0.9214204545454545,0.09727331624962834,1.0,0.7581818181818182,1.0,0.8624612202688728,16.0,Achillea.nana,0.7581818181818183,opth,1,False,mlp1,bce,msle
4,0.8651727357609711,0.2358753655338104,0.8666666666666667,0.6517273576097106,0.9914772727272727,0.7864788732394367,45.0,Achillea.roseo.alba,0.5183940242763772,opth,1,False,mlp1,bce,msle
5,0.8352068345323742,0.043091293259410225,0.75,0.8498201438848921,0.9989429175475687,0.9183673469387755,4.0,Achnatherum.calamagrostis,0.5998201438848922,opth,1,False,mlp1,bce,msle
6,0.7985183522280839,0.14163496926945734,0.711864406779661,0.7530747398297067,0.9790897908979089,0.8513368983957219,59.0,Acinos.alpinus,0.46493914660936775,opth,1,False,mlp1,bce,msle
7,0.7331353782287823,0.06971073349114427,0.625,0.6642066420664207,0.9836065573770492,0.7929515418502202,32.0,Acinos.arvensis,0.28920664206642055,opth,1,False,mlp1,bce,msle
8,0.9919282511210762,0.1,1.0,0.8143497757847533,1.0,0.897676717745922,1.0,Aconitum.lycoctonum,0.8143497757847533,opth,1,False,mlp1,bce,msle
9,0.663372267145852,0.005792351774059349,0.0,0.876010781671159,0.9969325153374233,0.9325681492109039,3.0,Cacalia.leucophylla,-0.12398921832884102,opth,1,False,mlp1,bce,msle
10,0.852017937219731,0.006024096385542169,1.0,0.6618834080717488,1.0,0.7965461413923367,1.0,Aegopodium.podagraria,0.6618834080717488,opth,1,False,mlp1,bce,msle
11,0.8037407063197026,0.10696328811767221,0.95,0.5669144981412639,0.9967320261437909,0.7227488151658767,40.0,Agrimonia.eupatoria,0.5169144981412639,opth,1,False,mlp1,bce,msle
12,0.8567788050656515,0.2241679918007254,0.8032786885245902,0.7829383886255924,0.9856801909307876,0.872688853671421,61.0,Agrostis.alpina,0.5862170771501827,opth,1,False,mlp1,bce,msle
13,0.7763254157928107,0.21704912371368273,0.7524752475247525,0.6413793103448275,0.9630177514792899,0.7699586043761089,101.0,Agrostis.capillaris,0.39385455786958,opth,1,False,mlp1,bce,msle
14,0.8527868208352043,0.19363662746933738,0.8823529411764706,0.7414122137404581,0.9898089171974522,0.8477905073649754,68.0,Agrostis.rupestris,0.6237651549169287,opth,1,False,mlp1,bce,msle
15,0.720264980427582,0.03963725751510784,0.6666666666666666,0.7317073170731707,0.996309963099631,0.84375,9.0,Agrostis.agrostiflora,0.39837398373983746,opth,1,False,mlp1,bce,msle
16,0.7805267358339985,0.24364033468255253,0.5714285714285714,0.8007448789571695,0.979498861047836,0.8811475409836066,42.0,Agrostis.stolonifera,0.3721734503857408,opth,1,False,mlp1,bce,msle
17,0.7779385171790235,0.0555960937563392,0.5,0.7730560578661845,0.9941860465116279,0.8697863682604272,10.0,Ajuga.chamaepitys,0.2730560578661845,opth,1,False,mlp1,bce,msle
18,0.8176845943482224,0.08174987849886234,0.7894736842105263,0.7219690063810392,0.9949748743718593,0.8367670364500792,19.0,Ajuga.genevensis,0.5114426905915654,opth,1,False,mlp1,bce,msle
19,0.7284810126582278,0.024300793786666157,0.2,0.8652802893309223,0.9917098445595854,0.9241912119748914,10.0,Ajuga.pyramidalis,0.06528028933092234,opth,1,False,mlp1,bce,msle
20,0.8840511986997155,0.20086638172282853,0.8043478260869565,0.7850467289719626,0.9893992932862191,0.8754559666492965,46.0,Ajuga.reptans,0.5893945550589192,opth,1,False,mlp1,bce,msle
21,0.800942032864101,0.056888733136263483,0.8823529411764706,0.5932666060054596,0.9969418960244648,0.7438676554478038,17.0,Alchemilla.alpina,0.47561954718193,opth,1,False,mlp1,bce,msle
22,0.6746099050203529,0.12779913455453992,0.5909090909090909,0.7257462686567164,0.9773869346733668,0.8329764453961456,44.0,Alchemilla.xanthochlora,0.31665535956580726,opth,1,False,mlp1,bce,msle
23,0.7275920907357221,0.020216220146905335,0.4444444444444444,0.7750677506775068,0.9942062572421785,0.8710659898477158,9.0,Allium.lusitanicum,0.2195121951219512,opth,1,False,mlp1,bce,msle
24,0.7559188616409325,0.07771334756244112,0.7333333333333333,0.5676657584014533,0.9936406995230525,0.7225433526011561,15.0,Allium.oleraceum,0.30099909173478645,opth,1,False,mlp1,bce,msle
25,0.7118181818181818,0.12384941163574593,0.6875,0.649090909090909,0.9930458970792768,0.7850467289719626,16.0,Allium.schoenoprasum,0.33659090909090894,opth,1,False,mlp1,bce,msle
26,0.5827182718271827,0.006171219812778277,0.6,0.45364536453645365,0.9960474308300395,0.6233766233766234,5.0,Allium.scorodoprasum,0.05364536453645363,opth,1,False,mlp1,bce,msle
27,0.7381576834555479,0.036762109077493,0.5294117647058824,0.7761601455868972,0.9907084785133565,0.8704081632653061,17.0,Allium.sphaerocephalon,0.3055719102927794,opth,1,False,mlp1,bce,msle
28,0.7643564356435644,0.013603174603174603,1.0,0.4671467146714671,1.0,0.6368098159509202,5.0,Allium.vineale,0.4671467146714672,opth,1,False,mlp1,bce,msle
29,0.9111716621253405,0.21341134206544699,0.8666666666666667,0.8483197093551317,0.9978632478632479,0.917034855179185,15.0,Alopecurus.pratensis,0.7149863760217983,opth,1,False,mlp1,bce,msle
30,0.7245120817843866,0.06789718595100347,0.7,0.6152416356877324,0.9821958456973294,0.7565714285714286,40.0,Alyssum.alyssoides,0.31524163568773234,opth,1,False,mlp1,bce,msle
31,0.7166516109605541,0.031132585838951454,0.3333333333333333,0.8130081300813008,0.9933774834437086,0.8941877794336811,9.0,Anacamptis.pyramidalis,0.14634146341463405,opth,1,False,mlp1,bce,msle
32,0.87,0.12332312573948506,0.5625,0.82,0.9922992299229924,0.8979591836734694,16.0,Androsace.obtusifolia,0.38249999999999984,opth,1,False,mlp1,bce,msle
33,0.7000899280575539,0.01165326430936103,0.5,0.7392086330935251,0.9975728155339806,0.8491735537190083,4.0,Angelica.sylvestris,0.23920863309352525,opth,1,False,mlp1,bce,msle
34,0.8606693136698809,0.16629532320890128,0.6829268292682927,0.8251162790697675,0.9855555555555555,0.8982278481012658,41.0,Antennaria.carpatica,0.5080431083380601,opth,1,False,mlp1,bce,msle
35,0.8300599343285768,0.20414713183451905,0.8481012658227848,0.7309546769527483,0.9844155844155844,0.8389596015495296,79.0,Antennaria.dioica,0.5790559427755331,opth,1,False,mlp1,bce,msle
36,0.7117554151624549,0.015334169952097564,0.5,0.7563176895306859,0.995249406175772,0.8594871794871795,8.0,Anthemis.arvensis,0.256317689530686,opth,1,False,mlp1,bce,msle
37,0.696636760543108,0.08216333257662947,0.6842105263157895,0.6280765724703737,0.9913669064748202,0.7689732142857143,19.0,Anthericum.liliago,0.31228709878616323,opth,1,False,mlp1,bce,msle
38,0.5473732489919162,0.3285857320741572,0.6268656716417911,0.4507042253521127,0.7379454926624738,0.5596184419713831,335.0,Anthoxanthum.odoratum,0.07756989699390382,opth,1,False,mlp1,bce,msle
39,0.8434486398311183,0.07631048713621705,0.8947368421052632,0.6845943482224248,0.99734395750332,0.8118918918918919,19.0,Anthriscus.sylvestris,0.5793311903276881,opth,1,False,mlp1,bce,msle
40,0.6887624466571836,0.2790564020229067,0.5081081081081081,0.7121374865735768,0.8793103448275862,0.7869436201780415,185.0,Anthyllis.vulneraria,0.22024559468168503,opth,1,False,mlp1,bce,msle
41,0.8393177737881509,0.008210512147520022,1.0,0.6714542190305206,1.0,0.80343716433942,2.0,Aphanes.arvensis,0.6714542190305206,opth,1,False,mlp1,bce,msle
42,0.566427289048474,0.0030086597075059517,0.5,0.5511669658886894,0.9983739837398374,0.7102371312897628,2.0,Aquilegia.vulgaris,0.0511669658886893,opth,1,False,mlp1,bce,msle
43,0.564240790655885,0.0039823264426114445,0.3333333333333333,0.5893980233602875,0.9969604863221885,0.740824392998306,3.0,Arabidopsis.thaliana,-0.07726864330637917,opth,1,False,mlp1,bce,msle
44,0.8133208255159475,0.16092408660727753,0.6,0.8621013133208255,0.9787007454739084,0.9167082294264339,50.0,Arabis.ciliata,0.4621013133208254,opth,1,False,mlp1,bce,msle
45,0.6828587634713557,0.05449493981109599,0.5365853658536586,0.6762790697674419,0.9745308310991957,0.7984623833058759,41.0,Arabis.hirsuta,0.21286443562110047,opth,1,False,mlp1,bce,msle
46,0.708842608398771,0.18468305424860149,0.48514851485148514,0.7280788177339902,0.934260429835651,0.8183831672203765,101.0,Arenaria.serpyllifolia,0.21322733258547544,opth,1,False,mlp1,bce,msle
47,0.47099820143884896,0.00539217624786448,0.25,0.8309352517985612,0.9967637540453075,0.9063266307013241,4.0,Armeria.arenaria,0.08093525179856131,opth,1,False,mlp1,bce,msle
48,0.8037649907749078,0.09753136059934095,0.5625,0.8828413284132841,0.9855818743563337,0.9313868613138686,32.0,Arnica.montana,0.4453413284132841,opth,1,False,mlp1,bce,msle
49,0.8585688345299716,0.4826634672329665,0.8632075471698113,0.7334070796460177,0.958092485549133,0.8308270676691729,212.0,Arrhenatherum.elatius,0.596614626815829,opth,1,False,mlp1,bce,msle
50,0.6880072137060415,0.010992939490236114,0.42857142857142855,0.6988277727682597,0.9948652118100129,0.8209745762711864,7.0,Artemisia.absinthium,0.1273992013396883,opth,1,False,mlp1,bce,msle
51,0.8704304869442484,0.20508741684980533,0.7692307692307693,0.8559633027522936,0.9936102236421726,0.9196648595367176,26.0,Artemisia.campestris,0.6251940719830629,opth,1,False,mlp1,bce,msle
52,0.5739910313901345,0.0021008403361344537,0.0,0.862780269058296,0.9989615784008308,0.9258902791145333,1.0,Artemisia.vulgaris,-0.13721973094170403,opth,1,False,mlp1,bce,msle
53,0.7997998242359144,0.13214007909968573,0.6578947368421053,0.8079777365491652,0.9852941176470589,0.8878695208970439,38.0,Asperula.cynanchica,0.46587247339127047,opth,1,False,mlp1,bce,msle
54,0.909866506072468,0.08085316305584311,0.8888888888888888,0.7913279132791328,0.9988597491448119,0.8830645161290323,9.0,Asphodelus.albus,0.6802168021680215,opth,1,False,mlp1,bce,msle
55,0.8504648807879959,0.21773011416601348,0.6274509803921569,0.7962441314553991,0.9780853517877739,0.8778467908902692,51.0,Aster.alpinus,0.42369511184755604,opth,1,False,mlp1,bce,msle
56,0.8339872262773722,0.11241271386519924,0.7,0.7874087591240876,0.9930955120828538,0.8783715012722646,20.0,Aster.bellidiastrum,0.48740875912408743,opth,1,False,mlp1,bce,msle
57,0.3339317773788151,0.0019768098003167265,0.0,0.8752244165170556,0.9979529170931423,0.9325681492109039,2.0,Aster.linosyris,-0.12477558348294437,opth,1,False,mlp1,bce,msle
58,0.8922014665738907,0.08646982497043423,0.7058823529411765,0.8553230209281165,0.9947089947089947,0.9197651663405088,17.0,Astragalus.alpinus,0.561205373869293,opth,1,False,mlp1,bce,msle
59,0.8235998802036537,0.010619984304194831,1.0,0.6756513926325247,1.0,0.8064343163538874,3.0,Astragalus.depressus,0.6756513926325247,opth,1,False,mlp1,bce,msle
60,0.8038068181818182,0.06767326132315162,0.6875,0.7236363636363636,0.9937578027465668,0.8374539715938979,16.0,Astragalus.monspessulanus,0.41113636363636363,opth,1,False,mlp1,bce,msle
61,0.9668749999999999,0.3996412017356167,1.0,0.8072727272727273,1.0,0.8933601609657947,16.0,Astragalus.onobrychis,0.8072727272727271,opth,1,False,mlp1,bce,msle
62,0.654387541179994,0.02742021212340847,0.6666666666666666,0.47079964061096136,0.9980952380952381,0.6398046398046398,3.0,Astragalus.penduliflorus,0.1374663072776281,opth,1,False,mlp1,bce,msle
63,0.8610603290676417,0.09931862764596684,0.9090909090909091,0.6380255941499086,0.9971428571428571,0.778149386845039,22.0,Astrantia.major,0.5471165032408176,opth,1,False,mlp1,bce,msle
64,0.7742369838420107,0.047474747474747475,0.5,0.7710951526032316,0.9988372093023256,0.8703140830800405,2.0,Astrantia.minor,0.2710951526032317,opth,1,False,mlp1,bce,msle
65,0.745844729644435,0.09007665564876972,0.7346938775510204,0.6438612933458294,0.9814285714285714,0.7775891341256367,49.0,Deschampsia.flexuosa,0.37855517089685,opth,1,False,mlp1,bce,msle
66,0.7765791017534711,0.1313526965192875,0.603448275862069,0.7145557655954632,0.9704749679075738,0.8230811105062602,58.0,Bartsia.alpina,0.31800404145753225,opth,1,False,mlp1,bce,msle
67,0.8431912265111944,0.1472579180947092,0.9767441860465116,0.6123019571295434,0.9984802431610942,0.7590987868284229,43.0,Bellis.perennis,0.589046143176055,opth,1,False,mlp1,bce,msle
68,0.7931724287888672,0.06734543276962321,0.7142857142857143,0.7168949771689498,0.9924146649810367,0.8324496288441146,21.0,Biscutella.laevigata,0.4311806914546641,opth,1,False,mlp1,bce,msle
69,0.8115178938708351,0.033209206177327255,0.7272727272727273,0.7366515837104073,0.996328029375765,0.8470343392299687,11.0,Blackstonia.perfoliata,0.4639243109831346,opth,1,False,mlp1,bce,msle
70,0.6007786762503744,0.005581160247380095,0.3333333333333333,0.7286612758310872,0.997539975399754,0.842159916926272,3.0,Blysmus.compressus,0.06199460916442057,opth,1,False,mlp1,bce,msle
71,0.7255877034358047,0.026906314158516804,0.3,0.8327305605786618,0.9924568965517241,0.9056047197640118,10.0,Bothriochloa.ischaemum,0.13273056057866173,opth,1,False,mlp1,bce,msle
72,0.7905867434034044,0.21562167645992728,0.5445544554455446,0.7990147783251231,0.9463243873978997,0.8664529914529915,101.0,Botrychium.lunaria,0.3435692337706677,opth,1,False,mlp1,bce,msle
73,0.7715439856373429,0.005789825970548862,1.0,0.6849192100538599,1.0,0.8129994672349494,2.0,Brachypodium.sylvaticum,0.6849192100538599,opth,1,False,mlp1,bce,msle
74,0.7303567799808401,0.2903653088594993,0.6324324324324324,0.6723952738990333,0.9020172910662824,0.7704615384615384,185.0,Briza.media,0.3048277063314657,opth,1,False,mlp1,bce,msle
75,0.8700027752723236,0.7328027026178182,0.7561576354679803,0.8042253521126761,0.8522388059701492,0.827536231884058,406.0,Bromus.erectus,0.5603829875806565,opth,1,False,mlp1,bce,msle
76,0.8381166964493824,0.19721605656195845,0.8524590163934426,0.6834123222748815,0.9876712328767123,0.807843137254902,61.0,Bromus.hordeaceus,0.535871338668324,opth,1,False,mlp1,bce,msle
77,0.573608617594255,0.0030605877062569974,0.5,0.5412926391382405,0.9983443708609272,0.7019790454016298,2.0,Bromus.squarrosus,0.04129263913824044,opth,1,False,mlp1,bce,msle
78,0.8081410422608244,0.048524814737893926,0.7857142857142857,0.6070780399274047,0.9955357142857143,0.7542277339346111,14.0,Bromus.sterilis,0.39279232564169053,opth,1,False,mlp1,bce,msle
79,0.7378590750998325,0.013858784002474499,0.5714285714285714,0.7889990982867449,0.9965831435079726,0.8807247106190237,7.0,Bromus.tectorum,0.36042766971531615,opth,1,False,mlp1,bce,msle
80,0.7774782869122492,0.009948580371115581,0.6666666666666666,0.5929919137466307,0.9984871406959153,0.7440811724915445,3.0,Bunias.orientalis,0.25965858041329737,opth,1,False,mlp1,bce,msle
81,0.8581851418308933,0.2781570658368872,0.711864406779661,0.8192999053926207,0.9807474518686297,0.8927835051546392,59.0,Bunium.bulbocastanum,0.5311643121722818,opth,1,False,mlp1,bce,msle
82,0.768625678119349,0.05580877396997076,0.6,0.7151898734177216,0.9949685534591195,0.8321935823250921,10.0,Buphthalmum.salicifolium,0.3151898734177214,opth,1,False,mlp1,bce,msle
83,0.7628460394377009,0.06020883567440181,0.5263157894736842,0.8277119416590701,0.990185387131952,0.9016881827209533,19.0,Bupleurum.falcatum,0.3540277311327542,opth,1,False,mlp1,bce,msle
84,0.7650317572335921,0.07126627138120657,0.5769230769230769,0.7348623853211009,0.9864532019704434,0.8422712933753943,26.0,Bupleurum.ranunculoides,0.3117854622441778,opth,1,False,mlp1,bce,msle
85,0.824502712477396,0.21760578175283243,0.8,0.6618444846292948,0.997275204359673,0.7956521739130434,10.0,Calamagrostis.varia,0.46184448462929484,opth,1,False,mlp1,bce,msle
86,0.5593525179856115,0.006078871668633345,0.25,0.7814748201438849,0.9965596330275229,0.876008064516129,4.0,Calluna.vulgaris,0.03147482014388503,opth,1,False,mlp1,bce,msle
87,0.903442738131085,0.23780091561703556,0.6666666666666666,0.9250225835591689,0.997078870496592,0.9597000937207123,9.0,Calystegia.sepium,0.5916892502258355,opth,1,False,mlp1,bce,msle
88,0.7202702702702702,0.010813792686915109,0.16666666666666666,0.80990990990991,0.9944690265486725,0.8927507447864945,6.0,Campanula.barbata,-0.023423423423423406,opth,1,False,mlp1,bce,msle
89,0.6956100514683621,0.025466801309518425,0.4,0.7520435967302452,0.989247311827957,0.8544891640866873,15.0,Campanula.cochleariifolia,0.15204359673024515,opth,1,False,mlp1,bce,msle
90,0.8243210899383228,0.16372574391038172,0.8235294117647058,0.6882629107981221,0.9878706199460916,0.811289429994466,51.0,Campanula.glomerata,0.5117923225628278,opth,1,False,mlp1,bce,msle
91,0.7391472368929537,0.032715038645933545,0.42857142857142855,0.8034265103697025,0.9955307262569832,0.8892215568862275,7.0,Campanula.rapunculoides,0.23199793894113108,opth,1,False,mlp1,bce,msle
92,0.7846660676849355,0.00959713015337904,1.0,0.5768194070080862,1.0,0.7316239316239316,3.0,Campanula.rapunculus,0.5768194070080863,opth,1,False,mlp1,bce,msle
93,0.8549003332397495,0.40876662261003804,0.8354430379746836,0.7000964320154291,0.9824086603518268,0.8175675675675675,79.0,Campanula.rhomboidalis,0.5355394699901126,opth,1,False,mlp1,bce,msle
94,0.6518840804910263,0.13015940133666618,0.5737704918032787,0.6815165876777252,0.9651006711409396,0.7988888888888889,61.0,Campanula.rotundifolia,0.2552870794810038,opth,1,False,mlp1,bce,msle
95,0.8688854499445414,0.4190417498865948,0.7515923566878981,0.8321167883211679,0.953405017921147,0.888641425389755,157.0,Campanula.scheuchzeri,0.5837091450090659,opth,1,False,mlp1,bce,msle
96,0.6919891989198921,0.00984185126474952,0.0,0.9441944194419442,0.9952561669829222,0.9690531177829099,5.0,Campanula.thyrsoides,-0.055805580558055845,opth,1,False,mlp1,bce,msle
97,0.7027482499351827,0.037630769408063654,0.5714285714285714,0.588021778584392,0.9908256880733946,0.7380410022779044,14.0,Capsella.bursa.pastoris,0.15945035001296337,opth,1,False,mlp1,bce,msle
98,0.9617117117117117,0.10293351571159493,1.0,0.80990990990991,1.0,0.8949726231956198,6.0,Cardamine.pratensis,0.8099099099099099,opth,1,False,mlp1,bce,msle
99,0.8050570843091334,0.36509754641835784,0.6285714285714286,0.8176229508196722,0.9388235294117647,0.8740416210295728,140.0,Carduus.defloratus,0.44619437939110074,opth,1,False,mlp1,bce,msle
100,0.7103510351035104,0.011186969783780394,0.4,0.8820882088208821,0.9969481180061037,0.936007640878701,5.0,Carduus.nutans,0.28208820882088226,opth,1,False,mlp1,bce,msle
101,0.6800493624023036,0.02082154655347451,0.2727272727272727,0.8334841628959276,0.9913885898815931,0.9056047197640118,11.0,Carex.atrata,0.10621143562320023,opth,1,False,mlp1,bce,msle
102,0.8792105446683869,0.10474701907647294,0.6153846153846154,0.929283771532185,0.9951456310679612,0.9610876699484294,13.0,Carex.capillaris,0.5446683869168005,opth,1,False,mlp1,bce,msle
103,0.7216682879377432,0.19768486679282352,0.5454545454545454,0.75,0.9506781750924784,0.8384991843393148,88.0,Carex.caryophyllea,0.2954545454545454,opth,1,False,mlp1,bce,msle
104,0.866020213056542,0.2083378923732255,0.8428571428571429,0.780114722753346,0.9866989117291415,0.8713294180459157,70.0,Carex.curvula,0.6229718656104888,opth,1,False,mlp1,bce,msle
105,0.5219311452373783,0.014868656404603883,0.2222222222222222,0.8590785907859079,0.9926931106471816,0.9210653753026634,9.0,Carex.davalliana,0.08130081300813008,opth,1,False,mlp1,bce,msle
106,0.751692238267148,0.023407411407143024,0.375,0.8122743682310469,0.994475138121547,0.8941877794336811,8.0,Carex.distans,0.18727436823104693,opth,1,False,mlp1,bce,msle
107,0.8112612612612613,0.02053730238026098,1.0,0.5423423423423424,1.0,0.7032710280373832,6.0,Carex.divulsa,0.5423423423423424,opth,1,False,mlp1,bce,msle
108,0.8338579136690648,0.018083554457005078,1.0,0.6474820143884892,1.0,0.7860262008733624,4.0,Carex.ericetorum,0.6474820143884892,opth,1,False,mlp1,bce,msle
109,0.6427607913669064,0.009193064862330043,0.5,0.6699640287769785,0.9973226238286479,0.8015061861215708,4.0,Carex.ferruginea,0.16996402877697836,opth,1,False,mlp1,bce,msle
110,0.6839173228346457,0.14118947204342125,0.39,0.7312992125984252,0.9241293532338308,0.8164835164835165,100.0,Carex.flacca,0.12129921259842513,opth,1,False,mlp1,bce,msle
111,0.822145061728395,0.10310907136505923,0.5555555555555556,0.8425925925925926,0.9827213822894169,0.9072781655034895,36.0,Carex.halleriana,0.39814814814814814,opth,1,False,mlp1,bce,msle
112,0.8727240649258998,0.1519624855112247,0.8846153846153846,0.7229357798165138,0.9962073324905183,0.837852206273259,26.0,Carex.hirta,0.6075511644318983,opth,1,False,mlp1,bce,msle
113,0.8807174887892377,0.007462686567164179,1.0,0.7408071748878924,1.0,0.8511076764554354,1.0,Carex.hostiana,0.7408071748878924,opth,1,False,mlp1,bce,msle
114,0.7654608718487396,0.13980020098334722,0.5357142857142857,0.8226102941176471,0.98568281938326,0.8967935871743486,28.0,Carex.humilis,0.3583245798319328,opth,1,False,mlp1,bce,msle
115,0.7131616978001392,0.057015294477816836,0.35294117647058826,0.8753412192902639,0.9886947584789312,0.9285714285714286,17.0,Carex.liparocarpos,0.22828239576085219,opth,1,False,mlp1,bce,msle
116,0.7907700285195749,0.050413569115596246,0.7857142857142857,0.7132486388384754,0.9961977186311787,0.8313061872025383,14.0,Carex.montana,0.49896292455276114,opth,1,False,mlp1,bce,msle
117,0.8309552722121029,0.06227684864133601,0.9444444444444444,0.6174863387978142,0.9985272459499264,0.7630838491840181,18.0,Carex.spicata,0.5619307832422586,opth,1,False,mlp1,bce,msle
118,0.6543916929829257,0.06977124941449098,0.5294117647058824,0.7479526842584168,0.9903614457831326,0.8522550544323484,17.0,Carex.nigra,0.277364448964299,opth,1,False,mlp1,bce,msle
119,0.8051468024269475,0.09632037160138637,0.5384615384615384,0.8349954669084315,0.9935275080906149,0.9073891625615763,13.0,Carex.ornithopoda,0.37345700536996995,opth,1,False,mlp1,bce,msle
120,0.7405399979925725,0.03228883539109656,0.4444444444444444,0.8328816621499548,0.9946062567421791,0.9065880039331367,9.0,Carex.pallescens,0.27732610659439927,opth,1,False,mlp1,bce,msle
121,0.8049723756906078,0.1578522971368138,0.7666666666666667,0.6703499079189686,0.9904761904761905,0.7995606809445359,30.0,Carex.panicea,0.43701657458563536,opth,1,False,mlp1,bce,msle
122,0.7824593128390597,0.029241661193183277,0.8,0.6500904159132007,0.9972260748959778,0.7870826491516146,10.0,Carex.rupestris,0.45009041591320065,opth,1,False,mlp1,bce,msle
123,0.8072841100535175,0.3987348298982804,0.8067632850241546,0.6798679867986799,0.939209726443769,0.7887683471601787,207.0,Carex.sempervirens,0.4866312718228345,opth,1,False,mlp1,bce,msle
124,0.8357386363636363,0.05288434823208253,0.625,0.8118181818181818,0.9933259176863182,0.8934467233616809,16.0,Carex.tomentosa,0.43681818181818177,opth,1,False,mlp1,bce,msle
125,0.8159871584008097,0.35402155586514034,0.6484375,0.8208502024291497,0.947429906542056,0.8796095444685467,128.0,Carlina.acaulis,0.46928770242914974,opth,1,False,mlp1,bce,msle
126,0.8322282037815125,0.12612163621466138,0.6428571428571429,0.8354779411764706,0.9891186071817193,0.905829596412556,28.0,Carlina.vulgaris,0.47833508403361336,opth,1,False,mlp1,bce,msle
127,0.7823848487634458,0.1938458285895887,0.7671232876712328,0.6040268456375839,0.973724884080371,0.7455621301775148,73.0,Carum.carvi,0.37115013330881674,opth,1,False,mlp1,bce,msle
128,0.7331325301204819,0.26550140141418554,0.9819277108433735,0.42210526315789476,0.9925742574257426,0.5923190546528804,166.0,Centaurea.jacea,0.40403297400126825,opth,1,False,mlp1,bce,msle
129,0.8830979634309499,0.23365080066200275,0.9032258064516129,0.712442396313364,0.9961340206185567,0.830736163353036,31.0,Centaurea.montana,0.6156682027649769,opth,1,False,mlp1,bce,msle
130,0.8295656659077975,0.3406889172522002,0.8303571428571429,0.651394422310757,0.9717682020802377,0.7799642218246869,112.0,Centaurea.scabiosa,0.48175156516789985,opth,1,False,mlp1,bce,msle
131,0.804917067425655,0.45134723419098466,0.7217391304347827,0.744920993227991,0.9116022099447514,0.8198757763975155,230.0,Cerastium.arvense,0.46666012366277365,opth,1,False,mlp1,bce,msle
132,0.7880583953220096,0.06249823932621976,0.6956521739130435,0.7154620311070449,0.991128010139417,0.8310308182784272,23.0,Cerastium.brachypetalum,0.41111420502008844,opth,1,False,mlp1,bce,msle
133,0.8074829161475441,0.31526157721913217,0.8148148148148148,0.672782874617737,0.9635036496350365,0.7923169267707083,135.0,Cerastium.fontanum,0.4875976894325518,opth,1,False,mlp1,bce,msle
134,0.8334345274235984,0.11484730372739804,0.6666666666666666,0.6967213114754098,0.9922178988326849,0.8186195826645265,18.0,Cerastium.glomeratum,0.3633879781420766,opth,1,False,mlp1,bce,msle
135,0.7224921218487395,0.05655845646316985,0.6071428571428571,0.6930147058823529,0.9856209150326798,0.813815434430653,28.0,Cerastium.pumilum,0.30015756302521,opth,1,False,mlp1,bce,msle
136,0.5595773381294964,0.0048233922605162086,0.5,0.5197841726618705,0.996551724137931,0.6832151300236406,4.0,Cerastium.semidecandrum,0.019784172661870603,opth,1,False,mlp1,bce,msle
137,0.8176845943482224,0.05074773998795962,0.7894736842105263,0.7019143117593437,0.9948320413436692,0.8230892570817745,19.0,Chaerophyllum.aureum,0.49138799596987015,opth,1,False,mlp1,bce,msle
138,0.7279385171790236,0.020652434488000124,1.0,0.48282097649186256,1.0,0.651219512195122,10.0,Chaerophyllum.hirsutum,0.4828209764918625,opth,1,False,mlp1,bce,msle
139,0.8615803814713896,0.1530863503652597,0.6666666666666666,0.9128065395095368,0.995049504950495,0.9521553765987684,15.0,Chaerophyllum.villarsii,0.5794732061762033,opth,1,False,mlp1,bce,msle
140,0.4995507637017071,0.003428527083656682,0.3333333333333333,0.5858041329739443,0.9969418960244648,0.7379739671760045,3.0,Chenopodium.album,-0.08086253369272245,opth,1,False,mlp1,bce,msle
141,0.5971223021582734,0.005903593484197717,0.25,0.6025179856115108,0.9955423476968797,0.7507002801120448,4.0,Chondrilla.juncea,-0.14748201438848918,opth,1,False,mlp1,bce,msle
142,0.7742574257425743,0.014002959065540731,1.0,0.5283528352835284,1.0,0.6914016489988222,5.0,Cichorium.intybus,0.5283528352835285,opth,1,False,mlp1,bce,msle
143,0.6799571160546769,0.19650819964568345,0.43956043956043955,0.7590243902439024,0.9384800965018094,0.8392664509169363,91.0,Cirsium.acaule,0.198584829804342,opth,1,False,mlp1,bce,msle
144,0.7774334077461584,0.09013601307756383,0.813953488372093,0.6626281453867661,0.9888734353268428,0.7935267857142857,43.0,Cirsium.arvense,0.4765816337588591,opth,1,False,mlp1,bce,msle
145,0.684933574879227,0.03189079826267623,0.16666666666666666,0.792572463768116,0.9887005649717514,0.8798391151332328,12.0,Cirsium.eriophorum,-0.040760869565217406,opth,1,False,mlp1,bce,msle
146,0.9241192411924118,0.18104733304939985,0.6666666666666666,0.924119241192412,0.9970760233918129,0.9592123769338959,9.0,Cirsium.palustre,0.5907859078590785,opth,1,False,mlp1,bce,msle
147,0.7469332777448167,0.11319897668605637,0.559322033898305,0.7757805108798487,0.9692671394799054,0.8617971623751971,59.0,Cirsium.spinosissimum,0.3351025447781537,opth,1,False,mlp1,bce,msle
148,0.7404136473429952,0.05520643591132702,0.6666666666666666,0.657608695652174,0.9945205479452055,0.7917121046892039,12.0,Cirsium.tuberosum,0.3242753623188406,opth,1,False,mlp1,bce,msle
149,0.7505565674964583,0.03536624836524451,0.6111111111111112,0.8132969034608379,0.9922222222222222,0.8938938938938938,18.0,Cirsium.vulgare,0.4244080145719491,opth,1,False,mlp1,bce,msle
150,0.7190432939751741,0.031620899328216476,0.6666666666666666,0.5367847411444142,0.9916107382550335,0.6965232763700648,15.0,Clinopodium.vulgare,0.20345140781108073,opth,1,False,mlp1,bce,msle
151,0.8270814272644098,0.08049523462471253,0.43478260869565216,0.8554437328453797,0.9862869198312236,0.916217540421362,23.0,Coeloglossum.viride,0.2902263415410318,opth,1,False,mlp1,bce,msle
152,0.8148795068186063,0.2538628214180853,0.839622641509434,0.6702970297029703,0.9755043227665706,0.7946009389671361,106.0,Colchicum.autumnale,0.5099196712124043,opth,1,False,mlp1,bce,msle
153,0.803677398989899,0.1864057036706745,0.75,0.6732954545454546,0.9793388429752066,0.797979797979798,60.0,Convolvulus.arvensis,0.4232954545454546,opth,1,False,mlp1,bce,msle
154,0.7740557553956835,0.010319753656515336,1.0,0.6214028776978417,1.0,0.7665002773155851,4.0,Conyza.canadensis,0.6214028776978417,opth,1,False,mlp1,bce,msle
155,0.7995771111404784,0.13026505268368854,0.5714285714285714,0.8279370952821462,0.9835164835164835,0.8990457056755399,35.0,Coronilla.minima,0.3993656667107177,opth,1,False,mlp1,bce,msle
156,0.7443942133815551,0.03142129977582002,0.3,0.8481012658227848,0.9925925925925926,0.9146757679180887,10.0,Crepis.aurea,0.1481012658227847,opth,1,False,mlp1,bce,msle
157,0.8642310844031686,0.23224176510115735,0.9,0.751434034416826,0.9911727616645649,0.8548123980424144,70.0,Crepis.biennis,0.6514340344168259,opth,1,False,mlp1,bce,msle
158,0.9094422259435784,0.07193857355615324,0.5714285714285714,0.9422903516681695,0.9971374045801527,0.9689383402874363,7.0,Crepis.bocconi,0.5137189230967409,opth,1,False,mlp1,bce,msle
159,0.7830748175182481,0.061029852678702264,0.6,0.781934306569343,0.9907514450867052,0.8740438551759306,20.0,Crepis.conyzifolia,0.381934306569343,opth,1,False,mlp1,bce,msle
160,0.7400845688593909,0.04526455534350521,0.47058823529411764,0.8080072793448589,0.9899665551839465,0.8897795591182365,17.0,Crepis.foetida,0.27859551463897647,opth,1,False,mlp1,bce,msle
161,0.6358191075172207,0.005019486130302673,0.3333333333333333,0.6891284815813118,0.9973992197659298,0.8150903294367694,3.0,Crepis.mollis,0.022461814914645162,opth,1,False,mlp1,bce,msle
162,0.8921586436572813,0.1380214145084732,0.9333333333333333,0.6748410535876476,0.9986559139784946,0.805420054200542,15.0,Crepis.pyrenaica,0.608174386920981,opth,1,False,mlp1,bce,msle
163,0.8193867987682422,0.13678775515891942,0.7142857142857143,0.7488284910965324,0.982779827798278,0.85,49.0,Crepis.vesicaria,0.4631142053822468,opth,1,False,mlp1,bce,msle
164,0.6732554657082959,0.009409618088573542,0.3333333333333333,0.8517520215633423,0.9978947368421053,0.9190499272903538,3.0,Cruciata.glabra,0.18508535489667555,opth,1,False,mlp1,bce,msle
165,0.8187717690192484,0.15360599729496893,0.88,0.7140238313473877,0.9961636828644501,0.8318206086492258,25.0,Cruciata.laevipes,0.5940238313473878,opth,1,False,mlp1,bce,msle
166,0.8002061058868994,0.021230075802038513,0.7142857142857143,0.6321009918845807,0.9971550497866287,0.7737306843267108,7.0,Cruciata.pedemontana,0.346386706170295,opth,1,False,mlp1,bce,msle
167,0.7683183183183183,0.015544595511439635,0.8333333333333334,0.6225225225225225,0.9985549132947977,0.7669256381798002,6.0,Cuscuta.epithymum,0.45585585585585586,opth,1,False,mlp1,bce,msle
168,0.8635191968525302,0.276926319061934,0.9523809523809523,0.6904083570750238,0.9958904109589041,0.8154795288839035,63.0,Cynosurus.cristatus,0.642789309455976,opth,1,False,mlp1,bce,msle
169,0.8499890482970102,0.6335127566007228,0.84472049689441,0.7204030226700252,0.9196141479099679,0.807909604519774,322.0,Dactylis.glomerata,0.5651235195644353,opth,1,False,mlp1,bce,msle
170,0.8509874326750448,0.008896733704179146,1.0,0.6561938958707361,1.0,0.7924119241192412,2.0,Dactylorhiza.maculata,0.6561938958707361,opth,1,False,mlp1,bce,msle
171,0.7427667269439422,0.02817463938097756,0.8,0.5018083182640145,0.9964093357271095,0.6674684305472038,10.0,Dactylorhiza.majalis,0.30180831826401455,opth,1,False,mlp1,bce,msle
172,0.4089686098654709,0.0015151515151515152,0.0,0.7327354260089686,0.9987775061124694,0.8453181583031557,1.0,Danthonia.decumbens,-0.26726457399103143,opth,1,False,mlp1,bce,msle
173,0.799004329004329,0.16323322735483028,0.8181818181818182,0.6542857142857142,0.9828326180257511,0.7855917667238422,66.0,Daucus.carota,0.4724675324675325,opth,1,False,mlp1,bce,msle
174,0.6985375757383497,0.10687933373182248,0.4482758620689655,0.7994480220791168,0.9819209039548022,0.8813387423935092,29.0,Deschampsia.cespitosa,0.24772388414808244,opth,1,False,mlp1,bce,msle
175,0.6601994926199262,0.045043992414333635,0.34375,0.7260147601476015,0.974009900990099,0.8319238900634249,32.0,Dianthus.carthusianorum,0.06976476014760147,opth,1,False,mlp1,bce,msle
176,0.6480144404332131,0.01262189437969963,0.5,0.7175090252707581,0.9949937421777222,0.8337703198741478,8.0,Dianthus.deltoides,0.2175090252707581,opth,1,False,mlp1,bce,msle
177,0.7552829493487072,0.17990766099132355,0.5116279069767442,0.8108108108108109,0.9764309764309764,0.8859470468431772,43.0,Dianthus.sylvestris,0.3224387177875552,opth,1,False,mlp1,bce,msle
178,0.7191807290995749,0.01325042738305124,0.7142857142857143,0.7141568981064021,0.9974811083123426,0.8323699421965318,7.0,Dipsacus.fullonum,0.42844261239211656,opth,1,False,mlp1,bce,msle
179,0.8366549044944751,0.15114463376454376,0.8070175438596491,0.7374881964117092,0.9861111111111112,0.8438681793625068,57.0,Draba.aizoides,0.5445057402713582,opth,1,False,mlp1,bce,msle
180,0.22672672672672672,0.003919445363344146,0.0,0.6918918918918919,0.9922480620155039,0.8152866242038217,6.0,Draba.siliquosa,-0.30810810810810807,opth,1,False,mlp1,bce,msle
181,0.836887392442948,0.11410492046993097,0.8148148148148148,0.7272727272727273,0.9937264742785445,0.8398727465535525,27.0,Dryas.octopetala,0.542087542087542,opth,1,False,mlp1,bce,msle
182,0.42647499251272836,0.02026817223288755,0.3333333333333333,0.5516621743036837,0.9967532467532467,0.7102371312897628,3.0,Dryopteris.filix.mas,-0.11500449236298294,opth,1,False,mlp1,bce,msle
183,0.7572530864197532,0.09021612245780619,0.8333333333333334,0.6037037037037037,0.9908814589665653,0.7502876869965478,36.0,Echium.vulgare,0.4370370370370371,opth,1,False,mlp1,bce,msle
184,0.8328840970350403,0.029530549657938193,0.3333333333333333,0.954177897574124,0.9981203007518797,0.975654570509876,3.0,Epilobium.angustifolium,0.2875112309074572,opth,1,False,mlp1,bce,msle
185,0.41883408071748884,0.0015408320493066256,0.0,0.6394618834080718,0.9985994397759104,0.7796610169491526,1.0,Epipactis.palustris,-0.36053811659192825,opth,1,False,mlp1,bce,msle
186,0.748327356420275,0.03755237779588971,0.5882352941176471,0.6960873521383075,0.9909326424870466,0.8177445216461785,17.0,Equisetum.arvense,0.2843226462559545,opth,1,False,mlp1,bce,msle
187,0.6460131392502897,0.010128904184316022,0.42857142857142855,0.7826871055004508,0.9954128440366973,0.8763250883392226,7.0,Equisetum.palustre,0.21125853407187933,opth,1,False,mlp1,bce,msle
188,0.8125,0.013773716898716898,0.0,0.9316546762589928,0.9961538461538462,0.9628252788104089,4.0,Equisetum.telmateia,-0.06834532374100721,opth,1,False,mlp1,bce,msle
189,0.5987432675044884,0.0032975019253506307,0.0,0.9057450628366248,0.9980217606330366,0.9496470588235294,2.0,Erigeron.acer,-0.09425493716337519,opth,1,False,mlp1,bce,msle
190,0.8024220405691795,0.05143737930916091,0.4,0.8710263396911898,0.9907024793388429,0.9270178830352828,15.0,Erigeron.alpinus,0.27102633969118983,opth,1,False,mlp1,bce,msle
191,0.8156215516000576,0.15625538588245752,0.8421052631578947,0.6526891522333638,0.9958275382475661,0.788546255506608,19.0,Erigeron.annuus,0.49479441539125846,opth,1,False,mlp1,bce,msle
192,0.8396065442135903,0.05258247725630993,0.4444444444444444,0.8654019873532068,0.9948078920041536,0.9256038647342996,9.0,Erigeron.glabratus,0.30984643179765126,opth,1,False,mlp1,bce,msle
193,0.799413357400722,0.01976403311957267,0.375,0.8574007220216606,0.9947643979057592,0.9209888511875909,8.0,Erigeron.neglectus,0.23240072202166062,opth,1,False,mlp1,bce,msle
194,0.8981122260993952,0.2284968383297865,0.8837209302325582,0.7520969245107176,0.9938423645320197,0.8562334217506631,43.0,Erigeron.uniflorus,0.6358178547432758,opth,1,False,mlp1,bce,msle
195,0.7189756317689531,0.017407374681359073,0.75,0.6236462093862816,0.9971139971139971,0.7673514714047751,8.0,Erodium.cicutarium,0.37364620938628157,opth,1,False,mlp1,bce,msle
196,0.6799273387829246,0.022687372775003024,0.3333333333333333,0.7910990009082652,0.9886492622020431,0.8789101917255298,15.0,Erophila.verna,0.1244323342415985,opth,1,False,mlp1,bce,msle
197,0.7619476010101011,0.1275866957493957,0.6833333333333333,0.7045454545454546,0.9750982961992136,0.8180318856514568,60.0,Eryngium.campestre,0.38787878787878793,opth,1,False,mlp1,bce,msle
198,0.801869028523607,0.03778476917679638,0.46153846153846156,0.7805983680870353,0.9919354838709677,0.8736681887366818,13.0,Erysimum.rhaeticum,0.24213682962549687,opth,1,False,mlp1,bce,msle
199,0.8808453237410072,0.018590381544694785,1.0,0.6223021582733813,1.0,0.7671840354767184,4.0,Erysimum.virgatum,0.6223021582733814,opth,1,False,mlp1,bce,msle
200,0.6480982330038934,0.0054563691480527185,0.0,0.9227313566936208,0.9970873786407767,0.9584694353709753,3.0,Eupatorium.cannabinum,-0.07726864330637917,opth,1,False,mlp1,bce,msle
201,0.759522591871841,0.3001679360851269,0.643312101910828,0.7466110531803962,0.927461139896373,0.8272674754477181,157.0,Euphorbia.cyparissias,0.3899231550912243,opth,1,False,mlp1,bce,msle
202,0.6945768388509597,0.024811346344944175,0.42857142857142855,0.6988277727682597,0.9948652118100129,0.8209745762711864,7.0,Euphorbia.dulcis,0.1273992013396883,opth,1,False,mlp1,bce,msle
203,0.5029226618705036,0.004320416402016794,0.0,0.7428057553956835,0.9951807228915662,0.850669412976313,4.0,Euphorbia.helioscopia,-0.2571942446043165,opth,1,False,mlp1,bce,msle
204,0.9357357357357358,0.06864899082845452,1.0,0.7900900900900901,1.0,0.8827377956718672,6.0,Euphorbia.seguieriana,0.7900900900900902,opth,1,False,mlp1,bce,msle
205,0.7983062871331028,0.10069228630903984,0.8095238095238095,0.6973929236499069,0.9894319682959049,0.8181321682140906,42.0,Euphorbia.brittingeri,0.5069167331737163,opth,1,False,mlp1,bce,msle
206,0.904346080497842,0.0715338761892622,0.5555555555555556,0.8834688346883469,0.9959266802443992,0.9363331737673528,9.0,Euphrasia.alpina,0.4390243902439024,opth,1,False,mlp1,bce,msle
207,0.8567321886411313,0.20174714874200386,0.8688524590163934,0.7393364928909952,0.9898477157360406,0.8464460119370592,61.0,Euphrasia.minima,0.6081889519073886,opth,1,False,mlp1,bce,msle
208,0.8036316190061977,0.12541359402959665,0.5882352941176471,0.8049907578558225,0.984180790960452,0.8856126080325368,34.0,Euphrasia.salisburgensis,0.3932260519734696,opth,1,False,mlp1,bce,msle
209,0.707097933513028,0.006246153422533,0.6666666666666666,0.7439353099730458,0.9987937273823885,0.8527291452111225,3.0,Euphrasia.stricta,0.41060197663971243,opth,1,False,mlp1,bce,msle
210,0.8746051888146865,0.35229669661676966,0.9252336448598131,0.6987115956392468,0.9887798036465638,0.818815331010453,107.0,Festuca.arundinacea,0.6239452404990598,opth,1,False,mlp1,bce,msle
211,0.876599634369287,0.14556526418282073,0.7272727272727273,0.8811700182815356,0.9938144329896907,0.9341085271317829,22.0,Festuca.ovina,0.6084427455542629,opth,1,False,mlp1,bce,msle
212,0.8794886363636364,0.09884069516366864,0.9375,0.7318181818181818,0.9987593052109182,0.844700944386149,16.0,Festuca.halleri,0.6693181818181819,opth,1,False,mlp1,bce,msle
213,0.7632501801461757,0.30916741321285557,0.6423841059602649,0.7419689119170985,0.9298701298701298,0.8253602305475505,151.0,Festuca.laevigata,0.3843530178773633,opth,1,False,mlp1,bce,msle
214,0.7105838477366255,0.27797544029767707,0.7013888888888888,0.6306584362139918,0.9344512195121951,0.7530712530712531,144.0,Festuca.nigrescens,0.3320473251028806,opth,1,False,mlp1,bce,msle
215,0.8027418387456088,0.2239789759279161,0.7272727272727273,0.7851083883129123,0.9823113207547169,0.8727082242011525,55.0,Festuca.paniculata,0.5123811155856397,opth,1,False,mlp1,bce,msle
216,0.8773211094709035,0.21766277236215273,0.8852459016393442,0.7459715639810427,0.9911838790931989,0.8512709572742023,61.0,Festuca.quadriflora,0.631217465620387,opth,1,False,mlp1,bce,msle
217,0.6485313247903175,0.17888430495385704,0.6363636363636364,0.5858170606372045,0.9163987138263665,0.7147335423197492,143.0,Festuca.rubra,0.22218069700084087,opth,1,False,mlp1,bce,msle
218,0.8957794661681053,0.16860070116876866,0.9130434782608695,0.7227813357731016,0.9974747474747475,0.8381962864721485,23.0,Festuca.valesiaca,0.6358248140339711,opth,1,False,mlp1,bce,msle
219,0.8376829001965496,0.35212257707486494,0.6513157894736842,0.8008298755186722,0.9357575757575758,0.8630519843487983,152.0,Festuca.violacea,0.45214566499235653,opth,1,False,mlp1,bce,msle
220,0.7734663284132841,0.09739949127252996,0.75,0.6051660516605166,0.9879518072289156,0.7505720823798627,32.0,Filipendula.vulgaris,0.3551660516605166,opth,1,False,mlp1,bce,msle
221,0.7094032549728753,0.018658986685757578,0.8,0.5397830018083183,0.996661101836394,0.7002932551319648,10.0,Fragaria.vesca,0.33978300180831833,opth,1,False,mlp1,bce,msle
222,0.6945456385347095,0.04050757477237426,0.3333333333333333,0.8752276867030966,0.987667009249743,0.9280540801545147,18.0,Fumana.procumbens,0.20856102003642984,opth,1,False,mlp1,bce,msle
223,0.7686768676867687,0.018659169998100744,0.6,0.6462646264626463,0.9972222222222222,0.7842708902239214,5.0,Galeopsis.tetrahit,0.24626462646264624,opth,1,False,mlp1,bce,msle
224,0.7419949457410435,0.06684238375994503,0.6774193548387096,0.7410138248847926,0.9877149877149877,0.8467614533965245,31.0,Galium.anisophyllon,0.41843317972350214,opth,1,False,mlp1,bce,msle
225,0.7415437117334136,0.021500894189148443,0.7777777777777778,0.6016260162601627,0.9970059880239521,0.7504225352112676,9.0,Galium.aparine,0.37940379403794044,opth,1,False,mlp1,bce,msle
226,0.7661502100840336,0.06782587818445832,0.6428571428571429,0.7095588235294118,0.9872122762148338,0.825668449197861,28.0,Galium.boreale,0.3524159663865547,opth,1,False,mlp1,bce,msle
227,0.8510455390334573,0.26475265915781815,0.575,0.8522304832713755,0.9817987152034261,0.9124378109452737,40.0,Galium.corrudifolium,0.4272304832713756,opth,1,False,mlp1,bce,msle
228,0.811402188095955,0.061574276183949735,0.8888888888888888,0.6052393857271906,0.9985096870342772,0.7536557930258717,9.0,Galium.glaucum,0.49412827461607955,opth,1,False,mlp1,bce,msle
229,0.776182074805928,0.09947734363361933,0.7692307692307693,0.6926605504587156,0.9921156373193167,0.8157752566180443,26.0,Galium.lucidum,0.4618913196894847,opth,1,False,mlp1,bce,msle
230,0.7995834659731628,0.41235249214344305,0.7980295566502463,0.6451259583789705,0.9349206349206349,0.7634478289047311,203.0,Galium.mollugo,0.4431555150292168,opth,1,False,mlp1,bce,msle
231,0.7737650861869344,0.23005167805673174,0.6635514018691588,0.7155599603567889,0.9525065963060686,0.8172043010752689,107.0,Galium.pumilum,0.3791113622259479,opth,1,False,mlp1,bce,msle
232,0.7326514825159924,0.3912618663068434,0.8152610441767069,0.566320645905421,0.9143389199255121,0.6994301994301995,249.0,Galium.verum,0.38158169008212783,opth,1,False,mlp1,bce,msle
233,0.8120026092628831,0.11720220959375888,0.6190476190476191,0.8584474885844748,0.9915611814345991,0.9202153695545766,21.0,Genista.pilosa,0.4774951076320939,opth,1,False,mlp1,bce,msle
234,0.7440546760583024,0.04294671173171349,0.38461538461538464,0.8250226654578422,0.9912854030501089,0.9005442850074221,13.0,Genista.sagittalis,0.2096380500732269,opth,1,False,mlp1,bce,msle
235,0.8042886780260516,0.06645865170400302,0.8148148148148148,0.6308539944903582,0.9927745664739884,0.7714766984839978,27.0,Genista.tinctoria,0.44566880930517305,opth,1,False,mlp1,bce,msle
236,0.7778015856010285,0.0811980374148048,0.6923076923076923,0.7381615598885793,0.9851301115241635,0.8439490445859873,39.0,Gentiana.acaulis,0.43046925219627163,opth,1,False,mlp1,bce,msle
237,0.7377295995182174,0.016463193384981756,0.7777777777777778,0.6377597109304426,0.9971751412429378,0.7779614325068871,9.0,Gentiana.alpina,0.4155374887082204,opth,1,False,mlp1,bce,msle
238,0.9325003220404483,0.07917977277314173,0.42857142857142855,0.9467989179440938,0.9962049335863378,0.970873786407767,7.0,Gentiana.bavarica,0.37537034651552226,opth,1,False,mlp1,bce,msle
239,0.7922592259225923,0.02380506012926037,0.6,0.7056705670567057,0.9974554707379135,0.8265682656826568,5.0,Gentiana.cruciata,0.3056705670567057,opth,1,False,mlp1,bce,msle
240,0.8513224463656741,0.26212208986208135,0.8133333333333334,0.7694524495677233,0.9828220858895705,0.8631465517241379,75.0,Gentiana.lutea,0.5827857829010568,opth,1,False,mlp1,bce,msle
241,0.8495273109243697,0.08038507258937319,0.10714285714285714,0.9439338235294118,0.9762357414448669,0.9598130841121495,28.0,Gentiana.nivalis,0.05107668067226889,opth,1,False,mlp1,bce,msle
242,0.7447141094199918,0.10989557828802618,0.5454545454545454,0.7493212669683258,0.9939975990396158,0.8544891640866873,11.0,Gentiana.punctata,0.2947758124228712,opth,1,False,mlp1,bce,msle
243,0.8347948197846778,0.399142178659725,0.7153846153846154,0.7829614604462475,0.9542645241038319,0.86016713091922,130.0,Gentiana.verna,0.4983460758308629,opth,1,False,mlp1,bce,msle
244,0.8043996333638863,0.1357233256296689,0.72,0.6617781851512374,0.99039780521262,0.7934065934065934,25.0,Geranium.columbinum,0.3817781851512374,opth,1,False,mlp1,bce,msle
245,0.8229444289748995,0.06335213384718812,0.8695652173913043,0.6541628545288197,0.9958217270194986,0.7896189950303699,23.0,Geranium.dissectum,0.523728071920124,opth,1,False,mlp1,bce,msle
246,0.7472071256038647,0.05977010015714572,0.6666666666666666,0.6458333333333334,0.9944211994421199,0.7830862163646348,12.0,Geranium.molle,0.3125,opth,1,False,mlp1,bce,msle
247,0.8519096075062772,0.15211555844636876,0.8571428571428571,0.7446808510638298,0.9938271604938271,0.8514013749338974,35.0,Geranium.pyrenaicum,0.6018237082066868,opth,1,False,mlp1,bce,msle
248,0.55475763016158,0.002966506757408593,0.0,0.7235188509874326,0.9975247524752475,0.8387096774193549,2.0,Geranium.robertianum,-0.2764811490125674,opth,1,False,mlp1,bce,msle
249,0.7229709493860437,0.0076192271246043036,0.6666666666666666,0.5390835579514824,0.9983361064891847,0.7001166861143524,3.0,Geranium.rotundifolium,0.20575022461814907,opth,1,False,mlp1,bce,msle
250,0.7110653098029113,0.01185290541228568,0.8571428571428571,0.5545536519386834,0.9983766233766234,0.7130434782608696,7.0,Geranium.sanguineum,0.41169650908154054,opth,1,False,mlp1,bce,msle
251,0.7942744877911871,0.3264745290245586,0.7448979591836735,0.7151277013752456,0.9667994687915007,0.8221343873517787,98.0,Geranium.sylvaticum,0.460025660558919,opth,1,False,mlp1,bce,msle
252,0.8617531117531118,0.38198948110484265,0.8766233766233766,0.7598752598752598,0.9746666666666667,0.8539719626168224,154.0,Geum.montanum,0.6364986364986365,opth,1,False,mlp1,bce,msle
253,0.8373764600179695,0.08944954128440367,1.0,0.481581311769991,1.0,0.6500909642207399,3.0,Geum.rivale,0.48158131176999097,opth,1,False,mlp1,bce,msle
254,0.7553555355535553,0.014811532894549343,1.0,0.49504950495049505,1.0,0.6622516556291391,5.0,Geum.urbanum,0.49504950495049505,opth,1,False,mlp1,bce,msle
255,0.8718179095537586,0.018966102293056224,1.0,0.6594788858939802,1.0,0.7948023822414727,3.0,Glechoma.hederacea,0.6594788858939802,opth,1,False,mlp1,bce,msle
256,0.8141190699126092,0.20024794481295166,0.5416666666666666,0.8623595505617978,0.9766702014846236,0.9159622078567876,48.0,Globularia.bisnagarica,0.40402621722846455,opth,1,False,mlp1,bce,msle
257,0.8233848314606741,0.2063900548439007,0.5833333333333334,0.8455056179775281,0.9783315276273022,0.9070818684078352,48.0,Globularia.cordifolia,0.42883895131086147,opth,1,False,mlp1,bce,msle
258,0.7575586642599278,0.0195968389852224,0.75,0.6660649819494585,0.9972972972972973,0.7987012987012987,8.0,Globularia.nudicaulis,0.4160649819494586,opth,1,False,mlp1,bce,msle
259,0.7167789757412399,0.09173522044041256,0.48214285714285715,0.7462264150943396,0.9646341463414634,0.8414893617021276,56.0,Gymnadenia.conopsea,0.22836927223719683,opth,1,False,mlp1,bce,msle
260,0.8394629963898916,0.024256782361111003,1.0,0.6597472924187726,1.0,0.7949972811310495,8.0,Gypsophila.repens,0.6597472924187726,opth,1,False,mlp1,bce,msle
261,0.7328242096311135,0.3335918560432942,0.5978835978835979,0.7594390507011867,0.9025641025641026,0.824838898652607,189.0,Helianthemum.nummularium,0.35732264858478446,opth,1,False,mlp1,bce,msle
262,0.772386942198263,0.010027670275020098,0.6666666666666666,0.6828391734052112,0.9986859395532195,0.8110992529348986,3.0,Helleborus.foetidus,0.3495058400718778,opth,1,False,mlp1,bce,msle
263,0.805980110062033,0.24369434581735042,0.8202247191011236,0.6893865628042843,0.9779005524861878,0.80868075385494,89.0,Heracleum.sphondylium,0.5096112819054079,opth,1,False,mlp1,bce,msle
264,0.7605105105105104,0.017175319943765404,0.5,0.8576576576576577,0.9968586387434555,0.9220338983050848,6.0,Hieracium.bifidum,0.3576576576576578,opth,1,False,mlp1,bce,msle
265,0.6785875451263538,0.012805376232316944,0.25,0.8167870036101083,0.9934138309549945,0.8964834076275384,8.0,Hieracium.murorum,0.06678700361010836,opth,1,False,mlp1,bce,msle
266,0.8751783765634182,0.1331557619625078,0.6666666666666666,0.8559556786703602,0.988272921108742,0.917367639782286,33.0,Hieracium.piliferum,0.5226223453370267,opth,1,False,mlp1,bce,msle
267,0.9166516651665166,0.0340417953384457,0.4,0.9198919891989199,0.9970731707317073,0.9569288389513109,5.0,Hieracium.prenanthoides,0.3198919891989198,opth,1,False,mlp1,bce,msle
268,0.8881451638486184,0.18034136542347182,0.4482758620689655,0.9144434222631095,0.9841584158415841,0.9480209823557463,29.0,Hieracium.villosum,0.362719284332075,opth,1,False,mlp1,bce,msle
269,0.6886931818181818,0.026467737293127094,0.5,0.6927272727272727,0.9896103896103896,0.8149732620320855,16.0,Himantoglossum.hircinum,0.19272727272727286,opth,1,False,mlp1,bce,msle
270,0.7001716970901861,0.1743320501923685,0.4636363636363636,0.7465208747514911,0.9271604938271605,0.8270925110132159,110.0,Hippocrepis.comosa,0.21015723838785472,opth,1,False,mlp1,bce,msle
271,0.9292564671550597,0.6268973283067011,0.8805970149253731,0.8309572301425662,0.9807692307692307,0.8996692392502756,134.0,Holcus.lanatus,0.7115542450679393,opth,1,False,mlp1,bce,msle
272,0.8497561987758067,0.1395386684022779,0.6888888888888889,0.8291316526610645,0.9844789356984479,0.9001520527116067,45.0,Homogyne.alpina,0.5180205415499533,opth,1,False,mlp1,bce,msle
273,0.5990163605339757,0.0127164823146895,0.4444444444444444,0.7714543812104788,0.9941792782305006,0.8687690742624619,9.0,Hornungia.petraea,0.21589882565492324,opth,1,False,mlp1,bce,msle
274,0.7782381829343155,0.11459257892435008,0.7,0.7458563535911602,0.989010989010989,0.8503937007874016,30.0,Hypericum.maculatum,0.44585635359116016,opth,1,False,mlp1,bce,msle
275,0.7770654208704008,0.13759696142571431,0.8947368421052632,0.5779036827195467,0.9902912621359223,0.7298747763864043,57.0,Hypericum.perforatum,0.47264052482481,opth,1,False,mlp1,bce,msle
276,0.8920028270088072,0.1939774438985543,0.8823529411764706,0.8077634011090573,0.9954441913439636,0.8918367346938776,34.0,Hypericum.richeri,0.6901163422855279,opth,1,False,mlp1,bce,msle
277,0.8267028545580077,0.20590154377966366,0.717948717948718,0.7325905292479109,0.98625,0.8407032498668088,39.0,Hypochaeris.maculata,0.45053924719662897,opth,1,False,mlp1,bce,msle
278,0.8614765684462324,0.17375194130810442,0.6176470588235294,0.8548983364140481,0.9861407249466951,0.9158415841584159,34.0,Hypochaeris.radicata,0.47254539523757755,opth,1,False,mlp1,bce,msle
279,0.7809694793536803,0.006088971269694161,1.0,0.6481149012567325,1.0,0.7864923747276689,2.0,Hyssopus.officinalis,0.6481149012567324,opth,1,False,mlp1,bce,msle
280,0.8363185589961546,0.0782533834921621,0.8888888888888888,0.5892531876138434,0.9969183359013868,0.7406983400114482,18.0,Inula.salicina,0.4781420765027322,opth,1,False,mlp1,bce,msle
281,0.5673249551166966,0.003906460840934852,0.5,0.8025134649910234,0.9988826815642458,0.8899950223992036,2.0,Isatis.tinctoria,0.3025134649910233,opth,1,False,mlp1,bce,msle
282,0.6780269058295965,0.002777777777777778,0.0,0.8672645739910314,0.9989669421487604,0.928468554968795,1.0,Juncus.alpinoarticulatus,-0.1327354260089686,opth,1,False,mlp1,bce,msle
283,0.6142642642642643,0.009877068916090904,0.3333333333333333,0.8954954954954955,0.9959919839679359,0.9430740037950665,6.0,Juncus.articulatus,0.2288288288288287,opth,1,False,mlp1,bce,msle
284,0.888702821074327,0.10252244784700497,0.5714285714285714,0.9341749323715058,0.9971126082771896,0.9646182495344506,7.0,Juncus.effusus,0.5056035038000772,opth,1,False,mlp1,bce,msle
285,0.7804951690821255,0.09633712046308483,0.3333333333333333,0.8885869565217391,0.9919110212335692,0.9374104156712852,12.0,Juncus.inflexus,0.2219202898550725,opth,1,False,mlp1,bce,msle
286,0.8452380952380953,0.1841827075141515,0.5416666666666666,0.8406593406593407,0.9881593110871906,0.9084611578426521,24.0,Juncus.jacquinii,0.3823260073260073,opth,1,False,mlp1,bce,msle
287,0.7852272727272728,0.049927889651724885,0.5,0.8181818181818182,0.9911894273127754,0.896414342629482,16.0,Juncus.trifidus,0.31818181818181834,opth,1,False,mlp1,bce,msle
288,0.8155296229802513,0.0071728971962616815,0.0,0.9129263913824057,0.9980372914622179,0.9535864978902954,2.0,Juncus.triglumis,-0.08707360861759428,opth,1,False,mlp1,bce,msle
289,0.8554709367419295,0.4472533166180441,0.8967391304347826,0.7081545064377682,0.9720176730486009,0.819366852886406,184.0,Knautia.arvensis,0.6048936368725508,opth,1,False,mlp1,bce,msle
290,0.8482591583409023,0.06195582729050609,0.8,0.6584922797456857,0.9958791208791209,0.7927829414980864,15.0,Knautia.dipsacifolia,0.45849227974568585,opth,1,False,mlp1,bce,msle
291,0.7416397601476015,0.05528804633791772,0.8125,0.566420664206642,0.9903225806451613,0.7206572769953051,32.0,Koeleria.macrantha,0.37892066420664205,opth,1,False,mlp1,bce,msle
292,0.7111900252525252,0.10003455057149196,0.5333333333333333,0.7376893939393939,0.9653035935563816,0.8362855609232421,60.0,Koeleria.pyramidata,0.27102272727272725,opth,1,False,mlp1,bce,msle
293,0.780506485887491,0.24025855417366934,0.5517241379310345,0.8289224952741021,0.9712070874861573,0.8944416114227435,58.0,Koeleria.vallesiana,0.3806466332051366,opth,1,False,mlp1,bce,msle
294,0.8276639639207408,0.07511251857496686,0.6842105263157895,0.7793983591613491,0.9930313588850174,0.8733401430030644,19.0,Lactuca.perennis,0.4636088854771385,opth,1,False,mlp1,bce,msle
295,0.7374284853959651,0.03385696235025958,0.5555555555555556,0.7127371273712737,0.9949558638083228,0.8305263157894737,9.0,Lactuca.serriola,0.2682926829268293,opth,1,False,mlp1,bce,msle
296,0.8040705912662631,0.06238588984453733,0.8571428571428571,0.6239855725879171,0.9985569985569985,0.7680355160932297,7.0,Lamium.purpureum,0.4811284297307741,opth,1,False,mlp1,bce,msle
297,0.6917428829060931,0.012563841846201837,0.5714285714285714,0.7141568981064021,0.9962264150943396,0.8319327731092437,7.0,Lapsana.communis,0.28558546953497355,opth,1,False,mlp1,bce,msle
298,0.8981731057202755,0.02444159617192173,1.0,0.7654986522911051,1.0,0.867175572519084,3.0,Laserpitium.halleri,0.7654986522911051,opth,1,False,mlp1,bce,msle
299,0.8693208025830258,0.12949674135517256,0.78125,0.7749077490774908,0.9917355371900827,0.8700155359917141,32.0,Laserpitium.latifolium,0.5561577490774909,opth,1,False,mlp1,bce,msle
300,0.7948471909034209,0.14421873744180877,0.5263157894736842,0.8204193254329991,0.9900990099009901,0.8973080757726819,19.0,Laserpitium.siler,0.3467351149066833,opth,1,False,mlp1,bce,msle
301,0.8068283917340521,0.013355301306927159,0.6666666666666666,0.7637017070979335,0.9988249118683902,0.8655804480651731,3.0,Lathyrus.heterophyllus,0.43036837376460024,opth,1,False,mlp1,bce,msle
302,,-0.0,0.0,0.5241935483870968,1.0,0.6878306878306878,0.0,Lathyrus.occidentalis,-0.47580645161290325,opth,1,False,mlp1,bce,msle
303,0.8120752529765498,0.47389413108049483,0.7531914893617021,0.6969353007945517,0.9136904761904762,0.7907276239536382,235.0,Lathyrus.pratensis,0.4501267901562538,opth,1,False,mlp1,bce,msle
304,0.8748128182090446,0.017593923070813266,0.3333333333333333,0.9415992812219227,0.9980952380952381,0.9690245030050856,3.0,Lathyrus.sphaericus,0.27493261455525597,opth,1,False,mlp1,bce,msle
305,,-0.0,0.0,0.8100358422939068,1.0,0.8950495049504951,0.0,Lathyrus.sylvestris,-0.1899641577060932,opth,1,False,mlp1,bce,msle
306,0.8990125673249552,0.013084975369458128,1.0,0.6427289048473968,1.0,0.7825136612021858,2.0,Lathyrus.tuberosus,0.6427289048473968,opth,1,False,mlp1,bce,msle
307,0.7208508403361344,0.13747964246763328,0.42857142857142855,0.8520220588235294,0.9830328738069989,0.912850812407681,28.0,Leontodon.autumnalis,0.28059348739495804,opth,1,False,mlp1,bce,msle
308,0.6757328931788008,0.3186191904450969,0.6774193548387096,0.5639599555061179,0.878682842287695,0.6869918699186992,217.0,Leontodon.hispidus,0.2413793103448274,opth,1,False,mlp1,bce,msle
309,0.7841011743450768,0.022864024333749865,1.0,0.6458897922312556,1.0,0.7848518111964874,9.0,Leontopodium.alpinum,0.6458897922312556,opth,1,False,mlp1,bce,msle
310,0.9108828716671853,0.32436913037264214,0.8222222222222222,0.8011204481792717,0.9907621247113164,0.8859060402684564,45.0,Leucanthemopsis.alpina,0.6233426704014939,opth,1,False,mlp1,bce,msle
311,0.8511581116890764,0.544195600144479,0.8260869565217391,0.7223476297968398,0.9411764705882353,0.8173690932311622,230.0,Leucanthemum.vulgare,0.5484345863185789,opth,1,False,mlp1,bce,msle
312,0.8541888175985335,0.0902686725912861,0.92,0.7479376718606783,0.9975550122249389,0.85489785227868,25.0,Lilium.martagon,0.6679376718606784,opth,1,False,mlp1,bce,msle
313,0.7491023339317774,0.005828503688092729,1.0,0.5161579892280072,1.0,0.6808762581409118,2.0,Linaria.repens,0.5161579892280073,opth,1,False,mlp1,bce,msle
314,0.8554300701172188,0.06865773244126723,0.7058823529411765,0.7979981801637852,0.9943310657596371,0.8854114083796063,17.0,Linum.alpinum,0.5038805331049616,opth,1,False,mlp1,bce,msle
315,0.6873746614945473,0.09805713616979699,0.6307692307692307,0.6393910561370124,0.9655172413793104,0.7693188322839153,65.0,Linum.catharticum,0.27016028690624316,opth,1,False,mlp1,bce,msle
316,0.9174303123350765,0.1296239449285553,0.8947368421052632,0.8249772105742935,0.9977949283351709,0.9031936127744511,19.0,Linum.tenuifolium,0.7197140526795567,opth,1,False,mlp1,bce,msle
317,0.7701940433212997,0.01823283845979803,0.875,0.6064981949458483,0.9985141158989599,0.7546322290847838,8.0,Listera.ovata,0.48149819494584833,opth,1,False,mlp1,bce,msle
318,0.8136241007194245,0.017508210445845992,0.75,0.539568345323741,0.9983361064891847,0.7005253940455342,4.0,Lolium.multiflorum,0.289568345323741,opth,1,False,mlp1,bce,msle
319,0.8703895834414068,0.25806683890003496,0.918918918918919,0.7197696737044146,0.9920634920634921,0.8342602892102335,74.0,Lolium.perenne,0.6386885926233337,opth,1,False,mlp1,bce,msle
320,0.7454647821697601,0.4760542846031805,0.7208588957055214,0.6392405063291139,0.8473154362416108,0.7287157287157288,326.0,Lotus.corniculatus,0.3600994020346353,opth,1,False,mlp1,bce,msle
321,0.6963687758208306,0.0347754347788313,0.5238095238095238,0.7488584474885844,0.9879518072289156,0.8519480519480519,21.0,Lotus.maritimus,0.2726679712981084,opth,1,False,mlp1,bce,msle
322,0.7103159851301115,0.06686108791745576,0.3,0.8197026022304833,0.9692307692307692,0.8882175226586103,40.0,Luzula.campestris,0.11970260223048323,opth,1,False,mlp1,bce,msle
323,0.8605201927871031,0.10571855114402809,0.7727272727272727,0.7678244972577697,0.9940828402366864,0.8664259927797834,22.0,Luzula.lutea,0.5405517699850424,opth,1,False,mlp1,bce,msle
324,0.5534978322539206,0.017875917854299823,0.29411764705882354,0.7679708826205641,0.985981308411215,0.8634271099744245,17.0,Luzula.multiflora,0.062088529679387605,opth,1,False,mlp1,bce,msle
325,0.8269847799259564,0.07546708493716008,0.7272727272727273,0.788235294117647,0.9965675057208238,0.8802425467407782,11.0,Luzula.sieberi,0.5155080213903744,opth,1,False,mlp1,bce,msle
326,0.8549009006445372,0.20101993593718215,0.8507462686567164,0.7283126787416587,0.9870801033591732,0.8381788261108064,67.0,Luzula.spicata,0.5790589473983752,opth,1,False,mlp1,bce,msle
327,0.7414433403593295,0.026669692410532003,0.4444444444444444,0.7678410117434508,0.9941520467836257,0.8664627930682977,9.0,Luzula.sudetica,0.21228545618789507,opth,1,False,mlp1,bce,msle
328,0.9143114311431143,0.047850877192982456,1.0,0.8253825382538253,1.0,0.9043392504930966,5.0,Lysimachia.nummularia,0.8253825382538253,opth,1,False,mlp1,bce,msle
329,0.9364870423693953,0.5377801607876406,0.8181818181818182,0.918552036199095,0.9980334316617503,0.9566446748350612,11.0,Lysimachia.vulgaris,0.7367338543809132,opth,1,False,mlp1,bce,msle
330,0.833082404898123,0.030772483061972992,1.0,0.5645889792231256,1.0,0.7217090069284064,9.0,Malva.moschata,0.5645889792231256,opth,1,False,mlp1,bce,msle
331,0.7199281867145422,0.025459688826025458,0.5,0.7800718132854578,0.9988505747126437,0.876008064516129,2.0,Malva.sylvestris,0.2800718132854578,opth,1,False,mlp1,bce,msle
332,0.8012611437268972,0.05424317106358336,0.5714285714285714,0.8082191780821918,0.9899328859060402,0.889894419306184,21.0,Medicago.falcata,0.3796477495107631,opth,1,False,mlp1,bce,msle
333,0.8111136993037762,0.37578413915960973,0.6172839506172839,0.7610062893081762,0.9213197969543148,0.8335246842709529,162.0,Medicago.lupulina,0.3782902399254602,opth,1,False,mlp1,bce,msle
334,0.7343292872704638,0.11343446118746765,0.5111111111111111,0.7889822595704948,0.9746251441753172,0.8720330237358102,45.0,Medicago.minima,0.3000933706816058,opth,1,False,mlp1,bce,msle
335,0.83669240146282,0.15592640364031246,0.8043478260869565,0.6728971962616822,0.9876543209876543,0.8004446914952752,46.0,Medicago.sativa,0.47724502234863886,opth,1,False,mlp1,bce,msle
336,0.8625531366739663,0.2575364025402255,0.8571428571428571,0.7853922452660054,0.9988532110091743,0.8793538616860171,7.0,Melica.ciliata,0.6425351024088624,opth,1,False,mlp1,bce,msle
337,0.8582959641255605,0.006289308176100629,1.0,0.5605381165919282,1.0,0.7183908045977011,1.0,Melilotus.albus,0.5605381165919283,opth,1,False,mlp1,bce,msle
338,0.8117977528089887,0.19706984193594657,0.7708333333333334,0.7818352059925093,0.9869976359338062,0.8725182863113897,48.0,Meum.athamanticum,0.5526685393258428,opth,1,False,mlp1,bce,msle
339,0.8164272890484738,0.013163919413919414,1.0,0.5143626570915619,1.0,0.6793123888559573,2.0,Minuartia.laricifolia,0.5143626570915618,opth,1,False,mlp1,bce,msle
340,0.8241752681643392,0.08959763501074874,0.5,0.8943533697632058,0.9909182643794148,0.9401627573001436,18.0,Minuartia.rostrata,0.3943533697632058,opth,1,False,mlp1,bce,msle
341,0.8461191826586901,0.2046182571100844,0.6557377049180327,0.8170616113744076,0.9762174405436014,0.8895768833849329,61.0,Minuartia.verna,0.47279931629244043,opth,1,False,mlp1,bce,msle
342,0.7443542695836274,0.05330397147223656,0.6923076923076923,0.6,0.9879154078549849,0.7465753424657534,26.0,Muscari.comosum,0.29230769230769216,opth,1,False,mlp1,bce,msle
343,0.8173546074690716,0.4089158818322056,0.6236559139784946,0.7935483870967742,0.9133663366336634,0.8492520138089759,186.0,Myosotis.alpestris,0.41720430107526885,opth,1,False,mlp1,bce,msle
344,0.8685939671014297,0.3909292376028799,0.8918918918918919,0.7213930348258707,0.9837177747625508,0.8323765786452354,111.0,Myosotis.arvensis,0.6132849267177627,opth,1,False,mlp1,bce,msle
345,0.7952598390954555,0.07638945013108574,0.42857142857142855,0.8547945205479452,0.9873417721518988,0.9162995594713657,21.0,Myosotis.ramosissima,0.28336594911937385,opth,1,False,mlp1,bce,msle
346,0.8995495495495496,0.4456905637699017,0.5,0.9540540540540541,0.9971751412429378,0.9751381215469613,6.0,Myosotis.scorpioides,0.4540540540540541,opth,1,False,mlp1,bce,msle
347,0.8806104129263914,0.020330712930333422,1.0,0.781867145421903,1.0,0.8775818639798488,2.0,Myosotis.stricta,0.781867145421903,opth,1,False,mlp1,bce,msle
348,0.7221965020576131,0.08016234779210726,0.6388888888888888,0.6314814814814815,0.981294964028777,0.7684507042253521,36.0,Narcissus.poeticus,0.27037037037037037,opth,1,False,mlp1,bce,msle
349,0.7972814574212682,0.31413075914673927,0.8972602739726028,0.5989690721649484,0.9748322147651006,0.7420178799489144,146.0,Nardus.stricta,0.4962293461375511,opth,1,False,mlp1,bce,msle
350,0.7706118745138709,0.02954441353559624,0.5714285714285714,0.735934664246824,0.99265605875153,0.8452318916102136,14.0,Odontites.luteus,0.30736323567539525,opth,1,False,mlp1,bce,msle
351,0.8447712418300654,0.3151007851285313,0.59375,0.8529411764705882,0.9570957095709571,0.9020217729393468,96.0,Onobrychis.montana,0.4466911764705883,opth,1,False,mlp1,bce,msle
352,0.8324344725524666,0.29989127574374436,0.7878787878787878,0.7246804326450345,0.9722955145118733,0.8304225352112676,99.0,Onobrychis.viciifolia,0.5125592205238223,opth,1,False,mlp1,bce,msle
353,0.8394516728624535,0.22942866949812696,0.65,0.8345724907063197,0.9846491228070176,0.903420523138833,40.0,Ononis.natrix,0.4845724907063196,opth,1,False,mlp1,bce,msle
354,0.7665441176470588,0.06333294592995248,0.7857142857142857,0.6737132352941176,0.9918809201623816,0.8024083196496989,28.0,Ononis.repens,0.45942752100840334,opth,1,False,mlp1,bce,msle
355,0.7072692136167682,0.05579865065684037,0.5483870967741935,0.6709677419354839,0.9811320754716981,0.7969348659003831,31.0,Ononis.spinosa,0.2193548387096773,opth,1,False,mlp1,bce,msle
356,0.8682240191674154,0.013418094357669112,1.0,0.5570530098831986,1.0,0.7155222158107328,3.0,Ophioglossum.vulgatum,0.5570530098831985,opth,1,False,mlp1,bce,msle
357,0.9490865528601378,0.03279744946411613,1.0,0.7511230907457322,1.0,0.857875833760903,3.0,Ophrys.apifera,0.7511230907457322,opth,1,False,mlp1,bce,msle
358,0.6561844863731656,0.0071709335645878895,0.3333333333333333,0.7699910152740341,0.9976717112922002,0.8691683569979716,3.0,Ophrys.insectifera,0.10332434860736739,opth,1,False,mlp1,bce,msle
359,0.781025179856115,0.01539651344761073,0.75,0.664568345323741,0.9986486486486487,0.7980561555075594,4.0,Orchis.mascula,0.414568345323741,opth,1,False,mlp1,bce,msle
360,0.7137861010830324,0.014618556655981132,0.25,0.822202166064982,0.9934569247546347,0.899753086419753,8.0,Orchis.militaris,0.07220216606498209,opth,1,False,mlp1,bce,msle
361,0.8796940651260504,0.1720798380891449,0.8928571428571429,0.6911764705882353,0.9960264900662251,0.8160607704829083,28.0,Origanum.vulgare,0.5840336134453783,opth,1,False,mlp1,bce,msle
362,0.7605470492046975,0.0861256587607426,0.45161290322580644,0.8230414746543778,0.9813186813186813,0.8952380952380953,31.0,Ornithogalum.umbellatum,0.2746543778801842,opth,1,False,mlp1,bce,msle
363,0.6977109515260324,0.004408478245687548,1.0,0.4883303411131059,1.0,0.6562123039806996,2.0,Orobanche.alba,0.4883303411131059,opth,1,False,mlp1,bce,msle
364,0.6609403254972875,0.02309982335223309,0.6,0.6003616636528029,0.9940119760479041,0.7485907553551296,10.0,Orobanche.caryophyllacea,0.20036166365280295,opth,1,False,mlp1,bce,msle
365,0.7675565036900369,0.06934734866071429,0.8125,0.6605166051660517,0.9916897506925207,0.7929125138427464,32.0,Oxytropis.campestris,0.4730166051660518,opth,1,False,mlp1,bce,msle
366,0.8219890510948905,0.10281242591499715,0.6,0.7791970802919708,0.9907192575406032,0.8723186925434117,20.0,Oxytropis.helvetica,0.37919708029197086,opth,1,False,mlp1,bce,msle
367,0.5286013776579814,0.003738077839068339,0.0,0.7978436657681941,0.9966329966329966,0.8862275449101796,3.0,Oxytropis.pilosa,-0.2021563342318059,opth,1,False,mlp1,bce,msle
368,0.6756890168654874,0.015675331047733464,0.7272727272727273,0.5049773755656108,0.9946524064171123,0.6698679471788715,11.0,Papaver.rhoeas,0.23225010283833813,opth,1,False,mlp1,bce,msle
369,0.8436857260386672,0.1063087103889108,0.7272727272727273,0.8361990950226245,0.9967637540453075,0.9094488188976378,11.0,Paradisea.liliastrum,0.5634718222953516,opth,1,False,mlp1,bce,msle
370,0.7366877256317689,0.04018437563037432,0.875,0.7030685920577617,0.9987179487179487,0.8252118644067796,8.0,Parnassia.palustris,0.5780685920577617,opth,1,False,mlp1,bce,msle
371,0.8201201201201201,0.017494388765198963,1.0,0.6153153153153154,1.0,0.7618516452872282,6.0,Pastinaca.sativa,0.6153153153153155,opth,1,False,mlp1,bce,msle
372,0.6837376460017969,0.00597345469265031,0.6666666666666666,0.6208445642407907,0.9985549132947977,0.7656509695290858,3.0,Pedicularis.foliosa,0.28751123090745745,opth,1,False,mlp1,bce,msle
373,0.8683234059173909,0.1805289855924359,0.7368421052631579,0.8460111317254174,0.9891540130151844,0.912,38.0,Pedicularis.gyroflexa,0.5828532369885753,opth,1,False,mlp1,bce,msle
374,0.8337107487922705,0.06846128183236282,0.5,0.8568840579710145,0.9936974789915967,0.9202334630350194,12.0,Pedicularis.tuberosa,0.35688405797101463,opth,1,False,mlp1,bce,msle
375,0.7443536179231002,0.03184450369517976,0.4,0.776566757493188,0.9895833333333334,0.8702290076335878,15.0,Pedicularis.verticillata,0.17656675749318795,opth,1,False,mlp1,bce,msle
376,0.7766140457397288,0.13598082000256662,0.6666666666666666,0.7021857923497268,0.9922779922779923,0.8224,18.0,Petrorhagia.prolifera,0.3688524590163933,opth,1,False,mlp1,bce,msle
377,0.8102574567221031,0.08597981111811616,0.2962962962962963,0.9008264462809917,0.981,0.9392053614169459,27.0,Petrorhagia.saxifraga,0.1971227425772879,opth,1,False,mlp1,bce,msle
378,0.7867063492063491,0.31271433751361355,0.6481481481481481,0.7599206349206349,0.9527363184079602,0.8454746136865342,108.0,Phleum.alpinum,0.408068783068783,opth,1,False,mlp1,bce,msle
379,0.6079664570230607,0.005305015677649154,0.3333333333333333,0.655884995507637,0.9972677595628415,0.7913279132791328,3.0,Phleum.hirsutum,-0.010781671159029615,opth,1,False,mlp1,bce,msle
380,0.8453139217470427,0.15679630318582,0.6470588235294118,0.7788898999090081,0.9930394431554525,0.87302396736359,17.0,Phleum.phleoides,0.42594872343841983,opth,1,False,mlp1,bce,msle
381,0.8319706691109074,0.07757379589609253,0.72,0.8157653528872594,0.992196209587514,0.8953722334004024,25.0,Phyteuma.betonicifolium,0.5357653528872595,opth,1,False,mlp1,bce,msle
382,0.8500000000000001,0.06426832691037646,0.875,0.6354545454545455,0.9971469329529244,0.77623542476402,16.0,Phyteuma.hemisphaericum,0.5104545454545455,opth,1,False,mlp1,bce,msle
383,0.8043915104989839,0.21851522759035685,0.6511627906976745,0.816504854368932,0.965556831228473,0.884797475013151,86.0,Phyteuma.orbiculare,0.4676676450666064,opth,1,False,mlp1,bce,msle
384,0.6641187050359713,0.008431366120562844,0.75,0.41636690647482016,0.9978448275862069,0.5875634517766497,4.0,Phyteuma.ovatum,0.1663669064748201,opth,1,False,mlp1,bce,msle
385,0.8418842339607366,0.11283867148151813,0.5555555555555556,0.9025500910746812,0.991991991991992,0.9451597520267048,18.0,Phyteuma.spicatum,0.4581056466302367,opth,1,False,mlp1,bce,msle
386,0.823972512224131,0.1257542422497125,0.8857142857142857,0.5605920444033302,0.9934426229508196,0.716735659373152,35.0,Picris.hieracioides,0.4463063301176158,opth,1,False,mlp1,bce,msle
387,0.7954441391941391,0.06652789420445503,0.875,0.5604395604395604,0.9951219512195122,0.7170474516695958,24.0,Pimpinella.major,0.43543956043956045,opth,1,False,mlp1,bce,msle
388,0.7477382705659583,0.12370276474946926,0.7142857142857143,0.6747891283973758,0.9809264305177112,0.7995558023320377,49.0,Pimpinella.saxifraga,0.3890748426830901,opth,1,False,mlp1,bce,msle
389,0.9010763234648841,0.6132085673757885,0.9348837209302325,0.7524972253052165,0.9797687861271677,0.8512241054613936,215.0,Plantago.alpina,0.687380946235449,opth,1,False,mlp1,bce,msle
390,0.7817679558011049,0.09628104518406205,0.5666666666666667,0.7753222836095764,0.9847953216374269,0.8675940236991242,30.0,Plantago.atrata,0.3419889502762432,opth,1,False,mlp1,bce,msle
391,0.8632246567166689,0.5929983570060088,0.8885017421602788,0.7201447527141134,0.9491255961844197,0.8189300411522634,287.0,Plantago.lanceolata,0.6086464948743922,opth,1,False,mlp1,bce,msle
392,0.7133732434937254,0.053758212431386086,0.8648648648648649,0.5634847080630213,0.9918433931484503,0.7186761229314421,37.0,Plantago.major,0.42834957292788634,opth,1,False,mlp1,bce,msle
393,0.8046356303947927,0.4137919675010905,0.6335078534031413,0.7848648648648648,0.9120603015075377,0.8436955258570599,191.0,Plantago.media,0.41837271826800615,opth,1,False,mlp1,bce,msle
394,0.787865095430885,0.21778034689900364,0.5961538461538461,0.8242481203007519,0.9766146993318485,0.8939857288481141,52.0,Plantago.maritima,0.42040196645459815,opth,1,False,mlp1,bce,msle
395,0.5582358235823582,0.006308458009733691,0.4,0.639063906390639,0.9957924263674615,0.7785087719298246,5.0,Platanthera.bifolia,0.03906390639063906,opth,1,False,mlp1,bce,msle
396,0.9020351544696115,0.7129296421997013,0.8603174603174604,0.8114856429463171,0.9365994236311239,0.8695652173913043,315.0,Poa.alpina,0.6718031032637775,opth,1,False,mlp1,bce,msle
397,0.7183003597122302,0.016010936895083237,1.0,0.44514388489208634,1.0,0.6160547604231488,4.0,Poa.annua,0.44514388489208634,opth,1,False,mlp1,bce,msle
398,0.7348073648361004,0.14637122555809715,0.7361111111111112,0.6302681992337165,0.9719350073855244,0.7646717024985473,72.0,Poa.bulbosa,0.3663793103448276,opth,1,False,mlp1,bce,msle
399,0.8361061151079137,0.015584263863799633,0.25,0.8309352517985612,0.9967637540453075,0.9063266307013241,4.0,Poa.cenisia,0.08093525179856131,opth,1,False,mlp1,bce,msle
400,0.8347627737226277,0.07255169996763021,0.8,0.6998175182481752,0.9948119325551232,0.8216389930369576,20.0,Poa.chaixii,0.4998175182481752,opth,1,False,mlp1,bce,msle
401,0.7566156615661566,0.011189380280092674,0.4,0.8208820882088209,0.9967213114754099,0.9002961500493584,5.0,Poa.compressa,0.22088208820882094,opth,1,False,mlp1,bce,msle
402,0.8923492349234923,0.08995372443648307,0.6,0.9126912691269127,0.9980314960629921,0.9534555712270804,5.0,Poa.nemoralis,0.5126912691269125,opth,1,False,mlp1,bce,msle
403,0.7941638608305275,0.4282407885151739,0.7466666666666667,0.6835016835016835,0.9144144144144144,0.7822736030828517,225.0,Poa.pratensis,0.4301683501683502,opth,1,False,mlp1,bce,msle
404,0.7869446962828649,0.07503352749894125,0.38461538461538464,0.8168631006346329,0.9911991199119912,0.8956262425447317,13.0,Poa.supina,0.20147848525001755,opth,1,False,mlp1,bce,msle
405,0.734786557674841,0.026448503853624634,0.6,0.7647593097184378,0.9929245283018868,0.8640328373524885,15.0,Polygala.alpestris,0.36475930971843784,opth,1,False,mlp1,bce,msle
406,0.5305755395683454,0.005344041636291885,0.25,0.7077338129496403,0.9962025316455696,0.8275499474237644,4.0,Polygala.amarella,-0.04226618705035967,opth,1,False,mlp1,bce,msle
407,0.783234126984127,0.23039663399063837,0.625,0.7976190476190477,0.9897727272727272,0.8833671399594321,24.0,Polygala.comosa,0.42261904761904767,opth,1,False,mlp1,bce,msle
408,0.7324481074481075,0.09317313066315926,0.9166666666666666,0.46794871794871795,0.9961013645224172,0.636760124610592,24.0,Polygala.vulgaris,0.3846153846153846,opth,1,False,mlp1,bce,msle
409,0.3468974820143885,0.0033857198711196223,0.0,0.8929856115107914,0.995987963891675,0.9416785206258891,4.0,Polygonum.aviculare,-0.10701438848920863,opth,1,False,mlp1,bce,msle
410,0.7740501903504001,0.24170898729903847,0.7377049180327869,0.6265402843601896,0.9763663220088626,0.7632794457274826,61.0,Polygonum.bistorta,0.36424520239297653,opth,1,False,mlp1,bce,msle
411,0.8247578563837862,0.38662916307569944,0.84,0.6971307120085016,0.9590643274853801,0.8073846153846154,175.0,Polygonum.viviparum,0.5371307120085016,opth,1,False,mlp1,bce,msle
412,0.6196043165467626,0.00577710475784258,0.25,0.7086330935251799,0.9962073324905183,0.8281660535995796,4.0,Polystichum.lonchitis,-0.04136690647482011,opth,1,False,mlp1,bce,msle
413,0.7928598190868704,0.0538071421089603,0.6470588235294118,0.7543221110100091,0.9928143712574851,0.8572905894519132,17.0,Potentilla.argentea,0.40138093453942103,opth,1,False,mlp1,bce,msle
414,0.866595168209528,0.3204261105718229,0.7325581395348837,0.7990291262135922,0.9728132387706856,0.8773987206823027,86.0,Potentilla.aurea,0.5315872657484759,opth,1,False,mlp1,bce,msle
415,0.8336353579160982,0.3922476368081036,0.738562091503268,0.7466251298026999,0.9472990777338604,0.835075493612079,153.0,Potentilla.crantzii,0.48518722130596803,opth,1,False,mlp1,bce,msle
416,0.754987315498155,0.09274107631664984,0.875,0.43634686346863466,0.9916142557651991,0.6060217809096733,32.0,Potentilla.erecta,0.3113468634686347,opth,1,False,mlp1,bce,msle
417,0.7943532818532818,0.18499556652880544,0.65,0.747104247104247,0.9650872817955112,0.8422198041349293,80.0,Potentilla.grandiflora,0.39710424710424697,opth,1,False,mlp1,bce,msle
418,0.7672813834369182,0.22394889335331392,0.4672897196261682,0.8245787908820614,0.9358830146231721,0.8767123287671232,107.0,Potentilla.neumanniana,0.2918685105082297,opth,1,False,mlp1,bce,msle
419,0.8308742346682726,0.1688811941204015,0.6666666666666666,0.7714543812104788,0.9964994165694282,0.869653767820774,9.0,Potentilla.pusilla,0.43812104787714556,opth,1,False,mlp1,bce,msle
420,0.5986087852634291,0.011089626912567237,0.2857142857142857,0.7294860234445446,0.9938574938574939,0.8413936557462298,7.0,Potentilla.recta,0.015200309158830194,opth,1,False,mlp1,bce,msle
421,0.8314158138322143,0.17465793592748077,0.8448275862068966,0.6767485822306238,0.9875862068965517,0.8031407739764442,58.0,Potentilla.reptans,0.5215761684375204,opth,1,False,mlp1,bce,msle
422,0.7050359712230216,0.022247221706768933,1.0,0.38669064748201437,1.0,0.5577172503242542,4.0,Potentilla.rupestris,0.3866906474820144,opth,1,False,mlp1,bce,msle
423,0.7515808491418248,0.0536211248140717,0.7777777777777778,0.5438121047877146,0.9966887417218543,0.7036820572764465,9.0,Potentilla.thuringiaca,0.32158988256549237,opth,1,False,mlp1,bce,msle
424,0.7634649910233393,0.006098446348192246,0.5,0.796229802513465,0.9988738738738738,0.8861138861138861,2.0,Primula.elatior,0.29622980251346487,opth,1,False,mlp1,bce,msle
425,0.7860363261625659,0.029132714719614487,0.8571428571428571,0.6889089269612263,0.9986928104575163,0.8153681963713981,7.0,Primula.farinosa,0.5460517841040833,opth,1,False,mlp1,bce,msle
426,0.7101460434793768,0.18855388991585434,0.49572649572649574,0.7387387387387387,0.9259723964868256,0.821826280623608,117.0,Primula.veris,0.23446523446523448,opth,1,False,mlp1,bce,msle
427,0.8598726114649682,0.07067389745245409,0.7058823529411765,0.8171064604185623,0.9944629014396457,0.8971028971028971,17.0,Prunella.grandiflora,0.5229888133597389,opth,1,False,mlp1,bce,msle
428,0.7846715328467153,0.05735712351290968,0.7,0.6952554744525548,0.9921875,0.8175965665236051,20.0,Prunella.laciniata,0.3952554744525547,opth,1,False,mlp1,bce,msle
429,0.7447906145598632,0.18947655089299079,0.5245901639344263,0.7203791469194313,0.9632446134347274,0.824295010845987,61.0,Prunella.vulgaris,0.24496931085385754,opth,1,False,mlp1,bce,msle
430,0.6800160594198534,0.013087269823584966,0.0,0.9846431797651309,0.991810737033667,0.9882139619220308,9.0,Prunus.spinosa,-0.015356820234869062,opth,1,False,mlp1,bce,msle
431,0.714078110808356,0.04176972945185454,0.4,0.8074477747502271,0.9899777282850779,0.8894447223611806,15.0,Veronica.spicata,0.20744777475022724,opth,1,False,mlp1,bce,msle
432,0.7863221036479041,0.17204099537491063,0.5555555555555556,0.835216572504708,0.973655323819978,0.8991383679675621,54.0,Pulsatilla.alpina,0.3907721280602636,opth,1,False,mlp1,bce,msle
433,0.9115798922800719,0.016372141372141373,0.5,0.9245960502692998,0.9990300678952473,0.9603729603729604,2.0,Pulsatilla.halleri,0.4245960502692998,opth,1,False,mlp1,bce,msle
434,0.8257783882783883,0.07231289612405238,0.625,0.8113553113553114,0.9899441340782122,0.8917966784096628,24.0,Pulsatilla.vernalis,0.43635531135531136,opth,1,False,mlp1,bce,msle
435,,-0.0,0.0,0.8718637992831542,1.0,0.9315461943513643,0.0,Ranunculus.aconitifolius,-0.12813620071684584,opth,1,False,mlp1,bce,msle
436,0.8420936511162074,0.44534197665280956,0.8486486486486486,0.7110633727175081,0.9594202898550724,0.8167797655768044,185.0,Ranunculus.acris,0.5597120213661566,opth,1,False,mlp1,bce,msle
437,0.8206964826461681,0.38392028204875456,0.8333333333333334,0.6740041928721174,0.9597014925373134,0.791871921182266,162.0,Ranunculus.bulbosus,0.5073375262054509,opth,1,False,mlp1,bce,msle
438,0.8484984984984985,0.01935661395349328,0.16666666666666666,0.9216216216216216,0.995136186770428,0.9569691300280636,6.0,Ranunculus.glacialis,0.08828828828828827,opth,1,False,mlp1,bce,msle
439,0.7281728172817282,0.00933419913366692,1.0,0.6642664266426642,1.0,0.7982693347755544,5.0,Ranunculus.gramineus,0.6642664266426643,opth,1,False,mlp1,bce,msle
440,0.8189329248419268,0.161022921792234,0.7586206896551724,0.724007561436673,0.982051282051282,0.8335146898803046,58.0,Ranunculus.kuepferi,0.4826282510918454,opth,1,False,mlp1,bce,msle
441,0.708628519527702,0.02776774528808542,0.7333333333333333,0.6039963669391463,0.9940209267563528,0.751412429378531,15.0,Ranunculus.montanus,0.33732970027247955,opth,1,False,mlp1,bce,msle
442,0.6271009135923007,0.05718835493203249,0.46153846153846156,0.6273798730734361,0.9899856938483548,0.7680355160932297,13.0,Ranunculus.serpens,0.0889183346118978,opth,1,False,mlp1,bce,msle
443,0.9082446491917244,0.37050458957508225,0.6923076923076923,0.8987929433611885,0.9877551020408163,0.9411764705882353,39.0,Ranunculus.repens,0.5911006356688808,opth,1,False,mlp1,bce,msle
444,0.3999102333931777,0.002207404463043561,0.0,0.5242369838420108,0.9965870307167235,0.6870588235294117,2.0,Reseda.lutea,-0.4757630161579892,opth,1,False,mlp1,bce,msle
445,0.8365793006315883,0.49125319749022966,0.7373737373737373,0.7450980392156863,0.9293478260869565,0.8270858524788391,198.0,Rhinanthus.alectorolophus,0.48247177658942375,opth,1,False,mlp1,bce,msle
446,0.651951951951952,0.009467204077439482,0.16666666666666666,0.8351351351351352,0.9946351931330472,0.9079333986287953,6.0,Rhinanthus.glacialis,0.0018018018018017834,opth,1,False,mlp1,bce,msle
447,0.6613055818353832,0.07272531946502712,0.423728813559322,0.7086092715231788,0.9565772669220945,0.8141304347826087,59.0,Rhinanthus.minor,0.1323380850825009,opth,1,False,mlp1,bce,msle
448,0.683033033033033,0.023215044965928636,0.16666666666666666,0.8333333333333334,0.9946236559139785,0.9068627450980392,6.0,Rhododendron.ferrugineum,0.0,opth,1,False,mlp1,bce,msle
449,0.8680226105360969,0.5189785758982649,0.8790697674418605,0.7425083240843507,0.962589928057554,0.8383458646616542,215.0,Rumex.acetosa,0.6215780915262112,opth,1,False,mlp1,bce,msle
450,0.720976491862568,0.05283541550446381,0.8,0.5524412296564195,0.9967373572593801,0.7108784176847004,10.0,Rumex.acetosella,0.35244122965641944,opth,1,False,mlp1,bce,msle
451,0.8530889092575619,0.11506445698968322,0.92,0.6544454628780935,0.9972067039106145,0.7902600996126176,25.0,Rumex.crispus,0.5744454628780935,opth,1,False,mlp1,bce,msle
452,0.8665490472829922,0.09527504580037167,0.8846153846153846,0.7614678899082569,0.9963985594237695,0.8632345293811753,26.0,Rumex.obtusifolius,0.6460832745236416,opth,1,False,mlp1,bce,msle
453,0.6268195285327837,0.009721970672505279,0.0,0.951307484220018,0.9934086629001884,0.9719023491478581,7.0,Rumex.scutatus,-0.048692515779982015,opth,1,False,mlp1,bce,msle
454,0.9316063868251321,0.47797126727680084,0.9156626506024096,0.8257502420135527,0.9918604651162791,0.90121500264131,83.0,Salix.herbacea,0.7414128926159624,opth,1,False,mlp1,bce,msle
455,0.8537638535719426,0.09086118839195335,0.631578947368421,0.7921604375569735,0.9920091324200914,0.8808920425747593,19.0,Salix.reticulata,0.42373938492539454,opth,1,False,mlp1,bce,msle
456,0.8526789962884244,0.10699818571879031,0.6896551724137931,0.7902483900643974,0.9896313364055299,0.878772378516624,29.0,Salix.retusa,0.47990356247819044,opth,1,False,mlp1,bce,msle
457,0.8848005091690203,0.2180051639520024,0.8695652173913043,0.7840805123513266,0.9965116279069768,0.8776241679467486,23.0,Salix.serpyllifolia,0.6536457297426308,opth,1,False,mlp1,bce,msle
458,0.860439305164804,0.518814922928452,0.9488372093023256,0.6770255271920089,0.9822866344605475,0.8015768725361366,215.0,Salvia.pratensis,0.6258627364943345,opth,1,False,mlp1,bce,msle
459,0.7980804645015924,0.36521704749138106,0.9158415841584159,0.6356673960612691,0.9715719063545151,0.7685185185185185,202.0,Sanguisorba.minor,0.5515089802196851,opth,1,False,mlp1,bce,msle
460,0.878786496350365,0.17234118408680726,0.9,0.6523722627737226,0.99721059972106,0.7887479316050745,20.0,Sanguisorba.officinalis,0.5523722627737226,opth,1,False,mlp1,bce,msle
461,0.7761252446183953,0.07022029985381961,0.6666666666666666,0.7168949771689498,0.9911616161616161,0.8320084790673026,21.0,Saponaria.ocymoides,0.3835616438356164,opth,1,False,mlp1,bce,msle
462,0.8205590622182146,0.12750749845969545,0.5714285714285714,0.842200180342651,0.9967982924226254,0.9130009775171065,7.0,Saxifraga.aizoides,0.41362875177122227,opth,1,False,mlp1,bce,msle
463,0.7564436296975252,0.13478090466165984,0.4,0.8313473877176902,0.9837310195227765,0.9011425732737208,25.0,Saxifraga.granulata,0.23134738771769037,opth,1,False,mlp1,bce,msle
464,0.8436181778647531,0.09420697590540582,0.6666666666666666,0.7680365296803653,0.9917452830188679,0.8656716417910447,21.0,Saxifraga.oppositifolia,0.4347031963470318,opth,1,False,mlp1,bce,msle
465,0.8419481320781005,0.17773337979037412,0.6595744680851063,0.8222637979420019,0.982122905027933,0.895112016293279,47.0,Saxifraga.paniculata,0.4818382660271081,opth,1,False,mlp1,bce,msle
466,0.6755877034358048,0.01842410261853447,0.6,0.7658227848101266,0.9952996474735605,0.8656106285130302,10.0,Saxifraga.tridactylites,0.36582278481012653,opth,1,False,mlp1,bce,msle
467,0.7438738248776319,0.17024691435086997,0.639344262295082,0.7184834123222749,0.9717948717948718,0.826158038147139,61.0,Scabiosa.columbaria,0.357827674617357,opth,1,False,mlp1,bce,msle
468,0.8259446491303231,0.19949847886310262,0.6909090909090909,0.7728557964184731,0.9796893667861409,0.8640674394099052,55.0,Scabiosa.lucida,0.46376488732756416,opth,1,False,mlp1,bce,msle
469,0.5837983798379838,0.008664660406472034,0.2,0.9144914491449145,0.996078431372549,0.9535429375879868,5.0,Scabiosa.triandra,0.11449144914491449,opth,1,False,mlp1,bce,msle
470,0.9551755175517551,0.11648320293481584,0.8,0.918091809180918,0.9990205680705191,0.9568480300187617,5.0,Scorzonera.humilis,0.7180918091809181,opth,1,False,mlp1,bce,msle
471,0.7671740024681201,0.03125777324645626,0.6363636363636364,0.7800904977375566,0.9953810623556582,0.8746829020801623,11.0,Scorzonera.laciniata,0.4164541341011929,opth,1,False,mlp1,bce,msle
472,0.8105591200733272,0.07932389679611015,0.6,0.7827681026581118,0.9884259259259259,0.8736572890025576,25.0,Scutellaria.alpina,0.3827681026581118,opth,1,False,mlp1,bce,msle
473,0.8987169729259541,0.18473125259741163,0.8235294117647058,0.8059149722735675,0.9931662870159453,0.889795918367347,34.0,Securigera.varia,0.6294443840382733,opth,1,False,mlp1,bce,msle
474,0.7700091659028414,0.051922668639714564,0.6,0.7561869844179652,0.9880239520958084,0.8566978193146417,25.0,Sedum.acre,0.35618698441796504,opth,1,False,mlp1,bce,msle
475,0.7541429892956257,0.0996008549326456,0.6571428571428571,0.7363552266419982,0.9851485148514851,0.8427739544732663,35.0,Sedum.album,0.3934980837848552,opth,1,False,mlp1,bce,msle
476,0.8158730158730159,0.07114809918994514,0.3333333333333333,0.8767123287671232,0.9856262833675564,0.9279845335911068,21.0,Sedum.atratum,0.2100456621004565,opth,1,False,mlp1,bce,msle
477,0.6429545454545456,0.025936480372507967,0.25,0.7745454545454545,0.9861111111111112,0.8676171079429735,16.0,Sedum.montanum,0.024545454545454426,opth,1,False,mlp1,bce,msle
478,0.7661910544424206,0.07025580972432059,0.7222222222222222,0.7304189435336976,0.9938042131350682,0.841994750656168,18.0,Sedum.rupestre,0.45264116575591995,opth,1,False,mlp1,bce,msle
479,0.7568901686548745,0.023610746283424012,0.9090909090909091,0.6135746606334842,0.9985272459499264,0.7600896860986547,11.0,Sedum.sexangulare,0.5226655697243934,opth,1,False,mlp1,bce,msle
480,0.8161065697850439,0.12141063227184562,0.4666666666666667,0.8973660308810173,0.9919678714859438,0.9422985216976634,15.0,Selaginella.selaginoides,0.36403269754768397,opth,1,False,mlp1,bce,msle
481,0.8396102241847827,0.27477543302829166,0.7608695652173914,0.771484375,0.9729064039408867,0.8605664488017429,92.0,Sempervivum.arachnoideum,0.5323539402173914,opth,1,False,mlp1,bce,msle
482,0.8764458915260046,0.305456720900021,0.7818181818181819,0.8058435438265787,0.986159169550173,0.8869294605809128,55.0,Sempervivum.montanum,0.5876617256447605,opth,1,False,mlp1,bce,msle
483,0.848601774135805,0.19004178272092703,0.6956521739130435,0.7657822506861848,0.9917061611374408,0.8642230252968508,23.0,Sempervivum.tectorum,0.46143442459922834,opth,1,False,mlp1,bce,msle
484,0.8481698072341347,0.30400095469450705,0.7444444444444445,0.7923976608187134,0.972488038277512,0.8732545649838883,90.0,Senecio.doronicum,0.5368421052631578,opth,1,False,mlp1,bce,msle
485,0.7974462017111745,0.03533328025621991,0.42857142857142855,0.8430127041742287,0.991462113127001,0.9112309955860716,14.0,Senecio.erucifolius,0.2715841327456572,opth,1,False,mlp1,bce,msle
486,0.8818308550185873,0.2006370949450681,0.95,0.7434944237918215,0.9975062344139651,0.8519701810436635,40.0,Senecio.incanus,0.6934944237918215,opth,1,False,mlp1,bce,msle
487,0.9295686801324186,0.1719810033473599,1.0,0.6718322698268003,1.0,0.8037077426390403,19.0,Senecio.jacobaea,0.6718322698268002,opth,1,False,mlp1,bce,msle
488,0.7088797302360434,0.047297351388035994,0.6470588235294118,0.5623293903548681,0.9903846153846154,0.7173534532791642,17.0,Serratula.tinctoria,0.20938821388427975,opth,1,False,mlp1,bce,msle
489,0.6683123877917415,0.00393654307323372,1.0,0.507181328545781,1.0,0.6730196545562835,2.0,Seseli.annuum,0.5071813285457809,opth,1,False,mlp1,bce,msle
490,0.813473489825633,0.3754055151833998,0.7103448275862069,0.7435633367662204,0.9450261780104712,0.8322766570605188,145.0,Sesleria.caerulea,0.4539081643524274,opth,1,False,mlp1,bce,msle
491,0.7883525602104836,0.0429725050067348,0.7222222222222222,0.692167577413479,0.9934640522875817,0.8158883521202361,18.0,Sherardia.arvensis,0.4143897996357011,opth,1,False,mlp1,bce,msle
492,0.81785392245266,0.027315562095369048,0.7142857142857143,0.7222723174030659,0.9975093399750934,0.8378661087866108,7.0,Sideritis.hyssopifolia,0.43655803168878027,opth,1,False,mlp1,bce,msle
493,0.8820729905067255,0.22365896092075918,0.8918918918918919,0.6784059314179796,0.9945652173913043,0.8066115702479338,37.0,Silaum.silaus,0.5702978233098714,opth,1,False,mlp1,bce,msle
494,0.8731619710405208,0.25815282036980947,0.8135593220338984,0.7814569536423841,0.986857825567503,0.8722280887011615,59.0,Silene.acaulis,0.5950162756762825,opth,1,False,mlp1,bce,msle
495,0.6962762220214795,0.01649275187560954,0.3333333333333333,0.8012646793134598,0.9932810750279956,0.887,9.0,Silene.dioica,0.13459801264679316,opth,1,False,mlp1,bce,msle
496,0.9278820903361346,0.2254983943266038,0.8571428571428571,0.8465073529411765,0.9956756756756757,0.9150521609538003,28.0,Silene.flos.cuculi,0.7036502100840336,opth,1,False,mlp1,bce,msle
497,0.6588588588588589,0.010438515101892663,0.8333333333333334,0.418018018018018,0.9978494623655914,0.5892063492063492,6.0,Silene.flos.jovis,0.25135135135135145,opth,1,False,mlp1,bce,msle
498,0.8195383789586689,0.2553878927799921,0.654320987654321,0.8,0.9672897196261683,0.8757271285034374,81.0,Silene.nutans,0.45432098765432105,opth,1,False,mlp1,bce,msle
499,0.9064317766328734,0.25099254091326506,0.8636363636363636,0.7659963436928702,0.9964328180737217,0.8661498708010336,22.0,Silene.otites,0.6296327073292338,opth,1,False,mlp1,bce,msle
500,0.8446525270758123,0.030552281382406794,0.75,0.8212996389891697,0.9978070175438597,0.900990099009901,8.0,Silene.rupestris,0.5712996389891698,opth,1,False,mlp1,bce,msle
501,0.7691758539671064,0.2555102448067652,0.8181818181818182,0.5944333996023857,0.9676375404530745,0.7364532019704434,110.0,Silene.vulgaris,0.41261521778420396,opth,1,False,mlp1,bce,msle
502,0.4642108415693321,0.003293227078652313,0.0,0.8490566037735849,0.9968354430379747,0.9170305676855895,3.0,Sinapis.arvensis,-0.15094339622641506,opth,1,False,mlp1,bce,msle
503,0.8344344060783262,0.2850265107893037,0.6185567010309279,0.7850834151128557,0.955794504181601,0.8620689655172413,97.0,Soldanella.alpina,0.4036401161437837,opth,1,False,mlp1,bce,msle
504,0.8963029756537421,0.04758114231625907,1.0,0.6366095581605049,1.0,0.7779614325068871,7.0,Solidago.gigantea,0.6366095581605049,opth,1,False,mlp1,bce,msle
505,0.6588214537755822,0.040833461547298444,0.4230769230769231,0.8128440366972477,0.9833518312985572,0.8900050226017077,26.0,Solidago.virgaurea,0.2359209597741707,opth,1,False,mlp1,bce,msle
506,0.724770277258443,0.03875757754500172,0.5217391304347826,0.7136322049405307,0.9860935524652339,0.8280254777070064,23.0,Stachys.officinalis,0.2353713353753133,opth,1,False,mlp1,bce,msle
507,0.7357286892758936,0.08646076010436608,0.56,0.7956003666361137,0.987485779294653,0.8812182741116751,25.0,Stachys.pradica,0.35560036663611383,opth,1,False,mlp1,bce,msle
508,0.8369254376787334,0.19282950275878621,0.8888888888888888,0.6704331450094162,0.9916434540389972,0.8,54.0,Stachys.recta,0.5593220338983049,opth,1,False,mlp1,bce,msle
509,0.8496209305782667,0.1514228894876447,0.7741935483870968,0.6995391705069124,0.9908616187989556,0.820097244732577,31.0,Stellaria.graminea,0.47373271889400925,opth,1,False,mlp1,bce,msle
510,0.7541741877256318,0.01611511280214878,0.5,0.7815884476534296,0.9954022988505747,0.8756319514661274,8.0,Stipa.capillata,0.2815884476534296,opth,1,False,mlp1,bce,msle
511,0.8395061728395061,0.19003140635785218,0.5555555555555556,0.8897996357012751,0.9918781725888325,0.9380700912145943,18.0,Stipa.eriocaulis,0.44535519125683054,opth,1,False,mlp1,bce,msle
512,0.8113793288015844,0.20863320798885707,0.6470588235294118,0.8389444949954504,0.9935344827586207,0.9097187962506167,17.0,Succisa.pratensis,0.4860033185248622,opth,1,False,mlp1,bce,msle
513,0.7418772563176896,0.024993237180879396,0.75,0.6353790613718412,0.9971671388101983,0.7761852260198456,8.0,Symphytum.officinale,0.3853790613718413,opth,1,False,mlp1,bce,msle
514,0.9102101345868658,0.22411470568338318,0.7575757575757576,0.8485687903970452,0.9913700107874865,0.9144278606965174,33.0,Taraxacum.alpinum,0.6061445479728027,opth,1,False,mlp1,bce,msle
515,0.8219748787464245,0.4184004819989455,0.788235294117647,0.7019027484143763,0.9485714285714286,0.8068043742405833,170.0,Taraxacum.officinale,0.4901380425320232,opth,1,False,mlp1,bce,msle
516,0.6639712488769093,0.01098579782790309,0.3333333333333333,0.816711590296496,0.9978046103183315,0.8982213438735178,3.0,Tephroseris.integrifolia,0.15004492362982935,opth,1,False,mlp1,bce,msle
517,0.7176840215439857,0.015960756161761187,0.5,0.8581687612208259,0.9989550679205852,0.9232254949299855,2.0,Teucrium.botrys,0.35816876122082597,opth,1,False,mlp1,bce,msle
518,0.8632679714346582,0.42260996274108076,0.7102803738317757,0.8225966303270565,0.9639953542392566,0.8877005347593583,107.0,Teucrium.chamaedrys,0.5328770041588322,opth,1,False,mlp1,bce,msle
519,0.8181841563786009,0.14866512414040806,0.6111111111111112,0.850925925925926,0.984994640943194,0.9130650769995032,36.0,Teucrium.montanum,0.462037037037037,opth,1,False,mlp1,bce,msle
520,0.7211521152115211,0.00925850375299816,1.0,0.540954095409541,1.0,0.7021028037383178,5.0,Thalictrum.alpinum,0.5409540954095409,opth,1,False,mlp1,bce,msle
521,0.7070979335130279,0.04527860084071704,0.6666666666666666,0.6909254267744834,0.9987012987012988,0.8167817312798725,3.0,Thalictrum.aquilegiifolium,0.35759209344115006,opth,1,False,mlp1,bce,msle
522,0.8145372798801049,0.07199255733207459,0.7647058823529411,0.7752502274795269,0.9953271028037384,0.871611253196931,17.0,Thalictrum.minus,0.5399561098324681,opth,1,False,mlp1,bce,msle
523,0.9443946188340807,0.015873015873015872,1.0,0.4834080717488789,1.0,0.6517533252720678,1.0,Thalictrum.simplex,0.4834080717488789,opth,1,False,mlp1,bce,msle
524,0.7604166666666666,0.09642010322352139,0.4583333333333333,0.847985347985348,0.9861554845580405,0.9118660758247169,24.0,Thesium.alpinum,0.30631868131868134,opth,1,False,mlp1,bce,msle
525,0.8276623506975811,0.0548157843201429,0.8888888888888888,0.7127371273712737,0.9987341772151899,0.8318397469688983,9.0,Thesium.linophyllon,0.6016260162601625,opth,1,False,mlp1,bce,msle
526,0.7053973979131778,0.059021854376806106,0.7142857142857143,0.5049594229035167,0.99644128113879,0.6702573309395572,7.0,Thesium.pyrenaicum,0.219245137189231,opth,1,False,mlp1,bce,msle
527,0.7410233393177738,0.0050530510346152,0.0,0.9066427289048474,0.9980237154150198,0.9501411100658513,2.0,Tofieldia.calyculata,-0.09335727109515257,opth,1,False,mlp1,bce,msle
528,0.6616847826086957,0.01642034394056321,0.25,0.7989130434782609,0.98989898989899,0.8842105263157894,12.0,Tragopogon.dubius,0.048913043478260754,opth,1,False,mlp1,bce,msle
529,0.8345735906365375,0.4960279543094842,0.8341232227488151,0.6972375690607735,0.9474474474474475,0.8033099936346276,211.0,Tragopogon.pratensis,0.5313607918095886,opth,1,False,mlp1,bce,msle
530,0.8373295454545455,0.09716203456319568,0.875,0.7363636363636363,0.9975369458128078,0.8472803347280334,16.0,Traunsteinera.globosa,0.6113636363636363,opth,1,False,mlp1,bce,msle
531,0.8123505109806479,0.07320580576883065,0.5238095238095238,0.8438356164383561,0.9892933618843683,0.9107934943321834,21.0,Trifolium.alpestre,0.36764514024788,opth,1,False,mlp1,bce,msle
532,0.8329731701841042,0.25036474029118616,0.8088235294117647,0.7270992366412213,0.983225806451613,0.8359846407021393,68.0,Trifolium.alpinum,0.5359227660529862,opth,1,False,mlp1,bce,msle
533,0.7422948834392976,0.05008478542329038,0.6666666666666666,0.7220708446866485,0.99375,0.8364018937401367,15.0,Trifolium.arvense,0.38873751135331513,opth,1,False,mlp1,bce,msle
534,0.9591359135913592,0.08213009226619256,1.0,0.6795679567956796,1.0,0.8092175777063236,5.0,Trifolium.aureum,0.6795679567956796,opth,1,False,mlp1,bce,msle
535,0.7629839471199245,0.13831514484713464,0.6140350877192983,0.7412653446647781,0.9727385377942999,0.8413719185423365,57.0,Trifolium.badium,0.35530043238407627,opth,1,False,mlp1,bce,msle
536,0.819966799813249,0.2547350751120433,0.6486486486486487,0.7523992322456814,0.9679012345679012,0.8466522678185745,74.0,Trifolium.campestre,0.4010478808943301,opth,1,False,mlp1,bce,msle
537,0.8755915637860083,0.16850702006826307,0.9166666666666666,0.7287037037037037,0.9962025316455696,0.841711229946524,36.0,Trifolium.dubium,0.6453703703703704,opth,1,False,mlp1,bce,msle
538,0.7206220796429319,0.02122139454125739,0.8461538461538461,0.5929283771532184,0.9969512195121951,0.7436043206367254,13.0,Trifolium.medium,0.4390822233070646,opth,1,False,mlp1,bce,msle
539,0.7539525360008056,0.29325999578869044,0.5483870967741935,0.7700312174817898,0.9135802469135802,0.8356860530773574,155.0,Trifolium.montanum,0.3184183142559833,opth,1,False,mlp1,bce,msle
540,0.6888904386637842,0.02139856978942409,0.3076923076923077,0.771532184950136,0.9895348837209302,0.8670402445236882,13.0,Trifolium.ochroleucon,0.07922449264244369,opth,1,False,mlp1,bce,msle
541,0.7495704537113124,0.6654602427181882,0.7054108216432866,0.6628849270664505,0.7356115107913669,0.6973572037510657,499.0,Trifolium.pratense,0.36829574870973714,opth,1,False,mlp1,bce,msle
542,0.7482697426796805,0.31967163475457544,0.7806122448979592,0.6,0.9277310924369748,0.7287128712871287,196.0,Trifolium.repens,0.3806122448979592,opth,1,False,mlp1,bce,msle
543,0.8233930181630813,0.039258855424815296,0.8571428571428571,0.5536519386834986,0.9983739837398374,0.7122969837587007,7.0,Trifolium.rubens,0.4107947958263556,opth,1,False,mlp1,bce,msle
544,0.8318318318318318,0.025855351058930696,1.0,0.5171171171171172,1.0,0.6817102137767221,6.0,Trifolium.scabrum,0.5171171171171172,opth,1,False,mlp1,bce,msle
545,0.6948948948948949,0.013697268113351953,0.3333333333333333,0.8414414414414414,0.9957356076759062,0.912109375,6.0,Trifolium.striatum,0.17477477477477477,opth,1,False,mlp1,bce,msle
546,0.8707459147378731,0.33537696724421456,0.8105263157894737,0.8050930460333007,0.9785714285714285,0.8833960236432026,95.0,Trifolium.thalii,0.6156193618227743,opth,1,False,mlp1,bce,msle
547,0.8505576208178438,0.27684847979352173,0.6,0.8745353159851301,0.9832810867293625,0.9257255287752091,40.0,Trinia.glauca,0.47453531598513,opth,1,False,mlp1,bce,msle
548,0.8515015015015015,0.02320464190142272,0.6666666666666666,0.8261261261261261,0.9978237214363439,0.9038935436175456,6.0,Trisetum.distichophyllum,0.49279279279279287,opth,1,False,mlp1,bce,msle
549,0.813185817805383,0.5925587763937662,0.717391304347826,0.7678571428571429,0.8921161825726142,0.8253358925143954,276.0,Trisetum.flavescens,0.48524844720496896,opth,1,False,mlp1,bce,msle
550,0.7758083976833976,0.19974378254219322,0.7125,0.6640926640926641,0.9676511954992968,0.7876359473382942,80.0,Trollius.europaeus,0.376592664092664,opth,1,False,mlp1,bce,msle
551,,-0.0,0.0,0.532258064516129,1.0,0.6947368421052632,0.0,Turritis.glabra,-0.467741935483871,opth,1,False,mlp1,bce,msle
552,0.527757685352622,0.01051154889647576,0.2,0.7757685352622061,0.9907621247113164,0.8701825557809331,10.0,Tussilago.farfara,-0.024231464737793917,opth,1,False,mlp1,bce,msle
553,0.55899615462457,0.02252277033574871,0.16666666666666666,0.8870673952641166,0.9848331648129424,0.9333972208912314,18.0,Urtica.dioica,0.05373406193078334,opth,1,False,mlp1,bce,msle
554,0.7484205776173285,0.04870858000596379,0.875,0.6146209386281588,0.998533724340176,0.7608938547486034,8.0,Valeriana.dioica,0.4896209386281587,opth,1,False,mlp1,bce,msle
555,0.6909722222222222,0.021405665675980193,0.4166666666666667,0.7626811594202898,0.9917550058892816,0.86226318484383,12.0,Valeriana.montana,0.17934782608695654,opth,1,False,mlp1,bce,msle
556,0.7990867579908676,0.05498097035005112,0.7619047619047619,0.6538812785388128,0.9930651872399445,0.788546255506608,21.0,Valeriana.officinalis,0.4157860404435747,opth,1,False,mlp1,bce,msle
557,0.8180163785259327,0.047131052421692576,0.6470588235294118,0.732484076433121,0.9926017262638718,0.8429319371727748,17.0,Valerianella.dentata,0.37954289996253276,opth,1,False,mlp1,bce,msle
558,0.8057047213892183,0.03748519640302084,0.7692307692307693,0.6636446056210336,0.9959183673469387,0.7965179542981502,13.0,Valerianella.locusta,0.43287537485180283,opth,1,False,mlp1,bce,msle
559,0.7207785170896638,0.08712717744164777,0.3488372093023256,0.8350419384902144,0.9696969696969697,0.8973460190285428,43.0,Veratrum.album,0.1838791477925399,opth,1,False,mlp1,bce,msle
560,0.821792510742787,0.10767088078225538,0.43333333333333335,0.8766114180478821,0.9824561403508771,0.9265206812652068,30.0,Verbascum.lychnitis,0.30994475138121547,opth,1,False,mlp1,bce,msle
561,0.7865515908798145,0.01956499526313262,0.5714285714285714,0.799819657348963,0.996629213483146,0.8874437218609305,7.0,Verbascum.nigrum,0.3712482287775343,opth,1,False,mlp1,bce,msle
562,0.5990990990990991,0.008429416025071503,0.5,0.6513513513513514,0.9958677685950413,0.7875816993464052,6.0,Verbascum.thapsus,0.15135135135135136,opth,1,False,mlp1,bce,msle
563,0.6591726618705036,0.006344977494229115,0.25,0.7329136690647482,0.9963325183374083,0.844559585492228,4.0,Verbena.officinalis,-0.017086330935251803,opth,1,False,mlp1,bce,msle
564,0.8940639269406393,0.14485993478288933,0.6190476190476191,0.8776255707762557,0.9917440660474717,0.9312015503875969,21.0,Veronica.aphylla,0.49667318982387476,opth,1,False,mlp1,bce,msle
565,0.7860546585181163,0.3310099079666685,0.7518796992481203,0.6561546286876907,0.9513274336283186,0.7766405779650812,133.0,Veronica.arvensis,0.40803432793581096,opth,1,False,mlp1,bce,msle
566,0.8296240774907749,0.14625404975679002,0.625,0.816420664206642,0.9866220735785953,0.8934881373043917,32.0,Veronica.bellidioides,0.44142066420664205,opth,1,False,mlp1,bce,msle
567,0.7979660240662865,0.22152838639878406,0.8297872340425532,0.6174168297455969,0.9752704791344667,0.756141402037148,94.0,Veronica.chamaedrys,0.44720406378815003,opth,1,False,mlp1,bce,msle
568,0.8472245304969255,0.07741331275647247,0.8636363636363636,0.6919561243144424,0.9960526315789474,0.8166127292340885,22.0,Veronica.fruticans,0.5555924879508061,opth,1,False,mlp1,bce,msle
569,0.8280922431865827,0.010868322595851123,0.6666666666666666,0.8445642407906558,0.9989373007438895,0.9152872444011685,3.0,Veronica.fruticulosa,0.5112309074573225,opth,1,False,mlp1,bce,msle
570,0.7830615942028986,0.038547279479007567,0.6666666666666666,0.8079710144927537,0.9955357142857143,0.892,12.0,Veronica.officinalis,0.4746376811594204,opth,1,False,mlp1,bce,msle
571,0.7421022727272728,0.03179947387813871,0.6875,0.6472727272727272,0.99302649930265,0.7837094111172263,16.0,Veronica.persica,0.3347727272727272,opth,1,False,mlp1,bce,msle
572,0.4553620531622365,0.020557391516148608,0.4,0.5444546287809349,0.9753694581280788,0.6988235294117647,25.0,Veronica.serpyllifolia,-0.05554537121906511,opth,1,False,mlp1,bce,msle
573,0.8100688620483298,0.2603549384101594,0.907563025210084,0.6108324974924775,0.9822580645161291,0.7532467532467533,119.0,Vicia.cracca,0.5183955227025616,opth,1,False,mlp1,bce,msle
574,0.8739192478804667,0.3038035119882783,0.6060606060606061,0.9113573407202216,0.987,0.9476716274603937,33.0,Vicia.hirsuta,0.5174179467808275,opth,1,False,mlp1,bce,msle
575,0.6700792933855264,0.01717989246039369,0.2222222222222222,0.8319783197831978,0.9924568965517241,0.9051597051597051,9.0,Vicia.onobrychioides,0.054200542005419905,opth,1,False,mlp1,bce,msle
576,0.8365723015044282,0.2826550710661618,0.6862745098039216,0.8205128205128205,0.9629629629629629,0.88604898828541,102.0,Vicia.sativa,0.5067873303167421,opth,1,False,mlp1,bce,msle
577,0.8175567833026397,0.11288102780171465,0.5666666666666667,0.8821362799263351,0.9866117404737385,0.9314535731648032,30.0,Vicia.sepium,0.4488029465930019,opth,1,False,mlp1,bce,msle
578,0.6591793950284517,0.01629076421934079,0.6666666666666666,0.5516621743036837,0.9983739837398374,0.7106481481481481,3.0,Vicia.tetrasperma,0.21832884097035032,opth,1,False,mlp1,bce,msle
579,0.7074141048824594,0.07564885133093764,0.5,0.8227848101265823,0.994535519125683,0.9005442850074221,10.0,Vincetoxicum.hirundinaria,0.3227848101265822,opth,1,False,mlp1,bce,msle
580,0.6317145433466443,0.009974663990262377,0.42857142857142855,0.5942290351668169,0.9939668174962293,0.7437923250564334,7.0,Viola.arvensis,0.022800463738245513,opth,1,False,mlp1,bce,msle
581,0.9964125560538116,0.2,1.0,0.9721973094170404,1.0,0.9859026830377444,1.0,Viola.biflora,0.9721973094170404,opth,1,False,mlp1,bce,msle
582,0.8627247534115237,0.26713629802878475,0.7945205479452054,0.7785234899328859,0.9818621523579202,0.8684491978609625,73.0,Viola.calcarata,0.5730440378780912,opth,1,False,mlp1,bce,msle
583,0.7396021699819169,0.028810205715579847,0.6,0.689873417721519,0.9947848761408083,0.8147357180993059,10.0,Viola.hirta,0.289873417721519,opth,1,False,mlp1,bce,msle
584,0.5750224618149147,0.004549758005882551,0.6666666666666666,0.577717879604672,0.9984472049689441,0.7319294251565168,3.0,Viola.rupestris,0.24438454627133854,opth,1,False,mlp1,bce,msle
585,0.5766816143497757,0.0021141649048625794,1.0,0.5488789237668161,1.0,0.7087434858135495,1.0,Vulpia.myuros,0.5488789237668161,opth,1,False,mlp1,bce,msle
586,0.7135128172098415,0.012672991906826268,0.2857142857142857,0.8385933273219116,0.9946524064171123,0.9099804305283757,7.0,Athamanta.cretensis,0.1243076130361973,opth,1,False,mlp1,bce,msle
587,0.7015329125338143,0.017353510899092556,0.7142857142857143,0.757439134355275,0.997624703087886,0.8610968733982574,7.0,Bupleurum.baldense,0.4717248486409893,opth,1,False,mlp1,bce,msle
588,0.5632191924123021,0.015478790003232441,0.3076923076923077,0.7479601087941976,0.9892086330935251,0.8518327310273619,13.0,Imperatoria.ostruthium,0.05565241648650532,opth,1,False,mlp1,bce,msle
589,0.8322501028383382,0.038474531797663435,0.5454545454545454,0.8570135746606334,0.9947478991596639,0.9207583859990277,11.0,Laserpitium.gallicum,0.40246812011517896,opth,1,False,mlp1,bce,msle
590,0.7754963898916968,0.017200743167529085,1.0,0.6101083032490975,1.0,0.757847533632287,8.0,Oenanthe.silaifolia,0.6101083032490975,opth,1,False,mlp1,bce,msle
591,0.9613019891500904,0.1379340639617931,1.0,0.8390596745027125,1.0,0.9124877089478859,10.0,Seseli.galloprovinciale,0.8390596745027126,opth,1,False,mlp1,bce,msle
592,0.5164118705035972,0.004385658547000746,0.0,0.862410071942446,0.995846313603323,0.9243373493975904,4.0,Torilis.leptophylla,-0.137589928057554,opth,1,False,mlp1,bce,msle
593,0.8084386281588447,0.020896102874656382,0.125,0.9043321299638989,0.9930624380574826,0.9466225791213982,8.0,Achillea.ptarmica,0.02933212996389889,opth,1,False,mlp1,bce,msle
594,0.9282511210762332,0.012345679012345678,1.0,0.7829596412556054,1.0,0.8782696177062375,1.0,Artemisia.alba,0.7829596412556055,opth,1,False,mlp1,bce,msle
595,0.6966315642652905,0.024225076271827222,0.7692307692307693,0.6174070716228468,0.9956140350877193,0.7621712367095691,13.0,Bombycilaena.erecta,0.38663784085361597,opth,1,False,mlp1,bce,msle
596,0.7387791741472173,0.009852216748768473,0.5,0.6579892280071813,0.9986376021798365,0.7932900432900433,2.0,Cacalia.alliariae,0.1579892280071813,opth,1,False,mlp1,bce,msle
597,0.5256092057761733,0.011325466175710099,0.375,0.7265342960288809,0.9938271604938271,0.8394160583941606,8.0,Cacalia.alpina,0.10153429602888098,opth,1,False,mlp1,bce,msle
598,0.6400629496402878,0.014183992028434195,0.25,0.8570143884892086,0.9968619246861925,0.9216634429400387,4.0,Carduus.nigrescens,0.10701438848920874,opth,1,False,mlp1,bce,msle
599,0.8,0.037413454695462374,0.7272727272727273,0.7420814479638009,0.9963547995139733,0.8506224066390041,11.0,Catananche.caerulea,0.4693541752365282,opth,1,False,mlp1,bce,msle
600,0.7124822877753446,0.024549504949084564,0.5714285714285714,0.7439134355275022,0.9963768115942029,0.8518327310273619,7.0,Centaurea.alpestris,0.31534200695607373,opth,1,False,mlp1,bce,msle
601,0.7201974496092143,0.03083607321122424,0.5454545454545454,0.7085972850678733,0.9936548223350253,0.8272583201267829,11.0,Centaurea.paniculata,0.25405183052241886,opth,1,False,mlp1,bce,msle
602,0.5409172661870504,0.025973785740121054,0.25,0.7751798561151079,0.9965317919075144,0.8720283257460799,4.0,Centaurea.triumfetti,0.025179856115107757,opth,1,False,mlp1,bce,msle
603,0.834332884097035,0.26916482711706435,0.8214285714285714,0.7745283018867924,0.9879663056558363,0.8683236382866208,56.0,Centaurea.uniflora,0.5959568733153637,opth,1,False,mlp1,bce,msle
604,0.9501795332136446,0.026709401709401708,1.0,0.7046678635547576,1.0,0.8267509215376514,2.0,Cirsium.ferox,0.7046678635547576,opth,1,False,mlp1,bce,msle
605,0.9401004766198635,0.0660928812429864,1.0,0.7078449053201082,1.0,0.8289334741288279,7.0,Cirsium.morisianum,0.7078449053201084,opth,1,False,mlp1,bce,msle
606,0.9262762762762763,0.0832444848784718,1.0,0.7423423423423423,1.0,0.8521199586349535,6.0,Cirsium.rivulare,0.7423423423423423,opth,1,False,mlp1,bce,msle
607,0.8039039039039039,0.030623220287640144,1.0,0.5666666666666667,1.0,0.723404255319149,6.0,Crepis.albida,0.5666666666666667,opth,1,False,mlp1,bce,msle
608,0.7968142781749268,0.058168674893448735,0.8421052631578947,0.6490428441203282,0.9958041958041958,0.7858719646799117,19.0,Crepis.nicaeensis,0.4911481072782229,opth,1,False,mlp1,bce,msle
609,0.7276658065415998,0.02584515782014613,0.15384615384615385,0.9356300997280145,0.9894534995206136,0.961789375582479,13.0,Doronicum.grandiflorum,0.08947625357416822,opth,1,False,mlp1,bce,msle
610,0.7602965683773764,0.07788799630716177,0.5925925925925926,0.7337006427915519,0.9864197530864197,0.841495523959979,27.0,Echinops.ritro,0.32629323538414434,opth,1,False,mlp1,bce,msle
611,0.8264388489208633,0.015722911573662558,0.75,0.7257194244604317,0.9987623762376238,0.840625,4.0,Erigeron.atticus,0.4757194244604317,opth,1,False,mlp1,bce,msle
612,0.8616352201257862,0.06158019456223497,0.6666666666666666,0.7214734950584007,0.9987562189054726,0.8377673448095984,3.0,Filago.vulgaris,0.3881401617250675,opth,1,False,mlp1,bce,msle
613,0.7497749774977498,0.025429614973234135,0.4,0.7587758775877588,0.9964539007092199,0.86152273888605,5.0,Helichrysum.stoechas,0.1587758775877588,opth,1,False,mlp1,bce,msle
614,0.7661579892280072,0.0056778828342702505,0.0,0.8913824057450629,0.9979899497487437,0.9416785206258891,2.0,Hieracium.glanduliferum,-0.10861759425493711,opth,1,False,mlp1,bce,msle
615,0.8216903006239364,0.1592793507421712,0.7317073170731707,0.7581395348837209,0.986682808716707,0.8574434508153603,41.0,Pilosella.peleteriana,0.4898468519568917,opth,1,False,mlp1,bce,msle
616,0.6590405972416475,0.13633219547222925,0.3925233644859813,0.755203171456888,0.9214026602176542,0.8300653594771242,107.0,Pilosella.officinarum,0.14772653594286922,opth,1,False,mlp1,bce,msle
617,0.870105458451323,0.3231511416879888,0.5789473684210527,0.9230055658627088,0.9841740850642928,0.9526089037817137,38.0,Hieracium.rionii,0.5019529342837614,opth,1,False,mlp1,bce,msle
618,0.9188514357053683,0.35186017264752467,0.875,0.8220973782771536,0.9932126696832579,0.8995901639344263,48.0,Pilosella.corymbuloides,0.6970973782771535,opth,1,False,mlp1,bce,msle
619,0.8011643079393755,0.08715383977685956,0.6666666666666666,0.8346883468834688,0.9967637540453075,0.9085545722713865,9.0,Inula.montana,0.5013550135501355,opth,1,False,mlp1,bce,msle
620,0.8844301170890767,0.33550946451941627,0.8846153846153846,0.7774566473988439,0.9889705882352942,0.8705501618122977,78.0,Leontodon.pyrenaicus,0.6620720320142284,opth,1,False,mlp1,bce,msle
621,0.7976409389858026,0.15708440719302053,0.6842105263157895,0.7752596789423984,0.9785458879618594,0.8651211801896733,57.0,Leucanthemum.adustum,0.4594702052581878,opth,1,False,mlp1,bce,msle
622,0.9158239765674037,0.12146304908029641,0.8461538461538461,0.8467815049864007,0.9978632478632479,0.916135360470819,13.0,Leucanthemum.atratum,0.692935351140247,opth,1,False,mlp1,bce,msle
623,0.9157432481885384,0.34519046085883787,0.8615384615384616,0.8372978116079924,0.9898762654668166,0.9072164948453608,65.0,Omalotheca.supina,0.6988362731464539,opth,1,False,mlp1,bce,msle
624,0.6263489208633093,0.00841828301516723,0.25,0.7320143884892086,0.996328029375765,0.8439606013478487,4.0,Omalotheca.sylvatica,-0.017985611510791366,opth,1,False,mlp1,bce,msle
625,0.7831686133572926,0.016421143212066044,0.6666666666666666,0.7044025157232704,0.9987261146496815,0.8261327713382508,3.0,Pulicaria.dysenterica,0.371069182389937,opth,1,False,mlp1,bce,msle
626,0.6089140796083987,0.014950223491889864,0.2857142857142857,0.7258791704238052,0.9938271604938271,0.8389786347055758,7.0,Scorzonera.hispanica,0.011593456138090819,opth,1,False,mlp1,bce,msle
627,0.915989159891599,0.05130453237622949,1.0,0.7371273712737128,1.0,0.8486739469578783,9.0,Senecio.aquaticus,0.7371273712737128,opth,1,False,mlp1,bce,msle
628,0.7221223021582734,0.00840792308453817,0.25,0.8534172661870504,0.9968487394957983,0.9195736434108527,4.0,Senecio.vulgaris,0.1034172661870505,opth,1,False,mlp1,bce,msle
629,0.984995487364621,0.5656448084079664,1.0,0.7012635379061372,1.0,0.8244031830238727,8.0,Serratula.lycopifolia,0.7012635379061372,opth,1,False,mlp1,bce,msle
630,0.7367475292003594,0.00984454915226934,0.6666666666666666,0.7259658580413297,0.9987639060568603,0.8407908428720083,3.0,Serratula.nudicaulis,0.3926325247079965,opth,1,False,mlp1,bce,msle
631,0.7911411411411411,0.01897724371402633,0.6666666666666666,0.7351351351351352,0.9975550122249389,0.8464730290456431,6.0,Sonchus.asper,0.4018018018018017,opth,1,False,mlp1,bce,msle
632,0.6925892040256176,0.10850763887088857,0.5217391304347826,0.7612076852698993,0.9869513641755635,0.859504132231405,23.0,Taraxacum.erythrospermum,0.28294681570468194,opth,1,False,mlp1,bce,msle
633,0.39594594594594595,0.00910290320731848,0.16666666666666666,0.9279279279279279,0.9951690821256038,0.9603729603729604,6.0,Taraxacum.palustre,0.09459459459459452,opth,1,False,mlp1,bce,msle
634,0.8347571942446043,0.019674738469348863,0.5,0.7715827338129496,0.9976744186046511,0.8701825557809331,4.0,Tolpis.staticifolia,0.2715827338129495,opth,1,False,mlp1,bce,msle
635,0.35489667565139266,0.00268234454339603,0.0,0.7556154537286612,0.9964454976303317,0.85947879407256,3.0,Tragopogon.crocifolius,-0.24438454627133877,opth,1,False,mlp1,bce,msle
636,0.8897738392954224,0.17717902777016112,0.9117647058823529,0.6839186691312384,0.9959623149394348,0.810958904109589,34.0,Cerinthe.minor,0.5956833750135915,opth,1,False,mlp1,bce,msle
637,0.8011380652890088,0.023627904545335737,1.0,0.4752920035938904,1.0,0.6443361753958587,3.0,Cynoglossum.officinale,0.47529200359389034,opth,1,False,mlp1,bce,msle
638,0.8581687612208259,0.009195402298850575,1.0,0.43177737881508077,1.0,0.6031347962382445,2.0,Lithospermum.arvense,0.4317773788150807,opth,1,False,mlp1,bce,msle
639,0.7666365280289331,0.03810283803808316,0.8,0.6030741410488246,0.9970104633781763,0.7515492957746479,10.0,Myosotis.decumbens,0.4030741410488248,opth,1,False,mlp1,bce,msle
640,0.6242152466367713,0.002380952380952381,0.0,0.7991031390134529,0.9988789237668162,0.8878923766816144,1.0,Myosotis.discolor,-0.20089686098654713,opth,1,False,mlp1,bce,msle
641,0.8912978018669075,0.04207053439032525,0.6666666666666666,0.8464317976513098,0.9968085106382979,0.9154860771861261,9.0,Pulmonaria.angustifolia,0.5130984643179763,opth,1,False,mlp1,bce,msle
642,0.8352068345323741,0.018102628426548563,0.75,0.7239208633093526,0.9987593052109182,0.8394160583941606,4.0,Alyssum.alpestre,0.47392086330935257,opth,1,False,mlp1,bce,msle
643,0.7798798798798798,0.018016849946007614,0.3333333333333333,0.8450450450450451,0.9957537154989384,0.9142300194931774,6.0,Alyssum.montanum,0.17837837837837833,opth,1,False,mlp1,bce,msle
644,0.6813681368136814,0.009602922592033073,0.6,0.594959495949595,0.9969834087481146,0.7452085682074409,5.0,Arabis.alpina,0.19495949594959505,opth,1,False,mlp1,bce,msle
645,0.6291291291291291,0.03280270279888942,0.5,0.7009009009009008,0.9961587708066582,0.8228450555261766,6.0,Arabis.auriculata,0.20090090090090085,opth,1,False,mlp1,bce,msle
646,0.8601265822784809,0.04593635957466864,0.7,0.7920433996383364,0.9965870307167235,0.8826196473551637,10.0,Cardamine.bellidifolia,0.49204339963833643,opth,1,False,mlp1,bce,msle
647,0.838640510948905,0.07066186350636196,0.35,0.9288321167883211,0.9873908826382153,0.9572167371885284,20.0,Cardamine.resedifolia,0.2788321167883212,opth,1,False,mlp1,bce,msle
648,0.6636636636636637,0.011451412793762467,0.16666666666666666,0.9576576576576576,0.9953183520599251,0.9761248852157943,6.0,Iberis.pinnata,0.12432432432432439,opth,1,False,mlp1,bce,msle
649,0.7708632311372037,0.06956401989485315,0.7619047619047619,0.6410958904109589,0.9929278642149929,0.779134295227525,21.0,Kandis.perfoliata,0.4030006523157208,opth,1,False,mlp1,bce,msle
650,0.7648282097649186,0.0290726352488432,0.8,0.5036166365280289,0.9964221824686941,0.669069069069069,10.0,Noccaea.brachypetala,0.30361663652802884,opth,1,False,mlp1,bce,msle
651,0.7557155715571557,0.01407166511786612,0.6,0.7803780378037803,0.997698504027618,0.8757575757575757,5.0,Pritzelago.alpina,0.38037803780378043,opth,1,False,mlp1,bce,msle
652,0.6098654708520179,0.0022935779816513763,0.0,0.7596412556053812,0.9988207547169812,0.8629648497198166,1.0,Sisymbrium.austriacum,-0.2403587443946188,opth,1,False,mlp1,bce,msle
653,0.7072841726618705,0.008216172628059317,0.25,0.8678057553956835,0.996900826446281,0.9278846153846154,4.0,Campanula.alpestris,0.1178057553956835,opth,1,False,mlp1,bce,msle
654,0.8954822224638469,0.16043813731955092,0.7941176470588235,0.8484288354898336,0.9924324324324324,0.9147982062780269,34.0,Phyteuma.globulariifolium,0.6425464825486571,opth,1,False,mlp1,bce,msle
655,0.8630305625434889,0.0666027583733645,0.5882352941176471,0.8389444949954504,0.9924650161463939,0.9092702169625246,17.0,Phyteuma.michelii,0.4271797891130975,opth,1,False,mlp1,bce,msle
656,0.8693551928566201,0.32404989245255295,0.8307692307692308,0.8001902949571836,0.9870892018779343,0.883867577509196,65.0,Arenaria.gothica,0.6309595257264144,opth,1,False,mlp1,bce,msle
657,0.884963768115942,0.0775979837753862,0.5,0.8967391304347826,0.9939759036144579,0.9428571428571428,12.0,Cerastium.cerastoides,0.3967391304347827,opth,1,False,mlp1,bce,msle
658,0.9264039855072463,0.25465035449627293,0.9166666666666666,0.7563405797101449,0.9988038277511961,0.8608247422680413,12.0,Dianthus.hyssopifolius,0.6730072463768115,opth,1,False,mlp1,bce,msle
659,0.8223052183836497,0.1982910694675183,0.5555555555555556,0.7880485527544351,0.9768518518518519,0.8723514211886305,45.0,Dianthus.pavonius,0.3436041083099908,opth,1,False,mlp1,bce,msle
660,0.6970108695652173,0.018553554309366855,0.6666666666666666,0.5679347826086957,0.993660855784469,0.7227665706051873,12.0,Minuartia.hybrida,0.2346014492753623,opth,1,False,mlp1,bce,msle
661,0.8118811881188118,0.016475145280457217,1.0,0.48244824482448245,1.0,0.6508803885853066,5.0,Minuartia.rupestris,0.48244824482448245,opth,1,False,mlp1,bce,msle
662,0.9050746365947461,0.26802136844972085,0.7586206896551724,0.832703213610586,0.9843575418994414,0.9022017409114184,58.0,Minuartia.sedoides,0.5913239032657582,opth,1,False,mlp1,bce,msle
663,0.8734343434343435,0.23877351155401014,0.696969696969697,0.8285714285714286,0.9775280898876404,0.8969072164948454,66.0,Sagina.glabra,0.5255411255411255,opth,1,False,mlp1,bce,msle
664,0.8511251125112511,0.017306119487122795,1.0,0.7425742574257426,1.0,0.8522727272727273,5.0,Sagina.saginoides,0.7425742574257426,opth,1,False,mlp1,bce,msle
665,0.7376130198915009,0.020765262571513503,1.0,0.5244122965641953,1.0,0.6880189798339265,10.0,Silene.italica,0.5244122965641953,opth,1,False,mlp1,bce,msle
666,0.817891842346471,0.07512740146203703,0.84,0.6095325389550871,0.9940209267563528,0.7556818181818182,25.0,Silene.latifolia,0.44953253895508705,opth,1,False,mlp1,bce,msle
667,0.4158415841584159,0.004651881920216052,0.2,0.7848784878487849,0.9954337899543378,0.8777050830397585,5.0,Silene.suecica,-0.015121512151215155,opth,1,False,mlp1,bce,msle
668,0.5118342018377819,0.028934514265973352,0.34782608695652173,0.5709057639524245,0.9765258215962441,0.7205542725173211,23.0,Chenopodium.bonus.henricus,-0.08126814909105373,opth,1,False,mlp1,bce,msle
669,0.8368277119416591,0.08371515271960574,0.631578947368421,0.8350045578851413,0.9924160346695557,0.906930693069307,19.0,Helianthemum.apenninum,0.4665835052535623,opth,1,False,mlp1,bce,msle
670,0.7771199785164117,0.22620321522160086,0.5316455696202531,0.8003857280617165,0.9573241061130334,0.8718487394957983,79.0,Helianthemum.oelandicum,0.3320312976819695,opth,1,False,mlp1,bce,msle
671,0.5467146714671467,0.005602610202583394,0.0,0.9117911791179117,0.9950884086444007,0.9516204790981682,5.0,Convolvulus.cantabricus,-0.08820882088208826,opth,1,False,mlp1,bce,msle
672,0.8381117573036765,0.12598671180212498,0.8518518518518519,0.7392102846648301,0.9950556242274413,0.8482613277133825,27.0,Sedum.alpestre,0.5910621365166819,opth,1,False,mlp1,bce,msle
673,0.7770464829288358,0.038084617439903067,0.5454545454545454,0.7972850678733032,0.9943566591422122,0.8849824208940231,11.0,Sedum.anacampseros,0.34273961332784864,opth,1,False,mlp1,bce,msle
674,0.7497045693277311,0.07598707258737586,0.4642857142857143,0.8529411764705882,0.9840933191940615,0.913835548990645,28.0,Sedum.ochroleucum,0.3172268907563025,opth,1,False,mlp1,bce,msle
675,0.9000900090009001,0.5694241017706723,0.8,0.8766876687668766,0.9989743589743589,0.9338446788111218,5.0,Sedum.sediforme,0.6766876687668768,opth,1,False,mlp1,bce,msle
676,0.8201201201201201,0.034672074858421414,0.8333333333333334,0.8171171171171171,0.998898678414097,0.8989098116947473,6.0,Sempervivum.calcareum,0.6504504504504505,opth,1,False,mlp1,bce,msle
677,0.5788583032490975,0.008961099515310465,0.125,0.73014440433213,0.991421568627451,0.840956340956341,8.0,Euphorbia.esula,-0.14485559566786999,opth,1,False,mlp1,bce,msle
678,0.8587601763907733,0.2506304937235371,0.7954545454545454,0.7686567164179104,0.9891956782713085,0.8650918635170604,44.0,Anthyllis.montana,0.5641112618724557,opth,1,False,mlp1,bce,msle
679,0.8306046894282189,0.04678176620226301,0.7272727272727273,0.8542986425339366,0.996832101372756,0.9200779727095516,11.0,Argyrolobium.zanonii,0.5815713698066638,opth,1,False,mlp1,bce,msle
680,0.8658183921341815,0.28993408582610114,0.6346153846153846,0.8590225563909775,0.9796355841371919,0.9153730595893841,52.0,Astragalus.danicus,0.49363794100636205,opth,1,False,mlp1,bce,msle
681,0.8855328158080452,0.2688514812787483,0.8461538461538461,0.773394495412844,0.9952774498229043,0.8704181724315952,26.0,Astragalus.sempervirens,0.61954834156669,opth,1,False,mlp1,bce,msle
682,0.5088349805330936,0.003963194706897485,0.6666666666666666,0.6451033243486074,0.9986091794158554,0.7838427947598253,3.0,Astragalus.vesicarius,0.31176999101527403,opth,1,False,mlp1,bce,msle
683,0.8697214734950584,0.01766921956457792,1.0,0.7151841868823001,1.0,0.8339444735463594,3.0,Bituminaria.bituminosa,0.7151841868823001,opth,1,False,mlp1,bce,msle
684,0.904001798561151,0.04503489957981481,1.0,0.6879496402877698,1.0,0.8151305274374001,4.0,Dorycnium.pentaphyllum,0.6879496402877698,opth,1,False,mlp1,bce,msle
685,0.7807987364620939,0.02531427863835514,0.75,0.7671480144404332,0.9976525821596244,0.8673469387755102,8.0,Genista.cinerea,0.5171480144404332,opth,1,False,mlp1,bce,msle
686,0.9641255605381166,0.024390243902439025,1.0,0.7300448430493274,1.0,0.8439606013478487,1.0,Lathyrus.hirsutus,0.7300448430493274,opth,1,False,mlp1,bce,msle
687,0.8889259940568841,0.5970023548246677,0.8010471204188482,0.8108108108108109,0.9517766497461929,0.8756567425569177,191.0,Lotus.alpinus,0.611857931229659,opth,1,False,mlp1,bce,msle
688,0.7014398115934272,0.028150426912569342,0.4117647058823529,0.7525022747952684,0.98805256869773,0.8543388429752066,17.0,Lotus.delortii,0.16426698067762135,opth,1,False,mlp1,bce,msle
689,0.8870919436957173,0.01668221300027991,1.0,0.7915543575920935,1.0,0.8836509528585758,3.0,Lotus.pedunculatus,0.7915543575920934,opth,1,False,mlp1,bce,msle
690,0.7634563456345635,0.01333076911474124,0.8,0.6498649864986499,0.9986168741355463,0.787350054525627,5.0,Medicago.arabica,0.4498649864986499,opth,1,False,mlp1,bce,msle
691,0.9946091644204852,0.24074074074074076,1.0,0.9433962264150944,1.0,0.970873786407767,3.0,Melilotus.neapolitanus,0.9433962264150944,opth,1,False,mlp1,bce,msle
692,0.796244998461065,0.09835711072102972,0.5151515151515151,0.8624192059095106,0.9831578947368421,0.9188391539596655,33.0,Ononis.cristata,0.37757072106102574,opth,1,False,mlp1,bce,msle
693,0.924408014571949,0.2297998497091175,0.7777777777777778,0.8469945355191257,0.9957173447537473,0.9153543307086615,18.0,Oxytropis.lapponica,0.6247723132969036,opth,1,False,mlp1,bce,msle
694,0.8496849684968497,0.018500487821530985,1.0,0.7002700270027002,1.0,0.8237162519851774,5.0,Trifolium.incarnatum,0.7002700270027002,opth,1,False,mlp1,bce,msle
695,0.8625550946331346,0.06813706993123657,0.8571428571428571,0.7858439201451906,0.9976958525345622,0.8791878172588833,14.0,Trifolium.pallescens,0.6429867772880478,opth,1,False,mlp1,bce,msle
696,0.8329432943294329,0.015400065821118452,1.0,0.6210621062106211,1.0,0.7662409772348695,5.0,Vicia.pannonica,0.621062106210621,opth,1,False,mlp1,bce,msle
697,0.8215314804310834,0.12396556659188644,0.8780487804878049,0.6316279069767442,0.9926900584795322,0.7720295622512792,41.0,Vicia.tenuifolia,0.5096766874645491,opth,1,False,mlp1,bce,msle
698,0.8225,0.07157699475648437,0.75,0.7781818181818182,0.9953488372093023,0.8734693877551021,16.0,Gentiana.angustifolia,0.5281818181818183,opth,1,False,mlp1,bce,msle
699,0.8278936953635749,0.11154850880388725,0.7297297297297297,0.7599629286376274,0.9879518072289156,0.859088528025144,37.0,Gentiana.brachyphylla,0.4896926583673571,opth,1,False,mlp1,bce,msle
700,0.7044063033222925,0.0146615168320752,0.3333333333333333,0.7362240289069557,0.9926918392204629,0.8454356846473029,9.0,Gentiana.orbicularis,0.06955736224028897,opth,1,False,mlp1,bce,msle
701,0.7804602888086642,0.02388135679402039,0.625,0.7211191335740073,0.9962593516209476,0.8366492146596859,8.0,Gentiana.rostanii,0.34611913357400725,opth,1,False,mlp1,bce,msle
702,0.7359936712144006,0.13776447151477744,0.47297297297297297,0.7706333973128598,0.9536817102137767,0.8524416135881104,74.0,Gentianella.campestris,0.24360637028583287,opth,1,False,mlp1,bce,msle
703,0.6660676849356095,0.011127299516216979,0.6666666666666666,0.7349505840071878,0.9987789987789988,0.8467908902691511,3.0,Gentianella.ciliata,0.40161725067385445,opth,1,False,mlp1,bce,msle
704,0.6583258325832584,0.008434114861425483,0.2,0.8892889288928892,0.9959677419354839,0.9396100808368997,5.0,Gentianella.tenella,0.08928892889288931,opth,1,False,mlp1,bce,msle
705,0.7389838129496402,0.011622210035748457,0.75,0.5620503597122302,0.9984025559105432,0.7192174913693901,4.0,Hypericum.tetrapterum,0.31205035971223016,opth,1,False,mlp1,bce,msle
706,0.6969152440850555,0.006627752130207783,0.3333333333333333,0.8679245283018868,0.9979338842975206,0.9283998077847189,3.0,Herniaria.incana,0.20125786163522008,opth,1,False,mlp1,bce,msle
707,0.5156950672645739,0.0018484288354898336,0.0,0.6421524663677131,0.99860529986053,0.7816593886462883,1.0,Calamintha.nepeta,-0.35784753363228694,opth,1,False,mlp1,bce,msle
708,0.902970297029703,0.058007573585099906,0.4,0.9540954095409541,0.9971777986829727,0.9751609935602575,5.0,Mentha.aquatica,0.3540954095409541,opth,1,False,mlp1,bce,msle
709,0.7285714285714286,0.01753047880614054,0.2,0.8815551537070524,0.9918616480162767,0.9334609861177597,10.0,Mentha.longifolia,0.08155515370705246,opth,1,False,mlp1,bce,msle
710,0.3662773285414795,0.002743732255263539,0.0,0.6756513926325247,0.9960264900662251,0.8051391862955032,3.0,Nepeta.nepetella,-0.3243486073674753,opth,1,False,mlp1,bce,msle
711,0.8765709156193895,0.010497835497835497,1.0,0.5574506283662477,1.0,0.715850144092219,2.0,Prunella.hyssopifolia,0.5574506283662477,opth,1,False,mlp1,bce,msle
712,0.7578687050359713,0.018192511629192686,0.5,0.7940647482014388,0.9977401129943503,0.8843264897346019,4.0,Teucrium.polium,0.2940647482014387,opth,1,False,mlp1,bce,msle
713,0.7583483754512634,0.016001847994723685,0.75,0.6732851985559567,0.9973262032085561,0.8038793103448276,8.0,Linum.bienne,0.4232851985559567,opth,1,False,mlp1,bce,msle
714,0.8506351446718419,0.11487824247152555,0.7307692307692307,0.7788990825688074,0.991822429906542,0.8725590955806783,26.0,Linum.suffruticosum,0.5096683133380382,opth,1,False,mlp1,bce,msle
715,0.8531645569620252,0.09218025529823083,0.7,0.8707052441229657,0.9968944099378882,0.9295366795366795,10.0,Lythrum.salicaria,0.5707052441229656,opth,1,False,mlp1,bce,msle
716,0.736322869955157,0.003389830508474576,1.0,0.6878923766816144,1.0,0.8150903294367694,1.0,Althaea.hirsuta,0.6878923766816145,opth,1,False,mlp1,bce,msle
717,0.7459605026929982,0.0051596110142170075,0.0,0.8420107719928187,0.997872340425532,0.9133398247322297,2.0,Epilobium.parviflorum,-0.1579892280071813,opth,1,False,mlp1,bce,msle
718,0.6743243243243243,0.012683970632764274,0.3333333333333333,0.7612612612612613,0.9952885747938751,0.8626850433894845,6.0,Plantago.sempervirens,0.09459459459459452,opth,1,False,mlp1,bce,msle
719,0.8775180450063689,0.306449569569202,0.7926829268292683,0.7969052224371374,0.9797859690844233,0.8789333333333333,82.0,Armeria.alpina,0.5895881492664057,opth,1,False,mlp1,bce,msle
720,0.8488801913459447,0.09742277243439583,0.7142857142857143,0.8292237442922374,0.9934354485776805,0.9039323046291687,21.0,Polygala.calcarea,0.5435094585779519,opth,1,False,mlp1,bce,msle
721,0.6715859819404113,0.04448845317267943,0.4782608695652174,0.707227813357731,0.9847133757961783,0.8232161874334398,23.0,Rumex.arifolius,0.1854886829229483,opth,1,False,mlp1,bce,msle
722,0.9185384845762204,0.026400759734093067,1.0,0.7169811320754716,1.0,0.8351648351648352,3.0,Rumex.conglomeratus,0.7169811320754715,opth,1,False,mlp1,bce,msle
723,0.654491466789668,0.0647637053873398,0.53125,0.705719557195572,0.9807692307692307,0.8208154506437768,32.0,Rumex.nebroides,0.2369695571955721,opth,1,False,mlp1,bce,msle
724,0.641044104410441,0.030664884778723575,0.4,0.90999099909991,0.9970414201183432,0.9515294117647058,5.0,Rumex.pseudalpinus,0.3099909990999099,opth,1,False,mlp1,bce,msle
725,0.8702837881918017,0.1717250437386694,0.7058823529411765,0.8133086876155268,0.9887640449438202,0.8924949290060852,34.0,Androsace.adfinis,0.5191910405567033,opth,1,False,mlp1,bce,msle
726,0.8313999368686869,0.15074976736637596,0.7666666666666667,0.7462121212121212,0.9825436408977556,0.8482238966630786,60.0,Androsace.vitaliana,0.5128787878787879,opth,1,False,mlp1,bce,msle
727,0.6376160527103923,0.005446813725896329,0.6666666666666666,0.6657681940700808,0.9986522911051213,0.798921832884097,3.0,Primula.vulgaris,0.33243486073674733,opth,1,False,mlp1,bce,msle
728,0.8415693321353699,0.010744451946168685,1.0,0.5588499550763701,1.0,0.7170028818443804,3.0,Aconitum.anthora,0.5588499550763701,opth,1,False,mlp1,bce,msle
729,0.8975174669243349,0.20862168571971734,0.7741935483870968,0.8304147465437788,0.9922907488986784,0.9041645760160562,31.0,Anemone.baldensis,0.6046082949308755,opth,1,False,mlp1,bce,msle
730,0.8448781588447652,0.03994788558945821,0.625,0.8510830324909747,0.9968287526427061,0.9182083739045764,8.0,Anemone.narcissifolia,0.47608303249097483,opth,1,False,mlp1,bce,msle
731,0.9591561938958707,0.0673202614379085,1.0,0.8949730700179533,1.0,0.9445760303173851,2.0,Caltha.palustris,0.8949730700179535,opth,1,False,mlp1,bce,msle
732,0.6469070367529116,0.032340655218525784,0.23076923076923078,0.8467815049864007,0.989406779661017,0.9125549584758182,13.0,Ranunculus.aduncus,0.07755073575563154,opth,1,False,mlp1,bce,msle
733,0.8545440821256041,0.12681762554382203,0.75,0.7617753623188406,0.9964454976303317,0.8634496919917864,12.0,Ranunculus.carinthiacus,0.5117753623188406,opth,1,False,mlp1,bce,msle
734,0.7909404808542041,0.2550205382740311,0.5963302752293578,0.7825223435948362,0.9471153846153846,0.8569874932028276,109.0,Ranunculus.sartorianus,0.37885261882419385,opth,1,False,mlp1,bce,msle
735,0.5468246811799562,0.007464204838745035,0.2857142857142857,0.7520288548241659,0.9940405244338498,0.8562628336755647,7.0,Reseda.phyteuma,0.037743140538451625,opth,1,False,mlp1,bce,msle
736,0.8780788177339902,0.07290292410369272,0.9285714285714286,0.6960072595281307,0.9986979166666666,0.8203208556149733,14.0,Alchemilla.fissa,0.6245786880995592,opth,1,False,mlp1,bce,msle
737,0.871357723209575,0.30876556179706793,0.8095238095238095,0.8072174738841406,0.9860788863109049,0.8877284595300261,63.0,Alchemilla.flabellata,0.6167412834079502,opth,1,False,mlp1,bce,msle
738,0.6955128205128205,0.07765195146993621,0.5,0.7664835164835165,0.9858657243816255,0.8624420401854714,24.0,Alchemilla.glabra,0.2664835164835164,opth,1,False,mlp1,bce,msle
739,0.8059752747252746,0.06210655000300099,0.5416666666666666,0.8012820512820513,0.9875846501128668,0.884732052578362,24.0,Alchemilla.glaucescens,0.34294871794871806,opth,1,False,mlp1,bce,msle
740,0.7145324569399798,0.04401584519761695,0.7894736842105263,0.5578851412944393,0.9935064935064936,0.7145359019264448,19.0,Alchemilla.monticola,0.34735882550496555,opth,1,False,mlp1,bce,msle
741,0.9353799185888738,0.29319707787765786,0.9772727272727273,0.8097014925373134,0.998849252013809,0.8943843379701185,44.0,Alchemilla.pentaphyllea,0.7869742198100407,opth,1,False,mlp1,bce,msle
742,0.9369551572634075,0.10366411557565482,0.9230769230769231,0.8848594741613781,0.9989764585465711,0.9384615384615385,13.0,Filipendula.ulmaria,0.8079363972383011,opth,1,False,mlp1,bce,msle
743,0.6254496402877697,0.0057371773541416635,0.5,0.6510791366906474,0.9972451790633609,0.7878128400435256,4.0,Potentilla.brauneana,0.15107913669064743,opth,1,False,mlp1,bce,msle
744,0.6771300448430493,0.002770083102493075,1.0,0.6286995515695067,1.0,0.7720264317180616,1.0,Potentilla.neglecta,0.6286995515695066,opth,1,False,mlp1,bce,msle
745,0.9210785536978422,0.394902814229157,0.726027397260274,0.9108341323106424,0.979381443298969,0.9438648782911078,73.0,Sibbaldia.procumbens,0.6368615295709164,opth,1,False,mlp1,bce,msle
746,0.7912912912912913,0.01898498068679869,0.6666666666666666,0.7657657657657657,0.9976525821596244,0.8664627930682977,6.0,Galium.megalospermum,0.43243243243243246,opth,1,False,mlp1,bce,msle
747,0.8194743935309973,0.2812104142981141,0.6607142857142857,0.7933962264150943,0.977906976744186,0.8760416666666667,56.0,Galium.obliquum,0.45411051212938003,opth,1,False,mlp1,bce,msle
748,0.8439243924392439,0.2510506601536119,0.6,0.918091809180918,0.9980430528375733,0.9563994374120957,5.0,Galium.palustre,0.5180918091809179,opth,1,False,mlp1,bce,msle
749,0.8552572202166064,0.031484450515750856,0.875,0.7102888086642599,0.998730964467005,0.830168776371308,8.0,Galium.pseudohelveticum,0.5852888086642598,opth,1,False,mlp1,bce,msle
750,0.8981149012567324,0.02115415788620522,0.0,0.9946140035906643,0.9981981981981982,0.9964028776978417,2.0,Galium.uliginosum,-0.0053859964093356805,opth,1,False,mlp1,bce,msle
751,,-0.0,0.0,0.5627240143369175,1.0,0.7201834862385321,0.0,Salix.foetida,-0.43727598566308246,opth,1,False,mlp1,bce,msle
752,0.6195924922212185,0.029601034918201513,0.1111111111111111,0.907859078590786,0.9921026653504442,0.9481132075471698,9.0,Thesium.divaricatum,0.01897018970189701,opth,1,False,mlp1,bce,msle
753,0.8123869801084991,0.028168447541562273,0.9,0.6491862567811935,0.9986091794158554,0.7868493150684932,10.0,Saxifraga.bryoides,0.5491862567811934,opth,1,False,mlp1,bce,msle
754,0.8704460966542752,0.16338323374687042,0.725,0.8197026022304833,0.9876819708846585,0.8958862366683595,40.0,Saxifraga.exarata,0.5447026022304833,opth,1,False,mlp1,bce,msle
755,0.8703870387038704,0.028781500184598838,0.8,0.7632763276327633,0.9988221436984688,0.8653061224489796,5.0,Digitalis.grandiflora,0.5632763276327633,opth,1,False,mlp1,bce,msle
756,0.688423645320197,0.02371646965708358,0.5,0.7395644283121597,0.9914841849148418,0.8471933471933472,14.0,Euphrasia.officinalis,0.23956442831215963,opth,1,False,mlp1,bce,msle
757,0.5696942446043165,0.005056087672955497,0.75,0.49550359712230213,0.9981884057971014,0.6622596153846154,4.0,Linaria.simplex,0.24550359712230208,opth,1,False,mlp1,bce,msle
758,0.7567446043165468,0.009025729494405672,0.25,0.77068345323741,0.9965116279069768,0.8691683569979716,4.0,Pedicularis.cenisia,0.020683453237410054,opth,1,False,mlp1,bce,msle
759,0.8488589599700711,0.1322813191567854,0.6666666666666666,0.852157943067034,0.9903948772678762,0.9160908193484699,27.0,Pedicularis.comosa,0.5188246097337006,opth,1,False,mlp1,bce,msle
760,0.8387978142076502,0.059758426162938916,0.7777777777777778,0.7003642987249544,0.9948253557567918,0.8220203099946553,18.0,Pedicularis.kerneri,0.4781420765027322,opth,1,False,mlp1,bce,msle
761,0.6765765765765765,0.013534446675303518,0.16666666666666666,0.8540540540540541,0.9947534102833159,0.9190499272903538,6.0,Pedicularis.rosea,0.02072072072072073,opth,1,False,mlp1,bce,msle
762,0.8067974452554745,0.09590926100540642,0.65,0.7472627737226277,0.9915254237288136,0.8522372528616025,20.0,Pedicularis.rostratospicata,0.39726277372262775,opth,1,False,mlp1,bce,msle
763,0.7365350089766607,0.005370538758808821,0.5,0.7719928186714542,0.9988385598141696,0.8708860759493671,2.0,Verbascum.chaixii,0.2719928186714542,opth,1,False,mlp1,bce,msle
764,0.8469171159029649,0.16541385804906159,0.75,0.7641509433962265,0.9830097087378641,0.8598726114649682,56.0,Veronica.allionii,0.5141509433962264,opth,1,False,mlp1,bce,msle
765,0.8770689496455859,0.24072002366081482,0.6078431372549019,0.8676056338028169,0.9788135593220338,0.9198606271777003,51.0,Veronica.alpina,0.47544877105771866,opth,1,False,mlp1,bce,msle
766,0.7706664107853956,0.060565870644605904,0.6842105263157895,0.6718322698268003,0.9919246298788694,0.8010869565217391,19.0,Veronica.austriaca,0.3560427961425898,opth,1,False,mlp1,bce,msle
767,0.7573573573573574,0.01742760060090723,0.3333333333333333,0.8081081081081081,0.9955604883462819,0.8920934858279463,6.0,Veronica.verna,0.14144144144144133,opth,1,False,mlp1,bce,msle
768,0.8150091240875912,0.07812283697249642,0.7,0.7855839416058394,0.9930795847750865,0.8772287315333673,20.0,Valeriana.tuberosa,0.4855839416058394,opth,1,False,mlp1,bce,msle
769,0.8785828858358324,0.07472012648792249,0.8461538461538461,0.6844968268359021,0.9973579920739762,0.8118279569892473,13.0,Viola.saxatilis,0.5306506729897482,opth,1,False,mlp1,bce,msle
770,0.8850987432675045,0.2538910505836576,0.5,0.7854578096947935,0.9988584474885844,0.8793969849246231,2.0,Carex.acutiformis,0.2854578096947935,opth,1,False,mlp1,bce,msle
771,0.8811026664949118,0.06590263848990813,0.7142857142857143,0.8340847610459874,0.9978425026968716,0.9086444007858546,7.0,Carex.bicolor,0.5483704753317018,opth,1,False,mlp1,bce,msle
772,0.48604860486048607,0.005006755658491805,0.4,0.594959495949595,0.9954819277108434,0.7447887323943662,5.0,Carex.cuprina,-0.005040504050405015,opth,1,False,mlp1,bce,msle
773,0.9736960431654677,0.09727309727309727,1.0,0.9019784172661871,1.0,0.9484633569739953,4.0,Carex.disticha,0.9019784172661871,opth,1,False,mlp1,bce,msle
774,0.8958616010854817,0.19316258893305405,0.9545454545454546,0.7621268656716418,0.9975579975579976,0.86409307244844,44.0,Carex.foetida,0.7166723202170964,opth,1,False,mlp1,bce,msle
775,0.8027824294731418,0.02027455697823887,0.42857142857142855,0.7871956717763751,0.9954389965792474,0.879154078549849,7.0,Carex.frigida,0.21576710034780366,opth,1,False,mlp1,bce,msle
776,0.6636958483754514,0.011071847253704076,0.375,0.7319494584837545,0.9938725490196079,0.843035343035343,8.0,Carex.melanostachya,0.10694945848375448,opth,1,False,mlp1,bce,msle
777,0.7827182718271827,0.02327145415665142,0.4,0.936993699369937,0.9971264367816092,0.9661252900232019,5.0,Carex.ovalis,0.33699369936993717,opth,1,False,mlp1,bce,msle
778,0.7433363282419887,0.013740614549813868,0.3333333333333333,0.8158131176999102,0.9978021978021978,0.897676717745922,3.0,Carex.paniculata,0.14914645103324342,opth,1,False,mlp1,bce,msle
779,0.8849325337331334,0.2635661226627344,0.8448275862068966,0.7844990548204159,0.9892729439809297,0.875065893516078,58.0,Carex.parviflora,0.6293266410273124,opth,1,False,mlp1,bce,msle
780,0.5573357335733573,0.0074176199190073575,0.2,0.8433843384338434,0.9957492029755579,0.9132553606237817,5.0,Carex.viridula,0.04338433843384348,opth,1,False,mlp1,bce,msle
781,0.6867145421903053,0.004758283541553504,0.0,0.848294434470377,0.9978880675818373,0.9170305676855895,2.0,Eleocharis.quinqueflora,-0.151705565529623,opth,1,False,mlp1,bce,msle
782,0.37130044843049326,0.0014245014245014246,0.0,0.6547085201793722,0.9986320109439124,0.7908992416034669,1.0,Eriophorum.polystachion,-0.3452914798206278,opth,1,False,mlp1,bce,msle
783,0.8933970653623833,0.3200201865351389,0.8974358974358975,0.7764932562620424,0.9901719901719902,0.8704103671706264,78.0,Kobresia.myosuroides,0.6739291536979399,opth,1,False,mlp1,bce,msle
784,0.7181790955375861,0.006222251973003645,0.3333333333333333,0.7547169811320755,0.997624703087886,0.8593350383631714,3.0,Schoenus.nigricans,0.08805031446540879,opth,1,False,mlp1,bce,msle
785,0.8527827648114902,0.022509457755359397,0.5,0.8536804308797128,0.9989495798319328,0.920619554695063,2.0,Scirpoides.holoschoenus,0.3536804308797128,opth,1,False,mlp1,bce,msle
786,0.7874771480804388,0.0634114387313383,0.7727272727272727,0.6517367458866545,0.9930362116991643,0.7869757174392936,22.0,Muscari.neglectum,0.42446401861392724,opth,1,False,mlp1,bce,msle
787,0.8359918851187398,0.1097896305076004,0.7391304347826086,0.7703568161024703,0.9929245283018868,0.8675940236991242,23.0,Crocus.vernus,0.509487250885079,opth,1,False,mlp1,bce,msle
788,0.9133752244165171,0.022189638318670577,0.5,0.9434470377019749,0.9990494296577946,0.9704524469067405,2.0,Juncus.conglomeratus,0.4434470377019748,opth,1,False,mlp1,bce,msle
789,0.6606962153410241,0.02273187863959983,0.8333333333333334,0.5837887067395264,0.9953416149068323,0.7359357060849598,18.0,Luzula.alpinopilosa,0.4171220400728597,opth,1,False,mlp1,bce,msle
790,0.8331184775936158,0.09931067733453454,0.6666666666666666,0.8066298342541437,0.9887133182844243,0.8884381338742393,30.0,Luzula.nutans,0.4732965009208103,opth,1,False,mlp1,bce,msle
791,0.8806480648064807,0.05537626732229629,0.8,0.7758775877587759,0.9988412514484357,0.8733535967578521,5.0,Gagea.fragifera,0.5758775877587761,opth,1,False,mlp1,bce,msle
792,0.8306306306306306,0.025530201891551342,0.6666666666666666,0.7783783783783784,0.9976905311778291,0.8744939271255061,6.0,Tulipa.australis,0.44504504504504494,opth,1,False,mlp1,bce,msle
793,0.7897041062801933,0.03914452074104721,0.5833333333333334,0.7980072463768116,0.9943566591422122,0.8854271356783919,12.0,Dactylorhiza.latifolia,0.381340579710145,opth,1,False,mlp1,bce,msle
794,0.8099969888587775,0.03034843673255156,0.7777777777777778,0.7732610659439928,0.9976689976689976,0.8712468193384224,9.0,Ophrys.fuciflora,0.5510388437217706,opth,1,False,mlp1,bce,msle
795,0.7815884476534296,0.049380072689804516,0.5,0.8122743682310469,0.995575221238938,0.8946322067594433,8.0,Orchis.purpurea,0.31227436823104693,opth,1,False,mlp1,bce,msle
796,0.7750452079566004,0.027420183580583617,0.6,0.6862567811934901,0.9947575360419397,0.812199036918138,10.0,Orchis.simia,0.2862567811934902,opth,1,False,mlp1,bce,msle
797,0.906326532757334,0.43069405798843063,0.8172043010752689,0.8181818181818182,0.9800936768149883,0.891848694725626,93.0,Alopecurus.alpinus,0.6353861192570871,opth,1,False,mlp1,bce,msle
798,0.9745432764300688,0.3976023976023976,1.0,0.8400718778077269,1.0,0.9130859375,3.0,Alopecurus.rendlei,0.840071877807727,opth,1,False,mlp1,bce,msle
799,0.7990792315562124,0.37677330525440395,0.7052631578947368,0.7300215982721382,0.9234972677595629,0.8154402895054282,190.0,Avenula.pubescens,0.4352847561668751,opth,1,False,mlp1,bce,msle
800,0.7814190730721595,0.19096601366160657,0.603448275862069,0.7448015122873346,0.9716399506781751,0.8432316746923488,58.0,Avenula.versicolor,0.34824978814940355,opth,1,False,mlp1,bce,msle
801,0.7286182534560647,0.21663110684248071,0.847457627118644,0.5060120240480962,0.9655831739961759,0.6640368178829718,118.0,Brachypodium.rupestre,0.3534696511667401,opth,1,False,mlp1,bce,msle
802,0.7515340909090908,0.03287552323535771,0.625,0.6572727272727272,0.9917695473251029,0.7905959540732641,16.0,Bromus.commutatus,0.28227272727272723,opth,1,False,mlp1,bce,msle
803,0.9319457198245077,0.3890637301465209,0.8888888888888888,0.797979797979798,0.9965596330275229,0.8862825089240184,27.0,Bromus.racemosus,0.6868686868686869,opth,1,False,mlp1,bce,msle
804,0.7304189435336976,0.036461180563321385,0.6666666666666666,0.6657559198542805,0.9918588873812755,0.7967302452316076,18.0,Elytrigia.repens,0.33242258652094714,opth,1,False,mlp1,bce,msle
805,0.7974177584620753,0.12403598703651535,0.7586206896551724,0.6890524379024839,0.9907407407407407,0.812805208898535,29.0,Festuca.cinerea,0.4476731275576564,opth,1,False,mlp1,bce,msle
806,0.7892295674250562,0.15889592215204193,0.631578947368421,0.8274582560296846,0.9845474613686535,0.8991935483870968,38.0,Festuca.marginata,0.4590372033981056,opth,1,False,mlp1,bce,msle
807,0.8392501422879909,0.293943311954303,0.8839285714285714,0.6812749003984063,0.9813486370157819,0.8042328042328042,112.0,Festuca.pratensis,0.5652034718269778,opth,1,False,mlp1,bce,msle
808,0.7754963898916968,0.03433448025518472,0.5,0.8104693140794224,0.9955654101995566,0.8935323383084577,8.0,Festuca.trichophylla,0.31046931407942235,opth,1,False,mlp1,bce,msle
809,0.8072161835748792,0.028399737633008716,0.9166666666666666,0.6793478260869565,0.9986684420772304,0.8086253369272237,12.0,Gaudinia.fragilis,0.5960144927536231,opth,1,False,mlp1,bce,msle
810,0.7875771287535993,0.04206169604468034,0.8181818181818182,0.7710407239819005,0.9976580796252927,0.8698315467075038,11.0,Helictotrichon.parlatorei,0.5892225421637187,opth,1,False,mlp1,bce,msle
811,0.8511633241867318,0.352554268936356,0.7876106194690266,0.7457627118644068,0.9689119170984456,0.8428169014084507,113.0,Helictotrichon.sedenense,0.5333733313334332,opth,1,False,mlp1,bce,msle
812,0.8984698469846985,0.03826409302003795,0.8,0.7965796579657966,0.9988713318284425,0.8863294942413621,5.0,Helictotrichon.sempervirens,0.5965796579657967,opth,1,False,mlp1,bce,msle
813,0.5525606469002695,0.004204980842911878,0.6666666666666666,0.36028751123090746,0.9975124378109452,0.5293729372937294,3.0,Hordeum.murinum,0.02695417789757415,opth,1,False,mlp1,bce,msle
814,0.9431205035971223,0.042060434857045026,1.0,0.7742805755395683,1.0,0.8727825646224024,4.0,Hordeum.secalinum,0.7742805755395683,opth,1,False,mlp1,bce,msle
815,0.7787769784172662,0.016559642095972715,0.5,0.6681654676258992,0.9973154362416108,0.8002154011847065,4.0,Koeleria.cenisia,0.16816546762589923,opth,1,False,mlp1,bce,msle
816,0.7857789855072463,0.04416132408633714,0.5,0.7762681159420289,0.9930475086906141,0.871377732587697,12.0,Molinia.caerulea,0.2762681159420288,opth,1,False,mlp1,bce,msle
817,0.6894151981142664,0.09076289139116789,0.864406779661017,0.4900662251655629,0.9847908745247148,0.6544535691724573,59.0,Phleum.pratense,0.35447300482657984,opth,1,False,mlp1,bce,msle
818,0.8499485934996249,0.29116508261042606,0.8317757009345794,0.736372646184341,0.9763469119579501,0.8395480225988701,107.0,Poa.trivialis,0.5681483471189204,opth,1,False,mlp1,bce,msle
819,0.7193770589997004,0.01874656428227857,1.0,0.4564240790655885,1.0,0.6267735965453424,3.0,Vulpia.bromoides,0.45642407906558846,opth,1,False,mlp1,bce,msle
820,0.5995953237410072,0.00528182370182685,0.75,0.5215827338129496,0.9982788296041308,0.6851742468989959,4.0,Vulpia.ciliata,0.2715827338129495,opth,1,False,mlp1,bce,msle
821,0.7930956678700362,0.07058065281000861,0.5,0.7987364620938628,0.9955005624296963,0.8863294942413621,8.0,Equisetum.variegatum,0.29873646209386284,opth,1,False,mlp1,bce,msle
822,0.8744005713702684,0.13726595507393338,0.6296296296296297,0.8383838383838383,0.9891657638136512,0.9075546719681908,27.0,Pachypleurum.mutellinoides,0.468013468013468,opth,1,False,mlp1,bce,msle
823,0.6857357357357358,0.010382672908632458,0.6666666666666666,0.6783783783783783,0.9973509933774835,0.8075067024128686,6.0,Libanotis.pyrenaica,0.34504504504504485,opth,1,False,mlp1,bce,msle
824,0.8257515598411798,0.1783826699213873,0.7560975609756098,0.7590697674418605,0.9878934624697336,0.8584955286691215,41.0,Alchemilla.alpigena,0.5151673284174703,opth,1,False,mlp1,bce,msle
825,0.7159490113419653,0.016746523355794088,0.4444444444444444,0.7579042457091237,0.9940758293838863,0.8600717580727832,9.0,Anacamptis.morio,0.20234869015356827,opth,1,False,mlp1,bce,msle
826,0.5962462462462462,0.008940090835379624,0.6666666666666666,0.5153153153153153,0.9965156794425087,0.6793349168646081,6.0,Mutellina.adonidifolia,0.1819819819819819,opth,1,False,mlp1,bce,msle
827,0.8284030881755383,0.23631393064545686,0.7608695652173914,0.797196261682243,0.9872685185185185,0.8821096173733195,46.0,Avenula.pratensis,0.5580658268996344,opth,1,False,mlp1,bce,msle
828,0.8220295158916424,0.07682990118318032,0.4782608695652174,0.8362305580969808,0.9870410367170627,0.9053987122337791,23.0,Gymnadenia.nigra,0.3144914276621982,opth,1,False,mlp1,bce,msle
829,0.3540540540540541,0.004549244670449505,0.16666666666666666,0.6918918918918919,0.9935316946959897,0.8157195963887414,6.0,Murbeckiella.pinnatifida,-0.14144144144144144,opth,1,False,mlp1,bce,msle
830,0.6425359712230216,0.006097625186283711,0.5,0.6555755395683454,0.9972640218878249,0.791101465002713,4.0,Silene.conica,0.15557553956834536,opth,1,False,mlp1,bce,msle
