,auc,prauc,sensitivity,specificity,precision,f1,support,species,tss,postprocess,fold,prr,archi,species_loss,func_loss
0,0.6433622629379621,0.02227892845701587,0.058823529411764705,0.8734061930783242,0.9835897435897436,0.9252291365171249,17.0,Aceras.anthropophorum,-0.06777027750991105,opth,4,False,mlp1,bce,msle
1,0.8159132918837171,0.19302344372764438,0.7272727272727273,0.7744916820702403,0.9893742621015348,0.8688439606013478,33.0,Achillea.collina,0.5017644093429676,opth,4,False,mlp1,bce,msle
2,0.7163030522879205,0.4206353381552727,0.8442028985507246,0.4398092967818832,0.8956310679611651,0.5899280575539568,276.0,Achillea.millefolium,0.2840121953326078,opth,4,False,mlp1,bce,msle
3,0.8963414634146342,0.03660738850305805,0.875,0.8021680216802168,0.9988751406074241,0.8897795591182365,8.0,Achillea.nana,0.6771680216802167,opth,4,False,mlp1,bce,msle
4,0.8643795229161083,0.28744159960011767,0.8775510204081632,0.6369606003752345,0.9912408759124087,0.7755568246716162,49.0,Achillea.roseo.alba,0.5145116207833977,opth,4,False,mlp1,bce,msle
5,0.690943992773261,0.029083142299598817,0.375,0.7380307136404698,0.9939172749391727,0.847071021254536,8.0,Achnatherum.calamagrostis,0.1130307136404698,opth,4,False,mlp1,bce,msle
6,0.7679492849771488,0.1284629958658967,0.6666666666666666,0.7086466165413534,0.9779507133592736,0.8217983651226158,51.0,Acinos.alpinus,0.37531328320801993,opth,4,False,mlp1,bce,msle
7,0.719743119266055,0.04081428378484031,0.68,0.6633027522935779,0.9890560875512996,0.7940691927512356,25.0,Acinos.arvensis,0.3433027522935781,opth,4,False,mlp1,bce,msle
8,0.6464510332434861,0.009568463423958264,0.5,0.6316262353998203,0.9985795454545454,0.7738029719317556,2.0,Aconitum.lycoctonum,0.13162623539982032,opth,4,False,mlp1,bce,msle
9,0.6160337552742616,0.013414965666334901,0.1111111111111111,0.9421338155515371,0.9923809523809524,0.9666048237476809,9.0,Cacalia.leucophylla,0.05324492666264824,opth,4,False,mlp1,bce,msle
10,,-0.0,0.0,0.5058295964125561,1.0,0.6718284693269804,0.0,Aegopodium.podagraria,-0.4941704035874439,opth,4,False,mlp1,bce,msle
11,0.8091459346106187,0.09290258079244357,0.9743589743589743,0.49535315985130113,0.99812734082397,0.662111801242236,39.0,Agrimonia.eupatoria,0.46971213421027547,opth,4,False,mlp1,bce,msle
12,0.8509297474814717,0.18272956728414966,0.7142857142857143,0.7931034482758621,0.9860950173812283,0.8791322314049587,42.0,Agrostis.alpina,0.5073891625615765,opth,4,False,mlp1,bce,msle
13,0.7738606537819137,0.2239711545605517,0.7878787878787878,0.6515748031496063,0.9692532942898975,0.7792819305473808,99.0,Agrostis.capillaris,0.4394535910283941,opth,4,False,mlp1,bce,msle
14,0.8913586097946287,0.3251763183988169,0.8166666666666667,0.8056872037914692,0.9872241579558653,0.8872651356993737,60.0,Agrostis.rupestris,0.6223538704581357,opth,4,False,mlp1,bce,msle
15,0.6023444544634806,0.020726259554934547,0.16666666666666666,0.8683498647430117,0.9948347107438017,0.9272989889263361,6.0,Agrostis.agrostiflora,0.03501653140967842,opth,4,False,mlp1,bce,msle
16,0.6811775589051532,0.11630980496715325,0.47058823529411764,0.8593894542090657,0.9809926082365364,0.9161735700197239,34.0,Agrostis.stolonifera,0.3299776895031834,opth,4,False,mlp1,bce,msle
17,0.5936307012256379,0.05793640747702275,0.4444444444444444,0.5614828209764918,0.9920127795527156,0.7170900692840647,9.0,Ajuga.chamaepitys,0.005927265420936134,opth,4,False,mlp1,bce,msle
18,0.6398190045248868,0.014625190767334342,0.6,0.632579185520362,0.9943100995732574,0.7732300884955752,10.0,Ajuga.genevensis,0.23257918552036205,opth,4,False,mlp1,bce,msle
19,0.8198198198198198,0.016786838721141964,0.6,0.7486486486486487,0.9975990396158463,0.8553782810087494,5.0,Ajuga.pyramidalis,0.34864864864864864,opth,4,False,mlp1,bce,msle
20,0.8470300157977884,0.22875034423838725,0.8666666666666667,0.6748815165876777,0.9888888888888889,0.8022535211267605,60.0,Ajuga.reptans,0.5415481832543443,opth,4,False,mlp1,bce,msle
21,0.8715957955088389,0.09375395068557521,0.9565217391304348,0.6245421245421245,0.9985358711566618,0.7684507042253521,23.0,Alchemilla.alpina,0.5810638636725594,opth,4,False,mlp1,bce,msle
22,0.6860394196199282,0.13558839364189956,0.576271186440678,0.7206439393939394,0.9681933842239185,0.8262757871878393,59.0,Alchemilla.xanthochlora,0.29691512583461743,opth,4,False,mlp1,bce,msle
23,0.8795771015987622,0.032637886655855534,1.0,0.6759927797833934,1.0,0.806677436725902,7.0,Allium.lusitanicum,0.6759927797833933,opth,4,False,mlp1,bce,msle
24,0.6751482213438735,0.017929650675456744,0.45454545454545453,0.769927536231884,0.9929906542056075,0.8673469387755102,11.0,Allium.oleraceum,0.22447299077733862,opth,4,False,mlp1,bce,msle
25,0.6101054078826764,0.05890383747780834,0.4583333333333333,0.7176901924839597,0.9836683417085427,0.8298887122416534,24.0,Allium.schoenoprasum,0.17602352581729308,opth,4,False,mlp1,bce,msle
26,0.5744824482448245,0.005037613102899935,1.0,0.33483348334833485,1.0,0.5016857720836143,4.0,Allium.scorodoprasum,0.33483348334833485,opth,4,False,mlp1,bce,msle
27,0.7793040293040292,0.08622560522472171,0.6956521739130435,0.7518315018315018,0.9915458937198067,0.8552083333333333,23.0,Allium.sphaerocephalon,0.4474836757445453,opth,4,False,mlp1,bce,msle
28,0.7265342960288808,0.016910456136763515,1.0,0.4052346570397112,1.0,0.5767501605651895,7.0,Allium.vineale,0.4052346570397112,opth,4,False,mlp1,bce,msle
29,0.8696928635953027,0.1363467266463199,0.75,0.9096657633242999,0.998017839444995,0.9517958412098299,8.0,Alopecurus.pratensis,0.6596657633242999,opth,4,False,mlp1,bce,msle
30,0.6991928350287484,0.09346196811679192,0.5098039215686274,0.7518796992481203,0.9696969696969697,0.8470089994706194,51.0,Alyssum.alyssoides,0.2616836208167477,opth,4,False,mlp1,bce,msle
31,0.7055263577002708,0.04186297887685879,0.6521739130434783,0.6694139194139194,0.9891745602165088,0.7984707809939924,23.0,Anacamptis.pyramidalis,0.32158783245739775,opth,4,False,mlp1,bce,msle
32,0.873435441370224,0.1527135582997267,0.6363636363636364,0.8478260869565217,0.9957446808510638,0.9158512720156555,11.0,Androsace.obtusifolia,0.4841897233201582,opth,4,False,mlp1,bce,msle
33,0.7663059813645927,0.0147842108586704,0.8333333333333334,0.6447249774571686,0.9986033519553073,0.7835616438356164,6.0,Angelica.sylvestris,0.4780583107905021,opth,4,False,mlp1,bce,msle
34,0.8932392315017084,0.18047843823020254,0.7575757575757576,0.8493530499075785,0.9913700107874865,0.9148830263812843,33.0,Antennaria.carpatica,0.6069288074833361,opth,4,False,mlp1,bce,msle
35,0.8646218931782126,0.2182549880504304,0.7868852459016393,0.7855787476280834,0.9845422116527943,0.8738786279683377,61.0,Antennaria.dioica,0.5724639935297229,opth,4,False,mlp1,bce,msle
36,0.5615007735946363,0.00772133957397346,0.0,0.8131768953068592,0.9922907488986784,0.8938492063492064,7.0,Anthemis.arvensis,-0.18682310469314078,opth,4,False,mlp1,bce,msle
37,0.7814294348745845,0.04355778996431237,0.75,0.6563916591115141,0.9958734525447043,0.7912568306010929,12.0,Anthericum.liliago,0.406391659111514,opth,4,False,mlp1,bce,msle
38,0.5693057600329537,0.3687763066903651,0.5014836795252225,0.596401028277635,0.7341772151898734,0.6581560283687943,337.0,Anthoxanthum.odoratum,0.09788470780285752,opth,4,False,mlp1,bce,msle
39,0.7891274238227146,0.1163789451007308,0.8125,0.5946445060018467,0.9907692307692307,0.7432198499711483,32.0,Anthriscus.sylvestris,0.4071445060018468,opth,4,False,mlp1,bce,msle
40,0.6615228940045534,0.2745466809790932,0.4632768361581921,0.6886993603411514,0.8717948717948718,0.7695056581298392,177.0,Anthyllis.vulneraria,0.15197619649934357,opth,4,False,mlp1,bce,msle
41,0.6896939693969397,0.007591165211189299,0.25,0.7848784878487849,0.9965714285714286,0.878147029204431,4.0,Aphanes.arvensis,0.03487848784878489,opth,4,False,mlp1,bce,msle
42,0.9550763701707098,0.2599009900990099,1.0,0.6127583108715184,1.0,0.7598885793871867,2.0,Aquilegia.vulgaris,0.6127583108715184,opth,4,False,mlp1,bce,msle
43,0.7325698211774161,0.025857653825805696,0.6666666666666666,0.6998191681735986,0.9961389961389961,0.8220924057355284,9.0,Arabidopsis.thaliana,0.3664858348402653,opth,4,False,mlp1,bce,msle
44,0.8311342422909642,0.10306473084027098,0.6578947368421053,0.8365831012070566,0.9857768052516411,0.9050728277247614,38.0,Arabis.ciliata,0.4944778380491619,opth,4,False,mlp1,bce,msle
45,0.7300225906497684,0.08536319129715961,0.7755102040816326,0.5797373358348968,0.9825119236883942,0.7292035398230089,49.0,Arabis.hirsuta,0.3552475399165296,opth,4,False,mlp1,bce,msle
46,0.7600295566502463,0.2566591246281788,0.77,0.6,0.9636075949367089,0.7395264116575592,100.0,Arenaria.serpyllifolia,0.3700000000000001,opth,4,False,mlp1,bce,msle
47,0.6948441247002398,0.04060111430489244,0.3333333333333333,0.8911870503597122,0.9979859013091642,0.9415676959619953,3.0,Armeria.arenaria,0.2245203836930456,opth,4,False,mlp1,bce,msle
48,0.8527936709754892,0.13947613646299523,0.6538461538461539,0.8512396694214877,0.9903846153846154,0.9155555555555556,26.0,Arnica.montana,0.5050858232676414,opth,4,False,mlp1,bce,msle
49,0.8298250425680231,0.42547113515614926,0.8677248677248677,0.6587473002159827,0.9606299212598425,0.7815502882767457,189.0,Arrhenatherum.elatius,0.5264721679408504,opth,4,False,mlp1,bce,msle
50,0.7465447438224209,0.04210879418311848,0.46153846153846156,0.8185117967332124,0.9922992299229924,0.8970661362506216,13.0,Artemisia.absinthium,0.28005025827167396,opth,4,False,mlp1,bce,msle
51,0.8290627885503232,0.2368826055194811,0.53125,0.8771929824561403,0.9844559585492227,0.927734375,32.0,Artemisia.campestris,0.4084429824561404,opth,4,False,mlp1,bce,msle
52,0.6053105310531053,0.006468205476790357,0.5,0.648064806480648,0.997229916897507,0.7855973813420621,4.0,Artemisia.vulgaris,0.14806480648064801,opth,4,False,mlp1,bce,msle
53,0.7204205840941091,0.1112905188615899,0.4146341463414634,0.7635009310986964,0.9715639810426541,0.8550573514077163,41.0,Asperula.cynanchica,0.17813507744015977,opth,4,False,mlp1,bce,msle
54,0.9057116953762466,0.08732435621380288,1.0,0.6980961015412511,1.0,0.8222103577148959,12.0,Asphodelus.albus,0.698096101541251,opth,4,False,mlp1,bce,msle
55,0.8669255581020288,0.23464019434064723,0.7045454545454546,0.8319327731092437,0.9856194690265486,0.9022784810126582,44.0,Aster.alpinus,0.5364782276546984,opth,4,False,mlp1,bce,msle
56,0.8915729768054289,0.12550580123282581,0.8333333333333334,0.8222424794895169,0.9966850828729282,0.9010989010989011,18.0,Aster.bellidiastrum,0.6555758128228502,opth,4,False,mlp1,bce,msle
57,0.6811431143114312,0.25503988766860564,0.25,0.7902790279027903,0.996594778660613,0.8815261044176707,4.0,Aster.linosyris,0.040279027902790254,opth,4,False,mlp1,bce,msle
58,0.8427695492912883,0.12405536004360677,0.34782608695652173,0.9065934065934066,0.9850746268656716,0.944206008583691,23.0,Astragalus.alpinus,0.25441949354992843,opth,4,False,mlp1,bce,msle
59,0.8937893789378937,0.03576953822304533,0.75,0.7191719171917191,0.99875,0.836211407639979,4.0,Astragalus.depressus,0.46917191719171925,opth,4,False,mlp1,bce,msle
60,0.7774714052287581,0.1210953805987802,0.7407407407407407,0.6884191176470589,0.9907407407407407,0.8123644251626898,27.0,Astragalus.monspessulanus,0.4291598583877996,opth,4,False,mlp1,bce,msle
61,0.8981212121212122,0.1504264371451966,0.6,0.8772727272727273,0.9938208032955715,0.9319169483341381,15.0,Astragalus.onobrychis,0.4772727272727273,opth,4,False,mlp1,bce,msle
62,0.6417865707434053,0.019722158706246835,0.3333333333333333,0.927158273381295,0.9980638915779284,0.9613053613053613,3.0,Astragalus.penduliflorus,0.26049160671462834,opth,4,False,mlp1,bce,msle
63,0.7943940780171339,0.15705429269189553,0.7272727272727273,0.6715462031107045,0.9918918918918919,0.800872885979269,22.0,Astrantia.major,0.39881893038343175,opth,4,False,mlp1,bce,msle
64,0.910990990990991,0.04102062614679774,0.8,0.7711711711711712,0.9988331388564761,0.8703609557702084,5.0,Astrantia.minor,0.5711711711711711,opth,4,False,mlp1,bce,msle
65,0.7865315526398,0.10872630352095213,0.8125,0.6597938144329897,0.9873772791023843,0.7910112359550562,48.0,Deschampsia.flexuosa,0.47229381443298957,opth,4,False,mlp1,bce,msle
66,0.8384202211690364,0.22297952512679148,0.5666666666666667,0.8322274881516588,0.9712389380530974,0.8963757018887187,60.0,Bartsia.alpina,0.3988941548183256,opth,4,False,mlp1,bce,msle
67,0.8690613764766308,0.20662150461730022,0.7966101694915254,0.7840909090909091,0.9857142857142858,0.8734177215189873,59.0,Bellis.perennis,0.5807010785824345,opth,4,False,mlp1,bce,msle
68,0.6555863342566943,0.0635242998551313,0.625,0.6915974145891043,0.9842312746386334,0.8123644251626898,32.0,Biscutella.laevigata,0.3165974145891042,opth,4,False,mlp1,bce,msle
69,0.7240681278793801,0.03841742417757004,0.8461538461538461,0.6705989110707804,0.9973009446693657,0.801953336950624,13.0,Blackstonia.perfoliata,0.5167527572246264,opth,4,False,mlp1,bce,msle
70,0.6181120144534779,0.031792582767550245,0.75,0.3062330623306233,0.9941348973607038,0.468232044198895,8.0,Blysmus.compressus,0.05623306233062331,opth,4,False,mlp1,bce,msle
71,0.7303596544102873,0.02124348724347099,0.3333333333333333,0.8435804701627486,0.9936102236421726,0.9124694376528117,9.0,Bothriochloa.ischaemum,0.176913803496082,opth,4,False,mlp1,bce,msle
72,0.8198419532951725,0.1859468195197605,0.4868421052631579,0.8691049085659288,0.9585987261146497,0.911660777385159,76.0,Botrychium.lunaria,0.3559470138290868,opth,4,False,mlp1,bce,msle
73,0.5575022461814915,0.0029992816091954024,0.5,0.5327942497753818,0.9983164983164983,0.6947861745752782,2.0,Brachypodium.sylvaticum,0.0327942497753817,opth,4,False,mlp1,bce,msle
74,0.7147538061485551,0.3171860310307789,0.6587677725118484,0.6371681415929203,0.8888888888888888,0.7422680412371134,211.0,Briza.media,0.2959359141047688,opth,4,False,mlp1,bce,msle
75,0.8535987821702107,0.7322457205542783,0.8601398601398601,0.6953352769679301,0.888268156424581,0.7800490596892886,429.0,Bromus.erectus,0.5554751371077902,opth,4,False,mlp1,bce,msle
76,0.8252921160760144,0.2008470406110136,0.847457627118644,0.6751893939393939,0.9875346260387812,0.8020247469066367,59.0,Bromus.hordeaceus,0.5226470210580381,opth,4,False,mlp1,bce,msle
77,0.6561656165616563,0.006226590371854316,1.0,0.32223222322232226,1.0,0.4874063989108237,4.0,Bromus.squarrosus,0.32223222322232226,opth,4,False,mlp1,bce,msle
78,0.6228603261420034,0.02149177618506575,0.6111111111111112,0.5824977210574294,0.9891640866873065,0.7332185886402753,18.0,Bromus.sterilis,0.19360883216854052,opth,4,False,mlp1,bce,msle
79,0.5636199095022625,0.010936548830533428,0.5,0.5167420814479639,0.9913194444444444,0.6793575252825699,10.0,Bromus.tectorum,0.01674208144796374,opth,4,False,mlp1,bce,msle
80,0.9019784172661871,0.02459135728939183,1.0,0.5413669064748201,1.0,0.7024504084014003,3.0,Bunias.orientalis,0.5413669064748201,opth,4,False,mlp1,bce,msle
81,0.8252710826450925,0.20327504981547903,0.8088235294117647,0.728748806112703,0.9832474226804123,0.8370817334064728,68.0,Bunium.bulbocastanum,0.5375723355244677,opth,4,False,mlp1,bce,msle
82,0.6638280050258272,0.019250433014884216,1.0,0.2767695099818512,1.0,0.43354655294953803,13.0,Buphthalmum.salicifolium,0.27676950998185124,opth,4,False,mlp1,bce,msle
83,0.792572463768116,0.03957124526288639,0.7272727272727273,0.7472826086956522,0.9963768115942029,0.8540372670807453,11.0,Bupleurum.falcatum,0.4745553359683794,opth,4,False,mlp1,bce,msle
84,0.7700420554606388,0.06375112717275834,0.4642857142857143,0.7755289788408464,0.9825174825174825,0.8668380462724936,28.0,Bupleurum.ranunculoides,0.23981469312656056,opth,4,False,mlp1,bce,msle
85,0.7569821177416114,0.09816300883856588,0.7777777777777778,0.6130198915009042,0.9970588235294118,0.7592385218365062,9.0,Calamagrostis.varia,0.39079766927868187,opth,4,False,mlp1,bce,msle
86,0.60431654676259,0.004538979538979539,0.3333333333333333,0.7158273381294964,0.9974937343358395,0.8335078534031414,3.0,Calluna.vulgaris,0.04916067146282965,opth,4,False,mlp1,bce,msle
87,0.9151624548736461,0.3216430267121511,0.7142857142857143,0.9620938628158845,0.99812734082397,0.9797794117647058,7.0,Calystegia.sepium,0.6763795771015988,opth,4,False,mlp1,bce,msle
88,0.7268812330009067,0.05029488711121082,0.4166666666666667,0.8023572076155938,0.992152466367713,0.8872180451127819,12.0,Campanula.barbata,0.21902387428226056,opth,4,False,mlp1,bce,msle
89,0.8108530961791832,0.02902004070095171,0.7272727272727273,0.6947463768115942,0.9961038961038962,0.8185699039487727,11.0,Campanula.cochleariifolia,0.42201910408432153,opth,4,False,mlp1,bce,msle
90,0.8203004622496148,0.1619830334547512,0.847457627118644,0.6742424242424242,0.9875173370319001,0.8013505908835116,59.0,Campanula.glomerata,0.5217000513610683,opth,4,False,mlp1,bce,msle
91,0.6810327506530038,0.013028560863936018,0.3333333333333333,0.7377938517179023,0.9927007299270073,0.8464730290456431,9.0,Campanula.rapunculoides,0.07112718505123561,opth,4,False,mlp1,bce,msle
92,0.6738738738738739,0.008140730490976819,0.8,0.4990990990990991,0.9981981981981982,0.6654654654654655,5.0,Campanula.rapunculus,0.29909909909909915,opth,4,False,mlp1,bce,msle
93,0.7579442058103552,0.2653621951176421,0.8214285714285714,0.48496605237633367,0.970873786407767,0.6468305304010349,84.0,Campanula.rhomboidalis,0.3063946238049051,opth,4,False,mlp1,bce,msle
94,0.6298826414433351,0.11504936600871253,0.6623376623376623,0.5279383429672447,0.9547038327526133,0.6799007444168734,77.0,Campanula.rotundifolia,0.19027600530490707,opth,4,False,mlp1,bce,msle
95,0.8817395727365209,0.43396255695839936,0.6893939393939394,0.8504577822990844,0.9532497149372862,0.8989247311827957,132.0,Campanula.scheuchzeri,0.5398517216930239,opth,4,False,mlp1,bce,msle
96,0.836036036036036,0.02684681776988874,0.8,0.718018018018018,0.9987468671679198,0.8354297693920335,5.0,Campanula.thyrsoides,0.5180180180180181,opth,4,False,mlp1,bce,msle
97,0.6831778889899909,0.02737659315500704,0.8125,0.4394904458598726,0.9938271604938271,0.6094637223974764,16.0,Capsella.bursa.pastoris,0.25199044585987274,opth,4,False,mlp1,bce,msle
98,0.9121876308809158,0.1875752829177437,0.7692307692307693,0.778584392014519,0.9965156794425087,0.8741721854304636,13.0,Cardamine.pratensis,0.5478151612452882,opth,4,False,mlp1,bce,msle
99,0.769035701814191,0.30757663495054427,0.6859504132231405,0.7283702213279678,0.9501312335958005,0.8246013667425968,121.0,Carduus.defloratus,0.41432063455110835,opth,4,False,mlp1,bce,msle
100,0.7654042681094079,0.03801787343974559,1.0,0.48151487826871053,1.0,0.6500304321363359,6.0,Carduus.nutans,0.4815148782687104,opth,4,False,mlp1,bce,msle
101,0.7413615265600825,0.014977807045099337,0.42857142857142855,0.7193140794223827,0.9950062421972534,0.8349921424829754,7.0,Carex.atrata,0.14788550799381128,opth,4,False,mlp1,bce,msle
102,0.9005109708446047,0.08695935823839675,1.0,0.6997294860234445,1.0,0.823342175066313,6.0,Carex.capillaris,0.6997294860234446,opth,4,False,mlp1,bce,msle
103,0.657676639977525,0.1676943430213906,0.5204081632653061,0.6656833824975418,0.9350828729281768,0.7777139574956922,98.0,Carex.caryophyllea,0.18609154576284803,opth,4,False,mlp1,bce,msle
104,0.8881026094648384,0.21185615931262375,0.9019607843137255,0.7781954887218046,0.9939975990396158,0.8729573010015814,51.0,Carex.curvula,0.68015627303553,opth,4,False,mlp1,bce,msle
105,0.5591689250225835,0.01232679712118017,0.5,0.6133694670280037,0.9941434846266471,0.758659217877095,8.0,Carex.davalliana,0.11336946702800366,opth,4,False,mlp1,bce,msle
106,0.49527452745274525,0.0054827600573883785,1.0,0.2502250225022502,1.0,0.40028797696184304,4.0,Carex.distans,0.2502250225022502,opth,4,False,mlp1,bce,msle
107,0.7996785211975086,0.026789699113196,1.0,0.4321880650994575,1.0,0.6035353535353535,9.0,Carex.divulsa,0.4321880650994574,opth,4,False,mlp1,bce,msle
108,0.7517985611510791,0.013526613770979776,0.3333333333333333,0.8129496402877698,0.9977924944812362,0.8959365708622399,3.0,Carex.ericetorum,0.1462829736211031,opth,4,False,mlp1,bce,msle
109,0.867026055705301,0.009757236227824463,1.0,0.7124887690925427,1.0,0.832109129066107,2.0,Carex.ferruginea,0.7124887690925426,opth,4,False,mlp1,bce,msle
110,0.6641563375417323,0.13608456754879822,0.5728155339805825,0.6136363636363636,0.9338345864661655,0.740608228980322,103.0,Carex.flacca,0.18645189761694603,opth,4,False,mlp1,bce,msle
111,0.7875959485851842,0.12860310075954784,0.43902439024390244,0.8296089385474861,0.9748358862144421,0.8963782696177063,41.0,Carex.halleriana,0.26863332879138846,opth,4,False,mlp1,bce,msle
112,0.8660632447296058,0.25011812265145805,0.6666666666666666,0.7800183318056828,0.9906868451688009,0.8728205128205129,24.0,Carex.hirta,0.44668499847234955,opth,4,False,mlp1,bce,msle
113,0.6632100991884581,0.009054807214386352,0.6666666666666666,0.6564472497745717,0.9972602739726028,0.7917346383904296,6.0,Carex.hostiana,0.3231139164412382,opth,4,False,mlp1,bce,msle
114,0.7638176220495528,0.09038580124966011,0.7631578947368421,0.6973073351903436,0.9881578947368421,0.8176374523679912,38.0,Carex.humilis,0.46046522992718586,opth,4,False,mlp1,bce,msle
115,0.8029680365296804,0.17747184668537805,0.5,0.8931506849315068,0.9898785425101214,0.9390302448391743,20.0,Carex.liparocarpos,0.39315068493150696,opth,4,False,mlp1,bce,msle
116,0.7472826086956522,0.024120511972016787,0.36363636363636365,0.7771739130434783,0.991907514450867,0.8715083798882681,11.0,Carex.montana,0.1408102766798418,opth,4,False,mlp1,bce,msle
117,0.7538356164383562,0.04160567289640525,0.75,0.6191780821917808,0.9926793557833089,0.7626546681664792,20.0,Carex.spicata,0.3691780821917807,opth,4,False,mlp1,bce,msle
118,0.6956919891702501,0.30533193882111553,0.6086956521739131,0.7793040293040293,0.9895348837209302,0.8719262295081968,23.0,Carex.nigra,0.3879996814779423,opth,4,False,mlp1,bce,msle
119,0.8297824116047144,0.0724995624989264,0.75,0.843155031731641,0.9967845659163987,0.9135559921414538,12.0,Carex.ornithopoda,0.593155031731641,opth,4,False,mlp1,bce,msle
120,0.8031949934123847,0.04109817928823674,0.7272727272727273,0.7663043478260869,0.9964664310954063,0.8663594470046083,11.0,Carex.pallescens,0.4935770750988142,opth,4,False,mlp1,bce,msle
121,0.6533640552995391,0.08753225736559897,0.36666666666666664,0.8442396313364056,0.9796791443850268,0.906930693069307,30.0,Carex.panicea,0.21090629800307226,opth,4,False,mlp1,bce,msle
122,0.8456014362657092,0.005780346820809248,1.0,0.6921005385996409,1.0,0.8180371352785146,1.0,Carex.rupestris,0.6921005385996408,opth,4,False,mlp1,bce,msle
123,0.8329058106440934,0.3822637254982195,0.8448275862068966,0.7035069075451648,0.9608127721335269,0.8122699386503067,174.0,Carex.sempervirens,0.5483344937520613,opth,4,False,mlp1,bce,msle
124,0.7956561085972851,0.039047774278549545,0.6,0.7583710407239819,0.995249406175772,0.8608115048793015,10.0,Carex.tomentosa,0.35837104072398196,opth,4,False,mlp1,bce,msle
125,0.8147326007326008,0.41709735725011593,0.7,0.796923076923077,0.9487179487179487,0.8662207357859532,140.0,Carlina.acaulis,0.496923076923077,opth,4,False,mlp1,bce,msle
126,0.747969202514657,0.05899394385632475,0.6538461538461539,0.6804407713498623,0.988,0.8058727569331158,26.0,Carlina.vulgaris,0.3342869251960161,opth,4,False,mlp1,bce,msle
127,0.787289234760052,0.23408286398889303,0.8275862068965517,0.5087548638132295,0.9721189591078067,0.6679438058748404,87.0,Carum.carvi,0.33634107070978114,opth,4,False,mlp1,bce,msle
128,0.8261703280670307,0.3614257977554404,0.912751677852349,0.5766045548654244,0.9771929824561404,0.7252604166666666,149.0,Centaurea.jacea,0.4893562327177734,opth,4,False,mlp1,bce,msle
129,0.7149957839613013,0.10135051032050142,0.6428571428571429,0.6700838769804287,0.9795640326975477,0.7957941339236303,42.0,Centaurea.montana,0.3129410198375715,opth,4,False,mlp1,bce,msle
130,0.7628035923467397,0.28230721500246464,0.8461538461538461,0.5421319796954315,0.9638989169675091,0.6939571150097466,130.0,Centaurea.scabiosa,0.3882858258492776,opth,4,False,mlp1,bce,msle
131,0.8360893854748603,0.5166509531472595,0.7318181818181818,0.7597765363128491,0.9201623815967523,0.8323133414932681,220.0,Cerastium.arvense,0.49159471813103095,opth,4,False,mlp1,bce,msle
132,0.7421364379084967,0.05834868725271968,0.7407407407407407,0.6801470588235294,0.9906291834002677,0.8065395095367848,27.0,Cerastium.brachypetalum,0.42088779956427014,opth,4,False,mlp1,bce,msle
133,0.7990581915237238,0.2634458961687724,0.8728813559322034,0.6158475426278837,0.9761526232114467,0.7552275522755227,118.0,Cerastium.fontanum,0.48872889856008706,opth,4,False,mlp1,bce,msle
134,0.8185688073394496,0.08000784217405046,0.88,0.5825688073394495,0.9952978056426333,0.7349537037037037,25.0,Cerastium.glomeratum,0.4625688073394496,opth,4,False,mlp1,bce,msle
135,0.6492665269575157,0.037873164885399616,0.4482758620689655,0.7246777163904236,0.9800747198007472,0.8332451032292219,29.0,Cerastium.pumilum,0.17295357845938897,opth,4,False,mlp1,bce,msle
136,0.667704684053458,0.03456708540197871,0.7857142857142857,0.39691189827429607,0.9931818181818182,0.5671641791044776,14.0,Cerastium.semidecandrum,0.18262618398858166,opth,4,False,mlp1,bce,msle
137,0.7474028906955736,0.05377425959228647,0.75,0.5176151761517616,0.9965217391304347,0.6813317479191439,8.0,Chaerophyllum.aureum,0.26761517615176156,opth,4,False,mlp1,bce,msle
138,0.7374703336590814,0.024894220170519944,1.0,0.44101633393829404,1.0,0.6120906801007556,13.0,Chaerophyllum.hirsutum,0.441016333938294,opth,4,False,mlp1,bce,msle
139,0.813886356730477,0.1498322765750796,0.6111111111111112,0.8340929808568824,0.9924078091106291,0.9063893016344725,18.0,Chaerophyllum.villarsii,0.4452040919679936,opth,4,False,mlp1,bce,msle
140,0.8368586858685869,0.14117681800457116,1.0,0.35373537353735374,1.0,0.5226063829787234,4.0,Chenopodium.album,0.35373537353735385,opth,4,False,mlp1,bce,msle
141,0.6041100030220611,0.01547526512970456,0.5,0.5738893925657298,0.9906103286384976,0.7267508610792193,12.0,Chondrilla.juncea,0.0738893925657298,opth,4,False,mlp1,bce,msle
142,0.6767663744198039,0.010827383755265808,0.8571428571428571,0.44404332129963897,0.9979716024340771,0.6146158650843223,7.0,Cichorium.intybus,0.30118617844249607,opth,4,False,mlp1,bce,msle
143,0.6568589377498574,0.1474678190128099,0.5411764705882353,0.6679611650485436,0.9463548830811555,0.7831531018782015,85.0,Cirsium.acaule,0.2091376356367789,opth,4,False,mlp1,bce,msle
144,0.7311835334476844,0.0966268543489083,0.5818181818181818,0.7141509433962264,0.9705128205128205,0.8228260869565217,55.0,Cirsium.arvense,0.2959691252144081,opth,4,False,mlp1,bce,msle
145,0.7264492753623188,0.03294032807834322,0.2727272727272727,0.842391304347826,0.9914712153518124,0.910871694417238,11.0,Cirsium.eriophorum,0.11511857707509865,opth,4,False,mlp1,bce,msle
146,0.8735177865612648,0.060345158147118466,0.45454545454545453,0.8894927536231884,0.9939271255060729,0.9388145315487572,11.0,Cirsium.palustre,0.34403820816864283,opth,4,False,mlp1,bce,msle
147,0.7691847956012431,0.16759049580993224,0.5106382978723404,0.8445692883895131,0.9751351351351352,0.9051680883090818,47.0,Cirsium.spinosissimum,0.35520758626185334,opth,4,False,mlp1,bce,msle
148,0.6677243880326382,0.01823801723197265,0.5833333333333334,0.586582048957389,0.9923312883435583,0.7373219373219373,12.0,Cirsium.tuberosum,0.16991538229072223,opth,4,False,mlp1,bce,msle
149,0.7548981943910872,0.05798557609886683,0.7368421052631579,0.7162408759124088,0.9936708860759493,0.8324496288441146,19.0,Cirsium.vulgare,0.4530829811755668,opth,4,False,mlp1,bce,msle
150,0.6723030303030303,0.0206154428038268,0.9333333333333333,0.4627272727272727,0.9980392156862745,0.6322981366459627,15.0,Clinopodium.vulgare,0.396060606060606,opth,4,False,mlp1,bce,msle
151,0.7996969696969697,0.05050558144888105,0.6,0.8218181818181818,0.9934065934065934,0.8995024875621891,15.0,Coeloglossum.viride,0.42181818181818187,opth,4,False,mlp1,bce,msle
152,0.7678642149929279,0.23177033326718657,0.819047619047619,0.5792079207920792,0.9685430463576159,0.724907063197026,105.0,Colchicum.autumnale,0.3982555398396981,opth,4,False,mlp1,bce,msle
153,0.7762546408079549,0.1832734081112629,0.8378378378378378,0.6195965417867435,0.9817351598173516,0.7597173144876325,74.0,Convolvulus.arvensis,0.4574343796245812,opth,4,False,mlp1,bce,msle
154,0.8602875112309074,0.00928426037469364,1.0,0.6406109613656783,1.0,0.7809419496166484,2.0,Conyza.canadensis,0.6406109613656783,opth,4,False,mlp1,bce,msle
155,0.7501668096463636,0.13834226879678804,0.4358974358974359,0.837360594795539,0.9761646803900325,0.9014507253626813,39.0,Coronilla.minima,0.27325803069297505,opth,4,False,mlp1,bce,msle
156,0.5760803868238138,0.013386429718858447,0.16666666666666666,0.7488667271078876,0.9880382775119617,0.851985559566787,12.0,Crepis.aurea,-0.08446660622544577,opth,4,False,mlp1,bce,msle
157,0.8691009186482272,0.20962945900017135,0.8070175438596491,0.7693761814744802,0.9866666666666667,0.8645778013807753,57.0,Crepis.biennis,0.5763937253341291,opth,4,False,mlp1,bce,msle
158,0.8245931283905967,0.09002295824649613,0.7777777777777778,0.6916817359855335,0.9973924380704041,0.816871329418046,9.0,Crepis.bocconi,0.4694595137633113,opth,4,False,mlp1,bce,msle
159,0.8297226520652303,0.1545882355016772,0.8387096774193549,0.6715867158671587,0.9931787175989086,0.8013208585580628,31.0,Crepis.conyzifolia,0.5102963932865134,opth,4,False,mlp1,bce,msle
160,0.7346850998463902,0.058493159864957865,0.8,0.6138248847926268,0.9910714285714286,0.7581104154809334,30.0,Crepis.foetida,0.4138248847926267,opth,4,False,mlp1,bce,msle
161,0.33842010771992814,0.0013550135501355014,0.0,0.5861759425493717,0.9984709480122325,0.7386877828054299,1.0,Crepis.mollis,-0.41382405745062834,opth,4,False,mlp1,bce,msle
162,0.8318438691023787,0.18835023767591344,0.8571428571428571,0.6780128794848206,0.9946018893387314,0.8063457330415755,28.0,Crepis.pyrenaica,0.5351557366276776,opth,4,False,mlp1,bce,msle
163,0.7118495497649215,0.07655829425027305,0.6382978723404256,0.6779026217228464,0.9770580296896086,0.8004422332780542,47.0,Crepis.vesicaria,0.3162004940632719,opth,4,False,mlp1,bce,msle
164,0.9123989218328841,0.017083333333333332,1.0,0.6307277628032345,1.0,0.7735537190082644,2.0,Cruciata.glabra,0.6307277628032346,opth,4,False,mlp1,bce,msle
165,0.8030858539566148,0.15203924960232323,0.75,0.611365719523373,0.9910846953937593,0.7562358276643991,24.0,Cruciata.laevipes,0.36136571952337304,opth,4,False,mlp1,bce,msle
166,0.7418123367490456,0.08547122507629575,0.7777777777777778,0.5325497287522604,0.9966159052453468,0.6941661756040071,9.0,Cruciata.pedemontana,0.31032750653003816,opth,4,False,mlp1,bce,msle
167,0.7072457245724573,0.008190863600171794,0.5,0.6579657965796579,0.9972714870395635,0.7928416485900217,4.0,Cuscuta.epithymum,0.15796579657965792,opth,4,False,mlp1,bce,msle
168,0.829597168380246,0.20594513759606886,0.8088235294117647,0.7144221585482331,0.9829172141918529,0.827433628318584,68.0,Cynosurus.cristatus,0.5232456879599978,opth,4,False,mlp1,bce,msle
169,0.8250629189959687,0.6280748391194001,0.8333333333333334,0.6727989487516426,0.8966725043782837,0.7687687687687688,354.0,Dactylis.glomerata,0.5061322820849758,opth,4,False,mlp1,bce,msle
170,0.5103697024346258,0.006073691579349981,0.6666666666666666,0.539224526600541,0.9966666666666667,0.6998244587478057,6.0,Dactylorhiza.maculata,0.20589119326720762,opth,4,False,mlp1,bce,msle
171,0.5255485422302375,0.014578326658898327,0.5,0.5094679891794409,0.9947183098591549,0.6738223017292785,6.0,Dactylorhiza.majalis,0.009467989179440917,opth,4,False,mlp1,bce,msle
172,0.7108460846084608,0.00748243197583656,0.75,0.6858685868586859,0.9986893840104849,0.8132337246531484,4.0,Danthonia.decumbens,0.4358685868586858,opth,4,False,mlp1,bce,msle
173,0.8044736232981924,0.20382601496728747,0.9354838709677419,0.5645792563600783,0.9897084048027445,0.7190031152647975,93.0,Daucus.carota,0.5000631273278202,opth,4,False,mlp1,bce,msle
174,0.7198753462603878,0.1817504855946215,0.6875,0.6685133887349953,0.9863760217983651,0.7969179966978536,32.0,Deschampsia.cespitosa,0.3560133887349952,opth,4,False,mlp1,bce,msle
175,0.6596833710272586,0.04904160004639818,0.4838709677419355,0.6392988929889298,0.9774330042313117,0.7730061349693251,31.0,Dianthus.carthusianorum,0.12316986073086533,opth,4,False,mlp1,bce,msle
176,0.6261291779584462,0.01306419663652773,0.5,0.5889792231255646,0.9939024390243902,0.7396483267158253,8.0,Dianthus.deltoides,0.08897922312556461,opth,4,False,mlp1,bce,msle
177,0.7775911003816919,0.16273776060902223,0.6206896551724138,0.7540208136234626,0.9731379731379731,0.849680170575693,58.0,Dianthus.sylvestris,0.37471046879587644,opth,4,False,mlp1,bce,msle
178,0.758018018018018,0.011071825840485668,0.0,0.9126126126126126,0.9950884086444007,0.9520676691729323,5.0,Dipsacus.fullonum,-0.08738738738738738,opth,4,False,mlp1,bce,msle
179,0.8593653516295026,0.17241985762757978,0.7272727272727273,0.7943396226415095,0.9824970828471412,0.8784559207094418,55.0,Draba.aizoides,0.5216123499142369,opth,4,False,mlp1,bce,msle
180,0.611310592459605,0.002304147465437788,0.0,0.7315978456014363,0.9987745098039216,0.844559585492228,1.0,Draba.siliquosa,-0.26840215439856374,opth,4,False,mlp1,bce,msle
181,0.8329749960184742,0.07829139081452052,0.7391304347826086,0.7573260073260073,0.992797118847539,0.8592207792207792,23.0,Dryas.octopetala,0.49645644210861595,opth,4,False,mlp1,bce,msle
182,0.6877807726864331,0.00772093759898638,0.5,0.8679245283018868,0.9989658738366081,0.9288461538461539,2.0,Dryopteris.filix.mas,0.3679245283018868,opth,4,False,mlp1,bce,msle
183,0.7729100529100529,0.10180751830259055,0.7428571428571429,0.6361111111111111,0.9870689655172413,0.7736486486486487,35.0,Echium.vulgare,0.37896825396825395,opth,4,False,mlp1,bce,msle
184,0.6799896854048477,0.015272513227674029,0.2857142857142857,0.8456678700361011,0.994692144373673,0.9141463414634147,7.0,Epilobium.angustifolium,0.1313821557503867,opth,4,False,mlp1,bce,msle
185,,-0.0,0.0,0.6367713004484304,1.0,0.7780821917808219,0.0,Epipactis.palustris,-0.36322869955156956,opth,4,False,mlp1,bce,msle
186,0.7899827813227995,0.09992562688330037,0.8888888888888888,0.5469462169553327,0.9966777408637874,0.7062978222483814,18.0,Equisetum.arvense,0.4358351058442216,opth,4,False,mlp1,bce,msle
187,0.6632579185520362,0.017708985022445098,0.3,0.8280542986425339,0.9924078091106291,0.9028120374938332,10.0,Equisetum.palustre,0.12805429864253393,opth,4,False,mlp1,bce,msle
188,0.9411500449236299,0.10775193798449613,0.5,0.8921832884097035,0.9989939637826962,0.9425723777883246,2.0,Equisetum.telmateia,0.3921832884097034,opth,4,False,mlp1,bce,msle
189,0.725609756097561,0.014406153994489265,0.25,0.8654019873532068,0.9937759336099585,0.9251569290197972,8.0,Erigeron.acer,0.11540198735320684,opth,4,False,mlp1,bce,msle
190,0.8119242247307642,0.06477273900184624,0.42857142857142855,0.8764759309718437,0.9917780061664954,0.9305689488910318,14.0,Erigeron.alpinus,0.30504735954327233,opth,4,False,mlp1,bce,msle
191,0.7748482076020959,0.04598536744470948,0.6818181818181818,0.6852698993595608,0.9907407407407407,0.8101676581936181,22.0,Erigeron.annuus,0.3670880811777426,opth,4,False,mlp1,bce,msle
192,0.8505479452054794,0.06759752566955098,0.55,0.8420091324200913,0.9903329752953813,0.910167818361303,20.0,Erigeron.glabratus,0.3920091324200914,opth,4,False,mlp1,bce,msle
193,0.6398198198198198,0.010686798656830972,0.4,0.8162162162162162,0.9966996699669967,0.8974739970282318,5.0,Erigeron.neglectus,0.21621621621621623,opth,4,False,mlp1,bce,msle
194,0.895175531539168,0.1625726408069508,0.9230769230769231,0.7796143250688705,0.9976498237367802,0.8752577319587629,26.0,Erigeron.uniflorus,0.7026912481457936,opth,4,False,mlp1,bce,msle
195,0.5902262443438914,0.013428559653373333,0.7,0.465158371040724,0.9941972920696325,0.6337854500616523,10.0,Erodium.cicutarium,0.16515837104072384,opth,4,False,mlp1,bce,msle
196,0.6643370809277829,0.02665053371728594,0.5555555555555556,0.7301731996353692,0.9901112484548825,0.8405036726128017,18.0,Erophila.verna,0.28572875519092467,opth,4,False,mlp1,bce,msle
197,0.7515897435897435,0.14756103569316983,0.7733333333333333,0.6307692307692307,0.974739970282318,0.7659077641564507,75.0,Eryngium.campestre,0.4041025641025642,opth,4,False,mlp1,bce,msle
198,0.6555151515151515,0.02650007391940021,0.6666666666666666,0.6154545454545455,0.9926686217008798,0.7598204264870931,15.0,Erysimum.rhaeticum,0.2821212121212122,opth,4,False,mlp1,bce,msle
199,0.7387082204155375,0.033444545366824494,0.5,0.8635953026196929,0.9958333333333333,0.9250120948234156,8.0,Erysimum.virgatum,0.363595302619693,opth,4,False,mlp1,bce,msle
200,0.6937443744374436,0.0073442675041052435,0.5,0.6597659765976598,0.9972789115646259,0.7941495124593716,4.0,Eupatorium.cannabinum,0.1597659765976598,opth,4,False,mlp1,bce,msle
201,0.7287635704285157,0.34739687868953395,0.6329787234042553,0.6709816612729234,0.9001447178002895,0.7688504326328801,188.0,Euphorbia.cyparissias,0.30396038467717856,opth,4,False,mlp1,bce,msle
202,,-0.0,0.0,0.7488789237668162,1.0,0.8564102564102564,0.0,Euphorbia.dulcis,-0.2511210762331838,opth,4,False,mlp1,bce,msle
203,0.5445544554455446,0.004657814473739552,0.0,0.8847884788478848,0.9959473150962512,0.9370829361296473,4.0,Euphorbia.helioscopia,-0.11521152115211519,opth,4,False,mlp1,bce,msle
204,0.9002062919030428,0.09959194057244479,0.8571428571428571,0.7833935018050542,0.998849252013809,0.8780981284774911,7.0,Euphorbia.seguieriana,0.6405363589479114,opth,4,False,mlp1,bce,msle
205,0.7351737089201879,0.09163673838819801,0.62,0.6591549295774648,0.9736477115117892,0.786114221724524,50.0,Euphorbia.brittingeri,0.2791549295774649,opth,4,False,mlp1,bce,msle
206,0.6467146714671467,0.010149801938154884,0.25,0.8712871287128713,0.9969104016477858,0.9298751200768491,4.0,Euphrasia.alpina,0.12128712871287117,opth,4,False,mlp1,bce,msle
207,0.8673049946171664,0.2347199907879709,0.7413793103448276,0.7965941343424787,0.9824970828471412,0.8798328108672936,58.0,Euphrasia.minima,0.5379734446873063,opth,4,False,mlp1,bce,msle
208,0.8201228878648233,0.12197164644984437,0.6333333333333333,0.7944700460829494,0.9873997709049256,0.8804902962206334,30.0,Euphrasia.salisburgensis,0.42780337941628277,opth,4,False,mlp1,bce,msle
209,0.6248874887488749,0.006729166585971862,0.25,0.7902790279027903,0.996594778660613,0.8815261044176707,4.0,Euphrasia.stricta,0.040279027902790254,opth,4,False,mlp1,bce,msle
210,0.8219518804560324,0.25073936937538044,0.9117647058823529,0.6120434353405726,0.985691573926868,0.7551766138855055,102.0,Festuca.arundinacea,0.5238081412229256,opth,4,False,mlp1,bce,msle
211,0.7531870153765278,0.11431086400348556,0.5357142857142857,0.858325666973321,0.9862579281183932,0.9178553861288736,28.0,Festuca.ovina,0.39403995268760683,opth,4,False,mlp1,bce,msle
212,0.8692358366271409,0.07657214767082998,0.8181818181818182,0.8125,0.9977753058954394,0.8956565152271593,11.0,Festuca.halleri,0.6306818181818183,opth,4,False,mlp1,bce,msle
213,0.7788064637941586,0.3377785064016765,0.6770186335403726,0.7127882599580713,0.9289617486338798,0.8066429418742586,161.0,Festuca.laevigata,0.3898068934984438,opth,4,False,mlp1,bce,msle
214,0.6645286306555309,0.22382009951662432,0.7205882352941176,0.49540347293156284,0.9273422562141491,0.6458055925432756,136.0,Festuca.nigrescens,0.2159917082256806,opth,4,False,mlp1,bce,msle
215,0.8415093165769746,0.22010727420707402,0.8688524590163934,0.6565464895635673,0.9885714285714285,0.7890535917901939,61.0,Festuca.paniculata,0.5253989485799608,opth,4,False,mlp1,bce,msle
216,0.8700103842159916,0.14331401599425914,0.8,0.7906542056074767,0.9894736842105263,0.8789610389610389,45.0,Festuca.quadriflora,0.5906542056074766,opth,4,False,mlp1,bce,msle
217,0.611345934650456,0.1729073874604964,0.578125,0.5795339412360689,0.9137380191693291,0.7092374457532548,128.0,Festuca.rubra,0.15765894123606894,opth,4,False,mlp1,bce,msle
218,0.8215668202764976,0.20147039476170525,0.7666666666666667,0.7483870967741936,0.9914529914529915,0.8529411764705882,30.0,Festuca.valesiaca,0.5150537634408603,opth,4,False,mlp1,bce,msle
219,0.8843125996810207,0.4990852714956475,0.7333333333333333,0.8157894736842105,0.9462759462759462,0.8762012436404748,165.0,Festuca.violacea,0.5491228070175438,opth,4,False,mlp1,bce,msle
220,0.7189247311827957,0.0663615102280614,0.6666666666666666,0.5631336405529954,0.9838969404186796,0.716295427901524,30.0,Filipendula.vulgaris,0.22980030721966216,opth,4,False,mlp1,bce,msle
221,0.5885972850678733,0.013521203072674959,0.8,0.3891402714932127,0.9953703703703703,0.5595315549772284,10.0,Fragaria.vesca,0.18914027149321266,opth,4,False,mlp1,bce,msle
222,0.8117295964707409,0.045497238392400045,0.5,0.8528610354223434,0.992600422832981,0.9174401563263312,14.0,Fumana.procumbens,0.35286103542234337,opth,4,False,mlp1,bce,msle
223,0.8436093609360936,0.034847061366195094,0.75,0.7587758775877588,0.9988151658767772,0.8624040920716113,4.0,Galeopsis.tetrahit,0.5087758775877589,opth,4,False,mlp1,bce,msle
224,0.7705707724192012,0.06966797308219436,0.6666666666666666,0.7467652495378928,0.9865689865689866,0.8500789058390321,33.0,Galium.anisophyllon,0.41343191620455944,opth,4,False,mlp1,bce,msle
225,0.4945945945945946,0.005044177957280588,0.0,0.6162162162162163,0.9927431059506531,0.7604224569205114,5.0,Galium.aparine,-0.38378378378378375,opth,4,False,mlp1,bce,msle
226,0.6724360051531956,0.05213306512049324,0.7272727272727273,0.522181146025878,0.9843205574912892,0.6823671497584541,33.0,Galium.boreale,0.24945387329860536,opth,4,False,mlp1,bce,msle
227,0.8401812377715991,0.13592240422834267,0.6666666666666666,0.82483781278962,0.9866962305986696,0.8985360928823827,36.0,Galium.corrudifolium,0.4915044794562866,opth,4,False,mlp1,bce,msle
228,0.6308465085638999,0.013799248493391838,0.6363636363636364,0.5679347826086957,0.993660855784469,0.7227665706051873,11.0,Galium.glaucum,0.20429841897233203,opth,4,False,mlp1,bce,msle
229,0.8025929302137141,0.07861078848735122,0.9444444444444444,0.5432999088422972,0.998324958123953,0.7036599763872491,18.0,Galium.lucidum,0.4877443532867416,opth,4,False,mlp1,bce,msle
230,0.7628180874491884,0.40478708959943255,0.8376068376068376,0.5607264472190693,0.9285714285714286,0.6992215145081387,234.0,Galium.mollugo,0.3983332848259069,opth,4,False,mlp1,bce,msle
231,0.7235376805935182,0.2683905053534637,0.6846153846153846,0.6365482233502539,0.938622754491018,0.7586206896551724,130.0,Galium.pumilum,0.3211636079656386,opth,4,False,mlp1,bce,msle
232,0.7389236205490622,0.42203308592162037,0.8869257950530035,0.5024038461538461,0.9288888888888889,0.6521060842433697,283.0,Galium.verum,0.38932964120684965,opth,4,False,mlp1,bce,msle
233,0.7991349912667387,0.07003574496270591,0.5454545454545454,0.8709972552607502,0.9896049896049897,0.9265206812652068,22.0,Genista.pilosa,0.41645180071529575,opth,4,False,mlp1,bce,msle
234,0.652840737382895,0.019497012647351757,0.4166666666666667,0.6799637352674524,0.9907529722589168,0.8064516129032258,12.0,Genista.sagittalis,0.09663040193411909,opth,4,False,mlp1,bce,msle
235,0.6944040515469087,0.05510232718410783,0.6756756756756757,0.601113172541744,0.9818181818181818,0.7456846950517837,37.0,Genista.tinctoria,0.27678884821741967,opth,4,False,mlp1,bce,msle
236,0.7869602516442665,0.08984843773677481,0.48717948717948717,0.8401486988847584,0.9783549783549783,0.904,39.0,Gentiana.acaulis,0.32732818606424563,opth,4,False,mlp1,bce,msle
237,0.8043134598012647,0.025459173902691236,0.625,0.7344173441734417,0.9963235294117647,0.8455538221528861,8.0,Gentiana.alpina,0.35941734417344184,opth,4,False,mlp1,bce,msle
238,0.9210933470861269,0.28876917616854686,0.7142857142857143,0.8429602888086642,0.9978632478632479,0.913894324853229,7.0,Gentiana.bavarica,0.5572460030943787,opth,4,False,mlp1,bce,msle
239,0.7923254281949934,0.025577243979850044,0.7272727272727273,0.7219202898550725,0.99625,0.8371848739495799,11.0,Gentiana.cruciata,0.4491930171277998,opth,4,False,mlp1,bce,msle
240,0.8440682631434077,0.2722513678131476,0.8571428571428571,0.7138728323699421,0.9853723404255319,0.8279329608938547,77.0,Gentiana.lutea,0.5710156895127994,opth,4,False,mlp1,bce,msle
241,0.8075592885375494,0.03426762439932972,0.2727272727272727,0.9257246376811594,0.9922330097087378,0.9578256794751641,11.0,Gentiana.nivalis,0.19845191040843213,opth,4,False,mlp1,bce,msle
242,0.9041501976284585,0.1221050238328034,0.9090909090909091,0.7146739130434783,0.9987341772151899,0.8331573389651531,11.0,Gentiana.punctata,0.6237648221343872,opth,4,False,mlp1,bce,msle
243,0.8557281319607489,0.3632023299611885,0.7346938775510204,0.7876106194690266,0.9685610640870617,0.868763557483731,98.0,Gentiana.verna,0.522304497020047,opth,4,False,mlp1,bce,msle
244,0.7791845835324096,0.053519381119887625,0.7391304347826086,0.6666666666666666,0.9918256130790191,0.7973713033953997,23.0,Geranium.columbinum,0.4057971014492754,opth,4,False,mlp1,bce,msle
245,0.848652887469893,0.11169620009660874,0.9393939393939394,0.6497227356746765,0.9971631205673759,0.7867935086737549,33.0,Geranium.dissectum,0.5891166750686159,opth,4,False,mlp1,bce,msle
246,0.7679740507082491,0.06938468680664106,0.9032258064516129,0.4455719557195572,0.9938271604938271,0.6152866242038216,31.0,Geranium.molle,0.34879776217117,opth,4,False,mlp1,bce,msle
247,0.773754772648386,0.1455966581054128,0.6976744186046512,0.6875,0.9826666666666667,0.8090010976948409,43.0,Geranium.pyrenaicum,0.38517441860465107,opth,4,False,mlp1,bce,msle
248,0.7735849056603774,0.010069836343115124,0.5,0.8634321653189577,0.998960498960499,0.9262650602409639,2.0,Geranium.robertianum,0.3634321653189576,opth,4,False,mlp1,bce,msle
249,0.6900269541778976,0.005156276728330197,0.5,0.6774483378256964,0.9986754966887417,0.8072805139186295,2.0,Geranium.rotundifolium,0.17744833782569636,opth,4,False,mlp1,bce,msle
250,0.5104916067146283,0.003539916223343843,0.6666666666666666,0.46402877697841727,0.9980657640232108,0.6335174953959485,3.0,Geranium.sanguineum,0.130695443645084,opth,4,False,mlp1,bce,msle
251,0.8054183627317957,0.37435257579129116,0.8,0.709452736318408,0.9700680272108844,0.8195402298850575,110.0,Geranium.sylvaticum,0.509452736318408,opth,4,False,mlp1,bce,msle
252,0.8531882556131261,0.3724282434745941,0.7866666666666666,0.8041450777202073,0.9603960396039604,0.8753525098702764,150.0,Geum.montanum,0.5908117443868739,opth,4,False,mlp1,bce,msle
253,0.6411492867189069,0.025557168258463013,0.4444444444444444,0.6166365280289331,0.992721979621543,0.7607361963190185,9.0,Geum.rivale,0.061080972473377404,opth,4,False,mlp1,bce,msle
254,0.8054556354916067,0.008932889024096748,1.0,0.5674460431654677,1.0,0.7240390131956397,3.0,Geum.urbanum,0.5674460431654675,opth,4,False,mlp1,bce,msle
255,0.6345055605650737,0.009221676227387367,0.3333333333333333,0.7962128043282236,0.9954904171364148,0.8847695390781564,6.0,Glechoma.hederacea,0.12954613766155698,opth,4,False,mlp1,bce,msle
256,0.8021892967713402,0.17312051601679468,0.6470588235294118,0.7763157894736842,0.9786729857819905,0.8658280922431866,51.0,Globularia.bisnagarica,0.423374613003096,opth,4,False,mlp1,bce,msle
257,0.8098632317823287,0.24485241512035413,0.6346153846153846,0.8005644402634055,0.9781609195402299,0.8804966373512675,52.0,Globularia.cordifolia,0.4351798248787899,opth,4,False,mlp1,bce,msle
258,0.8851918465227818,0.015300059417706478,1.0,0.8066546762589928,1.0,0.8929815828770533,3.0,Globularia.nudicaulis,0.8066546762589928,opth,4,False,mlp1,bce,msle
259,0.7120515883956744,0.11342951324222456,0.6290322580645161,0.6628679962013295,0.9680998613037448,0.7869222096956031,62.0,Gymnadenia.conopsea,0.29190025426584576,opth,4,False,mlp1,bce,msle
260,0.7250678733031675,0.043637852847121295,0.7,0.5619909502262443,0.9951923076923077,0.7183342972816658,10.0,Gypsophila.repens,0.2619909502262443,opth,4,False,mlp1,bce,msle
261,0.747129112352576,0.3380413187899276,0.6424581005586593,0.7211538461538461,0.9133964817320703,0.8059701492537313,179.0,Helianthemum.nummularium,0.3636119467125054,opth,4,False,mlp1,bce,msle
262,0.5886588658865886,0.005674388345430942,0.75,0.5445544554455446,0.9983498349834984,0.704717530576587,4.0,Helleborus.foetidus,0.2945544554455446,opth,4,False,mlp1,bce,msle
263,0.6320993513684543,0.1066374934794222,0.7558139534883721,0.42468415937803694,0.9541484716157205,0.5877605917955615,86.0,Heracleum.sphondylium,0.18049811286640915,opth,4,False,mlp1,bce,msle
264,0.7717895822588963,0.021191624748055804,0.5714285714285714,0.8411552346570397,0.9967914438502674,0.9123837493881547,7.0,Hieracium.bifidum,0.41258380608561107,opth,4,False,mlp1,bce,msle
265,0.6621581003907424,0.008848100566093151,0.8333333333333334,0.5671776375112714,0.9984126984126984,0.723404255319149,6.0,Hieracium.murorum,0.40051097084460485,opth,4,False,mlp1,bce,msle
266,0.8667039032724406,0.12805204558660438,0.6428571428571429,0.8500459981600736,0.9892933618843683,0.9143988124690747,28.0,Hieracium.piliferum,0.49290314101721666,opth,4,False,mlp1,bce,msle
267,0.7978378378378379,0.015388444376704566,0.6,0.7882882882882883,0.9977194982896237,0.8807247106190237,5.0,Hieracium.prenanthoides,0.3882882882882883,opth,4,False,mlp1,bce,msle
268,0.8530077478889179,0.09413640145484113,0.5238095238095238,0.8912248628884827,0.9898477157360406,0.937950937950938,21.0,Hieracium.villosum,0.4150343866980064,opth,4,False,mlp1,bce,msle
269,0.7982542819499342,0.0514581172592741,0.6363636363636364,0.7717391304347826,0.9953271028037384,0.8693877551020408,11.0,Himantoglossum.hircinum,0.40810276679841895,opth,4,False,mlp1,bce,msle
270,0.6761390284757118,0.16114471548399595,0.5,0.6844221105527638,0.9190283400809717,0.7845622119815668,120.0,Hippocrepis.comosa,0.18442211055276392,opth,4,False,mlp1,bce,msle
271,0.9120323559150657,0.5640930000654987,0.8333333333333334,0.7987866531850354,0.9741060419235512,0.8777777777777778,126.0,Holcus.lanatus,0.6321199865183686,opth,4,False,mlp1,bce,msle
272,0.8512681425010995,0.14210468071107032,0.47368421052631576,0.9025069637883009,0.9798387096774194,0.9395843402609957,38.0,Homogyne.alpina,0.3761911743146167,opth,4,False,mlp1,bce,msle
273,0.733393665158371,0.017289997577324554,0.3,0.7864253393665158,0.9920091324200914,0.8773346794548208,10.0,Hornungia.petraea,0.08642533936651575,opth,4,False,mlp1,bce,msle
274,0.8631602531787375,0.2278082598678421,0.7272727272727273,0.7643253234750462,0.9892344497607656,0.862356621480709,33.0,Hypericum.maculatum,0.4915980507477735,opth,4,False,mlp1,bce,msle
275,0.7783461538461538,0.19292697849357554,0.9466666666666667,0.44326923076923075,0.9913978494623656,0.612624584717608,75.0,Hypericum.perforatum,0.3899358974358975,opth,4,False,mlp1,bce,msle
276,0.8964770642201835,0.12860011726530599,0.92,0.7394495412844037,0.9975247524752475,0.8493150684931506,25.0,Hypericum.richeri,0.6594495412844037,opth,4,False,mlp1,bce,msle
277,0.8600813510452066,0.2230287223328113,0.8055555555555556,0.7182576459684893,0.9910485933503836,0.8328855454056958,36.0,Hypochaeris.maculata,0.5238132015240449,opth,4,False,mlp1,bce,msle
278,0.8627839342125057,0.16413750763208398,0.8378378378378378,0.7189239332096475,0.9923175416133163,0.8337816030123723,37.0,Hypochaeris.radicata,0.5567617710474853,opth,4,False,mlp1,bce,msle
279,0.9124662466246625,0.05871946563383164,0.75,0.8118811881188119,0.9988925802879292,0.8957298907646475,4.0,Hyssopus.officinalis,0.5618811881188119,opth,4,False,mlp1,bce,msle
280,0.8721668177697189,0.04537394289168064,1.0,0.5820489573889392,1.0,0.7358166189111748,12.0,Inula.salicina,0.5820489573889391,opth,4,False,mlp1,bce,msle
281,0.903863432165319,0.013447541274631634,1.0,0.8778077268643306,1.0,0.9349282296650717,2.0,Isatis.tinctoria,0.8778077268643307,opth,4,False,mlp1,bce,msle
282,0.4154203197524497,0.005969583086826347,0.0,0.9431407942238267,0.9933460076045627,0.9675925925925926,7.0,Juncus.alpinoarticulatus,-0.056859205776173316,opth,4,False,mlp1,bce,msle
283,0.7942590922753231,0.1789051708544833,0.3333333333333333,0.8449053201082056,0.9957492029755579,0.9141463414634147,6.0,Juncus.articulatus,0.178238653441539,opth,4,False,mlp1,bce,msle
284,0.7999395587790873,0.04750664336640715,0.08333333333333333,0.9836808703535811,0.989963503649635,0.98681218735789,12.0,Juncus.effusus,0.06701420368691435,opth,4,False,mlp1,bce,msle
285,0.7944995113779143,0.17586982241737203,0.46153846153846156,0.8257713248638838,0.9923664122137404,0.9014363546310055,13.0,Juncus.inflexus,0.2873097864023455,opth,4,False,mlp1,bce,msle
286,0.8500913242009133,0.0961993799469792,0.8,0.7497716894977169,0.9951515151515151,0.8552083333333333,20.0,Juncus.jacquinii,0.5497716894977169,opth,4,False,mlp1,bce,msle
287,0.7805228165608945,0.04090283704918403,0.6666666666666666,0.7262012692656392,0.9950310559006211,0.839622641509434,12.0,Juncus.trifidus,0.39286793593230573,opth,4,False,mlp1,bce,msle
288,,-0.0,0.0,0.9183856502242153,1.0,0.9574567554932212,0.0,Juncus.triglumis,-0.08161434977578474,opth,4,False,mlp1,bce,msle
289,0.8144251036921194,0.4095146873149572,0.8429319371727748,0.6634199134199135,0.9533437013996889,0.7823867262284621,191.0,Knautia.arvensis,0.5063518505926883,opth,4,False,mlp1,bce,msle
290,0.7929411764705883,0.17564643448978362,0.7,0.6904977375565611,0.9960835509138382,0.8156066274719401,10.0,Knautia.dipsacifolia,0.39049773755656103,opth,4,False,mlp1,bce,msle
291,0.7819823280829811,0.04250827566227243,0.8421052631578947,0.5875912408759124,0.9953632148377125,0.7389558232931727,19.0,Koeleria.macrantha,0.429696504033807,opth,4,False,mlp1,bce,msle
292,0.7663582396444798,0.12287752860112831,0.5789473684210527,0.775047258979206,0.9715639810426541,0.8622502628811777,57.0,Koeleria.pyramidata,0.35399462740025855,opth,4,False,mlp1,bce,msle
293,0.7815975553423586,0.2020862692746164,0.5283018867924528,0.8361581920903954,0.9726177437020811,0.8992405063291139,53.0,Koeleria.vallesiana,0.36446007888284826,opth,4,False,mlp1,bce,msle
294,0.8120647165970213,0.05299962100976902,0.7647058823529411,0.6876138433515483,0.994729907773386,0.8131394722670975,17.0,Lactuca.perennis,0.45231972570448953,opth,4,False,mlp1,bce,msle
295,0.7803853754940712,0.022812494429992444,1.0,0.5987318840579711,1.0,0.7490084985835694,11.0,Lactuca.serriola,0.5987318840579712,opth,4,False,mlp1,bce,msle
296,0.8564148681055156,0.02153251439365661,1.0,0.454136690647482,1.0,0.6246134817563389,3.0,Lamium.purpureum,0.45413669064748197,opth,4,False,mlp1,bce,msle
297,0.669664268585132,0.008795738037519983,0.6666666666666666,0.5161870503597122,0.9982608695652174,0.6804979253112033,3.0,Lapsana.communis,0.18285371702637887,opth,4,False,mlp1,bce,msle
298,0.8311100131752306,0.042025879436333256,1.0,0.4791666666666667,1.0,0.647887323943662,11.0,Laserpitium.halleri,0.47916666666666674,opth,4,False,mlp1,bce,msle
299,0.8995967064358932,0.2244426398537202,0.9090909090909091,0.7643253234750462,0.9963855421686747,0.8650627615062761,33.0,Laserpitium.latifolium,0.6734162325659554,opth,4,False,mlp1,bce,msle
300,0.8231886081250872,0.04916292501236396,0.7692307692307693,0.7459165154264973,0.9963636363636363,0.8531395952257395,13.0,Laserpitium.siler,0.5151472846572664,opth,4,False,mlp1,bce,msle
301,0.7329809179989686,0.013302265299485614,0.14285714285714285,0.8727436823104693,0.9938335046248715,0.9293608841902932,7.0,Lathyrus.heterophyllus,0.015600825167612076,opth,4,False,mlp1,bce,msle
302,0.5886588658865887,0.016159261318538752,0.0,0.9864986498649865,0.9963636363636363,0.9914066033469019,4.0,Lathyrus.occidentalis,-0.013501350135013523,opth,4,False,mlp1,bce,msle
303,0.7701774767392411,0.3928175066807737,0.8457943925233645,0.5660377358490566,0.9392265193370166,0.7063711911357341,214.0,Lathyrus.pratensis,0.4118321283724211,opth,4,False,mlp1,bce,msle
304,0.8799218515178839,0.07304453459976716,0.6666666666666666,0.8043282236248873,0.9977628635346756,0.890664003994009,6.0,Lathyrus.sphaericus,0.47099489029155395,opth,4,False,mlp1,bce,msle
305,0.7542342342342343,0.015945647187477253,0.8,0.5540540540540541,0.9983766233766234,0.712630359212051,5.0,Lathyrus.sylvestris,0.3540540540540542,opth,4,False,mlp1,bce,msle
306,0.6122082585278277,0.0023094688221709007,1.0,0.5179533213644524,1.0,0.6824364281490243,1.0,Lathyrus.tuberosus,0.5179533213644523,opth,4,False,mlp1,bce,msle
307,0.6827956989247311,0.08175420101971995,0.36666666666666664,0.8046082949308756,0.9786995515695067,0.8831562974203339,30.0,Leontodon.autumnalis,0.17127496159754219,opth,4,False,mlp1,bce,msle
308,0.6852843270290899,0.331538670240717,0.7259615384615384,0.525909592061742,0.8932584269662921,0.6620402498265093,208.0,Leontodon.hispidus,0.2518711305232806,opth,4,False,mlp1,bce,msle
309,0.876936936936937,0.020881938926768377,1.0,0.7225225225225225,1.0,0.8389121338912134,5.0,Leontopodium.alpinum,0.7225225225225225,opth,4,False,mlp1,bce,msle
310,0.9235770697167757,0.2256282014002112,0.9259259259259259,0.7922794117647058,0.9976851851851852,0.8831967213114754,27.0,Leucanthemopsis.alpina,0.7182053376906317,opth,4,False,mlp1,bce,msle
311,0.829304487054321,0.5290707462189451,0.8793103448275862,0.6455266138165345,0.9531772575250836,0.7697501688048616,232.0,Leucanthemum.vulgare,0.5248369586441206,opth,4,False,mlp1,bce,msle
312,0.8195816864295125,0.07252346978706543,0.8181818181818182,0.7210144927536232,0.9974937343358395,0.8370136698212408,11.0,Lilium.martagon,0.5391963109354414,opth,4,False,mlp1,bce,msle
313,0.47935368043087967,0.0017211703958691911,1.0,0.34380610412926393,1.0,0.511690046760187,1.0,Linaria.repens,0.34380610412926393,opth,4,False,mlp1,bce,msle
314,0.7947921643573818,0.11072690374809133,0.6956521739130435,0.8058608058608059,0.992108229988726,0.8893380495199595,23.0,Linum.alpinum,0.5015129797738493,opth,4,False,mlp1,bce,msle
315,0.630441531150751,0.11421516428895664,0.3950617283950617,0.7098646034816247,0.9374201787994891,0.8079251513483764,81.0,Linum.catharticum,0.10492633187668643,opth,4,False,mlp1,bce,msle
316,0.7956096451319381,0.053758884464757926,0.625,0.7816196542311192,0.9930635838150289,0.8747454175152749,16.0,Linum.tenuifolium,0.4066196542311191,opth,4,False,mlp1,bce,msle
317,0.6719552734965246,0.03562369984667445,0.4166666666666667,0.7742520398912058,0.991869918699187,0.869653767820774,12.0,Listera.ovata,0.19091870655787258,opth,4,False,mlp1,bce,msle
318,0.725922592259226,0.012247448250777516,1.0,0.3951395139513951,1.0,0.5664516129032258,4.0,Lolium.multiflorum,0.3951395139513951,opth,4,False,mlp1,bce,msle
319,0.8373120136125916,0.19876480964710086,0.8701298701298701,0.708092485549133,0.9865771812080537,0.8244531688166012,77.0,Lolium.perenne,0.5782223556790029,opth,4,False,mlp1,bce,msle
320,0.7709436852792613,0.5786821518861025,0.8096514745308311,0.5646900269541779,0.8551020408163266,0.6801948051948052,373.0,Lotus.corniculatus,0.3743415014850089,opth,4,False,mlp1,bce,msle
321,0.7158469945355191,0.028999537212482905,0.5882352941176471,0.7595628415300546,0.9916765755053508,0.8602372356884992,17.0,Lotus.maritimus,0.34779813564770157,opth,4,False,mlp1,bce,msle
322,0.72778730703259,0.1324187992230061,0.509090909090909,0.7509433962264151,0.9671931956257594,0.8454593733404142,55.0,Luzula.campestris,0.2600343053173242,opth,4,False,mlp1,bce,msle
323,0.8443879352970263,0.08577095888882898,0.6923076923076923,0.7988980716253443,0.9908883826879271,0.8845958312150483,26.0,Luzula.lutea,0.4912057639330367,opth,4,False,mlp1,bce,msle
324,0.6204404979542091,0.026392725682326826,0.47619047619047616,0.6581352833638026,0.9849521203830369,0.7890410958904109,21.0,Luzula.multiflora,0.1343257595542786,opth,4,False,mlp1,bce,msle
325,0.9013098464317977,0.06116512506375212,1.0,0.7723577235772358,1.0,0.8715596330275229,8.0,Luzula.sieberi,0.7723577235772359,opth,4,False,mlp1,bce,msle
326,0.8599831358452048,0.14290085404160152,0.7142857142857143,0.7968313140726934,0.986159169550173,0.8814432989690721,42.0,Luzula.spicata,0.5111170283584077,opth,4,False,mlp1,bce,msle
327,0.8298748353096179,0.03712811253632319,0.5454545454545454,0.8034420289855072,0.9943946188340808,0.8887775551102205,11.0,Luzula.sudetica,0.34889657444005273,opth,4,False,mlp1,bce,msle
328,0.8740607153591824,0.04456999015822545,0.5,0.8358881875563571,0.9967741935483871,0.9092692496321726,6.0,Lysimachia.nummularia,0.3358881875563571,opth,4,False,mlp1,bce,msle
329,0.8427206851119895,0.25185478355987345,0.5454545454545454,0.8342391304347826,0.9946004319654428,0.9073891625615763,11.0,Lysimachia.vulgaris,0.3796936758893281,opth,4,False,mlp1,bce,msle
330,0.7109909909909911,0.011929876223993873,1.0,0.47297297297297297,1.0,0.6422018348623854,5.0,Malva.moschata,0.472972972972973,opth,4,False,mlp1,bce,msle
331,0.7191719171917191,0.007770074087022507,1.0,0.40234023402340235,1.0,0.5738125802310655,4.0,Malva.sylvestris,0.40234023402340235,opth,4,False,mlp1,bce,msle
332,0.7441366926048866,0.07546063912566063,0.7058823529411765,0.6438482886216467,0.9858356940509915,0.7789591494124231,34.0,Medicago.falcata,0.3497306415628232,opth,4,False,mlp1,bce,msle
333,0.7986845549738221,0.3337191020048991,0.84375,0.6356020942408377,0.9604430379746836,0.7649653434152489,160.0,Medicago.lupulina,0.4793520942408378,opth,4,False,mlp1,bce,msle
334,0.7712373037857803,0.0959094226848904,0.6875,0.7183748845798708,0.9873096446700508,0.831640833778728,32.0,Medicago.minima,0.40587488457987075,opth,4,False,mlp1,bce,msle
335,0.8242481203007519,0.15914615253900363,0.7647058823529411,0.7471804511278195,0.9851301115241635,0.8498129342597541,51.0,Medicago.sativa,0.5118863334807606,opth,4,False,mlp1,bce,msle
336,0.7269647696476964,0.2889475257891427,0.625,0.8066847335140018,0.9966517857142857,0.891662506240639,8.0,Melica.ciliata,0.4316847335140017,opth,4,False,mlp1,bce,msle
337,0.7268468468468469,0.014284311626371012,1.0,0.4081081081081081,1.0,0.5796545105566219,5.0,Melilotus.albus,0.40810810810810816,opth,4,False,mlp1,bce,msle
338,0.8759867583396995,0.19135910062754946,0.8863636363636364,0.7282913165266106,0.9936305732484076,0.8405172413793104,44.0,Meum.athamanticum,0.614654952890247,opth,4,False,mlp1,bce,msle
339,0.594959495949595,0.005259134772645644,0.25,0.6804680468046804,0.9960474308300395,0.8085561497326204,4.0,Minuartia.laricifolia,-0.06953195319531957,opth,4,False,mlp1,bce,msle
340,0.7416209628275442,0.06445156838555277,0.38095238095238093,0.8784277879341865,0.9866529774127311,0.9294003868471954,21.0,Minuartia.rostrata,0.25938016888656756,opth,4,False,mlp1,bce,msle
341,0.8680274442538594,0.2017687605850743,0.5272727272727272,0.8830188679245283,0.972972972972973,0.9258160237388724,55.0,Minuartia.verna,0.41029159519725544,opth,4,False,mlp1,bce,msle
342,0.7838756492514511,0.08979611405545662,0.7083333333333334,0.6883593033913841,0.9907651715039578,0.8123309897241753,24.0,Muscari.comosum,0.39669263672471744,opth,4,False,mlp1,bce,msle
343,0.8290341143650626,0.4267610000104411,0.6745562130177515,0.7938689217758985,0.9317617866004962,0.8573059360730594,169.0,Myosotis.alpestris,0.4684251347936499,opth,4,False,mlp1,bce,msle
344,0.7849963789235689,0.2827531013260551,0.7522123893805309,0.6626746506986028,0.9595375722543352,0.7839433293978748,113.0,Myosotis.arvensis,0.4148870400791336,opth,4,False,mlp1,bce,msle
345,0.8036307127216218,0.10739004607040092,0.7307692307692307,0.6960514233241506,0.9908496732026144,0.8176914778856527,26.0,Myosotis.ramosissima,0.42682065409338144,opth,4,False,mlp1,bce,msle
346,0.9116812790097988,0.32057182535617124,0.42857142857142855,0.9720216606498195,0.996299722479186,0.9840109639104614,7.0,Myosotis.scorpioides,0.40059308922124814,opth,4,False,mlp1,bce,msle
347,0.6326714801444043,0.020334337468023576,0.42857142857142855,0.855595667870036,0.9957983193277311,0.920388349514563,7.0,Myosotis.stricta,0.28416709644146465,opth,4,False,mlp1,bce,msle
348,0.7373387482083134,0.054882830878260465,0.782608695652174,0.49633699633699635,0.9908592321755028,0.661378889566809,23.0,Narcissus.poeticus,0.2789456919891702,opth,4,False,mlp1,bce,msle
349,0.7892747252747253,0.2749822487255237,0.8142857142857143,0.678974358974359,0.9622093023255814,0.7961515333734215,140.0,Nardus.stricta,0.4932600732600734,opth,4,False,mlp1,bce,msle
350,0.8003952569169961,0.02796279919185932,0.6363636363636364,0.7789855072463768,0.9953703703703703,0.8739837398373984,11.0,Odontites.luteus,0.4153491436100132,opth,4,False,mlp1,bce,msle
351,0.8384334975369457,0.31545472738747043,0.7,0.8118226600985222,0.9648711943793911,0.8817549491706795,100.0,Onobrychis.montana,0.5118226600985221,opth,4,False,mlp1,bce,msle
352,0.8418585858585859,0.35394422645645446,0.928,0.6151515151515151,0.9854368932038835,0.7574626865671642,125.0,Onobrychis.viciifolia,0.5431515151515152,opth,4,False,mlp1,bce,msle
353,0.8003968253968253,0.12903471342929682,0.6,0.8416666666666667,0.9848320693391116,0.9076385421867199,35.0,Ononis.natrix,0.44166666666666665,opth,4,False,mlp1,bce,msle
354,0.7117798165137614,0.06385118854663846,0.56,0.7220183486238532,0.9862155388471178,0.8336864406779662,25.0,Ononis.repens,0.2820183486238532,opth,4,False,mlp1,bce,msle
355,0.714318813716404,0.05896284426626524,0.75,0.5987025023169601,0.9862595419847329,0.7450980392156863,36.0,Ononis.spinosa,0.3487025023169601,opth,4,False,mlp1,bce,msle
356,0.7677477477477477,0.018130617520993507,0.8,0.654054054054054,0.9986244841815681,0.7904191616766467,5.0,Ophioglossum.vulgatum,0.4540540540540541,opth,4,False,mlp1,bce,msle
357,0.7499497689371106,0.13407970970159466,0.4444444444444444,0.7685352622061483,0.9941520467836257,0.8669046404895462,9.0,Ophrys.apifera,0.21297970665059274,opth,4,False,mlp1,bce,msle
358,0.578082808280828,0.005550360803780886,0.0,0.9153915391539154,0.9960822722820764,0.9540337711069419,4.0,Ophrys.insectifera,-0.08460846084608464,opth,4,False,mlp1,bce,msle
359,0.6361587015329125,0.013770489061473237,0.5,0.6474301172227231,0.9958391123439667,0.7846994535519126,6.0,Orchis.mascula,0.14743011722272303,opth,4,False,mlp1,bce,msle
360,0.738591719552735,0.02577614763833033,0.4166666666666667,0.785131459655485,0.9919816723940436,0.8765182186234818,12.0,Orchis.militaris,0.20179812632215177,opth,4,False,mlp1,bce,msle
361,0.843115189289012,0.1748566531541192,0.78125,0.7663896583564174,0.991636798088411,0.8645833333333334,32.0,Origanum.vulgare,0.5476396583564174,opth,4,False,mlp1,bce,msle
362,0.7291858678955453,0.07452181580015682,0.7666666666666667,0.5050691244239631,0.9873873873873874,0.6682926829268293,30.0,Ornithogalum.umbellatum,0.27173579109062995,opth,4,False,mlp1,bce,msle
363,0.4690026954177897,0.002483073856411314,0.5,0.47079964061096136,0.9980952380952381,0.6398046398046398,2.0,Orobanche.alba,-0.029200359389038644,opth,4,False,mlp1,bce,msle
364,0.7028107271789582,0.014038359665580907,0.8571428571428571,0.4314079422382672,0.9979123173277662,0.6023944549464398,7.0,Orobanche.caryophyllacea,0.28855079938112427,opth,4,False,mlp1,bce,msle
365,0.7806372549019608,0.06165077519701534,0.6296296296296297,0.7555147058823529,0.9879807692307693,0.85625,27.0,Oxytropis.campestris,0.38514433551198257,opth,4,False,mlp1,bce,msle
366,0.8192293577981651,0.09026221995682061,0.52,0.8761467889908257,0.9875904860392968,0.9285367039377734,25.0,Oxytropis.helvetica,0.39614678899082567,opth,4,False,mlp1,bce,msle
367,0.776936936936937,0.05136217072219857,0.6,0.6945945945945946,0.9974126778783958,0.8189060010621348,5.0,Oxytropis.pilosa,0.29459459459459447,opth,4,False,mlp1,bce,msle
368,0.6809049773755657,0.015275030849591944,0.8,0.5140271493212669,0.9964912280701754,0.6782089552238806,10.0,Papaver.rhoeas,0.31402714932126696,opth,4,False,mlp1,bce,msle
369,0.8847361490934873,0.1181022125059115,0.7222222222222222,0.8659981768459435,0.9947643979057592,0.9259259259259259,18.0,Paradisea.liliastrum,0.5882203990681658,opth,4,False,mlp1,bce,msle
370,0.701894381730894,0.026112893225400047,0.5,0.7520435967302452,0.9916167664670659,0.8553719008264463,14.0,Parnassia.palustris,0.25204359673024523,opth,4,False,mlp1,bce,msle
371,0.7563871355575593,0.01225651924032491,1.0,0.5536519386834986,1.0,0.7127103888566454,6.0,Pastinaca.sativa,0.5536519386834986,opth,4,False,mlp1,bce,msle
372,0.5731046931407943,0.016921606828513937,0.7142857142857143,0.3546931407942238,0.9949367088607595,0.5229540918163673,7.0,Pedicularis.foliosa,0.06897885507993817,opth,4,False,mlp1,bce,msle
373,0.8238337967253629,0.1869684564612447,0.6388888888888888,0.8266913809082483,0.9856353591160221,0.8991935483870968,36.0,Pedicularis.gyroflexa,0.4655802697971372,opth,4,False,mlp1,bce,msle
374,0.8463934096845489,0.03876568967913999,0.7777777777777778,0.810126582278481,0.9977728285077951,0.8942115768463074,9.0,Pedicularis.tuberosa,0.5879043600562588,opth,4,False,mlp1,bce,msle
375,0.8072680568147477,0.031091406970385115,0.4166666666666667,0.8368087035358114,0.9924731182795699,0.9080177078209543,12.0,Pedicularis.verticillata,0.2534753702024781,opth,4,False,mlp1,bce,msle
376,0.6393744250229991,0.0700105185123727,0.42857142857142855,0.6853725850965962,0.9789750328515112,0.8062770562770563,28.0,Petrorhagia.prolifera,0.11394401366802476,opth,4,False,mlp1,bce,msle
377,0.7896177487514406,0.06410242494043433,0.5263157894736842,0.8631386861313869,0.9905759162303664,0.9224768405655778,19.0,Petrorhagia.saxifraga,0.38945447560507107,opth,4,False,mlp1,bce,msle
378,0.7457882120939089,0.2843722482898364,0.635593220338983,0.7432296890672017,0.9451530612244898,0.8321167883211679,118.0,Phleum.alpinum,0.37882290940618457,opth,4,False,mlp1,bce,msle
379,,-0.0,0.0,0.7488789237668162,1.0,0.8564102564102564,0.0,Phleum.hirsutum,-0.2511210762331838,opth,4,False,mlp1,bce,msle
380,0.7792915531335151,0.060356798718098646,0.5714285714285714,0.7420526793823796,0.9927095990279465,0.8492723492723493,14.0,Phleum.phleoides,0.313481250810951,opth,4,False,mlp1,bce,msle
381,0.8629680365296803,0.12180991415745643,0.8,0.7780821917808219,0.9953271028037384,0.8733982573039467,20.0,Phyteuma.betonicifolium,0.5780821917808221,opth,4,False,mlp1,bce,msle
382,0.8301689236353483,0.03674425604179657,0.9230769230769231,0.6987295825771325,0.9987029831387808,0.8222103577148959,13.0,Phyteuma.hemisphaericum,0.6218065056540556,opth,4,False,mlp1,bce,msle
383,0.7562814650593506,0.22552485615708712,0.5595238095238095,0.8118331716779825,0.9576659038901602,0.878740157480315,84.0,Phyteuma.orbiculare,0.37135698120179206,opth,4,False,mlp1,bce,msle
384,0.5834234234234235,0.00820018982520758,1.0,0.3144144144144144,1.0,0.47840986977381766,5.0,Phyteuma.ovatum,0.31441441441441453,opth,4,False,mlp1,bce,msle
385,0.7889746062359371,0.07645029690754528,0.4117647058823529,0.8825136612021858,0.9897854954034729,0.9330765527202696,17.0,Phyteuma.spicatum,0.2942783670845386,opth,4,False,mlp1,bce,msle
386,0.7649235457365186,0.12960786107870215,0.9117647058823529,0.5254394079555966,0.9947460595446584,0.6876513317191283,34.0,Picris.hieracioides,0.43720411383794966,opth,4,False,mlp1,bce,msle
387,0.7900516471945044,0.15409690301609583,0.8378378378378378,0.5556586270871985,0.9900826446280991,0.7118241235888295,37.0,Pimpinella.major,0.3934964649250363,opth,4,False,mlp1,bce,msle
388,0.7275680751173709,0.11612691185261631,0.88,0.5089201877934272,0.9890510948905109,0.6720396776193428,50.0,Pimpinella.saxifraga,0.3889201877934272,opth,4,False,mlp1,bce,msle
389,0.9019792702298101,0.5780826527926414,0.8835978835978836,0.8120950323974082,0.9715762273901809,0.8847058823529412,189.0,Plantago.alpina,0.6956929159952918,opth,4,False,mlp1,bce,msle
390,0.8126721763085399,0.06991305256412388,0.6923076923076923,0.7667584940312213,0.9905100830367735,0.8643892339544513,26.0,Plantago.atrata,0.4590661863389136,opth,4,False,mlp1,bce,msle
391,0.8225671685378675,0.5701926950483769,0.9013157894736842,0.625154130702836,0.9441340782122905,0.7522255192878339,304.0,Plantago.lanceolata,0.5264699201765202,opth,4,False,mlp1,bce,msle
392,0.714190093708166,0.0728622616988921,0.75,0.5134383688600556,0.9840142095914742,0.6747868453105969,36.0,Plantago.major,0.26343836886005567,opth,4,False,mlp1,bce,msle
393,0.7907214156079856,0.43687308369788985,0.8078817733990148,0.6107456140350878,0.9345637583892618,0.7387267904509284,203.0,Plantago.media,0.41862738743410244,opth,4,False,mlp1,bce,msle
394,0.7991504207947161,0.26526620056367145,0.6666666666666666,0.7871524448705657,0.9715976331360947,0.8697033898305084,72.0,Plantago.maritima,0.4538191115372323,opth,4,False,mlp1,bce,msle
395,0.4855725879170424,0.008227325795501814,0.6666666666666666,0.3886384129846709,0.9953810623556582,0.5590142671854734,6.0,Platanthera.bifolia,0.05530507965133746,opth,4,False,mlp1,bce,msle
396,0.9047807585864888,0.7550304352789359,0.797427652733119,0.8631840796019901,0.916776750330251,0.8891736066623959,311.0,Poa.alpina,0.6606117323351091,opth,4,False,mlp1,bce,msle
397,0.8683737646001798,0.009858630952380952,1.0,0.3054806828391734,1.0,0.4679972470750172,2.0,Poa.annua,0.3054806828391734,opth,4,False,mlp1,bce,msle
398,0.7522394905833468,0.1317753009115644,0.7605633802816901,0.5977011494252874,0.9734789391575663,0.7406528189910979,71.0,Poa.bulbosa,0.35826452970697753,opth,4,False,mlp1,bce,msle
399,0.9208633093525179,0.021224139461923225,1.0,0.6420863309352518,1.0,0.7820372398685652,3.0,Poa.cenisia,0.6420863309352518,opth,4,False,mlp1,bce,msle
400,0.6916854173363335,0.03319980566046648,0.7058823529411765,0.5883424408014571,0.9923195084485407,0.7387078330474557,17.0,Poa.chaixii,0.29422479374263366,opth,4,False,mlp1,bce,msle
401,0.6920289855072463,0.028972597162731033,0.6363636363636364,0.6838768115942029,0.994729907773386,0.8105206655931294,11.0,Poa.compressa,0.32024044795783935,opth,4,False,mlp1,bce,msle
402,0.5234023402340233,0.028748109596071162,0.25,0.9225922592259226,0.9970817120622568,0.9583917718560074,4.0,Poa.nemoralis,0.17259225922592258,opth,4,False,mlp1,bce,msle
403,0.7869271562073553,0.5220882148086834,0.782608695652174,0.6424314660309892,0.8998330550918197,0.7496522948539638,276.0,Poa.pratensis,0.42504016168316316,opth,4,False,mlp1,bce,msle
404,0.7720514366083986,0.128064277052979,0.3333333333333333,0.8345388788426763,0.9935414424111948,0.9071253071253071,9.0,Poa.supina,0.16787221217600967,opth,4,False,mlp1,bce,msle
405,0.8275914173466303,0.13904751297602086,0.75,0.8195829555757026,0.9966923925027563,0.8995024875621891,12.0,Polygala.alpestris,0.5695829555757026,opth,4,False,mlp1,bce,msle
406,0.51392632524708,0.004581572147625947,0.0,0.9182389937106918,0.998046875,0.956481048198409,2.0,Polygala.amarella,-0.08176100628930816,opth,4,False,mlp1,bce,msle
407,0.7904850663471354,0.1584844562655173,0.5238095238095238,0.809878844361603,0.9775028121484814,0.8858307849133538,42.0,Polygala.comosa,0.3336883681711269,opth,4,False,mlp1,bce,msle
408,0.6773053201624629,0.10559643575336414,0.5405405405405406,0.6660482374768089,0.9768707482993197,0.7920573634859349,37.0,Polygala.vulgaris,0.20658877801734943,opth,4,False,mlp1,bce,msle
409,0.7677477477477478,0.1094057018855759,0.8,0.7360360360360361,0.9987775061124694,0.8475103734439834,5.0,Polygonum.aviculare,0.5360360360360361,opth,4,False,mlp1,bce,msle
410,0.7497744360902255,0.22009909283996393,0.7,0.583732057416268,0.9667194928684627,0.7279236276849642,70.0,Polygonum.bistorta,0.28373205741626784,opth,4,False,mlp1,bce,msle
411,0.8175474634298164,0.3737868854045731,0.7235294117647059,0.7502645502645503,0.9378306878306878,0.8336272780717225,170.0,Polygonum.viviparum,0.47379396202925617,opth,4,False,mlp1,bce,msle
412,0.493705035971223,0.004312443652130035,0.3333333333333333,0.7940647482014388,0.9977401129943503,0.8843264897346019,3.0,Polystichum.lonchitis,0.12739808153477217,opth,4,False,mlp1,bce,msle
413,0.7366355777979982,0.032982176263261755,0.625,0.6951774340309372,0.9922077922077922,0.817549491706795,16.0,Potentilla.argentea,0.3201774340309371,opth,4,False,mlp1,bce,msle
414,0.8365893535068031,0.22084209188440637,0.6956521739130435,0.8173996175908221,0.976027397260274,0.8896982310093653,69.0,Potentilla.aurea,0.5130517915038655,opth,4,False,mlp1,bce,msle
415,0.8347316704459562,0.37271624670785786,0.674074074074074,0.7836734693877551,0.9458128078817734,0.8571428571428571,135.0,Potentilla.crantzii,0.4577475434618292,opth,4,False,mlp1,bce,msle
416,0.7635009777866921,0.09210309192148007,0.8378378378378378,0.5974025974025974,0.9907692307692307,0.7453703703703703,37.0,Potentilla.erecta,0.4352404352404351,opth,4,False,mlp1,bce,msle
417,0.8204624042307953,0.23076317259285398,0.872093023255814,0.640427599611273,0.9835820895522388,0.7757504414361389,86.0,Potentilla.grandiflora,0.5125206228670871,opth,4,False,mlp1,bce,msle
418,0.7104198682281455,0.19428037805042628,0.6017699115044248,0.6826347305389222,0.9382716049382716,0.7902946273830156,113.0,Potentilla.neumanniana,0.28440464204334703,opth,4,False,mlp1,bce,msle
419,0.8292614826190144,0.06661368796642363,0.8461538461538461,0.7577132486388385,0.997610513739546,0.8612686952037133,13.0,Potentilla.pusilla,0.6038670947926845,opth,4,False,mlp1,bce,msle
420,0.6483030303030303,0.020209303889504728,0.7333333333333333,0.47,0.9923224568138196,0.6378778531770513,15.0,Potentilla.recta,0.20333333333333314,opth,4,False,mlp1,bce,msle
421,0.8172582159624413,0.137458227037847,0.86,0.6694835680751173,0.9902777777777778,0.7988795518207283,50.0,Potentilla.reptans,0.5294835680751173,opth,4,False,mlp1,bce,msle
422,0.734054054054054,0.01891499760753071,0.8,0.2954954954954955,0.9969604863221885,0.45587213342599026,5.0,Potentilla.rupestris,0.09549549549549541,opth,4,False,mlp1,bce,msle
423,0.8997595431319507,0.03608170088754274,1.0,0.4418394950405771,1.0,0.6128830519074422,6.0,Potentilla.thuringiaca,0.44183949504057707,opth,4,False,mlp1,bce,msle
424,0.7215227817745803,0.006225499828687748,0.0,0.8848920863309353,0.9969604863221885,0.9375893282515484,3.0,Primula.elatior,-0.1151079136690647,opth,4,False,mlp1,bce,msle
425,0.5930442637759711,0.027587425040362268,0.5,0.5636856368563685,0.9936305732484076,0.7193083573487031,8.0,Primula.farinosa,0.06368563685636852,opth,4,False,mlp1,bce,msle
426,0.7503987500406888,0.22373051833529717,0.7419354838709677,0.6125126135216953,0.9499217527386542,0.7447852760736197,124.0,Primula.veris,0.3544480973926629,opth,4,False,mlp1,bce,msle
427,0.7101369863013698,0.0318607825140918,0.5,0.7004566210045662,0.9871299871299871,0.8194444444444444,20.0,Prunella.grandiflora,0.20045662100456618,opth,4,False,mlp1,bce,msle
428,0.7240289445229977,0.04581343334616914,0.5,0.7191216834400732,0.986198243412798,0.8317460317460318,22.0,Prunella.laciniata,0.21912168344007332,opth,4,False,mlp1,bce,msle
429,0.7265221878224974,0.08662525251914639,0.8431372549019608,0.5554511278195489,0.986644407345576,0.7107636800962117,51.0,Prunella.vulgaris,0.39858838272150976,opth,4,False,mlp1,bce,msle
430,0.7114624505928855,0.020977890339947892,0.36363636363636365,0.7581521739130435,0.9917061611374408,0.8593429158110883,11.0,Prunus.spinosa,0.12178853754940722,opth,4,False,mlp1,bce,msle
431,0.745427893340779,0.10031312730185757,0.6153846153846154,0.6633393829401089,0.9932065217391305,0.795429815016322,13.0,Veronica.spicata,0.2787239983247243,opth,4,False,mlp1,bce,msle
432,0.7688888888888888,0.1450057067324713,0.5777777777777777,0.7990654205607477,0.9782608695652174,0.8796296296296297,45.0,Pulsatilla.alpina,0.3768431983385254,opth,4,False,mlp1,bce,msle
433,0.7515471892728209,0.05064537431366994,0.5714285714285714,0.7057761732851986,0.9961783439490446,0.8262017960908611,7.0,Pulsatilla.halleri,0.27720474471377,opth,4,False,mlp1,bce,msle
434,0.8509090909090908,0.05291396987308179,0.5333333333333333,0.86,0.9926547743966422,0.9215781782756941,15.0,Pulsatilla.vernalis,0.3933333333333333,opth,4,False,mlp1,bce,msle
435,0.4483378256963163,0.0024275419958873197,0.0,0.628032345013477,0.9971469329529244,0.7706725468577729,2.0,Ranunculus.aconitifolius,-0.37196765498652296,opth,4,False,mlp1,bce,msle
436,0.8312420720628064,0.4644143604934478,0.8359788359788359,0.652267818574514,0.9511811023622048,0.7738629083920564,189.0,Ranunculus.acris,0.4882466545533499,opth,4,False,mlp1,bce,msle
437,0.7945805414098097,0.3749099731524681,0.8926829268292683,0.6087912087912087,0.9618055555555556,0.7456258411843876,205.0,Ranunculus.bulbosus,0.501474135620477,opth,4,False,mlp1,bce,msle
438,0.8000898472596585,0.007095975232198143,0.5,0.8499550763701708,0.9989440337909187,0.9184466019417475,2.0,Ranunculus.glacialis,0.34995507637017065,opth,4,False,mlp1,bce,msle
439,0.5380222422602945,0.008054691268906863,0.3333333333333333,0.43552750225428316,0.9917864476386037,0.6052631578947368,6.0,Ranunculus.gramineus,-0.23113916441238347,opth,4,False,mlp1,bce,msle
440,0.83206419868791,0.17279692772585326,0.6666666666666666,0.8153701968134958,0.981941309255079,0.890937019969278,48.0,Ranunculus.kuepferi,0.4820368634801624,opth,4,False,mlp1,bce,msle
441,0.752559144676979,0.030309443725348363,0.5625,0.7807097361237488,0.991907514450867,0.8737270875763747,16.0,Ranunculus.montanus,0.34320973612374894,opth,4,False,mlp1,bce,msle
442,0.6805479452054795,0.050736805911382916,0.65,0.5707762557077626,0.9889240506329114,0.7237984944991315,20.0,Ranunculus.serpens,0.2207762557077626,opth,4,False,mlp1,bce,msle
443,0.8873047831528541,0.4399433404727218,0.7647058823529411,0.8075855689176689,0.9909194097616345,0.8899082568807339,34.0,Ranunculus.repens,0.5722914512706101,opth,4,False,mlp1,bce,msle
444,0.707027027027027,0.013233018005740877,0.2,0.8009009009009009,0.9955207166853304,0.8876684972541188,5.0,Reseda.lutea,0.0009009009009008917,opth,4,False,mlp1,bce,msle
445,0.8118868245759646,0.47487577948193077,0.8019323671497585,0.6288546255506607,0.9330065359477124,0.7513157894736842,207.0,Rhinanthus.alectorolophus,0.4307869927004191,opth,4,False,mlp1,bce,msle
446,0.7918541854185419,0.011798180742761344,0.75,0.603060306030603,0.9985096870342772,0.7519640852974186,4.0,Rhinanthus.glacialis,0.353060306030603,opth,4,False,mlp1,bce,msle
447,0.6329871794871795,0.08882257514012458,0.6933333333333334,0.49423076923076925,0.957169459962756,0.6518706404565631,75.0,Rhinanthus.minor,0.1875641025641026,opth,4,False,mlp1,bce,msle
448,0.7295618789521229,0.016834543088882187,0.5,0.8428184281842819,0.9957310565635006,0.9129158512720157,8.0,Rhododendron.ferrugineum,0.3428184281842819,opth,4,False,mlp1,bce,msle
449,0.8297331196432305,0.49220614606444346,0.8008849557522124,0.7277840269966255,0.934971098265896,0.8184693232131562,226.0,Rumex.acetosa,0.528668982748838,opth,4,False,mlp1,bce,msle
450,0.6115140525838622,0.01739635746848056,0.6666666666666666,0.49501359927470534,0.9927272727272727,0.6606170598911071,12.0,Rumex.acetosella,0.16168026594137208,opth,4,False,mlp1,bce,msle
451,0.8323777671603758,0.07966559396501378,0.9130434782608695,0.6282051282051282,0.997093023255814,0.7707865168539326,23.0,Rumex.crispus,0.5412486064659978,opth,4,False,mlp1,bce,msle
452,0.8469229853588858,0.16831366048950866,0.6774193548387096,0.7988929889298892,0.9885844748858448,0.8836734693877552,31.0,Rumex.obtusifolius,0.476312343768599,opth,4,False,mlp1,bce,msle
453,0.6969424460431655,0.005653808493542165,0.0,0.966726618705036,0.9972170686456401,0.9817351598173516,3.0,Rumex.scutatus,-0.033273381294964044,opth,4,False,mlp1,bce,msle
454,0.9388566516226091,0.4567141973822002,0.9259259259259259,0.8471953578336557,0.9931972789115646,0.9144050104384134,81.0,Salix.herbacea,0.7731212837595818,opth,4,False,mlp1,bce,msle
455,0.9178145087235996,0.3881724066402266,0.8846153846153846,0.7924701561065197,0.9965357967667436,0.8828644501278773,26.0,Salix.reticulata,0.6770855407219043,opth,4,False,mlp1,bce,msle
456,0.8606676749005769,0.15558581254744214,0.9090909090909091,0.7476894639556377,0.9963054187192119,0.8542766631467793,33.0,Salix.retusa,0.6567803730465469,opth,4,False,mlp1,bce,msle
457,0.8887501642791431,0.26784168648448237,0.75,0.8141674333026679,0.992152466367713,0.8943911066195048,28.0,Salix.serpyllifolia,0.5641674333026678,opth,4,False,mlp1,bce,msle
458,0.8407463110882862,0.523222051451641,0.9051383399209486,0.6531322505800464,0.959114139693356,0.777087646652864,253.0,Salvia.pratensis,0.558270590500995,opth,4,False,mlp1,bce,msle
459,0.7801380565280168,0.39661238558065415,0.8508771929824561,0.6009019165727171,0.9400352733686067,0.7331499312242091,228.0,Sanguisorba.minor,0.4517791095551731,opth,4,False,mlp1,bce,msle
460,0.7514495412844037,0.04705614129081511,0.56,0.7394495412844037,0.9865361077111383,0.8453067645516518,25.0,Sanguisorba.officinalis,0.2994495412844036,opth,4,False,mlp1,bce,msle
461,0.8646201650058931,0.14225110387843243,0.8235294117647058,0.7313296903460837,0.9962779156327544,0.8434873949579832,17.0,Saponaria.ocymoides,0.5548591021107896,opth,4,False,mlp1,bce,msle
462,0.765722322684348,0.017557771124002235,0.1111111111111111,0.8417721518987342,0.9914802981895634,0.9105134474327629,9.0,Saxifraga.aizoides,-0.04711673699015462,opth,4,False,mlp1,bce,msle
463,0.6519508448540707,0.043742831969199245,0.3,0.8073732718894009,0.9765886287625418,0.8839556004036327,30.0,Saxifraga.granulata,0.10737327188940093,opth,4,False,mlp1,bce,msle
464,0.8365559599636033,0.04500139057491695,0.8125,0.7452229299363057,0.9963503649635036,0.8526808953669963,16.0,Saxifraga.oppositifolia,0.5577229299363058,opth,4,False,mlp1,bce,msle
465,0.8212656069798928,0.11830325727996895,0.6486486486486487,0.7968460111317254,0.9850917431192661,0.8810256410256411,37.0,Saxifraga.paniculata,0.44549465978037395,opth,4,False,mlp1,bce,msle
466,0.5111211301472798,0.006870924293137178,0.3333333333333333,0.8007213706041478,0.9955156950672646,0.8875562218890555,6.0,Saxifraga.tridactylites,0.1340547039374811,opth,4,False,mlp1,bce,msle
467,0.7525499426640111,0.13928288052731375,0.6507936507936508,0.7309885931558935,0.9721871049304678,0.834508952794357,63.0,Scabiosa.columbaria,0.3817822439495444,opth,4,False,mlp1,bce,msle
468,0.7688467614533966,0.25459687548746107,0.7,0.7203791469194313,0.9768637532133676,0.82924168030551,60.0,Scabiosa.lucida,0.42037914691943135,opth,4,False,mlp1,bce,msle
469,0.7326732673267327,0.008849351230603927,0.75,0.6183618361836184,0.998546511627907,0.763757643135075,4.0,Scabiosa.triandra,0.3683618361836185,opth,4,False,mlp1,bce,msle
470,0.9738973897389739,0.3108097100032584,1.0,0.9081908190819082,1.0,0.9518867924528301,4.0,Scorzonera.humilis,0.9081908190819084,opth,4,False,mlp1,bce,msle
471,0.7542908762420958,0.017016181162686595,1.0,0.4706413730803975,1.0,0.64004914004914,8.0,Scorzonera.laciniata,0.47064137308039755,opth,4,False,mlp1,bce,msle
472,0.8212971481140755,0.07771826088099722,0.7857142857142857,0.7267709291628335,0.992462311557789,0.8390865639936272,28.0,Scutellaria.alpina,0.5124852148771191,opth,4,False,mlp1,bce,msle
473,0.7967798751770878,0.20723949203581513,0.5102040816326531,0.8836772983114447,0.9751552795031055,0.9271653543307087,49.0,Securigera.varia,0.3938813799440979,opth,4,False,mlp1,bce,msle
474,0.7417184265010353,0.04314677454001471,0.7391304347826086,0.7124542124542125,0.9923469387755102,0.8294243070362474,23.0,Sedum.acre,0.451584647236821,opth,4,False,mlp1,bce,msle
475,0.7530586334256695,0.10332971760526935,0.6875,0.7100646352723915,0.9871630295250321,0.8259935553168636,32.0,Sedum.album,0.3975646352723916,opth,4,False,mlp1,bce,msle
476,0.8721292331646555,0.0710755233056255,0.5714285714285714,0.8410535876475931,0.9935622317596566,0.9109690113133301,14.0,Sedum.atratum,0.4124821590761645,opth,4,False,mlp1,bce,msle
477,0.8220161922172892,0.07983415834358491,0.6666666666666666,0.8053016453382084,0.9921171171171171,0.8890010090817356,21.0,Sedum.montanum,0.471968312004875,opth,4,False,mlp1,bce,msle
478,0.585824493731919,0.04876058062109907,0.4117647058823529,0.6593806921675774,0.9863760217983651,0.7903930131004366,17.0,Sedum.rupestre,0.07114539804993036,opth,4,False,mlp1,bce,msle
479,0.6186063000101287,0.026570338348670442,0.5,0.5569735642661805,0.9854838709677419,0.7117064647641235,18.0,Sedum.sexangulare,0.05697356426618061,opth,4,False,mlp1,bce,msle
480,0.8754419800707167,0.2604980305303521,0.4117647058823529,0.9326047358834244,0.9903288201160542,0.9606003752345216,17.0,Selaginella.selaginoides,0.3443694417657772,opth,4,False,mlp1,bce,msle
481,0.8420902341519132,0.28787566771917805,0.6941176470588235,0.8213592233009709,0.9701834862385321,0.889589905362776,85.0,Sempervivum.arachnoideum,0.5154768703597945,opth,4,False,mlp1,bce,msle
482,0.8700045128616557,0.23896130470544308,0.6486486486486487,0.8320964749536178,0.9857142857142858,0.9024144869215291,37.0,Sempervivum.montanum,0.4807451236022664,opth,4,False,mlp1,bce,msle
483,0.8144090593543908,0.16922799094049434,0.6511627906976745,0.773320895522388,0.9822274881516587,0.8653444676409185,43.0,Sempervivum.tectorum,0.4244836862200625,opth,4,False,mlp1,bce,msle
484,0.8486231884057972,0.2962833516578065,0.7375,0.8057971014492754,0.9754385964912281,0.8825396825396825,80.0,Senecio.doronicum,0.5432971014492756,opth,4,False,mlp1,bce,msle
485,0.7980856882406564,0.04420878267198071,0.5,0.845943482224248,0.9903948772678762,0.9124877089478859,18.0,Senecio.erucifolius,0.345943482224248,opth,4,False,mlp1,bce,msle
486,0.8658986175115208,0.11488343836962953,0.8333333333333334,0.7797235023041474,0.9941245593419507,0.8739669421487604,30.0,Senecio.incanus,0.6130568356374808,opth,4,False,mlp1,bce,msle
487,0.7939814814814814,0.11210247880116316,0.8518518518518519,0.5707720588235294,0.9936,0.7250437828371279,27.0,Senecio.jacobaea,0.4226239106753813,opth,4,False,mlp1,bce,msle
488,0.7350226244343891,0.01904903211946641,0.6,0.7665158371040725,0.9952996474735605,0.8660531697341514,10.0,Serratula.tinctoria,0.36651583710407243,opth,4,False,mlp1,bce,msle
489,0.6861261261261261,0.019648695050494394,0.8,0.5612612612612613,0.9983974358974359,0.7185697808535179,5.0,Seseli.annuum,0.36126126126126135,opth,4,False,mlp1,bce,msle
490,0.8653516038989149,0.47083079188581,0.7372262773722628,0.7862985685071575,0.9552795031055901,0.8625911385305665,137.0,Sesleria.caerulea,0.5235248458794204,opth,4,False,mlp1,bce,msle
491,0.7583561643835617,0.041336301617380444,0.8,0.6191780821917808,0.9941348973607038,0.7630838491840181,20.0,Sherardia.arvensis,0.419178082191781,opth,4,False,mlp1,bce,msle
492,0.8447058823529412,0.0946599462663026,0.9,0.5493212669683258,0.9983552631578947,0.7086981903093987,10.0,Sideritis.hyssopifolia,0.44932126696832597,opth,4,False,mlp1,bce,msle
493,0.9234265200122211,0.20746524912480385,0.9583333333333334,0.7406049495875344,0.9987639060568603,0.8505263157894737,24.0,Silaum.silaus,0.6989382829208677,opth,4,False,mlp1,bce,msle
494,0.8806174957118353,0.264706195421828,0.8363636363636363,0.7924528301886793,0.9893992932862191,0.8800419067574646,55.0,Silene.acaulis,0.6288164665523155,opth,4,False,mlp1,bce,msle
495,0.7304242424242424,0.08477940112133905,0.5333333333333333,0.7618181818181818,0.991715976331361,0.8616966580976864,15.0,Silene.dioica,0.29515151515151516,opth,4,False,mlp1,bce,msle
496,0.9207987711213518,0.35445418927551836,0.7333333333333333,0.8737327188940092,0.9916317991631799,0.9289563939245468,30.0,Silene.flos.cuculi,0.6070660522273426,opth,4,False,mlp1,bce,msle
497,0.6666666666666667,0.00846640102400112,1.0,0.3045045045045045,1.0,0.46685082872928174,5.0,Silene.flos.jovis,0.3045045045045045,opth,4,False,mlp1,bce,msle
498,0.8035573033199992,0.2436252112249472,0.6627906976744186,0.7657920310981535,0.9645042839657283,0.8537378114842904,86.0,Silene.nutans,0.4285827287725721,opth,4,False,mlp1,bce,msle
499,0.8521212121212122,0.1686886866077124,0.7333333333333333,0.7363636363636363,0.995085995085995,0.8463949843260188,15.0,Silene.otites,0.4696969696969697,opth,4,False,mlp1,bce,msle
500,0.8886138613861386,0.06581670074679943,0.75,0.8073807380738074,0.9988864142538976,0.8929815828770533,4.0,Silene.rupestris,0.5573807380738074,opth,4,False,mlp1,bce,msle
501,0.7541849230423547,0.3137562489281724,0.8253968253968254,0.5217391304347826,0.9591078066914498,0.6758349705304518,126.0,Silene.vulgaris,0.34713595583160783,opth,4,False,mlp1,bce,msle
502,0.5646900269541779,0.00328612618724559,0.0,0.889487870619946,0.9979838709677419,0.9406175771971497,2.0,Sinapis.arvensis,-0.11051212938005395,opth,4,False,mlp1,bce,msle
503,0.870918234835785,0.2771113352400043,0.7804878048780488,0.7618586640851888,0.977639751552795,0.8563656147986942,82.0,Soldanella.alpina,0.5423464689632376,opth,4,False,mlp1,bce,msle
504,0.7459459459459459,0.02270018731574766,0.2,0.9063063063063063,0.996039603960396,0.9490566037735849,5.0,Solidago.gigantea,0.10630630630630633,opth,4,False,mlp1,bce,msle
505,0.7200748672412292,0.10239057828877018,0.47619047619047616,0.7979890310786106,0.9875565610859729,0.8827098078867543,21.0,Solidago.virgaurea,0.2741795072690869,opth,4,False,mlp1,bce,msle
506,0.6830750531753267,0.03416189274373273,0.7777777777777778,0.5496809480401094,0.9934102141680395,0.7077464788732394,18.0,Stachys.officinalis,0.32745872581788715,opth,4,False,mlp1,bce,msle
507,0.797471738466239,0.16872521754660927,0.7916666666666666,0.7332722273143905,0.9937888198757764,0.8438818565400844,24.0,Stachys.pradica,0.5249388939810571,opth,4,False,mlp1,bce,msle
508,0.7603161474129216,0.15541544135535884,0.7419354838709677,0.6609686609686609,0.9775280898876404,0.7886685552407932,62.0,Stachys.recta,0.40290414483962866,opth,4,False,mlp1,bce,msle
509,0.7727496159754225,0.09503511986671295,0.5666666666666667,0.7695852534562212,0.9846698113207547,0.8639420589756854,30.0,Stellaria.graminea,0.33625192012288796,opth,4,False,mlp1,bce,msle
510,0.6792565947242205,0.025049649961223247,0.6666666666666666,0.427158273381295,0.9978991596638656,0.5982367758186398,3.0,Stipa.capillata,0.0938249400479616,opth,4,False,mlp1,bce,msle
511,0.8196373617233635,0.20113262820212063,0.5909090909090909,0.8627630375114365,0.990546218487395,0.9222493887530563,22.0,Stipa.eriocaulis,0.4536721284205274,opth,4,False,mlp1,bce,msle
512,0.7596803652968036,0.04702141150838354,0.6,0.7223744292237443,0.9899874843554443,0.8352692713833157,20.0,Succisa.pratensis,0.32237442922374426,opth,4,False,mlp1,bce,msle
513,0.7113309352517986,0.3367786621085056,0.3333333333333333,0.7571942446043165,0.9976303317535545,0.8609406952965235,3.0,Symphytum.officinale,0.09052757793764976,opth,4,False,mlp1,bce,msle
514,0.8451344332416744,0.09443511999895013,0.5833333333333334,0.8881759853345554,0.9897854954034729,0.936231884057971,24.0,Taraxacum.alpinum,0.4715093186678887,opth,4,False,mlp1,bce,msle
515,0.8003992015968064,0.36519078011610817,0.844311377245509,0.6075949367088608,0.9568106312292359,0.743225806451613,167.0,Taraxacum.officinale,0.45190631395436975,opth,4,False,mlp1,bce,msle
516,0.7673267326732673,0.013225547888544072,0.75,0.801980198019802,0.9988789237668162,0.8896655017473789,4.0,Tephroseris.integrifolia,0.551980198019802,opth,4,False,mlp1,bce,msle
517,0.7572972972972973,0.015668255303519698,0.8,0.46396396396396394,0.998062015503876,0.6334563345633456,5.0,Teucrium.botrys,0.26396396396396393,opth,4,False,mlp1,bce,msle
518,0.8362675424428412,0.35373235969068106,0.7207207207207207,0.7878486055776892,0.962287104622871,0.8663745892661555,111.0,Teucrium.chamaedrys,0.5085693262984099,opth,4,False,mlp1,bce,msle
519,0.7800026032627561,0.1342197546853048,0.6046511627906976,0.792910447761194,0.9803921568627451,0.8767405879319237,43.0,Teucrium.montanum,0.39756161055189176,opth,4,False,mlp1,bce,msle
520,0.5420319752449716,0.007461825482488341,0.14285714285714285,0.7978339350180506,0.9932584269662922,0.8848848848848849,7.0,Thalictrum.alpinum,-0.05930892212480665,opth,4,False,mlp1,bce,msle
521,0.4850450450450451,0.005329299656082961,0.2,0.6549549549549549,0.9945280437756497,0.7897881586094514,5.0,Thalictrum.aquilegiifolium,-0.14504504504504512,opth,4,False,mlp1,bce,msle
522,0.7809090909090909,0.035412237722140194,0.4,0.8345454545454546,0.9902912621359223,0.9057720769610261,15.0,Thalictrum.minus,0.2345454545454546,opth,4,False,mlp1,bce,msle
523,0.6316262353998203,0.0035651241961921574,0.5,0.5444743935309974,0.9983525535420099,0.7046511627906977,2.0,Thalictrum.simplex,0.04447439353099725,opth,4,False,mlp1,bce,msle
524,0.8165113039751419,0.09419098666946052,0.6470588235294118,0.7887067395264117,0.9931192660550459,0.8791878172588833,17.0,Thesium.alpinum,0.4357655630558235,opth,4,False,mlp1,bce,msle
525,0.7392716832880024,0.03406091507623066,0.5833333333333334,0.699909338168631,0.9935649935649936,0.8212765957446808,12.0,Thesium.linophyllon,0.28324267150196425,opth,4,False,mlp1,bce,msle
526,0.7502250225022502,0.008554263433942753,1.0,0.5616561656165616,1.0,0.7193083573487031,4.0,Thesium.pyrenaicum,0.5616561656165615,opth,4,False,mlp1,bce,msle
527,0.26774483378256964,0.0017871271854121543,0.0,0.7529200359389039,0.9976190476190476,0.8581669226830517,2.0,Tofieldia.calyculata,-0.2470799640610961,opth,4,False,mlp1,bce,msle
528,0.8200757575757576,0.050333220457078144,0.9090909090909091,0.47192028985507245,0.9980842911877394,0.6408364083640836,11.0,Tragopogon.dubius,0.38101119894598146,opth,4,False,mlp1,bce,msle
529,0.8037686341224302,0.451239300463404,0.8059071729957806,0.6685649202733486,0.9273301737756714,0.7769688947716744,237.0,Tragopogon.pratensis,0.4744720932691293,opth,4,False,mlp1,bce,msle
530,0.8442127530976126,0.10447977800607515,0.8333333333333334,0.6128739800543971,0.9970501474926253,0.7591240875912408,12.0,Traunsteinera.globosa,0.44620731338773045,opth,4,False,mlp1,bce,msle
531,0.8629946215904726,0.11923702855904347,0.631578947368421,0.8266423357664233,0.9923329682365827,0.9019412643106023,19.0,Trifolium.alpestre,0.45822128313484445,opth,4,False,mlp1,bce,msle
532,0.8266028708133971,0.1814947290110243,0.6,0.8325358851674641,0.9688195991091314,0.8955223880597015,70.0,Trifolium.alpinum,0.4325358851674641,opth,4,False,mlp1,bce,msle
533,0.6895306859205776,0.031105270234183538,0.7142857142857143,0.6832129963898917,0.997364953886693,0.8109266202463846,7.0,Trifolium.arvense,0.39749871067560605,opth,4,False,mlp1,bce,msle
534,0.7814595152140279,0.018393191819341195,0.8571428571428571,0.5911552346570397,0.9984756097560976,0.7426303854875284,7.0,Trifolium.aureum,0.4482980917998969,opth,4,False,mlp1,bce,msle
535,0.7613406489871698,0.1436271220893779,0.6376811594202898,0.7648183556405354,0.9696969696969697,0.8551576696953501,69.0,Trifolium.badium,0.40249951506082526,opth,4,False,mlp1,bce,msle
536,0.7646394105815084,0.19618075540167407,0.6511627906976745,0.6967930029154519,0.9598393574297188,0.8074324324324325,86.0,Trifolium.campestre,0.34795579361312634,opth,4,False,mlp1,bce,msle
537,0.8285520758626185,0.15830008187850045,0.7659574468085106,0.7602996254681648,0.9866342648845686,0.8588048651507139,47.0,Trifolium.dubium,0.5262570722766755,opth,4,False,mlp1,bce,msle
538,0.65722322684348,0.019862162538893325,0.4444444444444444,0.6139240506329114,0.9926900584795322,0.758659217877095,9.0,Trifolium.medium,0.05836849507735575,opth,4,False,mlp1,bce,msle
539,0.7931347643066652,0.42906833596773514,0.5895953757225434,0.8057324840764332,0.9144578313253012,0.8566591422121896,173.0,Trifolium.montanum,0.39532785979897644,opth,4,False,mlp1,bce,msle
540,0.6798808432630614,0.045620226826896246,0.7083333333333334,0.5261228230980751,0.9879518072289156,0.6866028708133971,24.0,Trifolium.ochroleucon,0.2344561564314085,opth,4,False,mlp1,bce,msle
541,0.7172390243902439,0.6350820042455377,0.756,0.5626016260162602,0.7393162393162394,0.6389658356417359,500.0,Trifolium.pratense,0.3186016260162603,opth,4,False,mlp1,bce,msle
542,0.7353735373537353,0.338453097894953,0.8514851485148515,0.5071193866374589,0.9391480730223124,0.6586059743954481,202.0,Trifolium.repens,0.3586045351523104,opth,4,False,mlp1,bce,msle
543,0.5401801801801802,0.005788578385979214,0.8,0.3837837837837838,0.9976580796252927,0.5543266102797658,5.0,Trifolium.rubens,0.1837837837837839,opth,4,False,mlp1,bce,msle
544,0.8009883198562443,0.006783480500367917,0.5,0.8077268643306379,0.9988888888888889,0.8931942374565326,2.0,Trifolium.scabrum,0.3077268643306379,opth,4,False,mlp1,bce,msle
545,0.5771015987622485,0.010011415502052857,0.2857142857142857,0.631768953068592,0.9929078014184397,0.7722007722007722,7.0,Trifolium.striatum,-0.08251676121712226,opth,4,False,mlp1,bce,msle
546,0.8682212431069359,0.2643141478788276,0.7101449275362319,0.8384321223709369,0.9777034559643255,0.9027277406073083,69.0,Trifolium.thalii,0.5485770499071689,opth,4,False,mlp1,bce,msle
547,0.8326491716757074,0.16958309313341383,0.5263157894736842,0.8644382544103992,0.9810326659641728,0.9190523198420533,38.0,Trinia.glauca,0.3907540438840833,opth,4,False,mlp1,bce,msle
548,0.8149819494584838,0.020456662812934425,1.0,0.6678700361010831,1.0,0.8008658008658008,7.0,Trisetum.distichophyllum,0.6678700361010832,opth,4,False,mlp1,bce,msle
549,0.7740782159386811,0.5477784139970892,0.7043189368770764,0.699017199017199,0.8647416413373861,0.7730978260869565,301.0,Trisetum.flavescens,0.4033361358942753,opth,4,False,mlp1,bce,msle
550,0.73837252429345,0.18430817480305267,0.7051282051282052,0.6422372227579557,0.9666182873730044,0.7717265353418308,78.0,Trollius.europaeus,0.34736542788616087,opth,4,False,mlp1,bce,msle
551,0.7079207920792079,0.01202404074247072,0.5,0.6417641764176417,0.9972027972027973,0.7809419496166484,4.0,Turritis.glabra,0.1417641764176416,opth,4,False,mlp1,bce,msle
552,0.6673631201114325,0.038186076782587106,0.35294117647058826,0.8123861566484517,0.9878183831672204,0.8915542228885557,17.0,Tussilago.farfara,0.1653273331190399,opth,4,False,mlp1,bce,msle
553,0.6738248847926267,0.06983813138783607,0.26666666666666666,0.8912442396313364,0.9777553083923155,0.9324975891996142,30.0,Urtica.dioica,0.15791090629800308,opth,4,False,mlp1,bce,msle
554,0.5948509485094851,0.01433391457064424,0.125,0.7940379403794038,0.9920993227990971,0.8820873055694932,8.0,Valeriana.dioica,-0.08096205962059622,opth,4,False,mlp1,bce,msle
555,0.905940594059406,0.05270884495383,1.0,0.765976597659766,1.0,0.8674821610601428,4.0,Valeriana.montana,0.7659765976597659,opth,4,False,mlp1,bce,msle
556,0.7134423251589465,0.02616107222320322,0.35714285714285715,0.7874659400544959,0.9897260273972602,0.8770864946889226,14.0,Valeriana.officinalis,0.1446087971973531,opth,4,False,mlp1,bce,msle
557,0.6381638163816381,0.005895464438679708,1.0,0.40504050405040504,1.0,0.5765534913516976,4.0,Valerianella.dentata,0.40504050405040504,opth,4,False,mlp1,bce,msle
558,0.7482879439401179,0.044327533703944655,0.6086956521739131,0.706959706959707,0.9884763124199744,0.8243459690336359,23.0,Valerianella.locusta,0.3156553591336202,opth,4,False,mlp1,bce,msle
559,0.635825234293648,0.16024905831329764,0.4418604651162791,0.753731343283582,0.9711538461538461,0.8487394957983193,43.0,Veratrum.album,0.19559180839986112,opth,4,False,mlp1,bce,msle
560,0.7925838794600347,0.12893419987312818,0.8484848484848485,0.609981515711645,0.9924812030075187,0.7555809959931311,33.0,Verbascum.lychnitis,0.45846636419649345,opth,4,False,mlp1,bce,msle
561,0.5464628297362111,0.0037941485214439932,0.0,0.8174460431654677,0.9967105263157895,0.8982213438735178,3.0,Verbascum.nigrum,-0.18255395683453235,opth,4,False,mlp1,bce,msle
562,0.6897885507993812,0.01190867251889545,0.7142857142857143,0.6750902527075813,0.9973333333333333,0.8051668460710442,7.0,Verbascum.thapsus,0.38937596699329546,opth,4,False,mlp1,bce,msle
563,0.7884162895927602,0.022735003803955264,1.0,0.6126696832579186,1.0,0.7598204264870931,10.0,Verbena.officinalis,0.6126696832579186,opth,4,False,mlp1,bce,msle
564,0.869683257918552,0.0533111348243389,0.9,0.7547511312217194,0.9988023952095808,0.8597938144329897,10.0,Veronica.aphylla,0.6547511312217194,opth,4,False,mlp1,bce,msle
565,0.7667069892473118,0.31155682523019435,0.8709677419354839,0.5635416666666667,0.964349376114082,0.7113740959894806,155.0,Veronica.arvensis,0.4345094086021506,opth,4,False,mlp1,bce,msle
566,0.8360581289736603,0.05248043040165575,0.5,0.8555858310626703,0.9926238145416227,0.9190243902439025,14.0,Veronica.bellidioides,0.3555858310626703,opth,4,False,mlp1,bce,msle
567,0.7717529626978447,0.21529165604698264,0.8686868686868687,0.5393700787401575,0.9768270944741533,0.6949904882688649,99.0,Veronica.chamaedrys,0.40805694742702636,opth,4,False,mlp1,bce,msle
568,0.8169063241658523,0.0436769019197031,0.8461538461538461,0.677858439201452,0.9973297730307076,0.807131280388979,13.0,Veronica.fruticans,0.524012285355298,opth,4,False,mlp1,bce,msle
569,0.7502246181491464,0.007687751717602464,0.5,0.6361185983827493,0.998589562764457,0.7771679473106476,2.0,Veronica.fruticulosa,0.1361185983827493,opth,4,False,mlp1,bce,msle
570,0.7733333333333333,0.020213413880047604,0.6,0.7441441441441441,0.9975845410628019,0.8524251805985552,5.0,Veronica.officinalis,0.3441441441441442,opth,4,False,mlp1,bce,msle
571,0.8072416442566269,0.04858185034358016,0.9473684210526315,0.6231751824817519,0.9985380116959064,0.7674157303370787,19.0,Veronica.persica,0.5705436035343834,opth,4,False,mlp1,bce,msle
572,0.5308484848484848,0.01606942607141165,0.6666666666666666,0.35454545454545455,0.9873417721518988,0.5217391304347826,15.0,Veronica.serpyllifolia,0.021212121212121238,opth,4,False,mlp1,bce,msle
573,0.7435634540897699,0.2038634833969147,0.7543859649122807,0.6013986013986014,0.9555555555555556,0.7381974248927039,114.0,Vicia.cracca,0.35578456631088207,opth,4,False,mlp1,bce,msle
574,0.8795302400738689,0.2028181279828275,0.625,0.8716528162511542,0.9874476987447699,0.9259440902403139,32.0,Vicia.hirsuta,0.4966528162511543,opth,4,False,mlp1,bce,msle
575,0.831844199357811,0.041885888441471016,0.46153846153846156,0.8784029038112523,0.9928205128205129,0.9321136254212807,13.0,Vicia.onobrychioides,0.33994136534971386,opth,4,False,mlp1,bce,msle
576,0.791861251316886,0.32566904630476806,0.37209302325581395,0.8813387423935092,0.9147368421052632,0.8977272727272727,129.0,Vicia.sativa,0.253431765649323,opth,4,False,mlp1,bce,msle
577,0.6871800976074277,0.04439505391664418,0.3225806451612903,0.8044280442804428,0.9764837625979843,0.8821446636317652,31.0,Vicia.sepium,0.12700868944173305,opth,4,False,mlp1,bce,msle
578,0.9703770197486535,0.029411764705882353,1.0,0.7163375224416517,1.0,0.8347280334728033,1.0,Vicia.tetrasperma,0.7163375224416517,opth,4,False,mlp1,bce,msle
579,0.6860646165823278,0.04013572073924187,0.5,0.7320617620345141,0.991389913899139,0.8422152560083594,14.0,Vincetoxicum.hirundinaria,0.232061762034514,opth,4,False,mlp1,bce,msle
580,0.6181900452488688,0.012371970223778929,1.0,0.34570135746606334,1.0,0.5137861466039004,10.0,Viola.arvensis,0.34570135746606345,opth,4,False,mlp1,bce,msle
581,0.726147614761476,0.036785328196222024,0.25,0.8523852385238524,0.9968421052631579,0.9189713731198448,4.0,Viola.biflora,0.1023852385238524,opth,4,False,mlp1,bce,msle
582,0.8628974420272532,0.1993847342200754,0.6808510638297872,0.8651685393258427,0.9840255591054313,0.9207772795216741,47.0,Viola.calcarata,0.5460196031556299,opth,4,False,mlp1,bce,msle
583,0.7165991902834008,0.0356079514673095,0.5384615384615384,0.7441016333938294,0.9927360774818402,0.8506224066390041,13.0,Viola.hirta,0.28256317185536783,opth,4,False,mlp1,bce,msle
584,0.39718225419664266,0.00293198038230515,0.6666666666666666,0.36960431654676257,0.9975728155339806,0.5393700787401575,3.0,Viola.rupestris,0.03627098321342914,opth,4,False,mlp1,bce,msle
585,0.8887889688249401,0.02759844865108023,1.0,0.3965827338129496,1.0,0.5679330328396651,3.0,Vulpia.myuros,0.3965827338129495,opth,4,False,mlp1,bce,msle
586,0.18671454219030525,0.0011025358324145535,0.0,0.49281867145421904,0.9981818181818182,0.6598557692307693,1.0,Athamanta.cretensis,-0.5071813285457809,opth,4,False,mlp1,bce,msle
587,0.7501289324394017,0.014638101051680952,0.2857142857142857,0.8537906137184116,0.9947423764458465,0.9188926663428849,7.0,Bupleurum.baldense,0.13950489943269728,opth,4,False,mlp1,bce,msle
588,0.5482018736778482,0.05436365610047166,0.4166666666666667,0.7524932003626473,0.991636798088411,0.8556701030927835,12.0,Imperatoria.ostruthium,0.16915986702931396,opth,4,False,mlp1,bce,msle
589,0.737511353315168,0.032523770961511225,0.7142857142857143,0.5740236148955495,0.9937106918238994,0.7276914219919401,14.0,Laserpitium.gallicum,0.28830932918126395,opth,4,False,mlp1,bce,msle
590,0.7980251346499102,0.004424778761061947,0.0,0.7989228007181328,0.9988776655443322,0.8877805486284289,1.0,Oenanthe.silaifolia,-0.20107719928186718,opth,4,False,mlp1,bce,msle
591,0.9176470588235295,0.08005602370557308,0.8,0.8144796380090498,0.9977827050997783,0.8968609865470852,10.0,Seseli.galloprovinciale,0.6144796380090498,opth,4,False,mlp1,bce,msle
592,0.6212938005390836,0.0036386647682328747,0.0,0.8787061994609164,0.9979591836734694,0.9345437171524128,2.0,Torilis.leptophylla,-0.12129380053908356,opth,4,False,mlp1,bce,msle
593,0.981115107913669,0.11847507331378299,1.0,0.9451438848920863,1.0,0.9717984281091078,3.0,Achillea.ptarmica,0.9451438848920863,opth,4,False,mlp1,bce,msle
594,0.8747747747747747,0.055793006925082406,0.4,0.872072072072072,0.9969104016477858,0.9303219605958674,5.0,Artemisia.alba,0.27207207207207196,opth,4,False,mlp1,bce,msle
595,0.7018334836188759,0.01191602035006869,0.6666666666666666,0.7385031559963932,0.997563946406821,0.8487046632124352,6.0,Bombycilaena.erecta,0.4051698226630598,opth,4,False,mlp1,bce,msle
596,0.580335731414868,0.005479314478916934,0.6666666666666666,0.2778776978417266,0.9967741935483871,0.4345991561181435,3.0,Cacalia.alliariae,-0.0554556354916067,opth,4,False,mlp1,bce,msle
597,0.7189189189189189,0.015468903406575675,0.6,0.5801801801801801,0.9969040247678018,0.7334851936218679,5.0,Cacalia.alpina,0.18018018018018012,opth,4,False,mlp1,bce,msle
598,0.5082882882882884,0.005209295547444471,0.4,0.5522522522522523,0.9951298701298701,0.7103128621089224,5.0,Carduus.nigrescens,-0.047747747747747704,opth,4,False,mlp1,bce,msle
599,0.8034929818922104,0.12010568732995751,0.7058823529411765,0.7577413479052824,0.994026284348865,0.8599483204134367,17.0,Catananche.caerulea,0.46362370084645876,opth,4,False,mlp1,bce,msle
600,0.6940271493212669,0.027835116803072157,0.6,0.5285067873303168,0.9931972789115646,0.689899586532782,10.0,Centaurea.alpestris,0.12850678733031673,opth,4,False,mlp1,bce,msle
601,0.7497156505914467,0.030329162567672416,0.25,0.8698817106460418,0.987603305785124,0.9250120948234156,16.0,Centaurea.paniculata,0.11988171064604192,opth,4,False,mlp1,bce,msle
602,0.7607283167119975,0.03256444719485438,0.9166666666666666,0.5421577515865821,0.998330550918197,0.7027027027027027,12.0,Centaurea.triumfetti,0.4588244182532488,opth,4,False,mlp1,bce,msle
603,0.8258516201554177,0.26641959307018587,0.7341772151898734,0.7722007722007722,0.97442143727162,0.8616047388260636,79.0,Centaurea.uniflora,0.5063779873906458,opth,4,False,mlp1,bce,msle
604,0.5473873873873873,0.005618736489534945,0.4,0.6468468468468469,0.9958391123439667,0.7842708902239214,5.0,Cirsium.ferox,0.04684684684684681,opth,4,False,mlp1,bce,msle
605,0.8137985546522132,0.0609973881004046,0.75,0.6738934056007226,0.9973262032085561,0.8043126684636118,8.0,Cirsium.morisianum,0.42389340560072264,opth,4,False,mlp1,bce,msle
606,0.8765765765765765,0.02561534050360683,1.0,0.5558558558558558,1.0,0.7145338737695426,5.0,Cirsium.rivulare,0.5558558558558557,opth,4,False,mlp1,bce,msle
607,0.6580381471389646,0.021213283504788606,0.7857142857142857,0.55858310626703,0.9951456310679612,0.7155322862129145,14.0,Crepis.albida,0.3442973919813157,opth,4,False,mlp1,bce,msle
608,0.7052919708029197,0.034214035849605015,0.631578947368421,0.7052919708029197,0.9910256410256411,0.82409381663113,19.0,Crepis.nicaeensis,0.33687091817134074,opth,4,False,mlp1,bce,msle
609,0.7070934776074542,0.011807879736670626,0.5,0.8007213706041478,0.9966329966329966,0.888,6.0,Doronicum.grandiflorum,0.30072137060414783,opth,4,False,mlp1,bce,msle
610,0.7438101975295206,0.05956939990560785,0.6176470588235294,0.6725254394079556,0.9824324324324324,0.7984623833058759,34.0,Echinops.ritro,0.29017249823148505,opth,4,False,mlp1,bce,msle
611,0.7581981981981982,0.03232831684265956,0.6,0.7522522522522522,0.997610513739546,0.8577298407806883,5.0,Erigeron.atticus,0.3522522522522522,opth,4,False,mlp1,bce,msle
612,0.6567745803357314,0.0410320789897449,0.6666666666666666,0.6717625899280576,0.9986631016042781,0.8032258064516129,3.0,Filago.vulgaris,0.3384292565947242,opth,4,False,mlp1,bce,msle
613,0.5409009009009009,0.007984402652367592,0.2,0.8585585585585586,0.9958202716823407,0.9221093372036768,5.0,Helichrysum.stoechas,0.05855855855855863,opth,4,False,mlp1,bce,msle
614,0.9109712230215827,0.02157137003027414,0.6666666666666666,0.8552158273381295,0.9989495798319328,0.9215116279069767,3.0,Hieracium.glanduliferum,0.5218824940047961,opth,4,False,mlp1,bce,msle
615,0.7615845192641444,0.1135128505846479,0.6511627906976745,0.7388059701492538,0.9814126394052045,0.8430015965939329,43.0,Pilosella.peleteriana,0.3899687608469282,opth,4,False,mlp1,bce,msle
616,0.7423043505244213,0.22202958462082273,0.5648854961832062,0.7439024390243902,0.9277566539923955,0.8257191201353637,131.0,Pilosella.officinarum,0.3087879352075964,opth,4,False,mlp1,bce,msle
617,0.8441715580269796,0.20478004906920896,0.6388888888888888,0.8554216867469879,0.9861111111111112,0.9161290322580645,36.0,Hieracium.rionii,0.49431057563587677,opth,4,False,mlp1,bce,msle
618,0.8612208747785802,0.19932241254633945,0.5609756097560976,0.8873370577281192,0.9814624098867147,0.9320293398533007,41.0,Pilosella.corymbuloides,0.44831266748421683,opth,4,False,mlp1,bce,msle
619,0.8542081447963801,0.04818087141842358,0.5,0.8877828054298642,0.9949290060851927,0.9383070301291249,10.0,Inula.montana,0.3877828054298642,opth,4,False,mlp1,bce,msle
620,0.8841879144484917,0.4015933325390709,0.7228915662650602,0.8614341085271318,0.9747807017543859,0.9146090534979424,83.0,Leontodon.pyrenaicus,0.5843256747921921,opth,4,False,mlp1,bce,msle
621,0.8418899273104881,0.21076444554636428,0.7777777777777778,0.7588785046728972,0.9878345498783455,0.8583509513742071,45.0,Leucanthemum.adustum,0.5366562824506751,opth,4,False,mlp1,bce,msle
622,0.8535746606334841,0.08090972037214722,0.6,0.8416289592760181,0.9957173447537473,0.912211868563021,10.0,Leucanthemum.atratum,0.4416289592760181,opth,4,False,mlp1,bce,msle
623,0.9301971830985916,0.30653990269967296,0.62,0.9154929577464789,0.9808853118712274,0.9470616804273919,50.0,Omalotheca.supina,0.5354929577464789,opth,4,False,mlp1,bce,msle
624,0.8256963162623541,0.02651222651222651,1.0,0.47349505840071876,1.0,0.6426829268292683,2.0,Omalotheca.sylvatica,0.4734950584007187,opth,4,False,mlp1,bce,msle
625,0.9130695443645083,0.02508964458685444,0.6666666666666666,0.8920863309352518,0.998992950654582,0.9425178147268408,3.0,Pulicaria.dysenterica,0.5587529976019185,opth,4,False,mlp1,bce,msle
626,0.8054054054054054,0.01836124967882901,0.8,0.5945945945945946,0.9984871406959153,0.7453416149068323,5.0,Scorzonera.hispanica,0.39459459459459456,opth,4,False,mlp1,bce,msle
627,0.8854447439353099,0.022204968944099377,0.5,0.8517520215633423,0.9989462592202318,0.9194956353055286,2.0,Senecio.aquaticus,0.3517520215633423,opth,4,False,mlp1,bce,msle
628,0.6306954436450839,0.004924732323589542,0.0,0.8911870503597122,0.9969818913480886,0.9411206077872745,3.0,Senecio.vulgaris,-0.10881294964028776,opth,4,False,mlp1,bce,msle
629,0.8815492321589882,0.20022475223893493,0.875,0.7967479674796748,0.9988674971687429,0.8864321608040201,8.0,Serratula.lycopifolia,0.6717479674796749,opth,4,False,mlp1,bce,msle
630,0.6801437556154537,0.0040786088768764855,0.5,0.6522911051212938,0.9986244841815681,0.7891304347826087,2.0,Serratula.nudicaulis,0.15229110512129385,opth,4,False,mlp1,bce,msle
631,0.8303085299455536,0.05409668994462558,0.6923076923076923,0.7858439201451906,0.9954022988505747,0.8782961460446247,13.0,Sonchus.asper,0.47815161245288285,opth,4,False,mlp1,bce,msle
632,0.7299082568807339,0.092992198285961,0.56,0.7706422018348624,0.9870740305522914,0.865533230293663,25.0,Taraxacum.erythrospermum,0.3306422018348625,opth,4,False,mlp1,bce,msle
633,0.4739159891598915,0.008104330089486095,0.375,0.5600722673893406,0.992,0.7159353348729792,8.0,Taraxacum.palustre,-0.06492773261065943,opth,4,False,mlp1,bce,msle
634,0.7127601809954751,0.02030183156030773,0.6,0.7294117647058823,0.9950617283950617,0.8417754569190601,10.0,Tolpis.staticifolia,0.3294117647058823,opth,4,False,mlp1,bce,msle
635,0.7574123989218329,0.005371632128014475,0.5,0.7583108715184187,0.9988165680473373,0.8621041879468846,2.0,Tragopogon.crocifolius,0.2583108715184186,opth,4,False,mlp1,bce,msle
636,0.8199651738586277,0.1257410176713098,0.8529411764705882,0.667900092506938,0.9931224209078404,0.7986725663716814,34.0,Cerinthe.minor,0.5208412689775264,opth,4,False,mlp1,bce,msle
637,0.797029702970297,0.012578781512605042,0.75,0.7110711071107111,0.9987357774968394,0.8307045215562566,4.0,Cynoglossum.officinale,0.461071107110711,opth,4,False,mlp1,bce,msle
638,0.31536388140161725,0.0019592032802072433,0.0,0.4195867026055705,0.9957356076759062,0.5903919089759798,2.0,Lithospermum.arvense,-0.5804132973944295,opth,4,False,mlp1,bce,msle
639,0.7569169960474309,0.029556325191351745,0.7272727272727273,0.5797101449275363,0.995334370139969,0.7326846021751574,11.0,Myosotis.decumbens,0.30698287220026366,opth,4,False,mlp1,bce,msle
640,0.8548241659152389,0.020741154504646926,1.0,0.7592425608656447,1.0,0.8631471040492056,6.0,Myosotis.discolor,0.7592425608656446,opth,4,False,mlp1,bce,msle
641,0.8887313047962867,0.10147627216003559,1.0,0.6299638989169675,1.0,0.7729789590254706,7.0,Pulmonaria.angustifolia,0.6299638989169676,opth,4,False,mlp1,bce,msle
642,0.5017969451931716,0.0026627899815565735,0.0,0.564240790655885,0.9968253968253968,0.7205966724039014,2.0,Alyssum.alpestre,-0.43575920934411505,opth,4,False,mlp1,bce,msle
643,0.693011861784425,0.01351987674650028,0.2857142857142857,0.796028880866426,0.9943630214205186,0.8842105263157894,7.0,Alyssum.montanum,0.08174316658071179,opth,4,False,mlp1,bce,msle
644,0.6615798922800717,0.0026455026455026454,1.0,0.6310592459605027,1.0,0.7738029719317556,1.0,Arabis.alpina,0.6310592459605027,opth,4,False,mlp1,bce,msle
645,0.8942753996905622,0.03811113041792129,0.5714285714285714,0.8619133574007221,0.9968684759916493,0.9244917715392061,7.0,Arabis.auriculata,0.43334192882929345,opth,4,False,mlp1,bce,msle
646,0.8250386797318205,0.019635318609421318,0.42857142857142855,0.8267148014440433,0.9956521739130435,0.903353057199211,7.0,Cardamine.bellidifolia,0.2552862300154719,opth,4,False,mlp1,bce,msle
647,0.8653939393939394,0.05677254416060215,0.5333333333333333,0.8936363636363637,0.9929292929292929,0.9406698564593301,15.0,Cardamine.resedifolia,0.426969696969697,opth,4,False,mlp1,bce,msle
648,0.7434743474347435,0.015545288069810868,0.75,0.43114311431143115,0.9979166666666667,0.6021370207416719,4.0,Iberis.pinnata,0.18114311431143104,opth,4,False,mlp1,bce,msle
649,0.6644701596485589,0.08484504096347296,0.5882352941176471,0.6575591985428051,0.99039780521262,0.7903667214012041,17.0,Kandis.perfoliata,0.24579449266045206,opth,4,False,mlp1,bce,msle
650,0.5705244122965641,0.07048711113321281,0.4444444444444444,0.5632911392405063,0.9920382165605095,0.7185697808535179,9.0,Noccaea.brachypetala,0.007735583684950864,opth,4,False,mlp1,bce,msle
651,0.8372302158273381,0.01426912806223151,0.3333333333333333,0.8920863309352518,0.9979879275653923,0.9420702754036088,3.0,Pritzelago.alpina,0.22541966426858506,opth,4,False,mlp1,bce,msle
652,0.7387387387387387,0.01420159557843551,0.6,0.7054054054054054,0.9974522292993631,0.8263852242744063,5.0,Sisymbrium.austriacum,0.3054054054054054,opth,4,False,mlp1,bce,msle
653,0.5889633831872099,0.008194278154366984,0.14285714285714285,0.8465703971119134,0.9936440677966102,0.9142300194931774,7.0,Campanula.alpestris,-0.010572460030943809,opth,4,False,mlp1,bce,msle
654,0.844860423355281,0.1061993723878025,0.4117647058823529,0.8917668825161887,0.9796747967479674,0.9336561743341404,34.0,Phyteuma.globulariifolium,0.30353158839854166,opth,4,False,mlp1,bce,msle
655,0.827600985749491,0.07417706839334963,0.6470588235294118,0.7923497267759563,0.9931506849315068,0.8814589665653495,17.0,Phyteuma.michelii,0.4394085503053682,opth,4,False,mlp1,bce,msle
656,0.8945292712931472,0.29534127219317563,0.6538461538461539,0.8871119473189087,0.9812695109261186,0.9318181818181818,52.0,Arenaria.gothica,0.5409581011650626,opth,4,False,mlp1,bce,msle
657,0.9016289592760182,0.07640484013072686,0.5,0.8832579185520362,0.9949031600407747,0.9357622243528284,10.0,Cerastium.cerastoides,0.38325791855203617,opth,4,False,mlp1,bce,msle
658,0.8252965446106242,0.025337221472920217,1.0,0.5803249097472925,1.0,0.7344374643061108,7.0,Dianthus.hyssopifolius,0.5803249097472925,opth,4,False,mlp1,bce,msle
659,0.8361981156098804,0.17676795717087027,0.5909090909090909,0.8300653594771242,0.980154355016538,0.8988877654196158,44.0,Dianthus.pavonius,0.42097445038621517,opth,4,False,mlp1,bce,msle
660,0.6279887482419129,0.01201702913196169,0.5555555555555556,0.6500904159132007,0.9944674965421854,0.7862219792236195,9.0,Minuartia.hybrida,0.20564597146875618,opth,4,False,mlp1,bce,msle
661,0.7192792792792793,0.009444090843409443,1.0,0.35585585585585583,1.0,0.5249169435215947,5.0,Minuartia.rupestris,0.3558558558558558,opth,4,False,mlp1,bce,msle
662,0.9187414015000223,0.23103650808671375,0.7380952380952381,0.8835041938490215,0.9885297184567258,0.9330708661417323,42.0,Minuartia.sedoides,0.6215994319442597,opth,4,False,mlp1,bce,msle
663,0.9029947268928464,0.24910288096798525,0.631578947368421,0.8771266540642723,0.9778714436248683,0.9247633283507724,57.0,Sagina.glabra,0.5087056014326934,opth,4,False,mlp1,bce,msle
664,0.8464081755335137,0.020004040757258743,0.8333333333333334,0.7430117222723174,0.9987878787878788,0.8521199586349535,6.0,Sagina.saginoides,0.5763450556056506,opth,4,False,mlp1,bce,msle
665,0.6903456080786976,0.043347746469887476,0.6190476190476191,0.5804387568555759,0.9875583203732504,0.7311456534254461,21.0,Silene.italica,0.19948637590319507,opth,4,False,mlp1,bce,msle
666,0.7418051708217913,0.06288865124940238,0.65625,0.6537396121883656,0.9847009735744089,0.7857935627081021,32.0,Silene.latifolia,0.3099896121883656,opth,4,False,mlp1,bce,msle
667,0.796229802513465,0.0043859649122807015,0.0,0.9443447037701975,0.9990503323836657,0.9709275496077526,1.0,Silene.suecica,-0.055655296229802476,opth,4,False,mlp1,bce,msle
668,0.5806761429120246,0.0757225782893548,0.5789473684210527,0.5182481751824818,0.9861111111111112,0.6794258373205742,19.0,Chenopodium.bonus.henricus,0.09719554360353433,opth,4,False,mlp1,bce,msle
669,0.7429094236047575,0.0665541222663208,0.5454545454545454,0.8307410795974383,0.9891067538126361,0.9030333167578319,22.0,Helianthemum.apenninum,0.37619562505198356,opth,4,False,mlp1,bce,msle
670,0.7413479762182933,0.19477596835500374,0.5945945945945946,0.7108549471661864,0.961038961038961,0.8172280508006626,74.0,Helianthemum.oelandicum,0.305449541760781,opth,4,False,mlp1,bce,msle
671,,-0.0,0.0,0.7829596412556054,1.0,0.8782696177062375,0.0,Convolvulus.cantabricus,-0.21704035874439465,opth,4,False,mlp1,bce,msle
672,0.8559708295350956,0.06059600116512415,0.9444444444444444,0.7292616226071102,0.9987515605493134,0.8429926238145417,18.0,Sedum.alpestre,0.6737060670515547,opth,4,False,mlp1,bce,msle
673,0.6931818181818181,0.021047725796299283,0.36363636363636365,0.7590579710144928,0.991715976331361,0.8599281682914315,11.0,Sedum.anacampseros,0.12269433465085644,opth,4,False,mlp1,bce,msle
674,0.608384556281214,0.024459856800638266,0.42105263157894735,0.7764598540145985,0.9872389791183295,0.8692543411644535,19.0,Sedum.ochroleucum,0.19751248559354595,opth,4,False,mlp1,bce,msle
675,0.8781900452488687,0.2570380314856019,0.6,0.9248868778280543,0.9961013645224172,0.9591740966682308,10.0,Sedum.sediforme,0.5248868778280542,opth,4,False,mlp1,bce,msle
676,0.8214607754733995,0.016847553908144543,0.5,0.8467087466185753,0.9968152866242038,0.9156509019990249,6.0,Sempervivum.calcareum,0.3467087466185754,opth,4,False,mlp1,bce,msle
677,0.7233213429256595,0.008101514930484732,0.3333333333333333,0.8660071942446043,0.9979274611398964,0.9272989889263361,3.0,Euphorbia.esula,0.19934052757793763,opth,4,False,mlp1,bce,msle
678,0.8198990122364735,0.18435035007644,0.7843137254901961,0.7528195488721805,0.9864532019704434,0.8539445628997868,51.0,Anthyllis.montana,0.5371332743623767,opth,4,False,mlp1,bce,msle
679,0.8406729900632339,0.02354225432401239,0.625,0.8193315266485999,0.9967032967032967,0.8993554784333168,8.0,Argyrolobium.zanonii,0.4443315266485999,opth,4,False,mlp1,bce,msle
680,0.845710238769729,0.23395844070914062,0.7142857142857143,0.8271954674220963,0.9820627802690582,0.8980010251153254,56.0,Astragalus.danicus,0.5414811817078107,opth,4,False,mlp1,bce,msle
681,0.8140510760992689,0.13797386530754213,0.6388888888888888,0.8016682113067656,0.9851936218678815,0.8840061318344404,36.0,Astragalus.sempervirens,0.4405571001956545,opth,4,False,mlp1,bce,msle
682,0.738973897389739,0.009133991187715962,0.75,0.5373537353735374,0.9983277591973244,0.6986541837331773,4.0,Astragalus.vesicarius,0.28735373537353737,opth,4,False,mlp1,bce,msle
683,0.717326139088729,0.015407245236547736,0.6666666666666666,0.7544964028776978,0.9988095238095238,0.8596311475409836,3.0,Bituminaria.bituminosa,0.42116306954436444,opth,4,False,mlp1,bce,msle
684,0.8476597659765976,0.07878112620260329,0.75,0.7092709270927092,0.9987325728770595,0.8294736842105264,4.0,Dorycnium.pentaphyllum,0.45927092709270934,opth,4,False,mlp1,bce,msle
685,0.9236983842010772,0.011627906976744186,1.0,0.7199281867145422,1.0,0.837160751565762,1.0,Genista.cinerea,0.7199281867145422,opth,4,False,mlp1,bce,msle
686,0.9295679567956796,0.03136645962732919,1.0,0.7254725472547254,1.0,0.8408972352634324,4.0,Lathyrus.hirsutus,0.7254725472547254,opth,4,False,mlp1,bce,msle
687,0.9041178775585469,0.6339768919504833,0.786096256684492,0.8663793103448276,0.95260663507109,0.90744920993228,187.0,Lotus.alpinus,0.6524755670293196,opth,4,False,mlp1,bce,msle
688,0.6668809600342869,0.024456792342151455,0.4117647058823529,0.6775956284153005,0.986737400530504,0.8034557235421166,17.0,Lotus.delortii,0.08936033429765344,opth,4,False,mlp1,bce,msle
689,0.9439448441247003,0.030517645437000276,1.0,0.8300359712230215,1.0,0.9071253071253071,3.0,Lotus.pedunculatus,0.8300359712230216,opth,4,False,mlp1,bce,msle
690,0.8770197486535009,0.007246376811594203,1.0,0.559245960502693,1.0,0.717328727691422,1.0,Medicago.arabica,0.5592459605026932,opth,4,False,mlp1,bce,msle
691,0.9027902790279028,0.35647035710507624,0.75,0.9090909090909091,0.9990108803165183,0.9519321394910462,4.0,Melilotus.neapolitanus,0.6590909090909092,opth,4,False,mlp1,bce,msle
692,0.7239911915248185,0.08570545982159984,0.25806451612903225,0.8579335793357934,0.9758656873032528,0.9131075110456554,31.0,Ononis.cristata,0.11599809546482565,opth,4,False,mlp1,bce,msle
693,0.8537587067945853,0.14966306163971574,0.5357142857142857,0.8997240110395585,0.9868819374369324,0.9412897016361886,28.0,Oxytropis.lapponica,0.43543829675384416,opth,4,False,mlp1,bce,msle
694,0.6893759597933826,0.027921758047321773,0.5384615384615384,0.6751361161524501,0.992,0.8034557235421166,13.0,Trifolium.incarnatum,0.21359765461398839,opth,4,False,mlp1,bce,msle
695,0.8874419804022693,0.0396605536638348,0.8571428571428571,0.7527075812274369,0.9988023952095808,0.8584662892434379,7.0,Trifolium.pallescens,0.6098504383702941,opth,4,False,mlp1,bce,msle
696,0.7153153153153152,0.009724417764695077,0.2,0.8234234234234235,0.9956427015250545,0.9013806706114399,5.0,Vicia.pannonica,0.023423423423423406,opth,4,False,mlp1,bce,msle
697,0.7276059228852074,0.06959044234854339,0.7105263157894737,0.5812441968430826,0.9827315541601256,0.7304550758459744,38.0,Vicia.tenuifolia,0.29177051263255627,opth,4,False,mlp1,bce,msle
698,0.8556642402183803,0.10884751391984893,0.6875,0.8089171974522293,0.9944071588366891,0.8921224284997491,16.0,Gentiana.angustifolia,0.49641719745222934,opth,4,False,mlp1,bce,msle
699,0.8626816128856724,0.09979850045621377,0.9705882352941176,0.7779833487511564,0.998812351543943,0.87467498699948,34.0,Gentiana.brachyphylla,0.748571584045274,opth,4,False,mlp1,bce,msle
700,0.7004950495049505,0.007956752205834396,0.75,0.7551755175517552,0.9988095238095238,0.8600717580727832,4.0,Gentiana.orbicularis,0.5051755175517552,opth,4,False,mlp1,bce,msle
701,0.7981029810298104,0.03951192253349768,0.625,0.7696476964769647,0.9964912280701754,0.8685015290519877,8.0,Gentiana.rostanii,0.39464769647696474,opth,4,False,mlp1,bce,msle
702,0.7880750033724538,0.1368381857233844,0.5357142857142857,0.7950897072710104,0.9700460829493087,0.873897249610794,56.0,Gentianella.campestris,0.33080399298529617,opth,4,False,mlp1,bce,msle
703,0.625673249551167,0.0023923444976076554,0.0,0.8339317773788151,0.9989247311827957,0.9090019569471625,1.0,Gentianella.ciliata,-0.16606822262118492,opth,4,False,mlp1,bce,msle
704,0.5897666068222621,0.002183406113537118,0.0,0.72262118491921,0.9987593052109182,0.8385416666666666,1.0,Gentianella.tenella,-0.27737881508079,opth,4,False,mlp1,bce,msle
705,0.8005390835579516,0.006620922113879861,0.0,0.9703504043126685,0.9981515711645101,0.9840546697038725,2.0,Hypericum.tetrapterum,-0.029649595687331498,opth,4,False,mlp1,bce,msle
706,0.5773594636410522,0.00870602268938709,0.2857142857142857,0.7563176895306859,0.9940688018979834,0.859046642747309,7.0,Herniaria.incana,0.0420319752449716,opth,4,False,mlp1,bce,msle
707,0.6590021039975954,0.00924369830467493,0.8333333333333334,0.41298467087466184,0.9978213507625272,0.5841836734693877,6.0,Calamintha.nepeta,0.24631800420799532,opth,4,False,mlp1,bce,msle
708,0.8412612612612612,0.0209419165586836,0.4,0.8288288288288288,0.9967497291440953,0.9050664043285784,5.0,Mentha.aquatica,0.2288288288288287,opth,4,False,mlp1,bce,msle
709,0.8648932972648032,0.053147886035038214,0.8333333333333334,0.8151487826871056,0.9988950276243094,0.8977159880834161,6.0,Mentha.longifolia,0.648482116020439,opth,4,False,mlp1,bce,msle
710,0.511990407673861,0.003730621064534205,1.0,0.039568345323741004,1.0,0.07612456747404844,3.0,Nepeta.nepetella,0.03956834532374098,opth,4,False,mlp1,bce,msle
711,0.7315481548154815,0.008078472108322854,0.0,0.8748874887488749,0.9959016393442623,0.9314805941542884,4.0,Prunella.hyssopifolia,-0.1251125112511251,opth,4,False,mlp1,bce,msle
712,0.6600719424460432,0.006891979985580637,0.3333333333333333,0.8309352517985612,0.9978401727861771,0.9067713444553483,3.0,Teucrium.polium,0.16426858513189457,opth,4,False,mlp1,bce,msle
713,0.8205736224028908,0.0245992176671568,1.0,0.5898825654923215,1.0,0.7420454545454546,8.0,Linum.bienne,0.5898825654923217,opth,4,False,mlp1,bce,msle
714,0.7846351655416265,0.09748800892233142,0.6470588235294118,0.7395264116575592,0.9926650366748166,0.8475991649269311,17.0,Linum.suffruticosum,0.38658523518697097,opth,4,False,mlp1,bce,msle
715,0.7748419150858176,0.01931576656539403,0.125,0.9331526648599819,0.9932692307692308,0.9622729389846297,8.0,Lythrum.salicaria,0.05815266485998194,opth,4,False,mlp1,bce,msle
716,0.7427992799279928,0.011639979154285662,0.5,0.7002700270027002,0.9974358974358974,0.8228450555261766,4.0,Althaea.hirsuta,0.20027002700270025,opth,4,False,mlp1,bce,msle
717,0.6371171171171172,0.007918631570789928,0.4,0.6234234234234234,0.99568345323741,0.7667590027700831,5.0,Epilobium.parviflorum,0.023423423423423406,opth,4,False,mlp1,bce,msle
718,0.7578757875787578,0.0146524430925532,0.75,0.6066606660666066,0.9985185185185185,0.7547592385218365,4.0,Plantago.sempervirens,0.3566606660666065,opth,4,False,mlp1,bce,msle
719,0.912831845624982,0.36195310957928517,0.9242424242424242,0.797902764537655,0.994061757719715,0.8852459016393442,66.0,Armeria.alpina,0.7221451887800792,opth,4,False,mlp1,bce,msle
720,0.7715243318533994,0.07151473511054915,0.7142857142857143,0.7148080438756855,0.9923857868020305,0.8310308182784272,21.0,Polygala.calcarea,0.42909375816139983,opth,4,False,mlp1,bce,msle
721,0.7188669915942644,0.14011313896073607,0.6153846153846154,0.6786042240587695,0.986648865153538,0.8041349292709467,26.0,Rumex.arifolius,0.29398883944338494,opth,4,False,mlp1,bce,msle
722,0.7205750224618148,0.004664570230607967,0.0,0.876010781671159,0.9979529170931423,0.9330143540669856,2.0,Rumex.conglomeratus,-0.12398921832884102,opth,4,False,mlp1,bce,msle
723,0.6154029282228306,0.05490674067246738,0.5806451612903226,0.584870848708487,0.9799072642967542,0.7325245522819179,31.0,Rumex.nebroides,0.16551600999880955,opth,4,False,mlp1,bce,msle
724,0.6553635894791129,0.05610906954966455,0.2857142857142857,0.9151624548736462,0.9950932286555446,0.9534555712270804,7.0,Rumex.pseudalpinus,0.20087674058793192,opth,4,False,mlp1,bce,msle
725,0.8694977168949771,0.09656070204841806,0.75,0.828310502283105,0.9945175438596491,0.9038365719980069,20.0,Androsace.adfinis,0.578310502283105,opth,4,False,mlp1,bce,msle
726,0.8544266191325014,0.14643472309011926,0.8181818181818182,0.7927170868347339,0.9906651108518086,0.8807053941908713,44.0,Androsace.vitaliana,0.6108989050165521,opth,4,False,mlp1,bce,msle
727,0.7848868778280543,0.022329703020201704,0.9,0.6217194570135747,0.998546511627907,0.7663134411600669,10.0,Primula.vulgaris,0.5217194570135746,opth,4,False,mlp1,bce,msle
728,0.8551351351351352,0.019590479073176983,1.0,0.6810810810810811,1.0,0.8102893890675241,5.0,Aconitum.anthora,0.6810810810810812,opth,4,False,mlp1,bce,msle
729,0.8995433789954339,0.1052887350557601,0.85,0.7917808219178082,0.996551724137931,0.8824427480916031,20.0,Anemone.baldensis,0.6417808219178083,opth,4,False,mlp1,bce,msle
730,0.8886060606060605,0.08890976538695981,0.7333333333333333,0.8709090909090909,0.9958419958419958,0.9291949563530553,15.0,Anemone.narcissifolia,0.604242424242424,opth,4,False,mlp1,bce,msle
731,0.5002250225022502,0.004292474762039724,0.0,0.7335733573357336,0.9951159951159951,0.844559585492228,4.0,Caltha.palustris,-0.2664266426642664,opth,4,False,mlp1,bce,msle
732,0.6070455430128455,0.056758878414928424,0.5,0.6630336058128974,0.9905020352781547,0.794341675734494,14.0,Ranunculus.aduncus,0.1630336058128974,opth,4,False,mlp1,bce,msle
733,0.8162055335968379,0.035570030092619956,0.9090909090909091,0.5860507246376812,0.9984567901234568,0.7385844748858448,11.0,Ranunculus.carinthiacus,0.4951416337285903,opth,4,False,mlp1,bce,msle
734,0.7934599294741224,0.2577606006887524,0.6067415730337079,0.8060428849902534,0.9593967517401392,0.8760593220338984,89.0,Ranunculus.sartorianus,0.41278445802396124,opth,4,False,mlp1,bce,msle
735,0.6798780487804879,0.020390504222048314,0.375,0.7949412827461608,0.9943502824858758,0.8835341365461847,8.0,Reseda.phyteuma,0.16994128274616083,opth,4,False,mlp1,bce,msle
736,0.9034643830284158,0.0782664777652628,0.9285714285714286,0.7874659400544959,0.9988479262672811,0.8806500761808025,14.0,Alchemilla.fissa,0.7160373686259245,opth,4,False,mlp1,bce,msle
737,0.8350033756173827,0.2070843156204937,0.4716981132075472,0.8709981167608286,0.9706190975865687,0.9181141439205955,53.0,Alchemilla.flabellata,0.3426962299683758,opth,4,False,mlp1,bce,msle
738,0.7748625114573785,0.14173472226869874,0.75,0.7956003666361137,0.9931350114416476,0.8834605597964377,24.0,Alchemilla.glabra,0.5456003666361138,opth,4,False,mlp1,bce,msle
739,0.851045871559633,0.12074727503027863,0.92,0.7238532110091743,0.9974715549936789,0.8389154704944178,25.0,Alchemilla.glaucescens,0.6438532110091744,opth,4,False,mlp1,bce,msle
740,0.6890467461044913,0.05092852535712394,0.6666666666666666,0.6067827681026581,0.9880597014925373,0.7518455423055083,24.0,Alchemilla.monticola,0.2734494347693248,opth,4,False,mlp1,bce,msle
741,0.9389352280918546,0.2956495151324461,0.8055555555555556,0.8952734012974977,0.9928057553956835,0.9415204678362573,36.0,Alchemilla.pentaphyllea,0.7008289568530532,opth,4,False,mlp1,bce,msle
742,0.8993595608417201,0.14546752936451363,0.5909090909090909,0.8929551692589204,0.9908629441624366,0.9393647738209817,22.0,Filipendula.ulmaria,0.4838642601680112,opth,4,False,mlp1,bce,msle
743,0.8465346534653465,0.01372710223595758,1.0,0.6777677767776777,1.0,0.8079399141630901,4.0,Potentilla.brauneana,0.6777677767776777,opth,4,False,mlp1,bce,msle
744,0.7937649880095923,0.026892548234011646,1.0,0.335431654676259,1.0,0.5023569023569023,3.0,Potentilla.neglecta,0.335431654676259,opth,4,False,mlp1,bce,msle
745,0.9349742710120068,0.3330878164744078,0.8,0.9028301886792452,0.9886363636363636,0.9437869822485208,55.0,Sibbaldia.procumbens,0.7028301886792452,opth,4,False,mlp1,bce,msle
746,0.8104504504504504,0.0161891332135697,1.0,0.6315315315315315,1.0,0.774157923799006,5.0,Galium.megalospermum,0.6315315315315315,opth,4,False,mlp1,bce,msle
747,0.778319039451115,0.2384696359797359,0.6,0.7962264150943397,0.9745958429561201,0.8764278296988577,55.0,Galium.obliquum,0.39622641509433976,opth,4,False,mlp1,bce,msle
748,0.7543701024713683,0.031361641317972505,0.5555555555555556,0.8453887884267631,0.9957401490947817,0.9144254278728606,9.0,Galium.palustre,0.4009443439823186,opth,4,False,mlp1,bce,msle
749,0.9231029810298104,0.05128936505474002,1.0,0.8030713640469738,1.0,0.8907815631262525,8.0,Galium.pseudohelveticum,0.8030713640469738,opth,4,False,mlp1,bce,msle
750,0.9486948694869486,0.04810472080739483,0.5,0.963096309630963,0.9981343283582089,0.9803023362345397,4.0,Galium.uliginosum,0.46309630963096304,opth,4,False,mlp1,bce,msle
751,0.7634892086330936,0.019247214493394456,0.6666666666666666,0.8165467625899281,0.9988998899889989,0.8985650667986146,3.0,Salix.foetida,0.48321342925659483,opth,4,False,mlp1,bce,msle
752,0.6192411924119241,0.010799559377064725,0.25,0.6684733514001807,0.9919571045576407,0.7987048030221263,8.0,Thesium.divaricatum,-0.08152664859981928,opth,4,False,mlp1,bce,msle
753,0.7881662149954832,0.017670710218224576,1.0,0.6214995483288166,1.0,0.7665738161559889,8.0,Saxifraga.bryoides,0.6214995483288166,opth,4,False,mlp1,bce,msle
754,0.8346029547553092,0.09980131016660906,0.65625,0.8079409048938134,0.9875846501128668,0.8887760284408329,32.0,Saxifraga.exarata,0.46419090489381354,opth,4,False,mlp1,bce,msle
755,0.8474347434743474,0.017188295050908766,0.75,0.8271827182718272,0.9989130434782608,0.9049729197439685,4.0,Digitalis.grandiflora,0.5771827182718272,opth,4,False,mlp1,bce,msle
756,0.8346084608460846,0.016636043687606784,1.0,0.6111611161116112,1.0,0.758659217877095,4.0,Euphrasia.officinalis,0.6111611161116111,opth,4,False,mlp1,bce,msle
757,0.5591809180918093,0.006560923394418416,0.25,0.8496849684968497,0.996832101372756,0.9173955296404276,4.0,Linaria.simplex,0.09968496849684971,opth,4,False,mlp1,bce,msle
758,0.7014414414414414,0.00858842616446647,0.8,0.5936936936936937,0.9984848484848485,0.7446327683615819,5.0,Pedicularis.cenisia,0.3936936936936939,opth,4,False,mlp1,bce,msle
759,0.7739569441798437,0.0931793210024594,0.6206896551724138,0.785451197053407,0.9872685185185185,0.8748717948717949,29.0,Pedicularis.comosa,0.40614085222582075,opth,4,False,mlp1,bce,msle
760,0.8041390943298301,0.03675611907102365,0.7142857142857143,0.6930063578564941,0.9947848761408083,0.816916488222698,14.0,Pedicularis.kerneri,0.4072920721422084,opth,4,False,mlp1,bce,msle
761,0.6763963963963964,0.007977989522726677,0.2,0.7657657657657657,0.9953161592505855,0.8655804480651731,5.0,Pedicularis.rosea,-0.03423423423423433,opth,4,False,mlp1,bce,msle
762,0.8363969059303004,0.06140849423382347,0.6363636363636364,0.8215919487648673,0.9911699779249448,0.8984492246123061,22.0,Pedicularis.rostratospicata,0.45795558512850354,opth,4,False,mlp1,bce,msle
763,0.9027027027027027,0.05494515341289535,1.0,0.4540540540540541,1.0,0.6245353159851301,5.0,Verbascum.chaixii,0.4540540540540541,opth,4,False,mlp1,bce,msle
764,0.8724325863261073,0.21608211587945192,0.7391304347826086,0.7960710944808232,0.9860950173812283,0.8809523809523809,46.0,Veronica.allionii,0.535201529263432,opth,4,False,mlp1,bce,msle
765,0.8951781970649895,0.293432583742192,0.8301886792452831,0.8248587570621468,0.9898305084745763,0.8998459167950693,53.0,Veronica.alpina,0.6550474363074299,opth,4,False,mlp1,bce,msle
766,0.7047489295445699,0.029428006490107537,0.5714285714285714,0.6775658492279746,0.9920212765957447,0.8051807879114948,14.0,Veronica.austriaca,0.24899442065654598,opth,4,False,mlp1,bce,msle
767,0.7137060414788098,0.012189534891442044,0.6666666666666666,0.6708746618575293,0.9973190348525469,0.8021563342318059,6.0,Veronica.verna,0.33754132852419594,opth,4,False,mlp1,bce,msle
768,0.7088017826395219,0.040139448161446385,0.7222222222222222,0.6107566089334548,0.9925925925925926,0.7562076749435666,18.0,Valeriana.tuberosa,0.33297883115567695,opth,4,False,mlp1,bce,msle
769,0.823040184453228,0.10289926579659507,0.8181818181818182,0.5706521739130435,0.9968354430379747,0.7258064516129032,11.0,Viola.saxatilis,0.3888339920948618,opth,4,False,mlp1,bce,msle
770,0.7162466246624662,0.3027656040149855,0.5,0.6291629162916291,0.9971469329529244,0.7715231788079471,4.0,Carex.acutiformis,0.12916291629162924,opth,4,False,mlp1,bce,msle
771,0.8884892086330934,0.015951002300496724,1.0,0.7185251798561151,1.0,0.836211407639979,3.0,Carex.bicolor,0.718525179856115,opth,4,False,mlp1,bce,msle
772,0.7144464446444645,0.02340621427583421,0.5,0.8433843384338434,0.9978700745473909,0.9141463414634147,4.0,Carex.cuprina,0.34338433843384353,opth,4,False,mlp1,bce,msle
773,0.991899189918992,0.2618589743589744,1.0,0.9108910891089109,1.0,0.9533678756476683,4.0,Carex.disticha,0.9108910891089108,opth,4,False,mlp1,bce,msle
774,0.8576744186046512,0.13203321203361648,0.95,0.7553488372093023,0.9975429975429976,0.8597141344626786,40.0,Carex.foetida,0.7053488372093022,opth,4,False,mlp1,bce,msle
775,0.6679989685404847,0.01190997265413585,0.42857142857142855,0.779783393501805,0.9953917050691244,0.8744939271255061,7.0,Carex.frigida,0.20835482207323364,opth,4,False,mlp1,bce,msle
776,0.9339622641509434,0.02159090909090909,0.5,0.9074573225516622,0.9990108803165183,0.9510357815442562,2.0,Carex.melanostachya,0.4074573225516622,opth,4,False,mlp1,bce,msle
777,0.6287141559621123,0.052960797093065476,0.5,0.7493188010899182,0.9915865384615384,0.8535954474909467,14.0,Carex.ovalis,0.2493188010899181,opth,4,False,mlp1,bce,msle
778,0.8030575539568345,0.012099312207459287,0.3333333333333333,0.8534172661870504,0.9978969505783386,0.9200193892389724,3.0,Carex.paniculata,0.18675059952038375,opth,4,False,mlp1,bce,msle
779,0.8856147722246792,0.18769788909000215,0.7843137254901961,0.8261278195488722,0.9876404494382023,0.8996929375639714,51.0,Carex.parviflora,0.6104415450390683,opth,4,False,mlp1,bce,msle
780,0.6734923492349234,0.006995412264411229,0.0,0.8748874887488749,0.9959016393442623,0.9314805941542884,4.0,Carex.viridula,-0.1251125112511251,opth,4,False,mlp1,bce,msle
781,0.495949594959496,0.012980669520355285,0.25,0.5274527452745275,0.9949066213921901,0.6894117647058824,4.0,Eleocharis.quinqueflora,-0.22254725472547254,opth,4,False,mlp1,bce,msle
782,0.6178238653441539,0.07947579516789369,0.3333333333333333,0.8674481514878268,0.9958592132505176,0.9272289156626506,6.0,Eriophorum.polystachion,0.2007814848211602,opth,4,False,mlp1,bce,msle
783,0.8898754578754579,0.30014484177524586,0.8307692307692308,0.7952380952380952,0.9869976359338062,0.880801687763713,65.0,Kobresia.myosuroides,0.626007326007326,opth,4,False,mlp1,bce,msle
784,0.7827648114901257,0.00411522633744856,1.0,0.45601436265709155,1.0,0.6263871763255241,1.0,Schoenus.nigricans,0.4560143626570916,opth,4,False,mlp1,bce,msle
785,0.7945544554455446,0.02764500623964536,0.75,0.8766876687668766,0.9989743589743589,0.9338446788111218,4.0,Scirpoides.holoschoenus,0.6266876687668765,opth,4,False,mlp1,bce,msle
786,0.7471274961597543,0.05508275768461093,0.6666666666666666,0.6986175115207374,0.9869791666666666,0.8181327576902321,30.0,Muscari.neglectum,0.3652841781874039,opth,4,False,mlp1,bce,msle
787,0.8256578947368421,0.11022302773728374,0.53125,0.8808864265927978,0.9845201238390093,0.9298245614035088,32.0,Crocus.vernus,0.4121364265927978,opth,4,False,mlp1,bce,msle
788,0.8706120612061206,0.03826048746718452,0.0,0.981998199819982,0.9963470319634703,0.9891205802357208,4.0,Juncus.conglomeratus,-0.018001800180017957,opth,4,False,mlp1,bce,msle
789,0.7793564292201894,0.03162008060474484,0.6428571428571429,0.7020890099909174,0.993573264781491,0.8227780734433209,14.0,Luzula.alpinopilosa,0.3449461528480602,opth,4,False,mlp1,bce,msle
790,0.8518778518778519,0.2601608112757478,0.7837837837837838,0.8302411873840445,0.991140642303433,0.9035840484603735,37.0,Luzula.nutans,0.6140249711678283,opth,4,False,mlp1,bce,msle
791,0.8039568345323741,0.02527245515293324,0.6666666666666666,0.5557553956834532,0.9983844911147012,0.7140381282495667,3.0,Gagea.fragifera,0.22242206235011985,opth,4,False,mlp1,bce,msle
792,0.8283078307830782,0.01326226916165879,0.75,0.8082808280828083,0.9988876529477196,0.8935323383084577,4.0,Tulipa.australis,0.5582808280828084,opth,4,False,mlp1,bce,msle
793,0.82662100456621,0.05438067825871441,0.85,0.7068493150684931,0.9961389961389961,0.8269230769230769,20.0,Dactylorhiza.latifolia,0.5568493150684932,opth,4,False,mlp1,bce,msle
794,0.6753952569169961,0.019951933257566726,0.5454545454545454,0.6431159420289855,0.993006993006993,0.7806487080813634,11.0,Ophrys.fuciflora,0.18857048748353078,opth,4,False,mlp1,bce,msle
795,0.7182718271827183,0.02020640468556584,0.75,0.6768676867686768,0.99867197875166,0.8068669527896996,4.0,Orchis.purpurea,0.4268676867686767,opth,4,False,mlp1,bce,msle
796,0.7536003600360035,0.009036902677446985,0.75,0.6534653465346535,0.9986244841815681,0.7899891186071817,4.0,Orchis.simia,0.4034653465346536,opth,4,False,mlp1,bce,msle
797,0.9150474587857913,0.35281485271945534,0.8082191780821918,0.8435700575815739,0.9843225083986562,0.9085271317829458,73.0,Alopecurus.alpinus,0.6517892356637658,opth,4,False,mlp1,bce,msle
798,0.9424119241192412,0.13041492172458646,1.0,0.7497741644083108,1.0,0.856995353639649,8.0,Alopecurus.rendlei,0.7497741644083109,opth,4,False,mlp1,bce,msle
799,0.7683253762269431,0.37731025742426655,0.7233009708737864,0.6633663366336634,0.9136363636363637,0.768642447418738,206.0,Avenula.pubescens,0.3866673075074498,opth,4,False,mlp1,bce,msle
800,0.8624905693871211,0.21801057598347987,0.7380952380952381,0.7893755824790307,0.9871794871794872,0.8772656654583117,42.0,Avenula.versicolor,0.5274708205742689,opth,4,False,mlp1,bce,msle
801,0.709761797997092,0.24526905846684127,0.8431372549019608,0.4604989604989605,0.9486081370449678,0.6200139958012596,153.0,Brachypodium.rupestre,0.30363621540092134,opth,4,False,mlp1,bce,msle
802,0.766909090909091,0.03623323362647427,0.6666666666666666,0.6563636363636364,0.9931224209078404,0.7903667214012041,15.0,Bromus.commutatus,0.323030303030303,opth,4,False,mlp1,bce,msle
803,0.9342424242424242,0.23191080039305806,0.9333333333333333,0.7336363636363636,0.9987623762376238,0.8459119496855346,15.0,Bromus.racemosus,0.666969696969697,opth,4,False,mlp1,bce,msle
804,0.7312868291129161,0.044011287439687435,0.8260869565217391,0.5265567765567766,0.9930915371329879,0.6882106523040096,23.0,Elytrigia.repens,0.3526437330785157,opth,4,False,mlp1,bce,msle
805,0.7454658956498883,0.07931889330064104,0.7857142857142857,0.6577736890524379,0.9916782246879334,0.790929203539823,28.0,Festuca.cinerea,0.4434879747667235,opth,4,False,mlp1,bce,msle
806,0.7218905975988129,0.19233992874429773,0.5178571428571429,0.8111425873465533,0.9695259593679458,0.8832904884318766,56.0,Festuca.marginata,0.3289997302036962,opth,4,False,mlp1,bce,msle
807,0.8297845212291215,0.2780295590881024,0.8478260869565217,0.6392961876832844,0.9790419161676647,0.7735068007096393,92.0,Festuca.pratensis,0.4871222746398063,opth,4,False,mlp1,bce,msle
808,0.5895285584768812,0.015087775206055698,0.5,0.5630099728014506,0.9904306220095693,0.7179190751445087,12.0,Festuca.trichophylla,0.0630099728014506,opth,4,False,mlp1,bce,msle
809,0.7435770750988143,0.02116563698224083,0.9090909090909091,0.5932971014492754,0.9984756097560976,0.7443181818181818,11.0,Gaudinia.fragilis,0.5023880105401846,opth,4,False,mlp1,bce,msle
810,0.7752799736495388,0.07751736611019336,0.45454545454545453,0.8677536231884058,0.9937759336099585,0.9264990328820116,11.0,Helictotrichon.parlatorei,0.32229907773386035,opth,4,False,mlp1,bce,msle
811,0.8932266110565914,0.3807767434425537,0.9479166666666666,0.7134445534838076,0.9931693989071039,0.8303826384922901,96.0,Helictotrichon.sedenense,0.6613612201504742,opth,4,False,mlp1,bce,msle
812,0.7524613220815752,0.03460013613635596,0.5555555555555556,0.8236889692585895,0.9956284153005465,0.9015338941118258,9.0,Helictotrichon.sempervirens,0.37924452481414495,opth,4,False,mlp1,bce,msle
813,0.5314465408805031,0.0034922948656363707,0.5,0.3782569631626235,0.9976303317535545,0.5485342019543974,2.0,Hordeum.murinum,-0.12174303683737642,opth,4,False,mlp1,bce,msle
814,0.6172227231740307,0.007779603160360041,0.16666666666666666,0.7953110910730388,0.9943630214205186,0.8837675350701403,6.0,Hordeum.secalinum,-0.0380222422602946,opth,4,False,mlp1,bce,msle
815,0.5492936579501052,0.007232495271233486,0.3333333333333333,0.7204688908926962,0.9950186799501868,0.8357740585774058,6.0,Koeleria.cenisia,0.05380222422602943,opth,4,False,mlp1,bce,msle
816,0.7744292237442922,0.07414923627786534,0.85,0.5780821917808219,0.9952830188679245,0.7313691507798961,20.0,Molinia.caerulea,0.42808219178082174,opth,4,False,mlp1,bce,msle
817,0.6728802317869236,0.09518211072533767,0.8518518518518519,0.41564561734213007,0.9821826280623608,0.5841059602649007,54.0,Phleum.pratense,0.267497469193982,opth,4,False,mlp1,bce,msle
818,0.8492314945780293,0.3018357216765631,0.8571428571428571,0.7198019801980198,0.9797843665768194,0.8299086757990868,105.0,Poa.trivialis,0.5769448373408768,opth,4,False,mlp1,bce,msle
819,0.7126126126126127,0.011356623925025539,0.8,0.527927927927928,0.9982964224872232,0.6906305244549205,5.0,Vulpia.bromoides,0.32792792792792813,opth,4,False,mlp1,bce,msle
820,0.6530428055698814,0.010702962046164645,0.14285714285714285,0.8745487364620939,0.9938461538461538,0.9303888622179549,7.0,Vulpia.ciliata,0.01740587931923665,opth,4,False,mlp1,bce,msle
821,0.8412698412698414,0.03258112907690384,0.6666666666666666,0.7757685352622061,0.9965156794425087,0.8723945094051856,9.0,Equisetum.variegatum,0.44243520192887287,opth,4,False,mlp1,bce,msle
822,0.9203495210888926,0.2903162107950979,0.8181818181818182,0.8604436229205176,0.9935965848452508,0.9222387320455672,33.0,Pachypleurum.mutellinoides,0.6786254411023358,opth,4,False,mlp1,bce,msle
823,0.790990990990991,0.014968362210917907,0.8,0.6072072072072072,0.9985185185185185,0.7551820728291316,5.0,Libanotis.pyrenaica,0.40720720720720727,opth,4,False,mlp1,bce,msle
824,0.8493478762696215,0.20698458727846422,0.84375,0.7599261311172668,0.9939613526570048,0.8613291470434328,32.0,Alchemilla.alpigena,0.6036761311172669,opth,4,False,mlp1,bce,msle
825,0.7032667876588021,0.04195882433489918,0.7692307692307693,0.5081669691470054,0.9946714031971581,0.6726726726726727,13.0,Anacamptis.morio,0.2773977383777746,opth,4,False,mlp1,bce,msle
826,0.7531531531531531,0.010784280962992669,1.0,0.4810810810810811,1.0,0.6496350364963503,5.0,Mutellina.adonidifolia,0.48108108108108105,opth,4,False,mlp1,bce,msle
827,0.8417691354494328,0.14961011447293662,0.6923076923076923,0.8085501858736059,0.9863945578231292,0.8886618998978549,39.0,Avenula.pratensis,0.5008578781812982,opth,4,False,mlp1,bce,msle
828,0.7944954128440367,0.059485668856707884,0.64,0.7706422018348624,0.9893992932862191,0.8664259927797834,25.0,Gymnadenia.nigra,0.41064220183486233,opth,4,False,mlp1,bce,msle
829,0.2613908872901678,0.002336466876992005,0.3333333333333333,0.4064748201438849,0.9955947136563876,0.5772669220945083,3.0,Murbeckiella.pinnatifida,-0.2601918465227817,opth,4,False,mlp1,bce,msle
830,0.6034234234234234,0.008420328563330592,0.4,0.7495495495495496,0.9964071856287425,0.8555269922879177,5.0,Silene.conica,0.14954954954954958,opth,4,False,mlp1,bce,msle
