,auc,prauc,sensitivity,specificity,precision,f1,support,species,tss,postprocess,fold,prr,archi,species_loss,func_loss
0,0.8857920663728287,0.11509794715049704,0.6428571428571429,0.8847549909255898,0.9948979591836735,0.9365994236311239,14.0,Aceras.anthropophorum,0.5276121337827329,opth,3,False,mlp1,bce,msle
1,0.8729597145830237,0.22043225757638907,0.8387096774193549,0.815668202764977,0.9943820224719101,0.8962025316455696,31.0,Achillea.collina,0.6543778801843319,opth,3,False,mlp1,bce,msle
2,0.7381785091250672,0.46211002418673,0.6875,0.6545893719806763,0.8575949367088608,0.7424657534246575,288.0,Achillea.millefolium,0.34208937198067635,opth,3,False,mlp1,bce,msle
3,0.8818886861313868,0.12258112998576215,0.6,0.8759124087591241,0.9917355371900827,0.9302325581395349,20.0,Achillea.nana,0.475912408759124,opth,3,False,mlp1,bce,msle
4,0.9224804800462696,0.43942799240633285,0.8653846153846154,0.8468045112781954,0.9922907488986784,0.9137931034482759,52.0,Achillea.roseo.alba,0.7121891266628109,opth,3,False,mlp1,bce,msle
5,0.940990990990991,0.11438471767594108,0.8333333333333334,0.8639639639639639,0.9989583333333333,0.9265700483091788,6.0,Achnatherum.calamagrostis,0.6972972972972973,opth,3,False,mlp1,bce,msle
6,0.8233385745277949,0.14463469752783073,0.8085106382978723,0.6987839101964453,0.9880952380952381,0.8186301369863014,47.0,Acinos.alpinus,0.5072945484943174,opth,3,False,mlp1,bce,msle
7,0.8767883767407925,0.2120286854461942,0.7931034482758621,0.795768169273229,0.9931113662456946,0.8835546475995915,29.0,Acinos.arvensis,0.5888716175490911,opth,3,False,mlp1,bce,msle
8,0.92932015573525,0.03081746031746032,1.0,0.7286612758310872,1.0,0.843035343035343,3.0,Aconitum.lycoctonum,0.7286612758310871,opth,3,False,mlp1,bce,msle
9,0.8125187181790955,0.021898398644586543,0.3333333333333333,0.9640610961365679,0.998139534883721,0.9808043875685558,3.0,Cacalia.leucophylla,0.29739442946990113,opth,3,False,mlp1,bce,msle
10,0.7791741472172352,0.1270366598778004,0.5,0.7405745062836625,0.9987893462469734,0.8505154639175257,2.0,Aegopodium.podagraria,0.24057450628366261,opth,3,False,mlp1,bce,msle
11,0.8906394810009268,0.2208256217415174,0.8378378378378378,0.7710843373493976,0.9928400954653938,0.8680229525299947,37.0,Agrimonia.eupatoria,0.6089221751872356,opth,3,False,mlp1,bce,msle
12,0.8867924528301887,0.2720794349619773,0.7735849056603774,0.7742238946378175,0.98562874251497,0.8672286617492097,53.0,Agrostis.alpina,0.5478088002981949,opth,3,False,mlp1,bce,msle
13,0.8235546977065651,0.3732771757601699,0.7899159663865546,0.7362086258776329,0.9670619235836627,0.835990888382688,119.0,Agrostis.capillaris,0.5261245922641875,opth,3,False,mlp1,bce,msle
14,0.9176390792187478,0.42522044435659717,0.7101449275362319,0.8691499522445081,0.978494623655914,0.9205867475973698,69.0,Agrostis.rupestris,0.57929487978074,opth,3,False,mlp1,bce,msle
15,0.902539395764328,0.1751275432122055,0.7777777777777778,0.7714543812104788,0.9976635514018691,0.870096790626592,9.0,Agrostis.agrostiflora,0.5492321589882567,opth,3,False,mlp1,bce,msle
16,0.8133406808105603,0.2868298704399452,0.7297297297297297,0.7831325301204819,0.9883040935672515,0.8738366080661841,37.0,Agrostis.stolonifera,0.5128622598502117,opth,3,False,mlp1,bce,msle
17,0.9489109705911873,0.43558295943662806,0.6666666666666666,0.916892502258356,0.9970530451866405,0.9552941176470588,9.0,Ajuga.chamaepitys,0.5835591689250226,opth,3,False,mlp1,bce,msle
18,0.7868896925858951,0.02181857457379835,1.0,0.5759493670886076,1.0,0.7309236947791165,10.0,Ajuga.genevensis,0.5759493670886076,opth,3,False,mlp1,bce,msle
19,0.9240240240240241,0.04109537043338403,1.0,0.7396396396396396,1.0,0.8503366131538063,6.0,Ajuga.pyramidalis,0.7396396396396396,opth,3,False,mlp1,bce,msle
20,0.8832385209264527,0.23735099208261995,0.6956521739130435,0.8495327102803738,0.9848320693391116,0.9121926743602609,46.0,Ajuga.reptans,0.5451848841934173,opth,3,False,mlp1,bce,msle
21,0.9051000335844168,0.30081584043844584,0.631578947368421,0.8422971741112124,0.9924812030075187,0.9112426035502958,19.0,Alchemilla.alpina,0.4738761214796334,opth,3,False,mlp1,bce,msle
22,0.8253962813812012,0.20882046700949414,0.6727272727272727,0.7521206409048068,0.9779411764705882,0.850293020777837,55.0,Alchemilla.xanthochlora,0.4248479136320795,opth,3,False,mlp1,bce,msle
23,0.9287211740041929,0.03990733094779337,0.6666666666666666,0.8831985624438454,0.9989837398373984,0.9375298044825942,3.0,Allium.lusitanicum,0.5498652291105119,opth,3,False,mlp1,bce,msle
24,0.7417499243112322,0.11026819198549297,0.6666666666666666,0.7166212534059946,0.9937027707808564,0.8327176781002639,15.0,Allium.oleraceum,0.3832879200726613,opth,3,False,mlp1,bce,msle
25,0.7566003616636529,0.25242155122042914,0.7,0.7423146473779385,0.9963592233009708,0.8507772020725388,10.0,Allium.schoenoprasum,0.44231464737793846,opth,3,False,mlp1,bce,msle
26,0.8527452745274527,0.07360031804995931,0.8,0.8406840684068407,0.9989304812834224,0.9130009775171065,5.0,Allium.scorodoprasum,0.6406840684068409,opth,3,False,mlp1,bce,msle
27,0.9296803652968036,0.2885084604184311,0.8095238095238095,0.9095890410958904,0.996,0.9508353221957041,21.0,Allium.sphaerocephalon,0.7191128506197,opth,3,False,mlp1,bce,msle
28,0.7263086642599278,0.022934431136402214,0.875,0.6101083032490975,0.9985228951255539,0.757422969187675,8.0,Allium.vineale,0.4851083032490975,opth,3,False,mlp1,bce,msle
29,0.9291378098966175,0.3403088970011391,0.6666666666666666,0.980126467931346,0.9972426470588235,0.9886104783599089,9.0,Alopecurus.pratensis,0.6467931345980125,opth,3,False,mlp1,bce,msle
30,0.9046121316241577,0.22774851989565167,0.8,0.8260869565217391,0.9922222222222222,0.9015648662291772,35.0,Alyssum.alyssoides,0.6260869565217391,opth,3,False,mlp1,bce,msle
31,0.8011456302955566,0.053694575432014315,0.6086956521739131,0.7913998170173834,0.9897025171624714,0.8795119471276055,23.0,Anacamptis.pyramidalis,0.40009546919129635,opth,3,False,mlp1,bce,msle
32,0.9330438164376459,0.22148158079298447,0.9285714285714286,0.8185117967332124,0.9988925802879292,0.8997506234413966,14.0,Androsace.obtusifolia,0.7470832253046411,opth,3,False,mlp1,bce,msle
33,0.9775583482944346,0.05572755417956656,1.0,0.881508078994614,1.0,0.9370229007633588,2.0,Angelica.sylvestris,0.8815080789946141,opth,3,False,mlp1,bce,msle
34,0.9295143150564837,0.2441552216048643,0.9459459459459459,0.8378127896200185,0.9977924944812362,0.9108312342569269,37.0,Antennaria.carpatica,0.7837587355659643,opth,3,False,mlp1,bce,msle
35,0.8687173241444867,0.2686514081139437,0.828125,0.7652091254752852,0.9865196078431373,0.8618843683083511,64.0,Antennaria.dioica,0.5933341254752853,opth,3,False,mlp1,bce,msle
36,0.9775179856115108,0.09383640552995393,1.0,0.9415467625899281,1.0,0.9698934691987031,4.0,Anthemis.arvensis,0.9415467625899281,opth,3,False,mlp1,bce,msle
37,0.9075579644685337,0.11365897508927184,0.8888888888888888,0.8039747064137308,0.9988776655443322,0.8908908908908909,9.0,Anthericum.liliago,0.6928635953026197,opth,3,False,mlp1,bce,msle
38,0.6966632243773947,0.4843120735819003,0.6752873563218391,0.5885416666666666,0.8,0.6781695423855963,348.0,Anthoxanthum.odoratum,0.26382902298850563,opth,3,False,mlp1,bce,msle
39,0.8428342490842491,0.09882972875996586,0.75,0.8095238095238095,0.9932584269662922,0.8920282542885973,24.0,Anthriscus.sylvestris,0.5595238095238095,opth,3,False,mlp1,bce,msle
40,0.7300242339816836,0.33888357864285634,0.6149732620320856,0.6986006458557589,0.9001386962552012,0.7866666666666666,187.0,Anthyllis.vulneraria,0.31357390788784434,opth,3,False,mlp1,bce,msle
41,0.9824955116696589,0.06944444444444445,1.0,0.8025134649910234,1.0,0.8904382470119522,2.0,Aphanes.arvensis,0.8025134649910233,opth,3,False,mlp1,bce,msle
42,0.8538669064748202,0.016621258431017014,0.75,0.7697841726618705,0.9988331388564761,0.8694768918232605,4.0,Aquilegia.vulgaris,0.5197841726618706,opth,3,False,mlp1,bce,msle
43,0.8271827182718272,0.016473013703275835,0.6,0.8451845184518452,0.997874601487779,0.9152046783625731,5.0,Arabidopsis.thaliana,0.44518451845184526,opth,3,False,mlp1,bce,msle
44,0.8519140989729225,0.16994551010465583,0.5777777777777777,0.8590102707749766,0.979765708200213,0.9154228855721394,45.0,Arabis.ciliata,0.4367880485527542,opth,3,False,mlp1,bce,msle
45,0.7705790297339593,0.11820824183445895,0.7254901960784313,0.6600938967136151,0.9804741980474198,0.7890011223344556,51.0,Arabis.hirsuta,0.3855840927920464,opth,3,False,mlp1,bce,msle
46,0.8171765968867418,0.2845622627999005,0.691358024691358,0.7652173913043478,0.9694002447980417,0.8552915766738661,81.0,Arenaria.serpyllifolia,0.45657541599570584,opth,3,False,mlp1,bce,msle
47,0.8379046762589928,0.01718051613184793,0.25,0.9442446043165468,0.9971509971509972,0.9699769053117783,4.0,Armeria.arenaria,0.1942446043165469,opth,3,False,mlp1,bce,msle
48,0.8616024973985432,0.2744640554981931,0.7096774193548387,0.7990783410138249,0.9897260273972602,0.8842427332993371,31.0,Arnica.montana,0.5087557603686637,opth,3,False,mlp1,bce,msle
49,0.8527724871721548,0.4991452054526628,0.8177339901477833,0.7612267250821467,0.9494535519125683,0.8449848024316109,203.0,Arrhenatherum.elatius,0.5789607152299299,opth,3,False,mlp1,bce,msle
50,0.9663366336633663,0.09688145188145188,1.0,0.8748874887488749,1.0,0.9332693230916946,5.0,Artemisia.absinthium,0.8748874887488749,opth,3,False,mlp1,bce,msle
51,0.9304946955719557,0.3424225677144961,0.84375,0.8542435424354243,0.9946294307196563,0.919106699751861,32.0,Artemisia.campestris,0.6979935424354244,opth,3,False,mlp1,bce,msle
52,0.8234234234234233,0.02119832200097387,0.0,0.9783783783783784,0.9945054945054945,0.9863760217983651,6.0,Artemisia.vulgaris,-0.021621621621621623,opth,3,False,mlp1,bce,msle
53,0.8353425405742821,0.1479118340555989,0.625,0.8192883895131086,0.9798432250839866,0.8924018357980622,48.0,Asperula.cynanchica,0.4442883895131087,opth,3,False,mlp1,bce,msle
54,0.9160649819494584,0.12062852136438668,0.875,0.8113718411552346,0.9988888888888889,0.8954183266932271,8.0,Asphodelus.albus,0.6863718411552346,opth,3,False,mlp1,bce,msle
55,0.8895495951417004,0.24191507180819996,0.75,0.8336466165413534,0.9855555555555555,0.9032586558044806,52.0,Aster.alpinus,0.5836466165413534,opth,3,False,mlp1,bce,msle
56,0.8619887057387058,0.19215369600915838,0.75,0.8223443223443223,0.9933628318584071,0.8997995991983968,24.0,Aster.bellidiastrum,0.5723443223443223,opth,3,False,mlp1,bce,msle
57,0.9753141831238779,0.26785714285714285,1.0,0.9102333931777379,1.0,0.9530075187969925,2.0,Aster.linosyris,0.9102333931777378,opth,3,False,mlp1,bce,msle
58,0.8933023101213229,0.22727115860024327,0.7727272727272727,0.8903107861060329,0.9948927477017364,0.9397009165460685,22.0,Astragalus.alpinus,0.6630380588333056,opth,3,False,mlp1,bce,msle
59,0.6969152440850555,0.016672459719334717,0.3333333333333333,0.7097933513027853,0.9974747474747475,0.8293963254593176,3.0,Astragalus.depressus,0.043126684636118684,opth,3,False,mlp1,bce,msle
60,0.8990650779101742,0.15733842970021655,0.8,0.8157653528872594,0.994413407821229,0.8962739174219537,25.0,Astragalus.monspessulanus,0.6157653528872595,opth,3,False,mlp1,bce,msle
61,0.9374245169082125,0.3442873183769662,0.6666666666666666,0.9519927536231884,0.9962085308056872,0.9735988883742474,12.0,Astragalus.onobrychis,0.618659420289855,opth,3,False,mlp1,bce,msle
62,0.8617594254937163,0.05886681383370125,0.5,0.796229802513465,0.9988738738738738,0.8861138861138861,2.0,Astragalus.penduliflorus,0.29622980251346487,opth,3,False,mlp1,bce,msle
63,0.9071381086920391,0.14231055142298843,0.9545454545454546,0.7477148080438757,0.9987789987789988,0.8552012545739676,22.0,Astrantia.major,0.7022602625893302,opth,3,False,mlp1,bce,msle
64,0.9966276978417266,0.8026315789473684,1.0,0.8857913669064749,1.0,0.9394372913686219,4.0,Astrantia.minor,0.8857913669064748,opth,3,False,mlp1,bce,msle
65,0.8277628032345015,0.20702148819707206,0.6785714285714286,0.7754716981132076,0.9785714285714285,0.8652631578947368,56.0,Deschampsia.flexuosa,0.4540431266846361,opth,3,False,mlp1,bce,msle
66,0.8783205042471153,0.2866086094300238,0.6119402985074627,0.8579599618684461,0.9719222462203023,0.9113924050632911,67.0,Bartsia.alpina,0.4699002603759088,opth,3,False,mlp1,bce,msle
67,0.90287368347632,0.3392310077852176,0.7962962962962963,0.8229755178907722,0.9875706214689266,0.8977914740626605,54.0,Bellis.perennis,0.6192718141870683,opth,3,False,mlp1,bce,msle
68,0.8477186585424363,0.08240078863396016,0.7894736842105263,0.7812215132178669,0.9953542392566783,0.8753830439223698,19.0,Biscutella.laevigata,0.5706951974283934,opth,3,False,mlp1,bce,msle
69,0.8568937861775578,0.05855651377692753,0.7692307692307693,0.8087035358114234,0.9966480446927374,0.8928928928928929,13.0,Blackstonia.perfoliata,0.5779343050421928,opth,3,False,mlp1,bce,msle
70,0.8541290613718412,0.08212404592410313,0.5,0.868231046931408,0.9958592132505176,0.9276759884281581,8.0,Blysmus.compressus,0.36823104693140785,opth,3,False,mlp1,bce,msle
71,0.9426768002061059,0.08775030701543113,0.7142857142857143,0.9504057709648331,0.9981060606060606,0.9736720554272518,7.0,Bothriochloa.ischaemum,0.6646914852505474,opth,3,False,mlp1,bce,msle
72,0.8314856626778054,0.21198008243632002,0.6511627906976745,0.8233009708737864,0.9658314350797267,0.8888888888888888,86.0,Botrychium.lunaria,0.47446376157146086,opth,3,False,mlp1,bce,msle
73,0.862410071942446,0.04241983547052576,0.5,0.8983812949640287,0.998001998001998,0.9455750118315192,4.0,Brachypodium.sylvaticum,0.39838129496402885,opth,3,False,mlp1,bce,msle
74,0.7420242954089888,0.38129295877847164,0.5361702127659574,0.7423382519863791,0.8571428571428571,0.7956204379562044,235.0,Briza.media,0.2785084647523366,opth,3,False,mlp1,bce,msle
75,0.8921776337653705,0.7705870859101981,0.7818627450980392,0.8347457627118644,0.8691176470588236,0.8515850144092219,408.0,Bromus.erectus,0.6166085078099037,opth,3,False,mlp1,bce,msle
76,0.8892879311873726,0.2361003033300841,0.9047619047619048,0.7681564245810056,0.9951749095295537,0.8670520231213873,42.0,Bromus.hordeaceus,0.6729183293429104,opth,3,False,mlp1,bce,msle
77,0.9943096735549566,0.519298245614035,1.0,0.9335130278526504,1.0,0.9656133828996283,3.0,Bromus.squarrosus,0.9335130278526504,opth,3,False,mlp1,bce,msle
78,0.87619911848587,0.17897503281309574,0.8571428571428571,0.7223230490018149,0.9974937343358395,0.8378947368421052,14.0,Bromus.sterilis,0.5794659061446721,opth,3,False,mlp1,bce,msle
79,0.9665166516651664,0.28713591666082733,1.0,0.8694869486948695,1.0,0.9301877708233028,5.0,Bromus.tectorum,0.8694869486948695,opth,3,False,mlp1,bce,msle
80,0.8433662773285415,0.03295989136233571,0.6666666666666666,0.6486972147349506,0.9986168741355463,0.7864923747276689,3.0,Bunias.orientalis,0.3153638814016171,opth,3,False,mlp1,bce,msle
81,0.8735795454545454,0.302732678814043,0.8,0.8039772727272727,0.9860627177700348,0.8857589984350548,60.0,Bunium.bulbocastanum,0.6039772727272728,opth,3,False,mlp1,bce,msle
82,0.6766876687668766,0.010380168681892819,0.4,0.8361836183618362,0.9967811158798283,0.9094468918257465,5.0,Buphthalmum.salicifolium,0.2361836183618362,opth,3,False,mlp1,bce,msle
83,0.8579206637282862,0.12314073154504238,0.6428571428571429,0.867513611615245,0.9947970863683663,0.926805622879302,14.0,Bupleurum.falcatum,0.5103707544723879,opth,3,False,mlp1,bce,msle
84,0.87437631302521,0.1381932794504786,0.8214285714285714,0.734375,0.9937810945273632,0.8446088794926004,28.0,Bupleurum.ranunculoides,0.5558035714285714,opth,3,False,mlp1,bce,msle
85,0.8371791547835105,0.12543551386254098,0.5,0.9346642468239564,0.9932497589199615,0.9630668536699393,14.0,Calamagrostis.varia,0.43466424682395655,opth,3,False,mlp1,bce,msle
86,0.5297993411200959,0.003666475259416056,0.0,0.8544474393530997,0.9968553459119497,0.9201741654571843,3.0,Calluna.vulgaris,-0.14555256064690025,opth,3,False,mlp1,bce,msle
87,0.9312121602473271,0.20406191136762583,0.7142857142857143,0.9729486023444545,0.9981498612395929,0.9853881278538813,7.0,Calystegia.sepium,0.6872343166301689,opth,3,False,mlp1,bce,msle
88,0.8914985446150757,0.37489081267726965,0.6666666666666666,0.8383017163504969,0.9967776584317938,0.9106967615309126,9.0,Campanula.barbata,0.5049683830171636,opth,3,False,mlp1,bce,msle
89,0.8248330297510625,0.05386412719867577,0.6666666666666666,0.7723132969034608,0.9929742388758782,0.8688524590163934,18.0,Campanula.cochleariifolia,0.4389799635701275,opth,3,False,mlp1,bce,msle
90,0.8570806100217864,0.19245732910107186,0.8444444444444444,0.711484593837535,0.9908972691807543,0.8282608695652174,45.0,Campanula.glomerata,0.5559290382819795,opth,3,False,mlp1,bce,msle
91,0.965915915915916,0.17630299983241157,1.0,0.8693693693693694,1.0,0.9301204819277108,6.0,Campanula.rapunculoides,0.8693693693693694,opth,3,False,mlp1,bce,msle
92,0.7754046762589928,0.020830056149090035,0.5,0.8812949640287769,0.9979633401221996,0.936007640878701,4.0,Campanula.rapunculus,0.38129496402877683,opth,3,False,mlp1,bce,msle
93,0.9000741106719368,0.5304343313913782,0.8365384615384616,0.7806324110671937,0.9789343246592317,0.868609125893348,104.0,Campanula.rhomboidalis,0.6171708726056553,opth,3,False,mlp1,bce,msle
94,0.6846920931007203,0.17625088419537638,0.5531914893617021,0.6839530332681018,0.9433198380566802,0.792966534316506,94.0,Campanula.rotundifolia,0.2371445226298039,opth,3,False,mlp1,bce,msle
95,0.8895927601809954,0.4015404179352315,0.6923076923076923,0.8610547667342799,0.9550056242969629,0.9056,130.0,Campanula.scheuchzeri,0.5533624590419723,opth,3,False,mlp1,bce,msle
96,0.9623318385650225,0.023255813953488372,1.0,0.7919282511210762,1.0,0.8838838838838838,1.0,Campanula.thyrsoides,0.7919282511210763,opth,3,False,mlp1,bce,msle
97,0.7002724795640327,0.026772531048603505,0.6,0.6739327883742052,0.9919786096256684,0.8025959978366685,15.0,Capsella.bursa.pastoris,0.2739327883742053,opth,3,False,mlp1,bce,msle
98,0.9423146473779385,0.30527932426990145,0.7,0.9439421338155516,0.997134670487106,0.969809568044589,10.0,Cardamine.pratensis,0.6439421338155515,opth,3,False,mlp1,bce,msle
99,0.8403779969343784,0.386178438933025,0.8028169014084507,0.742299794661191,0.96271637816245,0.8382608695652174,142.0,Carduus.defloratus,0.5451166960696416,opth,3,False,mlp1,bce,msle
100,0.7406403693666566,0.04363852561170224,0.5555555555555556,0.5971093044263776,0.9939849624060151,0.7460496613995485,9.0,Carduus.nutans,0.15266485998193313,opth,3,False,mlp1,bce,msle
101,0.8734177215189873,0.050920335408002115,0.5,0.9258589511754068,0.9951409135082604,0.9592505854800937,10.0,Carex.atrata,0.42585895117540673,opth,3,False,mlp1,bce,msle
102,0.9543731708487262,0.4552455742754528,0.8947368421052632,0.8751139471285324,0.997920997920998,0.932491500728509,19.0,Carex.capillaris,0.7698507892337956,opth,3,False,mlp1,bce,msle
103,0.7527954971857411,0.2500414560185047,0.5274725274725275,0.8039024390243903,0.9504036908881199,0.8710359408033826,91.0,Carex.caryophyllea,0.3313749664969179,opth,3,False,mlp1,bce,msle
104,0.9308226321621798,0.3728688526291971,0.9482758620689655,0.8175803402646503,0.9965437788018433,0.8982346832814122,58.0,Carex.curvula,0.765856202333616,opth,3,False,mlp1,bce,msle
105,0.8458247634718222,0.14344200854566375,0.45454545454545453,0.9411764705882353,0.994263862332696,0.9669920966992097,11.0,Carex.davalliana,0.39572192513368987,opth,3,False,mlp1,bce,msle
106,0.8585288808664261,0.17095579414379608,0.75,0.7626353790613718,0.9976387249114522,0.8644501278772379,8.0,Carex.distans,0.5126353790613718,opth,3,False,mlp1,bce,msle
107,0.9264838129496403,0.02858096643675391,1.0,0.802158273381295,1.0,0.8902195608782435,4.0,Carex.divulsa,0.8021582733812949,opth,3,False,mlp1,bce,msle
108,0.8420107719928186,0.008260229237369533,1.0,0.822262118491921,1.0,0.9024630541871921,2.0,Carex.ericetorum,0.822262118491921,opth,3,False,mlp1,bce,msle
109,0.7722571942446044,0.13760604694541348,0.75,0.7868705035971223,0.9988584474885844,0.8802816901408451,4.0,Carex.ferruginea,0.5368705035971222,opth,3,False,mlp1,bce,msle
110,0.7636269910820146,0.21735878413572712,0.6,0.7864838393731636,0.9548156956004756,0.8625134264232008,95.0,Carex.flacca,0.38648383937316355,opth,3,False,mlp1,bce,msle
111,0.8571672688214041,0.18425655082743828,0.7368421052631579,0.8126159554730983,0.9887133182844243,0.8920570264765784,38.0,Carex.halleriana,0.549458060736256,opth,3,False,mlp1,bce,msle
112,0.8981432615266516,0.12360575860503213,0.8421052631578947,0.7948951686417502,0.9965714285714286,0.8843813387423936,19.0,Carex.hirta,0.6370004317996449,opth,3,False,mlp1,bce,msle
113,0.9148514851485149,0.1590765141007859,0.8,0.8352835283528353,0.9989235737351991,0.9098039215686274,5.0,Carex.hostiana,0.6352835283528353,opth,3,False,mlp1,bce,msle
114,0.8796292613071323,0.17559910634812562,0.5652173913043478,0.8847209515096066,0.9897645854657113,0.9342995169082126,23.0,Carex.humilis,0.4499383428139545,opth,3,False,mlp1,bce,msle
115,0.8771890096618357,0.07249570962620011,0.3333333333333333,0.947463768115942,0.9924098671726755,0.969416126042632,12.0,Carex.liparocarpos,0.2807971014492754,opth,3,False,mlp1,bce,msle
116,0.7333607568901687,0.07257654819268669,0.45454545454545453,0.7429864253393665,0.992744860943168,0.849896480331263,11.0,Carex.montana,0.19753187988482113,opth,3,False,mlp1,bce,msle
117,0.8849756463094792,0.16921554611325543,0.7647058823529411,0.813466787989081,0.9955456570155902,0.8953430145217827,17.0,Carex.spicata,0.5781726703420222,opth,3,False,mlp1,bce,msle
118,0.9125615763546799,0.46888649049883063,0.7142857142857143,0.9038112522686026,0.996,0.9476688867745005,14.0,Carex.nigra,0.618096966554317,opth,3,False,mlp1,bce,msle
119,0.8868819303996095,0.08031822956302993,0.8461538461538461,0.7805983680870353,0.9976825028968713,0.8758901322482198,13.0,Carex.ornithopoda,0.6267522142408815,opth,3,False,mlp1,bce,msle
120,0.9130399012751954,0.18194175461350826,0.45454545454545453,0.951131221719457,0.9943235572374646,0.9722479185938946,11.0,Carex.pallescens,0.40567667626491155,opth,3,False,mlp1,bce,msle
121,0.7970302474793767,0.19420514478833292,0.52,0.8808432630614116,0.987667009249743,0.9312015503875969,25.0,Carex.panicea,0.4008432630614116,opth,3,False,mlp1,bce,msle
122,0.9507922195027695,0.07555031844517757,1.0,0.78809738503156,1.0,0.8814926878466969,7.0,Carex.rupestris,0.78809738503156,opth,3,False,mlp1,bce,msle
123,0.8622609537642217,0.48589197283714763,0.9343434343434344,0.710239651416122,0.9804511278195489,0.8237523689197725,198.0,Carex.sempervirens,0.6445830857595563,opth,3,False,mlp1,bce,msle
124,0.7974056768254412,0.0583969290461169,0.3076923076923077,0.8794197642792384,0.9908069458631257,0.9317963496637848,13.0,Carex.tomentosa,0.187112071971546,opth,3,False,mlp1,bce,msle
125,0.8329786910660546,0.42622111697402987,0.7313432835820896,0.774949083503055,0.9548306148055207,0.8555368184373243,134.0,Carlina.acaulis,0.5062923670851447,opth,3,False,mlp1,bce,msle
126,0.8910171181651986,0.11290592331414266,0.5,0.9012797074954296,0.9889669007021064,0.943089430894309,22.0,Carlina.vulgaris,0.4012797074954295,opth,3,False,mlp1,bce,msle
127,0.8864266560164318,0.35494851587854653,0.9294117647058824,0.6896217264791464,0.9916317991631799,0.8135011441647597,85.0,Carum.carvi,0.6190334911850288,opth,3,False,mlp1,bce,msle
128,0.8745399673837657,0.49297083268558967,0.9053254437869822,0.7307286166842661,0.9774011299435028,0.8362537764350453,169.0,Centaurea.jacea,0.6360540604712484,opth,3,False,mlp1,bce,msle
129,0.9238387734209461,0.21719328885548111,0.8717948717948718,0.8588672237697307,0.9946236559139785,0.9217737917289487,39.0,Centaurea.montana,0.7306620955646026,opth,3,False,mlp1,bce,msle
130,0.850766285215151,0.3553344872151419,0.8141592920353983,0.7298105682951147,0.9721115537848606,0.8337129840546698,113.0,Centaurea.scabiosa,0.543969860330513,opth,3,False,mlp1,bce,msle
131,0.8263673774784885,0.5269143616145334,0.7333333333333333,0.7407407407407407,0.9166666666666666,0.819366852886406,225.0,Cerastium.arvense,0.47407407407407387,opth,3,False,mlp1,bce,msle
132,0.92075638540285,0.24580196143625063,0.8148148148148148,0.8282828282828283,0.9944873208379272,0.9038076152304609,27.0,Cerastium.brachypetalum,0.6430976430976432,opth,3,False,mlp1,bce,msle
133,0.8194014447884417,0.3724732226802265,0.8095238095238095,0.695562435500516,0.9601139601139601,0.8067025733093955,147.0,Cerastium.fontanum,0.5050862450243256,opth,3,False,mlp1,bce,msle
134,0.9623372691492582,0.3384841249349691,0.9333333333333333,0.8546775658492279,0.9989384288747346,0.9211943220753793,15.0,Cerastium.glomeratum,0.7880108991825612,opth,3,False,mlp1,bce,msle
135,0.8786363636363638,0.06818852553074947,0.5625,0.8963636363636364,0.9929506545820745,0.9421882465360726,16.0,Cerastium.pumilum,0.4588636363636365,opth,3,False,mlp1,bce,msle
136,0.8342342342342343,0.03850458701888387,0.6666666666666666,0.7927927927927928,0.9977324263038548,0.8835341365461847,6.0,Cerastium.semidecandrum,0.45945945945945943,opth,3,False,mlp1,bce,msle
137,0.85546875,0.13323316352548187,0.5714285714285714,0.890625,0.9877675840978594,0.9366843885935234,28.0,Chaerophyllum.aureum,0.4620535714285714,opth,3,False,mlp1,bce,msle
138,0.883318195579776,0.10869391337642485,0.7333333333333333,0.8228882833787466,0.9956043956043956,0.9010442565887619,15.0,Chaerophyllum.hirsutum,0.5562216167120799,opth,3,False,mlp1,bce,msle
139,0.9539453601953601,0.33593478305254704,0.75,0.9304029304029304,0.9941291585127201,0.9612109744560076,24.0,Chaerophyllum.villarsii,0.6804029304029304,opth,3,False,mlp1,bce,msle
140,0.8218132854578097,0.007407103151784003,0.5,0.8635547576301615,0.9989615784008308,0.9263360616273472,2.0,Chenopodium.album,0.36355475763016143,opth,3,False,mlp1,bce,msle
141,0.8151978417266188,0.07886402753872633,0.75,0.7491007194244604,0.9988009592326139,0.8561151079136691,4.0,Chondrilla.juncea,0.4991007194244603,opth,3,False,mlp1,bce,msle
142,0.8526504941599281,0.011656244989578323,1.0,0.7493261455525606,1.0,0.8567026194144838,3.0,Cichorium.intybus,0.7493261455525606,opth,3,False,mlp1,bce,msle
143,0.7414889591445626,0.18559991009122953,0.6582278481012658,0.6972034715525555,0.964,0.8091773922775601,79.0,Cirsium.acaule,0.35543131965382124,opth,3,False,mlp1,bce,msle
144,0.796400920694706,0.14511928806127675,0.8333333333333334,0.6092278719397364,0.9862804878048781,0.7532013969732246,54.0,Cirsium.arvense,0.44256120527306964,opth,3,False,mlp1,bce,msle
145,0.8194158782394076,0.07063621577698229,0.5454545454545454,0.853393665158371,0.9947257383966245,0.9186556259132976,11.0,Cirsium.eriophorum,0.39884821061291653,opth,3,False,mlp1,bce,msle
146,0.9377137713771377,0.07137817445774892,1.0,0.8982898289828983,1.0,0.9464201043148411,5.0,Cirsium.palustre,0.8982898289828984,opth,3,False,mlp1,bce,msle
147,0.8504213483146068,0.1759387642087864,0.5208333333333334,0.8623595505617978,0.975635593220339,0.915506958250497,48.0,Cirsium.spinosissimum,0.38319288389513106,opth,3,False,mlp1,bce,msle
148,0.8351295763060469,0.03398735325329793,0.9090909090909091,0.6497737556561086,0.9986091794158554,0.7872807017543859,11.0,Cirsium.tuberosum,0.5588646647470177,opth,3,False,mlp1,bce,msle
149,0.8257021771647,0.11573688005215794,0.6363636363636364,0.8436928702010968,0.99140708915145,0.9116049382716049,22.0,Cirsium.vulgare,0.4800565065647331,opth,3,False,mlp1,bce,msle
150,0.8708350473056355,0.15881979641008936,1.0,0.48778280542986424,1.0,0.6557177615571776,11.0,Clinopodium.vulgare,0.4877828054298643,opth,3,False,mlp1,bce,msle
151,0.8592321755027422,0.1354997543677968,0.6818181818181818,0.8327239488117002,0.9923747276688453,0.9055666003976143,22.0,Coeloglossum.viride,0.5145421306298821,opth,3,False,mlp1,bce,msle
152,0.8672069763515191,0.3803394090143581,0.8282828282828283,0.7640117994100295,0.9785894206549118,0.8580894533406958,99.0,Colchicum.autumnale,0.5922946276928578,opth,3,False,mlp1,bce,msle
153,0.8815293690109596,0.42883444626210915,0.8367346938775511,0.7094657919400188,0.9895424836601308,0.8264192139737991,49.0,Convolvulus.arvensis,0.54620048581757,opth,3,False,mlp1,bce,msle
154,0.8446476877495814,0.027347893147382552,0.5714285714285714,0.8268710550045085,0.9967391304347826,0.9038935436175456,7.0,Conyza.canadensis,0.3982996264330798,opth,3,False,mlp1,bce,msle
155,0.8903621853898097,0.13749004364424872,0.3333333333333333,0.9521178637200737,0.9810246679316889,0.9663551401869159,30.0,Coronilla.minima,0.28545119705340705,opth,3,False,mlp1,bce,msle
156,0.8588281047446202,0.06729144322219868,0.5714285714285714,0.8566243194192378,0.9936842105263158,0.9200779727095516,14.0,Crepis.aurea,0.4280528908478092,opth,3,False,mlp1,bce,msle
157,0.8613029225081955,0.21184125018135175,0.7222222222222222,0.803201506591337,0.9827188940092166,0.883937823834197,54.0,Crepis.biennis,0.5254237288135593,opth,3,False,mlp1,bce,msle
158,0.9793546931407942,0.33451905573348667,1.0,0.8763537906137184,1.0,0.9341029341029341,8.0,Crepis.bocconi,0.8763537906137184,opth,3,False,mlp1,bce,msle
159,0.9420807711484128,0.38947314388268434,0.8181818181818182,0.8829981718464351,0.9958762886597938,0.936046511627907,22.0,Crepis.conyzifolia,0.7011799900282534,opth,3,False,mlp1,bce,msle
160,0.9142535995289837,0.20325255520097707,0.8823529411764706,0.7788898999090081,0.9976689976689976,0.8748083801737353,17.0,Crepis.foetida,0.6612428410854787,opth,3,False,mlp1,bce,msle
161,0.9990999099909991,0.8999999999999999,1.0,0.8496849684968497,1.0,0.918734793187348,5.0,Crepis.mollis,0.8496849684968497,opth,3,False,mlp1,bce,msle
162,0.8819918592436975,0.2952370313985312,0.7857142857142857,0.8612132352941176,0.9936373276776246,0.9226981782373215,28.0,Crepis.pyrenaica,0.6469275210084033,opth,3,False,mlp1,bce,msle
163,0.8932734240782344,0.1869108026210942,0.8,0.8538390379278445,0.9924731182795699,0.9179512680258578,35.0,Crepis.vesicaria,0.6538390379278445,opth,3,False,mlp1,bce,msle
164,0.8712871287128713,0.0355219012534761,0.6,0.8388838883888389,0.9978586723768736,0.9114914425427872,5.0,Cruciata.glabra,0.43888388838883885,opth,3,False,mlp1,bce,msle
165,0.8734143338864209,0.09610338173019052,0.8823529411764706,0.7743403093721565,0.9976553341148886,0.8719262295081968,17.0,Cruciata.laevipes,0.6566932505486269,opth,3,False,mlp1,bce,msle
166,0.7372372372372372,0.01507322623333393,0.16666666666666666,0.8963963963963963,0.995,0.943127962085308,6.0,Cruciata.pedemontana,0.06306306306306309,opth,3,False,mlp1,bce,msle
167,0.7565374211000901,0.08215208761725067,0.5714285714285714,0.8259693417493237,0.9967355821545157,0.903353057199211,7.0,Cuscuta.epithymum,0.3973979131778951,opth,3,False,mlp1,bce,msle
168,0.8688851999792498,0.27633372806688594,0.8378378378378378,0.7610364683301344,0.9850931677018634,0.8586897671900379,74.0,Cynosurus.cristatus,0.5988743061679722,opth,3,False,mlp1,bce,msle
169,0.8408802354204068,0.6680641948568695,0.8394366197183099,0.7135348226018396,0.905,0.7979426891991183,355.0,Dactylis.glomerata,0.5529714423201495,opth,3,False,mlp1,bce,msle
170,0.5946188340807175,0.002207505518763797,0.0,0.7524663677130045,0.9988095238095238,0.858312020460358,1.0,Dactylorhiza.maculata,-0.24753363228699554,opth,3,False,mlp1,bce,msle
171,0.7549916269483448,0.09967542588322839,0.42857142857142855,0.7962128043282236,0.9954904171364148,0.8847695390781564,7.0,Dactylorhiza.majalis,0.2247842328996521,opth,3,False,mlp1,bce,msle
172,0.5955485611510791,0.005685607370044757,0.0,0.9937050359712231,0.9963931469792606,0.995047276001801,4.0,Danthonia.decumbens,-0.006294964028776939,opth,3,False,mlp1,bce,msle
173,0.8636836950358266,0.3029699216995946,0.8947368421052632,0.693437806072478,0.9860724233983287,0.8142610695802185,95.0,Daucus.carota,0.5881746481777412,opth,3,False,mlp1,bce,msle
174,0.8354879413375235,0.172867907859607,0.7692307692307693,0.7855153203342619,0.9894736842105263,0.8757763975155279,39.0,Deschampsia.cespitosa,0.5547460895650311,opth,3,False,mlp1,bce,msle
175,0.8378819180167446,0.18562056173856023,0.7941176470588235,0.7513863216266173,0.9914634146341463,0.8548895899053628,34.0,Dianthus.carthusianorum,0.5455039686854408,opth,3,False,mlp1,bce,msle
176,0.7834383438343835,0.013971569278103207,0.4,0.8082808280828083,0.9966703662597114,0.8926441351888668,5.0,Dianthus.deltoides,0.20828082808280834,opth,3,False,mlp1,bce,msle
177,0.8740241635687732,0.19721594812250762,0.55,0.8986988847583643,0.9817258883248731,0.9383794274623969,40.0,Dianthus.sylvestris,0.4486988847583644,opth,3,False,mlp1,bce,msle
178,0.9544773884396526,0.043550095853092524,1.0,0.912848158131177,1.0,0.9544387036167215,3.0,Dipsacus.fullonum,0.9128481581311769,opth,3,False,mlp1,bce,msle
179,0.8930397727272728,0.2805390773593229,0.8833333333333333,0.8058712121212122,0.9918414918414918,0.8892371995820272,60.0,Draba.aizoides,0.6892045454545455,opth,3,False,mlp1,bce,msle
180,0.9515695067264573,0.01818181818181818,1.0,0.874439461883408,1.0,0.9330143540669856,1.0,Draba.siliquosa,0.8744394618834082,opth,3,False,mlp1,bce,msle
181,0.9170492806856444,0.3107759199291745,0.8888888888888888,0.8108356290174472,0.9966139954853274,0.8941772151898734,27.0,Dryas.octopetala,0.699724517906336,opth,3,False,mlp1,bce,msle
182,0.7394429469901168,0.006917522664551527,0.0,0.9505840071877808,0.9971724787935909,0.9733210671573137,3.0,Dryopteris.filix.mas,-0.0494159928122192,opth,3,False,mlp1,bce,msle
183,0.8132262474367737,0.11281526134335214,0.8157894736842105,0.6790352504638218,0.9905277401894452,0.8057237204182719,38.0,Echium.vulgare,0.49482472414803236,opth,3,False,mlp1,bce,msle
184,0.8657989228007181,0.013450026521179055,0.5,0.8806104129263914,0.9989816700610998,0.9360687022900763,2.0,Epilobium.angustifolium,0.3806104129263914,opth,3,False,mlp1,bce,msle
185,0.8097597597597598,0.04285660684433056,0.5,0.9414414414414415,0.9971374045801527,0.9684893419833179,6.0,Epipactis.palustris,0.4414414414414414,opth,3,False,mlp1,bce,msle
186,0.8178636245786881,0.07355366762057083,0.8571428571428571,0.6633393829401089,0.9972714870395635,0.7967302452316076,14.0,Equisetum.arvense,0.5204822400829658,opth,3,False,mlp1,bce,msle
187,0.7560975609756098,0.04458072933197118,0.4444444444444444,0.9132791327913279,0.9950787401574803,0.9524258125294395,9.0,Equisetum.palustre,0.3577235772357723,opth,3,False,mlp1,bce,msle
188,0.9179395028451632,0.024304029304029307,0.0,0.9919137466307277,0.997289972899729,0.9945945945945946,3.0,Equisetum.telmateia,-0.008086253369272267,opth,3,False,mlp1,bce,msle
189,0.9573608617594255,0.031054405392392875,1.0,0.829443447037702,1.0,0.9067713444553483,2.0,Erigeron.acer,0.8294434470377019,opth,3,False,mlp1,bce,msle
190,0.8379942813306367,0.08306872590420296,0.38461538461538464,0.8757932910244787,0.9917864476386037,0.9301877708233028,13.0,Erigeron.alpinus,0.26040867563986336,opth,3,False,mlp1,bce,msle
191,0.9488627351457666,0.25794631544187796,1.0,0.7865685372585096,1.0,0.8805355303810505,29.0,Erigeron.annuus,0.7865685372585096,opth,3,False,mlp1,bce,msle
192,0.8587591240875913,0.07456204515199728,0.5,0.8695255474452555,0.9896157840083074,0.925692083535697,20.0,Erigeron.glabratus,0.36952554744525545,opth,3,False,mlp1,bce,msle
193,0.8570657065706571,0.06785544759340029,0.8,0.8073807380738074,0.9988864142538976,0.8929815828770533,5.0,Erigeron.neglectus,0.6073807380738074,opth,3,False,mlp1,bce,msle
194,0.9028033088235293,0.21875185003767908,0.8214285714285714,0.8198529411764706,0.9944258639910813,0.8987405541561713,28.0,Erigeron.uniflorus,0.641281512605042,opth,3,False,mlp1,bce,msle
195,0.875539496135702,0.15118457350129447,0.3333333333333333,0.9467028003613369,0.9943074003795066,0.9699213327163351,9.0,Erodium.cicutarium,0.2800361336946702,opth,3,False,mlp1,bce,msle
196,0.7984426474992512,0.09554933084344848,0.6666666666666666,0.8427672955974843,0.9989350372736954,0.9142300194931774,3.0,Erophila.verna,0.509433962264151,opth,3,False,mlp1,bce,msle
197,0.9184630163304516,0.4304620640915638,0.8,0.861671469740634,0.9835526315789473,0.9185867895545314,75.0,Eryngium.campestre,0.6616714697406341,opth,3,False,mlp1,bce,msle
198,0.8693629049793434,0.13772722885173205,0.5714285714285714,0.8511415525114155,0.9904357066950054,0.9155206286836935,21.0,Erysimum.rhaeticum,0.42257012393998705,opth,3,False,mlp1,bce,msle
199,0.9334020352956331,0.1965271134942667,1.0,0.7799819657348963,1.0,0.8763931104356636,7.0,Erysimum.virgatum,0.7799819657348963,opth,3,False,mlp1,bce,msle
200,0.7078096947935368,0.019454586946599725,0.5,0.8375224416517055,0.9989293361884368,0.9111328125,2.0,Eupatorium.cannabinum,0.33752244165170553,opth,3,False,mlp1,bce,msle
201,0.7685849456291485,0.3081373662449012,0.7054794520547946,0.7010309278350515,0.9405255878284924,0.8033077377436503,146.0,Euphorbia.cyparissias,0.4065103798898462,opth,3,False,mlp1,bce,msle
202,0.8546622503262069,0.09875322606530691,0.6666666666666666,0.8681120144534779,0.9968879668049793,0.9280540801545147,9.0,Euphorbia.dulcis,0.5347786811201445,opth,3,False,mlp1,bce,msle
203,0.9291479820627803,0.0125,0.0,0.9542600896860987,0.9990610328638497,0.9761467889908257,1.0,Euphorbia.helioscopia,-0.045739910313901344,opth,3,False,mlp1,bce,msle
204,0.918091809180918,0.28765660568939255,0.8,0.9576957695769577,0.9990610328638497,0.9779411764705882,5.0,Euphorbia.seguieriana,0.7576957695769577,opth,3,False,mlp1,bce,msle
205,0.8689395088753549,0.2203454378408544,0.9069767441860465,0.646784715750233,0.994269340974212,0.7837380011293055,43.0,Euphorbia.brittingeri,0.5537614599362795,opth,3,False,mlp1,bce,msle
206,0.8365309826289862,0.058092658075257375,0.5714285714285714,0.8901996370235935,0.993920972644377,0.9392053614169459,14.0,Euphrasia.alpina,0.461628208452165,opth,3,False,mlp1,bce,msle
207,0.9014575806652547,0.3149926587500414,0.9130434782608695,0.7707736389684814,0.992619926199262,0.867741935483871,69.0,Euphrasia.minima,0.683817117229351,opth,3,False,mlp1,bce,msle
208,0.8407664609053499,0.2228726717313197,0.6944444444444444,0.8305555555555556,0.987885462555066,0.9024144869215291,36.0,Euphrasia.salisburgensis,0.5249999999999999,opth,3,False,mlp1,bce,msle
209,0.9066996402877697,0.025835880388788493,1.0,0.7005395683453237,1.0,0.8239026969857218,4.0,Euphrasia.stricta,0.7005395683453237,opth,3,False,mlp1,bce,msle
210,0.8855452467392766,0.377221126202643,0.8558558558558559,0.7910447761194029,0.9802712700369913,0.8755506607929515,111.0,Festuca.arundinacea,0.6469006319752588,opth,3,False,mlp1,bce,msle
211,0.9215596330275229,0.3146316027178302,0.7692307692307693,0.9596330275229358,0.9942965779467681,0.976657329598506,26.0,Festuca.ovina,0.728863796753705,opth,3,False,mlp1,bce,msle
212,0.9496383363471971,0.12153323488900855,1.0,0.8471971066907775,1.0,0.9172785119921684,10.0,Festuca.halleri,0.8471971066907775,opth,3,False,mlp1,bce,msle
213,0.8350838350838351,0.3883900204918207,0.7272727272727273,0.7567567567567568,0.9454545454545454,0.8406466512702079,154.0,Festuca.laevigata,0.4840294840294841,opth,3,False,mlp1,bce,msle
214,0.8206900540821934,0.40911361336240476,0.7816901408450704,0.6960985626283368,0.9562764456981664,0.8057040998217468,142.0,Festuca.nigrescens,0.4777887034734072,opth,3,False,mlp1,bce,msle
215,0.9153638814016173,0.4452507420643127,0.875,0.7830188679245284,0.991636798088411,0.875065893516078,56.0,Festuca.paniculata,0.6580188679245285,opth,3,False,mlp1,bce,msle
216,0.9348525968497233,0.5149168340621417,0.9027777777777778,0.8505747126436781,0.9921787709497206,0.9159360495100567,72.0,Festuca.quadriflora,0.7533524904214559,opth,3,False,mlp1,bce,msle
217,0.7125974333896448,0.2732199076203179,0.5289855072463768,0.7382413087934561,0.9174078780177891,0.8181303116147309,138.0,Festuca.rubra,0.267226816039833,opth,3,False,mlp1,bce,msle
218,0.9355991357819512,0.28872466390422385,0.7272727272727273,0.9369287020109689,0.9941804073714839,0.9647058823529412,22.0,Festuca.valesiaca,0.6642014292836962,opth,3,False,mlp1,bce,msle
219,0.8897760953714109,0.48274653591251476,0.8616352201257862,0.7910135841170324,0.9717586649550706,0.8721198156682027,159.0,Festuca.violacea,0.6526488042428187,opth,3,False,mlp1,bce,msle
220,0.8429621848739496,0.1774168550529709,0.7142857142857143,0.7555147058823529,0.9903614457831326,0.8571428571428571,28.0,Filipendula.vulgaris,0.4698004201680672,opth,3,False,mlp1,bce,msle
221,0.7089350180505416,0.03307601916207144,0.375,0.7445848375451264,0.9939759036144579,0.8513931888544891,8.0,Fragaria.vesca,0.11958483754512628,opth,3,False,mlp1,bce,msle
222,0.8975652787579393,0.21544785881415673,0.3076923076923077,0.9706422018348624,0.983271375464684,0.976915974145891,26.0,Fumana.procumbens,0.2783345095271701,opth,3,False,mlp1,bce,msle
223,0.9006300630063007,0.06883946039063038,0.8,0.7650765076507651,0.9988249118683902,0.8664627930682977,5.0,Galeopsis.tetrahit,0.5650765076507651,opth,3,False,mlp1,bce,msle
224,0.8367858126894272,0.13501683244538648,0.7567567567567568,0.7868396663577386,0.9895104895104895,0.8766133195663397,37.0,Galium.anisophyllon,0.5435964231144954,opth,3,False,mlp1,bce,msle
225,0.9048473967684022,0.060409924487594385,1.0,0.5789946140035906,1.0,0.7333712336554861,2.0,Galium.aparine,0.5789946140035906,opth,3,False,mlp1,bce,msle
226,0.8214219330855018,0.13299024719647998,0.825,0.679368029739777,0.9905149051490515,0.8059536934950385,40.0,Galium.boreale,0.5043680297397768,opth,3,False,mlp1,bce,msle
227,0.9179723502304147,0.23491397051219345,0.7096774193548387,0.919815668202765,0.9910625620655412,0.9541108986615678,31.0,Galium.corrudifolium,0.6294930875576037,opth,3,False,mlp1,bce,msle
228,0.8800493624023036,0.04981306164148258,0.9090909090909091,0.7321266968325791,0.9987654320987654,0.8449086161879895,11.0,Galium.glaucum,0.6412176059234882,opth,3,False,mlp1,bce,msle
229,0.7688412408759124,0.08861066454550805,0.65,0.6368613138686131,0.9900709219858156,0.7751249305941144,20.0,Galium.lucidum,0.28686131386861313,opth,3,False,mlp1,bce,msle
230,0.8220277738784125,0.5342027256961445,0.863849765258216,0.5968992248062015,0.948943661971831,0.7328348062542488,213.0,Galium.mollugo,0.4607489900644175,opth,3,False,mlp1,bce,msle
231,0.7690518892300211,0.2865977055102828,0.7313432835820896,0.7036659877800407,0.9504814305364512,0.8086600351082505,134.0,Galium.pumilum,0.4350092713621303,opth,3,False,mlp1,bce,msle
232,0.7924461199231808,0.5265982142765271,0.7716262975778547,0.6493349455864571,0.8905472636815921,0.7510489510489511,289.0,Galium.verum,0.42096124316431194,opth,3,False,mlp1,bce,msle
233,0.9132423724094036,0.21772904707190135,0.782608695652174,0.8600182982616651,0.9947089947089947,0.9224730127576055,23.0,Genista.pilosa,0.6426269939138392,opth,3,False,mlp1,bce,msle
234,0.9480165932071558,0.18971639833263348,1.0,0.7577132486388385,1.0,0.862157976251936,14.0,Genista.sagittalis,0.7577132486388385,opth,3,False,mlp1,bce,msle
235,0.8895948434622469,0.2159339005729501,0.6333333333333333,0.8812154696132597,0.9886363636363636,0.9318403115871471,30.0,Genista.tinctoria,0.514548802946593,opth,3,False,mlp1,bce,msle
236,0.869495178672717,0.19319607483584122,0.6097560975609756,0.8427906976744186,0.982646420824295,0.9073610415623435,41.0,Gentiana.acaulis,0.4525467952353943,opth,3,False,mlp1,bce,msle
237,0.9355334538878842,0.43294851084989816,0.7,0.9213381555153707,0.99706457925636,0.9577067669172933,10.0,Gentiana.alpina,0.6213381555153705,opth,3,False,mlp1,bce,msle
238,0.9123757904245708,0.05262262206883514,0.3333333333333333,0.950316169828365,0.994328922495274,0.971824480369515,9.0,Gentiana.bavarica,0.28364950316169835,opth,3,False,mlp1,bce,msle
239,0.8873087308730874,0.027865514026612425,0.8,0.8010801080108011,0.9988776655443322,0.8891108891108891,5.0,Gentiana.cruciata,0.6010801080108013,opth,3,False,mlp1,bce,msle
240,0.8769478234643611,0.38192354840985215,0.8850574712643678,0.7580174927113703,0.9873417721518988,0.8576140736668499,87.0,Gentiana.lutea,0.6430749639757383,opth,3,False,mlp1,bce,msle
241,0.8752272727272727,0.19183194942461193,0.375,0.9490909090909091,0.9905123339658444,0.9693593314763231,16.0,Gentiana.nivalis,0.3240909090909092,opth,3,False,mlp1,bce,msle
242,0.8741410488245931,0.19559024346787035,0.6,0.8924050632911392,0.9959636730575177,0.9413447782546495,10.0,Gentiana.punctata,0.4924050632911392,opth,3,False,mlp1,bce,msle
243,0.9008209182122225,0.46792472408992447,0.8695652173913043,0.8081918081918081,0.9817961165048543,0.8865753424657534,115.0,Gentiana.verna,0.6777570255831125,opth,3,False,mlp1,bce,msle
244,0.8708192896033186,0.07408532833833195,0.7857142857142857,0.7313974591651543,0.9962917181705809,0.8435374149659864,14.0,Geranium.columbinum,0.51711174487944,opth,3,False,mlp1,bce,msle
245,0.9335655362053162,0.27505954519089665,0.92,0.8093492208982584,0.9977401129943503,0.8937246963562753,25.0,Geranium.dissectum,0.7293492208982584,opth,3,False,mlp1,bce,msle
246,0.9702596618357487,0.4386823533139085,1.0,0.7789855072463768,1.0,0.8757637474541752,12.0,Geranium.molle,0.7789855072463769,opth,3,False,mlp1,bce,msle
247,0.8477623456790123,0.15717470110442058,0.8055555555555556,0.7055555555555556,0.9908972691807543,0.824229313142239,36.0,Geranium.pyrenaicum,0.5111111111111111,opth,3,False,mlp1,bce,msle
248,0.8155296229802513,0.007246376811594203,1.0,0.7531418312387792,1.0,0.8591909882232462,2.0,Geranium.robertianum,0.7531418312387792,opth,3,False,mlp1,bce,msle
249,0.7839478417266187,0.009789111903015056,0.0,0.8983812949640287,0.996011964107677,0.9446808510638298,4.0,Geranium.rotundifolium,-0.10161870503597126,opth,3,False,mlp1,bce,msle
250,0.794848757112908,0.009399627331316137,1.0,0.6091644204851752,1.0,0.7571189279731994,3.0,Geranium.sanguineum,0.6091644204851752,opth,3,False,mlp1,bce,msle
251,0.8859488337749207,0.5435434319846864,0.8608695652173913,0.7782217782217782,0.979874213836478,0.8674832962138085,115.0,Geranium.sylvaticum,0.6390913434391696,opth,3,False,mlp1,bce,msle
252,0.9016710408755862,0.48212501578789757,0.8918918918918919,0.7923553719008265,0.979565772669221,0.876070816676185,148.0,Geum.montanum,0.6842472637927184,opth,3,False,mlp1,bce,msle
253,0.965117235705471,0.30892172855032324,1.0,0.7846153846153846,1.0,0.8793103448275862,11.0,Geum.rivale,0.7846153846153845,opth,3,False,mlp1,bce,msle
254,0.7935076645626691,0.041270629807239466,0.42857142857142855,0.830477908025248,0.9956756756756757,0.9056047197640118,7.0,Geum.urbanum,0.2590493365966766,opth,3,False,mlp1,bce,msle
255,0.910521582733813,0.03360871687055042,1.0,0.7131294964028777,1.0,0.8325459317585302,4.0,Glechoma.hederacea,0.7131294964028778,opth,3,False,mlp1,bce,msle
256,0.8740317120287665,0.258450420538993,0.5510204081632653,0.9268978444236177,0.9782393669634025,0.9518768046198267,49.0,Globularia.bisnagarica,0.4779182525868828,opth,3,False,mlp1,bce,msle
257,0.8492288322316651,0.28251672514663895,0.5964912280701754,0.8470254957507082,0.975,0.9065184436584134,57.0,Globularia.cordifolia,0.4435167238208835,opth,3,False,mlp1,bce,msle
258,0.9670560047918538,0.0630269306739895,1.0,0.917340521114106,1.0,0.9568884723523898,3.0,Globularia.nudicaulis,0.9173405211141059,opth,3,False,mlp1,bce,msle
259,0.7456327037332624,0.09213472699504427,0.6666666666666666,0.6508379888268156,0.9803646563814866,0.7823167319529939,42.0,Gymnadenia.conopsea,0.31750465549348217,opth,3,False,mlp1,bce,msle
260,0.8626704545454545,0.13802544471448863,0.5,0.8981818181818182,0.9919678714859438,0.9427480916030534,16.0,Gypsophila.repens,0.3981818181818182,opth,3,False,mlp1,bce,msle
261,0.7839971375539504,0.41065486272904617,0.7268041237113402,0.6778741865509761,0.9218289085545722,0.78125,194.0,Helianthemum.nummularium,0.4046783102623164,opth,3,False,mlp1,bce,msle
262,0.6534653465346535,0.011870813113282525,0.0,0.9675967596759676,0.9953703703703703,0.9812870835235052,5.0,Helleborus.foetidus,-0.03240324032403241,opth,3,False,mlp1,bce,msle
263,0.8589636182880377,0.33005758384265554,0.896551724137931,0.6841593780369291,0.9873772791023843,0.8082663605051664,87.0,Heracleum.sphondylium,0.5807111021748601,opth,3,False,mlp1,bce,msle
264,0.6777677767776777,0.020548787536940488,0.6,0.8910891089108911,0.9979838709677419,0.9415121255349501,5.0,Hieracium.bifidum,0.4910891089108911,opth,3,False,mlp1,bce,msle
265,0.7591937474290416,0.050077929747876976,0.6363636363636364,0.7085972850678733,0.9949174078780177,0.8276955602536998,11.0,Hieracium.murorum,0.3449609214315097,opth,3,False,mlp1,bce,msle
266,0.8633380381086803,0.09044701523157436,0.6538461538461539,0.8275229357798165,0.9901207464324918,0.9015492253873063,26.0,Hieracium.piliferum,0.48136908962597036,opth,3,False,mlp1,bce,msle
267,0.9785778577857787,0.11412698412698413,1.0,0.8388838883888389,1.0,0.9123837493881547,5.0,Hieracium.prenanthoides,0.838883888388839,opth,3,False,mlp1,bce,msle
268,0.8945463224471936,0.16562084533210114,0.4782608695652174,0.9021043000914913,0.9879759519038076,0.943089430894309,23.0,Hieracium.villosum,0.38036516965670875,opth,3,False,mlp1,bce,msle
269,0.8907054193157735,0.09589626318571454,0.8666666666666667,0.7565849227974568,0.9976047904191617,0.8605371900826446,15.0,Himantoglossum.hircinum,0.6232515894641235,opth,3,False,mlp1,bce,msle
270,0.7178017241379311,0.199432529917349,0.5344827586206896,0.739,0.9319041614123581,0.8243167875069716,116.0,Hippocrepis.comosa,0.2734827586206896,opth,3,False,mlp1,bce,msle
271,0.9287797781414804,0.5832521627403839,0.75177304964539,0.8912820512820513,0.9612831858407079,0.9249600851516764,141.0,Holcus.lanatus,0.6430551009274414,opth,3,False,mlp1,bce,msle
272,0.8913610395091877,0.3110033119454394,0.6825396825396826,0.8784425451092118,0.9788359788359788,0.9259259259259259,63.0,Homogyne.alpina,0.5609822276488945,opth,3,False,mlp1,bce,msle
273,0.9658886894075405,0.17982456140350878,0.5,0.9452423698384201,0.9990512333965844,0.9714022140221402,2.0,Hornungia.petraea,0.44524236983842025,opth,3,False,mlp1,bce,msle
274,0.9375864852398524,0.27001272654507835,0.96875,0.8136531365313653,0.9988674971687429,0.896797153024911,32.0,Hypericum.maculatum,0.7824031365313653,opth,3,False,mlp1,bce,msle
275,0.8084737196765498,0.17130052689303749,0.8214285714285714,0.6433962264150943,0.9855491329479769,0.7785388127853882,56.0,Hypericum.perforatum,0.4648247978436657,opth,3,False,mlp1,bce,msle
276,0.9223470331703449,0.24981698772277702,0.8571428571428571,0.8538390379278445,0.9946120689655172,0.9188651070184172,35.0,Hypericum.richeri,0.7109818950707016,opth,3,False,mlp1,bce,msle
277,0.8450655077245186,0.20308781447531385,0.8275862068965517,0.7617295308187673,0.9939975990396158,0.8625,29.0,Hypochaeris.maculata,0.5893157377153191,opth,3,False,mlp1,bce,msle
278,0.913533552087769,0.2568964317737023,0.7297297297297297,0.8795180722891566,0.9895724713242962,0.9313052011776252,37.0,Hypochaeris.radicata,0.6092478020188863,opth,3,False,mlp1,bce,msle
279,0.955558418137318,0.14460685284214692,0.7142857142857143,0.9467989179440938,0.9980988593155894,0.971772327626099,7.0,Hyssopus.officinalis,0.6610846322298081,opth,3,False,mlp1,bce,msle
280,0.8813027407769022,0.2140509392250426,0.8461538461538461,0.7189483227561196,0.9974842767295597,0.8356164383561644,13.0,Inula.salicina,0.5651021689099658,opth,3,False,mlp1,bce,msle
281,0.8753363228699551,0.007142857142857143,0.0,0.9515695067264573,0.9990583804143126,0.9747358750574184,1.0,Isatis.tinctoria,-0.04843049327354265,opth,3,False,mlp1,bce,msle
282,0.815915915915916,0.028362426846384972,0.8333333333333334,0.7531531531531531,0.998805256869773,0.8587570621468926,6.0,Juncus.alpinoarticulatus,0.5864864864864865,opth,3,False,mlp1,bce,msle
283,0.7873244879556872,0.02493175629265101,0.42857142857142855,0.9278629395852119,0.9961277831558567,0.9607843137254902,7.0,Juncus.articulatus,0.3564343681566404,opth,3,False,mlp1,bce,msle
284,0.9710063176895307,0.5900567968103514,0.875,0.9404332129963899,0.9990412272291467,0.9688516968851697,8.0,Juncus.effusus,0.8154332129963899,opth,3,False,mlp1,bce,msle
285,0.836451710566152,0.08166945814763486,0.26666666666666666,0.9491371480472298,0.9895833333333334,0.9689383402874363,15.0,Juncus.inflexus,0.21580381471389654,opth,3,False,mlp1,bce,msle
286,0.9733455882352942,0.7526998110151976,0.8928571428571429,0.9025735294117647,0.9969543147208122,0.9474191992281717,28.0,Juncus.jacquinii,0.7954306722689077,opth,3,False,mlp1,bce,msle
287,0.8614875037639265,0.26000642229150794,0.4444444444444444,0.924119241192412,0.995136186770428,0.9583138173302108,9.0,Juncus.trifidus,0.3685636856368564,opth,3,False,mlp1,bce,msle
288,0.8585585585585586,0.045822575225820755,0.16666666666666666,0.9855855855855856,0.9954504094631483,0.990493435943866,6.0,Juncus.triglumis,0.15225225225225225,opth,3,False,mlp1,bce,msle
289,0.8530033320661046,0.505130490652851,0.8402061855670103,0.7147505422993492,0.9550724637681159,0.8176178660049628,194.0,Knautia.arvensis,0.5549567278663594,opth,3,False,mlp1,bce,msle
290,0.9272337545126353,0.08519989708586287,0.875,0.8149819494584838,0.9988938053097345,0.8976143141153081,8.0,Knautia.dipsacifolia,0.6899819494584838,opth,3,False,mlp1,bce,msle
291,0.7761861550427793,0.0346889819122927,0.7857142857142857,0.7105263157894737,0.9961832061068703,0.8294491525423728,14.0,Koeleria.macrantha,0.4962406015037595,opth,3,False,mlp1,bce,msle
292,0.8378210678210678,0.2821820282394819,0.7424242424242424,0.7685714285714286,0.9793689320388349,0.8612593383137673,66.0,Koeleria.pyramidata,0.5109956709956709,opth,3,False,mlp1,bce,msle
293,0.8594270621698497,0.2569137596786566,0.5652173913043478,0.8934579439252337,0.9795081967213115,0.9345063538611925,46.0,Koeleria.vallesiana,0.45867533522958137,opth,3,False,mlp1,bce,msle
294,0.9176791735802602,0.43119757146808196,0.7647058823529411,0.8453139217470428,0.9957127545551983,0.9143700787401575,17.0,Lactuca.perennis,0.6100198040999838,opth,3,False,mlp1,bce,msle
295,0.9398023360287511,0.02965147847726493,1.0,0.8301886792452831,1.0,0.9072164948453608,3.0,Lactuca.serriola,0.8301886792452831,opth,3,False,mlp1,bce,msle
296,0.8798145047017906,0.06605638514862751,0.7142857142857143,0.8944995491433724,0.9979879275653923,0.9434141702330004,7.0,Lamium.purpureum,0.6087852634290867,opth,3,False,mlp1,bce,msle
297,0.9636445242369839,0.03968253968253968,1.0,0.7710951526032316,1.0,0.8707551951343132,2.0,Lapsana.communis,0.7710951526032317,opth,3,False,mlp1,bce,msle
298,0.7903743315508021,0.0753585273126537,0.6363636363636364,0.8217194570135746,0.9956140350877193,0.9003470500743679,11.0,Laserpitium.halleri,0.4580830933772111,opth,3,False,mlp1,bce,msle
299,0.8572915118180466,0.12422028747176066,0.6774193548387096,0.8147465437788018,0.9888143176733781,0.8933804951995957,31.0,Laserpitium.latifolium,0.4921658986175115,opth,3,False,mlp1,bce,msle
300,0.8948016593207155,0.142568630565232,0.8571428571428571,0.8185117967332124,0.9977876106194691,0.8993020937188435,14.0,Laserpitium.siler,0.6756546538760695,opth,3,False,mlp1,bce,msle
301,0.7174010791366906,0.011096887998789867,0.0,0.9649280575539568,0.9962859795728877,0.9803563270899954,4.0,Lathyrus.heterophyllus,-0.03507194244604317,opth,3,False,mlp1,bce,msle
302,0.954177897574124,0.04423234811165845,1.0,0.8930817610062893,1.0,0.9435215946843853,3.0,Lathyrus.occidentalis,0.8930817610062893,opth,3,False,mlp1,bce,msle
303,0.8109101953088496,0.527342982462689,0.7682926829268293,0.6827586206896552,0.9124423963133641,0.7810650887573964,246.0,Lathyrus.pratensis,0.4510513036164845,opth,3,False,mlp1,bce,msle
304,0.8856437679967092,0.06961439699095341,0.2727272727272727,0.9547511312217195,0.9924741298212606,0.9732472324723247,11.0,Lathyrus.sphaericus,0.2274784039489921,opth,3,False,mlp1,bce,msle
305,0.9856373429084381,0.09401709401709402,1.0,0.9506283662477558,1.0,0.9746893695352048,2.0,Lathyrus.sylvestris,0.9506283662477557,opth,3,False,mlp1,bce,msle
306,0.7987421383647799,0.08826788665498342,0.3333333333333333,0.8508535489667565,0.9978925184404637,0.918525703200776,3.0,Lathyrus.tuberosus,0.18418688230008984,opth,3,False,mlp1,bce,msle
307,0.7283091580581277,0.07316533792678308,0.47058823529411764,0.7870791628753412,0.9897025171624714,0.8768373035985808,17.0,Leontodon.autumnalis,0.25766739816945883,opth,3,False,mlp1,bce,msle
308,0.7216670048701299,0.39234825137506646,0.6545454545454545,0.6462053571428571,0.8839694656488549,0.746615087040619,220.0,Leontodon.hispidus,0.3007508116883115,opth,3,False,mlp1,bce,msle
309,0.8129512635379061,0.024206616221117624,0.375,0.8880866425992779,0.9949443882709808,0.9384835479256081,8.0,Leontopodium.alpinum,0.26308664259927794,opth,3,False,mlp1,bce,msle
310,0.9596498570133222,0.5509724449134223,0.9629629629629629,0.847457627118644,0.9977827050997783,0.9164969450101833,54.0,Leucanthemopsis.alpina,0.8104205900816068,opth,3,False,mlp1,bce,msle
311,0.857530553558591,0.6069745293794311,0.7846153846153846,0.7429906542056075,0.9190751445086706,0.8217054263565892,260.0,Leucanthemum.vulgare,0.5276060388209922,opth,3,False,mlp1,bce,msle
312,0.8640967153284672,0.08098853212062783,0.75,0.7837591240875912,0.9942129629629629,0.8765306122448979,20.0,Lilium.martagon,0.5337591240875912,opth,3,False,mlp1,bce,msle
313,0.42690582959641254,0.0015625,1.0,0.40179372197309415,1.0,0.5732565579014716,1.0,Linaria.repens,0.40179372197309426,opth,3,False,mlp1,bce,msle
314,0.9195483415666903,0.20372248460274175,0.8461538461538461,0.8220183486238533,0.9955555555555555,0.9005025125628141,26.0,Linum.alpinum,0.6681721947776995,opth,3,False,mlp1,bce,msle
315,0.7312375192560051,0.16793270794028187,0.611764705882353,0.6828322017458778,0.9552238805970149,0.7963800904977375,85.0,Linum.catharticum,0.29459690762823065,opth,3,False,mlp1,bce,msle
316,0.9632386363636364,0.2506847290675086,0.9375,0.8781818181818182,0.9989658738366081,0.9346879535558781,16.0,Linum.tenuifolium,0.8156818181818182,opth,3,False,mlp1,bce,msle
317,0.7653616800622245,0.03080384147789162,0.8571428571428571,0.5136116152450091,0.9964788732394366,0.6778443113772455,14.0,Listera.ovata,0.3707544723878662,opth,3,False,mlp1,bce,msle
318,0.8125560538116592,0.004761904761904762,0.0,0.8143497757847533,0.9988998899889989,0.8972332015810277,1.0,Lolium.multiflorum,-0.18565022421524668,opth,3,False,mlp1,bce,msle
319,0.8759312473392933,0.37767996480881494,0.8055555555555556,0.7595785440613027,0.9826517967781908,0.8568341437061048,72.0,Lolium.perenne,0.5651340996168583,opth,3,False,mlp1,bce,msle
320,0.7731448894847587,0.5770094524258353,0.7891737891737892,0.6065359477124183,0.862453531598513,0.7122026093630084,351.0,Lotus.corniculatus,0.3957097368862075,opth,3,False,mlp1,bce,msle
321,0.8430725168065555,0.07016484610507659,0.782608695652174,0.7246111619396157,0.9937264742785445,0.8380952380952381,23.0,Lotus.maritimus,0.5072198575917897,opth,3,False,mlp1,bce,msle
322,0.7955476645725211,0.2642029139624851,0.34285714285714286,0.9359464627151052,0.9551219512195122,0.9454369869628199,70.0,Luzula.campestris,0.27880360557224804,opth,3,False,mlp1,bce,msle
323,0.8714906576150747,0.09327534162539144,1.0,0.7460901563937442,1.0,0.8545837723919916,29.0,Luzula.lutea,0.7460901563937443,opth,3,False,mlp1,bce,msle
324,0.7306844697951776,0.037952000333166445,0.7142857142857143,0.6252268602540835,0.9942279942279942,0.7676880222841226,14.0,Luzula.multiflora,0.3395125745397978,opth,3,False,mlp1,bce,msle
325,0.8583032490974729,0.043831630568434324,0.75,0.7653429602888087,0.9976470588235294,0.8661899897854954,8.0,Luzula.sieberi,0.5153429602888087,opth,3,False,mlp1,bce,msle
326,0.8665452653485952,0.18281039173018004,0.9193548387096774,0.7447817836812144,0.9936708860759493,0.851409978308026,62.0,Luzula.spicata,0.6641366223908918,opth,3,False,mlp1,bce,msle
327,0.8361458199149814,0.042573606466391176,0.7142857142857143,0.8548241659152389,0.9978947368421053,0.9208353569694027,7.0,Luzula.sudetica,0.5691098802009531,opth,3,False,mlp1,bce,msle
328,0.9880203653788561,0.12632275132275134,1.0,0.9308176100628931,1.0,0.9641693811074918,3.0,Lysimachia.nummularia,0.9308176100628931,opth,3,False,mlp1,bce,msle
329,0.9046762589928058,0.022188570278239853,0.0,0.9631294964028777,0.9962790697674418,0.9794238683127572,4.0,Lysimachia.vulgaris,-0.036870503597122295,opth,3,False,mlp1,bce,msle
330,0.8574004895014813,0.037404397610656316,0.7142857142857143,0.7547339945897205,0.9976162097735399,0.8593429158110883,7.0,Malva.moschata,0.46901970887543465,opth,3,False,mlp1,bce,msle
331,0.8361784965558551,0.2637429971988795,0.6666666666666666,0.903863432165319,0.9990069513406157,0.9490566037735849,3.0,Malva.sylvestris,0.5705300988319855,opth,3,False,mlp1,bce,msle
332,0.8281538284132841,0.08552926726390268,0.875,0.6808118081180812,0.9946091644204852,0.8083242059145673,32.0,Medicago.falcata,0.5558118081180812,opth,3,False,mlp1,bce,msle
333,0.8224469665915147,0.40731953930208825,0.8292682926829268,0.6628151260504201,0.9575113808801214,0.7833643699565487,164.0,Medicago.lupulina,0.49208341873334693,opth,3,False,mlp1,bce,msle
334,0.9018701482004234,0.19312498741637035,0.7692307692307693,0.8422018348623853,0.9935064935064936,0.9116186693147964,26.0,Medicago.minima,0.6114326040931546,opth,3,False,mlp1,bce,msle
335,0.889407614897811,0.3239372365441634,0.9111111111111111,0.7058823529411765,0.9947368421052631,0.8257782632441288,45.0,Medicago.sativa,0.6169934640522876,opth,3,False,mlp1,bce,msle
336,0.9233980144404331,0.2393949709513435,0.625,0.9296028880866426,0.9970958373668926,0.9621672115833723,8.0,Melica.ciliata,0.5546028880866425,opth,3,False,mlp1,bce,msle
337,0.9470377019748653,0.05454545454545455,1.0,0.7046678635547576,1.0,0.8267509215376514,2.0,Melilotus.albus,0.7046678635547576,opth,3,False,mlp1,bce,msle
338,0.9187267657992565,0.4199173049316905,0.85,0.8169144981412639,0.9932203389830508,0.8964813870474247,40.0,Meum.athamanticum,0.666914498141264,opth,3,False,mlp1,bce,msle
339,0.9982062780269059,0.3333333333333333,1.0,0.8179372197309417,1.0,0.8998519980266404,1.0,Minuartia.laricifolia,0.8179372197309416,opth,3,False,mlp1,bce,msle
340,0.865713810869204,0.09881682388039865,0.6363636363636364,0.8528336380255942,0.9914984059511158,0.9169533169533169,22.0,Minuartia.rostrata,0.48919727438923055,opth,3,False,mlp1,bce,msle
341,0.8995257027272093,0.32844627159150064,0.7592592592592593,0.8314500941619586,0.9854910714285714,0.9019407558733401,54.0,Minuartia.verna,0.590709353421218,opth,3,False,mlp1,bce,msle
342,0.9080882352941176,0.3478801781536925,0.7857142857142857,0.8318014705882353,0.9934138309549945,0.9054527263631816,28.0,Muscari.comosum,0.6175157563025211,opth,3,False,mlp1,bce,msle
343,0.8454580887747616,0.476151697096171,0.75,0.7424568965517241,0.936141304347826,0.828125,188.0,Myosotis.alpestris,0.4924568965517242,opth,3,False,mlp1,bce,msle
344,0.8741363738993001,0.35574475671350025,0.8255813953488372,0.7359223300970874,0.9805950840879689,0.8408208541320022,86.0,Myosotis.arvensis,0.5615037254459248,opth,3,False,mlp1,bce,msle
345,0.8876305138931402,0.3374955611397007,0.8148148148148148,0.7337006427915519,0.9937810945273632,0.844162704701532,27.0,Myosotis.ramosissima,0.5485154576063667,opth,3,False,mlp1,bce,msle
346,0.9096657633242999,0.4449876509267524,0.4444444444444444,0.993676603432701,0.995475113122172,0.9945750452079566,9.0,Myosotis.scorpioides,0.43812104787714556,opth,3,False,mlp1,bce,msle
347,0.8806104129263914,0.013763806287170773,0.5,0.881508078994614,0.9989827060020345,0.9365760610395804,2.0,Myosotis.stricta,0.38150807899461414,opth,3,False,mlp1,bce,msle
348,0.832256078793475,0.23820248238470149,0.7575757575757576,0.7054478301015698,0.9896373056994818,0.8237196765498652,33.0,Narcissus.poeticus,0.46302358767732743,opth,3,False,mlp1,bce,msle
349,0.8689216221131115,0.4494466984661364,0.8368794326241135,0.7374358974358974,0.9690026954177897,0.8375072801397787,141.0,Nardus.stricta,0.5743153300600108,opth,3,False,mlp1,bce,msle
350,0.9570171480144405,0.17795495943036926,0.75,0.9268953068592057,0.9980563654033042,0.9611605053813758,8.0,Odontites.luteus,0.6768953068592056,opth,3,False,mlp1,bce,msle
351,0.8907752841737103,0.4043476999612456,0.8191489361702128,0.7827788649706457,0.9791921664626683,0.8700380641653073,94.0,Onobrychis.montana,0.6019278011408584,opth,3,False,mlp1,bce,msle
352,0.9000780152909971,0.5031019157396383,0.8153846153846154,0.8133874239350912,0.9709443099273608,0.8852097130242825,130.0,Onobrychis.viciifolia,0.6287720393197067,opth,3,False,mlp1,bce,msle
353,0.9014365522745411,0.23097889361661028,0.7857142857142857,0.8482309124767226,0.9902173913043478,0.9137412236710131,42.0,Ononis.natrix,0.6339451981910083,opth,3,False,mlp1,bce,msle
354,0.8243813015582035,0.06725992232493894,0.6,0.8249312557286893,0.989010989010989,0.8995502248875562,25.0,Ononis.repens,0.4249312557286893,opth,3,False,mlp1,bce,msle
355,0.825017088174983,0.11906833664328112,0.6842105263157895,0.7903525046382189,0.9861111111111112,0.8774459320288363,38.0,Ononis.spinosa,0.47456303095400854,opth,3,False,mlp1,bce,msle
356,0.6476660682226212,0.008535614803024274,0.5,0.8779174147217235,0.9989785495403473,0.9345437171524128,2.0,Ophioglossum.vulgatum,0.37791741472172347,opth,3,False,mlp1,bce,msle
357,0.7984426474992512,0.012980101960230805,0.3333333333333333,0.8661275831087152,0.9979296066252588,0.9273689273689274,3.0,Ophrys.apifera,0.19946091644204844,opth,3,False,mlp1,bce,msle
358,0.8869955156950672,0.007874015748031496,1.0,0.8789237668161435,1.0,0.9355608591885441,1.0,Ophrys.insectifera,0.8789237668161434,opth,3,False,mlp1,bce,msle
359,0.5228904847396769,0.0033542131811791945,0.0,0.9587073608617595,0.9981308411214953,0.978021978021978,2.0,Orchis.mascula,-0.04129263913824055,opth,3,False,mlp1,bce,msle
360,0.8534577938371977,0.18624723696496306,0.3333333333333333,0.8437217705510388,0.9936170212765958,0.9125549584758182,9.0,Orchis.militaris,0.17705510388437218,opth,3,False,mlp1,bce,msle
361,0.9034029879894541,0.2890011925957001,0.8421052631578947,0.8256029684601113,0.9933035714285714,0.9017223910840932,38.0,Origanum.vulgare,0.6677082316180059,opth,3,False,mlp1,bce,msle
362,0.7722702343360479,0.11368991020140871,0.7272727272727273,0.7376599634369287,0.992619926199262,0.8463555322496067,22.0,Ornithogalum.umbellatum,0.46493269070965604,opth,3,False,mlp1,bce,msle
363,0.7361485474693021,0.01552774044458925,0.6666666666666666,0.6235399820305481,0.9985611510791367,0.7676991150442478,3.0,Orobanche.alba,0.2902066486972146,opth,3,False,mlp1,bce,msle
364,0.7459884953072964,0.030467670281132467,0.6666666666666666,0.6902815622161671,0.9934640522875817,0.8145766345123259,15.0,Orobanche.caryophyllacea,0.3569482288828336,opth,3,False,mlp1,bce,msle
365,0.8270058708414872,0.10878564423531202,0.9047619047619048,0.6648401826484018,0.9972602739726028,0.7978082191780822,21.0,Oxytropis.campestris,0.5696020874103067,opth,3,False,mlp1,bce,msle
366,0.8521877205363444,0.0896164852561137,0.4230769230769231,0.8724770642201835,0.984472049689441,0.9250972762645915,26.0,Oxytropis.helvetica,0.29555398729710647,opth,3,False,mlp1,bce,msle
367,0.8078994614003592,0.00687370307489153,0.5,0.8375224416517055,0.9989293361884368,0.9111328125,2.0,Oxytropis.pilosa,0.33752244165170553,opth,3,False,mlp1,bce,msle
368,0.9198198198198198,0.10714794464794465,0.6666666666666666,0.8963963963963963,0.9979939819458375,0.9444708115804461,6.0,Papaver.rhoeas,0.5630630630630629,opth,3,False,mlp1,bce,msle
369,0.911971197119712,0.08427256693923361,0.8,0.7650765076507651,0.9988249118683902,0.8664627930682977,5.0,Paradisea.liliastrum,0.5650765076507651,opth,3,False,mlp1,bce,msle
370,0.8228409090909091,0.07167242136639286,0.5,0.8181818181818182,0.9911894273127754,0.896414342629482,16.0,Parnassia.palustris,0.31818181818181834,opth,3,False,mlp1,bce,msle
371,0.8755255255255256,0.05895871458964434,1.0,0.6756756756756757,1.0,0.8064516129032258,6.0,Pastinaca.sativa,0.6756756756756757,opth,3,False,mlp1,bce,msle
372,0.9916142557651991,0.25666666666666665,1.0,0.8427672955974843,1.0,0.9146757679180887,3.0,Pedicularis.foliosa,0.8427672955974843,opth,3,False,mlp1,bce,msle
373,0.9111492036283122,0.2683503976057239,0.6923076923076923,0.8662952646239555,0.9873015873015873,0.9228486646884273,39.0,Pedicularis.gyroflexa,0.5586029569316477,opth,3,False,mlp1,bce,msle
374,0.9302344714109421,0.09673871775943582,0.9090909090909091,0.8371040723981901,0.9989200863930886,0.9108813392417529,11.0,Pedicularis.tuberosa,0.7461949814890991,opth,3,False,mlp1,bce,msle
375,0.8168331819557978,0.09184658774548966,0.5333333333333333,0.846503178928247,0.9925452609158679,0.9137254901960784,15.0,Pedicularis.verticillata,0.37983651226158033,opth,3,False,mlp1,bce,msle
376,0.9024523160762943,0.26579943465518213,0.8,0.7811080835603996,0.996523754345307,0.8757637474541752,15.0,Petrorhagia.prolifera,0.5811080835603997,opth,3,False,mlp1,bce,msle
377,0.9389799635701277,0.23263146956224945,0.8888888888888888,0.843351548269581,0.9978448275862069,0.914116485686081,18.0,Petrorhagia.saxifraga,0.7322404371584699,opth,3,False,mlp1,bce,msle
378,0.8663970327490199,0.3466528990838825,0.7087378640776699,0.8302073050345509,0.965556831228473,0.8927813163481954,103.0,Phleum.alpinum,0.5389451691122207,opth,3,False,mlp1,bce,msle
379,0.9979035639412998,0.4444444444444445,1.0,0.8724168912848158,1.0,0.9318618042226487,3.0,Phleum.hirsutum,0.8724168912848158,opth,3,False,mlp1,bce,msle
380,0.865411859947379,0.15468200802974214,0.6666666666666666,0.8506375227686703,0.9936170212765958,0.9165848871442591,18.0,Phleum.phleoides,0.517304189435337,opth,3,False,mlp1,bce,msle
381,0.8772727272727272,0.11979132448333776,0.875,0.8154545454545454,0.9977753058954394,0.897448724362181,16.0,Phyteuma.betonicifolium,0.6904545454545454,opth,3,False,mlp1,bce,msle
382,0.9419529837251356,0.3799713451814292,0.6,0.9195298372513563,0.9960822722820764,0.9562764456981664,10.0,Phyteuma.hemisphaericum,0.5195298372513562,opth,3,False,mlp1,bce,msle
383,0.831851205359249,0.2817957455568789,0.8170731707317073,0.7108317214700194,0.98,0.8239910313901345,82.0,Phyteuma.orbiculare,0.5279048922017266,opth,3,False,mlp1,bce,msle
384,,-0.0,0.0,0.8745519713261649,1.0,0.9330783938814532,0.0,Phyteuma.ovatum,-0.1254480286738351,opth,3,False,mlp1,bce,msle
385,0.8873631386861314,0.12632698203255335,0.7,0.8713503649635036,0.9937565036420395,0.9285367039377734,20.0,Phyteuma.spicatum,0.5713503649635037,opth,3,False,mlp1,bce,msle
386,0.828877361000266,0.19051544986711097,0.7619047619047619,0.702048417132216,0.9869109947643979,0.8204570184983678,42.0,Picris.hieracioides,0.46395317903697775,opth,3,False,mlp1,bce,msle
387,0.8520112914608328,0.21281925092382425,0.8076923076923077,0.7568807339449541,0.9939759036144579,0.859375,26.0,Pimpinella.major,0.5645730416372619,opth,3,False,mlp1,bce,msle
388,0.7725888876807654,0.07737284708497075,0.7647058823529411,0.6626617375231053,0.9889655172413793,0.7935805201992252,34.0,Pimpinella.saxifraga,0.4273676198760463,opth,3,False,mlp1,bce,msle
389,0.9204141700830443,0.6788407965570216,0.9238095238095239,0.7924944812362031,0.9782016348773842,0.875609756097561,210.0,Plantago.alpina,0.716304005045727,opth,3,False,mlp1,bce,msle
390,0.8927010554481938,0.1993894842110091,0.9354838709677419,0.7023041474654378,0.9973821989528796,0.824229313142239,31.0,Plantago.atrata,0.6377880184331797,opth,3,False,mlp1,bce,msle
391,0.858779049897471,0.6076324643245287,0.8714285714285714,0.687799043062201,0.9410801963993454,0.7947477539737388,280.0,Plantago.lanceolata,0.5592276144907724,opth,3,False,mlp1,bce,msle
392,0.7447085639856724,0.09789930983167372,0.8918918918918919,0.5143651529193698,0.9928443649373881,0.6776556776556777,37.0,Plantago.major,0.4062570448112617,opth,3,False,mlp1,bce,msle
393,0.8185185185185186,0.44703781823198613,0.7333333333333333,0.7478632478632479,0.9358288770053476,0.831353919239905,180.0,Plantago.media,0.48119658119658126,opth,3,False,mlp1,bce,msle
394,0.8492416382589792,0.32510455757776213,0.6794871794871795,0.8063583815028902,0.9709976798143851,0.8810526315789474,78.0,Plantago.maritima,0.4858455609900698,opth,3,False,mlp1,bce,msle
395,0.6678119349005425,0.015076043872590783,0.4,0.7549728752260397,0.9928656361474435,0.8577298407806883,10.0,Platanthera.bifolia,0.15497287522603975,opth,3,False,mlp1,bce,msle
396,0.9127421967288979,0.7358731917338948,0.9141914191419142,0.7712177121771218,0.9601837672281777,0.8553888130968622,303.0,Poa.alpina,0.685409131319036,opth,3,False,mlp1,bce,msle
397,0.4170413669064748,0.003803110030656995,0.0,0.9424460431654677,0.9961977186311787,0.9685767097966729,4.0,Poa.annua,-0.05755395683453235,opth,3,False,mlp1,bce,msle
398,0.8572776280323451,0.19221083729773403,0.9642857142857143,0.6745283018867925,0.99721059972106,0.8047270680922903,56.0,Poa.bulbosa,0.6388140161725069,opth,3,False,mlp1,bce,msle
399,0.7868092232384387,0.03572595599198101,0.42857142857142855,0.8205590622182146,0.9956236323851203,0.8996539792387543,7.0,Poa.cenisia,0.24913049078964322,opth,3,False,mlp1,bce,msle
400,0.8801036319147915,0.17893731551989853,0.7368421052631579,0.8723792160437557,0.9948024948024948,0.9295774647887324,19.0,Poa.chaixii,0.6092213213069135,opth,3,False,mlp1,bce,msle
401,0.8396925858951175,0.03508385358677375,0.6,0.8670886075949367,0.995846313603323,0.9270178830352828,10.0,Poa.compressa,0.46708860759493653,opth,3,False,mlp1,bce,msle
402,0.8024412296564195,0.030015056251090935,0.3,0.8652802893309223,0.9927385892116183,0.9246376811594202,10.0,Poa.nemoralis,0.1652802893309222,opth,3,False,mlp1,bce,msle
403,0.8255615137693753,0.5414060917180059,0.7692307692307693,0.7272727272727273,0.9172714078374455,0.8112965340179717,247.0,Poa.pratensis,0.4965034965034967,opth,3,False,mlp1,bce,msle
404,0.7356218006624511,0.01670422471843517,0.1111111111111111,0.9376693766937669,0.9923518164435946,0.9642359498374361,9.0,Poa.supina,0.04878048780487809,opth,3,False,mlp1,bce,msle
405,0.8230839416058395,0.06370184244827386,0.7,0.7490875912408759,0.992744860943168,0.8538741549661987,20.0,Polygala.alpestris,0.4490875912408758,opth,3,False,mlp1,bce,msle
406,0.6484984984984985,0.009221004869492646,0.6666666666666666,0.6144144144144145,0.9970760233918129,0.7603121516164995,6.0,Polygala.amarella,0.2810810810810811,opth,3,False,mlp1,bce,msle
407,0.8617781851512375,0.17564710897452365,0.56,0.8698441796516957,0.9885416666666667,0.9254022428083861,25.0,Polygala.comosa,0.42984417965169586,opth,3,False,mlp1,bce,msle
408,0.7042954119850187,0.07091677096501631,0.8541666666666666,0.4934456928838951,0.9868913857677902,0.6579275905118602,48.0,Polygala.vulgaris,0.3476123595505618,opth,3,False,mlp1,bce,msle
409,0.7887414659281206,0.028511524319945192,0.14285714285714285,0.9783588818755635,0.9945004582951421,0.9863636363636363,7.0,Polygonum.aviculare,0.12121602473270632,opth,3,False,mlp1,bce,msle
410,0.8930648221827753,0.42564061739142983,0.7903225806451613,0.7647058823529411,0.9841269841269841,0.8606513614522157,62.0,Polygonum.bistorta,0.5550284629981024,opth,3,False,mlp1,bce,msle
411,0.890587456699439,0.5684427927627219,0.9497206703910615,0.7342582710779082,0.9870875179340028,0.8421052631578947,179.0,Polygonum.viviparum,0.6839789414689696,opth,3,False,mlp1,bce,msle
412,0.6421084156933214,0.0048066620624497534,0.3333333333333333,0.7295597484276729,0.9975429975429976,0.8427607680332122,3.0,Polystichum.lonchitis,0.06289308176100628,opth,3,False,mlp1,bce,msle
413,0.9276840806252571,0.33920819744047603,0.9090909090909091,0.7647058823529411,0.9988179669030733,0.8662224500256279,11.0,Potentilla.argentea,0.6737967914438503,opth,3,False,mlp1,bce,msle
414,0.8689564671649455,0.25896449607959915,0.6823529411764706,0.8612997090203686,0.9704918032786886,0.9126413155190134,85.0,Potentilla.aurea,0.5436526501968393,opth,3,False,mlp1,bce,msle
415,0.869481331987891,0.3785941680560842,0.848,0.7558022199798183,0.9752604166666666,0.8516202387720295,125.0,Potentilla.crantzii,0.6038022199798183,opth,3,False,mlp1,bce,msle
416,0.8569070203419233,0.22078325015962194,0.8181818181818182,0.7691597414589104,0.9928486293206198,0.8668054110301769,33.0,Potentilla.erecta,0.5873415596407288,opth,3,False,mlp1,bce,msle
417,0.8645994208494209,0.32817673917398565,0.85,0.7345559845559846,0.9844760672703752,0.8413488114980652,80.0,Potentilla.grandiflora,0.5845559845559847,opth,3,False,mlp1,bce,msle
418,0.7907972440944881,0.2634601888473925,0.58,0.8248031496062992,0.9522727272727273,0.8839662447257384,100.0,Potentilla.neumanniana,0.40480314960629915,opth,3,False,mlp1,bce,msle
419,0.96875,0.39499394254067155,0.75,0.9196750902527075,0.9980411361410382,0.9572569281352747,8.0,Potentilla.pusilla,0.6696750902527075,opth,3,False,mlp1,bce,msle
420,0.8274774774774775,0.04518851704545231,0.6666666666666666,0.6747747747747748,0.9973368841544608,0.8049435787211177,6.0,Potentilla.recta,0.3414414414414413,opth,3,False,mlp1,bce,msle
421,0.8664588948787062,0.2237421088372694,0.8392857142857143,0.7349056603773585,0.9885786802030457,0.8430735930735931,56.0,Potentilla.reptans,0.5741913746630729,opth,3,False,mlp1,bce,msle
422,0.8264626462646265,0.05351015098534731,0.6,0.6822682268226823,0.9973684210526316,0.8102618920363442,5.0,Potentilla.rupestris,0.28226822682268216,opth,3,False,mlp1,bce,msle
423,0.9282493881231483,0.05190849390182186,0.7142857142857143,0.8836789900811542,0.9979633401221996,0.937350549976088,7.0,Potentilla.thuringiaca,0.5979647043668685,opth,3,False,mlp1,bce,msle
424,0.8351351351351352,0.08799520129382217,0.8333333333333334,0.7972972972972973,0.9988713318284425,0.8867735470941884,6.0,Primula.elatior,0.6306306306306306,opth,3,False,mlp1,bce,msle
425,0.9402402402402402,0.09073416852249239,1.0,0.7486486486486487,1.0,0.8562596599690881,6.0,Primula.farinosa,0.7486486486486488,opth,3,False,mlp1,bce,msle
426,0.7908653846153846,0.34570322584921753,0.671875,0.7236842105263158,0.9445178335535006,0.8194842406876791,128.0,Primula.veris,0.39555921052631593,opth,3,False,mlp1,bce,msle
427,0.7966696942173782,0.05301188805187047,0.6666666666666666,0.7420526793823796,0.9939172749391727,0.8497139885595424,15.0,Prunella.grandiflora,0.40871934604904636,opth,3,False,mlp1,bce,msle
428,0.8511796733212341,0.051144330989732395,0.7857142857142857,0.7813067150635209,0.9965277777777778,0.8758901322482198,14.0,Prunella.laciniata,0.5670210007778067,opth,3,False,mlp1,bce,msle
429,0.7888338439475915,0.15566712411796915,0.6724137931034483,0.7457466918714556,0.9764851485148515,0.8456591639871383,58.0,Prunella.vulgaris,0.4181604849749039,opth,3,False,mlp1,bce,msle
430,0.7928334838903943,0.06867258570690632,0.2222222222222222,0.9611562782294489,0.9934640522875817,0.9770431588613406,9.0,Prunus.spinosa,0.18337850045167103,opth,3,False,mlp1,bce,msle
431,0.841628959276018,0.044428037724959034,0.5454545454545454,0.8561085972850678,0.9947423764458465,0.9202334630350194,11.0,Veronica.spicata,0.40156314273961335,opth,3,False,mlp1,bce,msle
432,0.8724293473257847,0.28220968296468907,0.8627450980392157,0.7417840375586855,0.9912170639899623,0.8485499462943072,51.0,Pulsatilla.alpina,0.6045291355979012,opth,3,False,mlp1,bce,msle
433,0.9608108108108109,0.201094001521578,0.8333333333333334,0.9405405405405406,0.999043062200957,0.9689095127610209,6.0,Pulsatilla.halleri,0.773873873873874,opth,3,False,mlp1,bce,msle
434,0.8943089430894309,0.0664391345926104,0.8888888888888888,0.8410117434507678,0.9989270386266095,0.9131927415399705,9.0,Pulsatilla.vernalis,0.7299006323396566,opth,3,False,mlp1,bce,msle
435,0.9100719424460432,0.1842357910906298,0.75,0.8264388489208633,0.9989130434782608,0.9045275590551181,4.0,Ranunculus.aconitifolius,0.5764388489208634,opth,3,False,mlp1,bce,msle
436,0.8598233568820668,0.5259331388129361,0.7918781725888325,0.7595212187159956,0.9445196211096076,0.841978287092883,197.0,Ranunculus.acris,0.5513993913048281,opth,3,False,mlp1,bce,msle
437,0.85143310082435,0.43958754946705886,0.8855421686746988,0.6915789473684211,0.9718934911242604,0.8081180811808119,166.0,Ranunculus.bulbosus,0.57712111604312,opth,3,False,mlp1,bce,msle
438,0.916269483447121,0.09054103020861509,0.8571428571428571,0.8313796212804329,0.9989165763813651,0.90748031496063,7.0,Ranunculus.glacialis,0.68852247842329,opth,3,False,mlp1,bce,msle
439,0.9274527452745275,0.060383171237998065,0.8,0.8172817281728173,0.9988998899889989,0.899009900990099,5.0,Ranunculus.gramineus,0.6172817281728173,opth,3,False,mlp1,bce,msle
440,0.8794733068248485,0.23410596547948412,0.7586206896551724,0.8005671077504726,0.983739837398374,0.8827514330380406,58.0,Ranunculus.kuepferi,0.559187797405645,opth,3,False,mlp1,bce,msle
441,0.9127764717171233,0.17967226221857102,0.8421052631578947,0.8113035551504102,0.9966405375139977,0.8944723618090452,19.0,Ranunculus.montanus,0.6534088183083049,opth,3,False,mlp1,bce,msle
442,0.7472577696526509,0.09107730239003735,0.5,0.8619744058500914,0.9884696016771488,0.9208984375,22.0,Ranunculus.serpens,0.36197440585009133,opth,3,False,mlp1,bce,msle
443,0.9235628386414696,0.5165671485929699,0.8,0.9047178538390379,0.9928934010152284,0.9467570183930301,35.0,Ranunculus.repens,0.704717853839038,opth,3,False,mlp1,bce,msle
444,0.7636363636363637,0.049142244873293495,0.2,0.9072907290729073,0.9960474308300395,0.9495996231747527,5.0,Reseda.lutea,0.10729072907290726,opth,3,False,mlp1,bce,msle
445,0.8182205240174671,0.4910551168884484,0.79,0.7052401746724891,0.938953488372093,0.8054862842892768,200.0,Rhinanthus.alectorolophus,0.49524017467248926,opth,3,False,mlp1,bce,msle
446,0.9448936807427374,0.040828420535494965,1.0,0.7861635220125787,1.0,0.8802816901408451,3.0,Rhinanthus.glacialis,0.7861635220125787,opth,3,False,mlp1,bce,msle
447,0.7807354814360523,0.18093180731682706,0.6097560975609756,0.7649903288201161,0.9611178614823815,0.8519116855142703,82.0,Rhinanthus.minor,0.3747464263810918,opth,3,False,mlp1,bce,msle
448,0.8486409893082572,0.16328980434642373,0.2857142857142857,0.9431920649233544,0.9952426260704091,0.9685185185185186,7.0,Rhododendron.ferrugineum,0.2289063506376401,opth,3,False,mlp1,bce,msle
449,0.8042941238305477,0.4550173370348722,0.8428571428571429,0.6821192052980133,0.9493087557603687,0.7938342967244701,210.0,Rumex.acetosa,0.5249763481551561,opth,3,False,mlp1,bce,msle
450,0.7848716619134042,0.06026760677005047,0.7142857142857143,0.6633393829401089,0.9945578231292517,0.7958628198149156,14.0,Rumex.acetosella,0.37762509722582305,opth,3,False,mlp1,bce,msle
451,0.8560267857142858,0.22232566925556624,0.7142857142857143,0.7720588235294118,0.9905660377358491,0.8677685950413223,28.0,Rumex.crispus,0.4863445378151261,opth,3,False,mlp1,bce,msle
452,0.8862942612942613,0.14706149743896754,0.7083333333333334,0.8113553113553114,0.9921612541993281,0.8926952141057934,24.0,Rumex.obtusifolius,0.5196886446886446,opth,3,False,mlp1,bce,msle
453,0.6912691269126914,0.009395018646621699,0.0,0.8982898289828983,0.9950149551345963,0.9441816461684012,5.0,Rumex.scutatus,-0.10171017101710167,opth,3,False,mlp1,bce,msle
454,0.9378273314750697,0.3974195639324732,0.922077922077922,0.8691049085659288,0.9933993399339934,0.9271047227926078,77.0,Salix.herbacea,0.7911828306438509,opth,3,False,mlp1,bce,msle
455,0.9071471623893665,0.23755037834264028,0.5172413793103449,0.9236430542778289,0.9862475442043221,0.9539192399049882,29.0,Salix.reticulata,0.44088443358817386,opth,3,False,mlp1,bce,msle
456,0.9038801115241635,0.24873206096181066,0.875,0.8113382899628253,0.9943052391799544,0.8935516888433982,40.0,Salix.retusa,0.6863382899628254,opth,3,False,mlp1,bce,msle
457,0.9486187845303867,0.38305934295774424,0.9666666666666667,0.8186003683241252,0.998876404494382,0.8997975708502024,30.0,Salix.serpyllifolia,0.7852670349907918,opth,3,False,mlp1,bce,msle
458,0.8760730794629101,0.5674402185018732,0.8484848484848485,0.7480225988700565,0.9497847919655668,0.8369152970922883,231.0,Salvia.pratensis,0.596507447354905,opth,3,False,mlp1,bce,msle
459,0.8410030864197532,0.5123036534392752,0.7638888888888888,0.7477777777777778,0.9295580110497238,0.8288177339901478,216.0,Sanguisorba.minor,0.5116666666666667,opth,3,False,mlp1,bce,msle
460,0.9170714430277273,0.2810047471035254,0.8333333333333334,0.8442622950819673,0.9967741935483871,0.9142011834319527,18.0,Sanguisorba.officinalis,0.6775956284153006,opth,3,False,mlp1,bce,msle
461,0.8504319210201563,0.0374985451599257,0.8181818181818182,0.7683257918552037,0.9976498237367802,0.8680981595092024,11.0,Saponaria.ocymoides,0.5865076100370219,opth,3,False,mlp1,bce,msle
462,0.8622061482820976,0.07878349593769737,0.6,0.8264014466546112,0.9956427015250545,0.9031620553359684,10.0,Saxifraga.aizoides,0.4264014466546113,opth,3,False,mlp1,bce,msle
463,0.8198512453874538,0.21526049941068096,0.5625,0.8118081180811808,0.9843400447427293,0.8897876643073812,32.0,Saxifraga.granulata,0.3743081180811809,opth,3,False,mlp1,bce,msle
464,0.9154846652036611,0.2324211987943576,0.8823529411764706,0.7434030937215651,0.9975579975579976,0.8519290928050052,17.0,Saxifraga.oppositifolia,0.6257560348980356,opth,3,False,mlp1,bce,msle
465,0.8287789189749974,0.14088833340809193,0.6444444444444445,0.8534080298786181,0.9827956989247312,0.9135432283858071,45.0,Saxifraga.paniculata,0.49785247432306257,opth,3,False,mlp1,bce,msle
466,0.7666966157532196,0.173289467522128,0.3333333333333333,0.967654986522911,0.9981464318813716,0.9826642335766423,3.0,Saxifraga.tridactylites,0.3009883198562444,opth,3,False,mlp1,bce,msle
467,0.730850023250966,0.14927360645794072,0.5932203389830508,0.6906338694418165,0.9681697612732095,0.8061844284925456,59.0,Scabiosa.columbaria,0.2838542084248674,opth,3,False,mlp1,bce,msle
468,0.8570429648045995,0.265417882974188,0.8360655737704918,0.7639810426540284,0.9877450980392157,0.8615713522180652,61.0,Scabiosa.lucida,0.6000466164245202,opth,3,False,mlp1,bce,msle
469,0.7772032374100719,0.010535855191305553,0.25,0.7976618705035972,0.996629213483146,0.8861138861138861,4.0,Scabiosa.triandra,0.04766187050359716,opth,3,False,mlp1,bce,msle
470,0.9805580558055805,0.22651515151515153,1.0,0.9288928892889289,1.0,0.9631357909472702,5.0,Scorzonera.humilis,0.928892889288929,opth,3,False,mlp1,bce,msle
471,0.9774368231046932,0.45794540486613655,0.75,0.9386281588447654,0.9980806142034548,0.9674418604651163,8.0,Scorzonera.laciniata,0.6886281588447654,opth,3,False,mlp1,bce,msle
472,0.8942173331351271,0.19937000125889653,0.8709677419354839,0.7373271889400922,0.9950248756218906,0.8470089994706194,31.0,Scutellaria.alpina,0.6082949308755761,opth,3,False,mlp1,bce,msle
473,0.8269700224587443,0.10999322899310882,0.4473684210526316,0.8478664192949907,0.9775401069518717,0.9080973671137605,38.0,Securigera.varia,0.2952348403476224,opth,3,False,mlp1,bce,msle
474,0.6789111515887473,0.03324646024159153,0.4444444444444444,0.76775956284153,0.9882766705744431,0.8641722193746797,18.0,Sedum.acre,0.21220400728597433,opth,3,False,mlp1,bce,msle
475,0.7202216066481995,0.08926496171969217,0.48484848484848486,0.8347183748845799,0.9815418023887079,0.9021956087824351,33.0,Sedum.album,0.31956685973306476,opth,3,False,mlp1,bce,msle
476,0.8543176328502415,0.057206911040498604,0.5,0.8541666666666666,0.9936775553213909,0.9186556259132976,12.0,Sedum.atratum,0.3541666666666665,opth,3,False,mlp1,bce,msle
477,0.8439600363306086,0.07917990042733498,0.6,0.8900999091734787,0.9939148073022313,0.9391471011020603,15.0,Sedum.montanum,0.49009990917347857,opth,3,False,mlp1,bce,msle
478,0.815501059642749,0.08026553902736663,0.4,0.8419618528610354,0.9903846153846154,0.9101620029455081,15.0,Sedum.rupestre,0.24196185286103544,opth,3,False,mlp1,bce,msle
479,0.8684448462929475,0.14498578728553085,0.5,0.9240506329113924,0.9951314508276533,0.9582747304266291,10.0,Sedum.sexangulare,0.42405063291139244,opth,3,False,mlp1,bce,msle
480,0.8798869319417264,0.27345067249649363,0.5714285714285714,0.8821917808219178,0.9907692307692307,0.9333333333333333,21.0,Selaginella.selaginoides,0.45362035225048913,opth,3,False,mlp1,bce,msle
481,0.8498292727943891,0.2807673650897976,0.7619047619047619,0.8032945736434108,0.9764428739693758,0.8814460393407761,84.0,Sempervivum.arachnoideum,0.5651993355481726,opth,3,False,mlp1,bce,msle
482,0.8988767014668957,0.273159201303065,0.8285714285714286,0.8075855689176689,0.9931740614334471,0.8908163265306123,35.0,Sempervivum.montanum,0.6361569974890975,opth,3,False,mlp1,bce,msle
483,0.8966255388731974,0.24749274130345497,0.7741935483870968,0.83963133640553,0.9923747276688453,0.90963554667998,31.0,Sempervivum.tectorum,0.6138248847926269,opth,3,False,mlp1,bce,msle
484,0.8899751636938361,0.3641623972494599,0.8488372093023255,0.7854368932038835,0.9841849148418491,0.8736501079913607,86.0,Senecio.doronicum,0.6342741025062091,opth,3,False,mlp1,bce,msle
485,0.8269927536231885,0.0779909997111017,0.5833333333333334,0.8342391304347826,0.9946004319654428,0.9073891625615763,12.0,Senecio.erucifolius,0.41757246376811596,opth,3,False,mlp1,bce,msle
486,0.9214858991847222,0.191234098598615,0.9310344827586207,0.8058877644894205,0.9977220956719818,0.8916030534351145,29.0,Senecio.incanus,0.736922247248041,opth,3,False,mlp1,bce,msle
487,0.9429650035710642,0.25013991005620984,0.8888888888888888,0.8466483011937558,0.9967567567567568,0.9155908639523337,27.0,Senecio.jacobaea,0.7355371900826446,opth,3,False,mlp1,bce,msle
488,0.8769121078558466,0.08477340256644286,1.0,0.6143375680580763,1.0,0.7611017425519955,14.0,Serratula.tinctoria,0.6143375680580763,opth,3,False,mlp1,bce,msle
489,0.8606208939842844,0.0723567387767236,0.7142857142857143,0.8476104598737602,0.9978768577494692,0.916626036079961,7.0,Seseli.annuum,0.5618961741594743,opth,3,False,mlp1,bce,msle
490,0.8765884402541504,0.5227889982543237,0.7987804878048781,0.8119747899159664,0.9590570719602978,0.8794084186575654,164.0,Sesleria.caerulea,0.6107552777208445,opth,3,False,mlp1,bce,msle
491,0.9401737101374126,0.1415356375343186,0.9285714285714286,0.8003629764065335,0.9988674971687429,0.8886649874055416,14.0,Sherardia.arvensis,0.728934404977962,opth,3,False,mlp1,bce,msle
492,0.9712319494584838,0.18240342676048915,1.0,0.8745487364620939,1.0,0.9330765527202696,8.0,Sideritis.hyssopifolia,0.8745487364620939,opth,3,False,mlp1,bce,msle
493,0.8798517995765702,0.17652619060177235,0.7307692307692307,0.8862385321100917,0.9928057553956835,0.9365002423654871,26.0,Silaum.silaus,0.6170077628793225,opth,3,False,mlp1,bce,msle
494,0.902139208173691,0.3730800601191114,0.8472222222222222,0.8208812260536399,0.9873271889400922,0.8964435146443515,72.0,Silene.acaulis,0.6681034482758621,opth,3,False,mlp1,bce,msle
495,0.9127930892636775,0.10910114445133366,0.8181818181818182,0.8371040723981901,0.9978425026968716,0.9104330708661418,11.0,Silene.dioica,0.6552858905800083,opth,3,False,mlp1,bce,msle
496,0.9615281700609485,0.39673789528676295,0.8387096774193549,0.9225806451612903,0.9950298210735586,0.9574366331898613,31.0,Silene.flos.cuculi,0.7612903225806451,opth,3,False,mlp1,bce,msle
497,0.6522032374100719,0.007852671912154338,0.5,0.8552158273381295,0.9979013641133263,0.9210653753026634,4.0,Silene.flos.jovis,0.3552158273381294,opth,3,False,mlp1,bce,msle
498,0.8352441712639522,0.2841522539000211,0.7469879518072289,0.7725072604065828,0.9743589743589743,0.8617710583153347,83.0,Silene.nutans,0.5194952122138117,opth,3,False,mlp1,bce,msle
499,0.9304470666445072,0.2967725106678239,0.8181818181818182,0.8135283363802559,0.9955257270693513,0.8953722334004024,22.0,Silene.otites,0.6317101545620742,opth,3,False,mlp1,bce,msle
500,0.787066855597063,0.03304699197817223,0.2857142857142857,0.8827772768259693,0.9949186991869918,0.9354992833253702,7.0,Silene.rupestris,0.168491562540255,opth,3,False,mlp1,bce,msle
501,0.8232772832179361,0.33524200296928514,0.7904761904761904,0.7171117705242335,0.9705488621151271,0.8248009101251422,105.0,Silene.vulgaris,0.5075879610004239,opth,3,False,mlp1,bce,msle
502,0.5718132854578097,0.003093049231033594,0.0,0.992818671454219,0.9981949458483754,0.9954995499549955,2.0,Sinapis.arvensis,-0.007181328545781018,opth,3,False,mlp1,bce,msle
503,0.8887942904592229,0.3948071915984974,0.8494623655913979,0.782991202346041,0.9828220858895705,0.8715995647442872,93.0,Soldanella.alpina,0.6324535679374388,opth,3,False,mlp1,bce,msle
504,0.9766816143497757,0.037037037037037035,0.0,0.9937219730941704,0.9990982867448152,0.9964028776978417,1.0,Solidago.gigantea,-0.00627802690582957,opth,3,False,mlp1,bce,msle
505,0.9059945004582951,0.20846932874369326,0.76,0.8505957836846929,0.9935760171306209,0.9165432098765433,25.0,Solidago.virgaurea,0.6105957836846929,opth,3,False,mlp1,bce,msle
506,0.7698534163180628,0.11804780037013973,0.6296296296296297,0.682277318640955,0.9867197875166003,0.8067318132464713,27.0,Stachys.officinalis,0.31190694827058474,opth,3,False,mlp1,bce,msle
507,0.9166212534059945,0.16440801329384352,0.9333333333333333,0.7611262488646685,0.99880810488677,0.8639175257731959,15.0,Stachys.pradica,0.694459582198002,opth,3,False,mlp1,bce,msle
508,0.8496069468087141,0.23440537346308526,0.7551020408163265,0.7853795688847235,0.9858823529411764,0.874282733437663,49.0,Stachys.recta,0.5404816097010499,opth,3,False,mlp1,bce,msle
509,0.8582418179841254,0.1671275523881523,0.7941176470588235,0.7513863216266173,0.9914634146341463,0.8548895899053628,34.0,Stellaria.graminea,0.5455039686854408,opth,3,False,mlp1,bce,msle
510,0.9322493224932249,0.1717602388652099,0.6666666666666666,0.9448961156278229,0.9971401334604385,0.9703153988868275,9.0,Stipa.capillata,0.6115627822944896,opth,3,False,mlp1,bce,msle
511,0.9227658186562296,0.26993698803036204,0.8571428571428571,0.8986301369863013,0.9969604863221885,0.9452449567723343,21.0,Stipa.eriocaulis,0.7557729941291584,opth,3,False,mlp1,bce,msle
512,0.8283043079743355,0.13894287865501925,0.44,0.8909257561869844,0.9858012170385395,0.9359653346172364,25.0,Succisa.pratensis,0.3309257561869845,opth,3,False,mlp1,bce,msle
513,,-0.0,0.0,0.9086021505376344,1.0,0.952112676056338,0.0,Symphytum.officinale,-0.09139784946236562,opth,3,False,mlp1,bce,msle
514,0.8928189865689866,0.1449673503788257,0.7083333333333334,0.8644688644688645,0.9926393270241851,0.9241311796377876,24.0,Taraxacum.alpinum,0.572802197802198,opth,3,False,mlp1,bce,msle
515,0.8268254828537643,0.4519358144112682,0.8895348837209303,0.6186440677966102,0.9684908789386402,0.7550096961861668,172.0,Taraxacum.officinale,0.5081789515175403,opth,3,False,mlp1,bce,msle
516,0.6945193171608265,0.007905982905982906,0.6666666666666666,0.7942497753818508,0.9988700564971752,0.8848848848848849,3.0,Tephroseris.integrifolia,0.46091644204851745,opth,3,False,mlp1,bce,msle
517,0.9973094170403587,0.25,1.0,0.895067264573991,1.0,0.9446284902981543,1.0,Teucrium.botrys,0.895067264573991,opth,3,False,mlp1,bce,msle
518,0.8981596567900245,0.4308750841296357,0.7448979591836735,0.8605108055009824,0.9722530521642619,0.9129755080771235,98.0,Teucrium.chamaedrys,0.6054087646846558,opth,3,False,mlp1,bce,msle
519,0.8297608034888331,0.15439088525374642,0.4857142857142857,0.9158186864014801,0.9821428571428571,0.9478219243657252,35.0,Teucrium.montanum,0.4015329721157659,opth,3,False,mlp1,bce,msle
520,0.9265765765765765,0.4196303347246743,0.6666666666666666,0.9801801801801802,0.998165137614679,0.9890909090909091,6.0,Thalictrum.alpinum,0.6468468468468469,opth,3,False,mlp1,bce,msle
521,0.9111960431654675,0.03987673599324085,0.75,0.9055755395683454,0.9990079365079365,0.95,4.0,Thalictrum.aquilegiifolium,0.6555755395683454,opth,3,False,mlp1,bce,msle
522,0.853011524244401,0.19158933629726832,0.9047619047619048,0.7178082191780822,0.9974619289340102,0.8348380244291025,21.0,Thalictrum.minus,0.622570123939987,opth,3,False,mlp1,bce,msle
523,0.8061206120612061,0.02770620187578706,0.8,0.5904590459045904,0.9984779299847792,0.7420814479638009,5.0,Thalictrum.simplex,0.39045904590459046,opth,3,False,mlp1,bce,msle
524,0.8764382339824588,0.13001998839538556,0.9032258064516129,0.7603686635944701,0.9963768115942029,0.8625196027182436,31.0,Thesium.alpinum,0.663594470046083,opth,3,False,mlp1,bce,msle
525,0.804249547920434,0.04255272436274225,0.7,0.8499095840867993,0.9968186638388123,0.9175207418252807,10.0,Thesium.linophyllon,0.5499095840867994,opth,3,False,mlp1,bce,msle
526,0.8429730774185238,0.18045438978505837,0.7142857142857143,0.824165915238954,0.9978165938864629,0.9027160493827161,7.0,Thesium.pyrenaicum,0.5384516295246682,opth,3,False,mlp1,bce,msle
527,0.5404676258992807,0.00573935501760525,0.5,0.6483812949640287,0.9972337482710927,0.7858310626702997,4.0,Tofieldia.calyculata,0.14838129496402885,opth,3,False,mlp1,bce,msle
528,0.9238698010849908,0.21639146938120363,0.9,0.8182640144665461,0.9988962472406181,0.8996023856858847,10.0,Tragopogon.dubius,0.7182640144665462,opth,3,False,mlp1,bce,msle
529,0.8513979299164484,0.5362309731173689,0.8488888888888889,0.7093153759820426,0.948948948948949,0.8118175979447656,225.0,Tragopogon.pratensis,0.5582042648709316,opth,3,False,mlp1,bce,msle
530,0.9476925071298936,0.2122366261552411,0.9285714285714286,0.7803992740471869,0.9988385598141696,0.8762098828323994,14.0,Traunsteinera.globosa,0.7089707026186156,opth,3,False,mlp1,bce,msle
531,0.8141064561829588,0.0915031141100962,0.8333333333333334,0.697632058287796,0.9960988296488946,0.8205677557579004,18.0,Trifolium.alpestre,0.5309653916211294,opth,3,False,mlp1,bce,msle
532,0.872925428480984,0.27277777917367085,0.8412698412698413,0.7559354226020892,0.9875930521091811,0.8563743948359333,63.0,Trifolium.alpinum,0.5972052638719305,opth,3,False,mlp1,bce,msle
533,0.891471119133574,0.07336841094564206,0.625,0.8637184115523465,0.996875,0.925531914893617,8.0,Trifolium.arvense,0.4887184115523464,opth,3,False,mlp1,bce,msle
534,0.9173717371737173,0.14768753768011525,1.0,0.6777677767776777,1.0,0.8079399141630901,5.0,Trifolium.aureum,0.6777677767776777,opth,3,False,mlp1,bce,msle
535,0.8706755050505051,0.2780402126168116,0.7666666666666667,0.7945075757575758,0.9835873388042204,0.8789942378208486,60.0,Trifolium.badium,0.5611742424242425,opth,3,False,mlp1,bce,msle
536,0.8556553643724696,0.2827407661037375,0.7368421052631579,0.7942307692307692,0.9763593380614657,0.8759278897136797,76.0,Trifolium.campestre,0.531072874493927,opth,3,False,mlp1,bce,msle
537,0.8984653161448741,0.20082324799540338,0.8666666666666667,0.8149171270718232,0.9955005624296963,0.8962025316455696,30.0,Trifolium.dubium,0.6815837937384899,opth,3,False,mlp1,bce,msle
538,0.6828465651995064,0.015999792364874317,1.0,0.4642533936651584,1.0,0.6341161928306551,11.0,Trifolium.medium,0.4642533936651585,opth,3,False,mlp1,bce,msle
539,0.816874590521948,0.45243327456991617,0.7631578947368421,0.7219917012448133,0.9508196721311475,0.8207547169811321,152.0,Trifolium.montanum,0.4851495959816554,opth,3,False,mlp1,bce,msle
540,0.7871382311273021,0.04008600396115106,0.5555555555555556,0.7668488160291439,0.9905882352941177,0.864476386036961,18.0,Trifolium.ochroleucon,0.3224043715846996,opth,3,False,mlp1,bce,msle
541,0.7541699360875695,0.6760715721449646,0.7383367139959433,0.6388443017656501,0.7552182163187856,0.6921739130434783,493.0,Trifolium.pratense,0.37718101576159335,opth,3,False,mlp1,bce,msle
542,0.7687330335495368,0.38517039148868365,0.7476635514018691,0.6518847006651884,0.9158878504672897,0.7616580310880829,214.0,Trifolium.repens,0.3995482520670577,opth,3,False,mlp1,bce,msle
543,0.7387607883550174,0.03352944102924509,0.5714285714285714,0.8412984670874661,0.9967948717948718,0.9124694376528117,7.0,Trifolium.rubens,0.41272703851603754,opth,3,False,mlp1,bce,msle
544,0.9488330341113106,0.17543859649122806,0.5,0.9326750448833034,0.9990384615384615,0.9647168059424327,2.0,Trifolium.scabrum,0.43267504488330344,opth,3,False,mlp1,bce,msle
545,0.7996852517985612,0.04292964163707111,0.5,0.8947841726618705,0.9979939819458375,0.9435751541014699,4.0,Trifolium.striatum,0.3947841726618706,opth,3,False,mlp1,bce,msle
546,0.890703180582932,0.4053875758727223,0.7469879518072289,0.8228460793804453,0.9758897818599311,0.8928571428571429,83.0,Trifolium.thalii,0.5698340311876742,opth,3,False,mlp1,bce,msle
547,0.8346531614487416,0.22203221318161953,0.6,0.8950276243093923,0.9878048780487805,0.9391304347826087,30.0,Trinia.glauca,0.4950276243093923,opth,3,False,mlp1,bce,msle
548,0.8971920289855072,0.12166009864127131,0.5,0.9139492753623188,0.994088669950739,0.9523360075507314,12.0,Trisetum.distichophyllum,0.41394927536231885,opth,3,False,mlp1,bce,msle
549,0.8004091922107339,0.5781944438263847,0.7392739273927392,0.6974169741697417,0.8777089783281734,0.7772446881425634,303.0,Trisetum.flavescens,0.4366909015624809,opth,3,False,mlp1,bce,msle
550,0.8907580759432612,0.2942414456545725,0.8888888888888888,0.7948717948717948,0.9917061611374408,0.882445967316816,63.0,Trollius.europaeus,0.6837606837606836,opth,3,False,mlp1,bce,msle
551,0.9348334833483348,0.398372183759947,0.8,0.819081908190819,0.9989023051591658,0.9000989119683481,5.0,Turritis.glabra,0.619081908190819,opth,3,False,mlp1,bce,msle
552,0.6713381555153707,0.02373319726457139,0.4,0.849005424954792,0.9936507936507937,0.9156509019990249,10.0,Tussilago.farfara,0.24900542495479216,opth,3,False,mlp1,bce,msle
553,0.654189004853599,0.05295046559573126,0.1724137931034483,0.9300827966881324,0.9768115942028985,0.9528746465598492,29.0,Urtica.dioica,0.10249658979158083,opth,3,False,mlp1,bce,msle
554,0.8615615615615616,0.35622116413343685,0.8333333333333334,0.8,0.9988751406074241,0.8884442221110556,6.0,Valeriana.dioica,0.6333333333333333,opth,3,False,mlp1,bce,msle
555,0.8523160762942779,0.06823955504593163,0.6666666666666666,0.8083560399636693,0.994413407821229,0.8917835671342685,15.0,Valeriana.montana,0.4750227066303361,opth,3,False,mlp1,bce,msle
556,0.8255120560020741,0.05641307652640984,0.8571428571428571,0.735934664246824,0.997539975399754,0.8469973890339425,14.0,Valeriana.officinalis,0.5930775213896811,opth,3,False,mlp1,bce,msle
557,0.8604882459312839,0.4100574964780573,0.7,0.8688969258589512,0.9968879668049793,0.9285024154589372,10.0,Valerianella.dentata,0.5688969258589511,opth,3,False,mlp1,bce,msle
558,0.8110808356039964,0.08595795366014469,0.6,0.8201634877384196,0.9933993399339934,0.8985074626865671,15.0,Valerianella.locusta,0.4201634877384195,opth,3,False,mlp1,bce,msle
559,0.8874779541446208,0.36708801918278694,0.5555555555555556,0.9243697478991597,0.9801980198019802,0.9514656415185008,45.0,Veratrum.album,0.4799253034547153,opth,3,False,mlp1,bce,msle
560,0.8227189781021897,0.08972926575178274,0.65,0.8512773722627737,0.9925531914893617,0.9165029469548134,20.0,Verbascum.lychnitis,0.5012773722627737,opth,3,False,mlp1,bce,msle
561,0.7872187218721872,0.03374168737441048,0.6,0.7776777677767777,0.9976905311778291,0.874051593323217,5.0,Verbascum.nigrum,0.37767776777677753,opth,3,False,mlp1,bce,msle
562,0.7801980198019802,0.028465739852385125,0.4,0.8658865886588659,0.9968911917098445,0.9267822736030829,5.0,Verbascum.thapsus,0.26588658865886594,opth,3,False,mlp1,bce,msle
563,0.8858777476663655,0.04693414077871118,0.7777777777777778,0.8048780487804879,0.9977603583426652,0.891,9.0,Verbena.officinalis,0.5826558265582658,opth,3,False,mlp1,bce,msle
564,0.9131754705525197,0.18312986744780343,0.7222222222222222,0.8943533697632058,0.9949341438703141,0.9419664268585132,18.0,Veronica.aphylla,0.6165755919854279,opth,3,False,mlp1,bce,msle
565,0.8400280604575312,0.41062483803933847,0.7889908256880734,0.7219463753723933,0.9693333333333334,0.8275469550369948,109.0,Veronica.arvensis,0.5109372010604667,opth,3,False,mlp1,bce,msle
566,0.9043339416058395,0.09381699982878758,0.4,0.9096715328467153,0.9881070366699702,0.9472684085510689,20.0,Veronica.bellidioides,0.30967153284671545,opth,3,False,mlp1,bce,msle
567,0.8462621453646156,0.29633692623939195,0.8411214953271028,0.7145688800792864,0.9769647696476965,0.8254149971379507,107.0,Veronica.chamaedrys,0.5556903754063893,opth,3,False,mlp1,bce,msle
568,0.8742663428455778,0.12106103668202704,0.7222222222222222,0.7777777777777778,0.9941792782305006,0.8727644353602453,18.0,Veronica.fruticans,0.5,opth,3,False,mlp1,bce,msle
569,0.9075989208633093,0.028816914951634662,0.75,0.8273381294964028,0.998914223669924,0.9050664043285784,4.0,Veronica.fruticulosa,0.5773381294964028,opth,3,False,mlp1,bce,msle
570,0.8444081945977067,0.10190379756663306,0.8421052631578947,0.7958067456700091,0.9965753424657534,0.8849467815509376,19.0,Veronica.officinalis,0.6379120088279038,opth,3,False,mlp1,bce,msle
571,0.7928062944923192,0.09993889301104478,0.7058823529411765,0.7797998180163785,0.994199535962877,0.8740438551759306,17.0,Veronica.persica,0.48568217095755495,opth,3,False,mlp1,bce,msle
572,0.7171124157425527,0.03836869208104224,0.14285714285714285,0.9178082191780822,0.9824046920821115,0.9490084985835694,21.0,Veronica.serpyllifolia,0.0606653620352251,opth,3,False,mlp1,bce,msle
573,0.8660130128320983,0.404174722460141,0.7545454545454545,0.8071570576540755,0.9678188319427891,0.8802168021680217,110.0,Vicia.cracca,0.56170251219953,opth,3,False,mlp1,bce,msle
574,0.9347165323113519,0.3134524179201763,0.8857142857142857,0.8519888991674376,0.9956756756756757,0.9182452642073778,35.0,Vicia.hirsuta,0.7377031848817233,opth,3,False,mlp1,bce,msle
575,0.8321880650994575,0.1355073994271273,0.5,0.8291139240506329,0.9945770065075922,0.9043392504930966,10.0,Vicia.onobrychioides,0.3291139240506329,opth,3,False,mlp1,bce,msle
576,0.87562871910698,0.46220943006918275,0.6260869565217392,0.8741258741258742,0.9531590413943355,0.9119332985930172,115.0,Vicia.sativa,0.5002128306476132,opth,3,False,mlp1,bce,msle
577,0.8607253086419753,0.20410816428651946,0.5277777777777778,0.925,0.9832677165354331,0.9532442748091603,36.0,Vicia.sepium,0.45277777777777795,opth,3,False,mlp1,bce,msle
578,0.756513926325247,0.050080858571008524,0.6666666666666666,0.7026055705300989,0.9987228607918263,0.8248945147679325,3.0,Vicia.tetrasperma,0.3692722371967654,opth,3,False,mlp1,bce,msle
579,0.8227066303360582,0.19377656578964952,0.5333333333333333,0.8946412352406903,0.9929435483870968,0.9412326803631151,15.0,Vincetoxicum.hirundinaria,0.4279745685740237,opth,3,False,mlp1,bce,msle
580,0.8644524236983842,0.027330650570087187,1.0,0.7450628366247756,1.0,0.8539094650205762,2.0,Viola.arvensis,0.7450628366247756,opth,3,False,mlp1,bce,msle
581,0.8433003597122302,0.01823382203439093,0.25,0.960431654676259,0.9971988795518207,0.9784699954191479,4.0,Viola.biflora,0.21043165467625902,opth,3,False,mlp1,bce,msle
582,0.8571619838188321,0.2138429352128181,0.7959183673469388,0.7713214620431116,0.9879951980792316,0.8663157894736843,49.0,Viola.calcarata,0.5672398293900502,opth,3,False,mlp1,bce,msle
583,0.8751771222465541,0.04998782734304643,0.8571428571428571,0.7096483318304779,0.998730964467005,0.8297311544544017,7.0,Viola.hirta,0.566791188973335,opth,3,False,mlp1,bce,msle
584,0.567713004484305,0.002070393374741201,0.0,0.6502242152466368,0.9986225895316805,0.7876154263986963,1.0,Viola.rupestris,-0.34977578475336324,opth,3,False,mlp1,bce,msle
585,0.9533213644524237,0.02795248078266946,1.0,0.7728904847396768,1.0,0.8718987341772152,2.0,Vulpia.myuros,0.7728904847396767,opth,3,False,mlp1,bce,msle
586,0.8460616951182989,0.012137784611735997,0.3333333333333333,0.9182389937106918,0.998046875,0.956481048198409,3.0,Athamanta.cretensis,0.2515723270440251,opth,3,False,mlp1,bce,msle
587,0.9209720972097211,0.09937893232595219,0.6,0.8838883888388839,0.9979674796747967,0.9374701670644391,5.0,Bupleurum.baldense,0.48388838883888385,opth,3,False,mlp1,bce,msle
588,0.8972647135079077,0.1240310803206675,0.7857142857142857,0.8457350272232305,0.9967914438502674,0.9150711831124202,14.0,Imperatoria.ostruthium,0.6314493129375163,opth,3,False,mlp1,bce,msle
589,0.8862805384743228,0.17552560139786713,0.6818181818181818,0.8683729433272395,0.9926854754440961,0.9263773768893223,22.0,Laserpitium.gallicum,0.5501911251454212,opth,3,False,mlp1,bce,msle
590,0.9991031390134529,0.5,1.0,0.989237668161435,1.0,0.9945897204688909,1.0,Oenanthe.silaifolia,0.989237668161435,opth,3,False,mlp1,bce,msle
591,0.9764127270902339,0.3367030725081573,1.0,0.9223125564588979,1.0,0.9595864661654135,9.0,Seseli.galloprovinciale,0.9223125564588979,opth,3,False,mlp1,bce,msle
592,1.0,1.0,1.0,0.9336322869955157,1.0,0.9656771799628943,1.0,Torilis.leptophylla,0.9336322869955156,opth,3,False,mlp1,bce,msle
593,0.9349192100538599,0.024676040805073064,0.0,0.9829443447037702,0.9981768459434822,0.9905020352781547,2.0,Achillea.ptarmica,-0.017055655296229766,opth,3,False,mlp1,bce,msle
594,0.9105370036101084,0.46890071429545116,0.625,0.9268953068592057,0.9970873786407767,0.960710944808232,8.0,Artemisia.alba,0.5518953068592056,opth,3,False,mlp1,bce,msle
595,0.8947558770343581,0.05405730862593908,0.3,0.9547920433996383,0.993414863593603,0.9737206085753803,10.0,Bombycilaena.erecta,0.25479204339963824,opth,3,False,mlp1,bce,msle
596,0.9023659778376759,0.1294470526864893,0.6666666666666666,0.8436657681940701,0.9989361702127659,0.9147588894301023,3.0,Cacalia.alliariae,0.5103324348607368,opth,3,False,mlp1,bce,msle
597,0.8685314685314686,0.06560966890882171,0.6363636363636364,0.8361990950226245,0.9956896551724138,0.9090014756517462,11.0,Cacalia.alpina,0.4725627313862608,opth,3,False,mlp1,bce,msle
598,0.7840670859538784,0.3396522048786278,0.6666666666666666,0.8517520215633423,0.9989462592202318,0.9194956353055286,3.0,Carduus.nigrescens,0.518418688230009,opth,3,False,mlp1,bce,msle
599,0.935507719069363,0.247626358541598,0.8571428571428571,0.8474885844748858,0.9967776584317938,0.9160908193484699,21.0,Catananche.caerulea,0.7046314416177428,opth,3,False,mlp1,bce,msle
600,0.8376759508834981,0.024761143466179435,0.3333333333333333,0.8005390835579514,0.9977603583426652,0.8883349950149552,3.0,Centaurea.alpestris,0.13387241689128482,opth,3,False,mlp1,bce,msle
601,0.9166086816892363,0.11873341149303138,1.0,0.7370336669699727,1.0,0.8486118386589837,17.0,Centaurea.paniculata,0.7370336669699729,opth,3,False,mlp1,bce,msle
602,0.9622641509433962,0.0975069847410273,1.0,0.6630727762803235,1.0,0.7974068071312804,3.0,Centaurea.triumfetti,0.6630727762803235,opth,3,False,mlp1,bce,msle
603,0.8907364943957153,0.35959887945968977,0.7966101694915254,0.7691579943235572,0.9854545454545455,0.8639744952178533,59.0,Centaurea.uniflora,0.5657681638150827,opth,3,False,mlp1,bce,msle
604,0.7926391382405745,0.007396144727347696,0.0,0.9676840215439856,0.9981481481481481,0.9826800364630811,2.0,Cirsium.ferox,-0.032315978456014416,opth,3,False,mlp1,bce,msle
605,0.8426176854361137,0.06295179956026453,0.7777777777777778,0.7651309846431797,0.9976442873969376,0.8660531697341514,9.0,Cirsium.morisianum,0.5429087624209576,opth,3,False,mlp1,bce,msle
606,0.9937050359712231,0.3005952380952381,1.0,0.9307553956834532,1.0,0.9641360037261295,4.0,Cirsium.rivulare,0.9307553956834531,opth,3,False,mlp1,bce,msle
607,0.8756075607560756,0.022109925655475766,0.8,0.7857785778577858,0.9988558352402745,0.8795969773299748,5.0,Crepis.albida,0.585778577857786,opth,3,False,mlp1,bce,msle
608,0.9047619047619047,0.18705317894436688,0.9523809523809523,0.7296803652968037,0.99875,0.8432717678100264,21.0,Crepis.nicaeensis,0.6820613176777561,opth,3,False,mlp1,bce,msle
609,0.8209541062801933,0.11183870397431842,0.5833333333333334,0.8016304347826086,0.9943820224719101,0.8876629889669007,12.0,Doronicum.grandiflorum,0.3849637681159419,opth,3,False,mlp1,bce,msle
610,0.922583451125367,0.22619409675089855,0.7647058823529411,0.8724584103512015,0.9915966386554622,0.928220255653884,34.0,Echinops.ritro,0.6371642927041425,opth,3,False,mlp1,bce,msle
611,0.8593327321911632,0.22216991097057964,0.7142857142857143,0.8349864743011722,0.9978448275862069,0.9091801669121257,7.0,Erigeron.atticus,0.5492721885868865,opth,3,False,mlp1,bce,msle
612,0.9950628366247756,0.25757575757575757,1.0,0.9084380610412927,1.0,0.9520225776105362,2.0,Filago.vulgaris,0.9084380610412928,opth,3,False,mlp1,bce,msle
613,0.818794964028777,0.01888933234324616,0.25,0.9577338129496403,0.9971910112359551,0.9770642201834863,4.0,Helichrysum.stoechas,0.20773381294964022,opth,3,False,mlp1,bce,msle
614,0.9420342034203419,0.09026969315576229,0.8,0.9441944194419442,0.9990476190476191,0.970846830171217,5.0,Hieracium.glanduliferum,0.7441944194419441,opth,3,False,mlp1,bce,msle
615,0.8279768098706705,0.15368710274467615,0.8064516129032258,0.7751152073732719,0.9929161747343566,0.870600414078675,31.0,Pilosella.peleteriana,0.5815668202764976,opth,3,False,mlp1,bce,msle
616,0.7666275076811856,0.259481388408218,0.6454545454545455,0.7445328031809145,0.950507614213198,0.835005574136009,110.0,Pilosella.officinarum,0.38998734863546014,opth,3,False,mlp1,bce,msle
617,0.9062476547842402,0.44578637521409964,0.84,0.8761726078799249,0.9915074309978769,0.9302788844621513,50.0,Hieracium.rionii,0.7161726078799249,opth,3,False,mlp1,bce,msle
618,0.9512596505485574,0.4380949058905526,0.6956521739130435,0.9429906542056075,0.9863147605083089,0.9641662685140946,46.0,Pilosella.corymbuloides,0.6386428281186509,opth,3,False,mlp1,bce,msle
619,0.9156079854809438,0.18711955199898744,0.5,0.9401088929219601,0.9932885906040269,0.965967365967366,14.0,Inula.montana,0.4401088929219601,opth,3,False,mlp1,bce,msle
620,0.9265452755905511,0.5148159368056378,0.81,0.8759842519685039,0.9790979097909791,0.9246753246753247,100.0,Leontodon.pyrenaicus,0.685984251968504,opth,3,False,mlp1,bce,msle
621,0.8250207937262357,0.21626793250420956,0.78125,0.7918250950570342,0.9834710743801653,0.8773038441284887,64.0,Leucanthemum.adustum,0.5730750950570342,opth,3,False,mlp1,bce,msle
622,0.9112103174603174,0.21605205910523556,0.75,0.8864468864468864,0.9938398357289527,0.9370764762826719,24.0,Leucanthemum.atratum,0.6364468864468864,opth,3,False,mlp1,bce,msle
623,0.9689775245330801,0.5867092601396272,0.8888888888888888,0.9240265906932573,0.9928571428571429,0.9572060993605509,63.0,Omalotheca.supina,0.8129154795821463,opth,3,False,mlp1,bce,msle
624,0.903645497874533,0.07044807696071922,0.7142857142857143,0.8746618575293057,0.9979423868312757,0.9322441134070159,7.0,Omalotheca.sylvatica,0.5889475718150199,opth,3,False,mlp1,bce,msle
625,0.732495511669659,0.005361062644228063,0.0,0.9039497307001796,0.998017839444995,0.9486575600565238,2.0,Pulicaria.dysenterica,-0.09605026929982041,opth,3,False,mlp1,bce,msle
626,0.9440937781785392,0.1039716169656176,1.0,0.7439134355275022,1.0,0.8531540847983454,7.0,Scorzonera.hispanica,0.7439134355275021,opth,3,False,mlp1,bce,msle
627,0.9986535008976661,0.7,1.0,0.9245960502692998,1.0,0.960820895522388,2.0,Senecio.aquaticus,0.9245960502692998,opth,3,False,mlp1,bce,msle
628,0.9119496855345912,0.020839617898441427,0.6666666666666666,0.9155435759209344,0.9990196078431373,0.9554617909048289,3.0,Senecio.vulgaris,0.582210242587601,opth,3,False,mlp1,bce,msle
629,0.9630198915009042,0.32675804291879124,0.9,0.9095840867992767,0.9990069513406157,0.9522006625650734,10.0,Serratula.lycopifolia,0.8095840867992767,opth,3,False,mlp1,bce,msle
630,0.941771582733813,0.2814163885799036,1.0,0.8345323741007195,1.0,0.9098039215686274,4.0,Serratula.nudicaulis,0.8345323741007196,opth,3,False,mlp1,bce,msle
631,0.6845773381294964,0.006864481419374164,0.25,0.8309352517985612,0.9967637540453075,0.9063266307013241,4.0,Sonchus.asper,0.08093525179856131,opth,3,False,mlp1,bce,msle
632,0.8350371995932131,0.2106096185361277,0.5882352941176471,0.8753412192902639,0.9927760577915377,0.9303675048355899,17.0,Taraxacum.erythrospermum,0.46357651340791106,opth,3,False,mlp1,bce,msle
633,0.7801801801801802,0.038829179365112695,0.6666666666666666,0.8612612612612612,0.9979123173277662,0.9245647969052224,6.0,Taraxacum.palustre,0.5279279279279279,opth,3,False,mlp1,bce,msle
634,0.6693620844564241,0.11411564894482015,0.3333333333333333,0.683737646001797,0.9973787680209698,0.8113006396588486,3.0,Tolpis.staticifolia,0.017070979335130243,opth,3,False,mlp1,bce,msle
635,0.8823000898472596,0.05101430740116872,0.3333333333333333,0.9335130278526504,0.9980787704130644,0.9647168059424327,3.0,Tragopogon.crocifolius,0.2668463611859837,opth,3,False,mlp1,bce,msle
636,0.9192516143911439,0.30560275861038344,0.875,0.8007380073800738,0.9954128440366973,0.8875255623721882,32.0,Cerinthe.minor,0.6757380073800738,opth,3,False,mlp1,bce,msle
637,0.7963462114405511,0.014590716255790137,0.6666666666666666,0.6217430368373764,0.9985569985569985,0.7663344407530454,3.0,Cynoglossum.officinale,0.28840970350404316,opth,3,False,mlp1,bce,msle
638,0.8140161725067385,0.01138408035592858,0.3333333333333333,0.8831985624438454,0.9979695431472081,0.9370829361296473,3.0,Lithospermum.arvense,0.21653189577717868,opth,3,False,mlp1,bce,msle
639,0.8016120520078683,0.08525590599952855,0.6842105263157895,0.8340929808568824,0.993485342019544,0.9068384539147671,19.0,Myosotis.decumbens,0.5183035071726718,opth,3,False,mlp1,bce,msle
640,0.9165271158057452,0.10588128753153385,0.7142857142857143,0.8809738503155996,0.9979570990806946,0.935823754789272,7.0,Myosotis.discolor,0.5952595646013139,opth,3,False,mlp1,bce,msle
641,0.8836695774365151,0.12288882966091329,0.7777777777777778,0.8057813911472448,0.9977628635346756,0.8915542228885557,9.0,Pulmonaria.angustifolia,0.5835591689250226,opth,3,False,mlp1,bce,msle
642,0.8797297297297298,0.026422373643007237,0.6666666666666666,0.8414414414414414,0.9978632478632479,0.9130009775171065,6.0,Alyssum.alpestre,0.508108108108108,opth,3,False,mlp1,bce,msle
643,0.9153153153153153,0.049234303071338484,0.6666666666666666,0.8873873873873874,0.9979736575481256,0.9394372913686219,6.0,Alyssum.montanum,0.554054054054054,opth,3,False,mlp1,bce,msle
644,0.9095537586103624,0.15163246870563943,0.6666666666666666,0.7493261455525606,0.9988023952095808,0.8562628336755647,3.0,Arabis.alpina,0.4159928122192271,opth,3,False,mlp1,bce,msle
645,0.9425493716337522,0.02441520467836257,1.0,0.8806104129263914,1.0,0.9365155131264916,2.0,Arabis.auriculata,0.8806104129263914,opth,3,False,mlp1,bce,msle
646,0.9487311606337756,0.13714622673874655,0.8571428571428571,0.9224526600541028,0.9990234375,0.9592123769338959,7.0,Cardamine.bellidifolia,0.77959551719696,opth,3,False,mlp1,bce,msle
647,0.9187530511193249,0.09967258926913614,0.7692307692307693,0.8921124206708976,0.9969604863221885,0.9416267942583733,13.0,Cardamine.resedifolia,0.6613431899016669,opth,3,False,mlp1,bce,msle
648,,-0.0,0.0,0.8584229390681004,1.0,0.9238187078109933,0.0,Iberis.pinnata,-0.1415770609318996,opth,3,False,mlp1,bce,msle
649,0.7823796548592189,0.03185687808702539,0.9333333333333333,0.620345140781108,0.9985380116959064,0.765266106442577,15.0,Kandis.perfoliata,0.5536784741144414,opth,3,False,mlp1,bce,msle
650,0.7851090086384205,0.027923338610708632,0.6363636363636364,0.7484162895927602,0.9951865222623345,0.8543388429752066,11.0,Noccaea.brachypetala,0.38477992595639643,opth,3,False,mlp1,bce,msle
651,0.9134113411341134,0.15128981493230423,0.6,0.9018901890189019,0.99800796812749,0.9475177304964539,5.0,Pritzelago.alpina,0.5018901890189018,opth,3,False,mlp1,bce,msle
652,0.8227848101265823,0.03267175195123313,0.6,0.8372513562386981,0.9956989247311828,0.9096267190569745,10.0,Sisymbrium.austriacum,0.43725135623869793,opth,3,False,mlp1,bce,msle
653,0.9216216216216218,0.1588200916294408,0.8333333333333334,0.8540540540540541,0.9989462592202318,0.9208353569694027,6.0,Campanula.alpestris,0.6873873873873875,opth,3,False,mlp1,bce,msle
654,0.9556711758584808,0.35502394561212874,0.7741935483870968,0.9207373271889401,0.9930417495029821,0.9555236728837877,31.0,Phyteuma.globulariifolium,0.6949308755760368,opth,3,False,mlp1,bce,msle
655,0.8611849759016121,0.32024298823917224,0.6818181818181818,0.8153564899451554,0.9922135706340378,0.8951329653788259,22.0,Phyteuma.michelii,0.4971746717633372,opth,3,False,mlp1,bce,msle
656,0.8961768848797005,0.3874357020403396,0.7313432835820896,0.8693994280266921,0.9806451612903225,0.921677614957049,67.0,Arenaria.gothica,0.6007427116087816,opth,3,False,mlp1,bce,msle
657,0.9628390596745027,0.2913433608173166,0.9,0.9132007233273056,0.9990108803165183,0.954180444024563,10.0,Cerastium.cerastoides,0.8132007233273058,opth,3,False,mlp1,bce,msle
658,0.9360916341058716,0.16541826125901096,0.9411764705882353,0.8535031847133758,0.9989350372736954,0.9205103042198234,17.0,Dianthus.hyssopifolius,0.7946796553016111,opth,3,False,mlp1,bce,msle
659,0.8796993792285694,0.34884407105043236,0.7222222222222222,0.844632768361582,0.9835526315789473,0.9088145896656535,54.0,Dianthus.pavonius,0.5668549905838041,opth,3,False,mlp1,bce,msle
660,0.9172661870503597,0.3234307359307359,0.5,0.9487410071942446,0.9981078524124882,0.9727985246657446,4.0,Minuartia.hybrida,0.4487410071942446,opth,3,False,mlp1,bce,msle
661,0.9017669961066187,0.036978163588988325,0.3333333333333333,0.9155435759209344,0.9980411361410382,0.9550140581068416,3.0,Minuartia.rupestris,0.24887690925426775,opth,3,False,mlp1,bce,msle
662,0.9471369745940486,0.42076867893018655,0.9016393442622951,0.8890995260663507,0.9936440677966102,0.9384692346173087,61.0,Minuartia.sedoides,0.7907388703286458,opth,3,False,mlp1,bce,msle
663,0.9232937878886643,0.38016418195045365,0.8448275862068966,0.8638941398865785,0.9902491874322861,0.9227662796567391,58.0,Sagina.glabra,0.7087217260934751,opth,3,False,mlp1,bce,msle
664,0.8880395683453237,0.033562006638528735,0.75,0.762589928057554,0.9988221436984688,0.8648648648648649,4.0,Sagina.saginoides,0.5125899280575541,opth,3,False,mlp1,bce,msle
665,0.8527840909090909,0.055329305858726335,0.8125,0.7672727272727272,0.9964580873671782,0.866974833076528,16.0,Silene.italica,0.5797727272727271,opth,3,False,mlp1,bce,msle
666,0.8521688549110853,0.08105618892384894,0.8636363636363636,0.7184643510054844,0.9961977186311787,0.8348380244291025,22.0,Silene.latifolia,0.582100714641848,opth,3,False,mlp1,bce,msle
667,0.9718478586403114,0.2446969696969697,0.3333333333333333,0.995507637017071,0.9981981981981982,0.99685110211426,3.0,Silene.suecica,0.32884097035040427,opth,3,False,mlp1,bce,msle
668,0.7548458485958486,0.07936361838853427,0.625,0.7939560439560439,0.9897260273972602,0.8810975609756098,24.0,Chenopodium.bonus.henricus,0.4189560439560438,opth,3,False,mlp1,bce,msle
669,0.8641469338190649,0.14403273043094408,0.6111111111111112,0.8879781420765027,0.9928716904276986,0.9375,18.0,Helianthemum.apenninum,0.4990892531876139,opth,3,False,mlp1,bce,msle
670,0.8481952439747927,0.31554286964761297,0.6440677966101694,0.8391674550614948,0.9768722466960352,0.9027989821882951,59.0,Helianthemum.oelandicum,0.48323525167166426,opth,3,False,mlp1,bce,msle
671,0.9700509134471398,0.376984126984127,1.0,0.9236298292902066,1.0,0.9602989257356376,3.0,Convolvulus.cantabricus,0.9236298292902068,opth,3,False,mlp1,bce,msle
672,0.9456177941026426,0.23997780953227865,1.0,0.7529843893480257,1.0,0.859088528025144,27.0,Sedum.alpestre,0.7529843893480257,opth,3,False,mlp1,bce,msle
673,0.8843712950693912,0.08954204261709388,0.9230769230769231,0.7642792384406165,0.9988151658767772,0.8659476117103235,13.0,Sedum.anacampseros,0.6873561615175396,opth,3,False,mlp1,bce,msle
674,0.8492700729927007,0.09841967423961534,0.55,0.8832116788321168,0.9907881269191402,0.9339122045344911,20.0,Sedum.ochroleucum,0.43321167883211675,opth,3,False,mlp1,bce,msle
675,0.9529258255545519,0.5927743582429076,0.8888888888888888,0.8861788617886179,0.9989816700610998,0.9392053614169459,9.0,Sedum.sediforme,0.7750677506775068,opth,3,False,mlp1,bce,msle
676,0.9155902920608802,0.14587631514499735,0.8181818181818182,0.9158371040723982,0.9980276134122288,0.9551675318546484,11.0,Sempervivum.calcareum,0.7340189222542164,opth,3,False,mlp1,bce,msle
677,1.0,1.0,1.0,0.9587443946188341,1.0,0.9789377289377289,1.0,Euphorbia.esula,0.9587443946188341,opth,3,False,mlp1,bce,msle
678,0.9289846851956891,0.3582183992133887,0.6829268292682927,0.9451162790697675,0.9873663751214772,0.9657794676806084,41.0,Anthyllis.montana,0.6280431083380602,opth,3,False,mlp1,bce,msle
679,0.9541302820435612,0.11671114095068999,0.6666666666666666,0.9186991869918699,0.9970588235294118,0.9562764456981664,9.0,Argyrolobium.zanonii,0.5853658536585367,opth,3,False,mlp1,bce,msle
680,0.8381955833871744,0.2031289688410055,0.6491228070175439,0.8111425873465533,0.9772468714448237,0.8864809081527347,57.0,Astragalus.danicus,0.4602653943640971,opth,3,False,mlp1,bce,msle
681,0.8926579925650557,0.29375406543768834,0.75,0.8745353159851301,0.9894847528916929,0.9284657128761716,40.0,Astragalus.sempervirens,0.6245353159851301,opth,3,False,mlp1,bce,msle
682,0.8876909254267745,0.022857964347326048,0.3333333333333333,0.9380053908355795,0.9980879541108987,0.9671144048170449,3.0,Astragalus.vesicarius,0.2713387241689129,opth,3,False,mlp1,bce,msle
683,0.9598682240191674,0.3611552729199788,1.0,0.8966756513926325,1.0,0.945523448602558,3.0,Bituminaria.bituminosa,0.8966756513926324,opth,3,False,mlp1,bce,msle
684,0.9551719695993817,0.23957099155329803,0.2857142857142857,0.9927862939585211,0.9954792043399638,0.9941309255079007,7.0,Dorycnium.pentaphyllum,0.27850057967280684,opth,3,False,mlp1,bce,msle
685,0.8582959641255605,0.006289308176100629,0.0,0.8591928251121076,0.9989572471324296,0.9238187078109933,1.0,Genista.cinerea,-0.1408071748878924,opth,3,False,mlp1,bce,msle
686,0.8376681614349776,0.005494505494505495,1.0,0.6582959641255606,1.0,0.7939426717144402,1.0,Lathyrus.hirsutus,0.6582959641255606,opth,3,False,mlp1,bce,msle
687,0.9065938864628821,0.6212894452052025,0.79,0.8417030567685589,0.948339483394834,0.891844997108155,200.0,Lotus.alpinus,0.6317030567685591,opth,3,False,mlp1,bce,msle
688,0.8377352762598664,0.12123584837621251,0.7777777777777778,0.7367941712204007,0.995079950799508,0.8466771323914181,18.0,Lotus.delortii,0.5145719489981784,opth,3,False,mlp1,bce,msle
689,0.9784560143626572,0.05982142857142857,1.0,0.9694793536804309,1.0,0.9845031905195989,2.0,Lotus.pedunculatus,0.9694793536804309,opth,3,False,mlp1,bce,msle
690,0.9443946188340807,0.015873015873015872,1.0,0.873542600896861,1.0,0.932503590234562,1.0,Medicago.arabica,0.873542600896861,opth,3,False,mlp1,bce,msle
691,0.9907157831686133,0.53125,0.6666666666666666,0.9937106918238994,0.999096657633243,0.9963963963963964,3.0,Melilotus.neapolitanus,0.6603773584905661,opth,3,False,mlp1,bce,msle
692,0.883150522003436,0.22675884905313468,0.6,0.8871415356151712,0.9856115107913669,0.9337877312560857,35.0,Ononis.cristata,0.48714153561517115,opth,3,False,mlp1,bce,msle
693,0.9314757103574702,0.32254562120798325,0.84,0.8725939505041247,0.99581589958159,0.9301416707376648,25.0,Oxytropis.lapponica,0.7125939505041248,opth,3,False,mlp1,bce,msle
694,0.8621666881360299,0.04870548795456988,0.42857142857142855,0.9377817853922452,0.9961685823754789,0.9660938225731538,7.0,Trifolium.incarnatum,0.3663532139636738,opth,3,False,mlp1,bce,msle
695,0.8878760255241568,0.21174608940052356,0.6842105263157895,0.8577939835916135,0.9936642027455121,0.9207436399217221,19.0,Trifolium.pallescens,0.5420045099074029,opth,3,False,mlp1,bce,msle
696,0.8986547085201794,0.008771929824561403,0.0,0.9165919282511211,0.9990224828934506,0.9560336763330215,1.0,Vicia.pannonica,-0.08340807174887888,opth,3,False,mlp1,bce,msle
697,0.8085262037776004,0.16913723131567324,0.8095238095238095,0.6936685288640596,0.9893758300132802,0.8155446086480569,42.0,Vicia.tenuifolia,0.5031923383878691,opth,3,False,mlp1,bce,msle
698,0.8632246376811593,0.19290478470546543,0.6666666666666666,0.8097826086956522,0.9955456570155902,0.8931068931068931,12.0,Gentiana.angustifolia,0.47644927536231885,opth,3,False,mlp1,bce,msle
699,0.8788463629444384,0.19179783359841046,0.7941176470588235,0.7911275415896488,0.9918887601390498,0.8802056555269923,34.0,Gentiana.brachyphylla,0.5852451886484724,opth,3,False,mlp1,bce,msle
700,0.8266134226458843,0.022738124588519662,0.42857142857142855,0.8990081154192967,0.996003996003996,0.9450236966824644,7.0,Gentiana.orbicularis,0.3275795439907252,opth,3,False,mlp1,bce,msle
701,0.9137713771377138,0.037045353701439916,0.4,0.9693969396939695,0.9972222222222222,0.9831127339114559,5.0,Gentiana.rostanii,0.36939693969396936,opth,3,False,mlp1,bce,msle
702,0.8448569734696902,0.24201878127554674,0.8974358974358975,0.6840077071290944,0.9888579387186629,0.8086560364464692,78.0,Gentianella.campestris,0.581443604564992,opth,3,False,mlp1,bce,msle
703,0.8517520215633423,0.011475667189952904,0.3333333333333333,0.8481581311769991,0.9978858350951374,0.9169499757163672,3.0,Gentianella.ciliata,0.1814914645103325,opth,3,False,mlp1,bce,msle
704,0.9017669961066187,0.020147397806972275,1.0,0.8445642407906558,1.0,0.9157330735509012,3.0,Gentianella.tenella,0.844564240790656,opth,3,False,mlp1,bce,msle
705,,-0.0,0.0,0.9238351254480287,1.0,0.96040987424313,0.0,Hypericum.tetrapterum,-0.0761648745519713,opth,3,False,mlp1,bce,msle
706,0.9412997903563941,0.05066015554349792,0.3333333333333333,0.9487870619946092,0.998109640831758,0.9728235836020267,3.0,Herniaria.incana,0.28212039532794253,opth,3,False,mlp1,bce,msle
707,0.7822822822822822,0.02560140749954424,0.5,0.9027027027027027,0.9970149253731343,0.9475177304964539,6.0,Calamintha.nepeta,0.4027027027027028,opth,3,False,mlp1,bce,msle
708,0.9739208633093526,0.08806120144534779,0.75,0.9649280575539568,0.9990689013035382,0.9817017383348582,4.0,Mentha.aquatica,0.7149280575539567,opth,3,False,mlp1,bce,msle
709,0.888312274368231,0.1653733018301523,0.25,0.9720216606498195,0.9944598337950139,0.9831127339114559,8.0,Mentha.longifolia,0.22202166064981954,opth,3,False,mlp1,bce,msle
710,0.8885893980233602,0.17625994694960212,1.0,0.6855345911949685,1.0,0.8134328358208955,3.0,Nepeta.nepetella,0.6855345911949686,opth,3,False,mlp1,bce,msle
711,0.9167415393830488,0.02174461197717012,1.0,0.8310871518418689,1.0,0.9077526987242395,3.0,Prunella.hyssopifolia,0.831087151841869,opth,3,False,mlp1,bce,msle
712,0.9352054618060028,0.15145679042789228,0.7142857142857143,0.9567177637511272,0.9981185324553151,0.9769797421731123,7.0,Teucrium.polium,0.6710034780368415,opth,3,False,mlp1,bce,msle
713,0.9615615615615616,0.2982028109765336,0.6666666666666666,0.9702702702702702,0.9981464318813716,0.9840109639104614,6.0,Linum.bienne,0.6369369369369369,opth,3,False,mlp1,bce,msle
714,0.8555929667040778,0.16389661248531098,0.7037037037037037,0.8310376492194674,0.9912376779846659,0.9040959040959041,27.0,Linum.suffruticosum,0.534741352923171,opth,3,False,mlp1,bce,msle
715,0.9507507507507508,0.07525535308628026,0.6666666666666666,0.9108108108108108,0.998025666337611,0.9524258125294395,6.0,Lythrum.salicaria,0.5774774774774776,opth,3,False,mlp1,bce,msle
716,0.8857357357357357,0.03091382932422637,0.16666666666666666,0.9630630630630631,0.9953445065176909,0.9789377289377289,6.0,Althaea.hirsuta,0.12972972972972974,opth,3,False,mlp1,bce,msle
717,0.9955156950672646,0.16666666666666666,0.0,0.9964125560538116,0.9991007194244604,0.9977548271216884,1.0,Epilobium.parviflorum,-0.0035874439461883734,opth,3,False,mlp1,bce,msle
718,0.855475763016158,0.009003831417624522,0.0,0.8770197486535009,0.9979570990806946,0.9335881509794554,2.0,Plantago.sempervirens,-0.12298025134649915,opth,3,False,mlp1,bce,msle
719,0.9101089378901763,0.41041247738531905,0.8840579710144928,0.7917860553963706,0.9904420549581839,0.8800424628450106,69.0,Armeria.alpina,0.6758440264108634,opth,3,False,mlp1,bce,msle
720,0.7698396913162814,0.07457859074531983,0.6521739130434783,0.7840805123513266,0.9907514450867052,0.8753830439223698,23.0,Polygala.calcarea,0.43625442539480486,opth,3,False,mlp1,bce,msle
721,0.8311183610804587,0.1212588753725672,0.7894736842105263,0.796718322698268,0.9954441913439636,0.8850632911392405,19.0,Rumex.arifolius,0.5861920069087945,opth,3,False,mlp1,bce,msle
722,0.967056705670567,0.1189900679031114,1.0,0.8577857785778578,1.0,0.9234496124031008,5.0,Rumex.conglomeratus,0.8577857785778578,opth,3,False,mlp1,bce,msle
723,0.7332829468157047,0.07297459258561168,0.5217391304347826,0.7401646843549863,0.9865853658536585,0.8457919498170413,23.0,Rumex.nebroides,0.26190381478976876,opth,3,False,mlp1,bce,msle
724,0.8184448462929477,0.07368334170016089,0.6,0.9023508137432188,0.9960079840319361,0.9468690702087287,10.0,Rumex.pseudalpinus,0.5023508137432189,opth,3,False,mlp1,bce,msle
725,0.9509256827731092,0.27281731699382106,0.9285714285714286,0.8501838235294118,0.9978425026968716,0.9181141439205955,28.0,Androsace.adfinis,0.7787552521008405,opth,3,False,mlp1,bce,msle
726,0.8946121847819597,0.22237123638752085,0.8085106382978723,0.8260056127221702,0.9899103139013453,0.9005609382967874,47.0,Androsace.vitaliana,0.6345162510200426,opth,3,False,mlp1,bce,msle
727,0.1605381165919283,0.0010672358591248667,0.0,0.515695067264574,0.9982638888888888,0.6800709639266707,1.0,Primula.vulgaris,-0.48430493273542596,opth,3,False,mlp1,bce,msle
728,0.8942942942942943,0.1498634588890084,0.8333333333333334,0.7774774774774775,0.9988425925925926,0.8743667679837892,6.0,Aconitum.anthora,0.6108108108108108,opth,3,False,mlp1,bce,msle
729,0.929192546583851,0.30130813467677653,0.8857142857142857,0.8464384828862165,0.9956474428726877,0.915,35.0,Anemone.baldensis,0.732152768600502,opth,3,False,mlp1,bce,msle
730,0.9375226039783002,0.40969757102941806,0.8,0.8860759493670886,0.9979633401221996,0.9386973180076629,10.0,Anemone.narcissifolia,0.6860759493670887,opth,3,False,mlp1,bce,msle
731,0.8661275831087152,0.1993006993006993,0.3333333333333333,0.9910152740341419,0.9981900452488688,0.9945897204688909,3.0,Caltha.palustris,0.3243486073674753,opth,3,False,mlp1,bce,msle
732,0.8372388737511354,0.06268411642204982,0.8666666666666667,0.6612170753860127,0.9972602739726028,0.795193883123976,15.0,Ranunculus.aduncus,0.5278837420526794,opth,3,False,mlp1,bce,msle
733,0.9241394927536232,0.41048766747963017,0.75,0.9112318840579711,0.9970267591674926,0.9522006625650734,12.0,Ranunculus.carinthiacus,0.6612318840579712,opth,3,False,mlp1,bce,msle
734,0.8617222629454175,0.34275912788170004,0.7415730337078652,0.813047711781889,0.9731934731934732,0.8859416445623343,89.0,Ranunculus.sartorianus,0.5546207454897543,opth,3,False,mlp1,bce,msle
735,0.8466726618705036,0.1348222800093894,0.25,0.8633093525179856,0.9968847352024922,0.9253012048192771,4.0,Reseda.phyteuma,0.11330935251798557,opth,3,False,mlp1,bce,msle
736,0.8825411334552102,0.108018950873398,0.5,0.8848263254113345,0.9887640449438202,0.9339122045344911,22.0,Alchemilla.fissa,0.38482632541133466,opth,3,False,mlp1,bce,msle
737,0.8743547116983114,0.36099670106651505,0.7142857142857143,0.8508180943214629,0.9757174392935982,0.9089974293059125,77.0,Alchemilla.flabellata,0.5651038086071773,opth,3,False,mlp1,bce,msle
738,0.8671489061397318,0.14801759403425432,0.7307692307692307,0.8027522935779816,0.9920634920634921,0.8874239350912779,26.0,Alchemilla.glabra,0.5335215243472122,opth,3,False,mlp1,bce,msle
739,0.8231472978947727,0.11339645029546992,0.8148148148148148,0.7382920110192838,0.9938195302843016,0.8472075869336143,27.0,Alchemilla.glaucescens,0.5531068258340985,opth,3,False,mlp1,bce,msle
740,0.8631195125461786,0.21364963478852678,0.8421052631578947,0.780309936189608,0.9965075669383003,0.8752556237218814,19.0,Alchemilla.monticola,0.6224151993475027,opth,3,False,mlp1,bce,msle
741,0.9597694900511037,0.33650652043078055,0.9117647058823529,0.9121996303142329,0.996969696969697,0.9527027027027027,34.0,Alchemilla.pentaphyllea,0.8239643361965858,opth,3,False,mlp1,bce,msle
742,0.9292764153799576,0.15416657943131348,0.8666666666666667,0.9191643960036331,0.9980276134122288,0.9569739952718677,15.0,Filipendula.ulmaria,0.7858310626702998,opth,3,False,mlp1,bce,msle
743,0.8864658273381295,0.020886562101510187,1.0,0.7526978417266187,1.0,0.8589020010261673,4.0,Potentilla.brauneana,0.7526978417266186,opth,3,False,mlp1,bce,msle
744,0.802064631956912,0.5022573363431151,0.5,0.729802513464991,0.9987714987714987,0.8433609958506224,2.0,Potentilla.neglecta,0.22980251346499103,opth,3,False,mlp1,bce,msle
745,0.9505569875940246,0.42409333693550344,0.8571428571428571,0.9021842355175689,0.9906152241918665,0.9443339960238568,63.0,Sibbaldia.procumbens,0.7593270926604259,opth,3,False,mlp1,bce,msle
746,0.8286786786786787,0.01883128876219077,0.16666666666666666,0.8324324324324325,0.9946178686759957,0.9063266307013241,6.0,Galium.megalospermum,-0.0009009009009008917,opth,3,False,mlp1,bce,msle
747,0.893768745791761,0.3909809866146509,0.7903225806451613,0.8349146110056926,0.9854423292273237,0.903954802259887,62.0,Galium.obliquum,0.6252371916508539,opth,3,False,mlp1,bce,msle
748,0.977714800979003,0.4567426970788315,1.0,0.8367899008115419,1.0,0.9111438389788905,7.0,Galium.palustre,0.8367899008115418,opth,3,False,mlp1,bce,msle
749,0.8956600361663654,0.05489015932561499,0.7,0.8544303797468354,0.9968354430379747,0.9201557935735151,10.0,Galium.pseudohelveticum,0.5544303797468353,opth,3,False,mlp1,bce,msle
750,0.9982046678635548,0.45,1.0,0.926391382405745,1.0,0.961789375582479,2.0,Galium.uliginosum,0.926391382405745,opth,3,False,mlp1,bce,msle
751,0.7926192619261926,0.02017212701660241,0.6,0.8694869486948695,0.9979338842975206,0.9292929292929293,5.0,Salix.foetida,0.4694869486948696,opth,3,False,mlp1,bce,msle
752,0.9442179951690821,0.13964620902897593,0.3333333333333333,0.9746376811594203,0.992619926199262,0.9835466179159049,12.0,Thesium.divaricatum,0.30797101449275366,opth,3,False,mlp1,bce,msle
753,0.8780110781914209,0.027680370895580772,0.8571428571428571,0.8169522091974752,0.9988974641675854,0.8988095238095238,7.0,Saxifraga.bryoides,0.6740950663403322,opth,3,False,mlp1,bce,msle
754,0.8695483415666903,0.1615208163297737,0.7307692307692307,0.8247706422018348,0.9922737306843267,0.9008016032064128,26.0,Saxifraga.exarata,0.5555398729710657,opth,3,False,mlp1,bce,msle
755,0.8536453645364537,0.02993040716099715,0.6,0.8415841584158416,0.9978655282817502,0.9130859375,5.0,Digitalis.grandiflora,0.44158415841584153,opth,3,False,mlp1,bce,msle
756,0.7403537638831756,0.01913638179100758,0.2727272727272727,0.8280542986425339,0.991332611050921,0.9023668639053254,11.0,Euphrasia.officinalis,0.10078157136980659,opth,3,False,mlp1,bce,msle
757,0.9598559855985599,0.12033302063789869,0.6,0.9351935193519352,0.9980787704130644,0.9656133828996283,5.0,Linaria.simplex,0.5351935193519353,opth,3,False,mlp1,bce,msle
758,0.8477967625899281,0.016551847313976357,0.75,0.7850719424460432,0.9988558352402745,0.879154078549849,4.0,Pedicularis.cenisia,0.5350719424460433,opth,3,False,mlp1,bce,msle
759,0.9397399606582546,0.4087801047321267,0.8947368421052632,0.7420237010027347,0.9975490196078431,0.851019341348667,19.0,Pedicularis.comosa,0.6367605431079979,opth,3,False,mlp1,bce,msle
760,0.9083504730563554,0.07127310023010865,0.8181818181818182,0.8461538461538461,0.9978655282817502,0.9157688540646425,11.0,Pedicularis.kerneri,0.6643356643356644,opth,3,False,mlp1,bce,msle
761,0.7809180918091809,0.012015054361406399,0.0,0.9531953195319532,0.9953007518796992,0.9737931034482759,5.0,Pedicularis.rosea,-0.046804680468046755,opth,3,False,mlp1,bce,msle
762,0.8371254633880896,0.08352334675697362,0.7037037037037037,0.7566574839302111,0.9903846153846154,0.8578865174388339,27.0,Pedicularis.rostratospicata,0.46036118763391487,opth,3,False,mlp1,bce,msle
763,0.9847396768402155,0.11559139784946236,1.0,0.7944344703770198,1.0,0.8854427213606804,2.0,Verbascum.chaixii,0.7944344703770199,opth,3,False,mlp1,bce,msle
764,0.8851998141263939,0.15593391510357243,0.775,0.8429368029739777,0.990174672489083,0.9106425702811245,40.0,Veronica.allionii,0.6179368029739778,opth,3,False,mlp1,bce,msle
765,0.9441179807146909,0.3410482810355972,0.8292682926829268,0.8827906976744186,0.9926778242677824,0.9345150172328902,41.0,Veronica.alpina,0.7120589903573453,opth,3,False,mlp1,bce,msle
766,0.8049495875343722,0.09074168078718209,0.72,0.7589367552703942,0.9916167664670659,0.8598130841121495,25.0,Veronica.austriaca,0.47893675527039425,opth,3,False,mlp1,bce,msle
767,0.800979002962772,0.037315057184994935,0.42857142857142855,0.8268710550045085,0.995656894679696,0.903448275862069,7.0,Veronica.verna,0.255442483575937,opth,3,False,mlp1,bce,msle
768,0.990506329113924,0.49071872571872577,1.0,0.9141048824593129,1.0,0.9551251771374587,10.0,Valeriana.tuberosa,0.9141048824593128,opth,3,False,mlp1,bce,msle
769,0.9360759493670886,0.13897142477405636,1.0,0.7396021699819169,1.0,0.8503118503118503,10.0,Viola.saxatilis,0.7396021699819169,opth,3,False,mlp1,bce,msle
770,0.9377137713771377,0.3277222341414575,0.8,0.8820882088208821,0.9989806320081549,0.9369024856596558,5.0,Carex.acutiformis,0.6820882088208822,opth,3,False,mlp1,bce,msle
771,0.9656729900632339,0.22784582488307065,0.7777777777777778,0.940379403794038,0.9980824544582934,0.9683720930232558,9.0,Carex.bicolor,0.7181571815718157,opth,3,False,mlp1,bce,msle
772,0.7915917266187051,0.010809615166353067,0.25,0.8444244604316546,0.9968152866242038,0.9143135345666992,4.0,Carex.cuprina,0.09442446043165464,opth,3,False,mlp1,bce,msle
773,0.991015274034142,0.1606060606060606,1.0,0.9820305480682839,1.0,0.9909338168631007,3.0,Carex.disticha,0.982030548068284,opth,3,False,mlp1,bce,msle
774,0.937552079613361,0.35782280927243604,0.8974358974358975,0.8263695450324977,0.9955257270693513,0.9030948756976154,39.0,Carex.foetida,0.7238054424683953,opth,3,False,mlp1,bce,msle
775,0.9123817359111476,0.060564825316448065,0.6363636363636364,0.9203619909502262,0.9960822722820764,0.9567262464722484,11.0,Carex.frigida,0.5567256273138625,opth,3,False,mlp1,bce,msle
776,0.9991031390134529,0.5,1.0,0.9910313901345291,1.0,0.9954954954954955,1.0,Carex.melanostachya,0.9910313901345291,opth,3,False,mlp1,bce,msle
777,0.7901584439005539,0.08922470201792608,0.5714285714285714,0.8575293056807936,0.9968553459119497,0.9219583131362094,7.0,Carex.ovalis,0.42895787710936495,opth,3,False,mlp1,bce,msle
778,0.8241906474820144,0.26774639984029264,0.25,0.9865107913669064,0.9972727272727273,0.9918625678119349,4.0,Carex.paniculata,0.23651079136690645,opth,3,False,mlp1,bce,msle
779,0.9135279347143754,0.37063294716412876,0.8333333333333334,0.8267419962335216,0.9898534385569335,0.900974858902001,54.0,Carex.parviflora,0.6600753295668551,opth,3,False,mlp1,bce,msle
780,0.6629946043165467,0.008318663970168758,0.25,0.8705035971223022,0.9969104016477858,0.9294287085933749,4.0,Carex.viridula,0.12050359712230208,opth,3,False,mlp1,bce,msle
781,0.5969479353680431,0.006107501764119035,0.5,0.8716337522441652,0.9989711934156379,0.9309683604985618,2.0,Eleocharis.quinqueflora,0.3716337522441653,opth,3,False,mlp1,bce,msle
782,0.9507643884892086,0.16085564521058743,1.0,0.6339928057553957,1.0,0.7760044028618602,4.0,Eriophorum.polystachion,0.6339928057553958,opth,3,False,mlp1,bce,msle
783,0.9329706477732794,0.4449118395513098,0.881578947368421,0.8490384615384615,0.9899103139013453,0.9140786749482401,76.0,Kobresia.myosuroides,0.7306174089068826,opth,3,False,mlp1,bce,msle
784,0.8205935251798561,0.3049604972959908,0.5,0.987410071942446,0.9981818181818182,0.9927667269439421,4.0,Schoenus.nigricans,0.4874100719424459,opth,3,False,mlp1,bce,msle
785,0.7580789946140036,0.005528322440087146,0.0,0.9775583482944344,0.998166819431714,0.9877551020408163,2.0,Scirpoides.holoschoenus,-0.022441651705565557,opth,3,False,mlp1,bce,msle
786,0.817725584663254,0.028019247106770926,0.6666666666666666,0.7606142728093948,0.9964497041420118,0.8627049180327869,9.0,Muscari.neglectum,0.4272809394760615,opth,3,False,mlp1,bce,msle
787,0.8893551603789263,0.1518352760046635,0.8636363636363636,0.8510054844606947,0.9967880085653105,0.9181459566074951,22.0,Crocus.vernus,0.7146418480970582,opth,3,False,mlp1,bce,msle
788,0.9418998194945849,0.2407498139731317,0.875,0.9449458483754513,0.9990458015267175,0.9712430426716141,8.0,Juncus.conglomeratus,0.8199458483754514,opth,3,False,mlp1,bce,msle
789,0.849948146227638,0.18579658192882045,0.35714285714285715,0.8638838475499092,0.9906347554630593,0.9229277750848279,14.0,Luzula.alpinopilosa,0.2210267046927663,opth,3,False,mlp1,bce,msle
790,0.85,0.28615838663247023,0.8333333333333334,0.7348066298342542,0.9937733499377335,0.8448914769719428,30.0,Luzula.nutans,0.5681399631675874,opth,3,False,mlp1,bce,msle
791,0.802064631956912,0.006676422169379916,0.0,0.8375224416517055,0.9978609625668449,0.9106881405563689,2.0,Gagea.fragifera,-0.16247755834829447,opth,3,False,mlp1,bce,msle
792,0.960167714884696,0.05827991452991453,1.0,0.8283917340521114,1.0,0.9061425061425061,3.0,Tulipa.australis,0.8283917340521114,opth,3,False,mlp1,bce,msle
793,0.8491676925547289,0.06395441808962579,0.7647058823529411,0.7979981801637852,0.9954597048808173,0.8858585858585859,17.0,Dactylorhiza.latifolia,0.5627040625167263,opth,3,False,mlp1,bce,msle
794,0.8178678678678679,0.01642949520576924,0.3333333333333333,0.8684684684684685,0.9958677685950413,0.9278152069297402,6.0,Ophrys.fuciflora,0.20180180180180174,opth,3,False,mlp1,bce,msle
795,0.8887387387387388,0.0372493563283037,0.8333333333333334,0.7945945945945946,0.9988674971687429,0.88509784244857,6.0,Orchis.purpurea,0.627927927927928,opth,3,False,mlp1,bce,msle
796,0.9238696380265361,0.08589793439804337,0.5714285714285714,0.9648331830477908,0.9972041006523765,0.9807516040329972,7.0,Orchis.simia,0.5362617544763622,opth,3,False,mlp1,bce,msle
797,0.9327052198397228,0.5127391958446696,0.9111111111111111,0.8460038986354775,0.9908675799086758,0.9127234490010515,90.0,Alopecurus.alpinus,0.7571150097465886,opth,3,False,mlp1,bce,msle
798,0.9946091644204852,0.24523809523809523,1.0,0.9829290206648698,1.0,0.991391028545537,3.0,Alopecurus.rendlei,0.9829290206648698,opth,3,False,mlp1,bce,msle
799,0.8097005434154237,0.41053489627009615,0.7903225806451613,0.6795698924731183,0.9418777943368107,0.7895065584009994,186.0,Avenula.pubescens,0.4698924731182794,opth,3,False,mlp1,bce,msle
800,0.8747380433654943,0.2245706639389174,0.8222222222222222,0.7525676937441643,0.9901719901719902,0.8551724137931035,45.0,Avenula.versicolor,0.5747899159663865,opth,3,False,mlp1,bce,msle
801,0.7834362139917695,0.35434083866812827,0.7291666666666666,0.6430041152263375,0.9412650602409639,0.7640586797066015,144.0,Brachypodium.rupestre,0.37217078189300423,opth,3,False,mlp1,bce,msle
802,0.9467450271247739,0.19567668422761678,0.9,0.7802893309222423,0.9988425925925926,0.8761421319796955,10.0,Bromus.commutatus,0.6802893309222422,opth,3,False,mlp1,bce,msle
803,0.9474683544303797,0.27991422243624764,0.8,0.8887884267631103,0.9979695431472081,0.9402199904351984,10.0,Bromus.racemosus,0.6887884267631104,opth,3,False,mlp1,bce,msle
804,0.7451619917373342,0.11740405374118887,0.5238095238095238,0.8666666666666667,0.9895724713242962,0.9240506329113924,21.0,Elytrigia.repens,0.3904761904761904,opth,3,False,mlp1,bce,msle
805,0.8554569261639968,0.10712106757677518,0.6296296296296297,0.8172635445362718,0.9888888888888889,0.8949220713926597,27.0,Festuca.cinerea,0.44689317416590146,opth,3,False,mlp1,bce,msle
806,0.825531914893617,0.09895532978982416,0.5714285714285714,0.8390379278445883,0.9837310195227765,0.9056415376934598,35.0,Festuca.marginata,0.4104664992731597,opth,3,False,mlp1,bce,msle
807,0.8626279527559055,0.395418666561835,0.75,0.8169291338582677,0.9707602339181286,0.8872260823089257,100.0,Festuca.pratensis,0.5669291338582676,opth,3,False,mlp1,bce,msle
808,0.8788478847884789,0.13773064737314986,0.6,0.8568856885688569,0.9979035639412998,0.9220338983050848,5.0,Festuca.trichophylla,0.4568856885688568,opth,3,False,mlp1,bce,msle
809,0.9222542163718634,0.21825955394317106,0.45454545454545453,0.9429864253393665,0.9942748091603053,0.9679516953088714,11.0,Gaudinia.fragilis,0.3975318798848211,opth,3,False,mlp1,bce,msle
810,0.9292837715321851,0.2161950121923807,0.9230769230769231,0.85766092475068,0.9989440337909187,0.9229268292682927,13.0,Helictotrichon.parlatorei,0.780737847827603,opth,3,False,mlp1,bce,msle
811,0.9263840739573485,0.5858762135920108,0.9385964912280702,0.7495009980039921,0.9907651715039578,0.8534090909090909,114.0,Helictotrichon.sedenense,0.6880974892320624,opth,3,False,mlp1,bce,msle
812,0.9309444946301315,0.1075972804120346,0.8888888888888888,0.8626919602529358,0.9989539748953975,0.9258361609306834,9.0,Helictotrichon.sempervirens,0.7515808491418245,opth,3,False,mlp1,bce,msle
813,0.9762118491921006,0.0768321513002364,0.5,0.9712746858168761,0.9990766389658357,0.9849795175238962,2.0,Hordeum.murinum,0.47127468581687615,opth,3,False,mlp1,bce,msle
814,0.9244604316546763,0.23073667540410658,0.75,0.960431654676259,0.9990645463049579,0.9793672627235214,4.0,Hordeum.secalinum,0.710431654676259,opth,3,False,mlp1,bce,msle
815,0.9991031390134529,0.5,1.0,0.7381165919282511,1.0,0.849329205366357,1.0,Koeleria.cenisia,0.7381165919282511,opth,3,False,mlp1,bce,msle
816,0.799673813596404,0.10086236508014233,0.34782608695652173,0.9048490393412626,0.9850597609561753,0.9432522651406772,23.0,Molinia.caerulea,0.2526751262977842,opth,3,False,mlp1,bce,msle
817,0.7347680832880118,0.12290637319860277,0.6721311475409836,0.6616113744075829,0.9721448467966574,0.787366046249295,61.0,Phleum.pratense,0.3337425219485666,opth,3,False,mlp1,bce,msle
818,0.880146954924403,0.36599601619967415,0.8571428571428571,0.7636003956478734,0.9809402795425667,0.8587319243604005,105.0,Poa.trivialis,0.6207432527907306,opth,3,False,mlp1,bce,msle
819,0.9557155715571557,0.13373873873873876,1.0,0.8307830783078308,1.0,0.9075712881022615,5.0,Vulpia.bromoides,0.8307830783078307,opth,3,False,mlp1,bce,msle
820,0.962012012012012,0.3968459954832135,0.8333333333333334,0.9306306306306307,0.9990328820116054,0.9636194029850746,6.0,Vulpia.ciliata,0.7639639639639642,opth,3,False,mlp1,bce,msle
821,0.9714945297601124,0.5739680938879518,0.7777777777777778,0.9566395663956639,0.998114985862394,0.9769372693726938,9.0,Equisetum.variegatum,0.7344173441734418,opth,3,False,mlp1,bce,msle
822,0.953739869153403,0.40385235953007825,0.8947368421052632,0.8951762523191095,0.9958720330237358,0.9428431851489986,38.0,Pachypleurum.mutellinoides,0.7899130944243726,opth,3,False,mlp1,bce,msle
823,0.709194369571728,0.006566179206177624,0.6666666666666666,0.6999101527403414,0.9987179487179487,0.8230322239830956,3.0,Libanotis.pyrenaica,0.36657681940700804,opth,3,False,mlp1,bce,msle
824,0.8486356308341461,0.26263086551652876,0.851063829787234,0.7362020579981291,0.9911838790931989,0.844873859366613,47.0,Alchemilla.alpigena,0.5872658877853631,opth,3,False,mlp1,bce,msle
825,0.8484552618732129,0.049393511900509036,0.07692307692307693,0.9238440616500453,0.988360814742968,0.9550140581068416,13.0,Anacamptis.morio,0.0007671385731222724,opth,3,False,mlp1,bce,msle
826,0.9494584837545127,0.2572061686688068,0.75,0.9332129963898917,0.9980694980694981,0.9645522388059702,8.0,Mutellina.adonidifolia,0.6832129963898916,opth,3,False,mlp1,bce,msle
827,0.8513287298598033,0.2708512298752309,0.5185185185185185,0.8945386064030132,0.9733606557377049,0.9322865554465162,54.0,Avenula.pratensis,0.41305712492153157,opth,3,False,mlp1,bce,msle
828,0.850294049815498,0.11668016372835247,0.6875,0.8099630996309963,0.9887387387387387,0.8904665314401623,32.0,Gymnadenia.nigra,0.49746309963099633,opth,3,False,mlp1,bce,msle
829,0.6627697841726619,0.00627033951555213,0.0,0.9802158273381295,0.9963436928702011,0.9882139619220308,4.0,Murbeckiella.pinnatifida,-0.01978417266187049,opth,3,False,mlp1,bce,msle
830,0.9031390134529148,0.009174311926605505,0.0,0.947085201793722,0.9990539262062441,0.9723756906077348,1.0,Silene.conica,-0.05291479820627798,opth,3,False,mlp1,bce,msle
