,auc,prauc,sensitivity,specificity,precision,f1,support,species,tss,postprocess,fold,prr,archi,species_loss,func_loss
0,0.8816227671813504,0.11833528437148255,0.5333333333333333,0.9409627611262489,0.9932885906040269,0.9664179104477612,15.0,Aceras.anthropophorum,0.4742960944595822,opth,2,False,mlp1,bce,msle
1,0.8605006105006104,0.16658141959824016,0.6666666666666666,0.8360805860805861,0.991313789359392,0.907103825136612,24.0,Achillea.collina,0.5027472527472527,opth,2,False,mlp1,bce,msle
2,0.7281499097608662,0.42037511202487765,0.7459016393442623,0.6077981651376146,0.8952702702702703,0.7240437158469946,244.0,Achillea.millefolium,0.3536998044818769,opth,2,False,mlp1,bce,msle
3,0.9399539716856127,0.22105979732663564,0.9230769230769231,0.7751586582048957,0.9988317757009346,0.8728943338437979,13.0,Achillea.nana,0.6982355812818188,opth,2,False,mlp1,bce,msle
4,0.9302342394447658,0.534647914055835,0.8846153846153846,0.8637218045112782,0.9935135135135135,0.9240824534942182,52.0,Achillea.roseo.alba,0.7483371891266628,opth,2,False,mlp1,bce,msle
5,0.9968581687612209,0.29166666666666663,1.0,0.9254937163375224,1.0,0.9613053613053613,2.0,Achnatherum.calamagrostis,0.9254937163375225,opth,2,False,mlp1,bce,msle
6,0.8479401603546053,0.2128008631177226,0.6724137931034483,0.780718336483932,0.9775147928994082,0.8681029952706253,58.0,Acinos.alpinus,0.45313212958738025,opth,2,False,mlp1,bce,msle
7,0.8595454545454546,0.17011313186855312,0.6875,0.7809090909090909,0.9942129629629629,0.8747454175152749,16.0,Acinos.arvensis,0.4684090909090908,opth,2,False,mlp1,bce,msle
8,0.8687050359712231,0.01778989977195134,0.5,0.875,0.997948717948718,0.9324389075227599,4.0,Aconitum.lycoctonum,0.375,opth,2,False,mlp1,bce,msle
9,0.892889288928893,0.0248575861790787,0.0,0.9846984698469847,0.9954504094631483,0.9900452488687783,5.0,Cacalia.leucophylla,-0.015301530153015275,opth,2,False,mlp1,bce,msle
10,0.7462321267551204,0.020519675796079245,0.14285714285714285,0.9359783588818755,0.9942528735632183,0.9642359498374361,7.0,Aegopodium.podagraria,0.07883550173901832,opth,2,False,mlp1,bce,msle
11,0.8858992995903264,0.20069700418105588,0.8,0.8011100832562442,0.9919816723940436,0.8863868986693961,35.0,Agrimonia.eupatoria,0.6011100832562444,opth,2,False,mlp1,bce,msle
12,0.8802501927855368,0.24591463511803757,0.6363636363636364,0.8473138548539114,0.9782372143634385,0.908080808080808,55.0,Agrostis.alpina,0.48367749121754766,opth,2,False,mlp1,bce,msle
13,0.8295161591630861,0.3436066706256944,0.839622641509434,0.7039603960396039,0.9766483516483516,0.8181818181818182,106.0,Agrostis.capillaris,0.543583037549038,opth,2,False,mlp1,bce,msle
14,0.8951140405942666,0.3161570680627522,0.7037037037037037,0.8267419962335216,0.9821029082774049,0.8977505112474438,54.0,Agrostis.rupestris,0.5304456999372253,opth,2,False,mlp1,bce,msle
15,0.8338098891136062,0.08731900039780337,0.7692307692307693,0.7923844061650045,0.9965792474344356,0.8828282828282829,13.0,Agrostis.agrostiflora,0.5616151753957737,opth,2,False,mlp1,bce,msle
16,0.809943865276664,0.24636980146861098,0.7209302325581395,0.7735321528424977,0.9857482185273159,0.8668407310704961,43.0,Agrostis.stolonifera,0.49446238540063714,opth,2,False,mlp1,bce,msle
17,0.894878706199461,0.3487768045907581,0.6666666666666666,0.9415992812219227,0.9990467111534795,0.969472710453284,3.0,Ajuga.chamaepitys,0.6082659478885892,opth,2,False,mlp1,bce,msle
18,0.8695229452942702,0.06698558913646668,1.0,0.5898366606170599,1.0,0.7420091324200914,14.0,Ajuga.genevensis,0.5898366606170597,opth,2,False,mlp1,bce,msle
19,0.8858688651294602,0.07048328532814571,0.7142857142857143,0.8088367899008115,0.9977753058954394,0.8934262948207171,7.0,Ajuga.pyramidalis,0.5231225041865257,opth,2,False,mlp1,bce,msle
20,0.8582741083113827,0.21342981379222153,0.631578947368421,0.8083097261567517,0.976054732041049,0.8842975206611571,57.0,Ajuga.reptans,0.4398886735251728,opth,2,False,mlp1,bce,msle
21,0.8613259668508287,0.20929678428049622,0.8333333333333334,0.714548802946593,0.9935979513444302,0.8312801285484734,30.0,Alchemilla.alpina,0.5478821362799264,opth,2,False,mlp1,bce,msle
22,0.8545890098429045,0.22499794185704985,0.8103448275862069,0.7655954631379962,0.9866017052375152,0.8621607237892496,58.0,Alchemilla.xanthochlora,0.575940290724203,opth,2,False,mlp1,bce,msle
23,0.8972972972972972,0.07094816570985636,0.6666666666666666,0.9108108108108108,0.998025666337611,0.9524258125294395,6.0,Allium.lusitanicum,0.5774774774774776,opth,2,False,mlp1,bce,msle
24,0.8248792270531401,0.048323055103056636,0.6666666666666666,0.7952898550724637,0.9954648526077098,0.8841893252769386,12.0,Allium.oleraceum,0.4619565217391304,opth,2,False,mlp1,bce,msle
25,0.828640629730548,0.22738849289669025,0.6666666666666666,0.8056312443233424,0.9943946188340808,0.8901154039136979,15.0,Allium.schoenoprasum,0.47229791099000895,opth,2,False,mlp1,bce,msle
26,0.9831831831831832,0.22326637972262076,1.0,0.8594594594594595,1.0,0.9244186046511628,6.0,Allium.scorodoprasum,0.8594594594594596,opth,2,False,mlp1,bce,msle
27,0.8782804778582737,0.30781946669134763,0.5263157894736842,0.9124886052871468,0.9910891089108911,0.9501661129568106,19.0,Allium.sphaerocephalon,0.4388043947608309,opth,2,False,mlp1,bce,msle
28,0.7922195027695479,0.01978210196638518,0.7142857142857143,0.7538322813345356,0.9976133651551312,0.8587570621468926,7.0,Allium.vineale,0.4681179956202499,opth,2,False,mlp1,bce,msle
29,0.9603074141048824,0.420378508148697,0.9,0.8535262206148282,0.9989417989417989,0.9205265724037055,10.0,Alopecurus.pratensis,0.7535262206148281,opth,2,False,mlp1,bce,msle
30,0.9014716812843764,0.2987714071495591,0.6774193548387096,0.8764976958525346,0.9895941727367326,0.9296187683284457,31.0,Alyssum.alyssoides,0.5539170506912443,opth,2,False,mlp1,bce,msle
31,0.860386672151378,0.15906871591146804,0.5454545454545454,0.8941176470588236,0.9949647532729103,0.9418493803622497,11.0,Anacamptis.pyramidalis,0.4395721925133689,opth,2,False,mlp1,bce,msle
32,0.8852755194218609,0.07303666635632844,0.5555555555555556,0.924119241192412,0.9961051606621227,0.9587628865979382,9.0,Androsace.obtusifolia,0.47967479674796754,opth,2,False,mlp1,bce,msle
33,0.9813399280575539,0.33854166666666663,1.0,0.8678057553956835,1.0,0.9292248435243139,4.0,Angelica.sylvestris,0.8678057553956835,opth,2,False,mlp1,bce,msle
34,0.898661686896981,0.22744278377591778,0.8,0.8431372549019608,0.9901315789473685,0.9107413010590015,45.0,Antennaria.carpatica,0.6431372549019607,opth,2,False,mlp1,bce,msle
35,0.8621830389153249,0.1925948082546562,0.7068965517241379,0.8147448015122873,0.9806598407281001,0.890036138358286,58.0,Antennaria.dioica,0.5216413532364252,opth,2,False,mlp1,bce,msle
36,0.9602068345323741,0.4223484848484848,0.75,0.9865107913669064,0.9990892531876139,0.9927601809954751,4.0,Anthemis.arvensis,0.7365107913669064,opth,2,False,mlp1,bce,msle
37,0.8802826030593727,0.13130699537731838,0.7142857142857143,0.8003629764065335,0.9954853273137697,0.8873239436619719,14.0,Anthericum.liliago,0.5146486906922478,opth,2,False,mlp1,bce,msle
38,0.68583710215006,0.44210655105870983,0.6990881458966566,0.542566709021601,0.811787072243346,0.6504188880426505,329.0,Anthoxanthum.odoratum,0.24165485491825756,opth,2,False,mlp1,bce,msle
39,0.9073458534153234,0.2095945675358462,0.8636363636363636,0.8043875685557587,0.9966024915062288,0.8902377339403136,22.0,Anthriscus.sylvestris,0.6680239321921224,opth,2,False,mlp1,bce,msle
40,0.7615120776472304,0.40733949549902115,0.6373056994818653,0.7193932827735645,0.9046321525885559,0.8014484007242003,193.0,Anthyllis.vulneraria,0.35669898225542984,opth,2,False,mlp1,bce,msle
41,0.9685816876122083,0.07118055555555555,0.5,0.9622980251346499,0.9990680335507922,0.9803383630544125,2.0,Aphanes.arvensis,0.46229802513465,opth,2,False,mlp1,bce,msle
42,0.8684802158273381,0.020388185518537938,0.75,0.8597122302158273,0.9989550679205852,0.9241179313678105,4.0,Aquilegia.vulgaris,0.6097122302158273,opth,2,False,mlp1,bce,msle
43,0.7614114114114114,0.07754347121562871,0.5,0.9396396396396396,0.997131931166348,0.9675324675324676,6.0,Arabidopsis.thaliana,0.4396396396396396,opth,2,False,mlp1,bce,msle
44,0.8406579693703914,0.17443004964717762,0.7560975609756098,0.8027906976744186,0.9885452462772051,0.8860369609856262,41.0,Arabis.ciliata,0.5588882586500283,opth,2,False,mlp1,bce,msle
45,0.8085986267166042,0.15238584251205486,0.75,0.7172284644194756,0.9845758354755784,0.8299024918743229,48.0,Arabis.hirsuta,0.46722846441947574,opth,2,False,mlp1,bce,msle
46,0.8495866141732283,0.37550996424722066,0.65,0.8503937007874016,0.9610678531701891,0.9023498694516972,100.0,Arenaria.serpyllifolia,0.5003937007874018,opth,2,False,mlp1,bce,msle
47,0.9579586330935252,0.08716666666666667,0.75,0.9298561151079137,0.9990338164251208,0.9632044713553796,4.0,Armeria.arenaria,0.6798561151079137,opth,2,False,mlp1,bce,msle
48,0.8357954545454545,0.061925382827374365,0.6875,0.8445454545454546,0.9946466809421841,0.9134709931170109,16.0,Arnica.montana,0.5320454545454547,opth,2,False,mlp1,bce,msle
49,0.8705079858030168,0.561268612080368,0.8571428571428571,0.7402173913043478,0.9605077574047954,0.8360957642725598,196.0,Arrhenatherum.elatius,0.5973602484472049,opth,2,False,mlp1,bce,msle
50,0.9446942446043166,0.14472222222222222,0.75,0.9739208633093526,0.9990774907749077,0.9863387978142076,4.0,Artemisia.absinthium,0.7239208633093526,opth,2,False,mlp1,bce,msle
51,0.8958988026572258,0.3285555235026155,0.6956521739130435,0.8737419945105215,0.9927234927234927,0.9294403892944039,23.0,Artemisia.campestris,0.5693941684235648,opth,2,False,mlp1,bce,msle
52,0.7971471471471472,0.02750485355833296,0.5,0.8414414414414414,0.9967982924226254,0.9125549584758182,6.0,Artemisia.vulgaris,0.3414414414414413,opth,2,False,mlp1,bce,msle
53,0.8515139036390038,0.1795024422093687,0.6511627906976745,0.8387698042870456,0.9836065573770492,0.9054325955734407,43.0,Asperula.cynanchica,0.4899325949847202,opth,2,False,mlp1,bce,msle
54,0.9091320072332731,0.14608137466761015,0.9,0.8508137432188065,0.9989384288747346,0.9189453125,10.0,Asphodelus.albus,0.7508137432188065,opth,2,False,mlp1,bce,msle
55,0.8996315654185587,0.2936489080214353,0.7454545454545455,0.8294062205466541,0.9843400447427293,0.9002557544757033,55.0,Aster.alpinus,0.5748607660011995,opth,2,False,mlp1,bce,msle
56,0.841070639050437,0.11472551196842302,0.6296296296296297,0.8475665748393021,0.9892818863879957,0.9129574678536103,27.0,Aster.bellidiastrum,0.47719620446893174,opth,2,False,mlp1,bce,msle
57,0.9874326750448833,0.12333333333333332,1.0,0.9631956912028725,1.0,0.9812528577960676,2.0,Aster.linosyris,0.9631956912028725,opth,2,False,mlp1,bce,msle
58,0.9136308439587129,0.1774203576357889,0.6111111111111112,0.930783242258652,0.9931972789115646,0.9609779031499764,18.0,Astragalus.alpinus,0.5418943533697633,opth,2,False,mlp1,bce,msle
59,0.5076370170709793,0.004871698349959219,0.3333333333333333,0.8634321653189577,0.9979231568016614,0.9258188824662813,3.0,Astragalus.depressus,0.1967654986522911,opth,2,False,mlp1,bce,msle
60,0.7623265220726689,0.05825635327944906,0.3076923076923077,0.9120580235720761,0.9911330049261083,0.9499527856468366,13.0,Astragalus.monspessulanus,0.2197503312643838,opth,2,False,mlp1,bce,msle
61,0.9492120847134398,0.15950760149683504,0.8888888888888888,0.955736224028907,0.9990557129367328,0.976915974145891,9.0,Astragalus.onobrychis,0.8446251129177957,opth,2,False,mlp1,bce,msle
62,0.7077338129496402,0.013504818219035394,0.5,0.7652877697841727,0.9976553341148886,0.8661577608142493,4.0,Astragalus.penduliflorus,0.2652877697841727,opth,2,False,mlp1,bce,msle
63,0.893189100022206,0.18358443196332883,0.896551724137931,0.7930082796688133,0.9965317919075144,0.8831967213114754,29.0,Astrantia.major,0.6895600038067444,opth,2,False,mlp1,bce,msle
64,0.8662466246624662,0.05498402916641808,0.6,0.9063906390639064,0.998017839444995,0.95,5.0,Astrantia.minor,0.5063906390639064,opth,2,False,mlp1,bce,msle
65,0.8732479784366578,0.22248264831273384,0.8392857142857143,0.7509433962264151,0.9888198757763975,0.8536193029490616,56.0,Deschampsia.flexuosa,0.5902291105121296,opth,2,False,mlp1,bce,msle
66,0.8653133423180592,0.24257807988756197,0.6071428571428571,0.8650943396226415,0.9765708200212992,0.9174587293646823,56.0,Bartsia.alpina,0.4722371967654986,opth,2,False,mlp1,bce,msle
67,0.9030081241308644,0.3406785737018961,0.8923076923076924,0.7887725975261656,0.9916267942583732,0.8786433492315845,65.0,Bellis.perennis,0.6810802898338579,opth,2,False,mlp1,bce,msle
68,0.8501704545454545,0.05764704166196984,0.75,0.7945454545454546,0.9954441913439636,0.8837209302325582,16.0,Biscutella.laevigata,0.5445454545454544,opth,2,False,mlp1,bce,msle
69,0.9026397671384121,0.07163964081194507,0.6666666666666666,0.8446251129177959,0.9968017057569296,0.9144254278728606,9.0,Blackstonia.perfoliata,0.5112917795844625,opth,2,False,mlp1,bce,msle
70,0.9240107913669064,0.15070385953976417,0.75,0.8561151079136691,0.9989506820566632,0.9220338983050848,4.0,Blysmus.compressus,0.6061151079136691,opth,2,False,mlp1,bce,msle
71,0.9048479373682625,0.04454946244512674,0.0,0.964769647696477,0.9916434540389972,0.978021978021978,9.0,Bothriochloa.ischaemum,-0.035230352303523005,opth,2,False,mlp1,bce,msle
72,0.8459682761896428,0.22417637347045272,0.6493506493506493,0.8171318575553417,0.9691780821917808,0.8866840731070496,77.0,Botrychium.lunaria,0.466482506905991,opth,2,False,mlp1,bce,msle
73,0.853452166064982,0.034386004273560616,0.625,0.842057761732852,0.9967948717948718,0.9129158512720157,8.0,Brachypodium.sylvaticum,0.46705776173285196,opth,2,False,mlp1,bce,msle
74,0.767907230087099,0.3943043704746776,0.7168949771689498,0.68561872909699,0.9084194977843427,0.7814485387547649,219.0,Briza.media,0.40251370626593985,opth,2,False,mlp1,bce,msle
75,0.8942980344397871,0.7812794179971315,0.8170103092783505,0.8145604395604396,0.8930722891566265,0.8520114942528736,388.0,Bromus.erectus,0.63157074883879,opth,2,False,mlp1,bce,msle
76,0.8818268315889628,0.33343762392641507,0.9076923076923077,0.7078972407231209,0.992,0.8262076624097724,65.0,Bromus.hordeaceus,0.6155895484154286,opth,2,False,mlp1,bce,msle
77,0.8978736148547469,0.20482187062748897,0.6666666666666666,0.9487870619946092,0.9990539262062441,0.9732718894009217,3.0,Bromus.squarrosus,0.6154537286612758,opth,2,False,mlp1,bce,msle
78,0.8466832129963898,0.046521446708515116,0.875,0.631768953068592,0.9985734664764622,0.7739082365948038,8.0,Bromus.sterilis,0.5067689530685922,opth,2,False,mlp1,bce,msle
79,0.9067811934900541,0.11640264214098234,0.5,0.9385171790235082,0.9952061361457335,0.9660307119590508,10.0,Bromus.tectorum,0.43851717902350806,opth,2,False,mlp1,bce,msle
80,0.8179095537586103,0.05305786460285611,1.0,0.6918238993710691,1.0,0.8178438661710037,3.0,Bunias.orientalis,0.691823899371069,opth,2,False,mlp1,bce,msle
81,0.8934014813001163,0.3662589798956522,0.8225806451612904,0.7893738140417458,0.9869513641755635,0.8771744860305746,62.0,Bunium.bulbocastanum,0.6119544592030361,opth,2,False,mlp1,bce,msle
82,0.9444802267164756,0.22263576427004392,0.7142857142857143,0.9080252479711451,0.998017839444995,0.9508970727101038,7.0,Buphthalmum.salicifolium,0.6223109622568594,opth,2,False,mlp1,bce,msle
83,0.8430852918613572,0.2113840507221762,0.6923076923076923,0.7624660018132366,0.9952662721893492,0.8634496919917864,13.0,Bupleurum.falcatum,0.45477369412092905,opth,2,False,mlp1,bce,msle
84,0.8953901945742381,0.10560007787461978,0.7692307692307693,0.7443336355394379,0.9963592233009708,0.8521017125064868,13.0,Bupleurum.ranunculoides,0.5135644047702073,opth,2,False,mlp1,bce,msle
85,0.954659090909091,0.4861776648990448,0.875,0.8036363636363636,0.9977426636568849,0.8902316213494461,16.0,Calamagrostis.varia,0.6786363636363637,opth,2,False,mlp1,bce,msle
86,,-0.0,0.0,0.5967741935483871,1.0,0.7474747474747475,0.0,Calluna.vulgaris,-0.4032258064516129,opth,2,False,mlp1,bce,msle
87,0.9292844179414053,0.1924731615471516,0.7857142857142857,0.9228675136116152,0.9970588235294118,0.9585296889726673,14.0,Calystegia.sepium,0.7085817993259009,opth,2,False,mlp1,bce,msle
88,0.914721723518851,0.05546448087431694,0.5,0.9192100538599641,0.9990243902439024,0.9574567554932212,2.0,Campanula.barbata,0.4192100538599641,opth,2,False,mlp1,bce,msle
89,0.7545865898807075,0.03629629708668492,0.45454545454545453,0.7475113122171946,0.9927884615384616,0.8528652555498193,11.0,Campanula.cochleariifolia,0.20205676676264916,opth,2,False,mlp1,bce,msle
90,0.86181009501988,0.2670937866463509,0.7887323943661971,0.7741626794258373,0.9817961165048543,0.8657035848047084,71.0,Campanula.glomerata,0.5628950737920344,opth,2,False,mlp1,bce,msle
91,0.8381092057761733,0.028501270040523528,0.125,0.9314079422382672,0.9932627526467758,0.9613414066138798,8.0,Campanula.rapunculoides,0.05640794223826706,opth,2,False,mlp1,bce,msle
92,0.9523381294964028,0.32201142088021933,0.5,0.9487410071942446,0.9981078524124882,0.9727985246657446,4.0,Campanula.rapunculus,0.4487410071942446,opth,2,False,mlp1,bce,msle
93,0.9084603349999454,0.5241222420081714,0.8876404494382022,0.8179162609542356,0.9882352941176471,0.895045285029302,89.0,Campanula.rhomboidalis,0.7055567103924378,opth,2,False,mlp1,bce,msle
94,0.7800522431790868,0.2990080535586462,0.696969696969697,0.7010816125860374,0.9596231493943472,0.8102272727272727,99.0,Campanula.rotundifolia,0.39805130955573453,opth,2,False,mlp1,bce,msle
95,0.8776066612629873,0.4061154266028161,0.7235772357723578,0.8227593152064451,0.9600470035252644,0.886117136659436,123.0,Campanula.scheuchzeri,0.5463365509788027,opth,2,False,mlp1,bce,msle
96,,-0.0,0.0,0.8261648745519713,1.0,0.9048086359175662,0.0,Campanula.thyrsoides,-0.1738351254480287,opth,2,False,mlp1,bce,msle
97,0.6840086477439152,0.04660947387373253,0.46153846153846156,0.6273798730734361,0.9899856938483548,0.7680355160932297,13.0,Capsella.bursa.pastoris,0.0889183346118978,opth,2,False,mlp1,bce,msle
98,0.9579566003616636,0.16253505429689072,0.9,0.8734177215189873,0.9989658738366081,0.9319826338639653,10.0,Cardamine.pratensis,0.7734177215189875,opth,2,False,mlp1,bce,msle
99,0.8678359173620724,0.4776900955651395,0.7669172932330827,0.8016276703967447,0.9621489621489622,0.8745837957824639,133.0,Carduus.defloratus,0.5685449636298272,opth,2,False,mlp1,bce,msle
100,0.7803507194244604,0.27023349306917954,0.75,0.6627697841726619,0.9986449864498645,0.7967567567567567,4.0,Carduus.nutans,0.41276978417266186,opth,2,False,mlp1,bce,msle
101,0.9255845323741008,0.05554300771692076,1.0,0.8084532374100719,1.0,0.8940825459970164,4.0,Carex.atrata,0.8084532374100719,opth,2,False,mlp1,bce,msle
102,0.9797770287788437,0.4302321894055764,1.0,0.8656987295825771,1.0,0.9280155642023347,14.0,Carex.capillaris,0.8656987295825771,opth,2,False,mlp1,bce,msle
103,0.7805316431747233,0.2599009325447113,0.45161290322580644,0.8690127077223851,0.9457446808510638,0.9057564951604686,93.0,Carex.caryophyllea,0.32062561094819153,opth,2,False,mlp1,bce,msle
104,0.9235390618072182,0.23600971288339184,0.9761904761904762,0.8035381750465549,0.9988425925925926,0.890608875128999,42.0,Carex.curvula,0.779728651237031,opth,2,False,mlp1,bce,msle
105,0.7711573236889693,0.0401323772829322,0.4,0.918625678119349,0.9941291585127201,0.9548872180451128,10.0,Carex.davalliana,0.31862567811934905,opth,2,False,mlp1,bce,msle
106,0.841113105924596,0.008440170940170941,0.5,0.8842010771992819,0.9989858012170385,0.9380952380952381,2.0,Carex.distans,0.38420107719928187,opth,2,False,mlp1,bce,msle
107,0.9784366576819407,0.27639751552795033,1.0,0.8508535489667565,1.0,0.9194174757281554,3.0,Carex.divulsa,0.8508535489667564,opth,2,False,mlp1,bce,msle
108,0.8581384892086331,0.02827695938215103,0.75,0.7661870503597122,0.9988276670574443,0.867175572519084,4.0,Carex.ericetorum,0.5161870503597124,opth,2,False,mlp1,bce,msle
109,0.9460431654676259,0.05002219531880549,1.0,0.7410071942446043,1.0,0.8512396694214877,4.0,Carex.ferruginea,0.7410071942446042,opth,2,False,mlp1,bce,msle
110,0.8142916383592584,0.3443738816412802,0.48672566371681414,0.8783649052841476,0.9382321618743344,0.9073120494335737,113.0,Carex.flacca,0.3650905690009618,opth,2,False,mlp1,bce,msle
111,0.886685924369748,0.2466359723556656,0.6785714285714286,0.8952205882352942,0.9908443540183113,0.9406084017382906,28.0,Carex.halleriana,0.5737920168067228,opth,2,False,mlp1,bce,msle
112,0.8837638376383764,0.1671959543701496,0.71875,0.8357933579335793,0.9901639344262295,0.9064532266133066,32.0,Carex.hirta,0.5545433579335795,opth,2,False,mlp1,bce,msle
113,0.9386241007194245,0.06199129452418926,0.5,0.9775179856115108,0.9981634527089073,0.987732848705134,4.0,Carex.hostiana,0.4775179856115108,opth,2,False,mlp1,bce,msle
114,0.9004398634453782,0.3083470076969679,0.7142857142857143,0.8915441176470589,0.9918200408997955,0.9390125847047435,28.0,Carex.humilis,0.6058298319327733,opth,2,False,mlp1,bce,msle
115,0.9054755660225874,0.2876589476726591,0.4117647058823529,0.9608735213830755,0.9906191369606003,0.9755196304849885,17.0,Carex.liparocarpos,0.3726382272654285,opth,2,False,mlp1,bce,msle
116,0.8710514440433214,0.03360880842588144,0.875,0.7879061371841155,0.9988558352402745,0.8809283551967709,8.0,Carex.montana,0.6629061371841156,opth,2,False,mlp1,bce,msle
117,0.8676956123950834,0.1111768880295132,0.9130434782608695,0.7511436413540714,0.9975698663426489,0.8569937369519833,23.0,Carex.spicata,0.6641871196149409,opth,2,False,mlp1,bce,msle
118,0.8807332722273143,0.3039455363559382,0.6,0.9321723189734189,0.9902629016553067,0.9603399433427762,25.0,Carex.nigra,0.5321723189734189,opth,2,False,mlp1,bce,msle
119,0.7440325497287523,0.05085910083104195,0.3,0.8508137432188065,0.9926160337552743,0.9162609542356378,10.0,Carex.ornithopoda,0.15081374321880658,opth,2,False,mlp1,bce,msle
120,0.9597649186256781,0.20518195636650785,1.0,0.8625678119349005,1.0,0.9262135922330097,10.0,Carex.pallescens,0.8625678119349005,opth,2,False,mlp1,bce,msle
121,0.9148335255976769,0.15812402320832566,0.782608695652174,0.859103385178408,0.9947033898305084,0.9219440353460973,23.0,Carex.panicea,0.6417120808305818,opth,2,False,mlp1,bce,msle
122,0.8614114114114114,0.032300287715244395,0.16666666666666666,0.9684684684684685,0.9953703703703703,0.9817351598173516,6.0,Carex.rupestris,0.1351351351351351,opth,2,False,mlp1,bce,msle
123,0.8611287939070137,0.44960535649469585,0.8052631578947368,0.7742980561555075,0.9509283819628647,0.8535714285714285,190.0,Carex.sempervirens,0.5795612140502442,opth,2,False,mlp1,bce,msle
124,0.9129881925522252,0.21647907582195608,0.7333333333333333,0.8801089918256131,0.9958890030832477,0.9344262295081968,15.0,Carex.tomentosa,0.6134423251589465,opth,2,False,mlp1,bce,msle
125,0.850080645821564,0.38182610953491297,0.8373983739837398,0.7482376636455186,0.9737876802096985,0.8462414578587699,123.0,Carlina.acaulis,0.5856360376292584,opth,2,False,mlp1,bce,msle
126,0.8704919395047366,0.29473481942115726,0.6818181818181818,0.8372943327239488,0.9924160346695557,0.9082796232027764,22.0,Carlina.vulgaris,0.5191125145421305,opth,2,False,mlp1,bce,msle
127,0.8779545767033736,0.39862751830533083,0.8051948051948052,0.7584215591915303,0.9813200498132005,0.8555917480998915,77.0,Carum.carvi,0.5636163643863354,opth,2,False,mlp1,bce,msle
128,0.8476186554345012,0.4444900552608712,0.9340659340659341,0.6488222698072805,0.9805825242718447,0.7809278350515464,182.0,Centaurea.jacea,0.5828882038732146,opth,2,False,mlp1,bce,msle
129,0.8886210068838626,0.2523234810411507,0.6551724137931034,0.860165593376265,0.9894179894179894,0.9202755905511811,29.0,Centaurea.montana,0.5153380071693685,opth,2,False,mlp1,bce,msle
130,0.8396687285576175,0.37340104767423804,0.8034188034188035,0.7097097097097097,0.9685792349726776,0.8191796649335644,117.0,Centaurea.scabiosa,0.513128513128513,opth,2,False,mlp1,bce,msle
131,0.8667054273363837,0.6048028811998111,0.7873303167420814,0.7653631284916201,0.9357923497267759,0.842040565457898,221.0,Cerastium.arvense,0.5526934452337016,opth,2,False,mlp1,bce,msle
132,0.8834397810218978,0.11475097616171355,0.7,0.8640510948905109,0.993704092339979,0.9243533430941923,20.0,Cerastium.brachypetalum,0.5640510948905109,opth,2,False,mlp1,bce,msle
133,0.8082815734989648,0.34635786874315894,0.8066666666666666,0.6728778467908902,0.9572901325478645,0.790273556231003,150.0,Cerastium.fontanum,0.4795445134575569,opth,2,False,mlp1,bce,msle
134,0.931769019248396,0.29997945464550785,0.76,0.9092575618698442,0.9939879759519038,0.9497367161321206,25.0,Cerastium.glomeratum,0.6692575618698442,opth,2,False,mlp1,bce,msle
135,0.8819886363636363,0.12696810524822022,0.625,0.8827272727272727,0.9938587512794268,0.9350024073182475,16.0,Cerastium.pumilum,0.5077272727272728,opth,2,False,mlp1,bce,msle
136,0.9394178700361011,0.2555813868333261,0.875,0.7653429602888087,0.9988221436984688,0.8666326009197751,8.0,Cerastium.semidecandrum,0.6403429602888087,opth,2,False,mlp1,bce,msle
137,0.8417277739121126,0.10697438145545148,0.7647058823529411,0.727024567788899,0.9950186799501868,0.8401682439537329,17.0,Chaerophyllum.aureum,0.49173045014184025,opth,2,False,mlp1,bce,msle
138,0.8903903903903904,0.117534045120252,0.6666666666666666,0.8747747747747747,0.9979445015416238,0.9323091694671147,6.0,Chaerophyllum.hirsutum,0.5414414414414415,opth,2,False,mlp1,bce,msle
139,0.920529197080292,0.29565930564758003,0.7,0.9233576642335767,0.9941060903732809,0.9574266792809839,20.0,Chaerophyllum.villarsii,0.6233576642335765,opth,2,False,mlp1,bce,msle
140,0.5103139013452915,0.0018281535648994515,0.0,0.7659192825112108,0.9988304093567252,0.867005076142132,1.0,Chenopodium.album,-0.23408071748878923,opth,2,False,mlp1,bce,msle
141,0.8609659090909091,0.3056799942028448,0.4375,0.8727272727272727,0.9907120743034056,0.9279845335911068,16.0,Chondrilla.juncea,0.3102272727272726,opth,2,False,mlp1,bce,msle
142,0.8564987762462964,0.03417128574287247,0.42857142857142855,0.9071235347159603,0.996039603960396,0.9495044832468146,7.0,Cichorium.intybus,0.3356949632873889,opth,2,False,mlp1,bce,msle
143,0.727326288824848,0.21097268847569423,0.52,0.7521613832853026,0.9560439560439561,0.8419354838709677,75.0,Cirsium.acaule,0.2721613832853027,opth,2,False,mlp1,bce,msle
144,0.8039703029039655,0.16107013426958722,0.8305084745762712,0.6348155156102177,0.9853157121879589,0.7721518987341772,59.0,Cirsium.arvense,0.46532399018648896,opth,2,False,mlp1,bce,msle
145,0.9160649819494584,0.05896208590119451,0.25,0.9557761732851986,0.9943661971830986,0.9746893695352048,8.0,Cirsium.eriophorum,0.2057761732851986,opth,2,False,mlp1,bce,msle
146,0.980370036101083,0.28720021946985996,1.0,0.881768953068592,1.0,0.9371702637889688,8.0,Cirsium.palustre,0.8817689530685922,opth,2,False,mlp1,bce,msle
147,0.8825881710362047,0.23840840485165907,0.7291666666666666,0.8539325842696629,0.985945945945946,0.9152032112393377,48.0,Cirsium.spinosissimum,0.5830992509363295,opth,2,False,mlp1,bce,msle
148,0.8534577938371977,0.032350466130095915,0.7777777777777778,0.7696476964769647,0.9976580796252927,0.8689444161142275,9.0,Cirsium.tuberosum,0.5474254742547426,opth,2,False,mlp1,bce,msle
149,0.8306332018243375,0.18279686443854143,0.6060606060606061,0.8125577100646353,0.9854423292273237,0.8906882591093117,33.0,Cirsium.vulgare,0.4186183161252415,opth,2,False,mlp1,bce,msle
150,0.7702724401862656,0.097808519213679,0.7058823529411765,0.7306642402183804,0.9938118811881188,0.8421604614577871,17.0,Clinopodium.vulgare,0.4365465931595569,opth,2,False,mlp1,bce,msle
151,0.8131843065693432,0.07536498569238934,0.55,0.7591240875912408,0.9892984542211652,0.8590604026845637,20.0,Coeloglossum.viride,0.3091240875912409,opth,2,False,mlp1,bce,msle
152,0.8723233156348265,0.33299843739831647,0.7684210526315789,0.8090107737512243,0.9740566037735849,0.8838951310861424,95.0,Colchicum.autumnale,0.5774318263828033,opth,2,False,mlp1,bce,msle
153,0.8472371967654986,0.2293295248865823,0.7857142857142857,0.7452830188679245,0.9850374064837906,0.8485499462943072,56.0,Convolvulus.arvensis,0.5309973045822103,opth,2,False,mlp1,bce,msle
154,0.8676867686768677,0.018881370078714522,1.0,0.7938793879387939,1.0,0.88509784244857,5.0,Conyza.canadensis,0.793879387938794,opth,2,False,mlp1,bce,msle
155,0.870108981092437,0.21147390813231148,0.5,0.9365808823529411,0.9864472410454985,0.9608675153229609,28.0,Coronilla.minima,0.4365808823529411,opth,2,False,mlp1,bce,msle
156,0.8174174174174175,0.02817756991962238,0.6666666666666666,0.8288288288288288,0.9978308026030369,0.905511811023622,6.0,Crepis.aurea,0.4954954954954953,opth,2,False,mlp1,bce,msle
157,0.8913973384030418,0.31057111923670916,0.890625,0.7385931558935361,0.9910714285714286,0.8464052287581699,64.0,Crepis.biennis,0.6292181558935361,opth,2,False,mlp1,bce,msle
158,0.9512012012012012,0.1072311453843942,1.0,0.8567567567567568,1.0,0.9228529839883551,6.0,Crepis.bocconi,0.8567567567567567,opth,2,False,mlp1,bce,msle
159,0.8905495169082126,0.10858834825166311,0.5833333333333334,0.8922101449275363,0.9949494949494949,0.9407831900668577,12.0,Crepis.conyzifolia,0.4755434782608696,opth,2,False,mlp1,bce,msle
160,0.9319975713418336,0.2717416617487359,0.8333333333333334,0.8624772313296903,0.9968421052631579,0.9248046875,18.0,Crepis.foetida,0.6958105646630237,opth,2,False,mlp1,bce,msle
161,1.0,1.0,1.0,0.9874326750448833,1.0,0.993676603432701,2.0,Crepis.mollis,0.9874326750448832,opth,2,False,mlp1,bce,msle
162,0.9336166767860756,0.27206479016129936,0.8888888888888888,0.8533697632058288,0.9978700745473909,0.9199803632793323,18.0,Crepis.pyrenaica,0.7422586520947176,opth,2,False,mlp1,bce,msle
163,0.865626403233049,0.28587333438519913,0.6617647058823529,0.8473282442748091,0.9747530186608123,0.9065849923430321,68.0,Crepis.vesicaria,0.5090929501571622,opth,2,False,mlp1,bce,msle
164,0.8717488789237668,0.006944444444444444,1.0,0.8278026905829596,1.0,0.9057899901864573,1.0,Cruciata.glabra,0.8278026905829596,opth,2,False,mlp1,bce,msle
165,0.8255822159491885,0.15459260525613294,0.8461538461538461,0.6495412844036698,0.9943820224719101,0.7857935627081021,26.0,Cruciata.laevipes,0.4956951305575159,opth,2,False,mlp1,bce,msle
166,0.8491449144914491,0.23164457070707073,0.6,0.8127812781278128,0.9977900552486187,0.8958333333333334,5.0,Cruciata.pedemontana,0.4127812781278126,opth,2,False,mlp1,bce,msle
167,0.9359089547768793,0.04161805865606652,1.0,0.7322551662174304,1.0,0.8454356846473029,3.0,Cuscuta.epithymum,0.7322551662174304,opth,2,False,mlp1,bce,msle
168,0.8979442843419789,0.297724393718778,0.88,0.7752161383285303,0.9889705882352942,0.8691437802907916,75.0,Cynosurus.cristatus,0.6552161383285302,opth,2,False,mlp1,bce,msle
169,0.8310570539567829,0.67692453668926,0.8174603174603174,0.7005420054200542,0.8822525597269625,0.7809667673716012,378.0,Dactylis.glomerata,0.5180023228803716,opth,2,False,mlp1,bce,msle
170,0.9820627802690582,0.047619047619047616,1.0,0.7901345291479821,1.0,0.8827655310621243,1.0,Dactylorhiza.maculata,0.790134529147982,opth,2,False,mlp1,bce,msle
171,0.766235069758105,0.055702123284154685,0.5555555555555556,0.8383017163504969,0.9957081545064378,0.9102501226091221,9.0,Dactylorhiza.majalis,0.39385727190605246,opth,2,False,mlp1,bce,msle
172,0.8599640933572711,0.009547028800583304,0.0,0.9973070017953322,0.9982030548068284,0.9977548271216884,2.0,Danthonia.decumbens,-0.0026929982046678402,opth,2,False,mlp1,bce,msle
173,0.8602760544614231,0.2954021239555343,0.9468085106382979,0.675146771037182,0.9928057553956835,0.8037274315666861,94.0,Daucus.carota,0.6219552816754799,opth,2,False,mlp1,bce,msle
174,0.7749922624574436,0.1913189207504614,0.6923076923076923,0.724233983286908,0.9848484848484849,0.8346709470304976,39.0,Deschampsia.cespitosa,0.4165416755946003,opth,2,False,mlp1,bce,msle
175,0.8510771002254954,0.07912613201914402,0.631578947368421,0.8204193254329991,0.9922822491730982,0.8982035928143712,19.0,Dianthus.carthusianorum,0.45199827280142024,opth,2,False,mlp1,bce,msle
176,0.8820043797500966,0.10153114133487397,0.7142857142857143,0.8250676284941388,0.9978189749182116,0.9032576505429417,7.0,Dianthus.deltoides,0.5393533427798531,opth,2,False,mlp1,bce,msle
177,0.8816889718850504,0.2961428538940327,0.6444444444444445,0.8832866479925303,0.9833679833679834,0.9306443679291687,45.0,Dianthus.sylvestris,0.5277310924369747,opth,2,False,mlp1,bce,msle
178,0.8424578127012753,0.048527037029658736,0.42857142857142855,0.8963029756537421,0.9959919839679359,0.9435215946843853,7.0,Dipsacus.fullonum,0.32487440422517055,opth,2,False,mlp1,bce,msle
179,0.8776830808080808,0.24766370072508193,0.7333333333333333,0.8390151515151515,0.9822616407982262,0.9050051072522982,60.0,Draba.aizoides,0.5723484848484848,opth,2,False,mlp1,bce,msle
180,0.8390287769784173,0.014198295941688952,0.25,0.8830935251798561,0.9969543147208122,0.9365760610395804,4.0,Draba.siliquosa,0.13309352517985618,opth,2,False,mlp1,bce,msle
181,0.8398917916990206,0.12866960830459245,0.5405405405405406,0.835032437442076,0.9814814814814815,0.9023535302954432,37.0,Dryas.octopetala,0.3755729779826167,opth,2,False,mlp1,bce,msle
182,0.8848920863309353,0.11489563567362428,0.75,0.9460431654676259,0.9990503323836657,0.971824480369515,4.0,Dryopteris.filix.mas,0.6960431654676258,opth,2,False,mlp1,bce,msle
183,0.8399823147297895,0.11703884122808023,0.7037037037037037,0.7520661157024794,0.9903264812575574,0.8549060542797495,27.0,Echium.vulgare,0.455769819406183,opth,2,False,mlp1,bce,msle
184,0.9291479820627802,0.0125,1.0,0.8986547085201794,1.0,0.9466225791213982,1.0,Epilobium.angustifolium,0.8986547085201795,opth,2,False,mlp1,bce,msle
185,0.7807726864330639,0.008348280072418003,0.0,0.867026055705301,0.996900826446281,0.9274387313791447,3.0,Epipactis.palustris,-0.132973944294699,opth,2,False,mlp1,bce,msle
186,0.8111698953816778,0.07444434221178257,0.782608695652174,0.6861848124428179,0.9933774834437086,0.8116883116883117,23.0,Equisetum.arvense,0.4687935080949919,opth,2,False,mlp1,bce,msle
187,0.8759915228580077,0.15368131915344455,0.6666666666666666,0.8383287920072662,0.9946120689655172,0.9098077870872351,15.0,Equisetum.palustre,0.5049954586739327,opth,2,False,mlp1,bce,msle
188,0.9151705565529623,0.02598802395209581,0.0,0.981149012567325,0.9981735159817352,0.9895880488909009,2.0,Equisetum.telmateia,-0.018850987432674993,opth,2,False,mlp1,bce,msle
189,0.961111111111111,0.11206999216635984,1.0,0.8441441441441442,1.0,0.9154860771861261,6.0,Erigeron.acer,0.8441441441441442,opth,2,False,mlp1,bce,msle
190,0.8569287587646524,0.08608964331037464,0.8235294117647058,0.721565059144677,0.9962311557788944,0.8369393139841689,17.0,Erigeron.alpinus,0.5450944709093828,opth,2,False,mlp1,bce,msle
191,0.9128320239431351,0.16575345089396737,0.8518518518518519,0.8530762167125804,0.9957127545551983,0.9188921859545005,27.0,Erigeron.annuus,0.7049280685644321,opth,2,False,mlp1,bce,msle
192,0.8986679684775786,0.10200831521111489,0.6923076923076923,0.8531278331822303,0.9957671957671957,0.9189453125,13.0,Erigeron.glabratus,0.5454355254899226,opth,2,False,mlp1,bce,msle
193,0.8598479969084117,0.09199662562399223,0.7142857142857143,0.7457168620378719,0.9975874547647768,0.8534571723426213,7.0,Erigeron.neglectus,0.4600025763235862,opth,2,False,mlp1,bce,msle
194,0.8953462551153126,0.21485769324166307,0.8275862068965517,0.827046918123275,0.9944690265486725,0.9030637870416875,29.0,Erigeron.uniflorus,0.6546331250198267,opth,2,False,mlp1,bce,msle
195,0.9607547927331126,0.13554859558515256,0.8888888888888888,0.8934056007226739,0.998989898989899,0.9432522651406772,9.0,Erodium.cicutarium,0.7822944896115627,opth,2,False,mlp1,bce,msle
196,0.8510884967151874,0.0355073310723847,0.2857142857142857,0.9044183949504058,0.9950396825396826,0.9475673122342938,7.0,Erophila.verna,0.19013268066469147,opth,2,False,mlp1,bce,msle
197,0.9111205266931751,0.355052818675105,0.7068965517241379,0.888468809073724,0.9822361546499477,0.9330024813895782,58.0,Eryngium.campestre,0.595365360797862,opth,2,False,mlp1,bce,msle
198,0.8567949554250923,0.3087781744003068,0.6190476190476191,0.8465753424657534,0.9914438502673797,0.9133004926108375,21.0,Erysimum.rhaeticum,0.46562296151337246,opth,2,False,mlp1,bce,msle
199,0.9559748427672956,0.2061050061050061,0.6666666666666666,0.9155435759209344,0.9990196078431373,0.9554617909048289,3.0,Erysimum.virgatum,0.582210242587601,opth,2,False,mlp1,bce,msle
200,0.8053925992779783,0.03224929140170116,0.625,0.805956678700361,0.9966517857142857,0.8912175648702595,8.0,Eupatorium.cannabinum,0.4309566787003609,opth,2,False,mlp1,bce,msle
201,0.7847045602413202,0.3831553247899489,0.710691823899371,0.6896551724137931,0.9348441926345609,0.79374624173181,159.0,Euphorbia.cyparissias,0.4003469963131643,opth,2,False,mlp1,bce,msle
202,0.8401440144014403,0.08823631982753154,0.8,0.7065706570657065,0.9987277353689568,0.8276225619399051,5.0,Euphorbia.dulcis,0.5065706570657067,opth,2,False,mlp1,bce,msle
203,0.8337825696316262,0.04876926616057051,0.6666666666666666,0.7349505840071878,0.9987789987789988,0.8467908902691511,3.0,Euphorbia.helioscopia,0.40161725067385445,opth,2,False,mlp1,bce,msle
204,0.8653153153153154,0.3130440600222186,0.3333333333333333,0.9981981981981982,0.9964028776978417,0.9972997299729973,6.0,Euphorbia.seguieriana,0.3315315315315315,opth,2,False,mlp1,bce,msle
205,0.8506259578448739,0.2879070757419241,0.7659574468085106,0.7371375116931712,0.986232790988736,0.8436830835117773,47.0,Euphorbia.brittingeri,0.503094958501682,opth,2,False,mlp1,bce,msle
206,0.9290388086642599,0.07698737784233378,0.75,0.9124548736462094,0.998025666337611,0.9533239038189534,8.0,Euphrasia.alpina,0.6624548736462095,opth,2,False,mlp1,bce,msle
207,0.9380678231930073,0.36034924957969805,0.9387755102040817,0.8228678537956888,0.996594778660613,0.9014373716632443,49.0,Euphrasia.minima,0.7616433639997706,opth,2,False,mlp1,bce,msle
208,0.8428291834293791,0.15667534770467184,0.7352941176470589,0.8170055452865065,0.9899216125419933,0.8951898734177215,34.0,Euphrasia.salisburgensis,0.5522996629335655,opth,2,False,mlp1,bce,msle
209,0.8624662466246625,0.023739787026253338,0.8,0.7911791179117912,0.9988636363636364,0.8829733802109493,5.0,Euphrasia.stricta,0.5911791179117913,opth,2,False,mlp1,bce,msle
210,0.8827775239835541,0.43709509092072163,0.8925619834710744,0.749748743718593,0.9828722002635046,0.8506271379703535,121.0,Festuca.arundinacea,0.6423107271896673,opth,2,False,mlp1,bce,msle
211,0.8973863636363636,0.3776697079117298,0.6875,0.9645454545454546,0.9953095684803002,0.9796860572483841,16.0,Festuca.ovina,0.6520454545454546,opth,2,False,mlp1,bce,msle
212,0.8970856102003644,0.10732940703184779,0.7777777777777778,0.8333333333333334,0.9956474428726877,0.9072880515617253,18.0,Festuca.halleri,0.6111111111111112,opth,2,False,mlp1,bce,msle
213,0.8412180607119457,0.435096680064158,0.7894736842105263,0.7095435684647303,0.9553072625698324,0.8142857142857143,152.0,Festuca.laevigata,0.49901725267525654,opth,2,False,mlp1,bce,msle
214,0.867140054190414,0.44072170829610685,0.7692307692307693,0.7728674203494348,0.9579617834394905,0.8555176336746303,143.0,Festuca.nigrescens,0.5420981895802042,opth,2,False,mlp1,bce,msle
215,0.9096221403478707,0.4079857845049292,0.8181818181818182,0.8152686145146089,0.9885714285714285,0.893595041322314,55.0,Festuca.paniculata,0.633450432696427,opth,2,False,mlp1,bce,msle
216,0.9210531160821136,0.3463658422077882,0.8235294117647058,0.8450704225352113,0.9900990099009901,0.9118541033434651,51.0,Festuca.quadriflora,0.6685998342999171,opth,2,False,mlp1,bce,msle
217,0.7084478121294502,0.24463551079639298,0.5,0.7638603696098563,0.912883435582822,0.8317495807713806,142.0,Festuca.rubra,0.26386036960985626,opth,2,False,mlp1,bce,msle
218,0.9576877626050421,0.42160987966014823,0.8571428571428571,0.9191176470588235,0.9960159362549801,0.9560229445506692,28.0,Festuca.valesiaca,0.7762605042016806,opth,2,False,mlp1,bce,msle
219,0.8818250591672855,0.4405882725813175,0.8053691275167785,0.781799379524302,0.9630573248407643,0.863013698630137,149.0,Festuca.violacea,0.5871685070410804,opth,2,False,mlp1,bce,msle
220,0.8228071965445702,0.14442069360746948,0.5555555555555556,0.8549127640036731,0.9872746553552492,0.9163385826771654,27.0,Filipendula.vulgaris,0.4104683195592287,opth,2,False,mlp1,bce,msle
221,0.9153079710144927,0.16989101372191326,0.9166666666666666,0.6838768115942029,0.9986772486772487,0.8118279569892473,12.0,Fragaria.vesca,0.6005434782608696,opth,2,False,mlp1,bce,msle
222,0.8881118881118881,0.22542375762360345,0.18181818181818182,0.967420814479638,0.9916512059369202,0.9793861658268438,11.0,Fumana.procumbens,0.14923899629781978,opth,2,False,mlp1,bce,msle
223,0.8138537906137184,0.05556163403846578,0.75,0.7003610108303249,0.9974293059125964,0.8229056203605515,8.0,Galeopsis.tetrahit,0.45036101083032487,opth,2,False,mlp1,bce,msle
224,0.8307510504201681,0.12532396958660713,0.75,0.7490808823529411,0.9914841849148418,0.8534031413612565,28.0,Galium.anisophyllon,0.4990808823529411,opth,2,False,mlp1,bce,msle
225,0.7470773381294964,0.053404349598467245,0.5,0.5926258992805755,0.9969742813918305,0.7433728144388043,4.0,Galium.aparine,0.09262589928057552,opth,2,False,mlp1,bce,msle
226,0.8770718232044199,0.16283980598331427,0.8333333333333334,0.7071823204419889,0.9935316946959897,0.8262506724045185,30.0,Galium.boreale,0.5405156537753224,opth,2,False,mlp1,bce,msle
227,0.9205488929889301,0.275896978809215,0.71875,0.8976014760147601,0.9908350305498982,0.9419167473378509,32.0,Galium.corrudifolium,0.6163514760147601,opth,2,False,mlp1,bce,msle
228,0.8685134999498143,0.06582112017780017,0.4444444444444444,0.8690153568202349,0.9948293691830403,0.9276759884281581,9.0,Galium.glaucum,0.3134598012646794,opth,2,False,mlp1,bce,msle
229,0.816005373506693,0.15222214686994096,0.7894736842105263,0.6335460346399271,0.994277539341917,0.7739420935412027,19.0,Galium.lucidum,0.4230197188504534,opth,2,False,mlp1,bce,msle
230,0.8447002088097844,0.544099257220686,0.9070796460176991,0.6157303370786517,0.9630931458699473,0.7511994516792323,226.0,Galium.mollugo,0.5228099830963506,opth,2,False,mlp1,bce,msle
231,0.7872419950994642,0.30623479486959876,0.6942148760330579,0.7417085427135678,0.952258064516129,0.8338983050847457,121.0,Galium.pumilum,0.43592341874662566,opth,2,False,mlp1,bce,msle
232,0.8150986178937106,0.5406460574277452,0.7565543071161048,0.6937573616018846,0.900611620795107,0.7837658017298735,267.0,Galium.verum,0.45031166871798955,opth,2,False,mlp1,bce,msle
233,0.8820076907508602,0.10279858231446272,0.3888888888888889,0.9408014571948998,0.9894636015325671,0.9645191409897292,18.0,Genista.pilosa,0.3296903460837888,opth,2,False,mlp1,bce,msle
234,0.851035637073715,0.17332892492331628,0.9230769230769231,0.6436990027198549,0.9985935302390999,0.782800441014333,13.0,Genista.sagittalis,0.5667759257967782,opth,2,False,mlp1,bce,msle
235,0.8745371219065078,0.14921620249266332,0.6,0.8890925756186985,0.9897959183673469,0.9367455335586673,25.0,Genista.tinctoria,0.48909257561869834,opth,2,False,mlp1,bce,msle
236,0.8950564600840336,0.24808503949312877,0.8214285714285714,0.6985294117647058,0.9934640522875817,0.8202914193200216,28.0,Gentiana.acaulis,0.5199579831932772,opth,2,False,mlp1,bce,msle
237,0.9394489857705117,0.30254911132039963,0.6,0.9745685740236149,0.9944392956441149,0.9844036697247707,15.0,Gentiana.alpina,0.5745685740236148,opth,2,False,mlp1,bce,msle
238,0.9570547099958865,0.1713199322999824,0.8181818181818182,0.9212669683257918,0.9980392156862745,0.9581176470588235,11.0,Gentiana.bavarica,0.73944878650761,opth,2,False,mlp1,bce,msle
239,0.9047403381642513,0.06456607854264487,0.75,0.8795289855072463,0.9969199178644764,0.9345524542829644,12.0,Gentiana.cruciata,0.6295289855072463,opth,2,False,mlp1,bce,msle
240,0.9204881464958241,0.41532243316254097,0.918918918918919,0.800383877159309,0.9928571428571429,0.8862911795961743,74.0,Gentiana.lutea,0.7193027960782281,opth,2,False,mlp1,bce,msle
241,0.8598926005997629,0.07177520066628151,0.3076923076923077,0.942883046237534,0.9914204003813155,0.966542750929368,13.0,Gentiana.nivalis,0.25057535392984187,opth,2,False,mlp1,bce,msle
242,0.9401737101374125,0.18345632338664536,0.9285714285714286,0.8611615245009074,0.9989473684210526,0.9249512670565302,14.0,Gentiana.punctata,0.789732953072336,opth,2,False,mlp1,bce,msle
243,0.888749838602346,0.44334284869713664,0.797979797979798,0.7738446411012783,0.9752168525402726,0.8629385964912281,99.0,Gentiana.verna,0.5718244390810763,opth,2,False,mlp1,bce,msle
244,0.882496194824962,0.16622809422651377,0.8095238095238095,0.7835616438356164,0.9953596287703016,0.8768523249872253,21.0,Geranium.columbinum,0.5930854533594259,opth,2,False,mlp1,bce,msle
245,0.9173158329784836,0.29499489338576657,0.8378378378378378,0.8192771084337349,0.9932584269662922,0.8979177247333672,37.0,Geranium.dissectum,0.6571149462715726,opth,2,False,mlp1,bce,msle
246,0.9484719090342081,0.3609574906432754,0.8421052631578947,0.8678213309024613,0.9968586387434555,0.9278752436647173,19.0,Geranium.molle,0.7099265940603559,opth,2,False,mlp1,bce,msle
247,0.8382624768946395,0.17236069777340482,0.7352941176470589,0.7486136783733827,0.989010989010989,0.8521830615465544,34.0,Geranium.pyrenaicum,0.4839077960204414,opth,2,False,mlp1,bce,msle
248,0.8397032374100719,0.02914788366156753,0.5,0.822841726618705,0.9978189749182116,0.9019221291276491,4.0,Geranium.robertianum,0.32284172661870514,opth,2,False,mlp1,bce,msle
249,0.9488748874887489,0.08045040777783852,1.0,0.8181818181818182,1.0,0.9,5.0,Geranium.rotundifolium,0.8181818181818183,opth,2,False,mlp1,bce,msle
250,0.968609865470852,0.027777777777777776,1.0,0.536322869955157,1.0,0.6981903093987157,1.0,Geranium.sanguineum,0.536322869955157,opth,2,False,mlp1,bce,msle
251,0.8714982830290983,0.5046540686961636,0.8,0.8180914512922465,0.9739644970414201,0.8892490545651,110.0,Geranium.sylvaticum,0.6180914512922464,opth,2,False,mlp1,bce,msle
252,0.9122438524590163,0.5133986041278292,0.95,0.7776639344262295,0.9908616187989556,0.8714121699196326,140.0,Geum.montanum,0.7276639344262295,opth,2,False,mlp1,bce,msle
253,0.8807536101083032,0.1276769726553958,0.875,0.7951263537906137,0.9988662131519275,0.8854271356783919,8.0,Geum.rivale,0.6701263537906137,opth,2,False,mlp1,bce,msle
254,,-0.0,0.0,0.8467741935483871,1.0,0.9170305676855895,0.0,Geum.urbanum,-0.15322580645161288,opth,2,False,mlp1,bce,msle
255,0.9486948694869486,0.09447981279159649,1.0,0.7641764176417641,1.0,0.8663265306122448,5.0,Glechoma.hederacea,0.7641764176417642,opth,2,False,mlp1,bce,msle
256,0.8689141251815347,0.36989787490248593,0.48717948717948717,0.9526462395543176,0.9808795411089866,0.9665567593028733,39.0,Globularia.bisnagarica,0.4398257267338048,opth,2,False,mlp1,bce,msle
257,0.8776925033921302,0.23053809539173897,0.7272727272727273,0.8470149253731343,0.9869565217391304,0.9116465863453815,44.0,Globularia.cordifolia,0.5742876526458616,opth,2,False,mlp1,bce,msle
258,0.9292792792792793,0.22137533875338755,0.8333333333333334,0.9288288288288288,0.999031007751938,0.9626517273576097,6.0,Globularia.nudicaulis,0.7621621621621621,opth,2,False,mlp1,bce,msle
259,0.7818816521824041,0.09924962095663423,0.5263157894736842,0.774582560296846,0.9788980070339977,0.8648368720870016,38.0,Gymnadenia.conopsea,0.3008983497705302,opth,2,False,mlp1,bce,msle
260,0.848882850241546,0.051546114948272694,0.25,0.9257246376811594,0.991270611057226,0.9573770491803278,12.0,Gypsophila.repens,0.17572463768115942,opth,2,False,mlp1,bce,msle
261,0.8190741915028535,0.4000193901487782,0.8313253012048193,0.6936842105263158,0.9592430858806404,0.8051313378130727,166.0,Helianthemum.nummularium,0.5250095117311351,opth,2,False,mlp1,bce,msle
262,0.8995515695067265,0.008849557522123894,1.0,0.8753363228699551,1.0,0.9335246293639407,1.0,Helleborus.foetidus,0.8753363228699551,opth,2,False,mlp1,bce,msle
263,0.868067787709375,0.37183938930619886,0.7640449438202247,0.7857838364167478,0.9746376811594203,0.8700808625336928,89.0,Heracleum.sphondylium,0.5498287802369726,opth,2,False,mlp1,bce,msle
264,0.737214994203272,0.03432974908335274,0.7142857142857143,0.6961226330027052,0.9974160206718347,0.8199681359532661,7.0,Hieracium.bifidum,0.41040834728841946,opth,2,False,mlp1,bce,msle
265,0.7903241995382917,0.028505023334757334,0.3333333333333333,0.8139114724480578,0.9933847850055126,0.8947368421052632,9.0,Hieracium.murorum,0.1472448057813911,opth,2,False,mlp1,bce,msle
266,0.8733796296296297,0.18602060339743404,0.6944444444444444,0.8435185185185186,0.9880694143167028,0.9100899100899101,36.0,Hieracium.piliferum,0.537962962962963,opth,2,False,mlp1,bce,msle
267,0.901951951951952,0.09417978517413957,0.6666666666666666,0.8513513513513513,0.9978880675818373,0.9188138065143413,6.0,Hieracium.prenanthoides,0.5180180180180178,opth,2,False,mlp1,bce,msle
268,0.9167811355311355,0.2812312606849672,0.7916666666666666,0.8855311355311355,0.9948559670781894,0.937015503875969,24.0,Hieracium.villosum,0.677197802197802,opth,2,False,mlp1,bce,msle
269,0.9528977272727273,0.26196309424933384,0.9375,0.83,0.9989059080962801,0.9066534260178749,16.0,Himantoglossum.hircinum,0.7675000000000001,opth,2,False,mlp1,bce,msle
270,0.7773750744125784,0.28118232335668913,0.5701754385964912,0.8013972055888223,0.9424882629107981,0.866235167206041,114.0,Hippocrepis.comosa,0.37157264418531355,opth,2,False,mlp1,bce,msle
271,0.9290191534509717,0.604945943905641,0.9121621621621622,0.8336776859504132,0.9841463414634146,0.9026845637583892,148.0,Holcus.lanatus,0.7458398481125754,opth,2,False,mlp1,bce,msle
272,0.867635107679805,0.1999818279958866,0.6304347826086957,0.8700934579439252,0.9820675105485233,0.9226957383548068,46.0,Homogyne.alpina,0.500528240552621,opth,2,False,mlp1,bce,msle
273,0.8707207207207207,0.1959022704258827,0.6666666666666666,0.9540540540540541,0.998114985862394,0.9755872869645325,6.0,Hornungia.petraea,0.6207207207207208,opth,2,False,mlp1,bce,msle
274,0.91032080659945,0.3600644261134406,0.8,0.8762603116406966,0.9947970863683663,0.9317738791423001,25.0,Hypericum.maculatum,0.6762603116406967,opth,2,False,mlp1,bce,msle
275,0.8169308542541341,0.14863629796099778,0.8909090909090909,0.6503298774740811,0.9913793103448276,0.7854297097324986,55.0,Hypericum.perforatum,0.541238968383172,opth,2,False,mlp1,bce,msle
276,0.9412852016962052,0.3088130445472374,0.9411764705882353,0.800369685767098,0.9976958525345622,0.8882051282051282,34.0,Hypericum.richeri,0.7415461563553332,opth,2,False,mlp1,bce,msle
277,0.8502075645756457,0.17731781939214838,0.53125,0.8551660516605166,0.9840764331210191,0.9151036525172754,32.0,Hypochaeris.maculata,0.3864160516605166,opth,2,False,mlp1,bce,msle
278,0.9262314126394052,0.3192133224141465,0.75,0.8671003717472119,0.9893955461293743,0.924219910846954,40.0,Hypochaeris.radicata,0.6171003717472119,opth,2,False,mlp1,bce,msle
279,0.9543615107913669,0.16862420733388475,0.75,0.9334532374100719,0.9990375360923965,0.9651324965132496,4.0,Hyssopus.officinalis,0.6834532374100719,opth,2,False,mlp1,bce,msle
280,0.8675266284857892,0.18282314961586546,0.6470588235294118,0.7761601455868972,0.9930151338766007,0.8712972420837589,17.0,Inula.salicina,0.42321896911630885,opth,2,False,mlp1,bce,msle
281,0.875067506750675,0.04700752024828756,0.6,0.9504950495049505,0.998109640831758,0.9737206085753803,5.0,Isatis.tinctoria,0.5504950495049505,opth,2,False,mlp1,bce,msle
282,0.7043543543543543,0.04584583049458899,0.5,0.8018018018018018,0.9966405375139977,0.8886669995007489,6.0,Juncus.alpinoarticulatus,0.30180180180180183,opth,2,False,mlp1,bce,msle
283,0.8076690821256038,0.05953900238545969,0.5,0.9094202898550725,0.994059405940594,0.9498580889309366,12.0,Juncus.articulatus,0.4094202898550725,opth,2,False,mlp1,bce,msle
284,0.950812274368231,0.08359015719540208,0.875,0.9106498194945848,0.999009900990099,0.9527856468366384,8.0,Juncus.effusus,0.7856498194945849,opth,2,False,mlp1,bce,msle
285,0.8413636363636364,0.059097220846476284,0.4375,0.8745454545454545,0.9907312049433573,0.9290197971994205,16.0,Juncus.inflexus,0.3120454545454545,opth,2,False,mlp1,bce,msle
286,0.9700465492815219,0.5044285655865144,0.8333333333333334,0.9162112932604736,0.9970267591674926,0.9549121974371144,18.0,Juncus.jacquinii,0.7495446265938068,opth,2,False,mlp1,bce,msle
287,0.856099151989563,0.08621584922676541,0.23809523809523808,0.9442922374429223,0.9847619047619047,0.9641025641025641,21.0,Juncus.trifidus,0.18238747553816048,opth,2,False,mlp1,bce,msle
288,0.9267326732673268,0.14451537463434097,0.6,0.8982898289828983,0.998,0.945523448602558,5.0,Juncus.triglumis,0.4982898289828983,opth,2,False,mlp1,bce,msle
289,0.8746221572775278,0.5337893914721107,0.9043062200956937,0.701212789415656,0.9695121951219512,0.8138195777351248,209.0,Knautia.arvensis,0.6055190095113496,opth,2,False,mlp1,bce,msle
290,0.9374087591240876,0.27626630965610305,0.95,0.739963503649635,0.9987684729064039,0.850104821802935,20.0,Knautia.dipsacifolia,0.689963503649635,opth,2,False,mlp1,bce,msle
291,0.8355729506414438,0.08474754377853153,0.6666666666666666,0.7863013698630137,0.9919354838709677,0.8772287315333673,21.0,Koeleria.macrantha,0.45296803652968043,opth,2,False,mlp1,bce,msle
292,0.7949425139906675,0.2050469202589349,0.4406779661016949,0.8467360454115421,0.9644396551724138,0.9017632241813602,59.0,Koeleria.pyramidata,0.2874140115132371,opth,2,False,mlp1,bce,msle
293,0.8225542068679323,0.2628392563367789,0.5111111111111111,0.9253034547152195,0.9782823297137216,0.9510556621880998,45.0,Koeleria.vallesiana,0.43641456582633054,opth,2,False,mlp1,bce,msle
294,0.90750452079566,0.24256768225940847,0.9,0.786618444846293,0.9988518943742825,0.8801213960546282,10.0,Lactuca.perennis,0.6866184448462929,opth,2,False,mlp1,bce,msle
295,0.8062780269058296,0.004608294930875576,0.0,0.8932735426008969,0.9989969909729187,0.9431818181818182,1.0,Lactuca.serriola,-0.10672645739910314,opth,2,False,mlp1,bce,msle
296,0.9325539568345323,0.030677016122332562,1.0,0.9073741007194245,1.0,0.9514380009429514,4.0,Lamium.purpureum,0.9073741007194245,opth,2,False,mlp1,bce,msle
297,0.7805206463195691,0.05762594893029675,0.5,0.8626570915619389,0.998960498960499,0.9258188824662813,2.0,Lapsana.communis,0.3626570915619389,opth,2,False,mlp1,bce,msle
298,0.7408408408408409,0.04816308840655069,0.6666666666666666,0.8009009009009009,0.9977553310886644,0.8885557221389305,6.0,Laserpitium.halleri,0.46756756756756745,opth,2,False,mlp1,bce,msle
299,0.9165120593692022,0.2621004451732397,0.8421052631578947,0.8385899814471243,0.9934065934065934,0.9094567404426559,38.0,Laserpitium.latifolium,0.680695244605019,opth,2,False,mlp1,bce,msle
300,0.890795944996487,0.07511455198359655,0.7777777777777778,0.8563685636856369,0.9978947368421053,0.9217306757413709,9.0,Laserpitium.siler,0.6341463414634148,opth,2,False,mlp1,bce,msle
301,0.7430305755395683,0.011511866260019137,0.0,0.9784172661870504,0.9963369963369964,0.9872958257713249,4.0,Lathyrus.heterophyllus,-0.021582733812949617,opth,2,False,mlp1,bce,msle
302,0.8975741239892183,0.016674496907055046,0.0,0.9380053908355795,0.997134670487106,0.9666666666666667,3.0,Lathyrus.occidentalis,-0.061994609164420456,opth,2,False,mlp1,bce,msle
303,0.8132800462249615,0.478551703142625,0.8050847457627118,0.6761363636363636,0.9282371294851794,0.7823800131492439,236.0,Lathyrus.pratensis,0.4812211093990755,opth,2,False,mlp1,bce,msle
304,0.9255255255255256,0.06500159578042061,0.16666666666666666,0.9819819819819819,0.9954337899543378,0.9886621315192744,6.0,Lathyrus.sphaericus,0.14864864864864868,opth,2,False,mlp1,bce,msle
305,0.994010182689428,0.22692307692307695,1.0,0.9739442946990117,1.0,0.9868001820664543,3.0,Lathyrus.sylvestris,0.9739442946990118,opth,2,False,mlp1,bce,msle
306,0.7623651079136691,0.024375540339592626,0.25,0.9496402877697842,0.9971671388101983,0.9728235836020267,4.0,Lathyrus.tuberosus,0.19964028776978404,opth,2,False,mlp1,bce,msle
307,0.7539102940764991,0.11212591412246635,0.45454545454545453,0.8134810710987996,0.9799777530589544,0.8890010090817356,33.0,Leontodon.autumnalis,0.2680265256442542,opth,2,False,mlp1,bce,msle
308,0.7091460539810148,0.36702264280392877,0.6437768240343348,0.6455266138165345,0.8728943338437979,0.7421875,233.0,Leontodon.hispidus,0.2893034378508692,opth,2,False,mlp1,bce,msle
309,0.8798145047017905,0.09297256674344787,0.5714285714285714,0.9179440937781785,0.9970617042115573,0.955868544600939,7.0,Leontopodium.alpinum,0.48937266520675005,opth,2,False,mlp1,bce,msle
310,0.9297334089619966,0.3755572793141439,0.7804878048780488,0.8948837209302326,0.9907312049433573,0.9403714565004888,41.0,Leucanthemopsis.alpina,0.6753715258082815,opth,2,False,mlp1,bce,msle
311,0.8674923545941613,0.6117890229590156,0.8493723849372385,0.7286202964652223,0.9466666666666667,0.8234536082474226,239.0,Leucanthemum.vulgare,0.5779926814024607,opth,2,False,mlp1,bce,msle
312,0.9426209074289513,0.28840684939392824,0.9090909090909091,0.8318098720292505,0.9978070175438597,0.9072781655034895,22.0,Lilium.martagon,0.7409007811201596,opth,2,False,mlp1,bce,msle
313,0.6156362815884477,0.02395763512672375,0.375,0.8844765342960289,0.9949238578680203,0.9364548494983278,8.0,Linaria.repens,0.259476534296029,opth,2,False,mlp1,bce,msle
314,0.8487394957983193,0.05562142006610131,0.7058823529411765,0.8089171974522293,0.9944071588366891,0.8921224284997491,17.0,Linum.alpinum,0.514799550393406,opth,2,False,mlp1,bce,msle
315,0.7727154786054631,0.20671618029169864,0.6707317073170732,0.6827852998065764,0.9631650750341064,0.7990945104697227,82.0,Linum.catharticum,0.35351700712364975,opth,2,False,mlp1,bce,msle
316,0.9284417941405237,0.29342891035869345,0.7857142857142857,0.9128856624319419,0.9970267591674926,0.9531027948839412,14.0,Linum.tenuifolium,0.6985999481462275,opth,2,False,mlp1,bce,msle
317,0.6737859712230216,0.007513123765288677,0.75,0.6510791366906474,0.9986206896551724,0.7882416984213392,4.0,Listera.ovata,0.40107913669064743,opth,2,False,mlp1,bce,msle
318,0.7687930518119198,0.0075222036223291724,1.0,0.6639712488769093,1.0,0.7980561555075594,3.0,Lolium.multiflorum,0.6639712488769094,opth,2,False,mlp1,bce,msle
319,0.8956858877673356,0.46153479949287923,0.9117647058823529,0.7268244575936884,0.9879356568364611,0.8375,102.0,Lolium.perenne,0.6385891634760412,opth,2,False,mlp1,bce,msle
320,0.7777381577959613,0.5750594337289275,0.7890173410404624,0.5987012987012987,0.8632958801498127,0.7070552147239264,346.0,Lotus.corniculatus,0.38771863974176113,opth,2,False,mlp1,bce,msle
321,0.7904327027614698,0.045505713320430574,0.47619047619047616,0.8036529680365296,0.9876543209876543,0.8862034239677744,21.0,Lotus.maritimus,0.2798434442270059,opth,2,False,mlp1,bce,msle
322,0.8067064606741573,0.18056097609462826,0.3958333333333333,0.9073033707865169,0.9709418837675351,0.9380445304937076,48.0,Luzula.campestris,0.3031367041198503,opth,2,False,mlp1,bce,msle
323,0.9072740538654316,0.15033687735151613,0.9310344827586207,0.795768169273229,0.9976931949250288,0.8853633572159673,29.0,Luzula.lutea,0.7268026520318496,opth,2,False,mlp1,bce,msle
324,0.7565693430656935,0.04863843887434749,0.7,0.6687956204379562,0.9918809201623816,0.7989100817438692,20.0,Luzula.multiflora,0.3687956204379561,opth,2,False,mlp1,bce,msle
325,0.8628107690325907,0.1647036462310267,0.5714285714285714,0.8286744815148782,0.9967462039045553,0.9049729197439685,7.0,Luzula.sieberi,0.4001030529434497,opth,2,False,mlp1,bce,msle
326,0.896698389935467,0.26045099464645044,0.8275862068965517,0.7939508506616257,0.9882352941176471,0.8805031446540881,58.0,Luzula.spicata,0.6215370575581773,opth,2,False,mlp1,bce,msle
327,0.8214350590372388,0.10172635095990014,0.4,0.8528610354223434,0.990506329113924,0.9165446559297218,15.0,Luzula.sudetica,0.2528610354223435,opth,2,False,mlp1,bce,msle
328,0.9754946043165468,0.44696969696969696,1.0,0.9307553956834532,1.0,0.9641360037261295,4.0,Lysimachia.nummularia,0.9307553956834531,opth,2,False,mlp1,bce,msle
329,0.982062274368231,0.40204145749920395,0.875,0.9521660649819494,0.9990530303030303,0.9750462107208873,8.0,Lysimachia.vulgaris,0.8271660649819494,opth,2,False,mlp1,bce,msle
330,0.7993583931933886,0.0995041149118775,0.6923076923076923,0.6908431550317317,0.9947780678851175,0.8154093097913323,13.0,Malva.moschata,0.38315084733942406,opth,2,False,mlp1,bce,msle
331,0.9260257562144355,0.3529790660225443,0.6666666666666666,0.8858939802336029,0.9989868287740629,0.939047619047619,3.0,Malva.sylvestris,0.5525606469002695,opth,2,False,mlp1,bce,msle
332,0.791590354090354,0.05839594306528757,0.8333333333333334,0.6712454212454212,0.994572591587517,0.8015308911973756,24.0,Medicago.falcata,0.5045787545787546,opth,2,False,mlp1,bce,msle
333,0.8465892240808162,0.4274022577474589,0.7784431137724551,0.7471022128556375,0.9504021447721179,0.8365781710914454,167.0,Medicago.lupulina,0.5255453266280927,opth,2,False,mlp1,bce,msle
334,0.910051849810886,0.27966371271328183,0.5945945945945946,0.9230769230769231,0.9851632047477745,0.9531100478468899,37.0,Medicago.minima,0.5176715176715176,opth,2,False,mlp1,bce,msle
335,0.8498573138175458,0.18831084833541928,0.803921568627451,0.755868544600939,0.9877300613496932,0.8563829787234043,51.0,Medicago.sativa,0.55979011322839,opth,2,False,mlp1,bce,msle
336,0.8828209764918624,0.04246532533920877,0.3,0.9204339963833634,0.9931707317073171,0.9554199906147348,10.0,Melica.ciliata,0.22043399638336347,opth,2,False,mlp1,bce,msle
337,0.9135913591359135,0.03275445749766154,0.8,0.8676867686768677,0.9989637305699481,0.928709055876686,5.0,Melilotus.albus,0.6676867686768677,opth,2,False,mlp1,bce,msle
338,0.8636851869934576,0.25220534777313763,0.8157894736842105,0.8358070500927643,0.9922907488986784,0.9073514602215509,38.0,Meum.athamanticum,0.6515965237769747,opth,2,False,mlp1,bce,msle
339,0.878078078078078,0.07555158275147436,0.8333333333333334,0.8027027027027027,0.9988789237668162,0.8901098901098901,6.0,Minuartia.laricifolia,0.6360360360360362,opth,2,False,mlp1,bce,msle
340,0.8875054695890847,0.20352611627758296,0.782608695652174,0.8243366880146387,0.9944812362030905,0.9014507253626813,23.0,Minuartia.rostrata,0.6069453836668126,opth,2,False,mlp1,bce,msle
341,0.8854447439353099,0.27775861043879835,0.7857142857142857,0.8235849056603773,0.9864406779661017,0.8976863753213368,56.0,Minuartia.verna,0.609299191374663,opth,2,False,mlp1,bce,msle
342,0.8873924429479985,0.1908698481705379,0.7777777777777778,0.820018365472911,0.9933259176863182,0.8983903420523138,27.0,Muscari.comosum,0.5977961432506889,opth,2,False,mlp1,bce,msle
343,0.8512912963273519,0.4792261285369706,0.7865168539325843,0.744136460554371,0.9483695652173914,0.8339307048984468,178.0,Myosotis.alpestris,0.5306533144869552,opth,2,False,mlp1,bce,msle
344,0.8484279766405801,0.38231832843881497,0.7889908256880734,0.7557100297914597,0.9706632653061225,0.8498045784477946,109.0,Myosotis.arvensis,0.5447008554795332,opth,2,False,mlp1,bce,msle
345,0.8626373626373626,0.18870851236317418,0.7083333333333334,0.7912087912087912,0.9919632606199771,0.8802852776362711,24.0,Myosotis.ramosissima,0.49954212454212454,opth,2,False,mlp1,bce,msle
346,0.9534622302158273,0.15595329328206042,0.5,0.9415467625899281,0.998093422306959,0.968995835261453,4.0,Myosotis.scorpioides,0.4415467625899281,opth,2,False,mlp1,bce,msle
347,0.8747755834829443,0.010411622276029056,1.0,0.7953321364452424,1.0,0.886,2.0,Myosotis.stricta,0.7953321364452424,opth,2,False,mlp1,bce,msle
348,0.8414094650205761,0.14147027042225202,0.75,0.7490740740740741,0.988997555012225,0.8524762908324552,36.0,Narcissus.poeticus,0.4990740740740742,opth,2,False,mlp1,bce,msle
349,0.9041775087046964,0.486580694878178,0.948905109489051,0.7323799795709908,0.9903314917127072,0.8420434527304757,137.0,Nardus.stricta,0.6812850890600419,opth,2,False,mlp1,bce,msle
350,0.9155344202898551,0.08945267764457555,0.5,0.9356884057971014,0.9942252165543792,0.9640690620625292,12.0,Odontites.luteus,0.43568840579710155,opth,2,False,mlp1,bce,msle
351,0.8922135585878276,0.37311263109462617,0.8333333333333334,0.8050682261208577,0.9821640903686087,0.884841992501339,90.0,Onobrychis.montana,0.638401559454191,opth,2,False,mlp1,bce,msle
352,0.9005126135216953,0.5015475683019699,0.896,0.7749747729566094,0.9833546734955185,0.8668171557562077,125.0,Onobrychis.viciifolia,0.6709747729566096,opth,2,False,mlp1,bce,msle
353,0.8703446502057613,0.20963778137942832,0.6388888888888888,0.850925925925926,0.9860515021459227,0.9135188866799204,36.0,Ononis.natrix,0.4898148148148147,opth,2,False,mlp1,bce,msle
354,0.8661448741559239,0.12509711758677078,0.6,0.850828729281768,0.9871794871794872,0.913946587537092,30.0,Ononis.repens,0.45082872928176787,opth,2,False,mlp1,bce,msle
355,0.8609642127647669,0.17023426806510614,0.7575757575757576,0.8107109879963066,0.9909706546275395,0.8918232605383444,33.0,Ononis.spinosa,0.5682867455720642,opth,2,False,mlp1,bce,msle
356,0.8185085354896675,0.04263940943831087,0.3333333333333333,0.917340521114106,0.9980449657869013,0.9559925093632958,3.0,Ophioglossum.vulgatum,0.2506738544474394,opth,2,False,mlp1,bce,msle
357,0.8621062106210622,0.03665397126884658,0.6,0.8973897389738974,0.997997997997998,0.9450236966824644,5.0,Ophrys.apifera,0.49738973897389727,opth,2,False,mlp1,bce,msle
358,0.7389838129496402,0.008284323392736312,0.0,0.9181654676258992,0.9960975609756098,0.9555451567618156,4.0,Ophrys.insectifera,-0.08183453237410077,opth,2,False,mlp1,bce,msle
359,,-0.0,0.0,0.671146953405018,1.0,0.8032171581769437,0.0,Orchis.mascula,-0.32885304659498205,opth,2,False,mlp1,bce,msle
360,0.8959165271158056,0.03284824452350566,1.0,0.842200180342651,1.0,0.9143416544297601,7.0,Orchis.militaris,0.8422001803426511,opth,2,False,mlp1,bce,msle
361,0.8887211134453782,0.13797442154797332,0.7857142857142857,0.8621323529411765,0.9936440677966102,0.9232283464566929,28.0,Origanum.vulgare,0.6478466386554622,opth,2,False,mlp1,bce,msle
362,0.797203256302521,0.12918027394639536,0.7142857142857143,0.7720588235294118,0.9905660377358491,0.8677685950413223,28.0,Ornithogalum.umbellatum,0.4863445378151261,opth,2,False,mlp1,bce,msle
363,0.8052205220522053,0.07800605626711,0.2,0.900990099009901,0.9960199004975124,0.946124763705104,5.0,Orobanche.alba,0.10099009900990108,opth,2,False,mlp1,bce,msle
364,0.8434339912127764,0.0668648936576422,0.6923076923076923,0.7951042611060744,0.9954597048808173,0.8840725806451613,13.0,Orobanche.caryophyllacea,0.48741195341376664,opth,2,False,mlp1,bce,msle
365,0.820040574406301,0.07631353244031601,0.9130434782608695,0.6953339432753889,0.9973753280839895,0.8194070080862533,23.0,Oxytropis.campestris,0.6083774215362583,opth,2,False,mlp1,bce,msle
366,0.893858845096242,0.1585741216396235,0.76,0.8313473877176902,0.9934282584884995,0.9051896207584831,25.0,Oxytropis.helvetica,0.5913473877176902,opth,2,False,mlp1,bce,msle
367,0.9928251121076234,0.1111111111111111,1.0,0.8663677130044843,1.0,0.9283998077847189,1.0,Oxytropis.pilosa,0.8663677130044842,opth,2,False,mlp1,bce,msle
368,0.8254540770320752,0.051178726296397074,0.42857142857142855,0.8259693417493237,0.9956521739130435,0.9029078363725973,7.0,Papaver.rhoeas,0.2545407703207523,opth,2,False,mlp1,bce,msle
369,0.8849033319621555,0.1320681522503162,0.6363636363636364,0.8787330316742081,0.9958974358974358,0.9336538461538462,11.0,Paradisea.liliastrum,0.5150966680378444,opth,2,False,mlp1,bce,msle
370,0.8233730878921441,0.18682534814909738,0.7142857142857143,0.7749546279491834,0.9953379953379954,0.8714285714285714,14.0,Parnassia.palustris,0.48924034223489765,opth,2,False,mlp1,bce,msle
371,0.9014190821256038,0.06929763996882013,1.0,0.6820652173913043,1.0,0.8109854604200323,12.0,Pastinaca.sativa,0.6820652173913042,opth,2,False,mlp1,bce,msle
372,0.9617805755395683,0.06885874542124543,0.75,0.9253597122302158,0.9990291262135922,0.9607843137254902,4.0,Pedicularis.foliosa,0.675359712230216,opth,2,False,mlp1,bce,msle
373,0.9270105544819385,0.2084021538362442,0.9354838709677419,0.8294930875576036,0.9977827050997783,0.9058882737795672,31.0,Pedicularis.gyroflexa,0.7649769585253456,opth,2,False,mlp1,bce,msle
374,0.7162501254642175,0.0510895233954387,0.2222222222222222,0.8599819331526649,0.9927007299270073,0.9215876089060987,9.0,Pedicularis.tuberosa,0.08220415537488712,opth,2,False,mlp1,bce,msle
375,0.8601047033405351,0.15316438623417253,0.6363636363636364,0.8455210237659964,0.9914255091103966,0.9126788357178096,22.0,Pedicularis.verticillata,0.4818846601296327,opth,2,False,mlp1,bce,msle
376,0.867059891107078,0.09363579408371106,0.7857142857142857,0.7885662431941923,0.9965596330275229,0.8804457953394124,14.0,Petrorhagia.prolifera,0.574280528908478,opth,2,False,mlp1,bce,msle
377,0.8932376603609481,0.14867470806511024,0.6190476190476191,0.9415525114155251,0.9923002887391723,0.9662605435801312,21.0,Petrorhagia.saxifraga,0.5606001304631443,opth,2,False,mlp1,bce,msle
378,0.8734494773519164,0.39066695709872207,0.7252747252747253,0.8195121951219512,0.9710982658959537,0.8888888888888888,91.0,Phleum.alpinum,0.5447869203966764,opth,2,False,mlp1,bce,msle
379,0.9839339339339339,0.25458089668615985,1.0,0.9387387387387387,1.0,0.9684014869888475,6.0,Phleum.hirsutum,0.9387387387387387,opth,2,False,mlp1,bce,msle
380,0.8296699969724494,0.12644385426499796,0.6,0.8256130790190735,0.9934426229508196,0.9017857142857143,15.0,Phleum.phleoides,0.4256130790190735,opth,2,False,mlp1,bce,msle
381,0.8968812706186443,0.17892146812204912,0.7037037037037037,0.8585858585858586,0.9915164369034994,0.9202755905511811,27.0,Phyteuma.betonicifolium,0.5622895622895623,opth,2,False,mlp1,bce,msle
382,0.9344445219331892,0.1559181091683902,0.7692307692307693,0.8495013599274706,0.9968085106382979,0.9172785119921684,13.0,Phyteuma.hemisphaericum,0.6187321291582397,opth,2,False,mlp1,bce,msle
383,0.8500243338001451,0.3462896815238594,0.7474747474747475,0.8387413962635202,0.9715261958997722,0.9002638522427441,99.0,Phyteuma.orbiculare,0.5862161437382678,opth,2,False,mlp1,bce,msle
384,0.8981149012567324,0.012851618773220108,0.0,0.9156193895870736,0.9980430528375733,0.9550561797752809,2.0,Phyteuma.ovatum,-0.08438061041292644,opth,2,False,mlp1,bce,msle
385,0.8893442622950819,0.2701082411650997,0.7777777777777778,0.855191256830601,0.9957582184517497,0.9201371876531113,18.0,Phyteuma.spicatum,0.6329690346083789,opth,2,False,mlp1,bce,msle
386,0.8373789206642066,0.21271207105349477,0.84375,0.6365313653136532,0.9928057553956835,0.7757166947723441,32.0,Picris.hieracioides,0.4802813653136533,opth,2,False,mlp1,bce,msle
387,0.8633011761596405,0.2550783282616808,0.6857142857142857,0.8825161887141536,0.9886010362694301,0.9325513196480938,35.0,Pimpinella.major,0.5682304744284394,opth,2,False,mlp1,bce,msle
388,0.8291978776529338,0.16522244959955606,0.6666666666666666,0.800561797752809,0.981630309988519,0.8818978855079939,48.0,Pimpinella.saxifraga,0.46722846441947574,opth,2,False,mlp1,bce,msle
389,0.9240416970609688,0.643333955300928,0.9395604395604396,0.7751605995717344,0.9850340136054422,0.8675853804673457,182.0,Plantago.alpina,0.7147210391321739,opth,2,False,mlp1,bce,msle
390,0.8560991519895629,0.15872505249293434,0.7142857142857143,0.771689497716895,0.9929494712103408,0.868448098663926,21.0,Plantago.atrata,0.4859752120026093,opth,2,False,mlp1,bce,msle
391,0.8629488910945865,0.6426789505447246,0.8708609271523179,0.7027027027027027,0.9361702127659575,0.8028070175438596,302.0,Plantago.lanceolata,0.5735636298550206,opth,2,False,mlp1,bce,msle
392,0.7620419702076764,0.07568912321539883,0.6470588235294118,0.7024029574861368,0.9844559585492227,0.819848975188781,34.0,Plantago.major,0.3494617810155485,opth,2,False,mlp1,bce,msle
393,0.8475402990060971,0.5198093781589064,0.7333333333333333,0.8110749185667753,0.934918648310388,0.8686046511627907,195.0,Plantago.media,0.5444082519001086,opth,2,False,mlp1,bce,msle
394,0.8959479178358963,0.4333055089291826,0.7966101694915254,0.8315988647114475,0.9865319865319865,0.9024640657084189,59.0,Plantago.maritima,0.6282090342029729,opth,2,False,mlp1,bce,msle
395,0.7213690655425072,0.014882666695068627,0.8888888888888888,0.5862691960252936,0.9984615384615385,0.7387592487194081,9.0,Platanthera.bifolia,0.4751580849141823,opth,2,False,mlp1,bce,msle
396,0.9193955199273733,0.7224205516538162,0.9139784946236559,0.7968936678614098,0.9652677279305355,0.8730366492146597,279.0,Poa.alpina,0.7108721624850656,opth,2,False,mlp1,bce,msle
397,0.7208745133273435,0.024088374088374085,0.3333333333333333,0.9398023360287511,0.9980916030534351,0.968070337806571,3.0,Poa.annua,0.27313566936208433,opth,2,False,mlp1,bce,msle
398,0.8675651998113081,0.29333547184228836,0.7464788732394366,0.7942583732057417,0.9787735849056604,0.8769149498151083,71.0,Poa.bulbosa,0.5407372464451783,opth,2,False,mlp1,bce,msle
399,0.835135135135135,0.09881976559262994,0.16666666666666666,0.9144144144144144,0.9950980392156863,0.9530516431924883,6.0,Poa.cenisia,0.08108108108108114,opth,2,False,mlp1,bce,msle
400,0.8962760574782432,0.09609737937436118,0.3333333333333333,0.9089253187613844,0.9881188118811881,0.9468690702087287,18.0,Poa.chaixii,0.24225865209471764,opth,2,False,mlp1,bce,msle
401,0.8060694945848375,0.06210992138588954,0.625,0.855595667870036,0.9968454258675079,0.9208353569694027,8.0,Poa.compressa,0.48059566787003605,opth,2,False,mlp1,bce,msle
402,0.8435210278028705,0.09692387336386256,0.5555555555555556,0.9250225835591689,0.9961089494163424,0.9592505854800937,9.0,Poa.nemoralis,0.4805781391147246,opth,2,False,mlp1,bce,msle
403,0.8276565255731921,0.5135597288526579,0.8333333333333334,0.6944444444444444,0.9345794392523364,0.796812749003984,252.0,Poa.pratensis,0.5277777777777777,opth,2,False,mlp1,bce,msle
404,0.8447447447447447,0.07155671179640981,0.5,0.8468468468468469,0.9968186638388123,0.9157330735509012,6.0,Poa.supina,0.34684684684684686,opth,2,False,mlp1,bce,msle
405,0.8253977272727273,0.08576901748471519,0.6875,0.8281818181818181,0.9945414847161572,0.9037698412698413,16.0,Polygala.alpestris,0.5156818181818181,opth,2,False,mlp1,bce,msle
406,,-0.0,0.0,0.9408602150537635,1.0,0.9695290858725761,0.0,Polygala.amarella,-0.05913978494623651,opth,2,False,mlp1,bce,msle
407,0.86597844583097,0.29748631694748384,0.4878048780487805,0.9311627906976744,0.9794520547945206,0.9546971864568431,41.0,Polygala.comosa,0.41896766874645497,opth,2,False,mlp1,bce,msle
408,0.7452922577576317,0.05886369726194687,0.7878787878787878,0.6343490304709142,0.9899135446685879,0.7732132808103546,33.0,Polygala.vulgaris,0.42222781834970213,opth,2,False,mlp1,bce,msle
409,0.6488309352517986,0.008595436327325262,0.25,0.8552158273381295,0.9968553459119497,0.920619554695063,4.0,Polygonum.aviculare,0.1052158273381294,opth,2,False,mlp1,bce,msle
410,0.8912933697718631,0.39441864711055974,0.765625,0.8479087452471483,0.9834619625137817,0.9106687085247576,64.0,Polygonum.bistorta,0.6135337452471483,opth,2,False,mlp1,bce,msle
411,0.8785844501379583,0.4763162646491207,0.7906976744186046,0.7796610169491526,0.9533678756476683,0.8578088578088578,172.0,Polygonum.viviparum,0.5703586913677572,opth,2,False,mlp1,bce,msle
412,0.8619604316546762,0.02108173184204112,0.0,0.9748201438848921,0.9963235294117647,0.9854545454545455,4.0,Polystichum.lonchitis,-0.025179856115107868,opth,2,False,mlp1,bce,msle
413,0.8978504389948532,0.26962631608642373,0.8,0.8001816530426885,0.996606334841629,0.8876574307304785,15.0,Potentilla.argentea,0.6001816530426884,opth,2,False,mlp1,bce,msle
414,0.8814089016970862,0.34792311494155786,0.7733333333333333,0.813640730067243,0.9803240740740741,0.8892388451443569,75.0,Potentilla.aurea,0.5869740634005765,opth,2,False,mlp1,bce,msle
415,0.8555430946333741,0.36999487046776375,0.6721311475409836,0.7907444668008048,0.9515738498789347,0.8637362637362638,122.0,Potentilla.crantzii,0.4628756143417885,opth,2,False,mlp1,bce,msle
416,0.8758289970411183,0.21475762262596992,0.8518518518518519,0.7079889807162535,0.9948387096774194,0.8272532188841202,27.0,Potentilla.erecta,0.5598408325681055,opth,2,False,mlp1,bce,msle
417,0.8764991156501397,0.26539870362452556,0.8470588235294118,0.7953443258971872,0.9843937575030012,0.8798283261802575,85.0,Potentilla.grandiflora,0.6424031494265989,opth,2,False,mlp1,bce,msle
418,0.8149287253523264,0.30254799118071,0.5463917525773195,0.8596663395485771,0.9521739130434783,0.9035585353274884,97.0,Potentilla.neumanniana,0.4060580921258965,opth,2,False,mlp1,bce,msle
419,0.9644590703414233,0.5517960820055289,0.8181818181818182,0.9457013574660633,0.9980897803247374,0.9711895910780669,11.0,Potentilla.pusilla,0.7638831756478814,opth,2,False,mlp1,bce,msle
420,0.8440884476534296,0.02619614697340486,0.875,0.7211191335740073,0.99875,0.8375262054507338,8.0,Potentilla.recta,0.5961191335740073,opth,2,False,mlp1,bce,msle
421,0.869296640562102,0.3029163057531279,0.8461538461538461,0.7069457659372027,0.9867197875166003,0.8237250554323725,65.0,Potentilla.reptans,0.553099612091049,opth,2,False,mlp1,bce,msle
422,0.9587758775877588,0.15139771460423637,1.0,0.765976597659766,1.0,0.8674821610601428,5.0,Potentilla.rupestris,0.7659765976597659,opth,2,False,mlp1,bce,msle
423,0.9730774185237666,0.24457958267482074,1.0,0.8620378719567178,1.0,0.92590799031477,7.0,Potentilla.thuringiaca,0.8620378719567179,opth,2,False,mlp1,bce,msle
424,0.7663971248876909,0.017172364672364673,0.3333333333333333,0.8742138364779874,0.997948717948718,0.9319923371647509,3.0,Primula.elatior,0.2075471698113207,opth,2,False,mlp1,bce,msle
425,0.8837679856115107,0.019368722223824512,1.0,0.8264388489208633,1.0,0.9049729197439685,4.0,Primula.farinosa,0.8264388489208634,opth,2,False,mlp1,bce,msle
426,0.8257830480052702,0.35137852436551553,0.7777777777777778,0.7157157157157157,0.9649122807017544,0.8218390804597702,117.0,Primula.veris,0.4934934934934936,opth,2,False,mlp1,bce,msle
427,0.8624847374847374,0.09292984851073713,0.75,0.8131868131868132,0.9932885906040269,0.8942598187311178,24.0,Prunella.grandiflora,0.5631868131868132,opth,2,False,mlp1,bce,msle
428,0.8580748175182481,0.07413731884760492,0.35,0.8832116788321168,0.9867482161060143,0.9321136254212807,20.0,Prunella.laciniata,0.2332116788321168,opth,2,False,mlp1,bce,msle
429,0.830483848496308,0.2027480372081166,0.7446808510638298,0.7605238540692236,0.9854545454545455,0.8585005279831045,47.0,Prunella.vulgaris,0.5052047051330533,opth,2,False,mlp1,bce,msle
430,0.8270670505964623,0.07262518465696756,0.09090909090909091,0.9710407239819004,0.9907663896583564,0.9808043875685558,11.0,Prunus.spinosa,0.061949814890991384,opth,2,False,mlp1,bce,msle
431,0.8659659090909091,0.12526717804965584,0.3125,0.9381818181818182,0.9894534995206136,0.9631357909472702,16.0,Veronica.spicata,0.25068181818181823,opth,2,False,mlp1,bce,msle
432,0.8853171315474546,0.3420857753856916,0.8431372549019608,0.739906103286385,0.9899497487437185,0.846856528747985,51.0,Pulsatilla.alpina,0.5830433581883456,opth,2,False,mlp1,bce,msle
433,0.9320155735250075,0.024739221861647984,0.3333333333333333,0.9523809523809523,0.9981167608286252,0.9747126436781609,3.0,Pulsatilla.halleri,0.2857142857142856,opth,2,False,mlp1,bce,msle
434,0.89956486541186,0.1258437459089848,0.6666666666666666,0.8460837887067395,0.9935828877005347,0.9139203148057059,18.0,Pulsatilla.vernalis,0.5127504553734061,opth,2,False,mlp1,bce,msle
435,0.7675359712230216,0.015162998796114963,0.25,0.9154676258992805,0.9970617042115573,0.9545241443975622,4.0,Ranunculus.aconitifolius,0.16546762589928043,opth,2,False,mlp1,bce,msle
436,0.8674035877983246,0.574063996872046,0.8070175438596491,0.7668918918918919,0.9393103448275862,0.8443893366398016,228.0,Ranunculus.acris,0.5739094357515411,opth,2,False,mlp1,bce,msle
437,0.8590629910835064,0.48526681291547435,0.8716577540106952,0.7298170075349839,0.9658119658119658,0.8313917841814837,187.0,Ranunculus.bulbosus,0.601474761545679,opth,2,False,mlp1,bce,msle
438,0.8667866786678669,0.05715813189750641,0.4,0.918991899189919,0.9970703125,0.956440281030445,5.0,Ranunculus.glacialis,0.318991899189919,opth,2,False,mlp1,bce,msle
439,0.8295761947700632,0.1899916807839772,0.7142857142857143,0.7944093778178539,0.9977349943374858,0.8845381526104418,7.0,Ranunculus.gramineus,0.5086950921035682,opth,2,False,mlp1,bce,msle
440,0.8959330143540669,0.2064379348155855,0.8421052631578947,0.8256029684601113,0.9933035714285714,0.9017223910840932,38.0,Ranunculus.kuepferi,0.6677082316180059,opth,2,False,mlp1,bce,msle
441,0.9015147460257988,0.13585011406657554,0.7647058823529411,0.8744313011828936,0.9958549222797928,0.9312015503875969,17.0,Ranunculus.montanus,0.6391371835358348,opth,2,False,mlp1,bce,msle
442,0.7543498168498168,0.12440902468634223,0.75,0.6913919413919414,0.9921156373193167,0.8148947652455477,24.0,Ranunculus.serpens,0.4413919413919414,opth,2,False,mlp1,bce,msle
443,0.9036942379182156,0.46306960917227163,0.775,0.7565055762081785,0.9890643985419199,0.8572933122696156,40.0,Ranunculus.repens,0.5315055762081786,opth,2,False,mlp1,bce,msle
444,0.7073974243785565,0.3367274790439943,0.3333333333333333,0.8382749326145552,0.9978609625668449,0.9111328125,3.0,Reseda.lutea,0.17160826594788858,opth,2,False,mlp1,bce,msle
445,0.8217220362614887,0.5166439415655029,0.7880184331797235,0.710789766407119,0.9328467153284672,0.8068181818181818,217.0,Rhinanthus.alectorolophus,0.4988081995868425,opth,2,False,mlp1,bce,msle
446,0.8599459945994599,0.06820460861401023,0.6,0.81998199819982,0.9978094194961665,0.900197628458498,5.0,Rhinanthus.glacialis,0.4199819981998201,opth,2,False,mlp1,bce,msle
447,0.8233805668016194,0.16449332565604402,0.4230769230769231,0.8890977443609023,0.9692622950819673,0.9274509803921569,52.0,Rhinanthus.minor,0.3121746674378254,opth,2,False,mlp1,bce,msle
448,0.9174187725631768,0.2893045297474909,0.375,0.9747292418772563,0.9953917050691244,0.9849521203830369,8.0,Rhododendron.ferrugineum,0.3497292418772564,opth,2,False,mlp1,bce,msle
449,0.8394179032657881,0.5412951618392512,0.8540772532188842,0.6976217440543602,0.9476923076923077,0.8036529680365296,233.0,Rumex.acetosa,0.5516989972732445,opth,2,False,mlp1,bce,msle
450,0.6957417582417582,0.11236865135244622,0.5,0.8104395604395604,0.9866220735785953,0.889894419306184,24.0,Rumex.acetosella,0.31043956043956045,opth,2,False,mlp1,bce,msle
451,0.8863443895553987,0.19908426702232518,0.8461538461538461,0.7486238532110092,0.9951219512195122,0.8544502617801047,26.0,Rumex.crispus,0.5947776993648555,opth,2,False,mlp1,bce,msle
452,0.8546284542525144,0.2291590003332762,0.6578947368421053,0.8320964749536178,0.9857142857142858,0.9024144869215291,38.0,Rumex.obtusifolius,0.489991211795723,opth,2,False,mlp1,bce,msle
453,0.6735985533453888,0.018008346913174048,0.1,0.8860759493670886,0.9908998988877654,0.9355608591885441,10.0,Rumex.scutatus,-0.013924050632911467,opth,2,False,mlp1,bce,msle
454,0.9393349840820657,0.5472530639941292,0.8636363636363636,0.8861867704280155,0.9869989165763814,0.9338800615069195,88.0,Salix.herbacea,0.7498231340643793,opth,2,False,mlp1,bce,msle
455,0.898275686154474,0.16931132323057546,0.4444444444444444,0.9228650137741047,0.9852941176470589,0.9530583214793741,27.0,Salix.reticulata,0.367309458218549,opth,2,False,mlp1,bce,msle
456,0.8918968692449356,0.17084829263271578,0.6,0.8683241252302025,0.987434554973822,0.9240568348848603,30.0,Salix.retusa,0.4683241252302026,opth,2,False,mlp1,bce,msle
457,0.936093652545219,0.31577219787719574,0.8947368421052632,0.8413855970829535,0.9978378378378379,0.9129574678536103,19.0,Salix.serpyllifolia,0.7361224391882166,opth,2,False,mlp1,bce,msle
458,0.8871974581814784,0.6327934766446357,0.8414634146341463,0.7758620689655172,0.9453781512605042,0.8522727272727273,246.0,Salvia.pratensis,0.6173254835996635,opth,2,False,mlp1,bce,msle
459,0.8594534131446884,0.5528390304273018,0.8873873873873874,0.6823266219239373,0.9606299212598425,0.7979071288423807,222.0,Sanguisorba.minor,0.5697140093113249,opth,2,False,mlp1,bce,msle
460,0.895610051468362,0.2609347706071764,0.6,0.9291553133514986,0.9941690962099126,0.9605633802816902,15.0,Sanguisorba.officinalis,0.5291553133514986,opth,2,False,mlp1,bce,msle
461,0.9091262639357013,0.13498262222639076,0.8571428571428571,0.8448275862068966,0.9978563772775991,0.914987714987715,14.0,Saponaria.ocymoides,0.7019704433497536,opth,2,False,mlp1,bce,msle
462,0.8586336530982629,0.0676916387217957,0.5,0.9092558983666061,0.9930624380574826,0.9493131217432497,14.0,Saxifraga.aizoides,0.40925589836660614,opth,2,False,mlp1,bce,msle
463,0.8863683662851197,0.19787270558201403,0.5806451612903226,0.9133640552995391,0.9870517928286853,0.948779320248923,31.0,Saxifraga.granulata,0.49400921658986174,opth,2,False,mlp1,bce,msle
464,0.8235703413785606,0.06952645280005296,0.7142857142857143,0.7817351598173516,0.9930394431554525,0.8748083801737353,21.0,Saxifraga.oppositifolia,0.49602087410306606,opth,2,False,mlp1,bce,msle
465,0.8492924387476862,0.2035369740018119,0.6595744680851063,0.8325537885874649,0.9823399558498896,0.9012658227848102,47.0,Saxifraga.paniculata,0.4921282566725713,opth,2,False,mlp1,bce,msle
466,0.8367774782869122,0.013458059697821424,0.0,0.9847259658580413,0.997270245677889,0.9909584086799277,3.0,Saxifraga.tridactylites,-0.015274034141958714,opth,2,False,mlp1,bce,msle
467,0.7713405887190865,0.15004931775716357,0.6530612244897959,0.7403936269915652,0.9789343246592317,0.8431163287086446,49.0,Scabiosa.columbaria,0.39345485148136117,opth,2,False,mlp1,bce,msle
468,0.828926522807976,0.22821298836107023,0.6428571428571429,0.8078393881453155,0.9712643678160919,0.8820459290187892,70.0,Scabiosa.lucida,0.45069653100245843,opth,2,False,mlp1,bce,msle
469,0.9491906474820143,0.17477894486974066,1.0,0.8687050359712231,1.0,0.9297401347449471,4.0,Scabiosa.triandra,0.8687050359712232,opth,2,False,mlp1,bce,msle
470,0.9929429429429429,0.4516927516927517,1.0,0.8828828828828829,1.0,0.937799043062201,6.0,Scorzonera.humilis,0.8828828828828827,opth,2,False,mlp1,bce,msle
471,0.9018719806763286,0.09890759515649442,0.3333333333333333,0.9619565217391305,0.9925233644859813,0.9770009199632015,12.0,Scorzonera.laciniata,0.29528985507246386,opth,2,False,mlp1,bce,msle
472,0.8977456180811809,0.32587941563577244,0.8125,0.8265682656826568,0.9933481152993349,0.9023162134944612,32.0,Scutellaria.alpina,0.6390682656826567,opth,2,False,mlp1,bce,msle
473,0.843006416131989,0.1142532112634455,0.64,0.8203483043079743,0.9900442477876106,0.8972431077694235,25.0,Securigera.varia,0.46034830430797435,opth,2,False,mlp1,bce,msle
474,0.8406902815622161,0.10710475136433963,0.7333333333333333,0.7956403269754768,0.9954545454545455,0.8844018172640081,15.0,Sedum.acre,0.52897366030881,opth,2,False,mlp1,bce,msle
475,0.7746795295361438,0.14835946710498485,0.6,0.8353376503237743,0.9847328244274809,0.9039039039039038,35.0,Sedum.album,0.43533765032377425,opth,2,False,mlp1,bce,msle
476,0.9052235162842597,0.1262996538579836,0.6923076923076923,0.8803263825929284,0.9958974358974358,0.9345524542829644,13.0,Sedum.atratum,0.5726340749006207,opth,2,False,mlp1,bce,msle
477,0.8723083941605839,0.08245902850024134,0.55,0.8895985401459854,0.9908536585365854,0.9375,20.0,Sedum.montanum,0.43959854014598543,opth,2,False,mlp1,bce,msle
478,0.7457462912503785,0.057794729919857665,0.5333333333333333,0.8474114441416893,0.9925531914893617,0.9142577168054875,15.0,Sedum.rupestre,0.38074477747502256,opth,2,False,mlp1,bce,msle
479,0.8665077910174153,0.3322791228510542,0.52,0.8854262144821264,0.9877300613496932,0.9337844369260513,25.0,Sedum.sexangulare,0.40542621448212657,opth,2,False,mlp1,bce,msle
480,0.8697992700729926,0.22745907129559942,0.4,0.916970802919708,0.9882005899705014,0.9512541410317085,20.0,Selaginella.selaginoides,0.31697080291970803,opth,2,False,mlp1,bce,msle
481,0.8611627774291094,0.34402838488987125,0.6823529411764706,0.8108632395732299,0.9687137891077636,0.8827877507919747,85.0,Sempervivum.arachnoideum,0.4932161807497004,opth,2,False,mlp1,bce,msle
482,0.8761682242990655,0.24310406739745535,0.5217391304347826,0.8878504672897196,0.977366255144033,0.930460333006856,46.0,Sempervivum.montanum,0.4095895977245023,opth,2,False,mlp1,bce,msle
483,0.8589442698595808,0.20877823346539673,0.6956521739130435,0.848124428179323,0.9925053533190579,0.9146521953626048,23.0,Sempervivum.tectorum,0.5437766020923664,opth,2,False,mlp1,bce,msle
484,0.8795643682065216,0.3752982979890175,0.6956521739130435,0.8076171875,0.9672514619883041,0.8802554550292709,92.0,Senecio.doronicum,0.5032693614130435,opth,2,False,mlp1,bce,msle
485,0.8665461121157324,0.05740744370937777,0.9,0.72875226039783,0.9987608426270136,0.8426555148980659,10.0,Senecio.erucifolius,0.6287522603978299,opth,2,False,mlp1,bce,msle
486,0.9322478991596639,0.18703784568805296,1.0,0.7876838235294118,1.0,0.8812339331619538,28.0,Senecio.incanus,0.7876838235294117,opth,2,False,mlp1,bce,msle
487,0.9391672547635851,0.2650305295226945,0.8461538461538461,0.8724770642201835,0.9958115183246073,0.9300733496332518,26.0,Senecio.jacobaea,0.7186309103740296,opth,2,False,mlp1,bce,msle
488,0.8559082599301977,0.2603770005108068,0.8181818181818182,0.6773308957952467,0.9946308724832215,0.8058727569331158,22.0,Serratula.tinctoria,0.495512713977065,opth,2,False,mlp1,bce,msle
489,0.889733350508824,0.06642397310259929,0.5714285714285714,0.890892696122633,0.9969727547931383,0.940952380952381,7.0,Seseli.annuum,0.4623212675512045,opth,2,False,mlp1,bce,msle
490,0.8886039987215455,0.5491241697777542,0.8137931034482758,0.8135942327497425,0.966952264381885,0.883668903803132,145.0,Sesleria.caerulea,0.6273873361980185,opth,2,False,mlp1,bce,msle
491,0.9199817518248175,0.1385757700849845,0.85,0.8531021897810219,0.9968017057569296,0.9193706981317601,20.0,Sherardia.arvensis,0.7031021897810219,opth,2,False,mlp1,bce,msle
492,0.970773381294964,0.11704545454545454,1.0,0.9001798561151079,1.0,0.9474680548982489,4.0,Sideritis.hyssopifolia,0.9001798561151078,opth,2,False,mlp1,bce,msle
493,0.9540475092250923,0.3514357105567224,0.875,0.8708487084870848,0.9957805907172996,0.9291338582677166,32.0,Silaum.silaus,0.7458487084870848,opth,2,False,mlp1,bce,msle
494,0.9217352473765088,0.3897474366544714,0.863013698630137,0.8523489932885906,0.9888765294771968,0.9155509783728115,73.0,Silene.acaulis,0.7153626919187275,opth,2,False,mlp1,bce,msle
495,0.820814479638009,0.07639540891030822,0.6363636363636364,0.8733031674208145,0.9958720330237358,0.9305689488910318,11.0,Silene.dioica,0.5096668037844507,opth,2,False,mlp1,bce,msle
496,0.9618598671523464,0.3957858193163061,0.9743589743589743,0.8486536675951718,0.9989071038251366,0.9176706827309237,39.0,Silene.flos.cuculi,0.8230126419541461,opth,2,False,mlp1,bce,msle
497,0.9416817359855335,0.07628170518464382,1.0,0.7884267631103075,1.0,0.8816986855409504,10.0,Silene.flos.jovis,0.7884267631103075,opth,2,False,mlp1,bce,msle
498,0.8370317156236697,0.2558652665321974,0.7777777777777778,0.7480842911877394,0.9799247176913425,0.8484519282998371,72.0,Silene.nutans,0.5258620689655173,opth,2,False,mlp1,bce,msle
499,0.9148875424293372,0.21329310575563873,0.7586206896551724,0.8877644894204232,0.992798353909465,0.9373482272948033,29.0,Silene.otites,0.6463851790755957,opth,2,False,mlp1,bce,msle
500,0.897902097902098,0.08446791870608492,0.9090909090909091,0.7819004524886878,0.9988439306358381,0.8771573604060914,11.0,Silene.rupestris,0.6909913615795968,opth,2,False,mlp1,bce,msle
501,0.8031316871030196,0.432837039950367,0.7796610169491526,0.6523046092184369,0.9615952732644018,0.7773134328358209,118.0,Silene.vulgaris,0.4319656261675895,opth,2,False,mlp1,bce,msle
502,0.6567834681042228,0.00498999599839936,0.0,0.9982030548068284,0.9973070017953322,0.9977548271216884,3.0,Sinapis.arvensis,-0.0017969451931716396,opth,2,False,mlp1,bce,msle
503,0.8592007225107248,0.3348820801898238,0.6511627906976745,0.7941747572815534,0.964622641509434,0.8711395101171459,86.0,Soldanella.alpina,0.44533754797922787,opth,2,False,mlp1,bce,msle
504,0.8610611510791367,0.016395568142691462,0.0,0.9739208633093526,0.9963201471941122,0.984993178717599,4.0,Solidago.gigantea,-0.02607913669064743,opth,2,False,mlp1,bce,msle
505,0.884286189130796,0.18658020082858434,0.8181818181818182,0.8180987202925045,0.9955506117908788,0.8981435022579026,22.0,Solidago.virgaurea,0.6362805384743226,opth,2,False,mlp1,bce,msle
506,0.8145248967166775,0.08248443619869443,0.7619047619047619,0.7863013698630137,0.9942263279445728,0.8781234064252932,21.0,Stachys.officinalis,0.5482061317677756,opth,2,False,mlp1,bce,msle
507,0.8857518720906699,0.13115357420884216,0.8888888888888888,0.7969034608378871,0.9977194982896237,0.8860759493670886,18.0,Stachys.pradica,0.6857923497267759,opth,2,False,mlp1,bce,msle
508,0.8288064433210521,0.34392184927459396,0.7454545454545455,0.7530631479736098,0.982779827798278,0.8527214514407684,55.0,Stachys.recta,0.49851769342815544,opth,2,False,mlp1,bce,msle
509,0.8818933823529411,0.1778307214407066,0.8214285714285714,0.8189338235294118,0.9944196428571429,0.8981854838709677,28.0,Stellaria.graminea,0.6403623949579833,opth,2,False,mlp1,bce,msle
510,0.9656156156156155,0.1444732602341298,0.6666666666666666,0.9486486486486486,0.9981042654028436,0.9727482678983834,6.0,Stipa.capillata,0.6153153153153152,opth,2,False,mlp1,bce,msle
511,0.9129224853268569,0.344058202313361,0.7222222222222222,0.9225865209471766,0.9950884086444007,0.9574669187145558,18.0,Stipa.eriocaulis,0.6448087431693987,opth,2,False,mlp1,bce,msle
512,0.8582737609749076,0.11114674406698184,0.5263157894736842,0.9243391066545124,0.9912023460410557,0.9566037735849057,19.0,Succisa.pratensis,0.45065489612819665,opth,2,False,mlp1,bce,msle
513,0.9784366576819407,0.10811965811965812,1.0,0.9532794249775381,1.0,0.9760809567617296,3.0,Symphytum.officinale,0.9532794249775383,opth,2,False,mlp1,bce,msle
514,0.8829343155310007,0.13422342839487675,0.6,0.9005524861878453,0.9878787878787879,0.9421965317919075,30.0,Taraxacum.alpinum,0.5005524861878454,opth,2,False,mlp1,bce,msle
515,0.8224399728241357,0.5100180373969434,0.8375634517766497,0.661588683351469,0.95,0.7799871712636305,197.0,Taraxacum.officinale,0.49915213512811873,opth,2,False,mlp1,bce,msle
516,0.860611510791367,0.024725556474146322,0.5,0.8237410071942446,0.9978213507625272,0.9024630541871921,4.0,Tephroseris.integrifolia,0.3237410071942446,opth,2,False,mlp1,bce,msle
517,0.9760407307577119,0.17110603754439369,0.6666666666666666,0.9703504043126685,0.9990749306197965,0.9845031905195989,3.0,Teucrium.botrys,0.637017070979335,opth,2,False,mlp1,bce,msle
518,0.882643037568662,0.5019366770732631,0.7142857142857143,0.8595284872298625,0.9689922480620154,0.9109838625715773,98.0,Teucrium.chamaedrys,0.5738142015155767,opth,2,False,mlp1,bce,msle
519,0.83805292451909,0.20765283603124352,0.4473684210526316,0.9081632653061225,0.979,0.9422521655437921,38.0,Teucrium.montanum,0.3555316863587541,opth,2,False,mlp1,bce,msle
520,0.9416462707716089,0.3152366401738037,0.5714285714285714,0.9495040577096483,0.9971590909090909,0.9727482678983834,7.0,Thalictrum.alpinum,0.5209326291382197,opth,2,False,mlp1,bce,msle
521,0.9322262118491921,0.018928262748487468,1.0,0.8500897666068222,1.0,0.9189713731198448,2.0,Thalictrum.aquilegiifolium,0.8500897666068221,opth,2,False,mlp1,bce,msle
522,0.8992667130546486,0.09972977770920677,0.8235294117647058,0.8343949044585988,0.9967391304347826,0.9083704804358593,17.0,Thalictrum.minus,0.6579243162233046,opth,2,False,mlp1,bce,msle
523,0.8468974820143884,0.014625583205660257,1.0,0.72931654676259,1.0,0.843473738949558,4.0,Thalictrum.simplex,0.72931654676259,opth,2,False,mlp1,bce,msle
524,0.7955368153068937,0.1647634121243063,0.6086956521739131,0.8142726440988106,0.9899888765294772,0.893574297188755,23.0,Thesium.alpinum,0.4229682962727237,opth,2,False,mlp1,bce,msle
525,0.8358528880866426,0.02442322029241848,0.625,0.8185920577617328,0.9967032967032967,0.8989098116947473,8.0,Thesium.linophyllon,0.44359205776173294,opth,2,False,mlp1,bce,msle
526,0.8499548736462094,0.08980446180225413,0.875,0.7788808664259927,0.9988425925925926,0.8752535496957403,8.0,Thesium.pyrenaicum,0.6538808664259927,opth,2,False,mlp1,bce,msle
527,0.80475763016158,0.007415934889698008,0.5,0.8617594254937163,0.9989594172736732,0.9253012048192771,2.0,Tofieldia.calyculata,0.3617594254937164,opth,2,False,mlp1,bce,msle
528,0.9017373646209387,0.05323836183781034,0.75,0.8131768953068592,0.9977851605758582,0.8960716061660865,8.0,Tragopogon.dubius,0.5631768953068592,opth,2,False,mlp1,bce,msle
529,0.8491460905349795,0.5392029965422905,0.8518518518518519,0.6922222222222222,0.9511450381679389,0.8012861736334406,216.0,Tragopogon.pratensis,0.5440740740740742,opth,2,False,mlp1,bce,msle
530,0.8923863636363636,0.19673117154397615,0.875,0.79,0.9977037887485649,0.8817858954845256,16.0,Traunsteinera.globosa,0.665,opth,2,False,mlp1,bce,msle
531,0.8353066180935034,0.135545429150029,0.7777777777777778,0.7905282331511839,0.9954128440366973,0.8812182741116751,18.0,Trifolium.alpestre,0.5683060109289617,opth,2,False,mlp1,bce,msle
532,0.9001113871990403,0.2885682509742566,0.8909090909090909,0.76248821866164,0.992638036809816,0.8624733475479744,55.0,Trifolium.alpinum,0.6533973095707308,opth,2,False,mlp1,bce,msle
533,0.8480113636363636,0.16087492187003827,0.8125,0.7954545454545454,0.9965831435079726,0.884732052578362,16.0,Trifolium.arvense,0.6079545454545454,opth,2,False,mlp1,bce,msle
534,0.7791291291291291,0.07600088373494338,0.5,0.8675675675675676,0.9968944099378882,0.9277456647398844,6.0,Trifolium.aureum,0.3675675675675676,opth,2,False,mlp1,bce,msle
535,0.8681962481962482,0.28829224720176255,0.7121212121212122,0.8161904761904762,0.978310502283105,0.8899273104880582,66.0,Trifolium.badium,0.5283116883116885,opth,2,False,mlp1,bce,msle
536,0.8274880742719182,0.2225592422743051,0.6506024096385542,0.8092933204259438,0.9664739884393063,0.880927291886196,83.0,Trifolium.campestre,0.45989573006449813,opth,2,False,mlp1,bce,msle
537,0.9188072604862001,0.30950955424345117,0.9183673469387755,0.7947516401124649,0.9953051643192489,0.883793642522147,49.0,Trifolium.dubium,0.7131189870512404,opth,2,False,mlp1,bce,msle
538,0.8541290613718412,0.0825142990773256,0.75,0.8086642599277978,0.9977728285077951,0.8933200398803589,8.0,Trifolium.medium,0.5586642599277978,opth,2,False,mlp1,bce,msle
539,0.7943315614997715,0.3324859750305055,0.6527777777777778,0.7674897119341564,0.9371859296482412,0.8438914027149321,144.0,Trifolium.montanum,0.42026748971193406,opth,2,False,mlp1,bce,msle
540,0.810414774447472,0.05140215900637484,0.7333333333333333,0.7356948228882834,0.995085995085995,0.8459530026109661,15.0,Trifolium.ochroleucon,0.46902815622161675,opth,2,False,mlp1,bce,msle
541,0.7710529715762274,0.7178730479669069,0.7403100775193798,0.66,0.7471698113207547,0.7008849557522124,516.0,Trifolium.pratense,0.40031007751937997,opth,2,False,mlp1,bce,msle
542,0.7902609977773377,0.4233304021438359,0.8333333333333334,0.6296296296296297,0.9459901800327333,0.7560497056899934,198.0,Trifolium.repens,0.462962962962963,opth,2,False,mlp1,bce,msle
543,0.8857913669064749,0.5068770226537217,1.0,0.6519784172661871,1.0,0.789330430048993,4.0,Trifolium.rubens,0.6519784172661871,opth,2,False,mlp1,bce,msle
544,0.8547661870503598,0.27633200698757765,0.5,0.9550359712230215,0.9981203007518797,0.9761029411764706,4.0,Trifolium.scabrum,0.45503597122302164,opth,2,False,mlp1,bce,msle
545,0.9329873646209386,0.08128535793278022,0.125,0.9882671480144405,0.9936479128856625,0.9909502262443439,8.0,Trifolium.striatum,0.11326714801444049,opth,2,False,mlp1,bce,msle
546,0.895261281396339,0.3311647807066751,0.6944444444444444,0.853448275862069,0.9759036144578314,0.9105774144098109,72.0,Trifolium.thalii,0.5478927203065134,opth,2,False,mlp1,bce,msle
547,0.8370618081180812,0.2737871357454853,0.59375,0.9354243542435424,0.9873417721518988,0.9606821411653245,32.0,Trinia.glauca,0.5291743542435423,opth,2,False,mlp1,bce,msle
548,0.8276173285198556,0.04602967991178279,0.625,0.8167870036101083,0.9966960352422908,0.8978174603174603,8.0,Trisetum.distichophyllum,0.44178700361010836,opth,2,False,mlp1,bce,msle
549,0.8116788618714713,0.5931968607424057,0.7873754152823921,0.7030674846625767,0.8995290423861853,0.7892561983471075,301.0,Trisetum.flavescens,0.4904428999449688,opth,2,False,mlp1,bce,msle
550,0.8697866921362624,0.2494955966932808,0.8405797101449275,0.7870105062082139,0.9868263473053892,0.8756641870350691,69.0,Trollius.europaeus,0.6275902163531413,opth,2,False,mlp1,bce,msle
551,0.9164420485175202,0.03396554194426535,1.0,0.7807726864330637,1.0,0.8768920282542886,3.0,Turritis.glabra,0.7807726864330637,opth,2,False,mlp1,bce,msle
552,0.7188084366166557,0.06949247294529112,0.6190476190476191,0.7114155251141553,0.9898348157560356,0.8278427205100957,21.0,Tussilago.farfara,0.33046314416177447,opth,2,False,mlp1,bce,msle
553,0.7436652213691873,0.07246289696792914,0.391304347826087,0.8664226898444648,0.9854318418314256,0.9221032132424537,23.0,Urtica.dioica,0.25772703767055183,opth,2,False,mlp1,bce,msle
554,0.9122491764001198,0.038221740309026836,0.6666666666666666,0.889487870619946,0.9989909182643795,0.94106463878327,3.0,Valeriana.dioica,0.5561545372866128,opth,2,False,mlp1,bce,msle
555,0.8775469236173843,0.2532908394395595,0.6666666666666666,0.8202348690153568,0.9967069154774972,0.8999008919722498,9.0,Valeriana.montana,0.48690153568202343,opth,2,False,mlp1,bce,msle
556,0.8297917893271958,0.08563424355734639,0.7647058823529411,0.7170154686078253,0.9949494949494949,0.8334214701216288,17.0,Valeriana.officinalis,0.4817213509607665,opth,2,False,mlp1,bce,msle
557,0.877023381294964,0.01952746105971912,0.75,0.8758992805755396,0.9989743589743589,0.9333972208912314,4.0,Valerianella.dentata,0.6258992805755397,opth,2,False,mlp1,bce,msle
558,0.8608075288403157,0.11737558705105738,0.5,0.8506375227686703,0.9904559915164369,0.9152376286134248,18.0,Valerianella.locusta,0.35063752276867044,opth,2,False,mlp1,bce,msle
559,0.85884341594648,0.3329107464079977,0.6153846153846154,0.9090064995357474,0.9849094567404426,0.9454369869628199,39.0,Veratrum.album,0.5243911149203628,opth,2,False,mlp1,bce,msle
560,0.8232658072437078,0.10675339952333608,0.6,0.858195211786372,0.9872881355932204,0.9182266009852217,30.0,Verbascum.lychnitis,0.4581952117863719,opth,2,False,mlp1,bce,msle
561,0.6934470377019748,0.004255171936622154,0.0,0.8330341113105925,0.9978494623655914,0.9080234833659491,2.0,Verbascum.nigrum,-0.16696588868940754,opth,2,False,mlp1,bce,msle
562,0.754218729872472,0.023479516177028203,0.5714285714285714,0.7529305680793508,0.9964200477326969,0.8577298407806883,7.0,Verbascum.thapsus,0.32435913950792217,opth,2,False,mlp1,bce,msle
563,0.8433870363431997,0.0721837967742526,0.8823529411764706,0.7479526842584168,0.9975728155339806,0.8549141965678627,17.0,Verbena.officinalis,0.6303056254348873,opth,2,False,mlp1,bce,msle
564,0.9369054847196924,0.2673477605548819,0.7777777777777778,0.8615664845173042,0.9957894736842106,0.923828125,18.0,Veronica.aphylla,0.639344262295082,opth,2,False,mlp1,bce,msle
565,0.8469179620479665,0.4494321458759823,0.8201438848920863,0.6888433981576254,0.9641833810888252,0.8035820895522388,139.0,Veronica.arvensis,0.5089872830497117,opth,2,False,mlp1,bce,msle
566,0.8958469232441835,0.15034054777408506,0.3333333333333333,0.9579908675799087,0.9868297271872061,0.9721964782205746,21.0,Veronica.bellidioides,0.29132420091324196,opth,2,False,mlp1,bce,msle
567,0.8379148379148379,0.36735448946394583,0.7692307692307693,0.7497497497497497,0.9652061855670103,0.843943661971831,117.0,Veronica.chamaedrys,0.518980518980519,opth,2,False,mlp1,bce,msle
568,0.867059151119774,0.13994216239991772,0.6521739130434783,0.8408051235132662,0.9913700107874865,0.9099009900990099,23.0,Veronica.fruticans,0.49297903655674435,opth,2,False,mlp1,bce,msle
569,0.9363228699551569,0.013888888888888888,1.0,0.9049327354260089,1.0,0.9500941619585688,1.0,Veronica.fruticulosa,0.904932735426009,opth,2,False,mlp1,bce,msle
570,0.8414414414414415,0.026639963796676495,0.8333333333333334,0.7135135135135136,0.9987389659520807,0.8323699421965318,6.0,Veronica.officinalis,0.5468468468468468,opth,2,False,mlp1,bce,msle
571,0.878786496350365,0.30510620003005723,0.75,0.8257299270072993,0.9945054945054945,0.9022931206380858,20.0,Veronica.persica,0.5757299270072993,opth,2,False,mlp1,bce,msle
572,0.7542613636363636,0.03628398527523476,0.8125,0.6681818181818182,0.9959349593495935,0.7997823721436343,16.0,Veronica.serpyllifolia,0.4806818181818182,opth,2,False,mlp1,bce,msle
573,0.875155844851192,0.49518161266359845,0.7368421052631579,0.8199389623601221,0.9583828775267539,0.8837719298245614,133.0,Vicia.cracca,0.5567810676232798,opth,2,False,mlp1,bce,msle
574,0.9060799762152519,0.281524266995754,0.7096774193548387,0.8552995391705069,0.9903948772678762,0.9179030662710188,31.0,Vicia.hirsuta,0.5649769585253457,opth,2,False,mlp1,bce,msle
575,0.861687725631769,0.04990075481581793,0.5,0.9034296028880866,0.9960199004975124,0.9474680548982489,8.0,Vicia.onobrychioides,0.4034296028880866,opth,2,False,mlp1,bce,msle
576,0.8804510404153912,0.44893682098790755,0.6641221374045801,0.8568527918781725,0.9504504504504504,0.9012279765082755,131.0,Vicia.sativa,0.5209749292827528,opth,2,False,mlp1,bce,msle
577,0.8237965042476321,0.2443303760361839,0.4473684210526316,0.9564007421150278,0.9800380228136882,0.968075117370892,38.0,Vicia.sepium,0.40376916316765943,opth,2,False,mlp1,bce,msle
578,0.8864658273381295,0.1697622636338723,0.75,0.8246402877697842,0.9989106753812637,0.903448275862069,4.0,Vicia.tetrasperma,0.574640287769784,opth,2,False,mlp1,bce,msle
579,0.7784296028880866,0.02944947029843591,0.375,0.8673285198555957,0.994824016563147,0.926711668273867,8.0,Vincetoxicum.hirundinaria,0.24232851985559556,opth,2,False,mlp1,bce,msle
580,0.5915619389587073,0.003209838742600531,0.0,0.7324955116696589,0.9975550122249389,0.84472049689441,2.0,Viola.arvensis,-0.26750448833034113,opth,2,False,mlp1,bce,msle
581,0.7342342342342342,0.02444842452622776,0.5,0.918018018018018,0.99706457925636,0.9559099437148217,6.0,Viola.biflora,0.41801801801801797,opth,2,False,mlp1,bce,msle
582,0.8370247629568259,0.14665233043203785,0.5294117647058824,0.8657276995305164,0.9746300211416491,0.9169567379413227,51.0,Viola.calcarata,0.3951394642363988,opth,2,False,mlp1,bce,msle
583,0.7617441382147265,0.21272332287705914,0.45454545454545453,0.8316742081447964,0.9935135135135135,0.9054187192118227,11.0,Viola.hirta,0.2862196626902509,opth,2,False,mlp1,bce,msle
584,0.37365107913669066,0.003396791503415075,0.0,0.7598920863309353,0.9952885747938751,0.8618052014278429,4.0,Viola.rupestris,-0.2401079136690647,opth,2,False,mlp1,bce,msle
585,0.9222122302158274,0.02678265059730577,0.25,0.9253597122302158,0.997093023255814,0.9598880597014925,4.0,Vulpia.myuros,0.17535971223021596,opth,2,False,mlp1,bce,msle
586,0.9255845323741008,0.05731301219106097,1.0,0.8606115107913669,1.0,0.9250845819236346,4.0,Athamanta.cretensis,0.860611510791367,opth,2,False,mlp1,bce,msle
587,0.952680443246481,0.04395403308446787,0.6666666666666666,0.9137466307277629,0.9990176817288802,0.9544814641013608,3.0,Bupleurum.baldense,0.5804132973944296,opth,2,False,mlp1,bce,msle
588,0.7821013755820799,0.21618504538779224,0.4117647058823529,0.8971792538671519,0.9899598393574297,0.9412887828162291,17.0,Imperatoria.ostruthium,0.30894395974950495,opth,2,False,mlp1,bce,msle
589,0.8338098891136062,0.07279176147003019,0.6153846153846154,0.7932910244786945,0.9943181818181818,0.8825012607160867,13.0,Laserpitium.gallicum,0.40867563986331,opth,2,False,mlp1,bce,msle
590,0.9954995499549956,0.45460317460317456,0.8,0.9900990099009901,0.9990917347865577,0.9945750452079566,5.0,Oenanthe.silaifolia,0.7900990099009901,opth,2,False,mlp1,bce,msle
591,0.9687687687687687,0.2347461170848268,0.6666666666666666,0.9648648648648649,0.9981360671015843,0.9812185066422354,6.0,Seseli.galloprovinciale,0.6315315315315315,opth,2,False,mlp1,bce,msle
592,0.9769392033542977,0.41388888888888886,0.6666666666666666,0.9874213836477987,0.9990909090909091,0.9932218707636692,3.0,Torilis.leptophylla,0.6540880503144653,opth,2,False,mlp1,bce,msle
593,0.9907823741007193,0.38275978407557354,1.0,0.9532374100719424,1.0,0.9760589318600368,4.0,Achillea.ptarmica,0.9532374100719423,opth,2,False,mlp1,bce,msle
594,0.9901345291479821,0.08333333333333333,1.0,0.8932735426008969,1.0,0.9436286120322123,1.0,Artemisia.alba,0.8932735426008969,opth,2,False,mlp1,bce,msle
595,0.9105105105105106,0.15841845298256585,0.5,0.9432432432432433,0.9971428571428571,0.9694444444444444,6.0,Bombycilaena.erecta,0.44324324324324316,opth,2,False,mlp1,bce,msle
596,0.7792752321054208,0.06622326551904016,0.6666666666666666,0.9002695417789758,0.9990029910269193,0.947069943289225,3.0,Cacalia.alliariae,0.5669362084456424,opth,2,False,mlp1,bce,msle
597,0.9138086642599278,0.2760589925791922,0.875,0.7689530685920578,0.9988276670574443,0.8689444161142275,8.0,Cacalia.alpina,0.6439530685920578,opth,2,False,mlp1,bce,msle
598,0.9206384892086331,0.16964285714285712,0.75,0.9127697841726619,0.9990157480314961,0.9539473684210527,4.0,Carduus.nigrescens,0.6627697841726619,opth,2,False,mlp1,bce,msle
599,0.9428378217112853,0.4795211177146,0.6956521739130435,0.9505946935041171,0.9933078393881453,0.9714820009350164,23.0,Catananche.caerulea,0.6462468674171604,opth,2,False,mlp1,bce,msle
600,0.7637511271415689,0.04301360491010132,0.7142857142857143,0.7060414788097386,0.9974522292993631,0.8268215417106652,7.0,Centaurea.alpestris,0.42032719309545286,opth,2,False,mlp1,bce,msle
601,0.939715909090909,0.32007879336950995,0.8125,0.9081818181818182,0.9970059880239521,0.950523311132255,16.0,Centaurea.paniculata,0.7206818181818182,opth,2,False,mlp1,bce,msle
602,0.7388312274368231,0.08488900801858872,0.375,0.8916967509025271,0.9949647532729103,0.9405045216563541,8.0,Centaurea.triumfetti,0.2666967509025271,opth,2,False,mlp1,bce,msle
603,0.9103708791208791,0.37012638849206136,0.8269230769230769,0.8092105263157895,0.9896551724137931,0.890382626680455,52.0,Centaurea.uniflora,0.6361336032388665,opth,2,False,mlp1,bce,msle
604,0.9641764176417643,0.07869969324856543,1.0,0.9171917191719172,1.0,0.9568075117370892,5.0,Cirsium.ferox,0.9171917191719172,opth,2,False,mlp1,bce,msle
605,0.8990036231884058,0.24285154124434263,0.9166666666666666,0.7635869565217391,0.9988151658767772,0.8655030800821355,12.0,Cirsium.morisianum,0.6802536231884058,opth,2,False,mlp1,bce,msle
606,0.9948948948948949,0.4748677248677248,1.0,0.9171171171171171,1.0,0.956766917293233,6.0,Cirsium.rivulare,0.9171171171171171,opth,2,False,mlp1,bce,msle
607,0.8352835283528353,0.024974602608594833,0.6,0.8397839783978398,0.9978609625668449,0.9120234604105572,5.0,Crepis.albida,0.4397839783978399,opth,2,False,mlp1,bce,msle
608,0.9070803140096618,0.08765475196853006,0.8333333333333334,0.8306159420289855,0.9978237214363439,0.9065743944636678,12.0,Crepis.nicaeensis,0.6639492753623188,opth,2,False,mlp1,bce,msle
609,0.8262826282628263,0.21576051908943022,0.4,0.927992799279928,0.9970986460348162,0.9613053613053613,5.0,Doronicum.grandiflorum,0.3279927992799281,opth,2,False,mlp1,bce,msle
610,0.9360784189322083,0.3592160140193565,0.7241379310344828,0.9107635694572217,0.9919839679358717,0.9496402877697842,29.0,Echinops.ritro,0.6349015004917045,opth,2,False,mlp1,bce,msle
611,0.9807001795332136,0.12439024390243902,1.0,0.8186714542190305,1.0,0.9002961500493584,2.0,Erigeron.atticus,0.8186714542190305,opth,2,False,mlp1,bce,msle
612,0.9371633752244165,0.02601330913490623,0.5,0.9380610412926391,0.9990439770554493,0.9675925925925926,2.0,Filago.vulgaris,0.4380610412926391,opth,2,False,mlp1,bce,msle
613,0.9601677148846961,0.11238095238095237,0.6666666666666666,0.9442946990116802,0.9990494296577946,0.9709006928406466,3.0,Helichrysum.stoechas,0.6109613656783468,opth,2,False,mlp1,bce,msle
614,0.9964093357271095,0.6,1.0,0.9551166965888689,1.0,0.9770431588613406,2.0,Hieracium.glanduliferum,0.9551166965888689,opth,2,False,mlp1,bce,msle
615,0.8284741917186613,0.11849024441745071,0.7073170731707317,0.7841860465116279,0.9859649122807017,0.8735751295336788,41.0,Pilosella.peleteriana,0.4915031196823596,opth,2,False,mlp1,bce,msle
616,0.8169116679987456,0.3413510372947616,0.7010309278350515,0.7899901864573111,0.9652278177458034,0.868861305990286,97.0,Pilosella.officinarum,0.4910211142923626,opth,2,False,mlp1,bce,msle
617,0.8895731465574204,0.41041406299530475,0.8285714285714286,0.8667900092506938,0.9936373276776246,0.9258893280632411,35.0,Hieracium.rionii,0.6953614378221225,opth,2,False,mlp1,bce,msle
618,0.9335408237369021,0.3811065584875316,0.7111111111111111,0.930905695611578,0.9871287128712871,0.9581931763575204,45.0,Pilosella.corymbuloides,0.642016806722689,opth,2,False,mlp1,bce,msle
619,0.8593128390596745,0.06976036717804764,0.2,0.9629294755877035,0.9925442684063374,0.9775126204681046,10.0,Inula.montana,0.16292947558770354,opth,2,False,mlp1,bce,msle
620,0.9144619977086158,0.4051232851547292,0.8817204301075269,0.8455522971652004,0.9874429223744292,0.9110057925223802,93.0,Leontodon.pyrenaicus,0.7272727272727273,opth,2,False,mlp1,bce,msle
621,0.8572232645403377,0.32564013827129035,0.74,0.7889305816135085,0.9847775175644028,0.8760416666666667,50.0,Leucanthemum.adustum,0.5289305816135084,opth,2,False,mlp1,bce,msle
622,0.9440667986939999,0.2313000325226468,0.5294117647058824,0.9717925386715196,0.9925650557620818,0.9820689655172414,17.0,Leucanthemum.atratum,0.5012043033774018,opth,2,False,mlp1,bce,msle
623,0.9569359952017822,0.4510037637110079,0.9454545454545454,0.885956644674835,0.9968186638388123,0.93812375249501,55.0,Omalotheca.supina,0.8314111901293804,opth,2,False,mlp1,bce,msle
624,0.9411411411411411,0.10269799582072833,1.0,0.772972972972973,1.0,0.8719512195121951,6.0,Omalotheca.sylvatica,0.7729729729729731,opth,2,False,mlp1,bce,msle
625,0.9625636418089248,0.044980572874311016,1.0,0.9056603773584906,1.0,0.9504950495049505,3.0,Pulicaria.dysenterica,0.9056603773584906,opth,2,False,mlp1,bce,msle
626,0.9461548370475332,0.1984337364442895,1.0,0.7844905320108205,1.0,0.8792319353208691,7.0,Scorzonera.hispanica,0.7844905320108206,opth,2,False,mlp1,bce,msle
627,0.9954954954954955,0.49718196457326896,1.0,0.9126126126126126,1.0,0.9543099387658973,6.0,Senecio.aquaticus,0.9126126126126126,opth,2,False,mlp1,bce,msle
628,0.9964093357271095,0.3611111111111111,1.0,0.8895870736086176,1.0,0.9415676959619953,2.0,Senecio.vulgaris,0.8895870736086176,opth,2,False,mlp1,bce,msle
629,0.9878158844765343,0.6308837805977394,1.0,0.9512635379061372,1.0,0.9750231267345051,8.0,Serratula.lycopifolia,0.9512635379061372,opth,2,False,mlp1,bce,msle
630,0.8727517985611511,0.14894561598224196,0.75,0.9091726618705036,0.9990118577075099,0.9519774011299436,4.0,Serratula.nudicaulis,0.6591726618705036,opth,2,False,mlp1,bce,msle
631,0.8655234657039712,0.07592478226988836,0.75,0.7409747292418772,0.9975698663426489,0.8503366131538063,8.0,Sonchus.asper,0.49097472924187713,opth,2,False,mlp1,bce,msle
632,0.7853166029582848,0.1902507033373202,0.6363636363636364,0.8263254113345521,0.9912280701754386,0.901296111665005,22.0,Taraxacum.erythrospermum,0.4626890476981884,opth,2,False,mlp1,bce,msle
633,0.9649595687331536,0.047759365153460145,1.0,0.9236298292902066,1.0,0.9602989257356376,3.0,Taraxacum.palustre,0.9236298292902068,opth,2,False,mlp1,bce,msle
634,0.8604467509025271,0.031506625167108705,0.875,0.6841155234657039,0.9986824769433466,0.8119978575254418,8.0,Tolpis.staticifolia,0.5591155234657039,opth,2,False,mlp1,bce,msle
635,0.9544554455445545,0.1925963679900869,0.6,0.9612961296129613,0.9981308411214953,0.9793672627235214,5.0,Tragopogon.crocifolius,0.5612961296129613,opth,2,False,mlp1,bce,msle
636,0.9162408759124088,0.15342631565966505,0.8,0.8950729927007299,0.9959390862944163,0.9428159538683325,20.0,Cerinthe.minor,0.69507299270073,opth,2,False,mlp1,bce,msle
637,0.9784560143626571,0.05846153846153847,1.0,0.8967684021543986,1.0,0.9455750118315192,2.0,Cynoglossum.officinale,0.8967684021543985,opth,2,False,mlp1,bce,msle
638,0.7322392086330934,0.009331893675039265,0.0,0.9559352517985612,0.9962511715089035,0.9756769160165213,4.0,Lithospermum.arvense,-0.0440647482014388,opth,2,False,mlp1,bce,msle
639,0.9083522727272727,0.2686700461596301,0.8125,0.8736363636363637,0.9968879668049793,0.9312015503875969,16.0,Myosotis.decumbens,0.6861363636363635,opth,2,False,mlp1,bce,msle
640,0.7270927092709272,0.04147759569174024,0.2,0.8784878487848785,0.9959183673469387,0.9335246293639407,5.0,Myosotis.discolor,0.07848784878487858,opth,2,False,mlp1,bce,msle
641,0.9553555355535553,0.1823656278229449,1.0,0.7974797479747975,1.0,0.8873309964947421,5.0,Pulmonaria.angustifolia,0.7974797479747975,opth,2,False,mlp1,bce,msle
642,0.9700509134471399,0.11892321671967288,1.0,0.8984725965858041,1.0,0.9465215333648841,3.0,Alyssum.alpestre,0.8984725965858043,opth,2,False,mlp1,bce,msle
643,0.6981981981981982,0.020281623026093643,0.5,0.8495495495495495,0.9968287526427061,0.9173151750972762,6.0,Alyssum.montanum,0.34954954954954953,opth,2,False,mlp1,bce,msle
644,0.8169964028776979,0.02199076718065867,0.5,0.841726618705036,0.997867803837953,0.9131707317073171,4.0,Arabis.alpina,0.34172661870503607,opth,2,False,mlp1,bce,msle
645,0.9840377697841727,0.5547413793103448,1.0,0.8767985611510791,1.0,0.934355534259703,4.0,Arabis.auriculata,0.8767985611510791,opth,2,False,mlp1,bce,msle
646,0.9453453453453453,0.11391143142248208,0.6666666666666666,0.9297297297297298,0.9980657640232108,0.9626865671641791,6.0,Cardamine.bellidifolia,0.5963963963963965,opth,2,False,mlp1,bce,msle
647,0.9357466063348417,0.1261412763028178,0.6363636363636364,0.9158371040723982,0.9960629921259843,0.9542668552569543,11.0,Cardamine.resedifolia,0.5522007404360345,opth,2,False,mlp1,bce,msle
648,,-0.0,0.0,0.946236559139785,1.0,0.9723756906077348,0.0,Iberis.pinnata,-0.053763440860215006,opth,2,False,mlp1,bce,msle
649,0.7964986844768265,0.07662844936668921,0.7222222222222222,0.7194899817850637,0.9937106918238994,0.8346539883782356,18.0,Kandis.perfoliata,0.44171220400728606,opth,2,False,mlp1,bce,msle
650,0.8670309653916212,0.14143909704879917,0.7222222222222222,0.7823315118397086,0.9942129629629629,0.8756371049949032,18.0,Noccaea.brachypetala,0.5045537340619308,opth,2,False,mlp1,bce,msle
651,0.9385153429602888,0.13487519023401043,0.875,0.8853790613718412,0.9989816700610998,0.938755980861244,8.0,Pritzelago.alpina,0.7603790613718413,opth,2,False,mlp1,bce,msle
652,0.8682240191674153,0.09976029328821205,0.6666666666666666,0.9065588499550764,0.999009900990099,0.9505416862929816,3.0,Sisymbrium.austriacum,0.573225516621743,opth,2,False,mlp1,bce,msle
653,1.0,1.0,1.0,0.8771300448430494,1.0,0.9345437171524128,1.0,Campanula.alpestris,0.8771300448430495,opth,2,False,mlp1,bce,msle
654,0.9466421343146274,0.30279896535979633,0.7241379310344828,0.9420423183072677,0.9922480620155039,0.9664936290703162,29.0,Phyteuma.globulariifolium,0.6661802493417506,opth,2,False,mlp1,bce,msle
655,0.8480108499095842,0.1584471204441112,0.6,0.8182640144665461,0.9955995599559956,0.8982630272952854,10.0,Phyteuma.michelii,0.41826401446654593,opth,2,False,mlp1,bce,msle
656,0.8906850922364904,0.3583571791751864,0.6379310344827587,0.9054820415879017,0.9785495403472931,0.9405989199803633,58.0,Arenaria.gothica,0.5434130760706604,opth,2,False,mlp1,bce,msle
657,0.9654090243392146,0.22408525601314577,0.7692307692307693,0.9483227561196736,0.9971401334604385,0.9721189591078067,13.0,Cerastium.cerastoides,0.7175535253504428,opth,2,False,mlp1,bce,msle
658,0.9289131092945808,0.24004777783516984,0.9333333333333333,0.8455949137148048,0.9989270386266095,0.9158878504672897,15.0,Dianthus.hyssopifolius,0.778928247048138,opth,2,False,mlp1,bce,msle
659,0.9101077708451504,0.28700410061447823,0.8292682926829268,0.8548837209302326,0.9924406047516199,0.9185407296351824,41.0,Dianthus.pavonius,0.6841520136131594,opth,2,False,mlp1,bce,msle
660,0.9669449458483754,0.2754739391338013,0.75,0.9494584837545126,0.9981024667931688,0.973172987974098,8.0,Minuartia.hybrida,0.6994584837545126,opth,2,False,mlp1,bce,msle
661,0.8502697841726619,0.11071163577093368,0.5,0.9001798561151079,0.9980059820538385,0.9465721040189126,4.0,Minuartia.rupestris,0.40017985611510776,opth,2,False,mlp1,bce,msle
662,0.9327791158418148,0.3303633248964346,0.7540983606557377,0.8843601895734597,0.9841772151898734,0.9316025961058413,61.0,Minuartia.sedoides,0.6384585502291973,opth,2,False,mlp1,bce,msle
663,0.9016579423999362,0.3485575600037682,0.6595744680851063,0.8540692235734331,0.9827771797631862,0.913913913913914,47.0,Sagina.glabra,0.5136436916585394,opth,2,False,mlp1,bce,msle
664,0.9242314647377938,0.10361236586004294,0.7,0.8924050632911392,0.996969696969697,0.941793893129771,10.0,Sagina.saginoides,0.5924050632911393,opth,2,False,mlp1,bce,msle
665,0.874372686137392,0.09781471595803816,0.8181818181818182,0.7583710407239819,0.9976190476190476,0.8616966580976864,11.0,Silene.italica,0.5765528589058002,opth,2,False,mlp1,bce,msle
666,0.8415244101337392,0.11749465379620841,0.7941176470588235,0.7292051756007394,0.9912060301507538,0.8402555910543131,34.0,Silene.latifolia,0.523322822659563,opth,2,False,mlp1,bce,msle
667,0.9282511210762332,0.012345679012345678,0.0,0.9856502242152466,0.9990909090909091,0.9923250564334086,1.0,Silene.suecica,-0.014349775784753382,opth,2,False,mlp1,bce,msle
668,0.6833949047641894,0.060410064107415534,0.5263157894736842,0.7693710118505014,0.9894490035169988,0.8656410256410256,19.0,Chenopodium.bonus.henricus,0.29568680132418557,opth,2,False,mlp1,bce,msle
669,0.9261578604044357,0.3612702750029655,0.8095238095238095,0.8894977168949771,0.9959100204498977,0.9397009165460685,21.0,Helianthemum.apenninum,0.6990215264187867,opth,2,False,mlp1,bce,msle
670,0.8183712121212121,0.281508215457421,0.6666666666666666,0.84375,0.9780461031833151,0.9059481443823081,60.0,Helianthemum.oelandicum,0.5104166666666665,opth,2,False,mlp1,bce,msle
671,0.9860861759425493,0.15833333333333333,1.0,0.8572710951526032,1.0,0.9231512808119865,2.0,Convolvulus.cantabricus,0.8572710951526032,opth,2,False,mlp1,bce,msle
672,0.9324473444321835,0.20083975555853903,0.8421052631578947,0.9070191431175935,0.996993987975952,0.9498806682577565,19.0,Sedum.alpestre,0.749124406275488,opth,2,False,mlp1,bce,msle
673,0.7993418346359522,0.07112850499031738,0.5454545454545454,0.8407239819004525,0.9946466809421841,0.9112309955860716,11.0,Sedum.anacampseros,0.386178527354998,opth,2,False,mlp1,bce,msle
674,0.8808961550105965,0.170243690104554,0.5333333333333333,0.8891916439600364,0.9929006085192698,0.9381887877335889,15.0,Sedum.ochroleucum,0.4225249772933697,opth,2,False,mlp1,bce,msle
675,0.9758574007220217,0.27759707643103165,0.75,0.9584837545126353,0.9981203007518797,0.9779005524861878,8.0,Sedum.sediforme,0.7084837545126352,opth,2,False,mlp1,bce,msle
676,0.9709982014388489,0.1491477073608366,1.0,0.8947841726618705,1.0,0.9444708115804461,4.0,Sempervivum.calcareum,0.8947841726618706,opth,2,False,mlp1,bce,msle
677,0.9885341726618705,0.1561698717948718,1.0,0.9253597122302158,1.0,0.9612330686595049,4.0,Euphorbia.esula,0.925359712230216,opth,2,False,mlp1,bce,msle
678,0.9446234735413841,0.5218363351995109,0.7954545454545454,0.9169776119402985,0.9909274193548387,0.9525193798449613,44.0,Anthyllis.montana,0.712432157394844,opth,2,False,mlp1,bce,msle
679,0.9397897897897898,0.26398203246029334,0.5,0.9459459459459459,0.9971509971509972,0.970873786407767,6.0,Argyrolobium.zanonii,0.44594594594594605,opth,2,False,mlp1,bce,msle
680,0.8848011363636363,0.3242244155779378,0.7,0.853219696969697,0.9804134929270947,0.9124050632911392,60.0,Astragalus.danicus,0.553219696969697,opth,2,False,mlp1,bce,msle
681,0.9119084362139918,0.3608594695102057,0.8888888888888888,0.7962962962962963,0.9953703703703703,0.8847736625514403,36.0,Astragalus.sempervirens,0.6851851851851851,opth,2,False,mlp1,bce,msle
682,0.9620053956834532,0.2910643548282356,0.75,0.9280575539568345,0.9990319457889641,0.9622377622377623,4.0,Astragalus.vesicarius,0.6780575539568345,opth,2,False,mlp1,bce,msle
683,0.9738973897389739,0.11355760368663595,0.4,0.9792979297929792,0.997250229147571,0.9881925522252498,5.0,Bituminaria.bituminosa,0.37929792979297927,opth,2,False,mlp1,bce,msle
684,0.9879554351099067,0.5099479285334548,0.8888888888888888,0.975609756097561,0.9990749306197965,0.9872029250457038,9.0,Dorycnium.pentaphyllum,0.8644986449864498,opth,2,False,mlp1,bce,msle
685,0.9587073608617595,0.031471631205673756,1.0,0.8680430879712747,1.0,0.9293608841902932,2.0,Genista.cinerea,0.8680430879712748,opth,2,False,mlp1,bce,msle
686,0.9159172661870504,0.061928811928811923,1.0,0.8174460431654677,1.0,0.8995546759030183,4.0,Lathyrus.hirsutus,0.8174460431654675,opth,2,False,mlp1,bce,msle
687,0.9280190295815296,0.7016402675573401,0.8697916666666666,0.8625541125541125,0.9695863746958637,0.9129438717067583,192.0,Lotus.alpinus,0.732345779220779,opth,2,False,mlp1,bce,msle
688,0.8808876811594203,0.1267581576715371,0.6666666666666666,0.8414855072463768,0.9957127545551983,0.9121256750122729,12.0,Lotus.delortii,0.5081521739130435,opth,2,False,mlp1,bce,msle
689,0.9706498951781971,0.05594541910331384,1.0,0.9658580413297394,1.0,0.9826325411334552,3.0,Lotus.pedunculatus,0.9658580413297395,opth,2,False,mlp1,bce,msle
690,0.9702900732711031,0.20257365822583215,1.0,0.8644986449864499,1.0,0.9273255813953488,9.0,Medicago.arabica,0.8644986449864498,opth,2,False,mlp1,bce,msle
691,,-0.0,0.0,0.9946236559139785,1.0,0.9973045822102425,0.0,Melilotus.neapolitanus,-0.005376344086021501,opth,2,False,mlp1,bce,msle
692,0.898205085590826,0.15402391435809965,0.6818181818181818,0.8784277879341865,0.9927685950413223,0.9321047526673133,22.0,Ononis.cristata,0.5602459697523683,opth,2,False,mlp1,bce,msle
693,0.9033571547282698,0.15826698098127512,0.6363636363636364,0.9122486288848263,0.9920477137176938,0.9504761904761905,22.0,Oxytropis.lapponica,0.5486122652484626,opth,2,False,mlp1,bce,msle
694,0.8975476839237058,0.10795807785272703,0.6666666666666666,0.9191643960036331,0.9950835791543756,0.95561850802644,15.0,Trifolium.incarnatum,0.5858310626702998,opth,2,False,mlp1,bce,msle
695,0.8898295454545455,0.09065992879512172,0.6875,0.8445454545454546,0.9946466809421841,0.9134709931170109,16.0,Trifolium.pallescens,0.5320454545454547,opth,2,False,mlp1,bce,msle
696,,-0.0,0.0,0.8727598566308243,1.0,0.9320574162679426,0.0,Vicia.pannonica,-0.12724014336917566,opth,2,False,mlp1,bce,msle
697,0.8662314749470713,0.2280728865372926,0.9230769230769231,0.655045871559633,0.9972067039106145,0.7906976744186046,26.0,Vicia.tenuifolia,0.5781227946365561,opth,2,False,mlp1,bce,msle
698,0.9384057971014492,0.0888082733552493,0.8333333333333334,0.9067028985507246,0.9980059820538385,0.9501661129568106,12.0,Gentiana.angustifolia,0.7400362318840581,opth,2,False,mlp1,bce,msle
699,0.8930304856771246,0.22074160350707472,0.8620689655172413,0.8058877644894205,0.9954545454545455,0.8906964921199797,29.0,Gentiana.brachyphylla,0.6679567300066618,opth,2,False,mlp1,bce,msle
700,0.8127256317689531,0.019746134486407323,0.0,0.9314079422382672,0.9923076923076923,0.9608938547486033,8.0,Gentiana.orbicularis,-0.06859205776173283,opth,2,False,mlp1,bce,msle
701,0.9486437613019891,0.24535615988889692,0.9,0.8616636528028933,0.9989517819706499,0.925242718446602,10.0,Gentiana.rostanii,0.7616636528028933,opth,2,False,mlp1,bce,msle
702,0.8337930930523523,0.25432837036519546,0.6349206349206349,0.8024691358024691,0.9735023041474654,0.8797501301405518,63.0,Gentianella.campestris,0.43738977072310403,opth,2,False,mlp1,bce,msle
703,0.7870619946091644,0.016241953397706153,0.6666666666666666,0.738544474393531,0.9987849331713244,0.8491735537190083,3.0,Gentianella.ciliata,0.40521114106019773,opth,2,False,mlp1,bce,msle
704,0.9245960502692999,0.030476190476190476,0.5,0.9057450628366248,0.999009900990099,0.9500941619585688,2.0,Gentianella.tenella,0.4057450628366248,opth,2,False,mlp1,bce,msle
705,0.8513938848920863,0.027759789008162433,0.0,0.9775179856115108,0.9963336388634281,0.9868361325465275,4.0,Hypericum.tetrapterum,-0.02248201438848918,opth,2,False,mlp1,bce,msle
706,0.9124049980677573,0.06997205472691698,0.2857142857142857,0.9666366095581606,0.9953574744661096,0.9807868252516011,7.0,Herniaria.incana,0.25235089527244625,opth,2,False,mlp1,bce,msle
707,0.9260257562144355,0.02279494424695409,0.6666666666666666,0.9137466307277629,0.9990176817288802,0.9544814641013608,3.0,Calamintha.nepeta,0.5804132973944296,opth,2,False,mlp1,bce,msle
708,0.9608108108108108,0.10526890695742751,0.8333333333333334,0.909009009009009,0.999009900990099,0.9518867924528301,6.0,Mentha.aquatica,0.7423423423423423,opth,2,False,mlp1,bce,msle
709,0.8166538810237813,0.051826324429373224,0.6153846153846154,0.8694469628286491,0.9948132780082988,0.9279148524431543,13.0,Mentha.longifolia,0.4848315782132646,opth,2,False,mlp1,bce,msle
710,0.8556053811659192,0.006172839506172839,1.0,0.7730941704035874,1.0,0.8720283257460799,1.0,Nepeta.nepetella,0.7730941704035874,opth,2,False,mlp1,bce,msle
711,0.8846499102333931,0.011279541656719981,0.5,0.881508078994614,0.9989827060020345,0.9365760610395804,2.0,Prunella.hyssopifolia,0.38150807899461414,opth,2,False,mlp1,bce,msle
712,0.9667863554757631,0.039230769230769236,1.0,0.9515260323159784,1.0,0.9751609935602575,2.0,Teucrium.polium,0.9515260323159784,opth,2,False,mlp1,bce,msle
713,0.992512728361785,0.3416666666666667,1.0,0.9604672057502246,1.0,0.9798350137488543,3.0,Linum.bienne,0.9604672057502246,opth,2,False,mlp1,bce,msle
714,0.8549726277372263,0.08794071483904932,0.5,0.8759124087591241,0.9896907216494846,0.9293320425943853,20.0,Linum.suffruticosum,0.37591240875912413,opth,2,False,mlp1,bce,msle
715,0.9762978230065696,0.1739446017641506,1.0,0.8566275924256087,1.0,0.9227780475959203,7.0,Lythrum.salicaria,0.8566275924256086,opth,2,False,mlp1,bce,msle
716,0.9656025179856115,0.0599027409372237,1.0,0.697841726618705,1.0,0.8220338983050848,4.0,Althaea.hirsuta,0.6978417266187051,opth,2,False,mlp1,bce,msle
717,0.9133752244165171,0.015214624551660304,0.0,0.9631956912028725,0.998139534883721,0.9803563270899954,2.0,Epilobium.parviflorum,-0.03680430879712748,opth,2,False,mlp1,bce,msle
718,0.9011701170117012,0.034173061387912165,0.2,0.9603960396039604,0.996265172735761,0.9780018331805683,5.0,Plantago.sempervirens,0.16039603960396032,opth,2,False,mlp1,bce,msle
719,0.9311075121465056,0.45091293501101726,0.8260869565217391,0.87774594078319,0.9871106337271751,0.9292214357937311,69.0,Armeria.alpina,0.7038328973049293,opth,2,False,mlp1,bce,msle
720,0.8328186497123827,0.10634183897596612,0.4666666666666667,0.8792007266121707,0.9918032786885246,0.9321136254212807,15.0,Polygala.calcarea,0.3458673932788374,opth,2,False,mlp1,bce,msle
721,0.8787901008249311,0.27034208505838236,0.6,0.8680109990834097,0.9895506792058516,0.9248046875,25.0,Rumex.arifolius,0.4680109990834098,opth,2,False,mlp1,bce,msle
722,0.8244983528002396,0.01191174526868578,0.0,0.9604672057502246,0.9972014925373134,0.9784897025171625,3.0,Rumex.conglomeratus,-0.039532794249775405,opth,2,False,mlp1,bce,msle
723,0.766444369812407,0.06140827054926021,0.631578947368421,0.7602552415679125,0.9916765755053508,0.8606811145510835,19.0,Rumex.nebroides,0.3918341889363335,opth,2,False,mlp1,bce,msle
724,0.8555681818181818,0.14817524636281454,0.4375,0.9463636363636364,0.9914285714285714,0.9683720930232558,16.0,Rumex.pseudalpinus,0.3838636363636363,opth,2,False,mlp1,bce,msle
725,0.8823098075160404,0.10666649960235065,0.64,0.8606782768102658,0.990506329113924,0.9210397253555664,25.0,Androsace.adfinis,0.5006782768102658,opth,2,False,mlp1,bce,msle
726,0.902983114446529,0.30382089948732155,0.84,0.8358348968105066,0.9911012235817576,0.9068702290076336,50.0,Androsace.vitaliana,0.6758348968105066,opth,2,False,mlp1,bce,msle
727,0.5920792079207922,0.006713648104362188,0.2,0.7191719171917191,0.9950186799501868,0.8349007314524556,5.0,Primula.vulgaris,-0.0808280828082808,opth,2,False,mlp1,bce,msle
728,0.9286786786786786,0.12754107004107001,0.8333333333333334,0.8522522522522522,0.9989440337909187,0.9197860962566845,6.0,Aconitum.anthora,0.6855855855855855,opth,2,False,mlp1,bce,msle
729,0.9245894160583942,0.2719879376471924,0.7,0.8959854014598541,0.9939271255060729,0.9424184261036468,20.0,Anemone.baldensis,0.595985401459854,opth,2,False,mlp1,bce,msle
730,0.9670567056705671,0.08813940648723256,1.0,0.8937893789378938,1.0,0.9439163498098859,5.0,Anemone.narcissifolia,0.8937893789378939,opth,2,False,mlp1,bce,msle
731,0.9093357271095152,0.06065759637188208,0.5,0.9838420107719928,0.9990884229717412,0.9914066033469019,2.0,Caltha.palustris,0.48384201077199274,opth,2,False,mlp1,bce,msle
732,0.7707578502415457,0.04926941238334079,0.75,0.8097826086956522,0.9966555183946488,0.8935532233883059,12.0,Ranunculus.aduncus,0.5597826086956523,opth,2,False,mlp1,bce,msle
733,0.9546144505160898,0.3316824840875974,0.7777777777777778,0.8998178506375227,0.9959677419354839,0.9454545454545454,18.0,Ranunculus.carinthiacus,0.6775956284153004,opth,2,False,mlp1,bce,msle
734,0.852940230501206,0.3258232560152028,0.7472527472527473,0.8029268292682927,0.9728132387706856,0.8797434526990914,91.0,Ranunculus.sartorianus,0.55017957652104,opth,2,False,mlp1,bce,msle
735,0.9242356115107914,0.2200584685024519,0.75,0.8426258992805755,0.9989339019189766,0.9141463414634147,4.0,Reseda.phyteuma,0.5926258992805755,opth,2,False,mlp1,bce,msle
736,0.8933677383360066,0.05871187945402727,0.6923076923076923,0.8485947416137806,0.9957446808510638,0.9162995594713657,13.0,Alchemilla.fissa,0.540902433921473,opth,2,False,mlp1,bce,msle
737,0.8848553303825898,0.3980423642504332,0.7123287671232876,0.8600191754554171,0.9771241830065359,0.9148393676695563,73.0,Alchemilla.flabellata,0.5723479425787046,opth,2,False,mlp1,bce,msle
738,0.8678474495649011,0.22001614064500796,0.6666666666666666,0.8310249307479224,0.9879253567508233,0.9027081243731193,33.0,Alchemilla.glabra,0.497691597414589,opth,2,False,mlp1,bce,msle
739,0.910595021250759,0.13212152303971592,0.9444444444444444,0.7231329690346083,0.9987421383647799,0.8388800845219229,18.0,Alchemilla.glaucescens,0.6675774134790529,opth,2,False,mlp1,bce,msle
740,0.853236098450319,0.17079729831431364,0.8947368421052632,0.7164995442114859,0.9974619289340102,0.8339522546419098,19.0,Alchemilla.monticola,0.6112363863167491,opth,2,False,mlp1,bce,msle
741,0.9614079925650558,0.43093108878417835,0.825,0.9451672862453532,0.9931640625,0.9685714285714285,40.0,Alchemilla.pentaphyllea,0.770167286245353,opth,2,False,mlp1,bce,msle
742,0.9615158165176899,0.3215244657579518,0.7647058823529411,0.9363057324840764,0.9961277831558567,0.9652908067542214,17.0,Filipendula.ulmaria,0.7010116148370176,opth,2,False,mlp1,bce,msle
743,0.9640933572710952,0.05274725274725275,1.0,0.8599640933572711,1.0,0.9247104247104247,2.0,Potentilla.brauneana,0.859964093357271,opth,2,False,mlp1,bce,msle
744,0.9512140287769785,0.06849988821819808,1.0,0.7059352517985612,1.0,0.8276225619399051,4.0,Potentilla.neglecta,0.7059352517985613,opth,2,False,mlp1,bce,msle
745,0.946260872186798,0.4625315070137801,0.8571428571428571,0.8907882241215574,0.9904963041182682,0.938,63.0,Sibbaldia.procumbens,0.7479310812644147,opth,2,False,mlp1,bce,msle
746,0.855046421084157,0.016874236874236875,0.6666666666666666,0.8032345013477089,0.9988826815642458,0.8904382470119522,3.0,Galium.megalospermum,0.4699011680143754,opth,2,False,mlp1,bce,msle
747,0.8652263374485598,0.4486042813756876,0.7222222222222222,0.8210922787193974,0.9830890642615558,0.8948178553104156,54.0,Galium.obliquum,0.5433145009416196,opth,2,False,mlp1,bce,msle
748,0.9688529499850255,0.061723402690978604,1.0,0.8607367475292004,1.0,0.9251569290197972,3.0,Galium.palustre,0.8607367475292005,opth,2,False,mlp1,bce,msle
749,0.9555555555555555,0.074333186761442,1.0,0.8486486486486486,1.0,0.9181286549707602,6.0,Galium.pseudohelveticum,0.8486486486486486,opth,2,False,mlp1,bce,msle
750,0.9179395028451631,0.17997326147354345,0.3333333333333333,0.9802336028751123,0.9981701738334858,0.9891205802357208,3.0,Galium.uliginosum,0.31356693620844567,opth,2,False,mlp1,bce,msle
751,0.8446492805755396,0.013580445321078171,0.5,0.8588129496402878,0.9979101358411703,0.9231512808119865,4.0,Salix.foetida,0.35881294964028765,opth,2,False,mlp1,bce,msle
752,0.8884451887157027,0.10169490303110991,0.2857142857142857,0.981965734896303,0.9954296160877514,0.9886518384021789,7.0,Thesium.divaricatum,0.2676800206105887,opth,2,False,mlp1,bce,msle
753,0.8883363471971067,0.08257935752162825,0.6,0.8508137432188065,0.9957671957671957,0.9176011701608972,10.0,Saxifraga.bryoides,0.45081374321880663,opth,2,False,mlp1,bce,msle
754,0.8749265508268278,0.17369468336283103,0.7878787878787878,0.791320406278855,0.9918981481481481,0.8803287108371854,33.0,Saxifraga.exarata,0.5791991941576429,opth,2,False,mlp1,bce,msle
755,0.8890892696122633,0.18227732194029977,0.5714285714285714,0.872858431018936,0.9969104016477858,0.9307692307692308,7.0,Digitalis.grandiflora,0.4442870024475074,opth,2,False,mlp1,bce,msle
756,0.7733614373180768,0.06395002475605081,0.6666666666666666,0.7804878048780488,0.9965397923875432,0.8753799392097265,9.0,Euphrasia.officinalis,0.44715447154471555,opth,2,False,mlp1,bce,msle
757,0.9623123123123123,0.10182631726749374,0.8333333333333334,0.9423423423423424,0.9990448901623686,0.9698655540101994,6.0,Linaria.simplex,0.7756756756756757,opth,2,False,mlp1,bce,msle
758,,-0.0,0.0,0.8145161290322581,1.0,0.8977777777777778,0.0,Pedicularis.cenisia,-0.18548387096774188,opth,2,False,mlp1,bce,msle
759,0.9098611718843231,0.2276169222491826,0.782608695652174,0.8444647758462946,0.9946120689655172,0.9134092033646709,23.0,Pedicularis.comosa,0.6270734714984685,opth,2,False,mlp1,bce,msle
760,0.8401398916967509,0.026861045033734914,0.625,0.7996389891696751,0.9966254218222722,0.8873309964947421,8.0,Pedicularis.kerneri,0.42463898916967513,opth,2,False,mlp1,bce,msle
761,0.7810721772985924,0.011347619897848764,0.3333333333333333,0.9191374663072777,0.9980487804878049,0.9569691300280636,3.0,Pedicularis.rosea,0.25247079964061103,opth,2,False,mlp1,bce,msle
762,0.8819065077910175,0.11577436529066068,0.48,0.919340054995417,0.9872047244094488,0.9520645467489322,25.0,Pedicularis.rostratospicata,0.39934005499541714,opth,2,False,mlp1,bce,msle
763,0.8399639963996399,0.020732592809166464,0.2,0.9378937893789379,0.9961759082217974,0.9661566991191469,5.0,Verbascum.chaixii,0.13789378937893781,opth,2,False,mlp1,bce,msle
764,0.9066497412362073,0.18215505918008848,0.8421052631578947,0.8450834879406308,0.9934569247546347,0.9132832080200501,38.0,Veronica.allionii,0.6871887510985255,opth,2,False,mlp1,bce,msle
765,0.9387026691495965,0.3955032501054055,0.8571428571428571,0.87243947858473,0.9936373276776246,0.9291026276648487,42.0,Veronica.alpina,0.7295823357275872,opth,2,False,mlp1,bce,msle
766,0.8167883211678832,0.09098454727422907,0.5,0.8740875912408759,0.9896694214876033,0.9282945736434108,20.0,Veronica.austriaca,0.37408759124087587,opth,2,False,mlp1,bce,msle
767,0.8759759759759759,0.031001319383803027,1.0,0.7378378378378379,1.0,0.8491446345256609,6.0,Veronica.verna,0.7378378378378379,opth,2,False,mlp1,bce,msle
768,0.9664551223934723,0.4834641478512882,0.8461538461538461,0.9446962828649139,0.9980842911877394,0.9706567303213787,13.0,Valeriana.tuberosa,0.79085012901876,opth,2,False,mlp1,bce,msle
769,0.8634659090909091,0.24075602277784633,0.8125,0.8445454545454546,0.9967811158798283,0.9143700787401575,16.0,Viola.saxatilis,0.6570454545454547,opth,2,False,mlp1,bce,msle
770,0.9593075539568345,0.11968651503535224,1.0,0.8570143884892086,1.0,0.9230024213075061,4.0,Carex.acutiformis,0.8570143884892087,opth,2,False,mlp1,bce,msle
771,0.9928925992779783,0.5646004215083162,1.0,0.9169675090252708,1.0,0.9566854990583804,8.0,Carex.bicolor,0.9169675090252709,opth,2,False,mlp1,bce,msle
772,0.9838565022421525,0.05263157894736842,1.0,0.8134529147982063,1.0,0.897131552917903,1.0,Carex.cuprina,0.8134529147982064,opth,2,False,mlp1,bce,msle
773,0.9810810810810809,0.16485260770975055,0.6666666666666666,0.9837837837837838,0.9981718464351006,0.9909255898366606,6.0,Carex.disticha,0.6504504504504505,opth,2,False,mlp1,bce,msle
774,0.944623003118825,0.3648002222380867,0.8205128205128205,0.8867223769730733,0.9927234927234927,0.9367336929867582,39.0,Carex.foetida,0.7072351974858937,opth,2,False,mlp1,bce,msle
775,0.8921124206708976,0.1291575763404563,0.38461538461538464,0.9474161378059837,0.9924026590693258,0.9693877551020408,13.0,Carex.frigida,0.33203152242136835,opth,2,False,mlp1,bce,msle
776,0.9927992799279928,0.41264069264069264,0.6,0.9927992799279928,0.9981900452488688,0.9954873646209387,5.0,Carex.melanostachya,0.5927992799279926,opth,2,False,mlp1,bce,msle
777,0.9116456834532374,0.14231440609951845,0.75,0.8435251798561151,0.9989350372736954,0.9146757679180887,4.0,Carex.ovalis,0.593525179856115,opth,2,False,mlp1,bce,msle
778,0.8917417417417416,0.08351333926501794,1.0,0.6594594594594595,1.0,0.7947882736156352,6.0,Carex.paniculata,0.6594594594594594,opth,2,False,mlp1,bce,msle
779,0.9198879551820728,0.259136330508091,0.6888888888888889,0.876750700280112,0.9853095487932844,0.9278656126482213,45.0,Carex.parviflora,0.5656395891690009,opth,2,False,mlp1,bce,msle
780,0.6606660666066606,0.016429559609002834,0.2,0.90999099909991,0.9960591133004926,0.9510818438381938,5.0,Carex.viridula,0.10999099909990995,opth,2,False,mlp1,bce,msle
781,0.6461330935251799,0.006025281571993746,0.0,0.9064748201438849,0.9960474308300395,0.9491525423728814,4.0,Eleocharis.quinqueflora,-0.09352517985611508,opth,2,False,mlp1,bce,msle
782,0.6079136690647482,0.007156465043092647,0.0,0.9730215827338129,0.996316758747698,0.9845313921747043,4.0,Eriophorum.polystachion,-0.026978417266187105,opth,2,False,mlp1,bce,msle
783,0.9083751583470969,0.29441711318536556,0.8135593220338984,0.8372753074739829,0.9877232142857143,0.9062980030721967,59.0,Kobresia.myosuroides,0.6508346295078813,opth,2,False,mlp1,bce,msle
784,0.7652603231597845,0.02578972182932579,0.5,0.9766606822262118,0.9990817263544536,0.9877439854743532,2.0,Schoenus.nigricans,0.47666068222621183,opth,2,False,mlp1,bce,msle
785,0.9425493716337523,0.05378787878787879,0.5,0.9488330341113106,0.999054820415879,0.9732965009208103,2.0,Scirpoides.holoschoenus,0.4488330341113107,opth,2,False,mlp1,bce,msle
786,0.8214268579379168,0.053541386224847054,0.5263157894736842,0.8222424794895169,0.9901207464324918,0.898406374501992,19.0,Muscari.neglectum,0.3485582689632012,opth,2,False,mlp1,bce,msle
787,0.8868156934306569,0.14158846076550421,0.75,0.8558394160583942,0.9946977730646872,0.920058852378617,20.0,Crocus.vernus,0.6058394160583942,opth,2,False,mlp1,bce,msle
788,0.953015301530153,0.09151403021893308,0.8,0.918991899189919,0.9990215264187867,0.9573370839193625,5.0,Juncus.conglomeratus,0.7189918991899189,opth,2,False,mlp1,bce,msle
789,0.9280333925058772,0.2717259846424,1.0,0.7711941659070192,1.0,0.8708183221821925,19.0,Luzula.alpinopilosa,0.7711941659070192,opth,2,False,mlp1,bce,msle
790,0.9070313661364651,0.204052096784815,0.9354838709677419,0.7732718894009216,0.9976218787158145,0.8712357217030114,31.0,Luzula.nutans,0.7087557603686636,opth,2,False,mlp1,bce,msle
791,0.7820627802690582,0.004098360655737705,0.0,0.873542600896861,0.9989743589743589,0.9320574162679426,1.0,Gagea.fragifera,-0.12645739910313902,opth,2,False,mlp1,bce,msle
792,0.8898381294964028,0.0418805602124353,0.75,0.8489208633093526,0.9989417989417989,0.9178415167719981,4.0,Tulipa.australis,0.5989208633093526,opth,2,False,mlp1,bce,msle
793,0.8924050632911393,0.14782429111341297,0.9,0.7811934900542495,0.9988439306358381,0.8767123287671232,10.0,Dactylorhiza.latifolia,0.6811934900542496,opth,2,False,mlp1,bce,msle
794,0.921254512635379,0.06449734890749699,0.75,0.8592057761732852,0.9979035639412998,0.9233753637245393,8.0,Ophrys.fuciflora,0.6092057761732852,opth,2,False,mlp1,bce,msle
795,0.8306306306306307,0.021757939915793747,0.0,0.9423423423423424,0.9942965779467681,0.967622571692877,6.0,Orchis.purpurea,-0.057657657657657624,opth,2,False,mlp1,bce,msle
796,0.8554757630161579,0.009948807109050516,0.5,0.895870736086176,0.998998998998999,0.9446284902981543,2.0,Orchis.simia,0.39587073608617596,opth,2,False,mlp1,bce,msle
797,0.9403345307588685,0.47656955165143194,0.9264705882352942,0.8396946564885496,0.9943502824858758,0.9105018106570099,68.0,Alopecurus.alpinus,0.7661652447238438,opth,2,False,mlp1,bce,msle
798,0.9928925992779785,0.3547823295985061,1.0,0.9864620938628159,1.0,0.9931849159472966,8.0,Alopecurus.rendlei,0.9864620938628159,opth,2,False,mlp1,bce,msle
799,0.8087990651784738,0.40785381310261387,0.7433155080213903,0.7147470398277718,0.9325842696629213,0.8092626447288239,187.0,Avenula.pubescens,0.458062547849162,opth,2,False,mlp1,bce,msle
800,0.8249120816789562,0.16740059921107409,0.7560975609756098,0.7311627906976744,0.9874371859296482,0.8401924104756815,41.0,Avenula.versicolor,0.4872603516732843,opth,2,False,mlp1,bce,msle
801,0.7891770830580587,0.328574645834677,0.8037974683544303,0.6294363256784968,0.9511041009463722,0.757537688442211,158.0,Brachypodium.rupestre,0.43323379403292717,opth,2,False,mlp1,bce,msle
802,0.8868778280542987,0.13668166525057943,0.8181818181818182,0.8443438914027149,0.9978609625668449,0.9147058823529411,11.0,Bromus.commutatus,0.6625257095845332,opth,2,False,mlp1,bce,msle
803,0.980155109489051,0.40031500264020314,1.0,0.781021897810219,1.0,0.8770491803278688,20.0,Bromus.racemosus,0.781021897810219,opth,2,False,mlp1,bce,msle
804,0.7907179657636696,0.09764992665857745,0.6363636363636364,0.7541133455210237,0.9903961584633854,0.8562532433834976,22.0,Elytrigia.repens,0.39047698188466007,opth,2,False,mlp1,bce,msle
805,0.9403173004281037,0.3199867184769307,0.8787878787878788,0.8550323176361958,0.9956989247311828,0.920019870839543,33.0,Festuca.cinerea,0.7338201964240745,opth,2,False,mlp1,bce,msle
806,0.850514403292181,0.1754841672900806,0.5277777777777778,0.8787037037037037,0.9824016563146998,0.927663734115347,36.0,Festuca.marginata,0.40648148148148144,opth,2,False,mlp1,bce,msle
807,0.8615850352430868,0.36397086235797804,0.8363636363636363,0.7435387673956262,0.9765013054830287,0.8442437923250564,110.0,Festuca.pratensis,0.5799024037592626,opth,2,False,mlp1,bce,msle
808,0.9006827257503542,0.18358362878537127,0.8571428571428571,0.8602344454463481,0.9989528795811519,0.9244186046511628,7.0,Festuca.trichophylla,0.7173773025892052,opth,2,False,mlp1,bce,msle
809,0.9243322407420322,0.30968300134432575,0.8461538461538461,0.814143245693563,0.9977777777777778,0.8966550174737893,13.0,Gaudinia.fragilis,0.6602970918474091,opth,2,False,mlp1,bce,msle
810,0.9578774167009462,0.1310298840417783,1.0,0.8778280542986425,1.0,0.9349397590361446,11.0,Helictotrichon.parlatorei,0.8778280542986425,opth,2,False,mlp1,bce,msle
811,0.916377770774241,0.5647967914235857,0.9210526315789473,0.7704590818363274,0.9884763124199744,0.8659562535053281,114.0,Helictotrichon.sedenense,0.6915117134152746,opth,2,False,mlp1,bce,msle
812,0.9326291382197605,0.201223006558411,0.8571428571428571,0.8575293056807936,0.9989495798319328,0.9228529839883551,7.0,Helictotrichon.sempervirens,0.7146721628236508,opth,2,False,mlp1,bce,msle
813,0.9482913669064749,0.3207070707070707,0.5,0.9712230215827338,0.9981515711645101,0.9845031905195989,4.0,Hordeum.murinum,0.47122302158273377,opth,2,False,mlp1,bce,msle
814,0.9843843843843844,0.5668109668109668,1.0,0.9225225225225225,1.0,0.9597000937207123,6.0,Hordeum.secalinum,0.9225225225225224,opth,2,False,mlp1,bce,msle
815,0.8298922800718133,0.009846921224630203,0.5,0.8653500897666068,0.9989637305699481,0.9273689273689274,2.0,Koeleria.cenisia,0.3653500897666069,opth,2,False,mlp1,bce,msle
816,0.830590605958835,0.11950802412678561,0.47368421052631576,0.9288969917958068,0.9902818270165209,0.9586077140169332,19.0,Molinia.caerulea,0.40258120232212247,opth,2,False,mlp1,bce,msle
817,0.8155599348813298,0.1885041590406454,0.7818181818181819,0.6729500471253534,0.9834710743801653,0.7991046446558477,55.0,Phleum.pratense,0.4547682289435353,opth,2,False,mlp1,bce,msle
818,0.882711811515057,0.43918480517366476,0.9,0.7332657200811359,0.9823369565217391,0.8397212543554007,130.0,Poa.trivialis,0.6332657200811358,opth,2,False,mlp1,bce,msle
819,0.9721344765342961,0.18533019626769626,0.875,0.9187725631768953,0.9990186457311089,0.9572167371885284,8.0,Vulpia.bromoides,0.7937725631768953,opth,2,False,mlp1,bce,msle
820,0.9789378937893789,0.41254442075337594,0.6,0.9621962196219622,0.9981325863678805,0.9798350137488543,5.0,Vulpia.ciliata,0.5621962196219621,opth,2,False,mlp1,bce,msle
821,0.9670728545501686,0.37380388043881846,0.6428571428571429,0.9664246823956443,0.9953271028037384,0.9806629834254144,14.0,Equisetum.variegatum,0.6092818252527872,opth,2,False,mlp1,bce,msle
822,0.9445216049382716,0.3175125268423106,0.8055555555555556,0.8962962962962963,0.9928205128205129,0.9420924574209246,36.0,Pachypleurum.mutellinoides,0.7018518518518517,opth,2,False,mlp1,bce,msle
823,0.9916142557651992,0.16951566951566954,1.0,0.7762803234501348,1.0,0.874051593323217,3.0,Libanotis.pyrenaica,0.7762803234501348,opth,2,False,mlp1,bce,msle
824,0.8547216021153471,0.24651298073941613,0.6976744186046512,0.777260018639329,0.9846517119244392,0.86875,43.0,Alchemilla.alpigena,0.4749344372439803,opth,2,False,mlp1,bce,msle
825,0.9583709386281589,0.2083406473145254,0.75,0.9296028880866426,0.998062015503876,0.9626168224299065,8.0,Anacamptis.morio,0.6796028880866425,opth,2,False,mlp1,bce,msle
826,0.9733350508823908,0.3732883384782119,1.0,0.8999098286744815,1.0,0.9473184622686284,7.0,Mutellina.adonidifolia,0.8999098286744815,opth,2,False,mlp1,bce,msle
827,0.9159841179807147,0.35123240662303457,0.8048780487804879,0.8623255813953489,0.9914438502673797,0.9223880597014925,41.0,Avenula.pratensis,0.6672036301758366,opth,2,False,mlp1,bce,msle
828,0.883070228698644,0.14125441544057846,0.7777777777777778,0.8360655737704918,0.9956616052060737,0.9089108910891089,18.0,Gymnadenia.nigra,0.6138433515482697,opth,2,False,mlp1,bce,msle
829,0.9399103139013452,0.014705882352941176,0.0,0.9434977578475336,0.9990503323836657,0.9704797047970479,1.0,Murbeckiella.pinnatifida,-0.05650224215246635,opth,2,False,mlp1,bce,msle
830,0.9928122192273137,0.2846153846153846,1.0,0.9712488769092543,1.0,0.9854147675478578,3.0,Silene.conica,0.9712488769092542,opth,2,False,mlp1,bce,msle
