,auc,prauc,sensitivity,specificity,precision,f1,support,species,tss,postprocess,fold,prr,archi,species_loss,func_loss
0,0.7105968070288224,0.027166797625196037,0.47058823529411764,0.7550091074681239,0.9892601431980907,0.856404958677686,17.0,Aceras.anthropophorum,0.22559734276224153,opth,4,False,mlp1,bce,msle
1,0.8147650254859128,0.20349856831005256,0.5151515151515151,0.8613678373382625,0.9831223628691983,0.9182266009852217,33.0,Achillea.collina,0.37651935248977764,opth,4,False,mlp1,bce,msle
2,0.7115570641377761,0.4195845043041263,0.717391304347826,0.5721096543504172,0.8602150537634409,0.6871868289191124,276.0,Achillea.millefolium,0.2895009586982433,opth,4,False,mlp1,bce,msle
3,0.9217479674796748,0.06354438526039274,0.875,0.7949412827461608,0.9988649262202043,0.8853118712273642,8.0,Achillea.nana,0.6699412827461608,opth,4,False,mlp1,bce,msle
4,0.8816479687559826,0.31826114669307665,0.8979591836734694,0.7120075046904315,0.993455497382199,0.8295081967213115,49.0,Achillea.roseo.alba,0.609966688363901,opth,4,False,mlp1,bce,msle
5,0.7205284552845528,0.03092605488781169,0.625,0.7515808491418248,0.9964071856287425,0.8568486096807415,8.0,Achnatherum.calamagrostis,0.37658084914182477,opth,4,False,mlp1,bce,msle
6,0.7935832227627893,0.1300727888784259,0.803921568627451,0.6607142857142857,0.9859747545582047,0.7912211592571751,51.0,Acinos.alpinus,0.4646358543417368,opth,4,False,mlp1,bce,msle
7,0.7460183486238532,0.05922096695881185,0.64,0.7128440366972477,0.9885496183206107,0.8283582089552238,25.0,Acinos.arvensis,0.3528440366972476,opth,4,False,mlp1,bce,msle
8,0.6275831087151842,0.032475490196078434,0.5,0.6711590296495957,0.9986631016042781,0.8027941966684579,2.0,Aconitum.lycoctonum,0.17115902964959573,opth,4,False,mlp1,bce,msle
9,0.6126180429977899,0.011902825101883913,0.0,0.9593128390596745,0.991588785046729,0.9751838235294118,9.0,Cacalia.leucophylla,-0.04068716094032554,opth,4,False,mlp1,bce,msle
10,,-0.0,0.0,0.5919282511210763,1.0,0.7436619718309859,0.0,Aegopodium.podagraria,-0.4080717488789237,opth,4,False,mlp1,bce,msle
11,0.8530407015537127,0.14225468336579922,0.9487179487179487,0.6319702602230484,0.9970674486803519,0.7736063708759955,39.0,Agrimonia.eupatoria,0.580688208940997,opth,4,False,mlp1,bce,msle
12,0.8630675009985355,0.19677901902393152,0.6190476190476191,0.8219944082013048,0.9821826280623608,0.8949771689497716,42.0,Agrostis.alpina,0.44104202724892394,opth,4,False,mlp1,bce,msle
13,0.7860693549669927,0.24803148058470473,0.7777777777777778,0.6692913385826772,0.9686609686609686,0.7916181606519208,99.0,Agrostis.capillaris,0.447069116360455,opth,4,False,mlp1,bce,msle
14,0.9012796208530806,0.30103123443320196,0.8166666666666667,0.8407582938388626,0.987750556792873,0.9083461341525858,60.0,Agrostis.rupestris,0.6574249605055291,opth,4,False,mlp1,bce,msle
15,0.5912233243162008,0.03404474270090612,0.3333333333333333,0.7709648331830478,0.9953434225844005,0.8689024390243902,6.0,Agrostis.agrostiflora,0.10429816651638113,opth,4,False,mlp1,bce,msle
16,0.7057463133264407,0.16054580588275186,0.5294117647058824,0.8695652173913043,0.9832635983263598,0.9229258713794797,34.0,Agrostis.stolonifera,0.3989769820971867,opth,4,False,mlp1,bce,msle
17,0.7408077154912598,0.1136695399844392,0.4444444444444444,0.8010849909584087,0.9943883277216611,0.8873309964947421,9.0,Ajuga.chamaepitys,0.2455294354028532,opth,4,False,mlp1,bce,msle
18,0.7157466063348417,0.019187864329913068,0.4,0.7692307692307693,0.9929906542056075,0.8669046404895462,10.0,Ajuga.genevensis,0.1692307692307693,opth,4,False,mlp1,bce,msle
19,0.8086486486486486,0.019506355357647477,0.4,0.8243243243243243,0.9967320261437909,0.9023668639053254,5.0,Ajuga.pyramidalis,0.22432432432432448,opth,4,False,mlp1,bce,msle
20,0.8571248025276461,0.2369270123529347,0.7666666666666667,0.7611374407582938,0.9828641370869033,0.8579059829059829,60.0,Ajuga.reptans,0.5278041074249606,opth,4,False,mlp1,bce,msle
21,0.889671922280618,0.10997722686379899,0.9130434782608695,0.6813186813186813,0.9973190348525469,0.809575625680087,23.0,Alchemilla.alpina,0.5943621595795507,opth,4,False,mlp1,bce,msle
22,0.743403312788906,0.1775928003427191,0.6779661016949152,0.7130681818181818,0.9753886010362695,0.8238512035010941,59.0,Alchemilla.xanthochlora,0.3910342835130969,opth,4,False,mlp1,bce,msle
23,0.8996905621454357,0.03289821132006778,1.0,0.6353790613718412,1.0,0.7770419426048565,7.0,Allium.lusitanicum,0.6353790613718413,opth,4,False,mlp1,bce,msle
24,0.6856060606060606,0.02277819078083421,0.45454545454545453,0.7318840579710145,0.9926289926289926,0.8425443169968717,11.0,Allium.oleraceum,0.186429512516469,opth,4,False,mlp1,bce,msle
25,0.612282309807516,0.033829061450910705,0.4166666666666667,0.7516040329972502,0.9832134292565947,0.8519480519480519,24.0,Allium.schoenoprasum,0.16827069966391694,opth,4,False,mlp1,bce,msle
26,0.8838883888388839,0.024489080713337007,1.0,0.44914491449144917,1.0,0.6198757763975156,4.0,Allium.scorodoprasum,0.4491449144914492,opth,4,False,mlp1,bce,msle
27,0.797141264532569,0.14227036097643517,0.6086956521739131,0.782967032967033,0.9895833333333334,0.8742331288343558,23.0,Allium.sphaerocephalon,0.39166268514094593,opth,4,False,mlp1,bce,msle
28,0.7796544610624032,0.061592758450984844,1.0,0.48646209386281586,1.0,0.6545233758348512,7.0,Allium.vineale,0.4864620938628159,opth,4,False,mlp1,bce,msle
29,0.888550135501355,0.20003517415424968,0.75,0.8906955736224029,0.9979757085020243,0.9412887828162291,8.0,Alopecurus.pratensis,0.6406955736224029,opth,4,False,mlp1,bce,msle
30,0.7603199174406605,0.15794714083662303,0.6078431372549019,0.7142857142857143,0.9743589743589743,0.824295010845987,51.0,Alyssum.alyssoides,0.3221288515406162,opth,4,False,mlp1,bce,msle
31,0.7881032011466794,0.06329162999668879,0.6521739130434783,0.7362637362637363,0.9901477832512315,0.8445378151260504,23.0,Anacamptis.pyramidalis,0.3884376493072146,opth,4,False,mlp1,bce,msle
32,0.8559782608695652,0.21658604320478916,0.6363636363636364,0.8034420289855072,0.9955106621773289,0.8892230576441102,11.0,Androsace.obtusifolia,0.43980566534914356,opth,4,False,mlp1,bce,msle
33,0.8190562067929065,0.019132776933780786,0.8333333333333334,0.7484220018034266,0.9987966305655837,0.8556701030927835,6.0,Angelica.sylvestris,0.5817553351367599,opth,4,False,mlp1,bce,msle
34,0.9016131742564275,0.21791105566318644,0.7272727272727273,0.8604436229205176,0.9904255319148936,0.9208704253214639,33.0,Antennaria.carpatica,0.587716350193245,opth,4,False,mlp1,bce,msle
35,0.8702367250443276,0.2348741630480493,0.8032786885245902,0.7903225806451613,0.9857988165680474,0.8773038441284887,61.0,Antennaria.dioica,0.5936012691697514,opth,4,False,mlp1,bce,msle
36,0.645435791645178,0.009407775253021148,0.42857142857142855,0.703971119133574,0.9948979591836735,0.8245243128964059,7.0,Anthemis.arvensis,0.13254254770500262,opth,4,False,mlp1,bce,msle
37,0.8213961922030825,0.05471827185762709,0.9166666666666666,0.6881233000906618,0.9986842105263158,0.8148148148148148,12.0,Anthericum.liliago,0.6047899667573284,opth,4,False,mlp1,bce,msle
38,0.6011838923512316,0.3981559331515816,0.685459940652819,0.4794344473007712,0.778705636743215,0.5934765314240255,337.0,Anthoxanthum.odoratum,0.16489438795359024,opth,4,False,mlp1,bce,msle
39,0.785693674976916,0.11780245029568598,0.71875,0.6712834718374885,0.9877717391304348,0.7993402968664101,32.0,Anthriscus.sylvestris,0.3900334718374885,opth,4,False,mlp1,bce,msle
40,0.6815378314239939,0.27377327352097247,0.519774011299435,0.6929637526652452,0.8843537414965986,0.7770472205618649,177.0,Anthyllis.vulneraria,0.21273776396468014,opth,4,False,mlp1,bce,msle
41,0.7914041404140415,0.010510228118624551,0.75,0.8055805580558055,0.9988839285714286,0.8918784255107125,4.0,Aphanes.arvensis,0.5555805580558055,opth,4,False,mlp1,bce,msle
42,0.9703504043126685,0.06269592476489028,1.0,0.637915543575921,1.0,0.7789358200767965,2.0,Aquilegia.vulgaris,0.637915543575921,opth,4,False,mlp1,bce,msle
43,0.8194695599758891,0.12337979855308866,0.7777777777777778,0.7658227848101266,0.9976442873969376,0.8664961636828644,9.0,Arabidopsis.thaliana,0.5436005625879043,opth,4,False,mlp1,bce,msle
44,0.8392953134926453,0.11255402155837524,0.6578947368421053,0.8291550603528319,0.9856512141280354,0.9006555723651034,38.0,Arabis.ciliata,0.48704979719493724,opth,4,False,mlp1,bce,msle
45,0.7545468468813417,0.09827868469312508,0.7551020408163265,0.6960600375234521,0.9840848806366048,0.8153846153846154,49.0,Arabis.hirsuta,0.4511620783397787,opth,4,False,mlp1,bce,msle
46,0.8010837438423646,0.2960102922149722,0.76,0.7034482758620689,0.967479674796748,0.8146035367940673,100.0,Arenaria.serpyllifolia,0.4634482758620688,opth,4,False,mlp1,bce,msle
47,0.7263189448441247,0.022242545594793522,0.3333333333333333,0.8210431654676259,0.9978142076502732,0.900838677849038,3.0,Armeria.arenaria,0.15437649880095927,opth,4,False,mlp1,bce,msle
48,0.8793882884791976,0.2156233276939688,0.8076923076923077,0.8163452708907254,0.9944071588366891,0.8966212808875441,26.0,Arnica.montana,0.624037578583033,opth,4,False,mlp1,bce,msle
49,0.8258139348852092,0.40739198055382125,0.8465608465608465,0.6695464362850972,0.9553158705701078,0.7873015873015873,189.0,Arrhenatherum.elatius,0.5161072828459439,opth,4,False,mlp1,bce,msle
50,0.7380985620550049,0.04859625208098779,0.38461538461538464,0.7931034482758621,0.9909297052154195,0.8810483870967742,13.0,Artemisia.absinthium,0.17771883289124668,opth,4,False,mlp1,bce,msle
51,0.8632271468144045,0.312340035937667,0.5625,0.8818097876269622,0.9855521155830753,0.9307992202729045,32.0,Artemisia.campestris,0.44430978762696216,opth,4,False,mlp1,bce,msle
52,0.6248874887488749,0.0063057723257279805,0.25,0.8217821782178217,0.9967248908296943,0.900838677849038,4.0,Artemisia.vulgaris,0.07178217821782162,opth,4,False,mlp1,bce,msle
53,0.7645001589680702,0.12458223213386388,0.4878048780487805,0.770949720670391,0.9752650176678446,0.8611544461778471,41.0,Asperula.cynanchica,0.2587545987191715,opth,4,False,mlp1,bce,msle
54,0.900725294650952,0.1445275138770768,0.9166666666666666,0.7515865820489573,0.9987951807228915,0.8577340920848422,12.0,Asphodelus.albus,0.6682532487156241,opth,4,False,mlp1,bce,msle
55,0.8730583142347847,0.2531838679225613,0.6363636363636364,0.873015873015873,0.9831756046267087,0.9248269040553907,44.0,Aster.alpinus,0.5093795093795093,opth,4,False,mlp1,bce,msle
56,0.8891927478983085,0.13787366526435504,0.7222222222222222,0.8505013673655424,0.9946695095948828,0.9169533169533169,18.0,Aster.bellidiastrum,0.5727235895877647,opth,4,False,mlp1,bce,msle
57,0.7486498649864987,0.05809607000365294,0.5,0.6588658865886589,0.997275204359673,0.7934959349593496,4.0,Aster.linosyris,0.15886588658865897,opth,4,False,mlp1,bce,msle
58,0.8535594839942666,0.17168668742109855,0.30434782608695654,0.9175824175824175,0.9842829076620825,0.9497630331753555,23.0,Astragalus.alpinus,0.22193024366937397,opth,4,False,mlp1,bce,msle
59,0.9117911791179119,0.02835628338388351,1.0,0.6543654365436543,1.0,0.7910772578890098,4.0,Astragalus.depressus,0.6543654365436544,opth,4,False,mlp1,bce,msle
60,0.8235294117647058,0.16784118165206752,0.8148148148148148,0.8134191176470589,0.9943820224719101,0.8948432760364005,27.0,Astragalus.monspessulanus,0.6282339324618738,opth,4,False,mlp1,bce,msle
61,0.9116363636363637,0.17399493508944489,0.6666666666666666,0.8872727272727273,0.9949031600407747,0.9380105718404613,15.0,Astragalus.onobrychis,0.553939393939394,opth,4,False,mlp1,bce,msle
62,0.776978417266187,0.013091576625175117,0.6666666666666666,0.5368705035971223,0.9983277591973244,0.6982456140350877,3.0,Astragalus.penduliflorus,0.20353717026378892,opth,4,False,mlp1,bce,msle
63,0.8289112534309241,0.20444712306463553,0.8181818181818182,0.6614821591948765,0.9944979367262724,0.7945054945054945,22.0,Astrantia.major,0.47966397737669464,opth,4,False,mlp1,bce,msle
64,0.8807207207207206,0.029601564803540596,0.6,0.8315315315315316,0.9978378378378379,0.9071253071253071,5.0,Astrantia.minor,0.43153153153153156,opth,4,False,mlp1,bce,msle
65,0.7942244611059044,0.109014744796269,0.6458333333333334,0.7750702905342081,0.9798578199052133,0.8655154369440083,48.0,Deschampsia.flexuosa,0.42090362386754143,opth,4,False,mlp1,bce,msle
66,0.8496050552922592,0.2684509572424698,0.6666666666666666,0.7668246445497631,0.9758745476477684,0.8588110403397028,60.0,Bartsia.alpina,0.4334913112164296,opth,4,False,mlp1,bce,msle
67,0.8987384437596303,0.27691072775551256,0.9661016949152542,0.6827651515151515,0.9972337482710927,0.8105677346824058,59.0,Bellis.perennis,0.6488668464304057,opth,4,False,mlp1,bce,msle
68,0.6799688365650969,0.06608326012967264,0.5,0.7996306555863343,0.981859410430839,0.8814249363867684,32.0,Biscutella.laevigata,0.29963065558633417,opth,4,False,mlp1,bce,msle
69,0.8330308529945554,0.05120790646884131,0.6153846153846154,0.8421052631578947,0.9946409431939979,0.912039312039312,13.0,Blackstonia.perfoliata,0.4574898785425101,opth,4,False,mlp1,bce,msle
70,0.7250451671183378,0.07902105398754965,0.75,0.5338753387533876,0.9966273187183811,0.6952941176470588,8.0,Blysmus.compressus,0.28387533875338766,opth,4,False,mlp1,bce,msle
71,0.8827606992163954,0.053910020962282285,0.5555555555555556,0.8924050632911392,0.9959636730575177,0.9413447782546495,9.0,Bothriochloa.ischaemum,0.4479606188466949,opth,4,False,mlp1,bce,msle
72,0.8180943214629451,0.18209849092318797,0.4473684210526316,0.8671799807507219,0.9554612937433722,0.9091826437941474,76.0,Botrychium.lunaria,0.31454840180335353,opth,4,False,mlp1,bce,msle
73,0.46226415094339623,0.0024313438938037705,0.5,0.5534591194968553,0.9983792544570502,0.7121387283236994,2.0,Brachypodium.sylvaticum,0.05345911949685522,opth,4,False,mlp1,bce,msle
74,0.7145493436228663,0.31097031468034825,0.6872037914691943,0.6194690265486725,0.8945686900958466,0.7320261437908496,211.0,Briza.media,0.30667281801786683,opth,4,False,mlp1,bce,msle
75,0.8788660319272564,0.763520246516405,0.8135198135198135,0.7959183673469388,0.8722044728434505,0.8323170731707317,429.0,Bromus.erectus,0.6094381808667522,opth,4,False,mlp1,bce,msle
76,0.8413585002568054,0.20054988548595132,0.847457627118644,0.7130681818181818,0.9881889763779528,0.8283828382838284,59.0,Bromus.hordeaceus,0.5605258089368257,opth,4,False,mlp1,bce,msle
77,0.6048604860486049,0.005975368039645507,1.0,0.30873087308730873,1.0,0.4718019257221458,4.0,Bromus.squarrosus,0.30873087308730884,opth,4,False,mlp1,bce,msle
78,0.6721867720044565,0.024507424745480996,0.6666666666666666,0.6071103008204193,0.9910714285714286,0.752967778405879,18.0,Bromus.sterilis,0.2737769674870858,opth,4,False,mlp1,bce,msle
79,0.5842533936651584,0.012019449397529096,0.6,0.5565610859728507,0.9935379644588045,0.7134570765661253,10.0,Bromus.tectorum,0.15656108597285057,opth,4,False,mlp1,bce,msle
80,0.8420263788968825,0.01813920712856883,0.6666666666666666,0.6564748201438849,0.9986320109439124,0.7921866521975041,3.0,Bunias.orientalis,0.32314148681055155,opth,4,False,mlp1,bce,msle
81,0.8276307657733581,0.22844050694689405,0.8088235294117647,0.7125119388729704,0.9828722002635046,0.8261351052048727,68.0,Bunium.bulbocastanum,0.5213354682847351,opth,4,False,mlp1,bce,msle
82,0.6474940667318163,0.017007071570620848,1.0,0.3339382940108893,1.0,0.5006802721088436,13.0,Buphthalmum.salicifolium,0.33393829401088926,opth,4,False,mlp1,bce,msle
83,0.8101943346508563,0.04606108788898569,0.7272727272727273,0.7146739130434783,0.9962121212121212,0.8322784810126582,11.0,Bupleurum.falcatum,0.44194664031620556,opth,4,False,mlp1,bce,msle
84,0.7949139177290052,0.07066420040791437,0.7142857142857143,0.735050597976081,0.990086741016109,0.8437170010559663,28.0,Bupleurum.ranunculoides,0.44933631226179527,opth,4,False,mlp1,bce,msle
85,0.874924653405666,0.08003253130271824,0.7777777777777778,0.8318264014466547,0.9978308026030369,0.9072978303747534,9.0,Calamagrostis.varia,0.6096041792244324,opth,4,False,mlp1,bce,msle
86,0.6312949640287769,0.005439532848049633,0.3333333333333333,0.8156474820143885,0.9977997799779978,0.8975754576942108,3.0,Calluna.vulgaris,0.1489808153477219,opth,4,False,mlp1,bce,msle
87,0.9259927797833936,0.2526098956513703,0.7142857142857143,0.953971119133574,0.9981114258734656,0.9755422242731887,7.0,Calystegia.sepium,0.6682568334192882,opth,4,False,mlp1,bce,msle
88,0.7355696585071019,0.07242450044434866,0.4166666666666667,0.7987307343608341,0.9921171171171171,0.8849824208940231,12.0,Campanula.barbata,0.21539740102750082,opth,4,False,mlp1,bce,msle
89,0.8399209486166007,0.03652872396547521,0.8181818181818182,0.6793478260869565,0.9973404255319149,0.8081896551724138,11.0,Campanula.cochleariifolia,0.4975296442687749,opth,4,False,mlp1,bce,msle
90,0.823077170005136,0.17362837602772352,0.8983050847457628,0.5776515151515151,0.9902597402597403,0.7296650717703349,59.0,Campanula.glomerata,0.4759565998972779,opth,4,False,mlp1,bce,msle
91,0.6474784006429576,0.011850767972833631,0.4444444444444444,0.6826401446654611,0.993421052631579,0.8092175777063236,9.0,Campanula.rapunculoides,0.1270845891099055,opth,4,False,mlp1,bce,msle
92,0.6918918918918919,0.009252178440716501,0.6,0.7099099099099099,0.9974683544303797,0.8294736842105264,5.0,Campanula.rapunculus,0.30990990990990985,opth,4,False,mlp1,bce,msle
93,0.8034155466260219,0.31661179615614987,0.7857142857142857,0.6944713870029098,0.9754768392370572,0.8113314447592068,84.0,Campanula.rhomboidalis,0.48018567271719537,opth,4,False,mlp1,bce,msle
94,0.6423566799289343,0.11844605470768324,0.6753246753246753,0.5433526011560693,0.9575551782682513,0.693300553165335,77.0,Campanula.rotundifolia,0.21867727648074453,opth,4,False,mlp1,bce,msle
95,0.8888837510404143,0.4420730737458606,0.7121212121212122,0.8657171922685656,0.9572553430821147,0.9091880341880342,132.0,Campanula.scheuchzeri,0.5778384043897777,opth,4,False,mlp1,bce,msle
96,0.8097297297297297,0.022275503653583863,0.8,0.7675675675675676,0.9988276670574443,0.8680590932246561,5.0,Campanula.thyrsoides,0.5675675675675675,opth,4,False,mlp1,bce,msle
97,0.6853389444949954,0.03112324989728012,0.625,0.6069153776160146,0.9910846953937593,0.7528216704288939,16.0,Capsella.bursa.pastoris,0.23191537761601455,opth,4,False,mlp1,bce,msle
98,0.9495323188608127,0.23407794102573615,0.6923076923076923,0.9074410163339383,0.9960159362549801,0.949667616334283,13.0,Cardamine.pratensis,0.5997487086416307,opth,4,False,mlp1,bce,msle
99,0.7899047175615678,0.3204398001499319,0.6528925619834711,0.7917505030181087,0.9493365500603136,0.8634119583104772,121.0,Carduus.defloratus,0.4446430650015798,opth,4,False,mlp1,bce,msle
100,0.7639014126840997,0.0667496126012291,0.8333333333333334,0.6005410279531109,0.9985007496251874,0.75,6.0,Carduus.nutans,0.4338743612864442,opth,4,False,mlp1,bce,msle
101,0.7837802991232594,0.022051855416626284,0.5714285714285714,0.7644404332129964,0.9964705882352941,0.8651685393258427,7.0,Carex.atrata,0.33586900464156777,opth,4,False,mlp1,bce,msle
102,0.8935978358881875,0.22059600220655026,0.5,0.9585211902614968,0.9971857410881801,0.9774712643678161,6.0,Carex.capillaris,0.45852119026149696,opth,4,False,mlp1,bce,msle
103,0.6905163245239099,0.186425686341103,0.4897959183673469,0.7246804326450345,0.9364675984752223,0.8170731707317073,98.0,Carex.caryophyllea,0.21447635101238127,opth,4,False,mlp1,bce,msle
104,0.9043933362818811,0.24613399722092796,0.9411764705882353,0.768796992481203,0.9963459196102314,0.8679045092838197,51.0,Carex.curvula,0.7099734630694383,opth,4,False,mlp1,bce,msle
105,0.5532971996386631,0.014407313665575159,0.375,0.7542908762420958,0.9940476190476191,0.8577298407806883,8.0,Carex.davalliana,0.1292908762420959,opth,4,False,mlp1,bce,msle
106,0.7758775877587759,0.009726007219127853,0.75,0.7281728172817282,0.9987654320987654,0.8422696512233212,4.0,Carex.distans,0.47817281728172834,opth,4,False,mlp1,bce,msle
107,0.8297166968053045,0.03213697961372712,1.0,0.4819168173598553,1.0,0.6503965832824893,9.0,Carex.divulsa,0.48191681735985537,opth,4,False,mlp1,bce,msle
108,0.7209232613908872,0.007143346627742829,0.0,0.9181654676258992,0.9970703125,0.9559925093632958,3.0,Carex.ericetorum,-0.08183453237410077,opth,4,False,mlp1,bce,msle
109,0.9200359389038634,0.01887428378833839,1.0,0.6037735849056604,1.0,0.7529411764705882,2.0,Carex.ferruginea,0.6037735849056602,opth,4,False,mlp1,bce,msle
110,0.7263037722092175,0.16740975775649433,0.5436893203883495,0.7164031620553359,0.939119170984456,0.8127802690582959,103.0,Carex.flacca,0.26009248244368544,opth,4,False,mlp1,bce,msle
111,0.8434618703728937,0.1854814710277981,0.5609756097560976,0.8556797020484171,0.9807897545357525,0.9139731476877175,41.0,Carex.halleriana,0.41665531180451465,opth,4,False,mlp1,bce,msle
112,0.8711426825542316,0.24965670053470537,0.5416666666666666,0.8927589367552704,0.9888324873096447,0.9383429672447013,24.0,Carex.hirta,0.4344256034219369,opth,4,False,mlp1,bce,msle
113,0.5909227532311392,0.010197031020144118,0.6666666666666666,0.4066726780883679,0.9955849889624724,0.5774647887323944,6.0,Carex.hostiana,0.07333934475503456,opth,4,False,mlp1,bce,msle
114,0.844670869373992,0.15322191600689833,0.6842105263157895,0.8245125348189415,0.9866666666666667,0.8983308042488619,38.0,Carex.humilis,0.5087230611347309,opth,4,False,mlp1,bce,msle
115,0.8427853881278539,0.15807971198584708,0.55,0.8931506849315068,0.9908814589665653,0.9394812680115274,20.0,Carex.liparocarpos,0.4431506849315068,opth,4,False,mlp1,bce,msle
116,0.7578227931488801,0.05140425347642559,0.5454545454545454,0.7789855072463768,0.9942196531791907,0.8735398679532758,11.0,Carex.montana,0.32444005270092235,opth,4,False,mlp1,bce,msle
117,0.7778995433789955,0.04514317116082309,0.8,0.6821917808219178,0.9946737683089214,0.80931744312026,20.0,Carex.spicata,0.4821917808219178,opth,4,False,mlp1,bce,msle
118,0.7094282529065137,0.21300678115214253,0.6086956521739131,0.7371794871794872,0.9889434889434889,0.844700944386149,23.0,Carex.nigra,0.3458751393534003,opth,4,False,mlp1,bce,msle
119,0.8412662435781203,0.09669391004044177,0.8333333333333334,0.7805983680870353,0.9976825028968713,0.8758901322482198,12.0,Carex.ornithopoda,0.6139317014203687,opth,4,False,mlp1,bce,msle
120,0.8189229249011858,0.05966090838587868,0.8181818181818182,0.6947463768115942,0.9973992197659298,0.8190069407367859,11.0,Carex.pallescens,0.5129281949934126,opth,4,False,mlp1,bce,msle
121,0.7087864823348694,0.07788955032527867,0.6666666666666666,0.6230414746543779,0.9854227405247813,0.7634105025409373,30.0,Carex.panicea,0.2897081413210445,opth,4,False,mlp1,bce,msle
122,0.8078994614003591,0.004651162790697674,1.0,0.6912028725314183,1.0,0.8174097664543525,1.0,Carex.rupestris,0.6912028725314183,opth,4,False,mlp1,bce,msle
123,0.8429098415723063,0.39872541102472864,0.7988505747126436,0.7332624867162593,0.9517241379310345,0.8283313325330132,174.0,Carex.sempervirens,0.5321130614289029,opth,4,False,mlp1,bce,msle
124,0.8262443438914028,0.07768281428085683,0.7,0.8018099547511313,0.9966254218222722,0.8886659979939819,10.0,Carex.tomentosa,0.5018099547511312,opth,4,False,mlp1,bce,msle
125,0.8233772893772894,0.4375845393386733,0.6642857142857143,0.8215384615384616,0.9445754716981132,0.8787712561711465,140.0,Carlina.acaulis,0.4858241758241757,opth,4,False,mlp1,bce,msle
126,0.803383485201667,0.08574348771175551,0.6153846153846154,0.8044077134986226,0.9887133182844243,0.8870886075949367,26.0,Carlina.vulgaris,0.41979232888323814,opth,4,False,mlp1,bce,msle
127,0.8114853079296928,0.2684475610509262,0.8160919540229885,0.6381322957198443,0.9761904761904762,0.7717647058823529,87.0,Carum.carvi,0.4542242497428328,opth,4,False,mlp1,bce,msle
128,0.6996401128294913,0.21439643014691276,0.959731543624161,0.37163561076604557,0.9835616438356164,0.5394440270473329,149.0,Centaurea.jacea,0.3313671543902066,opth,4,False,mlp1,bce,msle
129,0.7518528380597346,0.13418064635271562,0.6666666666666666,0.7260018639328985,0.9823455233291298,0.834941050375134,42.0,Centaurea.montana,0.3926685305995652,opth,4,False,mlp1,bce,msle
130,0.8168840296759078,0.33960918827283754,0.8,0.6690355329949239,0.962043795620438,0.7892215568862275,130.0,Centaurea.scabiosa,0.46903553299492406,opth,4,False,mlp1,bce,msle
131,0.8390147282884713,0.5249829811091391,0.6954545454545454,0.7865921787709497,0.9130998702983139,0.8451380552220888,220.0,Cerastium.arvense,0.4820467242254951,opth,4,False,mlp1,bce,msle
132,0.7861519607843137,0.08909624990549517,0.5925925925925926,0.78125,0.9872241579558653,0.8722421754746024,27.0,Cerastium.brachypetalum,0.37384259259259256,opth,4,False,mlp1,bce,msle
133,0.7979956819611377,0.2650873546541779,0.7966101694915254,0.6599799398194583,0.9648093841642229,0.7837998808814771,118.0,Cerastium.fontanum,0.45659010931098365,opth,4,False,mlp1,bce,msle
134,0.8393394495412844,0.09095376106668365,0.8,0.7724770642201835,0.9940968122786304,0.8693856479091379,25.0,Cerastium.glomeratum,0.5724770642201835,opth,4,False,mlp1,bce,msle
135,0.74611037022925,0.05730940373870179,0.4482758620689655,0.8093922651933702,0.982122905027933,0.8874305906108026,29.0,Cerastium.pumilum,0.25766812726233557,opth,4,False,mlp1,bce,msle
136,0.6954067730634488,0.05238204011481232,0.5,0.773841961852861,0.9918509895227008,0.8693877551020408,14.0,Cerastium.semidecandrum,0.2738419618528609,opth,4,False,mlp1,bce,msle
137,0.7841011743450768,0.04556114192449536,0.75,0.7064137308039747,0.9974489795918368,0.8270756213643575,8.0,Chaerophyllum.aureum,0.4564137308039746,opth,4,False,mlp1,bce,msle
138,0.7623202568756108,0.03591129971158847,0.9230769230769231,0.4618874773139746,0.9980392156862745,0.6315136476426799,13.0,Chaerophyllum.hirsutum,0.38496440039089785,opth,4,False,mlp1,bce,msle
139,0.8546541071609439,0.1746603461854581,0.7222222222222222,0.8851412944393802,0.9948770491803278,0.9368065605402798,18.0,Chaerophyllum.villarsii,0.6073635166616023,opth,4,False,mlp1,bce,msle
140,0.9518451845184519,0.28852965299829086,1.0,0.5481548154815482,1.0,0.708139534883721,4.0,Chenopodium.album,0.5481548154815483,opth,4,False,mlp1,bce,msle
141,0.6732396494409186,0.018984455418927904,0.8333333333333334,0.5811423390752494,0.9968895800933126,0.7342497136311569,12.0,Chondrilla.juncea,0.41447567240858274,opth,4,False,mlp1,bce,msle
142,0.6722537390407427,0.010332804019195637,0.8571428571428571,0.4981949458483754,0.9981916817359855,0.6646598434677905,7.0,Cichorium.intybus,0.35533780299123263,opth,4,False,mlp1,bce,msle
143,0.6775899486007995,0.17031451402351885,0.49411764705882355,0.7650485436893204,0.9482551143200962,0.846856528747985,85.0,Cirsium.acaule,0.25916619074814395,opth,4,False,mlp1,bce,msle
144,0.7400171526586621,0.09524987185710647,0.7272727272727273,0.6273584905660378,0.9779411764705882,0.764367816091954,55.0,Cirsium.arvense,0.35463121783876517,opth,4,False,mlp1,bce,msle
145,0.7814558629776021,0.04359608619235598,0.45454545454545453,0.8786231884057971,0.9938524590163934,0.9326923076923077,11.0,Cirsium.eriophorum,0.3331686429512517,opth,4,False,mlp1,bce,msle
146,0.8959156785243743,0.05893884310513974,0.6363636363636364,0.8804347826086957,0.9959016393442623,0.9346153846153846,11.0,Cirsium.palustre,0.516798418972332,opth,4,False,mlp1,bce,msle
147,0.7751812893457646,0.16985328097988434,0.5957446808510638,0.7949438202247191,0.978110599078341,0.8770661157024794,47.0,Cirsium.spinosissimum,0.390688501075783,opth,4,False,mlp1,bce,msle
148,0.6844212753097613,0.019972308002950256,0.3333333333333333,0.8023572076155938,0.9910414333706606,0.8867735470941884,12.0,Cirsium.tuberosum,0.13569054094892707,opth,4,False,mlp1,bce,msle
149,0.7187379946215904,0.06121234397404343,0.42105263157894735,0.843978102189781,0.9882478632478633,0.9104330708661418,19.0,Cirsium.vulgare,0.2650307337687283,opth,4,False,mlp1,bce,msle
150,0.6961212121212121,0.02313698681471038,0.9333333333333333,0.4718181818181818,0.9980769230769231,0.6407407407407407,15.0,Clinopodium.vulgare,0.40515151515151526,opth,4,False,mlp1,bce,msle
151,0.8095151515151515,0.08602416631577853,0.5333333333333333,0.8245454545454546,0.9923413566739606,0.900695134061569,15.0,Coeloglossum.viride,0.3578787878787879,opth,4,False,mlp1,bce,msle
152,0.7843470061291844,0.24879633397600978,0.780952380952381,0.6089108910891089,0.9639498432601881,0.7463592233009708,105.0,Colchicum.autumnale,0.38986327204148985,opth,4,False,mlp1,bce,msle
153,0.8102006906041488,0.19262244803479264,0.8108108108108109,0.6781940441882806,0.9805555555555555,0.8018171493469619,74.0,Convolvulus.arvensis,0.4890048549990915,opth,4,False,mlp1,bce,msle
154,0.6019766397124888,0.0032781336249544345,0.5,0.6531895777178796,0.9986263736263736,0.7897881586094514,2.0,Conyza.canadensis,0.15318957771787955,opth,4,False,mlp1,bce,msle
155,0.8378610237346297,0.1984467037994484,0.5384615384615384,0.8931226765799256,0.9816138917262512,0.9352798053527981,39.0,Coronilla.minima,0.43158421504146416,opth,4,False,mlp1,bce,msle
156,0.6545028709579933,0.017198477341988826,0.08333333333333333,0.8213961922030825,0.9880043620501636,0.897029702970297,12.0,Crepis.aurea,-0.09527047446358416,opth,4,False,mlp1,bce,msle
157,0.8784034756077338,0.23424071152774745,0.8771929824561403,0.7561436672967864,0.9913258983890955,0.8579088471849866,57.0,Crepis.biennis,0.6333366497529267,opth,4,False,mlp1,bce,msle
158,0.862668274060679,0.08565406020984963,0.6666666666666666,0.8345388788426763,0.9967602591792657,0.9084645669291339,9.0,Crepis.bocconi,0.5012055455093429,opth,4,False,mlp1,bce,msle
159,0.8582609213188905,0.1857259247496069,0.7741935483870968,0.7564575645756457,0.9915356711003628,0.858189429618001,31.0,Crepis.conyzifolia,0.5306511129627425,opth,4,False,mlp1,bce,msle
160,0.8128417818740399,0.08461321398892042,0.8333333333333334,0.6534562211981567,0.9929971988795518,0.7882156753752084,30.0,Crepis.foetida,0.48678955453149,opth,4,False,mlp1,bce,msle
161,0.22531418312387796,0.0011574074074074073,0.0,0.4910233393177738,0.9981751824817519,0.6582430806257521,1.0,Crepis.mollis,-0.5089766606822261,opth,4,False,mlp1,bce,msle
162,0.8404849520304902,0.2682064966431444,0.6428571428571429,0.8767249310027599,0.9896157840083074,0.9297560975609757,28.0,Crepis.pyrenaica,0.5195820738599028,opth,4,False,mlp1,bce,msle
163,0.767451589768109,0.10234678460455007,0.6170212765957447,0.704119850187266,0.9766233766233766,0.8182807399347116,47.0,Crepis.vesicaria,0.32114112678301066,opth,4,False,mlp1,bce,msle
164,0.9061096136567836,0.015114196148678908,1.0,0.683737646001797,1.0,0.8121664887940235,2.0,Cruciata.glabra,0.683737646001797,opth,4,False,mlp1,bce,msle
165,0.8201573479987779,0.13829486868918006,0.6666666666666666,0.7250229147571036,0.9899874843554443,0.837037037037037,24.0,Cruciata.laevipes,0.3916895814237702,opth,4,False,mlp1,bce,msle
166,0.738597548724131,0.017140653513652637,1.0,0.3987341772151899,1.0,0.5701357466063348,9.0,Cruciata.pedemontana,0.3987341772151898,opth,4,False,mlp1,bce,msle
167,0.6743924392439243,0.006505475562969676,0.25,0.7155715571557155,0.9962406015037594,0.8328968046097434,4.0,Cuscuta.epithymum,-0.03442844284428448,opth,4,False,mlp1,bce,msle
168,0.8356227877970672,0.22497926399776358,0.8382352941176471,0.6943648519579751,0.9850948509485095,0.8145658263305322,68.0,Cynosurus.cristatus,0.5326001460756222,opth,4,False,mlp1,bce,msle
169,0.8255269233910185,0.63476177425276,0.8248587570621468,0.6859395532194481,0.8938356164383562,0.7762081784386617,354.0,Dactylis.glomerata,0.510798310281595,opth,4,False,mlp1,bce,msle
170,0.5584610760444846,0.0067815576062080106,0.16666666666666666,0.6339044183949504,0.9929378531073446,0.7738029719317556,6.0,Dactylorhiza.maculata,-0.199428914938383,opth,4,False,mlp1,bce,msle
171,0.5709347760745416,0.013032687271468911,0.5,0.6167718665464382,0.9956331877729258,0.7616926503340757,6.0,Dactylorhiza.majalis,0.11677186654643812,opth,4,False,mlp1,bce,msle
172,0.6527902790279028,0.006857308495099733,0.0,0.8757875787578758,0.9959058341862845,0.9319923371647509,4.0,Danthonia.decumbens,-0.12421242124212417,opth,4,False,mlp1,bce,msle
173,0.8229488879069083,0.23161320737925303,0.9354838709677419,0.6037181996086106,0.9903691813804173,0.7501519756838906,93.0,Daucus.carota,0.5392020705763525,opth,4,False,mlp1,bce,msle
174,0.7399584487534626,0.19663501798670202,0.65625,0.6666666666666666,0.984993178717599,0.7951541850220264,32.0,Deschampsia.cespitosa,0.3229166666666665,opth,4,False,mlp1,bce,msle
175,0.6740566599214379,0.04277516252218349,0.7096774193548387,0.6051660516605166,0.9864661654135338,0.7501429388221841,31.0,Dianthus.carthusianorum,0.31484347101535537,opth,4,False,mlp1,bce,msle
176,0.7270776874435411,0.028896438107671073,0.625,0.6964769647696477,0.9961240310077519,0.8197767145135566,8.0,Dianthus.deltoides,0.3214769647696478,opth,4,False,mlp1,bce,msle
177,0.7596809447688644,0.15265615529547397,0.7068965517241379,0.67360454115421,0.9766803840877915,0.7973124300111982,58.0,Dianthus.sylvestris,0.3805010928783479,opth,4,False,mlp1,bce,msle
178,0.78990990990991,0.013347975363054064,0.2,0.9423423423423424,0.9961904761904762,0.9685185185185186,5.0,Dipsacus.fullonum,0.14234234234234244,opth,4,False,mlp1,bce,msle
179,0.870548885077187,0.19954874892678087,0.8,0.7716981132075472,0.9867310012062727,0.8660667019587083,55.0,Draba.aizoides,0.5716981132075474,opth,4,False,mlp1,bce,msle
180,0.6364452423698383,0.0024630541871921183,0.0,0.7953321364452424,0.9988726042841037,0.8855572213893054,1.0,Draba.siliquosa,-0.20466786355475763,opth,4,False,mlp1,bce,msle
181,0.8481446090141742,0.08831161249902639,0.6086956521739131,0.8415750915750916,0.990301724137931,0.9099009900990099,23.0,Dryas.octopetala,0.4502707437490048,opth,4,False,mlp1,bce,msle
182,0.7911051212938006,0.018949771689497717,0.5,0.7133872416891285,0.9987421383647799,0.8322851153039832,2.0,Dryopteris.filix.mas,0.21338724168912848,opth,4,False,mlp1,bce,msle
183,0.7761375661375661,0.12181740580852717,0.6571428571428571,0.7185185185185186,0.9847715736040609,0.8308351177730193,35.0,Echium.vulgare,0.3756613756613758,opth,4,False,mlp1,bce,msle
184,0.6641309953584321,0.02118627297178407,0.2857142857142857,0.796028880866426,0.9943630214205186,0.8842105263157894,7.0,Epilobium.angustifolium,0.08174316658071179,opth,4,False,mlp1,bce,msle
185,,-0.0,0.0,0.537219730941704,1.0,0.6989498249708285,0.0,Epipactis.palustris,-0.46278026905829595,opth,4,False,mlp1,bce,msle
186,0.7754481920388939,0.04665484606404058,0.7777777777777778,0.6171376481312671,0.9941262848751835,0.7615298087739033,18.0,Equisetum.arvense,0.39491542590904505,opth,4,False,mlp1,bce,msle
187,0.6965610859728506,0.03221467078603234,0.5,0.8036199095022625,0.9944008958566629,0.8888888888888888,10.0,Equisetum.palustre,0.3036199095022625,opth,4,False,mlp1,bce,msle
188,0.9856244384546271,0.19791666666666666,1.0,0.7223719676549866,1.0,0.838810641627543,2.0,Equisetum.telmateia,0.7223719676549867,opth,4,False,mlp1,bce,msle
189,0.7818428184281843,0.017804601583424562,0.125,0.9150858175248419,0.9931372549019608,0.9525152797367183,8.0,Erigeron.acer,0.04008581752484197,opth,4,False,mlp1,bce,msle
190,0.8202932399117684,0.07480208701460817,0.2857142857142857,0.8982742960944596,0.98998998998999,0.9419047619047619,14.0,Erigeron.alpinus,0.18398858180874544,opth,4,False,mlp1,bce,msle
191,0.7971388172669052,0.059575527995343075,0.8181818181818182,0.6413540713632205,0.9943262411347518,0.7797552836484983,22.0,Erigeron.annuus,0.45953588954503877,opth,4,False,mlp1,bce,msle
192,0.8704109589041096,0.080217607357019,0.45,0.9178082191780822,0.9891732283464567,0.9521553765987684,20.0,Erigeron.glabratus,0.36780821917808226,opth,4,False,mlp1,bce,msle
193,0.6578378378378379,0.012627393363526623,0.6,0.5774774774774775,0.9968895800933126,0.7313177410154021,5.0,Erigeron.neglectus,0.17747747747747744,opth,4,False,mlp1,bce,msle
194,0.8940453485908031,0.16009124967219668,0.8461538461538461,0.7924701561065197,0.9953863898500577,0.8824130879345603,26.0,Erigeron.uniflorus,0.6386240022603658,opth,4,False,mlp1,bce,msle
195,0.6766515837104072,0.023420056578743038,0.6,0.5891402714932127,0.9938931297709923,0.7397727272727272,10.0,Erodium.cicutarium,0.18914027149321266,opth,4,False,mlp1,bce,msle
196,0.6997366555251696,0.03246213688371346,0.3888888888888889,0.7894257064721969,0.9874572405929305,0.8774062816616008,18.0,Erophila.verna,0.17831459536108585,opth,4,False,mlp1,bce,msle
197,0.8563205128205128,0.31334171611536205,0.7333333333333333,0.7788461538461539,0.9759036144578314,0.8663101604278075,75.0,Eryngium.campestre,0.5121794871794871,opth,4,False,mlp1,bce,msle
198,0.7116969696969697,0.03596546184228963,0.6,0.7227272727272728,0.9925093632958801,0.8364018937401367,15.0,Erysimum.rhaeticum,0.32272727272727275,opth,4,False,mlp1,bce,msle
199,0.6440831074977416,0.015725411950465458,0.375,0.7687443541102078,0.9941588785046729,0.8670402445236882,8.0,Erysimum.virgatum,0.1437443541102077,opth,4,False,mlp1,bce,msle
200,0.7738523852385238,0.009787925968199792,0.5,0.7776777677767777,0.9976905311778291,0.874051593323217,4.0,Eupatorium.cannabinum,0.27767776777677766,opth,4,False,mlp1,bce,msle
201,0.7373074892698936,0.3733139644641177,0.6382978723404256,0.6850053937432579,0.903271692745377,0.7791411042944786,188.0,Euphorbia.cyparissias,0.3233032660836834,opth,4,False,mlp1,bce,msle
202,,-0.0,0.0,0.7031390134529149,1.0,0.8256977356503423,0.0,Euphorbia.dulcis,-0.29686098654708515,opth,4,False,mlp1,bce,msle
203,0.6426642664266426,0.0063229295829273936,0.75,0.4815481548154815,0.9981343283582089,0.6496660595021251,4.0,Euphorbia.helioscopia,0.2315481548154814,opth,4,False,mlp1,bce,msle
204,0.8811242908715833,0.06428306076588744,0.7142857142857143,0.8474729241877257,0.997874601487779,0.9165446559297218,7.0,Euphorbia.seguieriana,0.5617586384734401,opth,4,False,mlp1,bce,msle
205,0.7502347417840376,0.08974628752904018,0.9,0.5906103286384976,0.9921135646687698,0.7404355503237199,50.0,Euphorbia.brittingeri,0.4906103286384975,opth,4,False,mlp1,bce,msle
206,0.6545904590459046,0.01419366162827331,0.25,0.8082808280828083,0.9966703662597114,0.8926441351888668,4.0,Euphrasia.alpina,0.058280828082808434,opth,4,False,mlp1,bce,msle
207,0.8803542883241444,0.25707040088708183,0.8275862068965517,0.8022705771050141,0.9883449883449883,0.8856396866840731,58.0,Euphrasia.minima,0.6298567840015659,opth,4,False,mlp1,bce,msle
208,0.8380952380952381,0.1267762553555458,0.6333333333333333,0.8626728110599078,0.9883843717001056,0.9212598425196851,30.0,Euphrasia.salisburgensis,0.4960061443932411,opth,4,False,mlp1,bce,msle
209,0.6723672367236724,0.00832389974356536,0.5,0.7713771377137714,0.9976717112922002,0.8700507614213198,4.0,Euphrasia.stricta,0.27137713771377125,opth,4,False,mlp1,bce,msle
210,0.8544025705050036,0.3250235971367856,0.8823529411764706,0.6929911154985192,0.9831932773109243,0.8129704690214244,102.0,Festuca.arundinacea,0.5753440566749899,opth,4,False,mlp1,bce,msle
211,0.8115061111841241,0.23150406809132507,0.6071428571428571,0.8978840846366145,0.9888551165146909,0.9411764705882353,28.0,Festuca.ovina,0.5050269417794717,opth,4,False,mlp1,bce,msle
212,0.8931159420289856,0.08275292961162004,0.8181818181818182,0.8152173913043478,0.9977827050997783,0.8973080757726819,11.0,Festuca.halleri,0.633399209486166,opth,4,False,mlp1,bce,msle
213,0.7901610740002865,0.34827143105297187,0.6956521739130435,0.7190775681341719,0.9333333333333333,0.8123149792776792,161.0,Festuca.laevigata,0.41472974204721536,opth,4,False,mlp1,bce,msle
214,0.7308102505557892,0.2742672678167627,0.625,0.7354443309499489,0.933852140077821,0.8228571428571428,136.0,Festuca.nigrescens,0.360444330949949,opth,4,False,mlp1,bce,msle
215,0.8687591377111393,0.2884739693059577,0.8524590163934426,0.7685009487666035,0.989010989010989,0.8649225840896957,61.0,Festuca.paniculata,0.6209599651600461,opth,4,False,mlp1,bce,msle
216,0.8747040498442367,0.20253647105533962,0.7111111111111111,0.8074766355140187,0.9851767388825542,0.8875192604006163,45.0,Festuca.quadriflora,0.5185877466251299,opth,4,False,mlp1,bce,msle
217,0.6426592578520769,0.21794877100479704,0.546875,0.6514690982776089,0.9172610556348074,0.7618483412322274,128.0,Festuca.rubra,0.1983440982776088,opth,4,False,mlp1,bce,msle
218,0.8722887864823348,0.27418253840683376,0.8,0.727188940092166,0.9924528301886792,0.8393617021276596,30.0,Festuca.valesiaca,0.5271889400921661,opth,4,False,mlp1,bce,msle
219,0.8914003189792663,0.5151162362116656,0.7636363636363637,0.8305263157894737,0.9528985507246377,0.8875140607424072,165.0,Festuca.violacea,0.5941626794258372,opth,4,False,mlp1,bce,msle
220,0.7623963133640553,0.11251510325082949,0.6333333333333333,0.7345622119815668,0.9863861386138614,0.8420496566296883,30.0,Filipendula.vulgaris,0.3678955453149002,opth,4,False,mlp1,bce,msle
221,0.6574660633484163,0.016322470987766374,0.8,0.45610859728506786,0.9960474308300395,0.6256983240223464,10.0,Fragaria.vesca,0.25610859728506785,opth,4,False,mlp1,bce,msle
222,0.8708317114311666,0.07133909797093556,0.5,0.9227974568574023,0.9931573802541545,0.9566854990583804,14.0,Fumana.procumbens,0.4227974568574022,opth,4,False,mlp1,bce,msle
223,0.8577857785778578,0.07309817557075914,1.0,0.42844284428442847,1.0,0.5998739760554506,4.0,Galeopsis.tetrahit,0.4284428442844286,opth,4,False,mlp1,bce,msle
224,0.7822214753822887,0.07462910808940823,0.7272727272727273,0.7199630314232902,0.9885786802030457,0.8331550802139037,33.0,Galium.anisophyllon,0.4472357586960176,opth,4,False,mlp1,bce,msle
225,0.5796396396396397,0.00605928195101499,0.2,0.6972972972972973,0.9948586118251928,0.8199152542372882,5.0,Galium.aparine,-0.10270270270270276,opth,4,False,mlp1,bce,msle
226,0.7213073433036464,0.06217391727970613,0.696969696969697,0.6487985212569316,0.9859550561797753,0.782608695652174,33.0,Galium.boreale,0.3457682182266286,opth,4,False,mlp1,bce,msle
227,0.8854906806714035,0.18552737059296348,0.7222222222222222,0.8480074142724745,0.9891891891891892,0.9131736526946108,36.0,Galium.corrudifolium,0.5702296364946968,opth,4,False,mlp1,bce,msle
228,0.7387187088274044,0.01905927476703477,0.9090909090909091,0.6331521739130435,0.9985714285714286,0.7749445676274944,11.0,Galium.glaucum,0.5422430830039526,opth,4,False,mlp1,bce,msle
229,0.8207738276106553,0.10223706331277371,0.8888888888888888,0.585232452142206,0.9968944099378882,0.7375071797817346,18.0,Galium.lucidum,0.4741213410310947,opth,4,False,mlp1,bce,msle
230,0.7865867264278161,0.44848721685105825,0.8076923076923077,0.6254256526674233,0.924496644295302,0.7461069735951252,234.0,Galium.mollugo,0.43311796035973105,opth,4,False,mlp1,bce,msle
231,0.7368762202264739,0.27594263913066575,0.6923076923076923,0.6791878172588832,0.9435825105782792,0.7898465171192444,130.0,Galium.pumilum,0.3714955095665755,opth,4,False,mlp1,bce,msle
232,0.7516606075020386,0.43254358041106983,0.823321554770318,0.5697115384615384,0.9045801526717557,0.6991150442477876,283.0,Galium.verum,0.3930330932318564,opth,4,False,mlp1,bce,msle
233,0.8262496880978125,0.09200605910551822,0.5454545454545454,0.9121683440073193,0.9900695134061569,0.9495238095238095,22.0,Genista.pilosa,0.4576228894618648,opth,4,False,mlp1,bce,msle
234,0.6103807796917498,0.03254119311813713,0.4166666666666667,0.7597461468721668,0.991715976331361,0.8603696098562629,12.0,Genista.sagittalis,0.17641281353883342,opth,4,False,mlp1,bce,msle
235,0.7061625633054205,0.05317929323738866,0.8648648648648649,0.5241187384044527,0.9912280701754386,0.6856796116504854,37.0,Genista.tinctoria,0.3889836032693177,opth,4,False,mlp1,bce,msle
236,0.8090982747116575,0.09759155997026908,0.5384615384615384,0.8382899628252788,0.9804347826086957,0.9038076152304609,39.0,Gentiana.acaulis,0.3767515012868172,opth,4,False,mlp1,bce,msle
237,0.8151535682023486,0.022179815757456367,0.875,0.7497741644083108,0.9987966305655837,0.8565531475748194,8.0,Gentiana.alpina,0.6247741644083109,opth,4,False,mlp1,bce,msle
238,0.9368231046931408,0.4469957752156895,0.7142857142857143,0.894404332129964,0.9979859013091642,0.9433603046168492,7.0,Gentiana.bavarica,0.6086900464156781,opth,4,False,mlp1,bce,msle
239,0.7838438735177864,0.026521263039404473,1.0,0.43478260869565216,1.0,0.6060606060606061,11.0,Gentiana.cruciata,0.4347826086956521,opth,4,False,mlp1,bce,msle
240,0.856729975227085,0.25958873535363686,0.8051948051948052,0.8053949903660886,0.982373678025852,0.8851244044467973,77.0,Gentiana.lutea,0.6105897955608939,opth,4,False,mlp1,bce,msle
241,0.817770092226614,0.03297330506013165,0.09090909090909091,0.9519927536231884,0.9905749293119699,0.9709006928406466,11.0,Gentiana.nivalis,0.0429018445322793,opth,4,False,mlp1,bce,msle
242,0.8968214756258235,0.11293800831839633,0.9090909090909091,0.7182971014492754,0.9987405541561712,0.8356164383561644,11.0,Gentiana.punctata,0.6273880105401846,opth,4,False,mlp1,bce,msle
243,0.8608452230449702,0.37317228496425014,0.673469387755102,0.8112094395280236,0.9626604434072346,0.880469583778015,98.0,Gentiana.verna,0.4846788272831257,opth,4,False,mlp1,bce,msle
244,0.8400222965440356,0.10236966207661621,0.6956521739130435,0.7564102564102564,0.9915966386554622,0.8581818181818182,23.0,Geranium.columbinum,0.45206243032329985,opth,4,False,mlp1,bce,msle
245,0.8773595474150003,0.1860041222310192,0.8787878787878788,0.7606284658040665,0.9951632406287787,0.8622315348349922,33.0,Geranium.dissectum,0.6394163445919454,opth,4,False,mlp1,bce,msle
246,0.8684977978812046,0.1799421915923194,0.9032258064516129,0.6374538745387454,0.9956772334293948,0.7772778402699663,31.0,Geranium.molle,0.5406796809903582,opth,4,False,mlp1,bce,msle
247,0.7714552238805971,0.13582013534329723,0.6511627906976745,0.6847014925373134,0.9799732977303071,0.8061504667764964,43.0,Geranium.pyrenaicum,0.33586428323498785,opth,4,False,mlp1,bce,msle
248,0.8086253369272238,0.010123024278963662,0.5,0.9110512129380054,0.9990147783251232,0.9530075187969925,2.0,Geranium.robertianum,0.4110512129380055,opth,4,False,mlp1,bce,msle
249,0.6918238993710693,0.004708525022138707,1.0,0.5193171608265947,1.0,0.6836191602602011,2.0,Geranium.rotundifolium,0.5193171608265947,opth,4,False,mlp1,bce,msle
250,0.4307553956834533,0.0030325815918874023,0.0,0.7598920863309353,0.9964622641509434,0.8622448979591837,3.0,Geranium.sanguineum,-0.2401079136690647,opth,4,False,mlp1,bce,msle
251,0.8416553595658074,0.445375291098825,0.8090909090909091,0.7492537313432835,0.9728682170542635,0.8465430016863407,110.0,Geranium.sylvaticum,0.5583446404341927,opth,4,False,mlp1,bce,msle
252,0.8589568221070811,0.36623844373708575,0.76,0.827979274611399,0.9568862275449102,0.8877777777777778,150.0,Geum.montanum,0.587979274611399,opth,4,False,mlp1,bce,msle
253,0.7086598352421137,0.03423249716045111,0.5555555555555556,0.581374321880651,0.9938176197836167,0.7335995436394752,9.0,Geum.rivale,0.13692987743620666,opth,4,False,mlp1,bce,msle
254,0.8836930455635492,0.023037788908096074,1.0,0.5071942446043165,1.0,0.6730310262529833,3.0,Geum.urbanum,0.5071942446043165,opth,4,False,mlp1,bce,msle
255,0.6683198076345056,0.010443112739756347,0.5,0.715058611361587,0.9962311557788944,0.8325459317585302,6.0,Glechoma.hederacea,0.2150586113615871,opth,4,False,mlp1,bce,msle
256,0.8297213622291022,0.1719553803582933,0.6470588235294118,0.8590225563909775,0.98068669527897,0.9158316633266533,51.0,Globularia.bisnagarica,0.5060813799203894,opth,4,False,mlp1,bce,msle
257,0.834684130544902,0.3319254568849192,0.6153846153846154,0.8334901222953904,0.977924944812362,0.8999492127983748,52.0,Globularia.cordifolia,0.44887473768000596,opth,4,False,mlp1,bce,msle
258,0.908273381294964,0.027226589560555403,1.0,0.789568345323741,1.0,0.8824120603015075,3.0,Globularia.nudicaulis,0.789568345323741,opth,4,False,mlp1,bce,msle
259,0.7173972980424592,0.1243872315950878,0.5645161290322581,0.6790123456790124,0.9636118598382749,0.7966573816155988,62.0,Gymnadenia.conopsea,0.24352847471127048,opth,4,False,mlp1,bce,msle
260,0.8121266968325792,0.13974498170436847,0.7,0.7131221719457014,0.9962073324905183,0.8312236286919831,10.0,Gypsophila.repens,0.4131221719457012,opth,4,False,mlp1,bce,msle
261,0.7508893186267488,0.3357050216547946,0.7094972067039106,0.7072649572649573,0.927170868347339,0.8024242424242424,179.0,Helianthemum.nummularium,0.4167621639688679,opth,4,False,mlp1,bce,msle
262,0.558955895589559,0.005065515098987443,0.75,0.42754275427542754,0.9978991596638656,0.5986137366099559,4.0,Helleborus.foetidus,0.17754275427542754,opth,4,False,mlp1,bce,msle
263,0.8213777205234253,0.310276891251954,0.8604651162790697,0.6316812439261419,0.9818731117824774,0.768775872264932,86.0,Heracleum.sphondylium,0.49214636020521163,opth,4,False,mlp1,bce,msle
264,0.7514182568334192,0.018103669669492978,0.7142857142857143,0.7328519855595668,0.9975429975429976,0.8449531737773153,7.0,Hieracium.bifidum,0.44713769984528096,opth,4,False,mlp1,bce,msle
265,0.6929666366095582,0.009822728243885172,1.0,0.47069431920649235,1.0,0.6400980993255672,6.0,Hieracium.murorum,0.4706943192064923,opth,4,False,mlp1,bce,msle
266,0.8865159679327113,0.17160589634258022,0.4642857142857143,0.9429622815087396,0.9855769230769231,0.9637987776210625,28.0,Hieracium.piliferum,0.4072479957944539,opth,4,False,mlp1,bce,msle
267,0.8749549549549549,0.025188650426684677,0.8,0.8135135135135135,0.9988938053097345,0.8967229394240318,5.0,Hieracium.prenanthoides,0.6135135135135137,opth,4,False,mlp1,bce,msle
268,0.8672412292156351,0.10008168212904026,0.5714285714285714,0.8756855575868373,0.9906928645294726,0.9296458030082484,21.0,Hieracium.villosum,0.4471141290154086,opth,4,False,mlp1,bce,msle
269,0.8620718050065876,0.12720749596554168,0.6363636363636364,0.7346014492753623,0.9950920245398773,0.8452318916102136,11.0,Himantoglossum.hircinum,0.37096508563899855,opth,4,False,mlp1,bce,msle
270,0.7138609715242881,0.20385515325624737,0.49166666666666664,0.7376884422110552,0.9232704402515723,0.8201117318435754,120.0,Hippocrepis.comosa,0.22935510887772192,opth,4,False,mlp1,bce,msle
271,0.9206429454154429,0.6028521749510763,0.8333333333333334,0.8210313447927199,0.9747899159663865,0.8913282107574094,126.0,Holcus.lanatus,0.6543646781260533,opth,4,False,mlp1,bce,msle
272,0.8733567903044519,0.17792720060853134,0.5789473684210527,0.8765088207985144,0.9833333333333333,0.9268532155130094,38.0,Homogyne.alpina,0.455456189219567,opth,4,False,mlp1,bce,msle
273,0.7900452488687782,0.02670990774509202,0.2,0.9113122171945701,0.9921182266009853,0.95,10.0,Hornungia.petraea,0.11131221719457018,opth,4,False,mlp1,bce,msle
274,0.877807651375119,0.21778752692145373,0.8787878787878788,0.7024029574861368,0.9947643979057592,0.8234019501625135,33.0,Hypericum.maculatum,0.5811908362740157,opth,4,False,mlp1,bce,msle
275,0.8136153846153846,0.2533065596114911,0.8933333333333333,0.5490384615384616,0.9861830742659758,0.705373687461396,75.0,Hypericum.perforatum,0.4423717948717949,opth,4,False,mlp1,bce,msle
276,0.8956697247706422,0.1305323138384452,0.92,0.8,0.9977116704805492,0.8879837067209776,25.0,Hypericum.richeri,0.7200000000000002,opth,4,False,mlp1,bce,msle
277,0.8654875913912058,0.2434090324669276,0.75,0.7655236329935126,0.9892215568862276,0.8631138975966562,36.0,Hypochaeris.maculata,0.5155236329935127,opth,4,False,mlp1,bce,msle
278,0.889108960537532,0.23675319534799003,0.8648648648648649,0.7096474953617811,0.9935064935064936,0.827922077922078,37.0,Hypochaeris.radicata,0.574512360226646,opth,4,False,mlp1,bce,msle
279,0.8582358235823582,0.08387879542060726,1.0,0.41134113411341133,1.0,0.5829081632653061,4.0,Hyssopus.officinalis,0.4113411341134112,opth,4,False,mlp1,bce,msle
280,0.9164400120882442,0.13207907720362155,1.0,0.6174070716228468,1.0,0.7634529147982063,12.0,Inula.salicina,0.6174070716228468,opth,4,False,mlp1,bce,msle
281,0.9276729559748428,0.018038163387000594,1.0,0.49236298292902064,1.0,0.6598434677904876,2.0,Isatis.tinctoria,0.4923629829290206,opth,4,False,mlp1,bce,msle
282,0.4161939143888603,0.006190233341836365,0.0,0.8998194945848376,0.9930278884462151,0.9441287878787878,7.0,Juncus.alpinoarticulatus,-0.10018050541516244,opth,4,False,mlp1,bce,msle
283,0.8007213706041479,0.06819661651968349,0.5,0.7799819657348963,0.9965437788018433,0.8750632271117855,6.0,Juncus.articulatus,0.2799819657348963,opth,4,False,mlp1,bce,msle
284,0.822907222725899,0.09777695553738461,0.25,0.9655485040797824,0.9916201117318436,0.9784106568672485,12.0,Juncus.effusus,0.21554850407978243,opth,4,False,mlp1,bce,msle
285,0.8337288845455815,0.1398313283950916,0.46153846153846156,0.8457350272232305,0.9925452609158679,0.9132778049975502,13.0,Juncus.inflexus,0.3072734887616919,opth,4,False,mlp1,bce,msle
286,0.8819634703196347,0.3018309062643193,0.7,0.8347031963470319,0.9934782608695653,0.9071960297766749,20.0,Juncus.jacquinii,0.5347031963470319,opth,4,False,mlp1,bce,msle
287,0.7876246600181324,0.032724936003487956,0.4166666666666667,0.7815049864007253,0.9919447640966629,0.8742393509127789,12.0,Juncus.trifidus,0.19817165306739204,opth,4,False,mlp1,bce,msle
288,,-0.0,0.0,0.9551569506726457,1.0,0.9770642201834863,0.0,Juncus.triglumis,-0.04484304932735428,opth,4,False,mlp1,bce,msle
289,0.8153883638176832,0.4103129328573518,0.7853403141361257,0.6861471861471862,0.9392592592592592,0.792995622263915,191.0,Knautia.arvensis,0.4714875002833119,opth,4,False,mlp1,bce,msle
290,0.8321266968325791,0.26015982801884885,0.7,0.6914027149321267,0.9960886571056062,0.8162393162393162,10.0,Knautia.dipsacifolia,0.39140271493212664,opth,4,False,mlp1,bce,msle
291,0.8202554744525548,0.0543311824318542,0.8947368421052632,0.6523722627737226,0.99721059972106,0.7887479316050745,19.0,Koeleria.macrantha,0.5471091048789858,opth,4,False,mlp1,bce,msle
292,0.7961728517892084,0.15739006825486976,0.6666666666666666,0.7514177693761814,0.9766584766584766,0.8493589743589743,57.0,Koeleria.pyramidata,0.41808443604284795,opth,4,False,mlp1,bce,msle
293,0.8230465835198807,0.28739788840739106,0.5849056603773585,0.847457627118644,0.9761388286334056,0.907258064516129,53.0,Koeleria.vallesiana,0.4323632874960026,opth,4,False,mlp1,bce,msle
294,0.865263045108754,0.11684345375834977,0.8235294117647058,0.7868852459016393,0.9965397923875432,0.8793893129770992,17.0,Lactuca.perennis,0.6104146576663452,opth,4,False,mlp1,bce,msle
295,0.7213438735177866,0.017673532965847956,0.45454545454545453,0.740036231884058,0.9927095990279465,0.8479501816294759,11.0,Lactuca.serriola,0.19458168642951246,opth,4,False,mlp1,bce,msle
296,0.8174460431654675,0.012728742457750923,1.0,0.5584532374100719,1.0,0.7166762839007501,3.0,Lamium.purpureum,0.5584532374100719,opth,4,False,mlp1,bce,msle
297,0.7796762589928058,0.024437352870574518,0.6666666666666666,0.6357913669064749,0.998587570621469,0.7769230769230769,3.0,Lapsana.communis,0.3024580335731415,opth,4,False,mlp1,bce,msle
298,0.8642951251646903,0.03959400735306019,0.9090909090909091,0.779891304347826,0.9988399071925754,0.8758901322482198,11.0,Laserpitium.halleri,0.6889822134387351,opth,4,False,mlp1,bce,msle
299,0.9011370637988014,0.18600686156895357,0.9090909090909091,0.7005545286506469,0.9960578186596584,0.822571893651655,33.0,Laserpitium.latifolium,0.6096454377415559,opth,4,False,mlp1,bce,msle
300,0.8326120340639397,0.03993244657787548,0.8461538461538461,0.7858439201451906,0.9976958525345622,0.8791878172588833,13.0,Laserpitium.siler,0.6319977662990368,opth,4,False,mlp1,bce,msle
301,0.7336255801959773,0.012466538522128295,1.0,0.6335740072202166,1.0,0.7756906077348066,7.0,Lathyrus.heterophyllus,0.6335740072202167,opth,4,False,mlp1,bce,msle
302,0.6867686768676867,0.01516071660349259,0.25,0.8991899189918992,0.9970059880239521,0.9455750118315192,4.0,Lathyrus.occidentalis,0.14918991899189926,opth,4,False,mlp1,bce,msle
303,0.774762206063875,0.4140658643246035,0.780373831775701,0.6215316315205327,0.9225700164744646,0.7427055702917772,214.0,Lathyrus.pratensis,0.40190546329623356,opth,4,False,mlp1,bce,msle
304,0.9555154794108807,0.1295429105133124,0.8333333333333334,0.9197475202885482,0.9990205680705191,0.9577464788732394,6.0,Lathyrus.sphaericus,0.7530808536218816,opth,4,False,mlp1,bce,msle
305,0.8545945945945946,0.03656108449153041,0.8,0.7126126126126127,0.9987373737373737,0.8317560462670873,5.0,Lathyrus.sylvestris,0.5126126126126127,opth,4,False,mlp1,bce,msle
306,0.5978456014362656,0.0022271714922048997,1.0,0.5062836624775583,1.0,0.6722288438617402,1.0,Lathyrus.tuberosus,0.5062836624775584,opth,4,False,mlp1,bce,msle
307,0.481136712749616,0.029555768247230687,0.8,0.16589861751152074,0.967741935483871,0.2832415420928403,30.0,Leontodon.autumnalis,-0.03410138248847927,opth,4,False,mlp1,bce,msle
308,0.7011915868034942,0.34849052855846363,0.6394230769230769,0.6571113561190739,0.8882265275707899,0.7553865652724968,208.0,Leontodon.hispidus,0.2965344330421509,opth,4,False,mlp1,bce,msle
309,0.9037837837837839,0.04131179822356293,1.0,0.7036036036036036,1.0,0.8260179799048123,5.0,Leontopodium.alpinum,0.7036036036036037,opth,4,False,mlp1,bce,msle
310,0.9457039760348585,0.30807541601954613,0.9259259259259259,0.8290441176470589,0.9977876106194691,0.9056224899598394,27.0,Leucanthemopsis.alpina,0.7549700435729849,opth,4,False,mlp1,bce,msle
311,0.8342591869410709,0.5325634351296327,0.853448275862069,0.6840317100792752,0.9467084639498433,0.7942143326758712,232.0,Leucanthemum.vulgare,0.5374799859413442,opth,4,False,mlp1,bce,msle
312,0.8287220026350461,0.14337579376519705,0.7272727272727273,0.7771739130434783,0.9965156794425087,0.8732824427480916,11.0,Lilium.martagon,0.5044466403162056,opth,4,False,mlp1,bce,msle
313,0.481149012567325,0.0017271157167530224,1.0,0.3249551166965889,1.0,0.4905149051490515,1.0,Linaria.repens,0.32495511669658894,opth,4,False,mlp1,bce,msle
314,0.8155757286192069,0.10499249367390116,0.7391304347826086,0.7582417582417582,0.9928057553956835,0.8598130841121495,23.0,Linum.alpinum,0.49737219302436686,opth,4,False,mlp1,bce,msle
315,0.6357785896792988,0.13137761780041377,0.5185185185185185,0.6634429400386848,0.9462068965517242,0.7799886299033542,81.0,Linum.catharticum,0.18196145855720314,opth,4,False,mlp1,bce,msle
316,0.8556073703366698,0.07605257770807121,0.625,0.8726114649681529,0.9937823834196892,0.9292635658914729,16.0,Linum.tenuifolium,0.4976114649681529,opth,4,False,mlp1,bce,msle
317,0.6983227561196736,0.023629358843064108,0.6666666666666666,0.6056210335448776,0.9940476190476191,0.7526760563380281,12.0,Listera.ovata,0.27228770021154425,opth,4,False,mlp1,bce,msle
318,0.7277227722772277,0.01029271158627196,1.0,0.5787578757875788,1.0,0.7331812998859749,4.0,Lolium.multiflorum,0.5787578757875789,opth,4,False,mlp1,bce,msle
319,0.8630608312689239,0.2558282332704031,0.8961038961038961,0.6801541425818882,0.988795518207283,0.8059360730593608,77.0,Lolium.perenne,0.5762580386857843,opth,4,False,mlp1,bce,msle
320,0.7672474220099289,0.5706983530287681,0.8337801608579088,0.5619946091644205,0.8705636743215032,0.683046683046683,373.0,Lotus.corniculatus,0.3957747700223293,opth,4,False,mlp1,bce,msle
321,0.7609557484195864,0.039034704494800745,0.7647058823529411,0.5628415300546448,0.9935691318327974,0.7186046511627907,17.0,Lotus.maritimus,0.3275474124075859,opth,4,False,mlp1,bce,msle
322,0.7872727272727272,0.16291334920265954,0.6545454545454545,0.7320754716981132,0.9761006289308176,0.8366576819407008,55.0,Luzula.campestris,0.3866209262435678,opth,4,False,mlp1,bce,msle
323,0.8510630783358056,0.0936577263876153,0.7307692307692307,0.8071625344352618,0.9920993227990971,0.890126582278481,26.0,Luzula.lutea,0.5379317652044926,opth,4,False,mlp1,bce,msle
324,0.6870375206755462,0.030473868825300225,0.7142857142857143,0.5694698354661791,0.9904610492845787,0.7231572838073128,21.0,Luzula.multiflora,0.28375554975189354,opth,4,False,mlp1,bce,msle
325,0.9153116531165312,0.05814796159471949,1.0,0.7651309846431797,1.0,0.8669396110542477,8.0,Luzula.sieberi,0.7651309846431797,opth,4,False,mlp1,bce,msle
326,0.8590067900412728,0.13590785977809886,0.8095238095238095,0.7903075489282386,0.9906542056074766,0.8792120269569725,42.0,Luzula.spicata,0.599831358452048,opth,4,False,mlp1,bce,msle
327,0.8273221343873518,0.04134905031166984,0.45454545454545453,0.845108695652174,0.9936102236421726,0.9133627019089574,11.0,Luzula.sudetica,0.2996541501976284,opth,4,False,mlp1,bce,msle
328,0.8731590021039977,0.027500716583454092,0.8333333333333334,0.8133453561767358,0.9988925802879292,0.8966202783300199,6.0,Lysimachia.nummularia,0.6466786895100691,opth,4,False,mlp1,bce,msle
329,0.8460968379446641,0.23366263699566173,0.6363636363636364,0.8740942028985508,0.9958720330237358,0.9310178485287024,11.0,Lysimachia.vulgaris,0.510457839262187,opth,4,False,mlp1,bce,msle
330,0.8055855855855856,0.03631933063983642,0.6,0.6342342342342342,0.9971671388101983,0.775330396475771,5.0,Malva.moschata,0.23423423423423406,opth,4,False,mlp1,bce,msle
331,0.6845184518451846,0.006730522796354733,1.0,0.5427542754275427,1.0,0.7036172695449242,4.0,Malva.sylvestris,0.5427542754275427,opth,4,False,mlp1,bce,msle
332,0.7836698046471132,0.08617328545651293,0.7058823529411765,0.6901017576318224,0.9867724867724867,0.8121937942297224,34.0,Medicago.falcata,0.39598411057299887,opth,4,False,mlp1,bce,msle
333,0.8147905759162304,0.37327716743990746,0.875,0.6272251308900524,0.9676898222940227,0.761118170266836,160.0,Medicago.lupulina,0.5022251308900523,opth,4,False,mlp1,bce,msle
334,0.8576869806094183,0.14530298364060606,0.6875,0.8439519852262235,0.9891774891774892,0.9108121574489287,32.0,Medicago.minima,0.5314519852262234,opth,4,False,mlp1,bce,msle
335,0.8313799203892083,0.18599237526487705,0.803921568627451,0.7133458646616542,0.9869960988296489,0.8281505728314239,51.0,Medicago.sativa,0.5172674332891052,opth,4,False,mlp1,bce,msle
336,0.7711156278229448,0.30142612377022987,0.625,0.7696476964769647,0.9964912280701754,0.8685015290519877,8.0,Melica.ciliata,0.39464769647696474,opth,4,False,mlp1,bce,msle
337,0.8281081081081082,0.017653961551506992,1.0,0.5630630630630631,1.0,0.7204610951008645,5.0,Melilotus.albus,0.5630630630630631,opth,4,False,mlp1,bce,msle
338,0.8997113997113997,0.26455039453186857,0.8863636363636364,0.7684407096171803,0.9939613526570048,0.8667719852553976,44.0,Meum.athamanticum,0.6548043459808166,opth,4,False,mlp1,bce,msle
339,0.6993699369936994,0.007117766681467638,0.75,0.6381638163816382,0.9985915492957746,0.7786930258099946,4.0,Minuartia.laricifolia,0.3881638163816383,opth,4,False,mlp1,bce,msle
340,0.7846696265343431,0.0860071797623704,0.3333333333333333,0.8473491773308958,0.9851222104144527,0.9110565110565111,21.0,Minuartia.rostrata,0.18068251066422913,opth,4,False,mlp1,bce,msle
341,0.8732246998284735,0.20956065998583961,0.509090909090909,0.8943396226415095,0.9723076923076923,0.9316953316953317,55.0,Minuartia.verna,0.4034305317324185,opth,4,False,mlp1,bce,msle
342,0.842461044912924,0.18943658492759238,0.75,0.7066911090742438,0.9922779922779923,0.8254817987152034,24.0,Muscari.comosum,0.4566911090742438,opth,4,False,mlp1,bce,msle
343,0.8262319076272565,0.4007488325034572,0.6390532544378699,0.8023255813953488,0.925609756097561,0.8595696489241224,169.0,Myosotis.alpestris,0.4413788358332187,opth,4,False,mlp1,bce,msle
344,0.8135057318990337,0.319602701944277,0.8230088495575221,0.6636726546906188,0.9708029197080292,0.7883817427385892,113.0,Myosotis.arvensis,0.48668150424814094,opth,4,False,mlp1,bce,msle
345,0.836759200395564,0.15363908722363337,0.7307692307692307,0.7796143250688705,0.991822429906542,0.8730077120822622,26.0,Myosotis.ramosissima,0.5103835558381014,opth,4,False,mlp1,bce,msle
346,0.933599793708097,0.42369367331296265,0.5714285714285714,0.9404332129963899,0.9971291866028709,0.9679516953088714,7.0,Myosotis.scorpioides,0.5118617844249613,opth,4,False,mlp1,bce,msle
347,0.6476276431150076,0.020899910917871616,0.42857142857142855,0.8158844765342961,0.9955947136563876,0.8968253968253969,7.0,Myosotis.stricta,0.24445590510572468,opth,4,False,mlp1,bce,msle
348,0.7698678133460741,0.07560349804467163,0.6956521739130435,0.6932234432234432,0.9908376963350786,0.8157327586206896,23.0,Narcissus.poeticus,0.38887561713648666,opth,4,False,mlp1,bce,msle
349,0.8029963369963369,0.2849476942110543,0.8428571428571429,0.6656410256410257,0.9672131147540983,0.7885783718104495,140.0,Nardus.stricta,0.5084981684981686,opth,4,False,mlp1,bce,msle
350,0.8659420289855072,0.04233458210033356,0.7272727272727273,0.8079710144927537,0.9966480446927374,0.8924462231115557,11.0,Odontites.luteus,0.535243741765481,opth,4,False,mlp1,bce,msle
351,0.8566896551724137,0.340867304045378,0.85,0.7458128078817734,0.9805699481865285,0.8472299944040291,100.0,Onobrychis.montana,0.5958128078817735,opth,4,False,mlp1,bce,msle
352,0.8650505050505052,0.40878059291072677,0.92,0.6818181818181818,0.9854014598540146,0.8059701492537313,125.0,Onobrychis.viciifolia,0.6018181818181818,opth,4,False,mlp1,bce,msle
353,0.8532010582010583,0.13327781606423056,0.5428571428571428,0.8768518518518519,0.9833852544132918,0.9270680372001958,35.0,Ononis.natrix,0.4197089947089947,opth,4,False,mlp1,bce,msle
354,0.7921467889908257,0.05872252955697987,0.48,0.7880733944954128,0.9850917431192661,0.8756371049949032,25.0,Ononis.repens,0.2680733944954128,opth,4,False,mlp1,bce,msle
355,0.8061219235918031,0.09616859157040547,0.6944444444444444,0.6997219647822057,0.9856396866840731,0.8184281842818428,36.0,Ononis.spinosa,0.39416640922665014,opth,4,False,mlp1,bce,msle
356,0.7547747747747748,0.012647945463206231,0.8,0.5369369369369369,0.998324958123953,0.6983011130638547,5.0,Ophioglossum.vulgatum,0.33693693693693705,opth,4,False,mlp1,bce,msle
357,0.8346393409684549,0.164308183443337,0.8888888888888888,0.7513562386980108,0.9987980769230769,0.8575851393188855,9.0,Ophrys.apifera,0.6402451275868997,opth,4,False,mlp1,bce,msle
358,0.6829432943294329,0.008031668016604092,0.25,0.8595859585958596,0.9968684759916493,0.9231512808119865,4.0,Ophrys.insectifera,0.10958595859585962,opth,4,False,mlp1,bce,msle
359,0.6107604448452059,0.015278576392555348,0.5,0.7285843101893598,0.9963008631319359,0.8416666666666667,6.0,Orchis.mascula,0.22858431018935965,opth,4,False,mlp1,bce,msle
360,0.7011181625868843,0.01801708994920058,1.0,0.4188576609247507,1.0,0.5904153354632588,12.0,Orchis.militaris,0.41885766092475074,opth,4,False,mlp1,bce,msle
361,0.8549746075715605,0.18435100274368138,0.75,0.7793167128347184,0.9906103286384976,0.8723514211886305,32.0,Origanum.vulgare,0.5293167128347185,opth,4,False,mlp1,bce,msle
362,0.7476497695852534,0.09539101986387707,0.5666666666666667,0.7935483870967742,0.9851258581235698,0.8790199081163859,30.0,Ornithogalum.umbellatum,0.360215053763441,opth,4,False,mlp1,bce,msle
363,0.6114106019766397,0.0033774808232574175,1.0,0.49865229110512127,1.0,0.6654676258992805,2.0,Orobanche.alba,0.4986522911051212,opth,4,False,mlp1,bce,msle
364,0.6832129963898917,0.013858962266191183,0.42857142857142855,0.7445848375451264,0.9951749095295537,0.8518327310273619,7.0,Orobanche.caryophyllacea,0.17315626611655488,opth,4,False,mlp1,bce,msle
365,0.7955814270152505,0.06561473275313988,0.7037037037037037,0.7068014705882353,0.9897039897039897,0.8246648793565684,27.0,Oxytropis.campestris,0.410505174291939,opth,4,False,mlp1,bce,msle
366,0.8337247706422017,0.09895567265523293,0.56,0.8211009174311926,0.9878587196467992,0.8967935871743486,25.0,Oxytropis.helvetica,0.3811009174311928,opth,4,False,mlp1,bce,msle
367,0.8046846846846847,0.03685342204852095,0.8,0.7441441441441441,0.9987908101571947,0.8528652555498193,5.0,Oxytropis.pilosa,0.5441441441441441,opth,4,False,mlp1,bce,msle
368,0.7610859728506787,0.02163459193809988,0.8,0.6235294117647059,0.9971056439942113,0.767260579064588,10.0,Papaver.rhoeas,0.42352941176470593,opth,4,False,mlp1,bce,msle
369,0.8973462979844019,0.17118964298643952,0.8333333333333334,0.7994530537830447,0.9965909090909091,0.887202832574608,18.0,Paradisea.liliastrum,0.6327863871163779,opth,4,False,mlp1,bce,msle
370,0.7297910990009082,0.03084270659887579,0.2857142857142857,0.8192552225249773,0.9890350877192983,0.8961748633879781,14.0,Parnassia.palustris,0.10496950823926299,opth,4,False,mlp1,bce,msle
371,0.7702134054703937,0.013248739803197518,0.8333333333333334,0.6384129846708747,0.998589562764457,0.7788778877887789,6.0,Pastinaca.sativa,0.4717463180042081,opth,4,False,mlp1,bce,msle
372,0.5914130995358432,0.016574031608833924,0.42857142857142855,0.5,0.992831541218638,0.6650660264105642,7.0,Pedicularis.foliosa,-0.0714285714285714,opth,4,False,mlp1,bce,msle
373,0.8337967253629904,0.18341041894945062,0.6944444444444444,0.8359592215013901,0.9879518072289156,0.9056224899598394,36.0,Pedicularis.gyroflexa,0.5304036659458347,opth,4,False,mlp1,bce,msle
374,0.8760297367892305,0.04563199545016171,0.7777777777777778,0.8056057866184448,0.9977603583426652,0.8914457228614308,9.0,Pedicularis.tuberosa,0.5833835643962226,opth,4,False,mlp1,bce,msle
375,0.7911755817467513,0.10772198239220386,0.5833333333333334,0.7688123300090662,0.9941383352872216,0.8670756646216768,12.0,Pedicularis.verticillata,0.3521456633423996,opth,4,False,mlp1,bce,msle
376,0.7244053095019056,0.08327548277867385,0.32142857142857145,0.860165593376265,0.980083857442348,0.916217540421362,28.0,Petrorhagia.prolifera,0.18159416480483648,opth,4,False,mlp1,bce,msle
377,0.8394640799077987,0.07836614645755206,0.42105263157894735,0.8877737226277372,0.9888211382113821,0.9355769230769231,19.0,Petrorhagia.saxifraga,0.3088263542066847,opth,4,False,mlp1,bce,msle
378,0.8003927035343318,0.3423033351570814,0.6949152542372882,0.7602808425275828,0.9546599496221663,0.8464544946957008,118.0,Phleum.alpinum,0.45519609676487094,opth,4,False,mlp1,bce,msle
379,,-0.0,0.0,0.8,1.0,0.8888888888888888,0.0,Phleum.hirsutum,-0.19999999999999996,opth,4,False,mlp1,bce,msle
380,0.8561697158427404,0.07623444408289037,0.5714285714285714,0.7920072661217076,0.9931662870159453,0.8812531581606872,14.0,Phleum.phleoides,0.36343583755027886,opth,4,False,mlp1,bce,msle
381,0.8789497716894977,0.12076482832715936,0.85,0.7579908675799086,0.9963985594237695,0.8609958506224067,20.0,Phyteuma.betonicifolium,0.6079908675799086,opth,4,False,mlp1,bce,msle
382,0.8612313276560101,0.043095571800744414,0.9230769230769231,0.6950998185117967,0.9986962190352021,0.8196896736222579,13.0,Phyteuma.hemisphaericum,0.6181767415887198,opth,4,False,mlp1,bce,msle
383,0.7606115190984251,0.2141516045818444,0.6071428571428571,0.7904946653734238,0.9610849056603774,0.8674827035657264,84.0,Phyteuma.orbiculare,0.39763752251628093,opth,4,False,mlp1,bce,msle
384,0.6538738738738739,0.019009985998683303,0.8,0.34234234234234234,0.9973753280839895,0.5097250167672703,5.0,Phyteuma.ovatum,0.14234234234234244,opth,4,False,mlp1,bce,msle
385,0.8079931426122362,0.08785828246307853,0.47058823529411764,0.8916211293260473,0.9908906882591093,0.9386385426653883,17.0,Phyteuma.spicatum,0.36220936462016495,opth,4,False,mlp1,bce,msle
386,0.760651901833814,0.12646216822000156,0.7058823529411765,0.6456984273820536,0.9858757062146892,0.7803242034656233,34.0,Picris.hieracioides,0.35158078032323026,opth,4,False,mlp1,bce,msle
387,0.8556134984706414,0.23222244220525207,0.8378378378378378,0.6595547309833024,0.9916317991631799,0.792200557103064,37.0,Pimpinella.major,0.49739256882114025,opth,4,False,mlp1,bce,msle
388,0.7611267605633802,0.10012837740450338,0.74,0.6676056338028169,0.9820441988950276,0.7948574622694242,50.0,Pimpinella.saxifraga,0.4076056338028169,opth,4,False,mlp1,bce,msle
389,0.9057618247683042,0.5671897819422294,0.8835978835978836,0.8185745140388769,0.9717948717948718,0.8886283704572099,189.0,Plantago.alpina,0.7021723976367604,opth,4,False,mlp1,bce,msle
390,0.8307904216995126,0.0811142525237368,0.7692307692307693,0.751147842056933,0.9927184466019418,0.8552012545739676,26.0,Plantago.atrata,0.5203786112877022,opth,4,False,mlp1,bce,msle
391,0.8335875137906419,0.5737271541977694,0.875,0.6609124537607891,0.9337979094076655,0.7740072202166065,304.0,Plantago.lanceolata,0.5359124537607891,opth,4,False,mlp1,bce,msle
392,0.7339357429718876,0.11675649278754369,0.8055555555555556,0.4782205746061168,0.9866156787762906,0.6441947565543071,36.0,Plantago.major,0.28377613016167236,opth,4,False,mlp1,bce,msle
393,0.7992448794399792,0.455586524139787,0.8423645320197044,0.5964912280701754,0.9444444444444444,0.7311827956989247,203.0,Plantago.media,0.4388557600898797,opth,4,False,mlp1,bce,msle
394,0.8042638755726004,0.2545489037384859,0.6944444444444444,0.785234899328859,0.9738406658739596,0.8694267515923567,72.0,Plantago.maritima,0.47967934377330357,opth,4,False,mlp1,bce,msle
395,0.5338142470694319,0.010600979905626213,0.3333333333333333,0.6230838593327321,0.9942446043165467,0.7660753880266076,6.0,Platanthera.bifolia,-0.0435828073339346,opth,4,False,mlp1,bce,msle
396,0.914822991153557,0.763503348448229,0.8102893890675241,0.8694029850746269,0.9221635883905013,0.8950064020486556,311.0,Poa.alpina,0.679692374142151,opth,4,False,mlp1,bce,msle
397,0.8607367475292004,0.009527266128300516,1.0,0.394429469901168,1.0,0.5657216494845361,2.0,Poa.annua,0.3944294699011679,opth,4,False,mlp1,bce,msle
398,0.8184258809562355,0.21530351040753765,0.8028169014084507,0.6906130268199234,0.9809523809523809,0.8105677346824058,71.0,Poa.bulbosa,0.49342992822837406,opth,4,False,mlp1,bce,msle
399,0.9016786570743406,0.017163942437665065,1.0,0.7877697841726619,1.0,0.8812877263581489,3.0,Poa.cenisia,0.7877697841726619,opth,4,False,mlp1,bce,msle
400,0.7573127611700419,0.0541206955643666,0.7647058823529411,0.7595628415300546,0.9952267303102625,0.8615702479338843,17.0,Poa.chaixii,0.5242687238829957,opth,4,False,mlp1,bce,msle
401,0.8071475625823452,0.06699062431026416,1.0,0.35778985507246375,1.0,0.5270180120080054,11.0,Poa.compressa,0.35778985507246386,opth,4,False,mlp1,bce,msle
402,0.5803330333033303,0.03513266942421245,0.25,0.8568856885688569,0.9968586387434555,0.9215876089060987,4.0,Poa.nemoralis,0.10688568856885694,opth,4,False,mlp1,bce,msle
403,0.7948817605499992,0.5333636151432167,0.8079710144927537,0.6293206197854588,0.9087779690189329,0.7436619718309859,276.0,Poa.pratensis,0.4372916342782125,opth,4,False,mlp1,bce,msle
404,0.7675306409483625,0.05342763623550962,0.2222222222222222,0.8842676311030742,0.9928934010152284,0.9354375896700143,9.0,Poa.supina,0.10648985332529648,opth,4,False,mlp1,bce,msle
405,0.8395285584768812,0.13340401627756873,0.75,0.8077969174977334,0.9966442953020134,0.8923385077616425,12.0,Polygala.alpestris,0.5577969174977335,opth,4,False,mlp1,bce,msle
406,0.5170709793351302,0.0042704897058721825,0.0,0.9200359389038635,0.9980506822612085,0.9574567554932212,2.0,Polygala.amarella,-0.07996406109613652,opth,4,False,mlp1,bce,msle
407,0.8312031243065726,0.15743742327917978,0.5952380952380952,0.8191985088536813,0.9810267857142857,0.8928390045708482,42.0,Polygala.comosa,0.4144366040917764,opth,4,False,mlp1,bce,msle
408,0.6973374116231259,0.0844938554610473,0.6756756756756757,0.5871985157699443,0.9813953488372092,0.73476494486361,37.0,Polygala.vulgaris,0.26287419144561985,opth,4,False,mlp1,bce,msle
409,0.7772972972972974,0.21153741789611355,0.8,0.6333333333333333,0.9985795454545454,0.7750826901874311,5.0,Polygonum.aviculare,0.43333333333333335,opth,4,False,mlp1,bce,msle
410,0.8113875598086124,0.29835629451112705,0.7571428571428571,0.723444976076555,0.9780077619663649,0.8316831683168316,70.0,Polygonum.bistorta,0.480587833219412,opth,4,False,mlp1,bce,msle
411,0.8212013694366634,0.3706656072387076,0.7588235294117647,0.7375661375661375,0.9444444444444444,0.8282828282828283,170.0,Polygonum.viviparum,0.4963896669779022,opth,4,False,mlp1,bce,msle
412,0.5623501199040768,0.0045296905333979485,0.3333333333333333,0.7652877697841727,0.9976553341148886,0.8661577608142493,3.0,Polystichum.lonchitis,0.09862110311750594,opth,4,False,mlp1,bce,msle
413,0.7549476797088261,0.08285448701924711,0.8125,0.5595996360327571,0.9951456310679612,0.716365754222481,16.0,Potentilla.argentea,0.3720996360327571,opth,4,False,mlp1,bce,msle
414,0.8438218749134037,0.21897099356572144,0.6086956521739131,0.8489483747609943,0.9704918032786886,0.9056603773584906,69.0,Potentilla.aurea,0.45764402693490736,opth,4,False,mlp1,bce,msle
415,0.8430914588057445,0.3591536440422432,0.6962962962962963,0.7948979591836735,0.95,0.8655555555555555,135.0,Potentilla.crantzii,0.49119425547996975,opth,4,False,mlp1,bce,msle
416,0.808002808002808,0.14716985907225102,0.8918918918918919,0.6094619666048238,0.9939485627836612,0.7556066705002875,37.0,Potentilla.erecta,0.5013538584967157,opth,4,False,mlp1,bce,msle
417,0.833559337356205,0.2215141737563739,0.9534883720930233,0.6171039844509232,0.9937402190923318,0.7613908872901679,86.0,Potentilla.grandiflora,0.5705923565439464,opth,4,False,mlp1,bce,msle
418,0.7774627735679084,0.24426133522374405,0.45132743362831856,0.8552894211576846,0.9325353645266594,0.892243623112962,113.0,Potentilla.neumanniana,0.3066168547860031,opth,4,False,mlp1,bce,msle
419,0.829331285774117,0.06782705801732775,0.6923076923076923,0.822141560798548,0.9956043956043956,0.9005964214711729,13.0,Potentilla.pusilla,0.5144492531062403,opth,4,False,mlp1,bce,msle
420,0.6825454545454546,0.02440176493216963,0.5333333333333333,0.7027272727272728,0.9910256410256411,0.8223404255319149,15.0,Potentilla.recta,0.23606060606060608,opth,4,False,mlp1,bce,msle
421,0.8465915492957746,0.16115266820073898,0.82,0.6967136150234742,0.9880159786950732,0.8171806167400881,50.0,Potentilla.reptans,0.5167136150234741,opth,4,False,mlp1,bce,msle
422,0.7691891891891892,0.039064726421235416,0.8,0.7225225225225225,0.9987546699875467,0.8384736016727653,5.0,Potentilla.rupestris,0.5225225225225225,opth,4,False,mlp1,bce,msle
423,0.9044183949504059,0.03770868364521615,1.0,0.5329125338142471,1.0,0.6952941176470588,6.0,Potentilla.thuringiaca,0.5329125338142471,opth,4,False,mlp1,bce,msle
424,0.6621702637889688,0.007562428088743878,0.3333333333333333,0.8444244604316546,0.997874601487779,0.9147588894301023,3.0,Primula.elatior,0.1777577937649879,opth,4,False,mlp1,bce,msle
425,0.6199186991869918,0.01423477243909623,0.5,0.6612466124661247,0.9945652173913043,0.7943570265870863,8.0,Primula.farinosa,0.1612466124661247,opth,4,False,mlp1,bce,msle
426,0.7505533674034048,0.22403074421971325,0.7258064516129032,0.6579212916246215,0.9504373177842566,0.7775790101371497,124.0,Primula.veris,0.3837277432375248,opth,4,False,mlp1,bce,msle
427,0.7094977168949772,0.0331086303669495,0.5,0.6995433789954338,0.9871134020618557,0.8188134687332977,20.0,Prunella.grandiflora,0.19954337899543395,opth,4,False,mlp1,bce,msle
428,0.8108209265574315,0.06285781389226275,0.6363636363636364,0.7438243366880146,0.9902557856272838,0.8495297805642633,22.0,Prunella.laciniata,0.3801879730516511,opth,4,False,mlp1,bce,msle
429,0.7514742739200944,0.12034114101729688,0.8823529411764706,0.5300751879699248,0.9894736842105263,0.6903304773561811,51.0,Prunella.vulgaris,0.4124281291463954,opth,4,False,mlp1,bce,msle
430,0.727437417654809,0.04822891320270088,0.18181818181818182,0.9148550724637681,0.9911678115799804,0.9514837494112105,11.0,Prunus.spinosa,0.09667325428194995,opth,4,False,mlp1,bce,msle
431,0.7746056121736702,0.04745216180177235,0.6153846153846154,0.7540834845735027,0.9940191387559809,0.8575851393188855,13.0,Veronica.spicata,0.36946809995811813,opth,4,False,mlp1,bce,msle
432,0.8194392523364487,0.14598570255549634,0.6888888888888889,0.7392523364485981,0.9826086956521739,0.8437333333333333,45.0,Pulsatilla.alpina,0.428141225337487,opth,4,False,mlp1,bce,msle
433,0.8197524497163486,0.04140856085447542,0.5714285714285714,0.8014440433212996,0.9966329966329966,0.8884442221110556,7.0,Pulsatilla.halleri,0.3728726147498711,opth,4,False,mlp1,bce,msle
434,0.847090909090909,0.04754405623684133,0.4666666666666667,0.8590909090909091,0.9916054564533053,0.9206039941548952,15.0,Pulsatilla.vernalis,0.3257575757575757,opth,4,False,mlp1,bce,msle
435,0.47304582210242585,0.002575884154831523,0.0,0.8787061994609164,0.9979591836734694,0.9345437171524128,2.0,Ranunculus.aconitifolius,-0.12129380053908356,opth,4,False,mlp1,bce,msle
436,0.8393671363433782,0.47881786981880414,0.8148148148148148,0.7354211663066955,0.9511173184357542,0.8294762484774665,189.0,Ranunculus.acris,0.5502359811215103,opth,4,False,mlp1,bce,msle
437,0.8151862771374967,0.41211382894486503,0.8634146341463415,0.6450549450549451,0.9544715447154472,0.7698360655737705,205.0,Ranunculus.bulbosus,0.5084695792012865,opth,4,False,mlp1,bce,msle
438,0.8607367475292004,0.011624340571708993,0.5,0.862533692722372,0.9989594172736732,0.9257473481195757,2.0,Ranunculus.glacialis,0.3625336927223719,opth,4,False,mlp1,bce,msle
439,0.5623685001502855,0.011426966808035576,0.3333333333333333,0.7556357078449053,0.995249406175772,0.859046642747309,6.0,Ranunculus.gramineus,0.08896904117823867,opth,4,False,mlp1,bce,msle
440,0.8424125273352077,0.16250011922434132,0.6875,0.8097469540768509,0.9829351535836177,0.8879753340184995,48.0,Ranunculus.kuepferi,0.49724695407685093,opth,4,False,mlp1,bce,msle
441,0.7829276615104641,0.03385548342198517,0.5625,0.7770700636942676,0.991869918699187,0.8714285714285714,16.0,Ranunculus.montanus,0.33957006369426757,opth,4,False,mlp1,bce,msle
442,0.6834246575342465,0.04252099127181236,0.55,0.6675799086757991,0.9878378378378379,0.7967302452316076,20.0,Ranunculus.serpens,0.21757990867579924,opth,4,False,mlp1,bce,msle
443,0.892501496435762,0.4288437853199635,0.8235294117647058,0.7992599444958371,0.993103448275862,0.8856996412096361,34.0,Ranunculus.repens,0.6227893562605429,opth,4,False,mlp1,bce,msle
444,0.7273873873873874,0.023221686556111714,0.6,0.6882882882882883,0.9973890339425587,0.814498933901919,5.0,Reseda.lutea,0.28828828828828823,opth,4,False,mlp1,bce,msle
445,0.8116633680223031,0.49932555779969634,0.8357487922705314,0.6222466960352423,0.9432387312186978,0.7498341074983411,207.0,Rhinanthus.alectorolophus,0.45799548830577375,opth,4,False,mlp1,bce,msle
446,0.8755625562556256,0.01724949347215756,1.0,0.7083708370837084,1.0,0.8292939936775553,4.0,Rhinanthus.glacialis,0.7083708370837085,opth,4,False,mlp1,bce,msle
447,0.6451923076923077,0.08669950243254271,0.7066666666666667,0.525,0.9612676056338029,0.6791044776119403,75.0,Rhinanthus.minor,0.2316666666666667,opth,4,False,mlp1,bce,msle
448,0.6860885275519422,0.013526606599410036,0.375,0.8130081300813008,0.994475138121547,0.8946322067594433,8.0,Rhododendron.ferrugineum,0.1880081300813008,opth,4,False,mlp1,bce,msle
449,0.8339289447226176,0.5118336166631703,0.8362831858407079,0.688413948256468,0.9429892141756548,0.7958387516254877,226.0,Rumex.acetosa,0.5246971340971758,opth,4,False,mlp1,bce,msle
450,0.7133575098216983,0.03542333850623796,0.5833333333333334,0.6237533998186764,0.9927849927849928,0.7661469933184856,12.0,Rumex.acetosella,0.20708673315200965,opth,4,False,mlp1,bce,msle
451,0.8280379041248607,0.08079310545836671,0.8260869565217391,0.6684981684981685,0.9945504087193461,0.7995618838992333,23.0,Rumex.crispus,0.4945851250199076,opth,4,False,mlp1,bce,msle
452,0.8534698250208308,0.1572789136950109,0.6451612903225806,0.8035055350553506,0.9875283446712018,0.8860630722278738,31.0,Rumex.obtusifolius,0.4486668253779311,opth,4,False,mlp1,bce,msle
453,0.6831534772182254,0.005420054592774447,0.0,0.9550359712230215,0.9971830985915493,0.975654570509876,3.0,Rumex.scutatus,-0.04496402877697847,opth,4,False,mlp1,bce,msle
454,0.9433221099887766,0.5273512605486511,0.8765432098765432,0.8974854932301741,0.9893390191897654,0.9411764705882353,81.0,Salix.herbacea,0.7740287031067172,opth,4,False,mlp1,bce,msle
455,0.9193685102776012,0.3031365499612976,0.8846153846153846,0.8181818181818182,0.9966442953020134,0.8986384266263238,26.0,Salix.reticulata,0.7027972027972029,opth,4,False,mlp1,bce,msle
456,0.8691816501428331,0.208909108872851,0.8181818181818182,0.7809611829944547,0.9929494712103408,0.8742886704604242,33.0,Salix.retusa,0.5991430011762731,opth,4,False,mlp1,bce,msle
457,0.9069194375082139,0.3004295762665306,0.7142857142857143,0.8702851885924563,0.9916142557651991,0.9269965703086722,28.0,Salix.serpyllifolia,0.5845709028781707,opth,4,False,mlp1,bce,msle
458,0.847417991067744,0.5359210532390657,0.8735177865612648,0.6821345707656613,0.9483870967741935,0.7935222672064778,253.0,Salvia.pratensis,0.5556523573269261,opth,4,False,mlp1,bce,msle
459,0.8031656084970035,0.4358900780910067,0.8508771929824561,0.636978579481398,0.9432387312186978,0.7604306864064603,228.0,Sanguisorba.minor,0.48785577246385414,opth,4,False,mlp1,bce,msle
460,0.801908256880734,0.06523059320107859,0.72,0.7422018348623853,0.991421568627451,0.8488982161594963,25.0,Sanguisorba.officinalis,0.4622018348623853,opth,4,False,mlp1,bce,msle
461,0.8518161362905818,0.1857291156876892,0.7647058823529411,0.6675774134790529,0.994572591587517,0.7989100817438692,17.0,Saponaria.ocymoides,0.432283295831994,opth,4,False,mlp1,bce,msle
462,0.768133413703034,0.01825259967882881,0.3333333333333333,0.8318264014466547,0.9935205183585313,0.905511811023622,9.0,Saxifraga.aizoides,0.16515973477998802,opth,4,False,mlp1,bce,msle
463,0.7126574500768048,0.04866736933929563,0.13333333333333333,0.8912442396313364,0.973816717019134,0.9307025986525506,30.0,Saxifraga.granulata,0.02457757296466978,opth,4,False,mlp1,bce,msle
464,0.8618630573248408,0.06416485792511097,0.9375,0.7179253867151957,0.9987341772151899,0.8353626257278983,16.0,Saxifraga.oppositifolia,0.6554253867151956,opth,4,False,mlp1,bce,msle
465,0.8490698490698491,0.1251794645822811,0.7297297297297297,0.7857142857142857,0.9883313885647608,0.875452196382429,37.0,Saxifraga.paniculata,0.5154440154440154,opth,4,False,mlp1,bce,msle
466,0.6415689810640216,0.009827148793566155,0.3333333333333333,0.7908025247971145,0.9954597048808173,0.8814070351758794,6.0,Saxifraga.tridactylites,0.12413585813044792,opth,4,False,mlp1,bce,msle
467,0.76674814412457,0.14795824769163785,0.5714285714285714,0.8250950570342205,0.9698324022346368,0.891628145865434,63.0,Scabiosa.columbaria,0.39652362846279177,opth,4,False,mlp1,bce,msle
468,0.7922116903633492,0.27597688173600116,0.7833333333333333,0.7156398104265402,0.9830729166666666,0.8283049917718047,60.0,Scabiosa.lucida,0.49897314375987367,opth,4,False,mlp1,bce,msle
469,0.826957695769577,0.014242367166897177,1.0,0.44734473447344736,1.0,0.6181592039800995,4.0,Scabiosa.triandra,0.44734473447344736,opth,4,False,mlp1,bce,msle
470,0.8735373537353734,0.01791140414311133,1.0,0.7713771377137714,1.0,0.8709349593495935,4.0,Scorzonera.humilis,0.7713771377137713,opth,4,False,mlp1,bce,msle
471,0.8179765130984643,0.023611237774874855,0.625,0.8003613369467028,0.9966254218222722,0.8877755511022044,8.0,Scorzonera.laciniata,0.42536133694670264,opth,4,False,mlp1,bce,msle
472,0.8422263109475621,0.0928659659782842,0.7142857142857143,0.7700091996320148,0.9905325443786982,0.8664596273291926,28.0,Scutellaria.alpina,0.48429491391772905,opth,4,False,mlp1,bce,msle
473,0.8282919171420914,0.20222322154117778,0.5714285714285714,0.8320825515947468,0.9768722466960352,0.8986828774062816,49.0,Securigera.varia,0.40351112302331815,opth,4,False,mlp1,bce,msle
474,0.790492116579073,0.0553465573889899,0.782608695652174,0.706959706959707,0.9935649935649936,0.8261102193686464,23.0,Sedum.acre,0.48956840261188095,opth,4,False,mlp1,bce,msle
475,0.792820867959372,0.18068636585740894,0.71875,0.7645429362880887,0.989247311827957,0.8625,32.0,Sedum.album,0.48329293628808867,opth,4,False,mlp1,bce,msle
476,0.8760217983651226,0.06627786287947383,0.7857142857142857,0.7801998183469573,0.9965197215777262,0.8751910341314315,14.0,Sedum.atratum,0.565914104061243,opth,4,False,mlp1,bce,msle
477,0.8468703752067555,0.10763200800189394,0.5714285714285714,0.8839122486288848,0.9907786885245902,0.9342995169082126,21.0,Sedum.montanum,0.45534082005745624,opth,4,False,mlp1,bce,msle
478,0.680381442194364,0.04327661776443472,0.29411764705882354,0.7877959927140255,0.9863169897377423,0.8759493670886076,17.0,Sedum.rupestre,0.08191363977284905,opth,4,False,mlp1,bce,msle
479,0.7031803909652588,0.03894895383963734,0.6111111111111112,0.6335460346399271,0.99002849002849,0.7726514730405781,18.0,Sedum.sexangulare,0.24465714575103825,opth,4,False,mlp1,bce,msle
480,0.8777992071145397,0.2559564397105426,0.5882352941176471,0.8816029143897997,0.9928205128205129,0.9339122045344911,17.0,Selaginella.selaginoides,0.4698382085074466,opth,4,False,mlp1,bce,msle
481,0.8505539691604798,0.3048162502711386,0.6705882352941176,0.8213592233009709,0.9679633867276888,0.8886554621848739,85.0,Sempervivum.arachnoideum,0.4919474585950885,opth,4,False,mlp1,bce,msle
482,0.8733891591034448,0.254361041365671,0.6486486486486487,0.849721706864564,0.9860064585575888,0.9128051818634778,37.0,Sempervivum.montanum,0.4983703555132126,opth,4,False,mlp1,bce,msle
483,0.8109380423464075,0.11461460876553309,0.6046511627906976,0.7947761194029851,0.9804372842347526,0.8778979907264297,43.0,Sempervivum.tectorum,0.39942728219368284,opth,4,False,mlp1,bce,msle
484,0.8653140096618358,0.32719511782587996,0.6875,0.8251207729468599,0.9715585893060296,0.8923719958202717,80.0,Senecio.doronicum,0.5126207729468599,opth,4,False,mlp1,bce,msle
485,0.7724096019446977,0.03935246434111734,0.5555555555555556,0.7903372835004557,0.9908571428571429,0.8793103448275862,18.0,Senecio.erucifolius,0.3458928390560114,opth,4,False,mlp1,bce,msle
486,0.8964669738863287,0.1448423850286876,0.9,0.7880184331797235,0.9965034965034965,0.8800823468862584,30.0,Senecio.incanus,0.6880184331797237,opth,4,False,mlp1,bce,msle
487,0.8427287581699346,0.2121112719013185,0.8888888888888888,0.625,0.9956076134699854,0.7679277244494636,27.0,Senecio.jacobaea,0.5138888888888888,opth,4,False,mlp1,bce,msle
488,0.7168325791855203,0.020731714500884315,0.9,0.49049773755656106,0.998158379373849,0.6577669902912622,10.0,Serratula.tinctoria,0.39049773755656103,opth,4,False,mlp1,bce,msle
489,0.8351351351351352,0.021183226401453942,1.0,0.47477477477477475,1.0,0.643860720830788,5.0,Seseli.annuum,0.4747747747747748,opth,4,False,mlp1,bce,msle
490,0.8689639216037496,0.5029897332660076,0.7372262773722628,0.7760736196319018,0.9547169811320755,0.856175972927242,137.0,Sesleria.caerulea,0.5132998970041647,opth,4,False,mlp1,bce,msle
491,0.8259817351598173,0.06307379235859487,1.0,0.5662100456621004,1.0,0.7230320699708455,20.0,Sherardia.arvensis,0.5662100456621004,opth,4,False,mlp1,bce,msle
492,0.8325791855203619,0.05853309235854544,0.9,0.3547511312217195,0.9974554707379135,0.5233644859813084,10.0,Sideritis.hyssopifolia,0.25475113122171944,opth,4,False,mlp1,bce,msle
493,0.9465704246868316,0.24312033270275588,1.0,0.692942254812099,1.0,0.8186247969680563,24.0,Silaum.silaus,0.6929422548120989,opth,4,False,mlp1,bce,msle
494,0.8893138936535163,0.2791992109730671,0.7454545454545455,0.8226415094339623,0.9841986455981941,0.8961973278520041,55.0,Silene.acaulis,0.5680960548885077,opth,4,False,mlp1,bce,msle
495,0.7661818181818181,0.09347209583601633,0.6,0.7618181818181818,0.9928909952606635,0.8621399176954733,15.0,Silene.dioica,0.3618181818181818,opth,4,False,mlp1,bce,msle
496,0.9336098310291858,0.38526590785734693,0.8666666666666667,0.8073732718894009,0.9954545454545455,0.8916030534351145,30.0,Silene.flos.cuculi,0.6740399385560676,opth,4,False,mlp1,bce,msle
497,0.707927927927928,0.011721821060484746,0.8,0.6558558558558558,0.9986282578875172,0.7917346383904296,5.0,Silene.flos.jovis,0.45585585585585586,opth,4,False,mlp1,bce,msle
498,0.8097950143512554,0.26336180825403654,0.7906976744186046,0.717201166180758,0.9761904761904762,0.826890756302521,86.0,Silene.nutans,0.5078988405993625,opth,4,False,mlp1,bce,msle
499,0.8534545454545455,0.19319781178049023,0.8,0.78,0.9965156794425087,0.8750637429882713,15.0,Silene.otites,0.5800000000000001,opth,4,False,mlp1,bce,msle
500,0.8521602160216022,0.0230880371726157,0.75,0.7902790279027903,0.9988623435722411,0.8824120603015075,4.0,Silene.rupestris,0.5402790279027903,opth,4,False,mlp1,bce,msle
501,0.7703388062336496,0.36880137737402824,0.7380952380952381,0.6127401415571284,0.9483568075117371,0.7444717444717445,126.0,Silene.vulgaris,0.35083537965236644,opth,4,False,mlp1,bce,msle
502,0.49865229110512127,0.002604925195286641,0.0,0.9568733153638814,0.9981255857544518,0.9770642201834863,2.0,Sinapis.arvensis,-0.04312668463611857,opth,4,False,mlp1,bce,msle
503,0.8826057186031686,0.286625094400565,0.8536585365853658,0.7512100677637947,0.9847715736040609,0.8522789676002197,82.0,Soldanella.alpina,0.6048686043491607,opth,4,False,mlp1,bce,msle
504,0.7936936936936937,0.017047957684612414,0.6,0.7666666666666667,0.9976553341148886,0.8670402445236882,5.0,Solidago.gigantea,0.3666666666666667,opth,4,False,mlp1,bce,msle
505,0.838556629233046,0.11419298288979497,0.6666666666666666,0.7989031078610603,0.9920544835414302,0.8850632911392405,21.0,Solidago.virgaurea,0.46556977452772697,opth,4,False,mlp1,bce,msle
506,0.732502785374253,0.036748171724329974,0.8333333333333334,0.5113947128532361,0.9946808510638298,0.6754966887417219,18.0,Stachys.officinalis,0.3447280461865696,opth,4,False,mlp1,bce,msle
507,0.816109074243813,0.16812427278570205,0.75,0.7552703941338221,0.9927710843373494,0.8578865174388339,24.0,Stachys.pradica,0.5052703941338221,opth,4,False,mlp1,bce,msle
508,0.8234843611187697,0.253360473165791,0.7096774193548387,0.7882241215574549,0.9787735849056604,0.873224618621778,62.0,Stachys.recta,0.49790154091229377,opth,4,False,mlp1,bce,msle
509,0.7840860215053763,0.10055815421707189,0.7,0.7364055299539171,0.9888613861386139,0.844162704701532,30.0,Stellaria.graminea,0.4364055299539169,opth,4,False,mlp1,bce,msle
510,0.6861510791366906,0.04420194003527337,0.6666666666666666,0.8902877697841727,0.9989909182643795,0.9415121255349501,3.0,Stipa.capillata,0.5569544364508392,opth,4,False,mlp1,bce,msle
511,0.6715046161523746,0.04214857558613818,0.6818181818181818,0.48581884720951507,0.9869888475836431,0.65113427345187,22.0,Stipa.eriocaulis,0.16763702902769673,opth,4,False,mlp1,bce,msle
512,0.7745205479452055,0.04377570529509198,0.45,0.8310502283105022,0.988056460369164,0.9027777777777778,20.0,Succisa.pratensis,0.2810502283105023,opth,4,False,mlp1,bce,msle
513,0.73621103117506,0.33706618240516545,0.3333333333333333,0.8426258992805755,0.9978700745473909,0.9137006338371526,3.0,Symphytum.officinale,0.17595923261390878,opth,4,False,mlp1,bce,msle
514,0.8516269477543538,0.10327223288229577,0.2916666666666667,0.928505957836847,0.983495145631068,0.9552098066949553,24.0,Taraxacum.alpinum,0.2201726245035136,opth,4,False,mlp1,bce,msle
515,0.809021198110109,0.40801658756198694,0.8143712574850299,0.6371308016877637,0.9511811023622048,0.7631080227416298,167.0,Taraxacum.officinale,0.4515020591727936,opth,4,False,mlp1,bce,msle
516,0.7157965796579658,0.009484198150477782,0.75,0.6516651665166516,0.9986206896551724,0.7886710239651417,4.0,Tephroseris.integrifolia,0.4016651665166515,opth,4,False,mlp1,bce,msle
517,0.8079279279279279,0.03493017676095462,0.8,0.6144144144144145,0.9985358711566618,0.7607361963190185,5.0,Teucrium.botrys,0.4144144144144146,opth,4,False,mlp1,bce,msle
518,0.8681310792864578,0.4214147913956714,0.8288288288288288,0.797808764940239,0.9768292682926829,0.8782894736842105,111.0,Teucrium.chamaedrys,0.6266375937690678,opth,4,False,mlp1,bce,msle
519,0.8243665393960431,0.14346741459577933,0.6046511627906976,0.8376865671641791,0.9814207650273225,0.9038751887267237,43.0,Teucrium.montanum,0.44233772995487675,opth,4,False,mlp1,bce,msle
520,0.6514956162970603,0.01170029455643756,0.14285714285714285,0.7707581227436823,0.9930232558139535,0.8678861788617886,7.0,Thalictrum.alpinum,-0.08638473439917482,opth,4,False,mlp1,bce,msle
521,0.5944144144144143,0.007162204598542401,0.4,0.6270270270270271,0.9957081545064378,0.7694859038142621,5.0,Thalictrum.aquilegiifolium,0.027027027027027195,opth,4,False,mlp1,bce,msle
522,0.797939393939394,0.03918730646961755,0.6,0.7681818181818182,0.9929494712103408,0.8662224500256279,15.0,Thalictrum.minus,0.36818181818181817,opth,4,False,mlp1,bce,msle
523,0.6424079065588499,0.0036790422383642723,1.0,0.4501347708894879,1.0,0.620817843866171,2.0,Thalictrum.simplex,0.45013477088948783,opth,4,False,mlp1,bce,msle
524,0.8400835744133719,0.09786390506666105,0.7058823529411765,0.8005464480874317,0.994343891402715,0.8869828456104945,17.0,Thesium.alpinum,0.5064288010286082,opth,4,False,mlp1,bce,msle
525,0.7889090359625265,0.11419263677120157,0.75,0.7044424297370807,0.9961538461538462,0.8252788104089219,12.0,Thesium.linophyllon,0.4544424297370808,opth,4,False,mlp1,bce,msle
526,0.6386138613861386,0.006249012740004413,0.25,0.585058505850585,0.9954058192955589,0.7369614512471655,4.0,Thesium.pyrenaicum,-0.16494149414941495,opth,4,False,mlp1,bce,msle
527,0.25920934411500446,0.0017706857439280267,0.0,0.7825696316262354,0.997709049255441,0.877139979859013,2.0,Tofieldia.calyculata,-0.21743036837376462,opth,4,False,mlp1,bce,msle
528,0.8217226613965745,0.08175796722292583,0.8181818181818182,0.6585144927536232,0.9972565157750343,0.7932351336606656,11.0,Tragopogon.dubius,0.4766963109354414,opth,4,False,mlp1,bce,msle
529,0.8083100256624665,0.46730207758500253,0.7763713080168776,0.6879271070615034,0.9193302891933028,0.786970684039088,237.0,Tragopogon.pratensis,0.4642984150783809,opth,4,False,mlp1,bce,msle
530,0.8793442127530975,0.1632684667019323,0.75,0.8132366273798731,0.9966666666666667,0.8956565152271593,12.0,Traunsteinera.globosa,0.5632366273798732,opth,4,False,mlp1,bce,msle
531,0.8728390318862851,0.17922247645786638,0.9473684210526315,0.7226277372262774,0.9987389659520807,0.8385389094759131,19.0,Trifolium.alpestre,0.6699961582789089,opth,4,False,mlp1,bce,msle
532,0.831784005468216,0.20147323851756307,0.7,0.7923444976076555,0.9752650176678446,0.8743400211193242,70.0,Trifolium.alpinum,0.4923444976076554,opth,4,False,mlp1,bce,msle
533,0.7106756059824652,0.024631827028009878,0.7142857142857143,0.5974729241877257,0.9969879518072289,0.7471783295711061,7.0,Trifolium.arvense,0.3117586384734401,opth,4,False,mlp1,bce,msle
534,0.8203971119133574,0.029033939980697192,0.8571428571428571,0.6633574007220217,0.998641304347826,0.797180043383948,7.0,Trifolium.aureum,0.5205002578648787,opth,4,False,mlp1,bce,msle
535,0.7955912101310723,0.18688389926094529,0.6666666666666666,0.7743785850860421,0.9723889555822329,0.8621607237892496,69.0,Trifolium.badium,0.4410452517527088,opth,4,False,mlp1,bce,msle
536,0.8168011390602753,0.22282620488973826,0.7325581395348837,0.7434402332361516,0.9708121827411168,0.8420473307649973,86.0,Trifolium.campestre,0.4759983727710353,opth,4,False,mlp1,bce,msle
537,0.8368196669057295,0.19620754693256867,0.723404255319149,0.7602996254681648,0.9842424242424243,0.8578975171685156,47.0,Trifolium.dubium,0.48370388078731374,opth,4,False,mlp1,bce,msle
538,0.6852521599357042,0.021106153457458678,0.6666666666666666,0.3887884267631103,0.9930715935334873,0.5588044184535412,9.0,Trifolium.medium,0.05545509342977706,opth,4,False,mlp1,bce,msle
539,0.7955524465225875,0.43928228153256965,0.6473988439306358,0.7664543524416136,0.9220945083014048,0.8371014492753623,173.0,Trifolium.montanum,0.4138531963722496,opth,4,False,mlp1,bce,msle
540,0.7323556370302475,0.041424702885045156,0.5833333333333334,0.6709440879926672,0.9865229110512129,0.7986906710310966,24.0,Trifolium.ochroleucon,0.2542774213260006,opth,4,False,mlp1,bce,msle
541,0.7249723577235773,0.6396513285803608,0.742,0.5886178861788618,0.7372708757637475,0.6546112115732369,500.0,Trifolium.pratense,0.3306178861788618,opth,4,False,mlp1,bce,msle
542,0.7448407491351544,0.35778072756586304,0.8217821782178217,0.5443592552026287,0.9324577861163227,0.6874135546334716,202.0,Trifolium.repens,0.36614143342045047,opth,4,False,mlp1,bce,msle
543,0.5172972972972973,0.008384119481634146,0.2,0.5396396396396397,0.9933665008291874,0.699357851722125,5.0,Trifolium.rubens,-0.26036036036036037,opth,4,False,mlp1,bce,msle
544,0.9092542677448336,0.016786093418259023,1.0,0.550763701707098,1.0,0.7103128621089224,2.0,Trifolium.scabrum,0.5507637017070981,opth,4,False,mlp1,bce,msle
545,0.6214543579164519,0.009036591485059385,0.5714285714285714,0.5550541516245487,0.9951456310679612,0.712630359212051,7.0,Trifolium.striatum,0.12648272305312025,opth,4,False,mlp1,bce,msle
546,0.8686507606617341,0.2472082100350216,0.6666666666666666,0.8499043977055449,0.9747807017543859,0.9080694586312564,69.0,Trifolium.thalii,0.5165710643722115,opth,4,False,mlp1,bce,msle
547,0.8653667595171773,0.2783928725912762,0.7105263157894737,0.8207985143918292,0.9877094972067039,0.896551724137931,38.0,Trinia.glauca,0.5313248301813029,opth,4,False,mlp1,bce,msle
548,0.8417998968540485,0.028504374354717983,0.8571428571428571,0.6498194945848376,0.9986130374479889,0.7873154729360307,7.0,Trisetum.distichophyllum,0.5069623517276947,opth,4,False,mlp1,bce,msle
549,0.7735598782110409,0.5289825871489173,0.7441860465116279,0.6547911547911548,0.8737704918032787,0.7485955056179775,301.0,Trisetum.flavescens,0.3989772013027828,opth,4,False,mlp1,bce,msle
550,0.8012016912691937,0.23858285329576667,0.7564102564102564,0.7531340405014465,0.97625,0.8502994011976048,78.0,Trollius.europaeus,0.5095442969117028,opth,4,False,mlp1,bce,msle
551,0.756975697569757,0.01590489997168458,0.75,0.5562556255625563,0.9983844911147012,0.7144508670520231,4.0,Turritis.glabra,0.30625562556255614,opth,4,False,mlp1,bce,msle
552,0.7156327011678988,0.056134708857681015,0.5882352941176471,0.7222222222222222,0.99125,0.8356164383561644,17.0,Tussilago.farfara,0.3104575163398693,opth,4,False,mlp1,bce,msle
553,0.6647926267281106,0.07308090445108252,0.36666666666666664,0.83963133640553,0.9795698924731183,0.9042183622828784,30.0,Urtica.dioica,0.2062980030721966,opth,4,False,mlp1,bce,msle
554,0.6205962059620596,0.014256085747130148,0.125,0.8852755194218609,0.9929078014184397,0.936007640878701,8.0,Valeriana.dioica,0.01027551942186089,opth,4,False,mlp1,bce,msle
555,0.8906390639063906,0.04818972910628734,1.0,0.756975697569757,1.0,0.8616803278688525,4.0,Valeriana.montana,0.756975697569757,opth,4,False,mlp1,bce,msle
556,0.7423121837290775,0.029546313950390753,0.2857142857142857,0.8138056312443234,0.9889624724061811,0.8928749377179871,14.0,Valeriana.officinalis,0.09951991695860896,opth,4,False,mlp1,bce,msle
557,0.713996399639964,0.00810406568926453,1.0,0.54995499549955,1.0,0.7096399535423926,4.0,Valerianella.dentata,0.54995499549955,opth,4,False,mlp1,bce,msle
558,0.8524048415352763,0.0828177794192111,0.782608695652174,0.7435897435897436,0.9938800489596084,0.8507071765322158,23.0,Valerianella.locusta,0.5261984392419174,opth,4,False,mlp1,bce,msle
559,0.708521346754599,0.23647506985631214,0.4418604651162791,0.8805970149253731,0.9752066115702479,0.9254901960784314,43.0,Veratrum.album,0.3224574800416522,opth,4,False,mlp1,bce,msle
560,0.7948243992606284,0.16350037111917518,0.7878787878787878,0.6756007393715342,0.9905149051490515,0.8032967032967033,33.0,Verbascum.lychnitis,0.46347952725032204,opth,4,False,mlp1,bce,msle
561,0.5719424460431655,0.004017612516133014,0.3333333333333333,0.5908273381294964,0.9969650986342944,0.7419536984754376,3.0,Verbascum.nigrum,-0.07583932853717035,opth,4,False,mlp1,bce,msle
562,0.6888860237235688,0.016928832590441936,0.5714285714285714,0.5974729241877257,0.9954887218045113,0.7467569091934574,7.0,Verbascum.thapsus,0.16890149561629708,opth,4,False,mlp1,bce,msle
563,0.8405429864253393,0.03554337514620408,1.0,0.609049773755656,1.0,0.7570303712035995,10.0,Verbena.officinalis,0.6090497737556562,opth,4,False,mlp1,bce,msle
564,0.8934841628959277,0.08398790721942626,0.5,0.9176470588235294,0.9950932286555446,0.9548022598870056,10.0,Veronica.aphylla,0.41764705882352926,opth,4,False,mlp1,bce,msle
565,0.7956384408602151,0.3507343008658481,0.8774193548387097,0.59375,0.967741935483871,0.7359586830213041,155.0,Veronica.arvensis,0.4711693548387097,opth,4,False,mlp1,bce,msle
566,0.8570131049695082,0.06189030785989891,0.42857142857142855,0.9019073569482289,0.9920079920079921,0.9448144624167459,14.0,Veronica.bellidioides,0.33047878551965737,opth,4,False,mlp1,bce,msle
567,0.7836832895888015,0.22561295624906916,0.8484848484848485,0.6279527559055118,0.9770290964777948,0.7645296584781306,99.0,Veronica.chamaedrys,0.4764376043903602,opth,4,False,mlp1,bce,msle
568,0.8354041602680441,0.047172277239821044,0.7692307692307693,0.7549909255898367,0.9964071856287425,0.8590604026845637,13.0,Veronica.fruticans,0.524221694820606,opth,4,False,mlp1,bce,msle
569,0.7942497753818508,0.007728272827282728,0.5,0.8131176999101527,0.9988962472406181,0.8964834076275384,2.0,Veronica.fruticulosa,0.3131176999101526,opth,4,False,mlp1,bce,msle
570,0.7558558558558559,0.01860346690167857,0.4,0.8477477477477477,0.996822033898305,0.9162609542356378,5.0,Veronica.officinalis,0.24774774774774766,opth,4,False,mlp1,bce,msle
571,0.8427775643488282,0.0585315740348423,0.9473684210526315,0.6386861313868614,0.9985734664764622,0.7790762381747357,19.0,Veronica.persica,0.5860545524394929,opth,4,False,mlp1,bce,msle
572,0.43842424242424244,0.011784921212487427,0.7333333333333333,0.3381818181818182,0.9893617021276596,0.5040650406504065,15.0,Veronica.serpyllifolia,0.07151515151515153,opth,4,False,mlp1,bce,msle
573,0.7687663213979002,0.23565666187503295,0.7631578947368421,0.6293706293706294,0.958904109589041,0.7599517490952955,114.0,Vicia.cracca,0.39252852410747163,opth,4,False,mlp1,bce,msle
574,0.9068271006463527,0.30438599314489784,0.65625,0.8864265927977839,0.9886714727085479,0.934761441090555,32.0,Vicia.hirsuta,0.5426765927977839,opth,4,False,mlp1,bce,msle
575,0.8349155381823259,0.04368383165545035,0.6153846153846154,0.8448275862068966,0.9946581196581197,0.9136408243375859,13.0,Vicia.onobrychioides,0.460212201591512,opth,4,False,mlp1,bce,msle
576,0.7965941789707062,0.3105177450168667,0.4728682170542636,0.8559837728194726,0.9254385964912281,0.8893572181243414,129.0,Vicia.sativa,0.3288519898737361,opth,4,False,mlp1,bce,msle
577,0.7379181049875015,0.06163764088587561,0.22580645161290322,0.8892988929889298,0.9757085020242915,0.9305019305019305,31.0,Vicia.sepium,0.11510534460183308,opth,4,False,mlp1,bce,msle
578,0.9685816876122083,0.027777777777777776,1.0,0.7971274685816876,1.0,0.8871128871128872,1.0,Vicia.tetrasperma,0.7971274685816876,opth,4,False,mlp1,bce,msle
579,0.6894381730893993,0.03674769168440243,0.5,0.6839237057220708,0.9907894736842106,0.8092423428264374,14.0,Vincetoxicum.hirundinaria,0.18392370572207084,opth,4,False,mlp1,bce,msle
580,0.6631674208144797,0.024500135194898878,0.9,0.3665158371040724,0.9975369458128078,0.5360688285903376,10.0,Viola.arvensis,0.26651583710407234,opth,4,False,mlp1,bce,msle
581,0.7034203420342033,0.0467390426769521,0.25,0.9432943294329433,0.9971455756422455,0.969472710453284,4.0,Viola.biflora,0.19329432943294345,opth,4,False,mlp1,bce,msle
582,0.8647103354848992,0.21276698335882846,0.7021276595744681,0.8192883895131086,0.984251968503937,0.8942258559018906,47.0,Viola.calcarata,0.5214160490875765,opth,4,False,mlp1,bce,msle
583,0.697193913164875,0.05177094787218,0.38461538461538464,0.7822141560798548,0.9908045977011494,0.8742393509127789,13.0,Viola.hirta,0.16682954069523936,opth,4,False,mlp1,bce,msle
584,0.5122901678657075,0.0035154974088542654,1.0,0.3192446043165468,1.0,0.4839809134287662,3.0,Viola.rupestris,0.3192446043165469,opth,4,False,mlp1,bce,msle
585,0.9259592326139089,0.09684438368648894,1.0,0.4658273381294964,1.0,0.6355828220858896,3.0,Vulpia.myuros,0.4658273381294964,opth,4,False,mlp1,bce,msle
586,0.25044883303411136,0.0011961722488038277,0.0,0.5305206463195691,0.9983108108108109,0.6928487690504103,1.0,Athamanta.cretensis,-0.4694793536804309,opth,4,False,mlp1,bce,msle
587,0.831098504383703,0.03397274721294019,0.5714285714285714,0.805956678700361,0.9966517857142857,0.8912175648702595,7.0,Bupleurum.baldense,0.37738525012893254,opth,4,False,mlp1,bce,msle
588,0.6150649743124812,0.11026211808857966,0.5,0.8349954669084315,0.9935275080906149,0.9073891625615763,12.0,Imperatoria.ostruthium,0.3349954669084316,opth,4,False,mlp1,bce,msle
589,0.8409238354742443,0.06313866705310359,0.8571428571428571,0.6793823796548593,0.9973333333333333,0.8082117774176121,14.0,Laserpitium.gallicum,0.5365252367977162,opth,4,False,mlp1,bce,msle
590,0.8931777378815081,0.008333333333333333,1.0,0.8267504488330341,1.0,0.9051597051597051,1.0,Oenanthe.silaifolia,0.826750448833034,opth,4,False,mlp1,bce,msle
591,0.880814479638009,0.050574982714261155,1.0,0.5619909502262443,1.0,0.7195828505214369,10.0,Seseli.galloprovinciale,0.5619909502262443,opth,4,False,mlp1,bce,msle
592,0.6302785265049416,0.004495947315096251,0.0,0.9577717879604672,0.99812734082397,0.9775332416322787,2.0,Torilis.leptophylla,-0.04222821203953275,opth,4,False,mlp1,bce,msle
593,0.9766187050359711,0.08112618432385874,1.0,0.9289568345323741,1.0,0.9631701631701631,3.0,Achillea.ptarmica,0.9289568345323742,opth,4,False,mlp1,bce,msle
594,0.8176576576576576,0.08823940239748411,0.4,0.8729729729729729,0.9969135802469136,0.930835734870317,5.0,Artemisia.alba,0.27297297297297307,opth,4,False,mlp1,bce,msle
595,0.7965133754132853,0.021412883086531498,0.6666666666666666,0.8223624887285843,0.9978118161925602,0.9016312407315867,6.0,Bombycilaena.erecta,0.4890291553952508,opth,4,False,mlp1,bce,msle
596,0.6079136690647482,0.006069414316968009,0.6666666666666666,0.6915467625899281,0.9987012987012988,0.8172157279489904,3.0,Cacalia.alliariae,0.35821342925659483,opth,4,False,mlp1,bce,msle
597,0.7765765765765765,0.020805227950308217,0.8,0.5873873873873874,0.998468606431853,0.7396483267158253,5.0,Cacalia.alpina,0.3873873873873874,opth,4,False,mlp1,bce,msle
598,0.507927927927928,0.0051777998754027835,0.4,0.4891891891891892,0.9945054945054945,0.6557971014492754,5.0,Carduus.nigrescens,-0.11081081081081079,opth,4,False,mlp1,bce,msle
599,0.8639772849030323,0.13105326846385248,0.7647058823529411,0.8506375227686703,0.9957356076759062,0.9174852652259332,17.0,Catananche.caerulea,0.6153434051216116,opth,4,False,mlp1,bce,msle
600,0.6941176470588235,0.024555659081462893,0.5,0.6452488687782806,0.9930362116991643,0.7822270981897971,10.0,Centaurea.alpestris,0.14524886877828047,opth,4,False,mlp1,bce,msle
601,0.8429822565969063,0.054979592685852965,0.5,0.8516833484986351,0.9915254237288136,0.9162995594713657,16.0,Centaurea.paniculata,0.35168334849863525,opth,4,False,mlp1,bce,msle
602,0.803188274403143,0.050603940755495534,0.9166666666666666,0.5267452402538532,0.9982817869415808,0.6896142433234421,12.0,Centaurea.triumfetti,0.4434119069205198,opth,4,False,mlp1,bce,msle
603,0.8503616636528031,0.3132216116191179,0.7974683544303798,0.7934362934362934,0.9809069212410502,0.8772678762006404,79.0,Centaurea.uniflora,0.5909046478666733,opth,4,False,mlp1,bce,msle
604,0.6891891891891893,0.013282877899707023,0.4,0.8252252252252252,0.9967355821545157,0.9029078363725973,5.0,Cirsium.ferox,0.22522522522522515,opth,4,False,mlp1,bce,msle
605,0.8314137308039747,0.06646372604718204,0.75,0.7398373983739838,0.997563946406821,0.8495850622406639,8.0,Cirsium.morisianum,0.48983739837398366,opth,4,False,mlp1,bce,msle
606,0.9212612612612613,0.0423110393607288,1.0,0.6378378378378379,1.0,0.7788778877887789,5.0,Cirsium.rivulare,0.637837837837838,opth,4,False,mlp1,bce,msle
607,0.5851174257168807,0.01533722453725545,0.6428571428571429,0.5495004541326067,0.9918032786885246,0.7071887784921099,14.0,Crepis.albida,0.19235759698974952,opth,4,False,mlp1,bce,msle
608,0.7685843257779486,0.05975298013135479,0.5789473684210527,0.7928832116788321,0.9908779931584949,0.8808920425747593,19.0,Crepis.nicaeensis,0.3718305800998847,opth,4,False,mlp1,bce,msle
609,0.7138563270213405,0.01139111372507206,0.6666666666666666,0.7141568981064021,0.9974811083123426,0.8323699421965318,6.0,Doronicum.grandiflorum,0.38082356477306867,opth,4,False,mlp1,bce,msle
610,0.8237198672253361,0.11235129035893512,0.6764705882352942,0.7742830712303422,0.9870283018867925,0.8678071539657853,34.0,Echinops.ritro,0.4507536594656365,opth,4,False,mlp1,bce,msle
611,0.8342342342342342,0.03739249424069133,0.6,0.8603603603603603,0.9979101358411703,0.9240445089501693,5.0,Erigeron.atticus,0.4603603603603603,opth,4,False,mlp1,bce,msle
612,0.7299160671462829,0.013048601598030311,0.6666666666666666,0.8561151079136691,0.9989506820566632,0.9220338983050848,3.0,Filago.vulgaris,0.5227817745803356,opth,4,False,mlp1,bce,msle
613,0.7084684684684684,0.021462417616783573,0.4,0.8531531531531531,0.9968421052631579,0.9194174757281554,5.0,Helichrysum.stoechas,0.253153153153153,opth,4,False,mlp1,bce,msle
614,0.8911870503597122,0.016417365297554002,0.6666666666666666,0.8696043165467626,0.9989669421487604,0.9298076923076923,3.0,Hieracium.glanduliferum,0.5362709832134294,opth,4,False,mlp1,bce,msle
615,0.7506508156889968,0.09224034227215525,0.627906976744186,0.7639925373134329,0.9808383233532935,0.8589407446250655,43.0,Pilosella.peleteriana,0.3918995140576189,opth,4,False,mlp1,bce,msle
616,0.7753599577980512,0.2863315150643162,0.48854961832061067,0.834349593495935,0.9245495495495496,0.8771367521367521,131.0,Pilosella.officinarum,0.3228992118165457,opth,4,False,mlp1,bce,msle
617,0.8629389352280918,0.2736902741901735,0.6944444444444444,0.835032437442076,0.9879385964912281,0.9050728277247614,36.0,Hieracium.rionii,0.5294768818865205,opth,4,False,mlp1,bce,msle
618,0.8890857064995231,0.24186600799756816,0.5365853658536586,0.9134078212290503,0.981,0.9459980713596914,41.0,Pilosella.corymbuloides,0.44999318708270897,opth,4,False,mlp1,bce,msle
619,0.8807239819004525,0.0554124032049337,0.7,0.8832579185520362,0.9969356486210419,0.9366602687140115,10.0,Inula.montana,0.5832579185520361,opth,4,False,mlp1,bce,msle
620,0.8866512561875409,0.411023005996088,0.6144578313253012,0.8982558139534884,0.9666319082377477,0.9311903566047213,83.0,Leontodon.pyrenaicus,0.5127136452787897,opth,4,False,mlp1,bce,msle
621,0.8285773624091382,0.2171979150834423,0.8,0.7364485981308411,0.9887076537013801,0.8441349758971612,45.0,Leucanthemum.adustum,0.5364485981308411,opth,4,False,mlp1,bce,msle
622,0.9225339366515837,0.13579662562935968,0.7,0.918552036199095,0.9970530451866405,0.9561940650023552,10.0,Leucanthemum.atratum,0.618552036199095,opth,4,False,mlp1,bce,msle
623,0.9351173708920189,0.3434466006770801,0.74,0.9107981220657277,0.9867751780264497,0.947265625,50.0,Omalotheca.supina,0.6507981220657277,opth,4,False,mlp1,bce,msle
624,0.7744833782569632,0.01304821445486407,0.5,0.6999101527403414,0.9987179487179487,0.8230322239830956,2.0,Omalotheca.sylvatica,0.1999101527403413,opth,4,False,mlp1,bce,msle
625,0.8773980815347722,0.029605263157894735,0.6666666666666666,0.8821942446043165,0.9989816700610998,0.9369627507163324,3.0,Pulicaria.dysenterica,0.548860911270983,opth,4,False,mlp1,bce,msle
626,0.8072072072072073,0.04756714685208857,0.6,0.8315315315315316,0.9978378378378379,0.9071253071253071,5.0,Scorzonera.hispanica,0.43153153153153156,opth,4,False,mlp1,bce,msle
627,0.8647798742138365,0.011334099014688993,0.5,0.8706199460916442,0.9989690721649485,0.9303888622179549,2.0,Senecio.aquaticus,0.37061994609164417,opth,4,False,mlp1,bce,msle
628,0.690347721822542,0.006253947494042078,0.0,0.9037769784172662,0.9970238095238095,0.9481132075471698,3.0,Senecio.vulgaris,-0.09622302158273377,opth,4,False,mlp1,bce,msle
629,0.8761291779584461,0.28163332980016215,0.875,0.6910569105691057,0.9986945169712794,0.816871329418046,8.0,Serratula.lycopifolia,0.5660569105691056,opth,4,False,mlp1,bce,msle
630,0.710691823899371,0.0045199380565234225,1.0,0.5813117699910153,1.0,0.7352272727272727,2.0,Serratula.nudicaulis,0.5813117699910153,opth,4,False,mlp1,bce,msle
631,0.8638140443948066,0.07171433104350583,0.8461538461538461,0.7459165154264973,0.9975728155339806,0.8535825545171339,13.0,Sonchus.asper,0.5920703615803435,opth,4,False,mlp1,bce,msle
632,0.7492110091743119,0.09640894166302683,0.48,0.8192660550458716,0.9856512141280354,0.8947895791583166,25.0,Taraxacum.erythrospermum,0.29926605504587167,opth,4,False,mlp1,bce,msle
633,0.4069557362240289,0.008850913600692447,0.375,0.3983739837398374,0.9887892376681614,0.5679330328396651,8.0,Taraxacum.palustre,-0.22662601626016254,opth,4,False,mlp1,bce,msle
634,0.7979185520361991,0.02916118999337099,0.5,0.8108597285067873,0.9944506104328524,0.8933200398803589,10.0,Tolpis.staticifolia,0.31085972850678734,opth,4,False,mlp1,bce,msle
635,0.8598382749326146,0.009366402330474187,1.0,0.36028751123090746,1.0,0.5297225891677675,2.0,Tragopogon.crocifolius,0.3602875112309074,opth,4,False,mlp1,bce,msle
636,0.8300321053490777,0.12342387859345894,0.8235294117647058,0.6651248843663274,0.9917241379310345,0.7962347729789591,34.0,Cerinthe.minor,0.4886542961310334,opth,4,False,mlp1,bce,msle
637,0.7587758775877588,0.008952683495366421,1.0,0.35913591359135916,1.0,0.528476821192053,4.0,Cynoglossum.officinale,0.3591359135913592,opth,4,False,mlp1,bce,msle
638,0.4052111410601977,0.002254646730364696,0.0,0.6549865229110512,0.9972640218878249,0.7906724511930586,2.0,Lithospermum.arvense,-0.3450134770889488,opth,4,False,mlp1,bce,msle
639,0.7921607378129116,0.0363098633299576,0.8181818181818182,0.6847826086956522,0.9973614775725593,0.8120300751879699,11.0,Myosotis.decumbens,0.5029644268774704,opth,4,False,mlp1,bce,msle
640,0.9229035166816952,0.05117859338419983,0.6666666666666666,0.9278629395852119,0.9980601357904947,0.9616822429906542,6.0,Myosotis.discolor,0.5945296062518786,opth,4,False,mlp1,bce,msle
641,0.9067818463125321,0.2709767339067512,1.0,0.7572202166064982,1.0,0.861838726245506,7.0,Pulmonaria.angustifolia,0.7572202166064983,opth,4,False,mlp1,bce,msle
642,0.5588499550763701,0.003044657728524547,0.0,0.577717879604672,0.9968992248062015,0.7315130830489193,2.0,Alyssum.alpestre,-0.422282120395328,opth,4,False,mlp1,bce,msle
643,0.7551572975760701,0.014840659955617914,0.42857142857142855,0.7581227436823105,0.995260663507109,0.860655737704918,7.0,Alyssum.montanum,0.18669417225373897,opth,4,False,mlp1,bce,msle
644,0.6400359066427289,0.0024875621890547263,0.0,0.6633752244165171,0.9986486486486487,0.7971952535059331,1.0,Arabis.alpina,-0.3366247755834829,opth,4,False,mlp1,bce,msle
645,0.8550799381124291,0.03893138923202673,0.8571428571428571,0.7084837545126353,0.9987277353689568,0.8289334741288279,7.0,Arabis.auriculata,0.5656266116554924,opth,4,False,mlp1,bce,msle
646,0.9052346570397112,0.04210592175461647,1.0,0.7445848375451264,1.0,0.8535954474909467,7.0,Cardamine.bellidifolia,0.7445848375451263,opth,4,False,mlp1,bce,msle
647,0.8669090909090909,0.061041331737241716,0.3333333333333333,0.92,0.9902152641878669,0.9538171536286523,15.0,Cardamine.resedifolia,0.2533333333333334,opth,4,False,mlp1,bce,msle
648,0.7353735373537353,0.01783832176938572,0.75,0.6345634563456346,0.9985835694050992,0.7760044028618602,4.0,Iberis.pinnata,0.3845634563456346,opth,4,False,mlp1,bce,msle
649,0.7701703632272581,0.09712952720132093,0.7058823529411765,0.656648451730419,0.9931129476584022,0.7905701754385965,17.0,Kandis.perfoliata,0.3625308046715956,opth,4,False,mlp1,bce,msle
650,0.6004621257785815,0.12468848383167769,0.4444444444444444,0.6916817359855335,0.9935064935064936,0.8155650319829424,9.0,Noccaea.brachypetala,0.13612618042997804,opth,4,False,mlp1,bce,msle
651,0.8183453237410073,0.00983755314423504,1.0,0.6366906474820144,1.0,0.778021978021978,3.0,Pritzelago.alpina,0.6366906474820144,opth,4,False,mlp1,bce,msle
652,0.7057657657657658,0.016492248062015505,0.2,0.8846846846846846,0.9959432048681541,0.9370229007633588,5.0,Sisymbrium.austriacum,0.08468468468468471,opth,4,False,mlp1,bce,msle
653,0.6409231562661166,0.01006818959739399,0.2857142857142857,0.7048736462093863,0.9936386768447837,0.8247096092925026,7.0,Campanula.alpestris,-0.009412068076327995,opth,4,False,mlp1,bce,msle
654,0.8748979702889482,0.15593824323795102,0.5,0.9111933395004626,0.9830339321357285,0.9457513202112338,34.0,Phyteuma.globulariifolium,0.41119333950046255,opth,4,False,mlp1,bce,msle
655,0.8756562734383371,0.19666615245910377,0.6470588235294118,0.8178506375227687,0.9933628318584071,0.8971028971028971,17.0,Phyteuma.michelii,0.46490946105218045,opth,4,False,mlp1,bce,msle
656,0.8854656632173095,0.24578388381322355,0.7884615384615384,0.8222013170272813,0.9875706214689266,0.8973305954825462,52.0,Arenaria.gothica,0.6106628554888198,opth,4,False,mlp1,bce,msle
657,0.9414479638009049,0.11171848126101735,0.9,0.881447963800905,0.9989743589743589,0.9365384615384615,10.0,Cerastium.cerastoides,0.7814479638009049,opth,4,False,mlp1,bce,msle
658,0.8686178442496131,0.03190042416324618,1.0,0.628158844765343,1.0,0.7716186252771619,7.0,Dianthus.hyssopifolius,0.628158844765343,opth,4,False,mlp1,bce,msle
659,0.8431584755114166,0.1857519675185605,0.6590909090909091,0.8366013071895425,0.9835345773874863,0.9041372351160444,44.0,Dianthus.pavonius,0.49569221628045157,opth,4,False,mlp1,bce,msle
660,0.7659232469359052,0.031427006709778056,0.5555555555555556,0.85623869801085,0.9957939011566772,0.9207583859990277,9.0,Minuartia.hybrida,0.41179425356640564,opth,4,False,mlp1,bce,msle
661,0.7542342342342342,0.01106169051737212,1.0,0.4297297297297297,1.0,0.6011342155009451,5.0,Minuartia.rupestris,0.4297297297297298,opth,4,False,mlp1,bce,msle
662,0.9222695602005947,0.23902845104328754,0.8571428571428571,0.8788443616029823,0.9936775553213909,0.9327398615232443,42.0,Minuartia.sedoides,0.7359872187458394,opth,4,False,mlp1,bce,msle
663,0.9157297781315292,0.2694016879041278,0.8771929824561403,0.8364839319470699,0.992152466367713,0.9076923076923077,57.0,Sagina.glabra,0.7136769144032102,opth,4,False,mlp1,bce,msle
664,0.8739104298166516,0.032944343353550516,0.8333333333333334,0.7889990982867449,0.9988584474885844,0.8816120906801007,6.0,Sagina.saginoides,0.6223324316200782,opth,4,False,mlp1,bce,msle
665,0.7074954296160878,0.04324842945070199,0.7142857142857143,0.553016453382084,0.9901800327332242,0.7096774193548387,21.0,Silene.italica,0.26730216766779824,opth,4,False,mlp1,bce,msle
666,0.7499422899353648,0.06552742387010506,0.75,0.6694367497691598,0.9890859481582538,0.7984581497797357,32.0,Silene.latifolia,0.4194367497691598,opth,4,False,mlp1,bce,msle
667,0.8420107719928187,0.005649717514124294,0.0,0.9551166965888689,0.9990610328638497,0.976594768242313,1.0,Silene.suecica,-0.044883303411131115,opth,4,False,mlp1,bce,msle
668,0.6644736842105262,0.048211852404909716,0.42105263157894735,0.8585766423357665,0.9884453781512605,0.9189453125,19.0,Chenopodium.bonus.henricus,0.2796292739147139,opth,4,False,mlp1,bce,msle
669,0.7916493387673625,0.07322371728522731,0.6818181818181818,0.817932296431839,0.9922308546059934,0.8966900702106319,22.0,Helianthemum.apenninum,0.4997504782500206,opth,4,False,mlp1,bce,msle
670,0.7690500298569464,0.31064152981785403,0.47297297297297297,0.8866474543707973,0.9594594594594594,0.9216175736395407,74.0,Helianthemum.oelandicum,0.3596204273437702,opth,4,False,mlp1,bce,msle
671,,-0.0,0.0,0.9596412556053812,1.0,0.9794050343249427,0.0,Convolvulus.cantabricus,-0.04035874439461884,opth,4,False,mlp1,bce,msle
672,0.8941051352172591,0.08487402546162157,0.8888888888888888,0.7748404740200547,0.9976525821596244,0.8722421754746024,18.0,Sedum.alpestre,0.6637293629089436,opth,4,False,mlp1,bce,msle
673,0.7034749670619236,0.017458337786786265,0.9090909090909091,0.6014492753623188,0.9984962406015038,0.7507066139061617,11.0,Sedum.anacampseros,0.510540184453228,opth,4,False,mlp1,bce,msle
674,0.6759988474836727,0.03656987979706324,0.42105263157894735,0.8284671532846716,0.9880304678998912,0.9012406947890819,19.0,Sedum.ochroleucum,0.2495197848636188,opth,4,False,mlp1,bce,msle
675,0.9173755656108598,0.333520770639025,0.8,0.8244343891402715,0.9978094194961665,0.9028741328047571,10.0,Sedum.sediforme,0.6244343891402715,opth,4,False,mlp1,bce,msle
676,0.8809738503155997,0.026021122938461892,1.0,0.7493237150586114,1.0,0.856701030927835,6.0,Sempervivum.calcareum,0.7493237150586114,opth,4,False,mlp1,bce,msle
677,0.8681055155875299,0.015078326691229918,0.0,0.9334532374100719,0.9971181556195965,0.9642359498374361,3.0,Euphorbia.esula,-0.06654676258992809,opth,4,False,mlp1,bce,msle
678,0.8694714727996461,0.39119994950379305,0.7254901960784313,0.8430451127819549,0.9846322722283205,0.9083544303797468,51.0,Anthyllis.montana,0.5685353088603864,opth,4,False,mlp1,bce,msle
679,0.9067299006323397,0.042006412364411834,0.75,0.8789521228545619,0.997948717948718,0.9346781940441883,8.0,Argyrolobium.zanonii,0.628952122854562,opth,4,False,mlp1,bce,msle
680,0.8506846081208688,0.25665597520817585,0.7678571428571429,0.8007554296506137,0.9849012775842044,0.8833333333333333,56.0,Astragalus.danicus,0.5686125725077567,opth,4,False,mlp1,bce,msle
681,0.8389197816908661,0.2116602131970967,0.8333333333333334,0.732159406858202,0.992462311557789,0.8426666666666667,36.0,Astragalus.sempervirens,0.5654927401915355,opth,4,False,mlp1,bce,msle
682,0.6910441044104411,0.007179134995043632,0.25,0.8082808280828083,0.9966703662597114,0.8926441351888668,4.0,Astragalus.vesicarius,0.058280828082808434,opth,4,False,mlp1,bce,msle
683,0.8402278177458035,0.044758413956726195,0.6666666666666666,0.841726618705036,0.9989327641408752,0.9136163982430454,3.0,Bituminaria.bituminosa,0.5083932853717026,opth,4,False,mlp1,bce,msle
684,0.9324932493249325,0.1377599890530925,0.75,0.8055805580558055,0.9988839285714286,0.8918784255107125,4.0,Dorycnium.pentaphyllum,0.5555805580558055,opth,4,False,mlp1,bce,msle
685,0.8231597845601436,0.005050505050505051,1.0,0.6687612208258528,1.0,0.8015061861215708,1.0,Genista.cinerea,0.6687612208258527,opth,4,False,mlp1,bce,msle
686,0.8951395139513951,0.02854059492814464,1.0,0.7686768676867687,1.0,0.8692111959287532,4.0,Lathyrus.hirsutus,0.7686768676867688,opth,4,False,mlp1,bce,msle
687,0.9010003687995575,0.6261398218641714,0.7486631016042781,0.8696120689655172,0.9449648711943794,0.9057239057239057,187.0,Lotus.alpinus,0.6182751705697953,opth,4,False,mlp1,bce,msle
688,0.6665595199828566,0.041690497116168124,0.7647058823529411,0.4936247723132969,0.9926739926739927,0.6593673965936739,17.0,Lotus.delortii,0.25833065466623806,opth,4,False,mlp1,bce,msle
689,0.9544364508393285,0.03779898668551902,1.0,0.8767985611510791,1.0,0.934355534259703,3.0,Lotus.pedunculatus,0.8767985611510791,opth,4,False,mlp1,bce,msle
690,0.9326750448833034,0.013157894736842105,1.0,0.7477558348294434,1.0,0.8556753980482794,1.0,Medicago.arabica,0.7477558348294435,opth,4,False,mlp1,bce,msle
691,0.903015301530153,0.20449702445525833,0.75,0.9486948694869487,0.9990521327014218,0.9732225300092336,4.0,Melilotus.neapolitanus,0.6986948694869488,opth,4,False,mlp1,bce,msle
692,0.7913046065944531,0.0945144902224937,0.5161290322580645,0.8357933579335793,0.9837133550488599,0.9037406483790523,31.0,Ononis.cristata,0.35192239019164395,opth,4,False,mlp1,bce,msle
693,0.8644697069260088,0.13426723150382716,0.5714285714285714,0.9024839006439742,0.9879154078549849,0.9432692307692307,28.0,Oxytropis.lapponica,0.4739124720725456,opth,4,False,mlp1,bce,msle
694,0.7737679743124389,0.054572422969934635,0.6153846153846154,0.690562613430127,0.9934725848563969,0.8147751605995718,13.0,Trifolium.incarnatum,0.30594722881474246,opth,4,False,mlp1,bce,msle
695,0.8895048994326972,0.033713449096491675,0.8571428571428571,0.7942238267148014,0.9988649262202043,0.8848667672197084,7.0,Trifolium.pallescens,0.6513666838576584,opth,4,False,mlp1,bce,msle
696,0.8138738738738738,0.0144409356374374,0.2,0.872072072072072,0.9958847736625515,0.9298751200768491,5.0,Vicia.pannonica,0.072072072072072,opth,4,False,mlp1,bce,msle
697,0.7344719738063823,0.08244845935759021,0.8157894736842105,0.5190343546889508,0.9876325088339223,0.6804625684723068,38.0,Vicia.tenuifolia,0.33482382837316127,opth,4,False,mlp1,bce,msle
698,0.8698248407643312,0.23054015716896104,0.8125,0.7743403093721565,0.9964871194379391,0.8714797747055811,16.0,Gentiana.angustifolia,0.5868403093721564,opth,4,False,mlp1,bce,msle
699,0.8719323066877074,0.10846995569745517,0.8529411764705882,0.782608695652174,0.9941245593419507,0.8757763975155279,34.0,Gentiana.brachyphylla,0.6355498721227621,opth,4,False,mlp1,bce,msle
700,0.7691269126912691,0.01086222235410386,0.5,0.8307830783078308,0.9978378378378379,0.906679764243615,4.0,Gentiana.orbicularis,0.3307830783078307,opth,4,False,mlp1,bce,msle
701,0.8123306233062331,0.042177816607402455,0.625,0.8012646793134598,0.996629213483146,0.8883324987481221,8.0,Gentiana.rostanii,0.4262646793134599,opth,4,False,mlp1,bce,msle
702,0.8029138000809388,0.14204863196011583,0.5714285714285714,0.7828139754485364,0.9718640093786636,0.8671548117154811,56.0,Gentianella.campestris,0.35424254687710777,opth,4,False,mlp1,bce,msle
703,0.604129263913824,0.0022624434389140274,0.0,0.6723518850987432,0.9986666666666667,0.8036480686695279,1.0,Gentianella.ciliata,-0.3276481149012568,opth,4,False,mlp1,bce,msle
704,0.7244165170556554,0.003246753246753247,0.0,0.8563734290843806,0.9989528795811519,0.9221846302561624,1.0,Gentianella.tenella,-0.14362657091561937,opth,4,False,mlp1,bce,msle
705,0.8113207547169811,0.006933170995670996,0.0,0.9074573225516622,0.9980237154150198,0.9505882352941176,2.0,Hypericum.tetrapterum,-0.09254267744833777,opth,4,False,mlp1,bce,msle
706,0.6810211449200618,0.019894714361258323,0.2857142857142857,0.8962093862815884,0.9949899799599199,0.9430199430199431,7.0,Herniaria.incana,0.18192367199587411,opth,4,False,mlp1,bce,msle
707,0.6828975052599939,0.01159865313905591,0.6666666666666666,0.6086564472497745,0.9970457902511078,0.7558790593505039,6.0,Calamintha.nepeta,0.27532311391644115,opth,4,False,mlp1,bce,msle
708,0.7954954954954956,0.01513474492229419,0.4,0.8261261261261261,0.9967391304347826,0.903448275862069,5.0,Mentha.aquatica,0.22612612612612626,opth,4,False,mlp1,bce,msle
709,0.871956717763751,0.04610120423337993,0.8333333333333334,0.866546438232642,0.998960498960499,0.9280540801545147,6.0,Mentha.longifolia,0.6998797715659753,opth,4,False,mlp1,bce,msle
710,0.5416666666666666,0.004279223263630443,0.3333333333333333,0.6384892086330936,0.9971910112359551,0.7785087719298246,3.0,Nepeta.nepetella,-0.02817745803357319,opth,4,False,mlp1,bce,msle
711,0.7725022502250225,0.011278888782809155,0.5,0.8154815481548154,0.9977973568281938,0.8974739970282318,4.0,Prunella.hyssopifolia,0.31548154815481544,opth,4,False,mlp1,bce,msle
712,0.5563549160671463,0.004020769126744725,0.3333333333333333,0.6241007194244604,0.9971264367816092,0.7676991150442478,3.0,Teucrium.polium,-0.04256594724220619,opth,4,False,mlp1,bce,msle
713,0.8500451671183378,0.08540657903789203,0.875,0.7479674796747967,0.9987937273823885,0.8553719008264463,8.0,Linum.bienne,0.6229674796747968,opth,4,False,mlp1,bce,msle
714,0.8034929818922104,0.09052936573165019,0.5294117647058824,0.8588342440801457,0.9915878023133544,0.920448999511957,17.0,Linum.suffruticosum,0.388246008786028,opth,4,False,mlp1,bce,msle
715,0.7908762420957544,0.021458056320313532,0.125,0.952122854561879,0.9934024505183789,0.9723247232472325,8.0,Lythrum.salicaria,0.07712285456187895,opth,4,False,mlp1,bce,msle
716,0.8166066606660667,0.015534618944636943,0.75,0.639063906390639,0.9985935302390999,0.7793633369923162,4.0,Althaea.hirsuta,0.38906390639063915,opth,4,False,mlp1,bce,msle
717,0.6771171171171171,0.009145695090825532,0.4,0.7621621621621621,0.9964664310954063,0.8637059724349158,5.0,Epilobium.parviflorum,0.16216216216216228,opth,4,False,mlp1,bce,msle
718,0.7614761476147616,0.02525931594080405,0.75,0.7281728172817282,0.9987654320987654,0.8422696512233212,4.0,Plantago.sempervirens,0.47817281728172834,opth,4,False,mlp1,bce,msle
719,0.9126440766097581,0.36788640479092644,0.8636363636363636,0.8331744518589133,0.9898074745186863,0.9047619047619048,66.0,Armeria.alpina,0.6968108154952768,opth,4,False,mlp1,bce,msle
720,0.7715243318533995,0.07224384883838612,0.6190476190476191,0.7358318098720292,0.990159901599016,0.844257996853697,21.0,Polygala.calcarea,0.3548794289196482,opth,4,False,mlp1,bce,msle
721,0.7839231475595112,0.22898220415650483,0.7307692307692307,0.682277318640955,0.9906666666666667,0.8080478520935291,26.0,Rumex.arifolius,0.4130465494101858,opth,4,False,mlp1,bce,msle
722,0.8634321653189578,0.009502164502164501,0.0,0.9254267744833783,0.998062015503876,0.9603729603729604,2.0,Rumex.conglomeratus,-0.07457322551662171,opth,4,False,mlp1,bce,msle
723,0.6260861802166409,0.057179723656924725,0.5483870967741935,0.6190036900369004,0.9795620437956204,0.7586206896551724,31.0,Rumex.nebroides,0.16739078681109376,opth,4,False,mlp1,bce,msle
724,0.6886281588447654,0.09304760232581173,0.42857142857142855,0.9151624548736462,0.9960707269155207,0.9539040451552211,7.0,Rumex.pseudalpinus,0.3437338834450747,opth,4,False,mlp1,bce,msle
725,0.8800456621004566,0.09555571216674702,0.75,0.8319634703196347,0.9945414847161572,0.9060169070114371,20.0,Androsace.adfinis,0.5819634703196348,opth,4,False,mlp1,bce,msle
726,0.8701723113487818,0.16794027650324034,0.7954545454545454,0.7983193277310925,0.9895833333333334,0.8837209302325582,44.0,Androsace.vitaliana,0.5937738731856379,opth,4,False,mlp1,bce,msle
727,0.7029864253393665,0.015483936318394445,1.0,0.38733031674208146,1.0,0.558382257012394,10.0,Primula.vulgaris,0.3873303167420814,opth,4,False,mlp1,bce,msle
728,0.8864864864864864,0.023801648343950703,1.0,0.6810810810810811,1.0,0.8102893890675241,5.0,Aconitum.anthora,0.6810810810810812,opth,4,False,mlp1,bce,msle
729,0.9163470319634703,0.17532365605817513,0.75,0.8703196347031964,0.9947807933194155,0.9283974671212859,20.0,Anemone.baldensis,0.6203196347031965,opth,4,False,mlp1,bce,msle
730,0.9328484848484848,0.2231971212507738,1.0,0.8427272727272728,1.0,0.9146521953626048,15.0,Anemone.narcissifolia,0.8427272727272728,opth,4,False,mlp1,bce,msle
731,0.45972097209720975,0.003955317074077268,0.0,0.864986498649865,0.9958549222797928,0.9258188824662813,4.0,Caltha.palustris,-0.135013501350135,opth,4,False,mlp1,bce,msle
732,0.6005579343454004,0.10976627728683482,0.35714285714285715,0.8419618528610354,0.9903846153846154,0.9101620029455081,14.0,Ranunculus.aduncus,0.19910471000389252,opth,4,False,mlp1,bce,msle
733,0.8469202898550725,0.06815664165414967,0.7272727272727273,0.8179347826086957,0.9966887417218543,0.8985074626865671,11.0,Ranunculus.carinthiacus,0.5452075098814229,opth,4,False,mlp1,bce,msle
734,0.8170488643581488,0.2765173935847018,0.7640449438202247,0.7426900584795322,0.9731800766283525,0.8424543946932007,89.0,Ranunculus.sartorianus,0.5067350022997568,opth,4,False,mlp1,bce,msle
735,0.7394986449864499,0.05944355982751014,0.75,0.5844625112917796,0.9969183359013868,0.7369020501138952,8.0,Reseda.phyteuma,0.3344625112917796,opth,4,False,mlp1,bce,msle
736,0.8735565070714935,0.0726897682909468,0.6428571428571429,0.8056312443233424,0.9943946188340808,0.8901154039136979,14.0,Alchemilla.fissa,0.4484883871804852,opth,4,False,mlp1,bce,msle
737,0.8484170131116087,0.19551063161385662,0.6037735849056604,0.8239171374764596,0.9765625,0.8937691521961185,53.0,Alchemilla.flabellata,0.42769072238212,opth,4,False,mlp1,bce,msle
738,0.7947601588756493,0.10444345892744072,0.7916666666666666,0.7195233730522457,0.9936708860759493,0.834662413609782,24.0,Alchemilla.glabra,0.5111900397189122,opth,4,False,mlp1,bce,msle
739,0.8665688073394495,0.17201040845606913,0.84,0.7440366972477064,0.9950920245398773,0.8514435695538057,25.0,Alchemilla.glaucescens,0.5840366972477065,opth,4,False,mlp1,bce,msle
740,0.726130461350443,0.06555353563560128,0.7083333333333334,0.6480293308890925,0.9901960784313726,0.7833795013850415,24.0,Alchemilla.monticola,0.3563626642224258,opth,4,False,mlp1,bce,msle
741,0.9506487488415198,0.38175813667005976,0.7777777777777778,0.9267840593141798,0.9920634920634921,0.9583133684714902,36.0,Alchemilla.pentaphyllea,0.7045618370919575,opth,4,False,mlp1,bce,msle
742,0.9208184313399317,0.16146938625790785,0.4090909090909091,0.9569990850869168,0.987724268177526,0.9721189591078067,22.0,Filipendula.ulmaria,0.36608999417782595,opth,4,False,mlp1,bce,msle
743,0.8616111611161117,0.016371857273551425,1.0,0.7407740774077408,1.0,0.8510858324715616,4.0,Potentilla.brauneana,0.7407740774077407,opth,4,False,mlp1,bce,msle
744,0.7742805755395683,0.029934123847167326,0.6666666666666666,0.9370503597122302,0.9990412272291467,0.9670533642691416,3.0,Potentilla.neglecta,0.6037170263788969,opth,4,False,mlp1,bce,msle
745,0.9331903945111493,0.3410243491783995,0.7818181818181819,0.9028301886792452,0.9876160990712074,0.9433218334154756,55.0,Sibbaldia.procumbens,0.6846483704974271,opth,4,False,mlp1,bce,msle
746,0.8333333333333334,0.01735033135762683,1.0,0.6081081081081081,1.0,0.7563025210084033,5.0,Galium.megalospermum,0.6081081081081081,opth,4,False,mlp1,bce,msle
747,0.7841166380789022,0.2640206899989387,0.5818181818181818,0.7990566037735849,0.9735632183908046,0.877720207253886,55.0,Galium.obliquum,0.3808747855917667,opth,4,False,mlp1,bce,msle
748,0.7961623467952582,0.07214004360075592,0.5555555555555556,0.8155515370705244,0.9955849889624724,0.8966202783300199,9.0,Galium.palustre,0.37110709262608,opth,4,False,mlp1,bce,msle
749,0.916892502258356,0.05914581655947093,0.875,0.8446251129177959,0.9989316239316239,0.9153206069505629,8.0,Galium.pseudohelveticum,0.7196251129177957,opth,4,False,mlp1,bce,msle
750,0.9077407740774077,0.027184280144806457,0.5,0.9162916291629163,0.9980392156862745,0.9554199906147348,4.0,Galium.uliginosum,0.4162916291629162,opth,4,False,mlp1,bce,msle
751,0.6633693045563549,0.013399379683014289,0.6666666666666666,0.6942446043165468,0.9987063389391979,0.8190981432360742,3.0,Salix.foetida,0.3609112709832134,opth,4,False,mlp1,bce,msle
752,0.818654019873532,0.03705517008175495,0.375,0.934056007226739,0.9951876804619827,0.9636533084808947,8.0,Thesium.divaricatum,0.309056007226739,opth,4,False,mlp1,bce,msle
753,0.7964092140921408,0.019158169527152023,0.875,0.6856368563685636,0.9986842105263158,0.8130690948044992,8.0,Saxifraga.bryoides,0.5606368563685638,opth,4,False,mlp1,bce,msle
754,0.8489439058171745,0.10615440768356116,0.59375,0.8264081255771006,0.98568281938326,0.8990457056755399,32.0,Saxifraga.exarata,0.4201581255771005,opth,4,False,mlp1,bce,msle
755,0.9133663366336633,0.29762200165425967,1.0,0.801980198019802,1.0,0.8901098901098901,4.0,Digitalis.grandiflora,0.801980198019802,opth,4,False,mlp1,bce,msle
756,0.9351935193519352,0.03275107493857494,1.0,0.4878487848784879,1.0,0.6557773744706594,4.0,Euphrasia.officinalis,0.4878487848784878,opth,4,False,mlp1,bce,msle
757,0.6802430243024302,0.013410079565856454,0.5,0.8847884788478848,0.9979695431472081,0.9379770992366412,4.0,Linaria.simplex,0.3847884788478848,opth,4,False,mlp1,bce,msle
758,0.6472072072072073,0.007222572093480031,0.6,0.654054054054054,0.9972527472527473,0.7899891186071817,5.0,Pedicularis.cenisia,0.2540540540540541,opth,4,False,mlp1,bce,msle
759,0.7959611354543723,0.12463966911716234,0.5862068965517241,0.8278084714548803,0.986827661909989,0.900350525788683,29.0,Pedicularis.comosa,0.4140153680066043,opth,4,False,mlp1,bce,msle
760,0.8271701050992604,0.06104778756742824,0.6428571428571429,0.8056312443233424,0.9943946188340808,0.8901154039136979,14.0,Pedicularis.kerneri,0.4484883871804852,opth,4,False,mlp1,bce,msle
761,0.5468468468468468,0.005968008836817741,0.2,0.772972972972973,0.9953596287703016,0.8701825557809331,5.0,Pedicularis.rosea,-0.027027027027026973,opth,4,False,mlp1,bce,msle
762,0.8519088413873409,0.08840048313102414,0.8181818181818182,0.7465690759377859,0.9951219512195122,0.8531102979613173,22.0,Pedicularis.rostratospicata,0.5647508941196042,opth,4,False,mlp1,bce,msle
763,0.9025225225225225,0.04219023071011151,1.0,0.5198198198198198,1.0,0.6840545346769413,5.0,Verbascum.chaixii,0.5198198198198198,opth,4,False,mlp1,bce,msle
764,0.8707040305852686,0.2061977536392753,0.8043478260869565,0.7885874649204865,0.9894366197183099,0.8776678813118167,46.0,Veronica.allionii,0.592935291007443,opth,4,False,mlp1,bce,msle
765,0.9051096187328997,0.3487081236715559,0.8301886792452831,0.832391713747646,0.9899216125419933,0.9043478260869565,53.0,Veronica.alpina,0.662580392992929,opth,4,False,mlp1,bce,msle
766,0.7459452445828468,0.03917510428442696,0.42857142857142855,0.7883742052679382,0.9908675799086758,0.8780981284774911,14.0,Veronica.austriaca,0.2169456338393667,opth,4,False,mlp1,bce,msle
767,0.7631499849714457,0.013025987666275577,0.5,0.7403065825067628,0.9963592233009708,0.8494568028970512,6.0,Veronica.verna,0.24030658250676273,opth,4,False,mlp1,bce,msle
768,0.9364428238630609,0.13200690461196468,0.8333333333333334,0.9115770282588879,0.9970089730807578,0.9523809523809523,18.0,Valeriana.tuberosa,0.7449103615922212,opth,4,False,mlp1,bce,msle
769,0.8423913043478262,0.10679381058503234,0.8181818181818182,0.6512681159420289,0.9972260748959778,0.787945205479452,11.0,Viola.saxatilis,0.46944993412384717,opth,4,False,mlp1,bce,msle
770,0.7853285328532853,0.1430455460635255,0.75,0.5616561656165616,0.9984,0.7188940092165899,4.0,Carex.acutiformis,0.3116561656165615,opth,4,False,mlp1,bce,msle
771,0.9328537170263789,0.025347713740029212,1.0,0.7455035971223022,1.0,0.854198866563627,3.0,Carex.bicolor,0.7455035971223021,opth,4,False,mlp1,bce,msle
772,0.813006300630063,0.022742919455667452,0.75,0.6651665166516652,0.9986486486486487,0.7984873041599135,4.0,Carex.cuprina,0.41516651665166515,opth,4,False,mlp1,bce,msle
773,0.9878487848784878,0.21047008547008544,1.0,0.8487848784878488,1.0,0.9182083739045764,4.0,Carex.disticha,0.8487848784878489,opth,4,False,mlp1,bce,msle
774,0.8600697674418605,0.1215279910690617,0.825,0.8093023255813954,0.992018244013683,0.8913934426229508,40.0,Carex.foetida,0.6343023255813953,opth,4,False,mlp1,bce,msle
775,0.725373904074265,0.019519341581326122,0.42857142857142855,0.8240072202166066,0.9956379498364231,0.9017283950617284,7.0,Carex.frigida,0.25257864878803504,opth,4,False,mlp1,bce,msle
776,0.9465408805031447,0.0239010989010989,1.0,0.9317160826594789,1.0,0.9646511627906976,2.0,Carex.melanostachya,0.931716082659479,opth,4,False,mlp1,bce,msle
777,0.658816660179058,0.07364420267647154,0.5,0.7856494096276113,0.9919724770642202,0.8768373035985808,14.0,Carex.ovalis,0.2856494096276112,opth,4,False,mlp1,bce,msle
778,0.8150479616306954,0.019002444479117905,0.3333333333333333,0.8093525179856115,0.9977827050997783,0.8937437934458788,3.0,Carex.paniculata,0.14268585131894485,opth,4,False,mlp1,bce,msle
779,0.894828984225269,0.2106794717748376,0.803921568627451,0.8392857142857143,0.9889258028792912,0.9079816980172852,51.0,Carex.parviflora,0.6432072829131652,opth,4,False,mlp1,bce,msle
780,0.6813681368136815,0.007517854706837992,0.25,0.8145814581458146,0.9966960352422908,0.8964834076275384,4.0,Carex.viridula,0.06458145814581462,opth,4,False,mlp1,bce,msle
781,0.46602160216021604,0.008534463987198457,0.25,0.5436543654365437,0.9950576606260296,0.7031431897555297,4.0,Eleocharis.quinqueflora,-0.20634563456345634,opth,4,False,mlp1,bce,msle
782,0.5731890592125037,0.01743053724751298,0.5,0.8088367899008115,0.9966666666666667,0.8929815828770533,6.0,Eriophorum.polystachion,0.30883678990081154,opth,4,False,mlp1,bce,msle
783,0.8941978021978023,0.2951653486713145,0.7230769230769231,0.8419047619047619,0.9800443458980045,0.9057377049180327,65.0,Kobresia.myosuroides,0.5649816849816851,opth,4,False,mlp1,bce,msle
784,0.9631956912028725,0.023809523809523808,1.0,0.5655296229802513,1.0,0.7224770642201835,1.0,Schoenus.nigricans,0.5655296229802513,opth,4,False,mlp1,bce,msle
785,0.7878037803780378,0.04846018736435075,0.75,0.6597659765976598,0.9986376021798365,0.794579945799458,4.0,Scirpoides.holoschoenus,0.4097659765976598,opth,4,False,mlp1,bce,msle
786,0.8545929339477727,0.11083602561157271,0.7666666666666667,0.7677419354838709,0.9916666666666667,0.8654545454545455,30.0,Muscari.neglectum,0.5344086021505376,opth,4,False,mlp1,bce,msle
787,0.858581486611265,0.12546163736039245,0.71875,0.8421052631578947,0.990228013029316,0.9101796407185628,32.0,Crocus.vernus,0.5608552631578947,opth,4,False,mlp1,bce,msle
788,0.8627362736273627,0.07037800144806768,0.5,0.9441944194419442,0.9980970504281637,0.9703977798334875,4.0,Juncus.conglomeratus,0.44419441944194427,opth,4,False,mlp1,bce,msle
789,0.7049435578045933,0.021956681667531987,1.0,0.5049954586739328,1.0,0.6710923355461678,14.0,Luzula.alpinopilosa,0.5049954586739327,opth,4,False,mlp1,bce,msle
790,0.8748934463220178,0.2733982917578321,0.8378378378378378,0.7987012987012987,0.9930795847750865,0.8853470437017995,37.0,Luzula.nutans,0.6365391365391364,opth,4,False,mlp1,bce,msle
791,0.8192446043165467,0.019824074074074077,0.6666666666666666,0.6420863309352518,0.9986013986013986,0.7816091954022989,3.0,Gagea.fragifera,0.30875299760191854,opth,4,False,mlp1,bce,msle
792,0.8607110711071106,0.016337649190110826,0.75,0.7875787578757876,0.9988584474885844,0.8807247106190237,4.0,Tulipa.australis,0.5375787578757876,opth,4,False,mlp1,bce,msle
793,0.8195890410958904,0.05388874915586627,0.9,0.7168949771689498,0.9974587039390089,0.8342189160467588,20.0,Dactylorhiza.latifolia,0.6168949771689498,opth,4,False,mlp1,bce,msle
794,0.7943017127799736,0.026198676177117967,1.0,0.5,1.0,0.6666666666666666,11.0,Ophrys.fuciflora,0.5,opth,4,False,mlp1,bce,msle
795,0.846984698469847,0.09904211127037214,0.75,0.8055805580558055,0.9988839285714286,0.8918784255107125,4.0,Orchis.purpurea,0.5555805580558055,opth,4,False,mlp1,bce,msle
796,0.8202070207020703,0.011855142274491724,1.0,0.6705670567056705,1.0,0.802801724137931,4.0,Orchis.simia,0.6705670567056705,opth,4,False,mlp1,bce,msle
797,0.9169274051481608,0.3545156118541476,0.7945205479452054,0.8589251439539347,0.9835164835164835,0.9170081967213115,73.0,Alopecurus.alpinus,0.6534456918991403,opth,4,False,mlp1,bce,msle
798,0.9569783197831978,0.2574476431258614,0.875,0.8961156278229448,0.998992950654582,0.9447619047619048,8.0,Alopecurus.rendlei,0.7711156278229447,opth,4,False,mlp1,bce,msle
799,0.7814572719407863,0.3852055879156531,0.7864077669902912,0.6523652365236524,0.9309262166405023,0.7671410090556274,206.0,Avenula.pubescens,0.43877300351394366,opth,4,False,mlp1,bce,msle
800,0.872964097102028,0.22662940356961928,0.8809523809523809,0.7604846225535881,0.9939098660170523,0.8616684266103485,42.0,Avenula.versicolor,0.6414370035059691,opth,4,False,mlp1,bce,msle
801,0.7066500890030303,0.25474778198189124,0.8823529411764706,0.42515592515592515,0.9578454332552693,0.5889128869690424,153.0,Brachypodium.rupestre,0.3075088663323957,opth,4,False,mlp1,bce,msle
802,0.7983636363636364,0.035942440641297486,0.7333333333333333,0.7536363636363637,0.9951980792316927,0.8577340920848422,15.0,Bromus.commutatus,0.48696969696969683,opth,4,False,mlp1,bce,msle
803,0.9495151515151514,0.1758553335947533,1.0,0.6445454545454545,1.0,0.7838584853510226,15.0,Bromus.racemosus,0.6445454545454545,opth,4,False,mlp1,bce,msle
804,0.7408424908424909,0.0454943885225787,0.782608695652174,0.5741758241758241,0.9920886075949367,0.7273781902552204,23.0,Elytrigia.repens,0.3567845198279982,opth,4,False,mlp1,bce,msle
805,0.7986923380207649,0.09990282626591418,0.75,0.6678932842686293,0.990450204638472,0.7978021978021979,28.0,Festuca.cinerea,0.4178932842686294,opth,4,False,mlp1,bce,msle
806,0.789811817078106,0.19386739543591178,0.5,0.874409820585458,0.9706498951781971,0.920019870839543,56.0,Festuca.marginata,0.374409820585458,opth,4,False,mlp1,bce,msle
807,0.834034595605423,0.2887674014634008,0.8152173913043478,0.6617790811339198,0.9755043227665706,0.7885847408270239,92.0,Festuca.pratensis,0.4769964724382676,opth,4,False,mlp1,bce,msle
808,0.6238289513448172,0.021536041276516323,0.4166666666666667,0.8032638259292838,0.9921612541993281,0.8877755511022044,12.0,Festuca.trichophylla,0.21993049259595043,opth,4,False,mlp1,bce,msle
809,0.8149703557312253,0.02960533855317843,0.9090909090909091,0.634963768115942,0.9985754985754985,0.7763012181616833,11.0,Gaudinia.fragilis,0.5440546772068511,opth,4,False,mlp1,bce,msle
810,0.8330039525691699,0.09639095315765023,0.9090909090909091,0.7155797101449275,0.9987357774968394,0.8337730870712401,11.0,Helictotrichon.parlatorei,0.6246706192358364,opth,4,False,mlp1,bce,msle
811,0.9043588485443245,0.4451726249134438,0.9479166666666666,0.7212953876349362,0.9932432432432432,0.8357021034678794,96.0,Helictotrichon.sedenense,0.6692120543016027,opth,4,False,mlp1,bce,msle
812,0.7732569821177415,0.026029767217251913,0.3333333333333333,0.8417721518987342,0.9935965848452508,0.911404796867352,9.0,Helictotrichon.sempervirens,0.17510548523206748,opth,4,False,mlp1,bce,msle
813,0.5610961365678346,0.005109340816571434,0.5,0.4618149146451033,0.9980582524271845,0.6314496314496314,2.0,Hordeum.murinum,-0.03818508535489662,opth,4,False,mlp1,bce,msle
814,0.7159603246167718,0.01079191877883483,0.6666666666666666,0.6402164111812444,0.9971910112359551,0.7797913234486545,6.0,Hordeum.secalinum,0.306883077847911,opth,4,False,mlp1,bce,msle
815,0.5368199579200481,0.009292796051427556,0.16666666666666666,0.6979260595130748,0.993581514762516,0.8199152542372882,6.0,Koeleria.cenisia,-0.13540727382025852,opth,4,False,mlp1,bce,msle
816,0.8110045662100457,0.11359495764649205,0.8,0.5945205479452055,0.9938931297709923,0.744,20.0,Molinia.caerulea,0.39452054794520564,opth,4,False,mlp1,bce,msle
817,0.6930045030893287,0.09591475080393477,0.8888888888888888,0.38548539114043356,0.9855421686746988,0.55420054200542,54.0,Phleum.pratense,0.2743742800293223,opth,4,False,mlp1,bce,msle
818,0.8605469118340405,0.32661053923179517,0.8285714285714286,0.7415841584158416,0.9765319426336375,0.842993809791784,105.0,Poa.trivialis,0.5701555869872701,opth,4,False,mlp1,bce,msle
819,0.7810810810810811,0.012556409060168458,0.8,0.7360360360360361,0.9987775061124694,0.8475103734439834,5.0,Vulpia.bromoides,0.5360360360360361,opth,4,False,mlp1,bce,msle
820,0.7511603919546158,0.020228689887540535,0.2857142857142857,0.944043321299639,0.9952426260704091,0.9689671144048171,7.0,Vulpia.ciliata,0.22975760701392467,opth,4,False,mlp1,bce,msle
821,0.8560377737592927,0.03730374533736143,0.5555555555555556,0.8508137432188065,0.9957671957671957,0.9176011701608972,9.0,Equisetum.variegatum,0.4063692987743621,opth,4,False,mlp1,bce,msle
822,0.9265949700330476,0.3805461286119712,0.7272727272727273,0.8918669131238447,0.9907597535934292,0.938715953307393,33.0,Pachypleurum.mutellinoides,0.6191396403965719,opth,4,False,mlp1,bce,msle
823,0.7742342342342342,0.012534953764377521,0.8,0.6549549549549549,0.9986263736263736,0.7910772578890098,5.0,Libanotis.pyrenaica,0.45495495495495497,opth,4,False,mlp1,bce,msle
824,0.8550323176361958,0.21798233959077376,0.78125,0.7469990766389658,0.991421568627451,0.85202738283307,32.0,Alchemilla.alpigena,0.5282490766389658,opth,4,False,mlp1,bce,msle
825,0.7776769509981851,0.1046551238133282,0.7692307692307693,0.7704174228675136,0.9964788732394366,0.8689866939611054,13.0,Anacamptis.morio,0.5396481920982827,opth,4,False,mlp1,bce,msle
826,0.7654054054054054,0.01092050725044261,1.0,0.5603603603603604,1.0,0.7182448036951501,5.0,Mutellina.adonidifolia,0.5603603603603604,opth,4,False,mlp1,bce,msle
827,0.8510866456963111,0.19833945705560943,0.6153846153846154,0.8197026022304833,0.9832775919732442,0.8940699442473391,39.0,Avenula.pratensis,0.4350872176150986,opth,4,False,mlp1,bce,msle
828,0.8135779816513761,0.06762008854953201,0.64,0.8036697247706422,0.9898305084745763,0.8870886075949367,25.0,Gymnadenia.nigra,0.44366972477064226,opth,4,False,mlp1,bce,msle
829,0.26438848920863306,0.0023344128394307984,0.0,0.7724820143884892,0.9965197215777262,0.8703140830800405,3.0,Murbeckiella.pinnatifida,-0.22751798561151082,opth,4,False,mlp1,bce,msle
830,0.6396396396396395,0.012454793155721103,0.4,0.7162162162162162,0.9962406015037594,0.8333333333333334,5.0,Silene.conica,0.11621621621621614,opth,4,False,mlp1,bce,msle
