,auc,prauc,sensitivity,specificity,precision,f1,support,species,tss,postprocess,fold,prr,archi,species_loss,func_loss
0,0.8914027149321267,0.12065277054294946,0.7272727272727273,0.8334841628959276,0.9967532467532467,0.9078363725973386,11.0,Aceras.anthropophorum,0.5607568901686548,opth,1,False,mlp1,bce,msle
1,0.9085635359116022,0.27932781449002986,0.8333333333333334,0.85451197053407,0.9946409431939979,0.9192669638434868,30.0,Achillea.collina,0.6878453038674035,opth,1,False,mlp1,bce,msle
2,0.7833747843427215,0.48332580049420937,0.7011494252873564,0.7192982456140351,0.8874458874458875,0.7945736434108527,261.0,Achillea.millefolium,0.42044767090139157,opth,1,False,mlp1,bce,msle
3,0.9450000000000001,0.2619982918601472,1.0,0.8136363636363636,1.0,0.8972431077694235,16.0,Achillea.nana,0.8136363636363635,opth,1,False,mlp1,bce,msle
4,0.9492893453677766,0.45647142050426237,0.8444444444444444,0.8944911297852475,0.9927461139896373,0.9410609037328095,45.0,Achillea.roseo.alba,0.7389355742296919,opth,1,False,mlp1,bce,msle
5,0.9464928057553956,0.09657551120965754,0.75,0.8498201438848921,0.9989429175475687,0.9183673469387755,4.0,Achnatherum.calamagrostis,0.5998201438848922,opth,1,False,mlp1,bce,msle
6,0.8746372047528183,0.2167665396918719,0.7457627118644068,0.8211920529801324,0.9830124575311439,0.8948453608247423,59.0,Acinos.alpinus,0.5669547648445392,opth,1,False,mlp1,bce,msle
7,0.8740198339483395,0.2155247911314482,0.78125,0.8062730627306273,0.9920544835414302,0.8895674300254452,32.0,Acinos.arvensis,0.5875230627306274,opth,1,False,mlp1,bce,msle
8,0.968609865470852,0.027777777777777776,1.0,0.8609865470852018,1.0,0.9253012048192771,1.0,Aconitum.lycoctonum,0.8609865470852018,opth,1,False,mlp1,bce,msle
9,0.8855944893680744,0.018876946968648615,0.0,0.9874213836477987,0.9972776769509982,0.9923250564334086,3.0,Cacalia.leucophylla,-0.012578616352201255,opth,1,False,mlp1,bce,msle
10,0.8905829596412556,0.008130081300813009,1.0,0.8780269058295964,1.0,0.9350525310410697,1.0,Aegopodium.podagraria,0.8780269058295964,opth,1,False,mlp1,bce,msle
11,0.8920306691449814,0.20383880056862932,0.925,0.7778810408921933,0.9964285714285714,0.8736951983298539,40.0,Agrimonia.eupatoria,0.7028810408921933,opth,1,False,mlp1,bce,msle
12,0.873047937223215,0.26675617072257973,0.5737704918032787,0.8606635071090047,0.9721627408993576,0.9130216189039718,61.0,Agrostis.alpina,0.4344339989122834,opth,1,False,mlp1,bce,msle
13,0.8172072379651758,0.32463822593380165,0.6633663366336634,0.7901477832512315,0.9593301435406698,0.8665586169638033,101.0,Agrostis.capillaris,0.4535141198848949,opth,1,False,mlp1,bce,msle
14,0.8910389537494388,0.31924163607974043,0.7205882352941176,0.8473282442748091,0.9790518191841234,0.9084398976982098,68.0,Agrostis.rupestris,0.5679164795689267,opth,1,False,mlp1,bce,msle
15,0.8824651209475057,0.08400291716864029,0.4444444444444444,0.8816621499548328,0.9949031600407747,0.9348659003831418,9.0,Agrostis.agrostiflora,0.32610659439927714,opth,1,False,mlp1,bce,msle
16,0.8655892524607609,0.3106088504909905,0.7142857142857143,0.8212290502793296,0.9865771812080537,0.8963414634146342,42.0,Agrostis.stolonifera,0.5355147645650438,opth,1,False,mlp1,bce,msle
17,0.9296564195298371,0.14920786050337312,0.5,0.9620253164556962,0.9953227315247896,0.9783908045977011,10.0,Ajuga.chamaepitys,0.4620253164556962,opth,1,False,mlp1,bce,msle
18,0.8320299381087174,0.07237902699557663,0.6842105263157895,0.7976298997265269,0.9931895573212258,0.884732052578362,19.0,Ajuga.genevensis,0.48184042604231636,opth,1,False,mlp1,bce,msle
19,0.8368896925858951,0.12579106661096678,0.2,0.9231464737793852,0.9922254616132167,0.956440281030445,10.0,Ajuga.pyramidalis,0.12314647377938526,opth,1,False,mlp1,bce,msle
20,0.8829134498171476,0.22573579711673022,0.6739130434782609,0.8616822429906542,0.983991462113127,0.918784255107125,46.0,Ajuga.reptans,0.5355952864689151,opth,1,False,mlp1,bce,msle
21,0.8879194990097949,0.22845022147273394,0.5294117647058824,0.9062784349408554,0.9920318725099602,0.9472182596291013,17.0,Alchemilla.alpina,0.4356901996467377,opth,1,False,mlp1,bce,msle
22,0.8458912822252375,0.26848045482668503,0.75,0.832089552238806,0.9878183831672204,0.9032911392405063,44.0,Alchemilla.xanthochlora,0.5820895522388061,opth,1,False,mlp1,bce,msle
23,0.8356920606243099,0.23505035894261078,0.4444444444444444,0.934056007226739,0.9951876804619827,0.9636533084808947,9.0,Allium.lusitanicum,0.3785004516711834,opth,1,False,mlp1,bce,msle
24,0.7944293066908871,0.15791543676217448,0.6,0.7965485921889192,0.9932049830124575,0.8840725806451613,15.0,Allium.oleraceum,0.39654859218891914,opth,1,False,mlp1,bce,msle
25,0.8689204545454545,0.19923809468640463,0.75,0.8545454545454545,0.9957627118644068,0.9197651663405088,16.0,Allium.schoenoprasum,0.6045454545454545,opth,1,False,mlp1,bce,msle
26,0.9481548154815482,0.14620204839472903,0.6,0.963096309630963,0.9981343283582089,0.9803023362345397,5.0,Allium.scorodoprasum,0.5630963096309629,opth,1,False,mlp1,bce,msle
27,0.8242252314938714,0.05625715255289106,0.47058823529411764,0.9062784349408554,0.991044776119403,0.9467680608365019,17.0,Allium.sphaerocephalon,0.376866670234973,opth,1,False,mlp1,bce,msle
28,0.8788478847884789,0.02438060619107077,1.0,0.6858685868586859,1.0,0.813667912439936,5.0,Allium.vineale,0.6858685868586858,opth,1,False,mlp1,bce,msle
29,0.9468362095065093,0.3768988028101515,0.8666666666666667,0.7747502270663034,0.9976608187134502,0.8721881390593047,15.0,Alopecurus.pratensis,0.6414168937329701,opth,1,False,mlp1,bce,msle
30,0.9012314126394052,0.3137269423568987,0.725,0.8773234200743495,0.9884816753926702,0.92959133431807,40.0,Alyssum.alyssoides,0.6023234200743495,opth,1,False,mlp1,bce,msle
31,0.8934056007226738,0.24191171385913782,0.7777777777777778,0.7804878048780488,0.9976905311778291,0.8758236188545362,9.0,Anacamptis.pyramidalis,0.5582655826558267,opth,1,False,mlp1,bce,msle
32,0.9271590909090909,0.1444867490177873,0.875,0.8481818181818181,0.9978609625668449,0.9169533169533169,16.0,Androsace.obtusifolia,0.7231818181818181,opth,1,False,mlp1,bce,msle
33,0.8794964028776978,0.025832853302611362,0.5,0.8965827338129496,0.997997997997998,0.9445760303173851,4.0,Angelica.sylvestris,0.3965827338129495,opth,1,False,mlp1,bce,msle
34,0.8686557005104936,0.21754316288780198,0.6829268292682927,0.813953488372093,0.9853603603603603,0.891492613346918,41.0,Antennaria.carpatica,0.49688031764038576,opth,1,False,mlp1,bce,msle
35,0.8478083078012281,0.23768331524730882,0.7468354430379747,0.7888138862102217,0.9761336515513126,0.8725333333333334,79.0,Antennaria.dioica,0.5356493292481965,opth,1,False,mlp1,bce,msle
36,0.9606272563176895,0.2794502726839144,0.625,0.9873646209386282,0.9972652689152234,0.9922902494331066,8.0,Anthemis.arvensis,0.6123646209386282,opth,1,False,mlp1,bce,msle
37,0.7983495658014681,0.0805921452544211,0.631578947368421,0.8003646308113036,0.992090395480226,0.8859737638748738,19.0,Anthericum.liliago,0.4319435781797245,opth,1,False,mlp1,bce,msle
38,0.675888164809754,0.45641113059220917,0.6417910447761194,0.6274007682458387,0.8032786885245902,0.7045291157440691,335.0,Anthoxanthum.odoratum,0.26919181302195794,opth,1,False,mlp1,bce,msle
39,0.9136400710070527,0.213920503143294,0.8947368421052632,0.8632634457611669,0.9978925184404637,0.9257086999022482,19.0,Anthriscus.sylvestris,0.75800028786643,opth,1,False,mlp1,bce,msle
40,0.730931576044358,0.3596087338178913,0.5135135135135135,0.7948442534908701,0.891566265060241,0.8404315729699035,185.0,Anthyllis.vulneraria,0.30835776700438355,opth,1,False,mlp1,bce,msle
41,0.910233393177738,0.019876912840984695,0.0,0.9892280071813285,0.9981884057971014,0.9936880072137061,2.0,Aphanes.arvensis,-0.010771992818671472,opth,1,False,mlp1,bce,msle
42,0.8348294434470378,0.014178595773687798,0.5,0.7351885098743267,0.998780487804878,0.8469493278179938,2.0,Aquilegia.vulgaris,0.2351885098743267,opth,1,False,mlp1,bce,msle
43,0.9529799341120095,0.03554043265767081,1.0,0.8697214734950584,1.0,0.9303219605958674,3.0,Arabidopsis.thaliana,0.8697214734950585,opth,1,False,mlp1,bce,msle
44,0.8261726078799249,0.16414821981093722,0.76,0.7926829268292683,0.9859976662777129,0.8788351534061363,50.0,Arabis.ciliata,0.5526829268292683,opth,1,False,mlp1,bce,msle
45,0.7332047646057855,0.06830558506393263,0.6097560975609756,0.6837209302325581,0.9786950732356857,0.8050383351588171,41.0,Arabis.hirsuta,0.2934770277935337,opth,1,False,mlp1,bce,msle
46,0.8417499878066625,0.3774552920693098,0.6633663366336634,0.7940886699507389,0.9595238095238096,0.8690026954177897,101.0,Arenaria.serpyllifolia,0.4574550065844023,opth,1,False,mlp1,bce,msle
47,0.9635791366906474,0.2952685421994885,0.5,0.9424460431654677,0.9980952380952381,0.969472710453284,4.0,Armeria.arenaria,0.44244604316546754,opth,1,False,mlp1,bce,msle
48,0.8708198800738007,0.25962794036876546,0.59375,0.8828413284132841,0.98659793814433,0.9318403115871471,32.0,Arnica.montana,0.4765913284132841,opth,1,False,mlp1,bce,msle
49,0.8861663048923025,0.5819470971443048,0.7924528301886793,0.7809734513274337,0.9413333333333334,0.8536880290205562,212.0,Arrhenatherum.elatius,0.5734262815161131,opth,1,False,mlp1,bce,msle
50,0.9251577998196574,0.13959830420211497,0.8571428571428571,0.9134355275022543,0.9990138067061144,0.9543099387658973,7.0,Artemisia.absinthium,0.7705783846451113,opth,1,False,mlp1,bce,msle
51,0.947318278052223,0.31733146404021706,0.8461538461538461,0.8990825688073395,0.9959349593495935,0.9450337512054002,26.0,Artemisia.campestris,0.7452364149611856,opth,1,False,mlp1,bce,msle
52,0.6143497757847534,0.002320185614849188,0.0,0.9031390134529148,0.9990079365079365,0.9486575600565238,1.0,Artemisia.vulgaris,-0.09686098654708519,opth,1,False,mlp1,bce,msle
53,0.852577873254565,0.15823636404862979,0.6578947368421053,0.8450834879406308,0.9859307359307359,0.9100899100899101,38.0,Asperula.cynanchica,0.5029782247827361,opth,1,False,mlp1,bce,msle
54,0.9370671484492623,0.23303650911577106,0.8888888888888888,0.8798554652213189,0.9989743589743589,0.9356388088376562,9.0,Asphodelus.albus,0.7687443541102077,opth,1,False,mlp1,bce,msle
55,0.8710116910614011,0.2848907351376958,0.7058823529411765,0.8253521126760563,0.9832214765100671,0.8973966309341501,51.0,Aster.alpinus,0.5312344656172328,opth,1,False,mlp1,bce,msle
56,0.879242700729927,0.18731299585107872,0.7,0.875,0.9937823834196892,0.9306162057253761,20.0,Aster.bellidiastrum,0.575,opth,1,False,mlp1,bce,msle
57,0.591113105924596,0.028893849206349204,0.0,0.9847396768402155,0.9981801637852593,0.991414369633981,2.0,Aster.linosyris,-0.015260323159784539,opth,1,False,mlp1,bce,msle
58,0.8943424503559385,0.07245970088739163,0.7058823529411765,0.8980891719745223,0.9949596774193549,0.9440459110473458,17.0,Astragalus.alpinus,0.6039715249156989,opth,1,False,mlp1,bce,msle
59,0.967654986522911,0.053507424475166404,1.0,0.8553459119496856,1.0,0.9220338983050848,3.0,Astragalus.depressus,0.8553459119496856,opth,1,False,mlp1,bce,msle
60,0.9098295454545454,0.09887787955125765,0.75,0.8527272727272728,0.9957537154989384,0.9187071498530852,16.0,Astragalus.monspessulanus,0.6027272727272728,opth,1,False,mlp1,bce,msle
61,0.9865909090909091,0.5567727976351678,0.9375,0.9527272727272728,0.9990467111534795,0.9753373662168451,16.0,Astragalus.onobrychis,0.8902272727272726,opth,1,False,mlp1,bce,msle
62,0.932315064390536,0.027749638694166433,0.3333333333333333,0.9550763701707098,0.9981220657276996,0.9761248852157943,3.0,Astragalus.penduliflorus,0.28840970350404316,opth,1,False,mlp1,bce,msle
63,0.9260844274555426,0.2880695939097365,1.0,0.8135283363802559,1.0,0.8971774193548387,22.0,Astrantia.major,0.8135283363802559,opth,1,False,mlp1,bce,msle
64,0.9299820466786355,0.01862714013950539,1.0,0.8788150807899462,1.0,0.9354992833253702,2.0,Astrantia.minor,0.8788150807899462,opth,1,False,mlp1,bce,msle
65,0.8012164565920089,0.11403545340115703,0.673469387755102,0.7319587628865979,0.9799247176913425,0.8379828326180258,49.0,Deschampsia.flexuosa,0.4054281506416999,opth,1,False,mlp1,bce,msle
66,0.8433772244312626,0.2757075122155786,0.5344827586206896,0.8525519848771267,0.9709364908503767,0.9079013588324106,58.0,Bartsia.alpina,0.3870347434978163,opth,1,False,mlp1,bce,msle
67,0.9070634387394613,0.25950466978541537,0.8837209302325582,0.8341099720410066,0.9944444444444445,0.9072478459199189,43.0,Bellis.perennis,0.7178309022735647,opth,1,False,mlp1,bce,msle
68,0.8778430093498587,0.1931840301657575,0.7142857142857143,0.8228310502283105,0.9933847850055126,0.9000999000999002,21.0,Biscutella.laevigata,0.5371167645140247,opth,1,False,mlp1,bce,msle
69,0.9433155080213904,0.20822618662988893,1.0,0.8570135746606334,1.0,0.9230019493177388,11.0,Blackstonia.perfoliata,0.8570135746606335,opth,1,False,mlp1,bce,msle
70,0.8185085354896676,0.10974586175389388,0.6666666666666666,0.9119496855345912,0.9990157480314961,0.9534992954438704,3.0,Blysmus.compressus,0.5786163522012577,opth,1,False,mlp1,bce,msle
71,0.8340867992766727,0.1268072846159053,0.4,0.9358047016274864,0.9942363112391931,0.9641360037261295,10.0,Bothriochloa.ischaemum,0.3358047016274863,opth,1,False,mlp1,bce,msle
72,0.8013851631468566,0.22675407507707832,0.5445544554455446,0.8275862068965517,0.9480812641083521,0.8837453971593898,101.0,Botrychium.lunaria,0.3721406623420962,opth,1,False,mlp1,bce,msle
73,0.8429084380610412,0.00826797385620915,0.0,0.8931777378815081,0.9979939819458375,0.9426811937470393,2.0,Brachypodium.sylvaticum,-0.10682226211849188,opth,1,False,mlp1,bce,msle
74,0.7704009057392516,0.3543794057904641,0.654054054054054,0.6981740064446831,0.9103641456582633,0.790273556231003,185.0,Briza.media,0.3522280604987371,opth,1,False,mlp1,bce,msle
75,0.9149066814681189,0.8258568020476853,0.7832512315270936,0.8605633802816901,0.8741058655221745,0.8672817601135557,406.0,Bromus.erectus,0.6438146118087837,opth,1,False,mlp1,bce,msle
76,0.8795586978478751,0.3341873802914579,0.819672131147541,0.7753554502369668,0.9867310012062727,0.8683651804670913,61.0,Bromus.hordeaceus,0.5950275813845078,opth,1,False,mlp1,bce,msle
77,0.9775583482944344,0.08472222222222223,1.0,0.8276481149012568,1.0,0.9056974459724951,2.0,Bromus.squarrosus,0.8276481149012569,opth,1,False,mlp1,bce,msle
78,0.8972647135079077,0.12998313504474565,0.8571428571428571,0.8030852994555354,0.9977452085682075,0.889894419306184,14.0,Bromus.sterilis,0.6602281565983925,opth,1,False,mlp1,bce,msle
79,0.9527244621924513,0.16547189582903868,0.8571428571428571,0.8935978358881875,0.998991935483871,0.9433603046168492,7.0,Bromus.tectorum,0.7507406930310445,opth,1,False,mlp1,bce,msle
80,0.8508535489667565,0.019319012803881826,0.6666666666666666,0.7852650494159928,0.9988571428571429,0.8792756539235412,3.0,Bunias.orientalis,0.4519317160826595,opth,1,False,mlp1,bce,msle
81,0.9033401215464297,0.39951039235681024,0.7796610169491526,0.8514664143803217,0.9857612267250822,0.9137055837563451,59.0,Bunium.bulbocastanum,0.6311274313294741,opth,1,False,mlp1,bce,msle
82,0.916998191681736,0.2306177179262918,0.8,0.8869801084990958,0.9979654120040692,0.9392053614169459,10.0,Buphthalmum.salicifolium,0.6869801084990959,opth,1,False,mlp1,bce,msle
83,0.8314542052487646,0.11367691612332251,0.631578947368421,0.8696444849589791,0.9927159209157128,0.9271137026239067,19.0,Bupleurum.falcatum,0.5012234323274001,opth,1,False,mlp1,bce,msle
84,0.8477769936485533,0.21823753902311366,0.6923076923076923,0.8293577981651377,0.9912280701754386,0.903096903096903,26.0,Bupleurum.ranunculoides,0.52166549047283,opth,1,False,mlp1,bce,msle
85,0.9452079566003617,0.2860598212402336,0.8,0.8553345388788427,0.9978902953586498,0.9211295034079844,10.0,Calamagrostis.varia,0.6553345388788427,opth,1,False,mlp1,bce,msle
86,0.6773830935251799,0.006638883255336028,0.0,0.7985611510791367,0.9955156950672646,0.8862275449101796,4.0,Calluna.vulgaris,-0.20143884892086328,opth,1,False,mlp1,bce,msle
87,0.9373682625715146,0.2248303264760618,0.6666666666666666,0.964769647696477,0.9971988795518207,0.9807162534435262,9.0,Calystegia.sepium,0.6314363143631436,opth,1,False,mlp1,bce,msle
88,0.916966966966967,0.09663924891990694,0.3333333333333333,0.9432432432432433,0.9961941008563273,0.968995835261453,6.0,Campanula.barbata,0.27657657657657664,opth,1,False,mlp1,bce,msle
89,0.7844383893430216,0.045340709561056396,0.4666666666666667,0.8374205267938238,0.9913978494623656,0.9079271294928607,15.0,Campanula.cochleariifolia,0.3040871934604905,opth,1,False,mlp1,bce,msle
90,0.864623032311516,0.2270155533558278,0.8235294117647058,0.8065727699530516,0.9896313364055299,0.8887739265390585,51.0,Campanula.glomerata,0.6301021817177574,opth,1,False,mlp1,bce,msle
91,0.8543089011979904,0.11669269560964214,0.7142857142857143,0.9296663660955816,0.9980638915779284,0.9626517273576097,7.0,Campanula.rapunculoides,0.6439520803812959,opth,1,False,mlp1,bce,msle
92,0.9715483677747829,0.10544871794871795,0.6666666666666666,0.9344115004492363,0.9990393852065321,0.9656453110492108,3.0,Campanula.rapunculus,0.6010781671159029,opth,1,False,mlp1,bce,msle
93,0.9068149359764657,0.4806773629074229,0.8860759493670886,0.8244937319189971,0.9895833333333334,0.8995265649658075,79.0,Campanula.rhomboidalis,0.7105696812860858,opth,1,False,mlp1,bce,msle
94,0.7294693497008778,0.16147947077415528,0.6721311475409836,0.680568720379147,0.9728997289972899,0.8008923591745678,61.0,Campanula.rotundifolia,0.3526998679201305,opth,1,False,mlp1,bce,msle
95,0.886705233025378,0.44201541562702323,0.7898089171974523,0.8383733055265902,0.9605734767025089,0.8953229398663697,157.0,Campanula.scheuchzeri,0.6281822227240426,opth,1,False,mlp1,bce,msle
96,0.9175517551755176,0.0928273115773116,0.6,0.8883888388838884,0.9979777553083923,0.94,5.0,Campanula.thyrsoides,0.4883888388838884,opth,1,False,mlp1,bce,msle
97,0.7120819289603318,0.05672962192864212,0.5,0.7395644283121597,0.9914841849148418,0.8471933471933472,14.0,Capsella.bursa.pastoris,0.23956442831215963,opth,1,False,mlp1,bce,msle
98,0.9716216216216216,0.10473722184248502,1.0,0.8963963963963963,1.0,0.9453681710213777,6.0,Cardamine.pratensis,0.8963963963963963,opth,1,False,mlp1,bce,msle
99,0.8686621779859485,0.49011986200285623,0.7785714285714286,0.7950819672131147,0.9615861214374225,0.8704430734716769,140.0,Carduus.defloratus,0.5736533957845433,opth,1,False,mlp1,bce,msle
100,0.7116111611161116,0.014443726296101397,0.4,0.720972097209721,0.996268656716418,0.8365535248041776,5.0,Carduus.nutans,0.12097209720972102,opth,1,False,mlp1,bce,msle
101,0.8119292472233649,0.06376145688625076,0.36363636363636365,0.8769230769230769,0.992827868852459,0.9312830370014417,11.0,Carex.atrata,0.24055944055944067,opth,1,False,mlp1,bce,msle
102,0.9249598995745869,0.20617779211742568,0.6923076923076923,0.9356300997280145,0.9961389961389961,0.9649368863955119,13.0,Carex.capillaris,0.6279377920357068,opth,1,False,mlp1,bce,msle
103,0.7785085779978775,0.22243710282135748,0.5795454545454546,0.7996108949416343,0.9569266589057043,0.8712241653418124,88.0,Carex.caryophyllea,0.3791563494870889,opth,1,False,mlp1,bce,msle
104,0.9142993717563507,0.325257811343183,0.8,0.8489483747609943,0.9844789356984479,0.9117043121149897,70.0,Carex.curvula,0.6489483747609943,opth,1,False,mlp1,bce,msle
105,0.7335140018066847,0.05027536974955016,0.1111111111111111,0.967479674796748,0.9925857275254866,0.979871912168344,9.0,Carex.davalliana,0.07859078590785917,opth,1,False,mlp1,bce,msle
106,0.9046705776173285,0.09361367477506047,0.75,0.9205776173285198,0.9980430528375733,0.9577464788732394,8.0,Carex.distans,0.6705776173285198,opth,1,False,mlp1,bce,msle
107,0.8560060060060061,0.03128337452324909,0.5,0.8702702702702703,0.9969040247678018,0.9292929292929293,6.0,Carex.divulsa,0.37027027027027026,opth,1,False,mlp1,bce,msle
108,0.8228417266187049,0.012262711266415437,0.0,0.9109712230215827,0.9960668633235005,0.9516204790981682,4.0,Carex.ericetorum,-0.08902877697841727,opth,1,False,mlp1,bce,msle
109,0.9853866906474821,0.7644927536231885,1.0,0.85431654676259,1.0,0.9214354995150339,4.0,Carex.ferruginea,0.85431654676259,opth,1,False,mlp1,bce,msle
110,0.7870570866141733,0.26286250649326126,0.5,0.8848425196850394,0.9473129610115911,0.9150127226463104,100.0,Carex.flacca,0.38484251968503935,opth,1,False,mlp1,bce,msle
111,0.8984310699588477,0.20694086191465977,0.75,0.8675925925925926,0.9904862579281184,0.9249753208292202,36.0,Carex.halleriana,0.6175925925925925,opth,1,False,mlp1,bce,msle
112,0.892484121383204,0.18942982354673782,0.8461538461538461,0.7880733944954128,0.9953650057937428,0.8796722990271377,26.0,Carex.hirta,0.6342272406492588,opth,1,False,mlp1,bce,msle
113,0.979372197309417,0.041666666666666664,1.0,0.9721973094170404,1.0,0.9859026830377444,1.0,Carex.hostiana,0.9721973094170404,opth,1,False,mlp1,bce,msle
114,0.872078518907563,0.250652828872468,0.6428571428571429,0.8832720588235294,0.9897013388259527,0.9334628460417679,28.0,Carex.humilis,0.5261292016806722,opth,1,False,mlp1,bce,msle
115,0.7979446555692341,0.3977584971118757,0.5882352941176471,0.9344858962693358,0.9932301740812379,0.9629629629629629,17.0,Carex.liparocarpos,0.5227211903869828,opth,1,False,mlp1,bce,msle
116,0.9020611874513871,0.08023395179234886,0.8571428571428571,0.7776769509981851,0.9976717112922002,0.8740438551759306,14.0,Carex.montana,0.6348198081410423,opth,1,False,mlp1,bce,msle
117,0.8682958915199352,0.07918069887214312,0.7777777777777778,0.7987249544626593,0.9954597048808173,0.8863062152602325,18.0,Carex.spicata,0.5765027322404372,opth,1,False,mlp1,bce,msle
118,0.9064925333190601,0.2565214000303007,0.8235294117647058,0.8853503184713376,0.9969262295081968,0.9378313253012048,17.0,Carex.nigra,0.7088797302360434,opth,1,False,mlp1,bce,msle
119,0.8045191435943929,0.17027406921120788,0.6153846153846154,0.8658204895738894,0.9947916666666666,0.9258361609306834,13.0,Carex.ornithopoda,0.48120510495850466,opth,1,False,mlp1,bce,msle
120,0.8163203854260765,0.05512251819902921,0.4444444444444444,0.959349593495935,0.9953139643861293,0.9770009199632015,9.0,Carex.pallescens,0.40379403794037927,opth,1,False,mlp1,bce,msle
121,0.9012584407612032,0.372960123478942,0.8,0.9005524861878453,0.9939024390243902,0.9449275362318841,30.0,Carex.panicea,0.7005524861878454,opth,1,False,mlp1,bce,msle
122,0.8760397830018084,0.18180752297776642,0.3,0.9701627486437613,0.9935185185185185,0.9817017383348582,10.0,Carex.rupestris,0.2701627486437612,opth,1,False,mlp1,bce,msle
123,0.8466063997704117,0.5013030208631885,0.821256038647343,0.7029702970297029,0.9452662721893491,0.8063091482649842,207.0,Carex.sempervirens,0.5242263356770458,opth,1,False,mlp1,bce,msle
124,0.9378409090909091,0.22301594164156047,0.75,0.8981818181818182,0.9959677419354839,0.9445506692160612,16.0,Carex.tomentosa,0.6481818181818182,opth,1,False,mlp1,bce,msle
125,0.8421764296558705,0.3839357880430207,0.765625,0.7682186234817814,0.9619771863117871,0.8542487338210467,128.0,Carlina.acaulis,0.5338436234817814,opth,1,False,mlp1,bce,msle
126,0.9098936449579832,0.3198552578702311,0.6785714285714286,0.9191176470588235,0.9910802775024777,0.9537434430138293,28.0,Carlina.vulgaris,0.5976890756302522,opth,1,False,mlp1,bce,msle
127,0.888848027948883,0.39376805695831346,0.8356164383561644,0.7698945349952061,0.9852760736196319,0.8643702906350915,73.0,Carum.carvi,0.6055109733513704,opth,1,False,mlp1,bce,msle
128,0.8779201014584654,0.4660543842769564,0.9036144578313253,0.74,0.9777468706536857,0.8424206111443978,166.0,Centaurea.jacea,0.6436144578313252,opth,1,False,mlp1,bce,msle
129,0.9374461126802437,0.3787726377210886,0.8709677419354839,0.8691244239631336,0.9957761351636748,0.9281496062992126,31.0,Centaurea.montana,0.7400921658986175,opth,1,False,mlp1,bce,msle
130,0.8538524473534435,0.4267597010013219,0.7678571428571429,0.7320717131474104,0.9658344283837057,0.8328611898016998,112.0,Centaurea.scabiosa,0.49992885600455317,opth,1,False,mlp1,bce,msle
131,0.8263862989498479,0.5062333670286975,0.7391304347826086,0.744920993227991,0.9166666666666666,0.821917808219178,230.0,Cerastium.arvense,0.48405142801059964,opth,1,False,mlp1,bce,msle
132,0.8825331158757309,0.22619783560120318,0.6521739130434783,0.8435498627630376,0.9913978494623656,0.9115175481957489,23.0,Cerastium.brachypetalum,0.49572377580651583,opth,1,False,mlp1,bce,msle
133,0.841416543964964,0.3456345165593419,0.7777777777777778,0.764525993883792,0.9615384615384616,0.8517887563884157,135.0,Cerastium.fontanum,0.5423037716615697,opth,1,False,mlp1,bce,msle
134,0.9112021857923498,0.2223936678018754,0.7222222222222222,0.9107468123861566,0.9950248756218906,0.9510223490252021,18.0,Cerastium.glomeratum,0.6329690346083789,opth,1,False,mlp1,bce,msle
135,0.8921678046218487,0.18295421547629107,0.6428571428571429,0.8630514705882353,0.9894625922023182,0.9219440353460973,28.0,Cerastium.pumilum,0.5059086134453783,opth,1,False,mlp1,bce,msle
136,0.9422212230215827,0.05738070190818503,0.75,0.9640287769784173,0.9990680335507922,0.9812356979405035,4.0,Cerastium.semidecandrum,0.7140287769784173,opth,1,False,mlp1,bce,msle
137,0.9458331334260902,0.3422120858647103,0.7894736842105263,0.8896991795806746,0.9959183673469387,0.9398170438131921,19.0,Chaerophyllum.aureum,0.6791728637912009,opth,1,False,mlp1,bce,msle
138,0.9471066907775768,0.1694245751562517,0.9,0.8553345388788427,0.9989440337909187,0.9215781782756941,10.0,Chaerophyllum.hirsutum,0.7553345388788428,opth,1,False,mlp1,bce,msle
139,0.929700272479564,0.19505596448445564,0.6,0.9482288828337875,0.9942857142857143,0.9707112970711297,15.0,Chaerophyllum.villarsii,0.5482288828337873,opth,1,False,mlp1,bce,msle
140,0.7882599580712789,0.013263003170064023,0.6666666666666666,0.7079964061096137,0.9987325728770595,0.8286014721345951,3.0,Chenopodium.album,0.3746630727762803,opth,1,False,mlp1,bce,msle
141,0.9037769784172661,0.28387566137566134,0.75,0.8489208633093526,0.9989417989417989,0.9178415167719981,4.0,Chondrilla.juncea,0.5989208633093526,opth,1,False,mlp1,bce,msle
142,0.9422142214221423,0.06595411746403981,0.6,0.9504950495049505,0.998109640831758,0.9737206085753803,5.0,Cichorium.intybus,0.5504950495049505,opth,1,False,mlp1,bce,msle
143,0.7424068614312516,0.1988374899336032,0.4065934065934066,0.8439024390243902,0.941240478781284,0.8899176954732511,91.0,Cirsium.acaule,0.2504958456177968,opth,1,False,mlp1,bce,msle
144,0.8155573376102647,0.16988530189814927,0.7674418604651163,0.7082945013979497,0.987012987012987,0.8247422680412371,43.0,Cirsium.arvense,0.4757363618630661,opth,1,False,mlp1,bce,msle
145,0.8569595410628019,0.08780729560926713,0.4166666666666667,0.9501811594202898,0.9933712121212122,0.9712962962962963,12.0,Cirsium.eriophorum,0.36684782608695654,opth,1,False,mlp1,bce,msle
146,0.9469035431095051,0.1882834866323264,0.5555555555555556,0.9566395663956639,0.9962370649106302,0.976036866359447,9.0,Cirsium.palustre,0.5121951219512195,opth,1,False,mlp1,bce,msle
147,0.8225390055000561,0.1684494747958279,0.6779661016949152,0.826868495742668,0.9787234042553191,0.8964102564102564,59.0,Cirsium.spinosissimum,0.5048345974375832,opth,1,False,mlp1,bce,msle
148,0.7795893719806763,0.04905691636382865,0.6666666666666666,0.6730072463768116,0.9946452476572959,0.8028092922744462,12.0,Cirsium.tuberosum,0.33967391304347827,opth,1,False,mlp1,bce,msle
149,0.796549281521959,0.0692148987203743,0.5555555555555556,0.855191256830601,0.9915522703273495,0.9183374083129584,18.0,Cirsium.vulgare,0.4107468123861566,opth,1,False,mlp1,bce,msle
150,0.8026642446260974,0.06716534837009673,0.7333333333333333,0.6721162579473207,0.9946236559139785,0.8021680216802168,15.0,Clinopodium.vulgare,0.40544959128065394,opth,1,False,mlp1,bce,msle
151,0.8303035124706631,0.1309076774749351,0.6521739130434783,0.8014638609332113,0.9909502262443439,0.8861911987860395,23.0,Coeloglossum.viride,0.4536377739766895,opth,1,False,mlp1,bce,msle
152,0.8604987857276294,0.35599943359526065,0.7264150943396226,0.808910891089109,0.9657210401891253,0.8803879310344828,106.0,Colchicum.autumnale,0.5353259854287316,opth,1,False,mlp1,bce,msle
153,0.8833964646464646,0.3248114266670721,0.7833333333333333,0.8162878787878788,0.9851428571428571,0.8928016571724495,60.0,Convolvulus.arvensis,0.5996212121212121,opth,1,False,mlp1,bce,msle
154,0.9116456834532374,0.03299632896636916,0.75,0.8669064748201439,0.9989637305699481,0.928261916225325,4.0,Conyza.canadensis,0.6169064748201438,opth,1,False,mlp1,bce,msle
155,0.9131227699220299,0.2940341621548741,0.7142857142857143,0.9176688251618872,0.9900199600798403,0.9524723955832933,35.0,Coronilla.minima,0.6319545394476016,opth,1,False,mlp1,bce,msle
156,0.898372513562387,0.0915656757938947,0.6,0.9240506329113924,0.9961013645224172,0.9587242026266416,10.0,Crepis.aurea,0.5240506329113925,opth,1,False,mlp1,bce,msle
157,0.8825594099972685,0.32082743440677763,0.8142857142857143,0.8250478011472275,0.9851598173515982,0.8980228928199792,70.0,Crepis.biennis,0.6393335154329418,opth,1,False,mlp1,bce,msle
158,0.9496328738889604,0.09939441219913041,0.8571428571428571,0.9188458070333634,0.9990196078431373,0.9572569281352747,7.0,Crepis.bocconi,0.7759886641762206,opth,1,False,mlp1,bce,msle
159,0.9418339416058393,0.19729441131552655,0.85,0.9023722627737226,0.9969758064516129,0.9473180076628352,20.0,Crepis.conyzifolia,0.7523722627737226,opth,1,False,mlp1,bce,msle
160,0.8986244179200342,0.2410558326508146,0.7058823529411765,0.8580527752502275,0.9947257383966245,0.9213483146067416,17.0,Crepis.foetida,0.563935128191404,opth,1,False,mlp1,bce,msle
161,0.9949086552860138,0.5069444444444444,0.3333333333333333,0.9991015274034142,0.9982046678635548,0.998652896273013,3.0,Crepis.mollis,0.33243486073674755,opth,1,False,mlp1,bce,msle
162,0.9021495610051469,0.13438733047824536,0.8666666666666667,0.8592188919164396,0.9978902953586498,0.9233772571986335,15.0,Crepis.pyrenaica,0.7258855585831063,opth,1,False,mlp1,bce,msle
163,0.8771876135646386,0.36712399404781754,0.6938775510204082,0.8388003748828491,0.9835164835164835,0.9054122407688416,49.0,Crepis.vesicaria,0.5326779259032572,opth,1,False,mlp1,bce,msle
164,0.839173405211141,0.015906768112650467,0.3333333333333333,0.889487870619946,0.9979838709677419,0.9406175771971497,3.0,Cruciata.glabra,0.2228212039532793,opth,1,False,mlp1,bce,msle
165,0.8731439046746104,0.20169828862256878,0.84,0.7598533455545371,0.9951980792316927,0.8617463617463618,25.0,Cruciata.laevipes,0.599853345554537,opth,1,False,mlp1,bce,msle
166,0.9446090428957877,0.24005751269353726,0.7142857142857143,0.9251577998196574,0.9980544747081712,0.9602246139447824,7.0,Cruciata.pedemontana,0.6394435141053716,opth,1,False,mlp1,bce,msle
167,0.8503003003003003,0.0472277740153507,0.6666666666666666,0.8693693693693694,0.9979317476732161,0.9292248435243139,6.0,Cuscuta.epithymum,0.5360360360360361,opth,1,False,mlp1,bce,msle
168,0.9076862780566484,0.3281773356589321,0.6825396825396826,0.8594491927825261,0.9783783783783784,0.9150657229524772,63.0,Cynosurus.cristatus,0.5419888753222086,opth,1,False,mlp1,bce,msle
169,0.8514049470406935,0.6288962514854843,0.7857142857142857,0.7707808564231738,0.8986784140969163,0.8298305084745763,322.0,Dactylis.glomerata,0.5564951421374595,opth,1,False,mlp1,bce,msle
170,0.8640035906642729,0.00953974531704985,0.0,0.9640933572710951,0.9981412639405205,0.9808219178082191,2.0,Dactylorhiza.maculata,-0.03590664272890487,opth,1,False,mlp1,bce,msle
171,0.8322784810126583,0.13584929550580666,0.6,0.8182640144665461,0.9955995599559956,0.8982630272952854,10.0,Dactylorhiza.majalis,0.41826401446654593,opth,1,False,mlp1,bce,msle
172,0.5928251121076233,0.002197802197802198,0.0,0.9641255605381166,0.9990706319702602,0.9812870835235052,1.0,Danthonia.decumbens,-0.0358744394618834,opth,1,False,mlp1,bce,msle
173,0.8462049062049062,0.22136698482893927,0.8939393939393939,0.6866666666666666,0.9903846153846154,0.8110236220472441,66.0,Daucus.carota,0.5806060606060606,opth,1,False,mlp1,bce,msle
174,0.8275544840275354,0.22774639336604555,0.5517241379310345,0.8399264029438822,0.9859611231101512,0.907103825136612,29.0,Deschampsia.cespitosa,0.3916505408749167,opth,1,False,mlp1,bce,msle
175,0.8023523985239853,0.13911233374523516,0.40625,0.8892988929889298,0.9806714140386572,0.9327527818093856,32.0,Dianthus.carthusianorum,0.29554889298892983,opth,1,False,mlp1,bce,msle
176,0.808889891696751,0.05389158743450513,0.375,0.9503610108303249,0.995274102079395,0.9722991689750693,8.0,Dianthus.deltoides,0.32536101083032487,opth,1,False,mlp1,bce,msle
177,0.813888467457032,0.2317460690641171,0.5348837209302325,0.9114631873252563,0.9799599198396793,0.9444712699179141,43.0,Dianthus.sylvestris,0.44634690825548873,opth,1,False,mlp1,bce,msle
178,0.8224913049078963,0.02503039053490783,0.14285714285714285,0.9287646528403968,0.9942084942084942,0.9603729603729604,7.0,Dipsacus.fullonum,0.07162179569753957,opth,1,False,mlp1,bce,msle
179,0.8574623527657671,0.18831150292984572,0.6842105263157895,0.8064211520302171,0.9793577981651376,0.8845157949249094,57.0,Draba.aizoides,0.4906316783460065,opth,1,False,mlp1,bce,msle
180,0.7641141141141141,0.012329428733650137,0.0,0.9036036036036036,0.9940535183349851,0.9466729589428976,6.0,Draba.siliquosa,-0.09639639639639641,opth,1,False,mlp1,bce,msle
181,0.8666802707206747,0.16048767814618053,0.7037037037037037,0.8080808080808081,0.990990990990991,0.8902377339403136,27.0,Dryas.octopetala,0.5117845117845117,opth,1,False,mlp1,bce,msle
182,0.6355196166516921,0.05837265078241723,0.3333333333333333,0.9847259658580413,0.9981785063752276,0.9914066033469019,3.0,Dryopteris.filix.mas,0.31805929919137466,opth,1,False,mlp1,bce,msle
183,0.8314557613168725,0.11772330109660484,0.7222222222222222,0.8333333333333334,0.989010989010989,0.9045226130653267,36.0,Echium.vulgare,0.5555555555555556,opth,1,False,mlp1,bce,msle
184,0.9047619047619047,0.02468487394957983,0.6666666666666666,0.9083557951482479,0.9990118577075099,0.9515294117647058,3.0,Epilobium.angustifolium,0.5750224618149145,opth,1,False,mlp1,bce,msle
185,0.8242152466367713,0.005076142131979695,0.0,0.9713004484304932,0.9990774907749077,0.984993178717599,1.0,Epipactis.palustris,-0.028699551569506765,opth,1,False,mlp1,bce,msle
186,0.7809773590965048,0.05350941611414836,0.7647058823529411,0.6496815286624203,0.9944289693593314,0.7859108420473307,17.0,Equisetum.arvense,0.41438741101536136,opth,1,False,mlp1,bce,msle
187,0.8321525183563055,0.023753554504537908,0.14285714285714285,0.9305680793507665,0.9942196531791907,0.9613414066138798,7.0,Equisetum.palustre,0.07342522220790926,opth,1,False,mlp1,bce,msle
188,0.8711780575539568,0.27255927120340917,0.25,0.9856115107913669,0.997270245677889,0.9914066033469019,4.0,Equisetum.telmateia,0.235611510791367,opth,1,False,mlp1,bce,msle
189,0.829443447037702,0.007911194496560352,0.0,0.9587073608617595,0.9981308411214953,0.978021978021978,2.0,Erigeron.acer,-0.04129263913824055,opth,1,False,mlp1,bce,msle
190,0.8277929155313353,0.12697323453742398,0.7333333333333333,0.7593097184377838,0.9952380952380953,0.8614116434827409,15.0,Erigeron.alpinus,0.4926430517711171,opth,1,False,mlp1,bce,msle
191,0.9046682339394522,0.15518225015347797,0.631578947368421,0.8924339106654512,0.9929006085192698,0.9399903984637542,19.0,Erigeron.annuus,0.5240128580338723,opth,1,False,mlp1,bce,msle
192,0.8614875037639265,0.08695437311785448,0.3333333333333333,0.9259259259259259,0.9941804073714839,0.9588400374181478,9.0,Erigeron.glabratus,0.2592592592592593,opth,1,False,mlp1,bce,msle
193,0.8936146209386282,0.059980514346177356,0.625,0.8537906137184116,0.9968387776606955,0.9197860962566845,8.0,Erigeron.neglectus,0.4787906137184117,opth,1,False,mlp1,bce,msle
194,0.904375907583606,0.32517798232913586,0.813953488372093,0.8108108108108109,0.9908883826879271,0.8918503331624807,43.0,Erigeron.uniflorus,0.6247642991829039,opth,1,False,mlp1,bce,msle
195,0.9414485559566788,0.09688426572300811,0.5,0.9648014440433214,0.9962721342031687,0.9802842732691426,8.0,Erodium.cicutarium,0.46480144404332124,opth,1,False,mlp1,bce,msle
196,0.8733272782319104,0.12225083873245851,0.13333333333333333,0.9591280653950953,0.9878391019644528,0.9732718894009217,15.0,Erophila.verna,0.09246139872842862,opth,1,False,mlp1,bce,msle
197,0.9211174242424243,0.4059167965860422,0.8,0.8996212121212122,0.9875259875259875,0.9415262636273538,60.0,Eryngium.campestre,0.6996212121212122,opth,1,False,mlp1,bce,msle
198,0.9162424157891067,0.1301639643110194,0.6923076923076923,0.8812330009066183,0.9959016393442623,0.935064935064935,13.0,Erysimum.rhaeticum,0.5735406932143106,opth,1,False,mlp1,bce,msle
199,0.952113309352518,0.052952964307320015,0.75,0.9415467625899281,0.9990458015267175,0.9694444444444444,4.0,Erysimum.virgatum,0.6915467625899281,opth,1,False,mlp1,bce,msle
200,0.7687930518119197,0.008979003895411238,0.0,0.9604672057502246,0.9972014925373134,0.9784897025171625,3.0,Eupatorium.cannabinum,-0.039532794249775405,opth,1,False,mlp1,bce,msle
201,0.8207793415380937,0.40898974891598344,0.8089171974522293,0.6996871741397289,0.9572039942938659,0.808433734939759,157.0,Euphorbia.cyparissias,0.5086043715919581,opth,1,False,mlp1,bce,msle
202,0.8559835115290481,0.034342086883273115,0.5714285714285714,0.9026149684400361,0.9970119521912351,0.9474680548982489,7.0,Euphorbia.dulcis,0.4740435398686076,opth,1,False,mlp1,bce,msle
203,0.8084532374100719,0.015483423942010445,0.0,0.987410071942446,0.9963702359346642,0.991869918699187,4.0,Euphorbia.helioscopia,-0.01258992805755399,opth,1,False,mlp1,bce,msle
204,0.9776276276276277,0.4054759250411423,0.8333333333333334,0.9882882882882883,0.9990892531876139,0.9936594202898551,6.0,Euphorbia.seguieriana,0.8216216216216217,opth,1,False,mlp1,bce,msle
205,0.8637270550678372,0.2339797544380049,0.8095238095238095,0.7560521415270018,0.9902439024390244,0.8574445617740233,42.0,Euphorbia.brittingeri,0.5655759510508114,opth,1,False,mlp1,bce,msle
206,0.9533273110508883,0.1075194841134158,1.0,0.907859078590786,1.0,0.9517045454545454,9.0,Euphrasia.alpina,0.9078590785907861,opth,1,False,mlp1,bce,msle
207,0.8879496542615182,0.30494600685946005,0.8360655737704918,0.7971563981042654,0.9882491186839013,0.8824763903462749,61.0,Euphrasia.minima,0.6332219718747574,opth,1,False,mlp1,bce,msle
208,0.8409263890399044,0.21228529130905865,0.7058823529411765,0.7948243992606284,0.9885057471264368,0.8811475409836066,34.0,Euphrasia.salisburgensis,0.5007067522018049,opth,1,False,mlp1,bce,msle
209,0.7058999700509134,0.005875417505708169,0.0,0.8221024258760108,0.9967320261437909,0.9010339734121122,3.0,Euphrasia.stricta,-0.1778975741239892,opth,1,False,mlp1,bce,msle
210,0.899595231699749,0.43818477144424284,0.8785046728971962,0.7680872150644202,0.983502538071066,0.862548692264886,107.0,Festuca.arundinacea,0.6465918879616166,opth,1,False,mlp1,bce,msle
211,0.9390892471331228,0.4646039033385675,0.8181818181818182,0.9652650822669104,0.9962264150943396,0.9805013927576601,22.0,Festuca.ovina,0.7834469004487286,opth,1,False,mlp1,bce,msle
212,0.9138636363636364,0.11736293882538712,0.75,0.8827272727272727,0.9958974358974358,0.9359036144578313,16.0,Festuca.halleri,0.6327272727272728,opth,1,False,mlp1,bce,msle
213,0.8454448752702192,0.476577763168219,0.7483443708609272,0.7689119170984456,0.9512820512820512,0.8504297994269341,151.0,Festuca.laevigata,0.517256287959373,opth,1,False,mlp1,bce,msle
214,0.8546667809785093,0.4434145101293743,0.7083333333333334,0.823045267489712,0.9501187648456056,0.8820286659316428,144.0,Festuca.nigrescens,0.5313786008230452,opth,1,False,mlp1,bce,msle
215,0.9209664981578272,0.4862237840472552,0.7636363636363637,0.8491988689915174,0.9857768052516411,0.9124050632911392,55.0,Festuca.paniculata,0.612835232627881,opth,1,False,mlp1,bce,msle
216,0.9123300442856033,0.35577932213779423,0.8032786885245902,0.8227488151658767,0.9863636363636363,0.8971576227390181,61.0,Festuca.quadriflora,0.6260275036904668,opth,1,False,mlp1,bce,msle
217,0.722191477587161,0.3036526529161076,0.48951048951048953,0.7965056526207606,0.9139150943396226,0.8511806699615596,143.0,Festuca.rubra,0.28601614213125015,opth,1,False,mlp1,bce,msle
218,0.9589084689128446,0.43463079310818836,0.8695652173913043,0.9350411710887465,0.9970731707317073,0.9650613786591123,23.0,Festuca.valesiaca,0.804606388480051,opth,1,False,mlp1,bce,msle
219,0.8655615309019438,0.4139031697631941,0.7039473684210527,0.8029045643153527,0.945054945054945,0.8681996634885025,152.0,Festuca.violacea,0.5068519327364054,opth,1,False,mlp1,bce,msle
220,0.8520237546125461,0.32072861858360124,0.625,0.8514760147601476,0.9871657754010695,0.9143140168400198,32.0,Filipendula.vulgaris,0.47647601476014767,opth,1,False,mlp1,bce,msle
221,0.7870705244122966,0.12525931222320869,0.7,0.6844484629294756,0.9960526315789474,0.8113612004287245,10.0,Fragaria.vesca,0.38444846292947554,opth,1,False,mlp1,bce,msle
222,0.8387978142076502,0.16500257266061075,0.2777777777777778,0.9717668488160291,0.9879629629629629,0.9797979797979798,18.0,Fumana.procumbens,0.24954462659380683,opth,1,False,mlp1,bce,msle
223,0.8154815481548155,0.03421087731605137,0.4,0.8964896489648965,0.996996996996997,0.9440758293838862,5.0,Galeopsis.tetrahit,0.2964896489648965,opth,1,False,mlp1,bce,msle
224,0.8149546603240672,0.1042447331974452,0.6129032258064516,0.8267281105990784,0.9867986798679867,0.8996990972918756,31.0,Galium.anisophyllon,0.43963133640553,opth,1,False,mlp1,bce,msle
225,0.7621198434206564,0.03338082493593307,0.7777777777777778,0.6982836495031617,0.9974193548387097,0.8214665249734325,9.0,Galium.aparine,0.4760614272809396,opth,1,False,mlp1,bce,msle
226,0.8472623424369747,0.1272960006570677,0.8214285714285714,0.7628676470588235,0.9940119760479041,0.8632345293811753,28.0,Galium.boreale,0.584296218487395,opth,1,False,mlp1,bce,msle
227,0.9213522304832715,0.45288972462201166,0.75,0.8940520446096655,0.9897119341563786,0.939453125,40.0,Galium.corrudifolium,0.6440520446096656,opth,1,False,mlp1,bce,msle
228,0.919602529358627,0.08272828385625297,0.5555555555555556,0.9295392953929539,0.9961277831558567,0.9616822429906542,9.0,Galium.glaucum,0.48509485094850957,opth,1,False,mlp1,bce,msle
229,0.8186309103740297,0.15633065851216071,0.8846153846153846,0.6477064220183486,0.995768688293371,0.7848804891606448,26.0,Galium.lucidum,0.5323218066337332,opth,1,False,mlp1,bce,msle
230,0.8441558441558441,0.5142132218536842,0.8078817733990148,0.7349397590361446,0.9450704225352112,0.8268638324091189,203.0,Galium.mollugo,0.5428215324351595,opth,1,False,mlp1,bce,msle
231,0.8127506645795318,0.3092612951822727,0.7383177570093458,0.7165510406342914,0.96271637816245,0.821590909090909,107.0,Galium.pumilum,0.4548687976436372,opth,1,False,mlp1,bce,msle
232,0.8105617394607264,0.5368555173973293,0.7429718875502008,0.7220299884659747,0.9072463768115943,0.8041104688503532,249.0,Galium.verum,0.4650018760161756,opth,1,False,mlp1,bce,msle
233,0.9171124157425528,0.37030247969755786,0.9047619047619048,0.8547945205479452,0.997867803837953,0.9208066896212493,21.0,Genista.pilosa,0.7595564253098499,opth,1,False,mlp1,bce,msle
234,0.9007601645860939,0.26419166815216144,0.7692307692307693,0.8340888485947416,0.9967497291440953,0.9081934846989141,13.0,Genista.sagittalis,0.6033196178255109,opth,1,False,mlp1,bce,msle
235,0.920178213107506,0.2634530466950913,0.7777777777777778,0.8815426997245179,0.9937888198757764,0.9343065693430657,27.0,Genista.tinctoria,0.6593204775022956,opth,1,False,mlp1,bce,msle
236,0.8276075518415351,0.1506783910699171,0.5897435897435898,0.7994428969359332,0.9817559863169898,0.8812691914022518,39.0,Gentiana.acaulis,0.38918648667952294,opth,1,False,mlp1,bce,msle
237,0.9839405801465422,0.2920073574005799,1.0,0.9114724480578139,1.0,0.9536862003780718,9.0,Gentiana.alpina,0.9114724480578138,opth,1,False,mlp1,bce,msle
238,0.981965734896303,0.32021164021164017,1.0,0.9413886384129847,1.0,0.969809568044589,7.0,Gentiana.bavarica,0.9413886384129846,opth,1,False,mlp1,bce,msle
239,0.9083708370837084,0.04346989888903245,1.0,0.8262826282628263,1.0,0.9048792508624939,5.0,Gentiana.cruciata,0.8262826282628262,opth,1,False,mlp1,bce,msle
240,0.8982516810758886,0.3827277419003257,0.8666666666666667,0.8174831892411143,0.9883855981416957,0.8948475289169295,75.0,Gentiana.lutea,0.684149855907781,opth,1,False,mlp1,bce,msle
241,0.9066110819327731,0.18109305528771386,0.2857142857142857,0.9604779411764706,0.9812206572769953,0.9707385044124478,28.0,Gentiana.nivalis,0.24619222689075615,opth,1,False,mlp1,bce,msle
242,0.8610448375154256,0.0456393633544746,0.18181818181818182,0.9638009049773756,0.9916201117318436,0.9775126204681046,11.0,Gentiana.punctata,0.14561908679555735,opth,1,False,mlp1,bce,msle
243,0.8497737556561086,0.4299209920747106,0.676923076923077,0.8123732251521298,0.9501779359430605,0.8758884636413341,130.0,Gentiana.verna,0.4892963020752068,opth,1,False,mlp1,bce,msle
244,0.9138038496791934,0.24425680643098455,0.84,0.7791017415215399,0.9953161592505855,0.8740359897172236,25.0,Geranium.columbinum,0.6191017415215399,opth,1,False,mlp1,bce,msle
245,0.9385417081029477,0.21144236002813369,0.8695652173913043,0.8307410795974383,0.9967069154774972,0.906187624750499,23.0,Geranium.dissectum,0.7003062969887426,opth,1,False,mlp1,bce,msle
246,0.885643115942029,0.1160085458813802,0.6666666666666666,0.8306159420289855,0.995656894679696,0.905679012345679,12.0,Geranium.molle,0.4972826086956521,opth,1,False,mlp1,bce,msle
247,0.8948063961940003,0.44332257553588944,0.8285714285714286,0.7678075855689177,0.992822966507177,0.8659363588941054,35.0,Geranium.pyrenaicum,0.5963790141403464,opth,1,False,mlp1,bce,msle
248,0.9362657091561939,0.020555767034640276,1.0,0.7657091561938959,1.0,0.8673106253177427,2.0,Geranium.robertianum,0.7657091561938958,opth,1,False,mlp1,bce,msle
249,0.9362084456424079,0.04622826419233605,1.0,0.8481581311769991,1.0,0.9178415167719981,3.0,Geranium.rotundifolium,0.8481581311769992,opth,1,False,mlp1,bce,msle
250,0.755249259306969,0.02191246262900781,0.2857142857142857,0.9215509467989179,0.9951314508276533,0.9569288389513109,7.0,Geranium.sanguineum,0.2072652325132036,opth,1,False,mlp1,bce,msle
251,0.8810693236037048,0.4292398896748623,0.7959183673469388,0.8280943025540275,0.9768250289687138,0.8963317384370016,98.0,Geranium.sylvaticum,0.6240126699009663,opth,1,False,mlp1,bce,msle
252,0.8998636498636498,0.5097145239437497,0.9415584415584416,0.7598752598752598,0.9878378378378379,0.8589894242068156,154.0,Geum.montanum,0.7014337014337015,opth,1,False,mlp1,bce,msle
253,0.9976040730757713,0.45833333333333326,1.0,0.8652291105121294,1.0,0.9277456647398844,3.0,Geum.rivale,0.8652291105121295,opth,1,False,mlp1,bce,msle
254,0.6631863186318632,0.009992950279504432,0.2,0.8658865886588659,0.9958592132505176,0.9263360616273472,5.0,Geum.urbanum,0.06588658865886599,opth,1,False,mlp1,bce,msle
255,0.9589697514225817,0.0416744330537434,1.0,0.8643306379155435,1.0,0.9272289156626506,3.0,Glechoma.hederacea,0.8643306379155435,opth,1,False,mlp1,bce,msle
256,0.8835440074906368,0.4309325312591933,0.6666666666666666,0.8904494382022472,0.983453981385729,0.9346437346437346,48.0,Globularia.bisnagarica,0.5571161048689137,opth,1,False,mlp1,bce,msle
257,0.8399656679151062,0.2659426694394214,0.6041666666666666,0.8614232209737828,0.979765708200213,0.916791230692576,48.0,Globularia.cordifolia,0.4655898876404494,opth,1,False,mlp1,bce,msle
258,0.9411101083032491,0.35772020645521396,0.625,0.944043321299639,0.9971401334604385,0.9698655540101994,8.0,Globularia.nudicaulis,0.5690433212996391,opth,1,False,mlp1,bce,msle
259,0.7855289757412399,0.16421989679573376,0.5714285714285714,0.7660377358490567,0.9712918660287081,0.8565400843881856,56.0,Gymnadenia.conopsea,0.33746630727762805,opth,1,False,mlp1,bce,msle
260,0.9152752707581228,0.06062136016369425,0.75,0.8736462093862816,0.9979381443298969,0.931665062560154,8.0,Gypsophila.repens,0.6236462093862816,opth,1,False,mlp1,bce,msle
261,0.7969612392481864,0.41251501786166056,0.671957671957672,0.7885652642934197,0.9218158890290038,0.85,189.0,Helianthemum.nummularium,0.46052293625109164,opth,1,False,mlp1,bce,msle
262,0.8828990715783168,0.040395036049309344,0.6666666666666666,0.8014375561545373,0.9988801791713325,0.8893320039880359,3.0,Helleborus.foetidus,0.468104222821204,opth,1,False,mlp1,bce,msle
263,0.8946314672384933,0.46063012023024175,0.797752808988764,0.8266796494644596,0.9792387543252595,0.8965153115100317,89.0,Heracleum.sphondylium,0.6244324584532235,opth,1,False,mlp1,bce,msle
264,0.8645645645645645,0.0874536726389879,0.8333333333333334,0.7360360360360361,0.9987775061124694,0.8475103734439834,6.0,Hieracium.bifidum,0.5693693693693693,opth,1,False,mlp1,bce,msle
265,0.7232626353790613,0.02732652164094984,0.375,0.9016245487364621,0.9950199203187251,0.9460227272727273,8.0,Hieracium.murorum,0.27662454873646203,opth,1,False,mlp1,bce,msle
266,0.8925543523881474,0.16595610544286887,0.7878787878787878,0.8744228993536473,0.9926624737945493,0.9297987236131566,33.0,Hieracium.piliferum,0.6623016872324352,opth,1,False,mlp1,bce,msle
267,0.9319531953195319,0.0382589547716984,0.2,0.9666966696669667,0.9962894248608535,0.981269986295112,5.0,Hieracium.prenanthoides,0.16669666966696672,opth,1,False,mlp1,bce,msle
268,0.9220251879579988,0.2739639833904346,0.6896551724137931,0.8951241950321988,0.9908350305498982,0.9405509908168197,29.0,Hieracium.villosum,0.584779367445992,opth,1,False,mlp1,bce,msle
269,0.8972159090909091,0.10074969678301841,0.75,0.83,0.9956379498364231,0.9053049082796232,16.0,Himantoglossum.hircinum,0.5800000000000001,opth,1,False,mlp1,bce,msle
270,0.7792788722212183,0.2614436193279235,0.6272727272727273,0.7693836978131213,0.9496932515337423,0.8500823723228995,110.0,Hippocrepis.comosa,0.39665642508584864,opth,1,False,mlp1,bce,msle
271,0.9471228379487491,0.6968148570145538,0.8208955223880597,0.8981670061099797,0.9735099337748344,0.934322033898305,134.0,Holcus.lanatus,0.7190625284980394,opth,1,False,mlp1,bce,msle
272,0.8905280630770827,0.28257806823634946,0.6666666666666666,0.8646125116713352,0.9840595111583422,0.9204771371769384,45.0,Homogyne.alpina,0.5312791783380018,opth,1,False,mlp1,bce,msle
273,0.9536284251731406,0.13528647545850622,0.6666666666666666,0.94579945799458,0.9971428571428571,0.9707927677329624,9.0,Hornungia.petraea,0.6124661246612466,opth,1,False,mlp1,bce,msle
274,0.8579803560466543,0.3318979320895776,0.7,0.8876611418047882,0.9907502569373073,0.9363768819815445,30.0,Hypericum.maculatum,0.5876611418047881,opth,1,False,mlp1,bce,msle
275,0.8306744197604493,0.17362613763890214,0.8771929824561403,0.6260623229461756,0.9895522388059701,0.7669172932330827,57.0,Hypericum.perforatum,0.5032553054023159,opth,1,False,mlp1,bce,msle
276,0.9331847341524411,0.28572702651692067,0.9411764705882353,0.8382624768946395,0.9977997799779978,0.9110999497739829,34.0,Hypericum.richeri,0.7794389474828747,opth,1,False,mlp1,bce,msle
277,0.8384163035973621,0.26565872681073777,0.6410256410256411,0.8263695450324977,0.9845132743362832,0.8985360928823827,39.0,Hypochaeris.maculata,0.4673951860581389,opth,1,False,mlp1,bce,msle
278,0.9309557464390563,0.34582435807560213,0.7352941176470589,0.910351201478743,0.9909456740442656,0.9489402697495183,34.0,Hypochaeris.radicata,0.6456453191258018,opth,1,False,mlp1,bce,msle
279,0.8397666068222621,0.032327216600926086,0.5,0.9434470377019749,0.9990494296577946,0.9704524469067405,2.0,Hyssopus.officinalis,0.4434470377019748,opth,1,False,mlp1,bce,msle
280,0.907913377858733,0.15372385570983058,0.8333333333333334,0.8096539162112932,0.9966367713004485,0.893467336683417,18.0,Inula.salicina,0.6429872495446265,opth,1,False,mlp1,bce,msle
281,0.9851885098743268,0.08116883116883117,1.0,0.9569120287253142,1.0,0.9779816513761468,2.0,Isatis.tinctoria,0.9569120287253141,opth,1,False,mlp1,bce,msle
282,0.9434977578475336,0.015625,1.0,0.8986547085201794,1.0,0.9466225791213982,1.0,Juncus.alpinoarticulatus,0.8986547085201795,opth,1,False,mlp1,bce,msle
283,0.7274774774774775,0.017865601887919056,0.3333333333333333,0.909009009009009,0.9960513326752222,0.9505416862929816,6.0,Juncus.articulatus,0.2423423423423423,opth,1,False,mlp1,bce,msle
284,0.9268324101507149,0.16167407027571987,0.7142857142857143,0.9305680793507665,0.9980657640232108,0.9631357909472702,7.0,Juncus.effusus,0.6448537936364809,opth,1,False,mlp1,bce,msle
285,0.859375,0.1653325571109212,0.25,0.9375,0.9913793103448276,0.9636871508379888,12.0,Juncus.inflexus,0.1875,opth,1,False,mlp1,bce,msle
286,0.9454365079365079,0.4492966040406395,0.7083333333333334,0.924908424908425,0.9931170108161259,0.9577999051683262,24.0,Juncus.jacquinii,0.6332417582417582,opth,1,False,mlp1,bce,msle
287,0.8866477272727273,0.11042985937400551,0.375,0.9281818181818182,0.9903006789524733,0.9582355701548568,16.0,Juncus.trifidus,0.3031818181818182,opth,1,False,mlp1,bce,msle
288,0.9964093357271095,0.26666666666666666,1.0,0.9892280071813285,1.0,0.9945848375451264,2.0,Juncus.triglumis,0.9892280071813286,opth,1,False,mlp1,bce,msle
289,0.8673143310319089,0.45872146578771567,0.8532608695652174,0.7521459227467812,0.9629120879120879,0.844578313253012,184.0,Knautia.arvensis,0.6054067923119986,opth,1,False,mlp1,bce,msle
290,0.9009385407205571,0.1392632486395553,0.8,0.8455949137148048,0.9967880085653105,0.914987714987715,15.0,Knautia.dipsacifolia,0.6455949137148047,opth,1,False,mlp1,bce,msle
291,0.8290186808118082,0.09941968392422437,0.8125,0.7518450184501845,0.9926918392204629,0.8556430446194225,32.0,Koeleria.macrantha,0.5643450184501844,opth,1,False,mlp1,bce,msle
292,0.7902462121212122,0.1485119386366778,0.4166666666666667,0.853219696969697,0.9626068376068376,0.9046184738955824,60.0,Koeleria.pyramidata,0.26988636363636376,opth,1,False,mlp1,bce,msle
293,0.8505475523108011,0.3576972300989525,0.5,0.9168241965973535,0.970970970970971,0.9431210500729217,58.0,Koeleria.vallesiana,0.4168241965973536,opth,1,False,mlp1,bce,msle
294,0.8783284555966031,0.18265586762565142,0.7894736842105263,0.7866909753874203,0.9953863898500577,0.8788187372708758,19.0,Lactuca.perennis,0.5761646595979466,opth,1,False,mlp1,bce,msle
295,0.9111713339355616,0.13374302174954247,0.6666666666666666,0.912375790424571,0.9970384995064165,0.9528301886792453,9.0,Lactuca.serriola,0.5790424570912376,opth,1,False,mlp1,bce,msle
296,0.9510498518613938,0.1328519619672005,1.0,0.8295761947700632,1.0,0.9068506653523903,7.0,Lamium.purpureum,0.8295761947700631,opth,1,False,mlp1,bce,msle
297,0.825196444673451,0.1666312804758666,0.42857142857142855,0.9359783588818755,0.9961612284069098,0.9651324965132496,7.0,Lapsana.communis,0.36454978745330413,opth,1,False,mlp1,bce,msle
298,0.9215333932315064,0.3517884322678843,0.6666666666666666,0.8679245283018868,0.9989658738366081,0.9288461538461539,3.0,Laserpitium.halleri,0.5345911949685536,opth,1,False,mlp1,bce,msle
299,0.9054428044280443,0.21337247317131733,0.65625,0.8754612546125461,0.9885416666666667,0.9285714285714286,32.0,Laserpitium.latifolium,0.5317112546125462,opth,1,False,mlp1,bce,msle
300,0.8799596986998033,0.19895754962161064,0.5263157894736842,0.8632634457611669,0.9905857740585774,0.922552362396493,19.0,Laserpitium.siler,0.38957923523485105,opth,1,False,mlp1,bce,msle
301,0.9538784067085954,0.038332685509097304,0.3333333333333333,0.9685534591194969,0.9981481481481481,0.9831281349749202,3.0,Lathyrus.heterophyllus,0.3018867924528301,opth,1,False,mlp1,bce,msle
302,,-0.0,0.0,0.9516129032258065,1.0,0.9752066115702479,0.0,Lathyrus.occidentalis,-0.048387096774193505,opth,1,False,mlp1,bce,msle
303,0.8310044195425894,0.5345180096805101,0.7787234042553192,0.713961407491487,0.9236417033773862,0.8053777208706786,235.0,Lathyrus.pratensis,0.4926848117468061,opth,1,False,mlp1,bce,msle
304,0.9673554956573825,0.08718392224693189,0.3333333333333333,0.9802336028751123,0.9981701738334858,0.9891205802357208,3.0,Lathyrus.sphaericus,0.31356693620844567,opth,1,False,mlp1,bce,msle
305,,-0.0,0.0,0.9775985663082437,1.0,0.9886724059809696,0.0,Lathyrus.sylvestris,-0.02240143369175629,opth,1,False,mlp1,bce,msle
306,0.9851885098743268,0.08204334365325078,1.0,0.940754039497307,1.0,0.969472710453284,2.0,Lathyrus.tuberosus,0.9407540394973068,opth,1,False,mlp1,bce,msle
307,0.8916425945378151,0.30667263134373035,0.8214285714285714,0.8189338235294118,0.9944196428571429,0.8981854838709677,28.0,Leontodon.autumnalis,0.6403623949579833,opth,1,False,mlp1,bce,msle
308,0.7575185946494568,0.4109596741720115,0.6728110599078341,0.7152391546162402,0.9005602240896359,0.7972721636701798,217.0,Leontodon.hispidus,0.3880502145240743,opth,1,False,mlp1,bce,msle
309,0.8911974304928235,0.15666741458377076,0.7777777777777778,0.8346883468834688,0.9978401727861771,0.9090014756517462,9.0,Leontopodium.alpinum,0.6124661246612466,opth,1,False,mlp1,bce,msle
310,0.9371096586782861,0.3674420467383689,0.8,0.8907563025210085,0.9906542056074766,0.9380530973451328,45.0,Leucanthemopsis.alpina,0.6907563025210086,opth,1,False,mlp1,bce,msle
311,0.8590489743841396,0.5538914217345599,0.8043478260869565,0.7528216704288939,0.9367977528089888,0.8347934918648311,230.0,Leucanthemum.vulgare,0.5571694965158505,opth,1,False,mlp1,bce,msle
312,0.9123006416131989,0.14205091268083456,0.8,0.8606782768102658,0.9947033898305084,0.9228501228501228,25.0,Lilium.martagon,0.6606782768102657,opth,1,False,mlp1,bce,msle
313,0.6750448833034111,0.009832583708145926,0.5,0.9371633752244165,0.999043062200957,0.9671144048170449,2.0,Linaria.repens,0.4371633752244164,opth,1,False,mlp1,bce,msle
314,0.8999625327838141,0.09430935037023601,0.7058823529411765,0.8389444949954504,0.9946062567421791,0.910167818361303,17.0,Linum.alpinum,0.544826847936627,opth,1,False,mlp1,bce,msle
315,0.7792139354460953,0.1483693974965273,0.6461538461538462,0.7659372026641293,0.9722222222222222,0.8568387440127727,65.0,Linum.catharticum,0.41209104881797565,opth,1,False,mlp1,bce,msle
316,0.9641126517295975,0.3384022158475264,1.0,0.8924339106654512,1.0,0.9431599229287091,19.0,Linum.tenuifolium,0.8924339106654511,opth,1,False,mlp1,bce,msle
317,0.8119359205776173,0.02129167616085607,0.625,0.776173285198556,0.996523754345307,0.8726534753932014,8.0,Listera.ovata,0.4011732851985559,opth,1,False,mlp1,bce,msle
318,0.8122751798561151,0.038047934633713414,0.5,0.7859712230215827,0.997716894977169,0.8792756539235412,4.0,Lolium.multiflorum,0.28597122302158273,opth,1,False,mlp1,bce,msle
319,0.9202676765056803,0.4744563255713902,0.9324324324324325,0.7667946257197696,0.9937810945273632,0.8656554712892741,74.0,Lolium.perenne,0.6992270581522022,opth,1,False,mlp1,bce,msle
320,0.7846975227149181,0.5486011170588261,0.6840490797546013,0.7151898734177216,0.8458083832335329,0.7750342935528121,326.0,Lotus.corniculatus,0.39923895317232283,opth,1,False,mlp1,bce,msle
321,0.8136551424222658,0.06923817613463906,0.38095238095238093,0.8611872146118722,0.9864016736401674,0.9195514383227694,21.0,Lotus.maritimus,0.24213959556425313,opth,1,False,mlp1,bce,msle
322,0.7882899628252787,0.11962667234917491,0.3,0.9275092936802974,0.9727095516569201,0.9495718363463368,40.0,Luzula.campestris,0.22750929368029738,opth,1,False,mlp1,bce,msle
323,0.8941748379591158,0.11797365681851135,0.8636363636363636,0.7824497257769653,0.9965075669383003,0.8766001024065541,22.0,Luzula.lutea,0.6460860894133289,opth,1,False,mlp1,bce,msle
324,0.7128940748273832,0.06937574369658861,0.5882352941176471,0.6951774340309372,0.9909208819714657,0.8171122994652407,17.0,Luzula.multiflora,0.2834127281485843,opth,1,False,mlp1,bce,msle
325,0.8736322501028384,0.12830098471036938,0.8181818181818182,0.8199095022624434,0.9977973568281938,0.9001490312965723,11.0,Luzula.sieberi,0.6380913204442615,opth,1,False,mlp1,bce,msle
326,0.860236472546704,0.21582218993765662,0.9253731343283582,0.7225929456625357,0.9934469200524246,0.8366445916114791,67.0,Luzula.spicata,0.647966079990894,opth,1,False,mlp1,bce,msle
327,0.8172237277928336,0.04243774155013656,0.6666666666666666,0.8202348690153568,0.9967069154774972,0.8999008919722498,9.0,Luzula.sudetica,0.48690153568202343,opth,1,False,mlp1,bce,msle
328,0.944914491449145,0.05920684063098924,0.6,0.946894689468947,0.9981024667931688,0.971824480369515,5.0,Lysimachia.nummularia,0.5468946894689468,opth,1,False,mlp1,bce,msle
329,0.93944878650761,0.5367314281084334,0.6363636363636364,0.9828054298642533,0.9963302752293578,0.9895216400911162,11.0,Lysimachia.vulgaris,0.6191690662278897,opth,1,False,mlp1,bce,msle
330,0.8714242697982535,0.05829850829592907,0.6666666666666666,0.8590785907859079,0.9968553459119497,0.9228529839883551,9.0,Malva.moschata,0.5257452574525745,opth,1,False,mlp1,bce,msle
331,0.9645421903052065,0.5123456790123457,0.5,0.940754039497307,0.9990467111534795,0.9690245030050856,2.0,Malva.sylvestris,0.44075403949730685,opth,1,False,mlp1,bce,msle
332,0.829049793433355,0.07321663954565508,0.6666666666666666,0.7378995433789954,0.9914110429447853,0.8460732984293193,21.0,Medicago.falcata,0.4045662100456622,opth,1,False,mlp1,bce,msle
333,0.8487201387271269,0.45410999302276167,0.6666666666666666,0.80083857442348,0.9339853300733496,0.8623024830699775,162.0,Medicago.lupulina,0.4675052410901466,opth,1,False,mlp1,bce,msle
334,0.9004461043676729,0.34150472663046216,0.5777777777777777,0.8944911297852475,0.9805527123848515,0.935546875,45.0,Medicago.minima,0.4722689075630253,opth,1,False,mlp1,bce,msle
335,0.9097114993904916,0.2951921322143823,0.8260869565217391,0.8102803738317756,0.9908571428571429,0.8915167095115681,46.0,Medicago.sativa,0.6363673303535147,opth,1,False,mlp1,bce,msle
336,0.9372665206749968,0.1421964754189309,0.7142857142857143,0.9531109107303878,0.9981114258734656,0.9750922509225092,7.0,Melica.ciliata,0.6673966250161021,opth,1,False,mlp1,bce,msle
337,0.9739910313901345,0.03333333333333333,1.0,0.9121076233183857,1.0,0.9540337711069419,1.0,Melilotus.albus,0.9121076233183856,opth,1,False,mlp1,bce,msle
338,0.909058988764045,0.35235881947324643,0.8125,0.851123595505618,0.9901960784313726,0.9154078549848943,48.0,Meum.athamanticum,0.663623595505618,opth,1,False,mlp1,bce,msle
339,0.9901256732495511,0.5416666666666666,1.0,0.8967684021543986,1.0,0.9455750118315192,2.0,Minuartia.laricifolia,0.8967684021543985,opth,1,False,mlp1,bce,msle
340,0.8840821696012953,0.17109913985251932,0.6666666666666666,0.8715846994535519,0.9937694704049844,0.9286754002911208,18.0,Minuartia.rostrata,0.5382513661202184,opth,1,False,mlp1,bce,msle
341,0.8654805376427628,0.27383833449355593,0.7213114754098361,0.8066350710900474,0.9804147465437788,0.8850754030161206,61.0,Minuartia.verna,0.5279465464998836,opth,1,False,mlp1,bce,msle
342,0.8953775582215949,0.14373257740262657,0.6538461538461539,0.8954128440366973,0.9908629441624366,0.9407228915662651,26.0,Muscari.comosum,0.549258997882851,opth,1,False,mlp1,bce,msle
343,0.836888657648283,0.46898965950768634,0.7043010752688172,0.7795698924731183,0.9294871794871795,0.847953216374269,186.0,Myosotis.alpestris,0.4838709677419355,opth,1,False,mlp1,bce,msle
344,0.899475594997983,0.4732802333366587,0.8828828828828829,0.7820895522388059,0.983729662077597,0.8713968957871396,111.0,Myosotis.arvensis,0.6649724351216888,opth,1,False,mlp1,bce,msle
345,0.8986301369863013,0.1996218516025568,0.6190476190476191,0.8885844748858448,0.9918450560652395,0.9373795761078998,21.0,Myosotis.ramosissima,0.5076320939334638,opth,1,False,mlp1,bce,msle
346,0.9608108108108108,0.44728761745253504,0.3333333333333333,0.9972972972972973,0.9963996399639964,0.9968482665466006,6.0,Myosotis.scorpioides,0.3306306306306306,opth,1,False,mlp1,bce,msle
347,0.8904847396768402,0.028234302570585755,0.5,0.8868940754039497,0.9989888776541962,0.9396100808368997,2.0,Myosotis.stricta,0.3868940754039496,opth,1,False,mlp1,bce,msle
348,0.840354938271605,0.173186432363924,0.7222222222222222,0.8305555555555556,0.9889746416758545,0.9028686462003019,36.0,Narcissus.poeticus,0.5527777777777778,opth,1,False,mlp1,bce,msle
349,0.892486936873323,0.5050019883801133,0.910958904109589,0.7402061855670103,0.9822161422708618,0.8442092886537331,146.0,Nardus.stricta,0.6511650896765993,opth,1,False,mlp1,bce,msle
350,0.946655431682655,0.2858131359465586,0.7142857142857143,0.9310344827586207,0.996116504854369,0.9624765478424016,14.0,Odontites.luteus,0.645320197044335,opth,1,False,mlp1,bce,msle
351,0.9053717320261437,0.4103904081739018,0.8854166666666666,0.8088235294117647,0.9868421052631579,0.8890086206896551,96.0,Onobrychis.montana,0.6942401960784315,opth,1,False,mlp1,bce,msle
352,0.8616251005631537,0.32442210992322745,0.8383838383838383,0.7728613569321534,0.9800498753117207,0.8642111050027488,99.0,Onobrychis.viciifolia,0.6112451953159916,opth,1,False,mlp1,bce,msle
353,0.9170539033457249,0.3156420429473586,0.7,0.8671003717472119,0.9873015873015873,0.9233052944087086,40.0,Ononis.natrix,0.5671003717472118,opth,1,False,mlp1,bce,msle
354,0.8919051995798319,0.14936111333864469,0.6428571428571429,0.890625,0.9897854954034729,0.9375907111756169,28.0,Ononis.repens,0.5334821428571428,opth,1,False,mlp1,bce,msle
355,0.8476586888657649,0.1737825131224513,0.6451612903225806,0.8276497695852535,0.9878987898789879,0.9007021063189569,31.0,Ononis.spinosa,0.4728110599078341,opth,1,False,mlp1,bce,msle
356,0.9892183288409704,0.15656565656565657,1.0,0.867026055705301,1.0,0.9287776708373436,3.0,Ophioglossum.vulgatum,0.8670260557053009,opth,1,False,mlp1,bce,msle
357,0.9787361485474693,0.1261904761904762,1.0,0.8517520215633423,1.0,0.9199417758369723,3.0,Ophrys.apifera,0.8517520215633423,opth,1,False,mlp1,bce,msle
358,0.9862234201856843,0.3984126984126984,0.6666666666666666,0.9829290206648698,0.9990867579908675,0.9909420289855072,3.0,Ophrys.insectifera,0.6495956873315363,opth,1,False,mlp1,bce,msle
359,0.7956384892086331,0.012830413717119273,0.25,0.8669064748201439,0.9968976215098242,0.9273689273689274,4.0,Orchis.mascula,0.11690647482014382,opth,1,False,mlp1,bce,msle
360,0.7602662454873645,0.02033170866882803,0.125,0.8971119133574007,0.993006993006993,0.9426268373636795,8.0,Orchis.militaris,0.022111913357400592,opth,1,False,mlp1,bce,msle
361,0.9298516281512605,0.38699354839650596,0.7857142857142857,0.8952205882352942,0.9938775510204082,0.941972920696325,28.0,Origanum.vulgare,0.68093487394958,opth,1,False,mlp1,bce,msle
362,0.8668946038352907,0.18783923785024959,0.6774193548387096,0.8663594470046083,0.9894736842105263,0.9238329238329238,31.0,Ornithogalum.umbellatum,0.5437788018433181,opth,1,False,mlp1,bce,msle
363,0.7324955116696588,0.004964966305172491,0.0,0.9353680430879713,0.9980842911877394,0.9657089898053753,2.0,Orobanche.alba,-0.06463195691202872,opth,1,False,mlp1,bce,msle
364,0.731374321880651,0.03724388682708637,0.5,0.798372513562387,0.9943693693693694,0.8856569709127382,10.0,Orobanche.caryophyllacea,0.2983725135623869,opth,1,False,mlp1,bce,msle
365,0.8364275830258303,0.1662734651684556,0.71875,0.7481549815498155,0.9890243902439024,0.851890756302521,32.0,Oxytropis.campestris,0.46690498154981563,opth,1,False,mlp1,bce,msle
366,0.8414689781021898,0.10473639482455109,0.45,0.9014598540145985,0.988988988988989,0.9431980906921241,20.0,Oxytropis.helvetica,0.35145985401459856,opth,1,False,mlp1,bce,msle
367,0.6256364180892483,0.01294042591327344,0.3333333333333333,0.8140161725067385,0.9977973568281938,0.896585848589807,3.0,Oxytropis.pilosa,0.14734950584007178,opth,1,False,mlp1,bce,msle
368,0.8879473467708762,0.16051381446602053,0.7272727272727273,0.8515837104072398,0.996822033898305,0.9184968277208394,11.0,Papaver.rhoeas,0.578856437679967,opth,1,False,mlp1,bce,msle
369,0.8893459481694775,0.07265044081072339,0.7272727272727273,0.8914027149321267,0.9969635627530364,0.9412326803631151,11.0,Paradisea.liliastrum,0.6186754422048542,opth,1,False,mlp1,bce,msle
370,0.8711642599277978,0.04068142385332951,0.5,0.8637184115523465,0.9958376690946931,0.9250845819236346,8.0,Parnassia.palustris,0.3637184115523464,opth,1,False,mlp1,bce,msle
371,0.8534534534534535,0.04805961565177886,0.6666666666666666,0.7882882882882883,0.9977194982896237,0.8807247106190237,6.0,Pastinaca.sativa,0.45495495495495497,opth,1,False,mlp1,bce,msle
372,0.9643605870020965,0.051040591675266596,1.0,0.9308176100628931,1.0,0.9641693811074918,3.0,Pedicularis.foliosa,0.9308176100628931,opth,1,False,mlp1,bce,msle
373,0.9013035836344107,0.23833840782976187,0.7368421052631579,0.8831168831168831,0.9896049896049897,0.9333333333333333,38.0,Pedicularis.gyroflexa,0.6199589883800409,opth,1,False,mlp1,bce,msle
374,0.9073822463768115,0.19614482435480327,0.9166666666666666,0.8070652173913043,0.9988789237668162,0.8927855711422845,12.0,Pedicularis.tuberosa,0.723731884057971,opth,1,False,mlp1,bce,msle
375,0.8809567060248259,0.18728882141166278,0.5333333333333333,0.8919164396003633,0.9929221435793731,0.939712918660287,15.0,Pedicularis.verticillata,0.4252497729336966,opth,1,False,mlp1,bce,msle
376,0.9506172839506173,0.3922706952366307,1.0,0.7686703096539163,1.0,0.8692070030895983,18.0,Petrorhagia.prolifera,0.7686703096539163,opth,1,False,mlp1,bce,msle
377,0.9426249022208619,0.2940633519325609,0.5925925925925926,0.9513314967860422,0.9894937917860553,0.9700374531835206,27.0,Petrorhagia.saxifraga,0.5439240893786348,opth,1,False,mlp1,bce,msle
378,0.8662735155790712,0.4161549095406153,0.6851851851851852,0.8303571428571429,0.9609644087256027,0.8908994145822245,108.0,Phleum.alpinum,0.5155423280423281,opth,1,False,mlp1,bce,msle
379,0.9131476489967056,0.08962053571428572,0.3333333333333333,0.9811320754716981,0.9981718464351006,0.9895786135024921,3.0,Phleum.hirsutum,0.3144654088050314,opth,1,False,mlp1,bce,msle
380,0.910292779532195,0.24112289679037577,0.8823529411764706,0.8098271155595996,0.9977578475336323,0.8940231039678553,17.0,Phleum.phleoides,0.6921800567360701,opth,1,False,mlp1,bce,msle
381,0.9219431714023831,0.15983457694695108,0.8,0.8881759853345554,0.9948665297741273,0.938498789346247,25.0,Phyteuma.betonicifolium,0.6881759853345555,opth,1,False,mlp1,bce,msle
382,0.9435795454545455,0.2680192647440792,0.875,0.8318181818181818,0.9978189749182116,0.9072880515617253,16.0,Phyteuma.hemisphaericum,0.7068181818181818,opth,1,False,mlp1,bce,msle
383,0.8816437118988485,0.36107289010946203,0.813953488372093,0.7883495145631068,0.9806763285024155,0.8740581270182992,86.0,Phyteuma.orbiculare,0.6023030029351997,opth,1,False,mlp1,bce,msle
384,0.9541366906474821,0.20502107798855765,1.0,0.841726618705036,1.0,0.9140625,4.0,Phyteuma.ovatum,0.8417266187050361,opth,1,False,mlp1,bce,msle
385,0.9239020441206234,0.29933248282489117,0.7222222222222222,0.9289617486338798,0.9951219512195122,0.9609043805934998,18.0,Phyteuma.spicatum,0.651183970856102,opth,1,False,mlp1,bce,msle
386,0.9244086163605127,0.319507072624927,1.0,0.6993524514338575,1.0,0.8230811105062602,35.0,Picris.hieracioides,0.6993524514338576,opth,1,False,mlp1,bce,msle
387,0.8801129426129426,0.1777734817349495,0.8333333333333334,0.7939560439560439,0.9954075774971297,0.8833418237391747,24.0,Pimpinella.major,0.6272893772893773,opth,1,False,mlp1,bce,msle
388,0.825870741923761,0.19026267639145622,0.7346938775510204,0.7694470477975632,0.9844124700239808,0.8637559179379274,49.0,Pimpinella.saxifraga,0.5041409253485836,opth,1,False,mlp1,bce,msle
389,0.9196964612962341,0.6789529147917707,0.9255813953488372,0.7802441731409545,0.9777468706536857,0.8679012345679012,215.0,Plantago.alpina,0.7058255684897916,opth,1,False,mlp1,bce,msle
390,0.8911295273173726,0.19826935137012824,0.7,0.8480662983425414,0.9903225806451613,0.9136904761904762,30.0,Plantago.atrata,0.5480662983425413,opth,1,False,mlp1,bce,msle
391,0.8931797262139431,0.6951905757249075,0.9442508710801394,0.7285886610373945,0.9741935483870968,0.8336783988957902,287.0,Plantago.lanceolata,0.6728395321175338,opth,1,False,mlp1,bce,msle
392,0.8177742153645768,0.10641205854282258,0.918918918918919,0.5393883225208527,0.9948717948717949,0.6995192307692307,37.0,Plantago.major,0.45830724143977175,opth,1,False,mlp1,bce,msle
393,0.8456431300410358,0.5036180059876686,0.7068062827225131,0.7924324324324324,0.9290240811153359,0.8553092182030338,191.0,Plantago.media,0.49923871515494556,opth,1,False,mlp1,bce,msle
394,0.8273568536726431,0.29620508278882135,0.5769230769230769,0.8919172932330827,0.9773429454170958,0.9326781326781327,52.0,Plantago.maritima,0.46884037015615965,opth,1,False,mlp1,bce,msle
395,0.7834383438343835,0.022070783386745955,0.6,0.7038703870387039,0.9974489795918368,0.8253298153034301,5.0,Platanthera.bifolia,0.30387038703870384,opth,1,False,mlp1,bce,msle
396,0.9102986346432039,0.7411590264091207,0.8507936507936508,0.8164794007490637,0.9329529243937232,0.8708388814913449,315.0,Poa.alpina,0.6672730515427143,opth,1,False,mlp1,bce,msle
397,0.6254496402877698,0.007191032271134735,0.25,0.8965827338129496,0.997,0.9441287878787878,4.0,Poa.annua,0.1465827338129495,opth,1,False,mlp1,bce,msle
398,0.8552309493401447,0.22653187863738167,0.7638888888888888,0.7883141762452107,0.9797619047619047,0.8736730360934183,72.0,Poa.bulbosa,0.5522030651340994,opth,1,False,mlp1,bce,msle
399,0.8785971223021583,0.022325217668406644,0.5,0.9010791366906474,0.99800796812749,0.947069943289225,4.0,Poa.cenisia,0.40107913669064743,opth,1,False,mlp1,bce,msle
400,0.9228558394160584,0.22924014423666317,0.4,0.9808394160583942,0.9889604415823368,0.9848831882730188,20.0,Poa.chaixii,0.38083941605839433,opth,1,False,mlp1,bce,msle
401,0.7638163816381639,0.01200935623433571,0.2,0.8505850585058505,0.9957850368809273,0.9174757281553398,5.0,Poa.compressa,0.05058505850585049,opth,1,False,mlp1,bce,msle
402,0.9432943294329433,0.04906677074936598,0.2,0.9648964896489649,0.9962825278810409,0.9803383630544125,5.0,Poa.nemoralis,0.16489648964896486,opth,1,False,mlp1,bce,msle
403,0.8199825414640229,0.5171384597048456,0.7511111111111111,0.7306397306397306,0.9207920792079208,0.8147684605757196,225.0,Poa.pratensis,0.4817508417508418,opth,1,False,mlp1,bce,msle
404,0.8296952367668595,0.08042670784289849,0.38461538461538464,0.9057116953762466,0.9920556107249255,0.9469194312796209,13.0,Poa.supina,0.2903270799916313,opth,1,False,mlp1,bce,msle
405,0.8318498334847109,0.04417558437779798,0.6666666666666666,0.815622161671208,0.9944629014396457,0.8962075848303394,15.0,Polygala.alpestris,0.4822888283378748,opth,1,False,mlp1,bce,msle
406,0.8394784172661871,0.15388867046160334,0.25,0.9964028776978417,0.9972997299729973,0.99685110211426,4.0,Polygala.amarella,0.24640287769784175,opth,1,False,mlp1,bce,msle
407,0.8681318681318682,0.1808803843831447,0.625,0.891941391941392,0.9908443540183113,0.9387951807228916,24.0,Polygala.comosa,0.5169413919413919,opth,1,False,mlp1,bce,msle
408,0.7577838827838828,0.05217816385225491,0.75,0.63003663003663,0.9913544668587896,0.7704367301231803,24.0,Polygala.vulgaris,0.38003663003663,opth,1,False,mlp1,bce,msle
409,0.3648830935251799,0.0036117394798752178,0.0,0.9811151079136691,0.9963470319634703,0.9886724059809696,4.0,Polygonum.aviculare,-0.01888489208633093,opth,1,False,mlp1,bce,msle
410,0.911863880040401,0.5585563221831841,0.8032786885245902,0.8597156398104265,0.9869423286180631,0.9189463019250254,61.0,Polygonum.bistorta,0.6629943283350168,opth,1,False,mlp1,bce,msle
411,0.8748383178988918,0.4899525993681316,0.8514285714285714,0.7481402763018066,0.9643835616438357,0.8426092160383004,175.0,Polygonum.viviparum,0.599568847730378,opth,1,False,mlp1,bce,msle
412,0.8160971223021583,0.2581797779686962,0.75,0.7598920863309353,0.9988179669030733,0.8631256384065373,4.0,Polystichum.lonchitis,0.5098920863309353,opth,1,False,mlp1,bce,msle
413,0.9091687630466199,0.25747062625163536,0.6470588235294118,0.8780709736123748,0.9938208032955715,0.9323671497584541,17.0,Potentilla.argentea,0.5251297971417865,opth,1,False,mlp1,bce,msle
414,0.9038270489952585,0.43573687663173083,0.7558139534883721,0.8320388349514564,0.9760820045558086,0.8983228511530398,86.0,Potentilla.aurea,0.5878527884398284,opth,1,False,mlp1,bce,msle
415,0.8555304433992358,0.4270277878461479,0.7516339869281046,0.770508826583593,0.9512820512820512,0.8514056224899599,153.0,Potentilla.crantzii,0.5221428135116977,opth,1,False,mlp1,bce,msle
416,0.860441651291513,0.22107625638639714,0.71875,0.8025830258302583,0.9897610921501706,0.8863983698420784,32.0,Potentilla.erecta,0.5213330258302582,opth,1,False,mlp1,bce,msle
417,0.8706081081081081,0.28548350276526757,0.8375,0.7712355212355212,0.9839901477832512,0.8647186147186147,80.0,Potentilla.grandiflora,0.6087355212355212,opth,1,False,mlp1,bce,msle
418,0.8389633485545974,0.3323883638866159,0.5981308411214953,0.8850346878097126,0.9540598290598291,0.9182519280205655,107.0,Potentilla.neumanniana,0.4831655289312078,opth,1,False,mlp1,bce,msle
419,0.9210077285958044,0.35224939195735083,0.6666666666666666,0.9566395663956639,0.9971751412429378,0.9764868603042877,9.0,Potentilla.pusilla,0.6233062330623307,opth,1,False,mlp1,bce,msle
420,0.8276439520803812,0.06564140061351488,0.42857142857142855,0.9044183949504058,0.9960278053624627,0.9480151228733459,7.0,Potentilla.recta,0.33298982352183426,opth,1,False,mlp1,bce,msle
421,0.8895443582556548,0.247955386255238,0.896551724137931,0.7306238185255198,0.9922978177150192,0.8415895481763745,58.0,Potentilla.reptans,0.6271755426634509,opth,1,False,mlp1,bce,msle
422,0.9271582733812949,0.04646350371888282,1.0,0.7050359712230215,1.0,0.8270042194092827,4.0,Potentilla.rupestris,0.7050359712230216,opth,1,False,mlp1,bce,msle
423,0.8586771052895714,0.1801782151325978,0.4444444444444444,0.9439927732610659,0.9952380952380953,0.9689383402874363,9.0,Potentilla.thuringiaca,0.3884372177055102,opth,1,False,mlp1,bce,msle
424,0.8649012567324955,0.023584229390681003,0.5,0.8734290843806104,0.9989733059548255,0.9319923371647509,2.0,Primula.elatior,0.3734290843806103,opth,1,False,mlp1,bce,msle
425,0.9136931598608785,0.15602628179087794,0.8571428571428571,0.8503155996393147,0.9989406779661016,0.9186556259132976,7.0,Primula.farinosa,0.7074584567821718,opth,1,False,mlp1,bce,msle
426,0.8076538076538078,0.28658153445115675,0.6410256410256411,0.7517517517517518,0.9470365699873896,0.8381696428571429,117.0,Primula.veris,0.392777392777393,opth,1,False,mlp1,bce,msle
427,0.8939677781940802,0.11581567262920608,0.5882352941176471,0.8671519563239308,0.9927083333333333,0.925692083535697,17.0,Prunella.grandiflora,0.4553872504415779,opth,1,False,mlp1,bce,msle
428,0.8647354014598541,0.14519893386140797,0.45,0.916970802919708,0.9891732283464567,0.9517045454545454,20.0,Prunella.laciniata,0.3669708029197081,opth,1,False,mlp1,bce,msle
429,0.810457617900707,0.20561741300710526,0.5573770491803278,0.804739336492891,0.9691780821917808,0.8793371310201968,61.0,Prunella.vulgaris,0.3621163856732188,opth,1,False,mlp1,bce,msle
430,0.8548629930743752,0.04692771122196959,0.1111111111111111,0.976513098464318,0.992653810835629,0.9845173041894353,9.0,Prunus.spinosa,0.08762420957542916,opth,1,False,mlp1,bce,msle
431,0.8485013623978201,0.09459638158529919,0.4666666666666667,0.896457765667575,0.9919597989949749,0.941793893129771,15.0,Veronica.spicata,0.36312443233424174,opth,1,False,mlp1,bce,msle
432,0.847858687312548,0.27748039649366696,0.6481481481481481,0.8107344632768362,0.9784090909090909,0.8867147270854789,54.0,Pulsatilla.alpina,0.45888261142498443,opth,1,False,mlp1,bce,msle
433,0.9708258527827648,0.04285714285714286,1.0,0.9326750448833034,1.0,0.965164886205295,2.0,Pulsatilla.halleri,0.9326750448833034,opth,1,False,mlp1,bce,msle
434,0.8549297924297925,0.12165936741046404,0.7083333333333334,0.8214285714285714,0.9922566371681416,0.8987975951903807,24.0,Pulsatilla.vernalis,0.5297619047619047,opth,1,False,mlp1,bce,msle
435,,-0.0,0.0,0.9650537634408602,1.0,0.9822161422708618,0.0,Ranunculus.aconitifolius,-0.034946236559139754,opth,1,False,mlp1,bce,msle
436,0.859105292187999,0.4884694535959853,0.8,0.7916219119226638,0.9521963824289406,0.864516129032258,185.0,Ranunculus.acris,0.591621911922664,opth,1,False,mlp1,bce,msle
437,0.8594158449154954,0.4408694061659958,0.845679012345679,0.7484276729559748,0.9661705006765899,0.8434731246308328,162.0,Ranunculus.bulbosus,0.5941066853016537,opth,1,False,mlp1,bce,msle
438,0.9048048048048047,0.033324965286463226,0.3333333333333333,0.9333333333333333,0.9961538461538462,0.9637209302325581,6.0,Ranunculus.glacialis,0.2666666666666666,opth,1,False,mlp1,bce,msle
439,0.9693969396939693,0.10128597497018549,0.8,0.9450945094509451,0.9990485252140818,0.971322849213691,5.0,Ranunculus.gramineus,0.7450945094509451,opth,1,False,mlp1,bce,msle
440,0.8386187341112052,0.18387857950818184,0.7758620689655172,0.7419659735349716,0.9837092731829574,0.8459051724137931,58.0,Ranunculus.kuepferi,0.5178280425004889,opth,1,False,mlp1,bce,msle
441,0.8412352406902815,0.09321615585488345,0.6,0.8773841961852861,0.9938271604938271,0.9319826338639653,15.0,Ranunculus.montanus,0.47738419618528605,opth,1,False,mlp1,bce,msle
442,0.7300369621312505,0.12284772946131609,0.46153846153846156,0.8395285584768812,0.992497320471597,0.9096267190569745,13.0,Ranunculus.serpens,0.3010670200153429,opth,1,False,mlp1,bce,msle
443,0.9193867104730614,0.4860361294601186,0.717948717948718,0.8978644382544104,0.9887525562372188,0.9411192214111922,39.0,Ranunculus.repens,0.6158131562031284,opth,1,False,mlp1,bce,msle
444,0.9703770197486535,0.0992063492063492,1.0,0.8231597845601436,1.0,0.9030034465780403,2.0,Reseda.lutea,0.8231597845601435,opth,1,False,mlp1,bce,msle
445,0.8542725732268216,0.5345603502050396,0.7070707070707071,0.8104575163398693,0.9276807980049875,0.8651162790697674,198.0,Rhinanthus.alectorolophus,0.5175282234105762,opth,1,False,mlp1,bce,msle
446,0.9073573573573573,0.03303001711988253,0.8333333333333334,0.8558558558558559,0.9989484752891693,0.9218825812712276,6.0,Rhinanthus.glacialis,0.6891891891891893,opth,1,False,mlp1,bce,msle
447,0.8330740984237448,0.17722869906607083,0.6779661016949152,0.8192999053926207,0.9785310734463277,0.8918640576725025,59.0,Rhinanthus.minor,0.4972660070875359,opth,1,False,mlp1,bce,msle
448,0.8276276276276276,0.036925152422382514,0.16666666666666666,0.9828828828828828,0.9954379562043796,0.9891205802357208,6.0,Rhododendron.ferrugineum,0.14954954954954958,opth,1,False,mlp1,bce,msle
449,0.8684562372557623,0.5471767938721143,0.8511627906976744,0.7713651498335183,0.9559834938101788,0.8538083538083538,215.0,Rumex.acetosa,0.6225279405311928,opth,1,False,mlp1,bce,msle
450,0.7664556962025316,0.11952354261590194,0.7,0.8128390596745028,0.9966740576496674,0.8954183266932271,10.0,Rumex.acetosella,0.5128390596745027,opth,1,False,mlp1,bce,msle
451,0.9133638863428049,0.21694560993760667,0.88,0.7846012832263978,0.9965075669383003,0.877948717948718,25.0,Rumex.crispus,0.6646012832263977,opth,1,False,mlp1,bce,msle
452,0.8972124206069161,0.19080362983178384,0.7692307692307693,0.8706422018348624,0.993717277486911,0.928117359413203,26.0,Rumex.obtusifolius,0.6398729710656317,opth,1,False,mlp1,bce,msle
453,0.6838850959680536,0.012180921081061894,0.0,0.9801623083859333,0.993601462522852,0.9868361325465275,7.0,Rumex.scutatus,-0.019837691614066677,opth,1,False,mlp1,bce,msle
454,0.9434912933437525,0.535942017074554,0.927710843373494,0.8576960309777347,0.9932735426008968,0.9205194805194805,83.0,Salix.herbacea,0.7854068743512288,opth,1,False,mlp1,bce,msle
455,0.8760735018951207,0.11812285075669209,0.3684210526315789,0.9316317228805834,0.988394584139265,0.9591740966682308,19.0,Salix.reticulata,0.30005277551216225,opth,1,False,mlp1,bce,msle
456,0.8711417060558957,0.23120468368183006,0.7586206896551724,0.7736890524379025,0.9917452830188679,0.869250645994832,29.0,Salix.retusa,0.5323097420930749,opth,1,False,mlp1,bce,msle
457,0.9324953259875095,0.3031726595755964,0.9130434782608695,0.7950594693504117,0.9977037887485649,0.884928716904277,23.0,Salix.serpyllifolia,0.7081029476112812,opth,1,False,mlp1,bce,msle
458,0.8839222569238314,0.5570124200569753,0.8511627906976744,0.7824639289678136,0.9565807327001357,0.8608058608058609,215.0,Salvia.pratensis,0.6336267196654881,opth,1,False,mlp1,bce,msle
459,0.8613807223173083,0.5125823354686581,0.8613861386138614,0.7210065645514223,0.9592430858806404,0.8232354778263585,202.0,Sanguisorba.minor,0.5823927031652838,opth,1,False,mlp1,bce,msle
460,0.9276003649635036,0.29114294000437835,0.75,0.9343065693430657,0.9951409135082604,0.963764705882353,20.0,Sanguisorba.officinalis,0.6843065693430657,opth,1,False,mlp1,bce,msle
461,0.8681017612524461,0.1807298434293038,0.6666666666666666,0.8584474885844748,0.9926082365364308,0.920666013712047,21.0,Saponaria.ocymoides,0.5251141552511416,opth,1,False,mlp1,bce,msle
462,0.8097385031559964,0.04771908513990293,0.42857142857142855,0.8530207394048692,0.9957894736842106,0.9188926663428849,7.0,Saxifraga.aizoides,0.2815921679762978,opth,1,False,mlp1,bce,msle
463,0.9112373968835931,0.21607847303278319,0.72,0.8689275893675527,0.9926701570680628,0.9266862170087976,25.0,Saxifraga.granulata,0.5889275893675525,opth,1,False,mlp1,bce,msle
464,0.8669710806697108,0.1469868654268081,0.8571428571428571,0.736986301369863,0.9962962962962963,0.8472440944881889,21.0,Saxifraga.oppositifolia,0.59412915851272,opth,1,False,mlp1,bce,msle
465,0.860418366737655,0.21144078244061448,0.6170212765957447,0.8484565014031805,0.9805405405405405,0.9097291875626881,47.0,Saxifraga.paniculata,0.4654777779989252,opth,1,False,mlp1,bce,msle
466,0.9167269439421338,0.19633054093793084,0.2,0.9900542495479204,0.9927470534904805,0.9913988229968311,10.0,Saxifraga.tridactylites,0.1900542495479205,opth,1,False,mlp1,bce,msle
467,0.7960842203402999,0.21319028672561602,0.7213114754098361,0.7127962085308057,0.9778933680104032,0.8245614035087719,61.0,Scabiosa.columbaria,0.4341076839406419,opth,1,False,mlp1,bce,msle
468,0.8683746037186187,0.24363615856489074,0.8181818181818182,0.7851083883129123,0.9881376037959668,0.875,55.0,Scabiosa.lucida,0.6032902064947305,opth,1,False,mlp1,bce,msle
469,0.8127812781278128,0.014597134626611413,0.6,0.8172817281728173,0.9978021978021978,0.8985650667986146,5.0,Scabiosa.triandra,0.41728172817281717,opth,1,False,mlp1,bce,msle
470,0.9805580558055805,0.3276106934001671,1.0,0.9423942394239424,1.0,0.9703429101019463,5.0,Scorzonera.humilis,0.9423942394239424,opth,1,False,mlp1,bce,msle
471,0.9355820649938298,0.4359935430672758,0.7272727272727273,0.9339366515837104,0.9971014492753624,0.9644859813084112,11.0,Scorzonera.laciniata,0.6612093788564377,opth,1,False,mlp1,bce,msle
472,0.8738038496791934,0.21168899799467591,0.76,0.8203483043079743,0.9933407325194229,0.8985943775100401,25.0,Scutellaria.alpina,0.5803483043079742,opth,1,False,mlp1,bce,msle
473,0.9088561487441558,0.2302756067946797,0.7058823529411765,0.8475046210720887,0.9892125134843581,0.9128919860627178,34.0,Securigera.varia,0.5533869740132653,opth,1,False,mlp1,bce,msle
474,0.8705041246562787,0.09151717759082348,0.72,0.8221814848762603,0.9922566371681416,0.8992481203007519,25.0,Sedum.acre,0.5421814848762603,opth,1,False,mlp1,bce,msle
475,0.8076384300251092,0.11555791979348662,0.6285714285714286,0.818686401480111,0.9855233853006682,0.8943911066195048,35.0,Sedum.album,0.4472578300515395,opth,1,False,mlp1,bce,msle
476,0.8491846053489889,0.13954897665275928,0.7142857142857143,0.7899543378995434,0.9931113662456946,0.8799593082400814,21.0,Sedum.atratum,0.5042400521852577,opth,1,False,mlp1,bce,msle
477,0.7971590909090909,0.047270338002556304,0.4375,0.9,0.990990990990991,0.9433063363506432,16.0,Sedum.montanum,0.3374999999999999,opth,1,False,mlp1,bce,msle
478,0.8603521554341226,0.13608180286296925,0.6111111111111112,0.8825136612021858,0.992827868852459,0.9344262295081968,18.0,Sedum.rupestre,0.49362477231329693,opth,1,False,mlp1,bce,msle
479,0.8781571369806663,0.09526908506944706,0.5454545454545454,0.8570135746606334,0.9947478991596639,0.9207583859990277,11.0,Sedum.sexangulare,0.40246812011517896,opth,1,False,mlp1,bce,msle
480,0.8356645473811686,0.13096652386051477,0.4,0.9091734786557675,0.9910891089108911,0.9483657034580767,15.0,Selaginella.selaginoides,0.3091734786557674,opth,1,False,mlp1,bce,msle
481,0.8536960767663043,0.31105705201974077,0.75,0.7890625,0.9723225030084236,0.8711590296495957,92.0,Sempervivum.arachnoideum,0.5390625,opth,1,False,mlp1,bce,msle
482,0.9027161340073686,0.34458885098946634,0.7636363636363637,0.8331762488218661,0.9855072463768116,0.9029622063329928,55.0,Sempervivum.montanum,0.5968126124582298,opth,1,False,mlp1,bce,msle
483,0.8990811090337723,0.2178042154170772,0.7391304347826086,0.8151875571820677,0.9933110367892977,0.8954773869346734,23.0,Sempervivum.tectorum,0.5543179919646763,opth,1,False,mlp1,bce,msle
484,0.8880658436213992,0.3943171289157278,0.7333333333333333,0.8499025341130604,0.9732142857142857,0.9073881373569199,90.0,Senecio.doronicum,0.5832358674463936,opth,1,False,mlp1,bce,msle
485,0.8621985999481462,0.04884957023930276,0.7142857142857143,0.7885662431941923,0.995418098510882,0.88,14.0,Senecio.erucifolius,0.5028519574799066,opth,1,False,mlp1,bce,msle
486,0.9102230483271375,0.24478922656568083,0.825,0.8336431226765799,0.9922566371681416,0.906060606060606,40.0,Senecio.incanus,0.6586431226765799,opth,1,False,mlp1,bce,msle
487,0.9563402581202323,0.3615560484380657,0.8947368421052632,0.8796718322698268,0.9979317476732161,0.935077519379845,19.0,Senecio.jacobaea,0.77440867437509,opth,1,False,mlp1,bce,msle
488,0.8466520366108226,0.12829758449558296,0.7058823529411765,0.8198362147406734,0.9944812362030905,0.8987531172069826,17.0,Serratula.tinctoria,0.5257185676818499,opth,1,False,mlp1,bce,msle
489,0.7652603231597845,0.021230769230769234,0.5,0.8886894075403949,0.9989909182643795,0.9406175771971497,2.0,Seseli.annuum,0.38868940754039505,opth,1,False,mlp1,bce,msle
490,0.8596612095599986,0.4816166928252064,0.7172413793103448,0.819773429454171,0.951015531660693,0.8805309734513275,145.0,Sesleria.caerulea,0.5370148087645159,opth,1,False,mlp1,bce,msle
491,0.89167172637118,0.08360682139588135,0.4444444444444444,0.9344262295081968,0.9903474903474904,0.9615745079662605,18.0,Sherardia.arvensis,0.3788706739526413,opth,1,False,mlp1,bce,msle
492,0.8812314826742239,0.1806025842876057,0.42857142857142855,0.9251577998196574,0.996116504854369,0.9593267882187938,7.0,Sideritis.hyssopifolia,0.353729228391086,opth,1,False,mlp1,bce,msle
493,0.9416126042632067,0.3383101722649701,0.8648648648648649,0.8887859128822985,0.9948132780082988,0.9388154674498287,37.0,Silaum.silaus,0.7536507777471635,opth,1,False,mlp1,bce,msle
494,0.8862947581097765,0.24259286344828332,0.847457627118644,0.793755912961211,0.9893867924528302,0.8808398950131233,59.0,Silene.acaulis,0.6412135400798551,opth,1,False,mlp1,bce,msle
495,0.8411121148248519,0.0815763638449259,0.3333333333333333,0.9042457091237579,0.9940417080436942,0.9470198675496688,9.0,Silene.dioica,0.23757904245709116,opth,1,False,mlp1,bce,msle
496,0.9461331407563025,0.21314076803581877,0.8928571428571429,0.8943014705882353,0.9969262295081968,0.9428294573643411,28.0,Silene.flos.cuculi,0.7871586134453783,opth,1,False,mlp1,bce,msle
497,0.8959459459459459,0.03260236522785203,1.0,0.8261261261261261,1.0,0.9047853971386285,6.0,Silene.flos.jovis,0.8261261261261261,opth,1,False,mlp1,bce,msle
498,0.858913341683068,0.2870193130998915,0.7901234567901234,0.7797101449275362,0.9793689320388349,0.8682087143625605,81.0,Silene.nutans,0.5698336017176597,opth,1,False,mlp1,bce,msle
499,0.9395047365796909,0.24534450821627554,0.8636363636363636,0.8327239488117002,0.9967177242888403,0.9073705179282868,22.0,Silene.otites,0.6963603124480637,opth,1,False,mlp1,bce,msle
500,0.845216606498195,0.03892248409681009,0.5,0.868231046931408,0.9958592132505176,0.9276759884281581,8.0,Silene.rupestris,0.36823104693140785,opth,1,False,mlp1,bce,msle
501,0.8267305259352974,0.3594938786425485,0.6454545454545455,0.8021868787276342,0.9539007092198581,0.8714902807775378,110.0,Silene.vulgaris,0.44764142418217956,opth,1,False,mlp1,bce,msle
502,0.75591494459419,0.007110593270909316,0.0,1.0,0.9973118279569892,0.9986541049798116,3.0,Sinapis.arvensis,0.0,opth,1,False,mlp1,bce,msle
503,0.8550630798336756,0.3378207900310014,0.5876288659793815,0.8478900883218842,0.9557522123893806,0.8985959438377535,97.0,Soldanella.alpina,0.43551895430126564,opth,1,False,mlp1,bce,msle
504,0.9818369187169909,0.33818250480987594,0.5714285714285714,0.9864743011722272,0.9972652689152234,0.9918404351767905,7.0,Solidago.gigantea,0.5579028726007986,opth,1,False,mlp1,bce,msle
505,0.8033874382498236,0.12579331806377173,0.6153846153846154,0.8844036697247707,0.9897330595482546,0.9341085271317829,26.0,Solidago.virgaurea,0.499788285109386,opth,1,False,mlp1,bce,msle
506,0.8517840805123513,0.11505528029230935,0.7391304347826086,0.817932296431839,0.9933333333333333,0.8971399899648771,23.0,Stachys.officinalis,0.5570627312144476,opth,1,False,mlp1,bce,msle
507,0.8630980751604034,0.18868285881962732,0.64,0.8560953253895509,0.9904559915164369,0.9183874139626352,25.0,Stachys.pradica,0.4960953253895508,opth,1,False,mlp1,bce,msle
508,0.8825068005858966,0.27934943324989475,0.7592592592592593,0.8135593220338984,0.9851767388825542,0.89118102114492,54.0,Stachys.recta,0.5728185812931577,opth,1,False,mlp1,bce,msle
509,0.9342946335662257,0.42655472171563263,0.8387096774193549,0.8792626728110599,0.9947862356621481,0.9334637964774951,31.0,Stellaria.graminea,0.7179723502304147,opth,1,False,mlp1,bce,msle
510,0.9447202166064983,0.29101280663780665,0.75,0.9711191335740073,0.9981447124304267,0.9844464775846294,8.0,Stipa.capillata,0.7211191335740073,opth,1,False,mlp1,bce,msle
511,0.839759158065169,0.2990552097085785,0.6666666666666666,0.9398907103825137,0.9942196531791907,0.9662921348314607,18.0,Stipa.eriocaulis,0.6065573770491803,opth,1,False,mlp1,bce,msle
512,0.8960017127870257,0.21260758058674384,0.7647058823529411,0.9008189262966333,0.9959758551307847,0.9460105112279026,17.0,Succisa.pratensis,0.6655248086495744,opth,1,False,mlp1,bce,msle
513,0.9675090252707581,0.3844038144506244,0.625,0.9693140794223827,0.9972144846796658,0.9830663615560641,8.0,Symphytum.officinale,0.5943140794223827,opth,1,False,mlp1,bce,msle
514,0.90181594336719,0.25269877202401814,0.6666666666666666,0.8845798707294552,0.9886480908152735,0.9337231968810916,33.0,Taraxacum.alpinum,0.5512465373961217,opth,1,False,mlp1,bce,msle
515,0.8362392737221739,0.5079693946968415,0.7823529411764706,0.7399577167019028,0.9497964721845319,0.8318478906714201,170.0,Taraxacum.officinale,0.5223106578783734,opth,1,False,mlp1,bce,msle
516,0.6322252171308774,0.005918663582095188,0.3333333333333333,0.8436657681940701,0.997874601487779,0.9143135345666992,3.0,Tephroseris.integrifolia,0.1769991015274035,opth,1,False,mlp1,bce,msle
517,0.9488330341113106,0.09234234234234234,0.5,0.9838420107719928,0.9990884229717412,0.9914066033469019,2.0,Teucrium.botrys,0.48384201077199274,opth,1,False,mlp1,bce,msle
518,0.9134240434222836,0.5740971740674419,0.7850467289719626,0.8701684836471755,0.974472807991121,0.9193717277486911,107.0,Teucrium.chamaedrys,0.655215212619138,opth,1,False,mlp1,bce,msle
519,0.8635802469135803,0.20245947385737986,0.5833333333333334,0.9009259259259259,0.9848178137651822,0.9410058027079303,36.0,Teucrium.montanum,0.48425925925925917,opth,1,False,mlp1,bce,msle
520,0.8831683168316833,0.2554135574392041,0.4,0.9513951395139514,0.9971698113207547,0.9737448180561953,5.0,Thalictrum.alpinum,0.3513951395139514,opth,1,False,mlp1,bce,msle
521,0.9688529499850256,0.055984848484848485,1.0,0.8706199460916442,1.0,0.930835734870317,3.0,Thalictrum.aquilegiifolium,0.8706199460916442,opth,1,False,mlp1,bce,msle
522,0.8779639244232724,0.12416742108159785,0.7647058823529411,0.8116469517743403,0.9955357142857143,0.894235588972431,17.0,Thalictrum.minus,0.5763528341272814,opth,1,False,mlp1,bce,msle
523,0.9713004484304932,0.030303030303030304,1.0,0.7829596412556054,1.0,0.8782696177062375,1.0,Thalictrum.simplex,0.7829596412556055,opth,1,False,mlp1,bce,msle
524,0.7896443833943834,0.11654038491524439,0.7083333333333334,0.7545787545787546,0.9915764139590855,0.8569942797711908,24.0,Thesium.alpinum,0.46291208791208804,opth,1,False,mlp1,bce,msle
525,0.8966174846933654,0.0591999116797486,0.6666666666666666,0.8663053297199639,0.9968814968814969,0.9270178830352828,9.0,Thesium.linophyllon,0.5329719963866304,opth,1,False,mlp1,bce,msle
526,0.7726394435141054,0.2185471171375501,0.42857142857142855,0.9161406672678089,0.996078431372549,0.9544387036167215,7.0,Thesium.pyrenaicum,0.34471209583923734,opth,1,False,mlp1,bce,msle
527,0.8999102333931777,0.012941371041098156,1.0,0.8078994614003591,1.0,0.8937437934458788,2.0,Tofieldia.calyculata,0.8078994614003592,opth,1,False,mlp1,bce,msle
528,0.8792270531400966,0.09522213823467467,0.8333333333333334,0.8677536231884058,0.9979166666666667,0.9282945736434108,12.0,Tragopogon.dubius,0.7010869565217392,opth,1,False,mlp1,bce,msle
529,0.8335209866198842,0.509131345567052,0.7488151658767772,0.7602209944751381,0.9284750337381916,0.8359659781287971,211.0,Tragopogon.pratensis,0.5090361603519153,opth,1,False,mlp1,bce,msle
530,0.894375,0.16251649435897828,0.875,0.8163636363636364,0.9977777777777778,0.898,16.0,Traunsteinera.globosa,0.6913636363636364,opth,1,False,mlp1,bce,msle
531,0.8489236790606653,0.12078971304942475,0.8571428571428571,0.7515981735159817,0.9963680387409201,0.8568453930244664,21.0,Trifolium.alpestre,0.6087410306588388,opth,1,False,mlp1,bce,msle
532,0.8778204984283788,0.37877854577885706,0.8382352941176471,0.773854961832061,0.98661800486618,0.8673796791443851,68.0,Trifolium.alpinum,0.6120902559497081,opth,1,False,mlp1,bce,msle
533,0.9017257039055404,0.17151376177714725,0.8,0.7956403269754768,0.9965870307167235,0.8848484848484849,15.0,Trifolium.arvense,0.5956403269754769,opth,1,False,mlp1,bce,msle
534,0.9668766876687669,0.515064935064935,1.0,0.828082808280828,1.0,0.9059576563269326,5.0,Trifolium.aureum,0.828082808280828,opth,1,False,mlp1,bce,msle
535,0.868048307738184,0.2547607798899583,0.6140350877192983,0.8819641170915958,0.9769874476987448,0.9270471464019852,57.0,Trifolium.badium,0.4959992048108941,opth,1,False,mlp1,bce,msle
536,0.8867562380038387,0.3492903924242606,0.6621621621621622,0.8598848368522073,0.9728555917480999,0.912888436067244,74.0,Trifolium.campestre,0.5220469990143695,opth,1,False,mlp1,bce,msle
537,0.9194958847736625,0.20750314026329286,0.9444444444444444,0.8240740740740741,0.9977578475336323,0.9026369168356998,36.0,Trifolium.dubium,0.7685185185185186,opth,1,False,mlp1,bce,msle
538,0.7924541460352883,0.049574140981535245,0.7692307692307693,0.6917497733454215,0.9960835509138382,0.8164794007490637,13.0,Trifolium.medium,0.4609805425761908,opth,1,False,mlp1,bce,msle
539,0.7864522842469202,0.3453604270242905,0.6129032258064516,0.7627471383975026,0.9243379571248423,0.8358038768529077,155.0,Trifolium.montanum,0.37565036420395437,opth,1,False,mlp1,bce,msle
540,0.8039612246321222,0.13785088659787073,0.6153846153846154,0.7452402538531279,0.9939540507859734,0.8518134715025907,13.0,Trifolium.ochroleucon,0.3606248692377432,opth,1,False,mlp1,bce,msle
541,0.790056612414456,0.7197695000588454,0.7414829659318637,0.6969205834683955,0.7692307692307693,0.7312925170068028,499.0,Trifolium.pratense,0.43840354940025916,opth,1,False,mlp1,bce,msle
542,0.7869842502218278,0.4191429393069419,0.7244897959183674,0.7195652173913043,0.9245810055865922,0.8092909535452323,196.0,Trifolium.repens,0.4440550133096717,opth,1,False,mlp1,bce,msle
543,0.8829060930052814,0.16984888592347322,0.5714285714285714,0.9603246167718665,0.9971910112359551,0.9784106568672485,7.0,Trifolium.rubens,0.531753188200438,opth,1,False,mlp1,bce,msle
544,0.9594594594594594,0.1088426445040785,0.6666666666666666,0.9495495495495495,0.9981060606060606,0.9732225300092336,6.0,Trifolium.scabrum,0.6162162162162161,opth,1,False,mlp1,bce,msle
545,0.9406906906906907,0.051530372357309055,0.6666666666666666,0.9369369369369369,0.9980806142034548,0.966542750929368,6.0,Trifolium.striatum,0.6036036036036037,opth,1,False,mlp1,bce,msle
546,0.8882210423217692,0.42445916687916774,0.6421052631578947,0.8805093046033301,0.9635584137191854,0.9201637666325486,95.0,Trifolium.thalii,0.5226145677612248,opth,1,False,mlp1,bce,msle
547,0.9354553903345725,0.38912982104792204,0.675,0.9470260223048327,0.9874031007751938,0.9667931688804554,40.0,Trinia.glauca,0.6220260223048326,opth,1,False,mlp1,bce,msle
548,0.9528528528528529,0.06267821646195518,0.6666666666666666,0.945045045045045,0.9980970504281637,0.970846830171217,6.0,Trisetum.distichophyllum,0.6117117117117117,opth,1,False,mlp1,bce,msle
549,0.8358523119392685,0.6095853097996288,0.7789855072463768,0.7154761904761905,0.9078549848942599,0.800266311584554,276.0,Trisetum.flavescens,0.4944616977225673,opth,1,False,mlp1,bce,msle
550,0.8849420849420849,0.3323345813784013,0.7875,0.833011583011583,0.9806818181818182,0.9008350730688935,80.0,Trollius.europaeus,0.620511583011583,opth,1,False,mlp1,bce,msle
551,,-0.0,0.0,0.9023297491039427,1.0,0.9486575600565238,0.0,Turritis.glabra,-0.0976702508960573,opth,1,False,mlp1,bce,msle
552,0.6285714285714286,0.017977408260479513,0.1,0.8924050632911392,0.9909638554216867,0.9391056137012369,10.0,Tussilago.farfara,-0.0075949367088608,opth,1,False,mlp1,bce,msle
553,0.6317547055251974,0.029037631295536666,0.1111111111111111,0.9207650273224044,0.9844206426484907,0.9515294117647058,18.0,Urtica.dioica,0.031876138433515555,opth,1,False,mlp1,bce,msle
554,0.9023014440433212,0.22313395382853823,0.5,0.9097472924187726,0.9960474308300395,0.9509433962264151,8.0,Valeriana.dioica,0.4097472924187726,opth,1,False,mlp1,bce,msle
555,0.8914553140096618,0.25196189537845715,0.6666666666666666,0.8568840579710145,0.9957894736842106,0.9211295034079844,12.0,Valeriana.montana,0.5235507246376812,opth,1,False,mlp1,bce,msle
556,0.8689280278321374,0.12156647724018389,0.8095238095238095,0.7990867579908676,0.9954493742889647,0.8865248226950354,21.0,Valeriana.officinalis,0.6086105675146771,opth,1,False,mlp1,bce,msle
557,0.936198683294974,0.4210805858804782,0.9411764705882353,0.8107370336669699,0.9988789237668162,0.8950276243093923,17.0,Valerianella.dentata,0.7519135042552052,opth,1,False,mlp1,bce,msle
558,0.8562661273450032,0.08031874457134809,0.5384615384615384,0.8939256572982774,0.9939516129032258,0.9412887828162291,13.0,Valerianella.locusta,0.43238719575981577,opth,1,False,mlp1,bce,msle
559,0.8679641951494398,0.23934122376620795,0.3953488372093023,0.9468779123951537,0.9750479846449136,0.9607565011820332,43.0,Veratrum.album,0.342226749604456,opth,1,False,mlp1,bce,msle
560,0.8620319214241866,0.17730143718706143,0.5333333333333333,0.8830570902394107,0.9856115107913669,0.9315201554152501,30.0,Verbascum.lychnitis,0.41639042357274403,opth,1,False,mlp1,bce,msle
561,0.8832925415432178,0.07044733045822686,0.7142857142857143,0.8088367899008115,0.9977753058954394,0.8934262948207171,7.0,Verbascum.nigrum,0.5231225041865257,opth,1,False,mlp1,bce,msle
562,0.736936936936937,0.01855626516446218,0.5,0.8,0.9966329966329966,0.8875562218890555,6.0,Verbascum.thapsus,0.30000000000000004,opth,1,False,mlp1,bce,msle
563,0.854091726618705,0.014806131884288748,0.5,0.8372302158273381,0.9978563772775991,0.9105134474327629,4.0,Verbena.officinalis,0.33723021582733814,opth,1,False,mlp1,bce,msle
564,0.9094585779517286,0.18286320848107931,0.8095238095238095,0.8210045662100457,0.9955703211517165,0.8998998998998999,21.0,Veronica.aphylla,0.6305283757338551,opth,1,False,mlp1,bce,msle
565,0.8548252625459886,0.4990929363595335,0.8270676691729323,0.6917599186164801,0.9672830725462305,0.8066429418742586,133.0,Veronica.arvensis,0.5188275877894124,opth,1,False,mlp1,bce,msle
566,0.9045202952029521,0.2847192166285034,0.5,0.9372693726937269,0.9844961240310077,0.9603024574669187,32.0,Veronica.bellidioides,0.4372693726937269,opth,1,False,mlp1,bce,msle
567,0.8437252779281342,0.32334510843217784,0.7446808510638298,0.7710371819960861,0.9704433497536946,0.8593238822246456,94.0,Veronica.chamaedrys,0.5157180330599158,opth,1,False,mlp1,bce,msle
568,0.8411999335216886,0.09135290791093606,0.7727272727272727,0.7705667276051188,0.9941037735849056,0.8681771369721936,22.0,Veronica.fruticans,0.5432940003323914,opth,1,False,mlp1,bce,msle
569,0.8035339922132375,0.1722105886351427,0.3333333333333333,0.9613656783468104,0.9981343283582089,0.9794050343249427,3.0,Veronica.fruticulosa,0.2946990116801438,opth,1,False,mlp1,bce,msle
570,0.8617904589371981,0.09521258753958063,0.8333333333333334,0.8043478260869565,0.9977528089887641,0.8906720160481444,12.0,Veronica.officinalis,0.63768115942029,opth,1,False,mlp1,bce,msle
571,0.8325568181818183,0.07033417286740352,0.6875,0.8,0.9943502824858758,0.8866498740554156,16.0,Veronica.persica,0.48750000000000004,opth,1,False,mlp1,bce,msle
572,0.6840329972502291,0.05179990806121186,0.28,0.8670944087992667,0.9813278008298755,0.9206812652068127,25.0,Veronica.serpyllifolia,0.14709440879926672,opth,1,False,mlp1,bce,msle
573,0.8661446524447292,0.40578710137711427,0.8487394957983193,0.7703109327983951,0.9770992366412213,0.8614694335389792,119.0,Vicia.cracca,0.6190504285967144,opth,1,False,mlp1,bce,msle
574,0.9243123758359215,0.3682688222967843,0.696969696969697,0.9372114496768237,0.9902439024390244,0.9629981024667932,33.0,Vicia.hirsuta,0.6341811466465206,opth,1,False,mlp1,bce,msle
575,0.80688547626217,0.10835078040429193,0.5555555555555556,0.8798554652213189,0.9959100204498977,0.9342925659472422,9.0,Vicia.onobrychioides,0.43541102077687444,opth,1,False,mlp1,bce,msle
576,0.8883957922419461,0.38158072884776906,0.6372549019607843,0.8944773175542406,0.9608050847457628,0.9264555669050051,102.0,Vicia.sativa,0.5317322195150249,opth,1,False,mlp1,bce,msle
577,0.8807243707796194,0.20431481558464187,0.4,0.9659300184162063,0.9831302717900656,0.974454249883883,30.0,Vicia.sepium,0.3659300184162064,opth,1,False,mlp1,bce,msle
578,0.8799041629230309,0.34421027131782944,0.6666666666666666,0.8742138364779874,0.9989733059548255,0.9324389075227599,3.0,Vicia.tetrasperma,0.540880503144654,opth,1,False,mlp1,bce,msle
579,0.7799276672694395,0.14439306003602706,0.4,0.9150090415913201,0.9941060903732809,0.9529190207156308,10.0,Vincetoxicum.hirundinaria,0.31500904159132004,opth,1,False,mlp1,bce,msle
580,0.8965606080123664,0.04003907940156994,0.7142857142857143,0.8854824165915239,0.9979674796747967,0.9383659818442427,7.0,Viola.arvensis,0.5997681308772382,opth,1,False,mlp1,bce,msle
581,1.0,1.0,1.0,0.9766816143497757,1.0,0.9882032667876588,1.0,Viola.biflora,0.9766816143497756,opth,1,False,mlp1,bce,msle
582,0.8787349452974165,0.3035457289012704,0.726027397260274,0.8552253116011506,0.9780701754385965,0.9125319693094629,73.0,Viola.calcarata,0.5812527088614245,opth,1,False,mlp1,bce,msle
583,0.8514466546112116,0.12942589950405886,0.9,0.794755877034358,0.9988636363636364,0.8851963746223565,10.0,Viola.hirta,0.694755877034358,opth,1,False,mlp1,bce,msle
584,0.555256064690027,0.016757119412018812,0.3333333333333333,0.8634321653189577,0.9979231568016614,0.9258188824662813,3.0,Viola.rupestris,0.1967654986522911,opth,1,False,mlp1,bce,msle
585,0.7659192825112108,0.003816793893129771,0.0,0.95695067264574,0.9990636704119851,0.9775538250114522,1.0,Vulpia.myuros,-0.043049327354260036,opth,1,False,mlp1,bce,msle
586,0.890892696122633,0.043626077571773655,0.8571428571428571,0.8440036068530208,0.9989327641408752,0.9149560117302052,7.0,Athamanta.cretensis,0.7011464639958778,opth,1,False,mlp1,bce,msle
587,0.9353342779853149,0.16171424182287306,0.42857142857142855,0.9486023444544635,0.9962121212121212,0.971824480369515,7.0,Bupleurum.baldense,0.37717377302589195,opth,1,False,mlp1,bce,msle
588,0.8557779482530163,0.08141793637253367,0.5384615384615384,0.9184043517679057,0.9941118743866536,0.9547596606974552,13.0,Imperatoria.ostruthium,0.456865890229444,opth,1,False,mlp1,bce,msle
589,0.8997120526532291,0.08911066862957318,0.9090909090909091,0.832579185520362,0.998914223669924,0.9081934846989141,11.0,Laserpitium.gallicum,0.7416700946112711,opth,1,False,mlp1,bce,msle
590,0.9962770758122744,0.5200396825396826,0.75,0.9936823104693141,0.9981867633726201,0.9959294436906377,8.0,Oenanthe.silaifolia,0.743682310469314,opth,1,False,mlp1,bce,msle
591,0.9865280289330922,0.29257047071702247,1.0,0.9168173598553345,1.0,0.9566037735849057,10.0,Seseli.galloprovinciale,0.9168173598553344,opth,1,False,mlp1,bce,msle
592,0.9548111510791367,0.06330961741409502,0.75,0.9424460431654677,0.9990467111534795,0.9699213327163351,4.0,Torilis.leptophylla,0.6924460431654675,opth,1,False,mlp1,bce,msle
593,0.9877030685920578,0.33156130268199235,1.0,0.944043321299639,1.0,0.9712163416898792,8.0,Achillea.ptarmica,0.9440433212996391,opth,1,False,mlp1,bce,msle
594,1.0,1.0,1.0,0.8825112107623319,1.0,0.9375893282515484,1.0,Artemisia.alba,0.8825112107623319,opth,1,False,mlp1,bce,msle
595,0.936745937652556,0.13758041933537238,0.6923076923076923,0.9229374433363554,0.9960861056751468,0.9581176470588235,13.0,Bombycilaena.erecta,0.6152451356440478,opth,1,False,mlp1,bce,msle
596,0.9820466786355475,0.06828703703703703,0.0,0.9937163375224417,0.9981965734896303,0.9959514170040485,2.0,Cacalia.alliariae,-0.006283662477558294,opth,1,False,mlp1,bce,msle
597,0.7591380866425993,0.10855487487199612,0.625,0.8176895306859205,0.9966996699669967,0.8983639067922657,8.0,Cacalia.alpina,0.44268953068592065,opth,1,False,mlp1,bce,msle
598,0.9442446043165467,0.2293103448275862,0.75,0.9064748201438849,0.9990089197224975,0.9504950495049505,4.0,Carduus.nigrescens,0.656474820143885,opth,1,False,mlp1,bce,msle
599,0.9387083504730563,0.17318386757572493,0.8181818181818182,0.881447963800905,0.9979508196721312,0.9360884190293128,11.0,Catananche.caerulea,0.6996297819827233,opth,1,False,mlp1,bce,msle
600,0.8548241659152391,0.06613498497566157,0.8571428571428571,0.6753832281334535,0.9986666666666667,0.8058095750403442,7.0,Centaurea.alpestris,0.5325260852763107,opth,1,False,mlp1,bce,msle
601,0.8820238584944468,0.08225774571873352,0.45454545454545453,0.9393665158371041,0.9942528735632183,0.9660307119590508,11.0,Centaurea.paniculata,0.39391197038255865,opth,1,False,mlp1,bce,msle
602,0.7194244604316546,0.13029131594524948,0.25,0.875,0.9969262295081968,0.9319923371647509,4.0,Centaurea.triumfetti,0.125,opth,1,False,mlp1,bce,msle
603,0.9118935309973046,0.37968970980960226,0.7321428571428571,0.8830188679245283,0.9842271293375394,0.9308801591248135,56.0,Centaurea.uniflora,0.6151617250673853,opth,1,False,mlp1,bce,msle
604,0.9569120287253142,0.05681818181818182,0.5,0.9658886894075404,0.9990714948932219,0.9821999087174806,2.0,Cirsium.ferox,0.46588868940754047,opth,1,False,mlp1,bce,msle
605,0.9246425351024088,0.24328805196702397,0.8571428571428571,0.9071235347159603,0.9990069513406157,0.9508506616257089,7.0,Cirsium.morisianum,0.7642663918588175,opth,1,False,mlp1,bce,msle
606,0.992042042042042,0.5355048177628823,0.6666666666666666,0.9936936936936936,0.9981900452488688,0.9959367945823928,6.0,Cirsium.rivulare,0.6603603603603603,opth,1,False,mlp1,bce,msle
607,0.895045045045045,0.05123224929889018,1.0,0.7450450450450451,1.0,0.8538977800722767,6.0,Crepis.albida,0.7450450450450452,opth,1,False,mlp1,bce,msle
608,0.9453053783044667,0.3088372399676956,0.9473684210526315,0.8486782133090246,0.9989270386266095,0.917693445046821,19.0,Crepis.nicaeensis,0.7960466343616561,opth,1,False,mlp1,bce,msle
609,0.8347165074272962,0.05140900826972762,0.38461538461538464,0.9093381686310064,0.9920870425321464,0.9489120151371807,13.0,Doronicum.grandiflorum,0.29395355324639105,opth,1,False,mlp1,bce,msle
610,0.9347005407611468,0.27556389032234413,0.7777777777777778,0.9228650137741047,0.9940652818991098,0.9571428571428572,27.0,Echinops.ritro,0.7006427915518825,opth,1,False,mlp1,bce,msle
611,0.889613309352518,0.039920099119896475,0.5,0.8983812949640287,0.998001998001998,0.9455750118315192,4.0,Erigeron.atticus,0.39838129496402885,opth,1,False,mlp1,bce,msle
612,0.9655585504642108,0.5641025641025641,0.6666666666666666,0.9820305480682839,0.9990859232175503,0.9904848210240145,3.0,Filago.vulgaris,0.6486972147349506,opth,1,False,mlp1,bce,msle
613,0.9364536453645365,0.15520213577421813,0.6,0.9495949594959496,0.9981078524124882,0.9732472324723247,5.0,Helichrysum.stoechas,0.5495949594959497,opth,1,False,mlp1,bce,msle
614,0.8379712746858168,0.009523809523809523,0.0,0.9712746858168761,0.9981549815498155,0.9845313921747043,2.0,Hieracium.glanduliferum,-0.02872531418312385,opth,1,False,mlp1,bce,msle
615,0.819285309132161,0.1338372823138693,0.6097560975609756,0.7934883720930233,0.9815880322209436,0.8775720164609053,41.0,Pilosella.peleteriana,0.40324446965399874,opth,1,False,mlp1,bce,msle
616,0.7947722830969869,0.3053973043768658,0.6448598130841121,0.7770069375619425,0.9537712895377128,0.8563626433642818,107.0,Pilosella.officinarum,0.4218667506460547,opth,1,False,mlp1,bce,msle
617,0.8982765354945806,0.3330037128266263,0.7631578947368421,0.8701298701298701,0.9904963041182682,0.9264197530864198,38.0,Hieracium.rionii,0.6332877648667123,opth,1,False,mlp1,bce,msle
618,0.9565582084893883,0.5040035571662064,0.8333333333333334,0.9260299625468165,0.9919759277833501,0.9578692493946731,48.0,Pilosella.corymbuloides,0.7593632958801497,opth,1,False,mlp1,bce,msle
619,0.8863796045367861,0.24755773264413716,0.6666666666666666,0.935862691960253,0.9971126082771896,0.9655172413793104,9.0,Inula.montana,0.6025293586269196,opth,1,False,mlp1,bce,msle
620,0.9098858752037943,0.40248600032366644,0.7564102564102564,0.8805394990366089,0.9796355841371919,0.9274479959411466,78.0,Leontodon.pyrenaicus,0.6369497554468653,opth,1,False,mlp1,bce,msle
621,0.8391895697695608,0.25528111819181104,0.5964912280701754,0.833805476864967,0.9746136865342163,0.8987277353689568,57.0,Leucanthemum.adustum,0.4302967049351425,opth,1,False,mlp1,bce,msle
622,0.9603180138084944,0.24115664061624043,0.8461538461538461,0.927470534904805,0.9980487804878049,0.9614661654135338,13.0,Leucanthemum.atratum,0.7736243810586512,opth,1,False,mlp1,bce,msle
623,0.9357388567664495,0.4330491340430998,0.7692307692307693,0.8962892483349191,0.9843260188087775,0.9382470119521913,65.0,Omalotheca.supina,0.6655200175656883,opth,1,False,mlp1,bce,msle
624,0.921088129496403,0.055012942221482,0.5,0.8902877697841727,0.9979838709677419,0.94106463878327,4.0,Omalotheca.sylvatica,0.3902877697841727,opth,1,False,mlp1,bce,msle
625,0.8739143456124588,0.34485667150423593,0.3333333333333333,0.9784366576819407,0.998166819431714,0.9882032667876588,3.0,Pulicaria.dysenterica,0.31176999101527403,opth,1,False,mlp1,bce,msle
626,0.7982738631972177,0.036571160708881535,0.5714285714285714,0.8151487826871056,0.9966923925027563,0.8968253968253969,7.0,Scorzonera.hispanica,0.38657735411567695,opth,1,False,mlp1,bce,msle
627,0.9950818026698786,0.4595492470492471,1.0,0.8861788617886179,1.0,0.9396551724137931,9.0,Senecio.aquaticus,0.8861788617886179,opth,1,False,mlp1,bce,msle
628,0.9811151079136691,0.1240762578616352,1.0,0.9460431654676259,1.0,0.9722735674676525,4.0,Senecio.vulgaris,0.9460431654676258,opth,1,False,mlp1,bce,msle
629,0.9936823104693141,0.6602347883597883,1.0,0.9575812274368231,1.0,0.9783310281235592,8.0,Serratula.lycopifolia,0.957581227436823,opth,1,False,mlp1,bce,msle
630,0.9350104821802935,0.030103519668737058,0.6666666666666666,0.9227313566936208,0.9990272373540856,0.9593647828117702,3.0,Serratula.nudicaulis,0.5893980233602876,opth,1,False,mlp1,bce,msle
631,0.8647147147147147,0.04123525831761959,0.8333333333333334,0.7810810810810811,0.9988479262672811,0.8766430738119313,6.0,Sonchus.asper,0.6144144144144144,opth,1,False,mlp1,bce,msle
632,0.7916384899956244,0.16912216892689752,0.5652173913043478,0.879231473010064,0.9897013388259527,0.9312015503875969,23.0,Taraxacum.erythrospermum,0.4444488643144118,opth,1,False,mlp1,bce,msle
633,0.9115615615615615,0.03659545315177089,0.5,0.9279279279279279,0.9970958373668926,0.9612692487167522,6.0,Taraxacum.palustre,0.4279279279279278,opth,1,False,mlp1,bce,msle
634,0.8880395683453237,0.03015350241445859,1.0,0.7571942446043165,1.0,0.8618219037871033,4.0,Tolpis.staticifolia,0.7571942446043165,opth,1,False,mlp1,bce,msle
635,0.9215333932315064,0.05174585733470959,0.6666666666666666,0.9317160826594789,0.9990366088631984,0.9642026964202697,3.0,Tragopogon.crocifolius,0.5983827493261455,opth,1,False,mlp1,bce,msle
636,0.939355224529738,0.30729514012800463,0.8529411764705882,0.9020332717190388,0.9949031600407747,0.9461948618516723,34.0,Cerinthe.minor,0.754974448189627,opth,1,False,mlp1,bce,msle
637,0.8918837975441749,0.033733558702958945,0.6666666666666666,0.8544474393530997,0.9989495798319328,0.9210653753026634,3.0,Cynoglossum.officinale,0.5211141060197664,opth,1,False,mlp1,bce,msle
638,0.8859964093357271,0.10396825396825397,0.5,0.9299820466786356,0.9990356798457087,0.9632728963272896,2.0,Lithospermum.arvense,0.4299820466786355,opth,1,False,mlp1,bce,msle
639,0.8777576853526221,0.32314372485420134,0.8,0.8453887884267631,0.9978655282817502,0.9153206069505629,10.0,Myosotis.decumbens,0.6453887884267631,opth,1,False,mlp1,bce,msle
640,0.8457399103139014,0.005780346820809248,0.0,0.9533632286995516,0.9990601503759399,0.9756769160165213,1.0,Myosotis.discolor,-0.04663677130044841,opth,1,False,mlp1,bce,msle
641,0.9183980728696176,0.06704956408976605,0.8888888888888888,0.8509485094850948,0.9989395546129375,0.9190243902439025,9.0,Pulmonaria.angustifolia,0.7398373983739837,opth,1,False,mlp1,bce,msle
642,0.92693345323741,0.09097191199463926,0.75,0.9163669064748201,0.9990196078431373,0.9559099437148217,4.0,Alyssum.alpestre,0.6663669064748201,opth,1,False,mlp1,bce,msle
643,0.8968468468468469,0.055753712795596086,0.5,0.9126126126126126,0.9970472440944882,0.9529633113828786,6.0,Alyssum.montanum,0.4126126126126126,opth,1,False,mlp1,bce,msle
644,0.8748874887488749,0.037699770875521704,0.8,0.8172817281728173,0.9988998899889989,0.899009900990099,5.0,Arabis.alpina,0.6172817281728173,opth,1,False,mlp1,bce,msle
645,0.8831831831831831,0.050404551852589075,0.5,0.9558558558558559,0.9971804511278195,0.9760809567617296,6.0,Arabis.auriculata,0.45585585585585586,opth,1,False,mlp1,bce,msle
646,0.9729656419529837,0.21661299472774884,0.9,0.9312839059674503,0.9990300678952473,0.9639681796911558,10.0,Cardamine.bellidifolia,0.8312839059674504,opth,1,False,mlp1,bce,msle
647,0.8798813868613138,0.09158152496008874,0.25,0.9525547445255474,0.9858356940509915,0.9689095127610209,20.0,Cardamine.resedifolia,0.20255474452554756,opth,1,False,mlp1,bce,msle
648,0.8681681681681681,0.04001845079917769,0.3333333333333333,0.9225225225225225,0.9961089494163424,0.9579045837231057,6.0,Iberis.pinnata,0.2558558558558559,opth,1,False,mlp1,bce,msle
649,0.8040008697542944,0.0504171769935833,0.42857142857142855,0.8091324200913242,0.9866369710467706,0.8891118916206724,21.0,Kandis.perfoliata,0.23770384866275274,opth,1,False,mlp1,bce,msle
650,0.8619349005424956,0.04937238936132803,0.8,0.7739602169981917,0.9976689976689976,0.8716904276985743,10.0,Noccaea.brachypetala,0.5739602169981919,opth,1,False,mlp1,bce,msle
651,0.8322232223222323,0.015738947544772872,0.2,0.9387938793879388,0.9961795606494747,0.9666357738646896,5.0,Pritzelago.alpina,0.13879387938793886,opth,1,False,mlp1,bce,msle
652,0.7739910313901346,0.003952569169960474,0.0,0.9309417040358744,0.9990375360923965,0.9637883008356546,1.0,Sisymbrium.austriacum,-0.0690582959641256,opth,1,False,mlp1,bce,msle
653,0.8700539568345323,0.016518030413717993,0.5,0.9109712230215827,0.9980295566502463,0.9525152797367183,4.0,Campanula.alpestris,0.41097122302158273,opth,1,False,mlp1,bce,msle
654,0.9296509731434164,0.24854025200175336,0.47058823529411764,0.9473197781885397,0.9827420901246404,0.9647058823529412,34.0,Phyteuma.globulariifolium,0.4179080134826574,opth,1,False,mlp1,bce,msle
655,0.9008189262966333,0.2578022433108413,0.7647058823529411,0.8116469517743403,0.9955357142857143,0.894235588972431,17.0,Phyteuma.michelii,0.5763528341272814,opth,1,False,mlp1,bce,msle
656,0.8821342311351826,0.32650258223261486,0.6923076923076923,0.89058039961941,0.9790794979079498,0.9327354260089686,65.0,Arenaria.gothica,0.5828880919271024,opth,1,False,mlp1,bce,msle
657,0.8864734299516908,0.06199982253159812,0.3333333333333333,0.927536231884058,0.9922480620155039,0.9588014981273408,12.0,Cerastium.cerastoides,0.26086956521739135,opth,1,False,mlp1,bce,msle
658,0.9434631642512077,0.11535260301045491,1.0,0.8505434782608695,1.0,0.9192364170337739,12.0,Dianthus.hyssopifolius,0.8505434782608696,opth,1,False,mlp1,bce,msle
659,0.8771241830065359,0.31454051627240137,0.6222222222222222,0.84593837535014,0.9815817984832069,0.9087261785356068,45.0,Dianthus.pavonius,0.4681605975723624,opth,1,False,mlp1,bce,msle
660,0.9390851449275363,0.22531730240254708,0.8333333333333334,0.904891304347826,0.998001998001998,0.9491686460807601,12.0,Minuartia.hybrida,0.7382246376811594,opth,1,False,mlp1,bce,msle
661,0.9483348334833483,0.05897435897435897,0.0,0.9873987398739874,0.9954627949183303,0.991414369633981,5.0,Minuartia.rupestris,-0.012601260126012592,opth,1,False,mlp1,bce,msle
662,0.9230004562935923,0.30656271627819764,0.7241379310344828,0.8837429111531191,0.9831756046267087,0.9308113489298159,58.0,Minuartia.sedoides,0.6078808421876019,opth,1,False,mlp1,bce,msle
663,0.9008802308802308,0.38808058859109734,0.7272727272727273,0.8895238095238095,0.9810924369747899,0.9330669330669331,66.0,Sagina.glabra,0.6167965367965369,opth,1,False,mlp1,bce,msle
664,0.8930693069306931,0.028908938489463038,0.2,0.9495949594959496,0.996222851746931,0.9723502304147466,5.0,Sagina.saginoides,0.1495949594959496,opth,1,False,mlp1,bce,msle
665,0.9135623869801086,0.057236216037448565,0.9,0.8327305605786618,0.9989154013015185,0.908284023668639,10.0,Silene.italica,0.7327305605786618,opth,1,False,mlp1,bce,msle
666,0.8690009165902841,0.15274408374426604,0.92,0.7360219981668195,0.9975155279503105,0.8470464135021097,25.0,Silene.latifolia,0.6560219981668194,opth,1,False,mlp1,bce,msle
667,0.8538253825382539,0.020543712321060788,0.0,0.9990999099909991,0.9955156950672646,0.9973045822102425,5.0,Silene.suecica,-0.0009000900090009312,opth,1,False,mlp1,bce,msle
668,0.6763992203349377,0.06618930198127769,0.391304347826087,0.8554437328453797,0.9852476290832455,0.9157688540646425,23.0,Chenopodium.bonus.henricus,0.24674808067146659,opth,1,False,mlp1,bce,msle
669,0.906731276687617,0.1802219330731616,0.5789473684210527,0.9143117593436645,0.9920870425321464,0.9516129032258065,19.0,Helianthemum.apenninum,0.49325912776471714,opth,1,False,mlp1,bce,msle
670,0.8375425704625074,0.3361671593482168,0.569620253164557,0.8977820636451301,0.9647668393782384,0.9300699300699301,79.0,Helianthemum.oelandicum,0.46740231680968725,opth,1,False,mlp1,bce,msle
671,0.9634563456345634,0.12705596912048525,0.4,0.9792979297929792,0.997250229147571,0.9881925522252498,5.0,Convolvulus.cantabricus,0.37929792979297927,opth,1,False,mlp1,bce,msle
672,0.9242934394449546,0.26363375025546837,0.6666666666666666,0.9302112029384757,0.9911937377690803,0.9597347228801516,27.0,Sedum.alpestre,0.5968778696051422,opth,1,False,mlp1,bce,msle
673,0.8937062937062937,0.11510122384464119,0.7272727272727273,0.865158371040724,0.9968717413972888,0.9263565891472868,11.0,Sedum.anacampseros,0.5924310983134513,opth,1,False,mlp1,bce,msle
674,0.8559939600840336,0.23726961401701632,0.5714285714285714,0.9025735294117647,0.9879275653923542,0.9433237271853987,28.0,Sedum.ochroleucum,0.4740021008403361,opth,1,False,mlp1,bce,msle
675,0.9616561656165616,0.48807266982622427,0.8,0.9531953195319532,0.9990566037735849,0.9755872869645325,5.0,Sedum.sediforme,0.7531953195319532,opth,1,False,mlp1,bce,msle
676,0.9184684684684685,0.17010156727454243,0.8333333333333334,0.9216216216216216,0.9990234375,0.9587628865979382,6.0,Sempervivum.calcareum,0.754954954954955,opth,1,False,mlp1,bce,msle
677,0.9896209386281588,0.3861126720501721,1.0,0.9169675090252708,1.0,0.9566854990583804,8.0,Euphorbia.esula,0.9169675090252709,opth,1,False,mlp1,bce,msle
678,0.940658921302578,0.44547224114847384,0.6363636363636364,0.9496268656716418,0.9845261121856866,0.9667616334283001,44.0,Anthyllis.montana,0.585990502035278,opth,1,False,mlp1,bce,msle
679,0.942081447963801,0.13501820548274646,0.6363636363636364,0.9520361990950226,0.9962121212121212,0.973623322535863,11.0,Argyrolobium.zanonii,0.588399835458659,opth,1,False,mlp1,bce,msle
680,0.9112745806824754,0.31900183642867125,0.7115384615384616,0.8721804511278195,0.9840933191940615,0.9247633283507724,52.0,Astragalus.danicus,0.583718912666281,opth,1,False,mlp1,bce,msle
681,0.927346506704305,0.28101565244958093,0.8846153846153846,0.8431192660550458,0.9967462039045553,0.9135188866799204,26.0,Astragalus.sempervirens,0.7277346506704303,opth,1,False,mlp1,bce,msle
682,0.9445941898772088,0.06522635703182006,0.6666666666666666,0.9191374663072777,0.9990234375,0.9574169396350023,3.0,Astragalus.vesicarius,0.5858041329739443,opth,1,False,mlp1,bce,msle
683,0.9643605870020964,0.04638884864873566,0.6666666666666666,0.9577717879604672,0.9990627928772259,0.9779816513761468,3.0,Bituminaria.bituminosa,0.6244384546271338,opth,1,False,mlp1,bce,msle
684,0.9871852517985612,0.41683673469387755,0.75,0.9649280575539568,0.9990689013035382,0.9817017383348582,4.0,Dorycnium.pentaphyllum,0.7149280575539567,opth,1,False,mlp1,bce,msle
685,0.9460740072202167,0.07900332643434359,0.5,0.9693140794223827,0.9962894248608535,0.9826166514181153,8.0,Genista.cinerea,0.4693140794223827,opth,1,False,mlp1,bce,msle
686,1.0,1.0,1.0,0.8,1.0,0.8888888888888888,1.0,Lathyrus.hirsutus,0.8,opth,1,False,mlp1,bce,msle
687,0.9017914249327862,0.6181235508988083,0.7958115183246073,0.8389189189189189,0.9521472392638037,0.8919540229885058,191.0,Lotus.alpinus,0.6347304372435261,opth,1,False,mlp1,bce,msle
688,0.9266713054648611,0.209271595421228,0.8823529411764706,0.8334849863512284,0.9978213507625272,0.9082796232027764,17.0,Lotus.delortii,0.7158379275276989,opth,1,False,mlp1,bce,msle
689,0.9754417490266547,0.21916971916971917,0.6666666666666666,0.967654986522911,0.9990723562152134,0.9831127339114559,3.0,Lotus.pedunculatus,0.6343216531895777,opth,1,False,mlp1,bce,msle
690,0.9137713771377137,0.048516922524463595,0.4,0.9720972097209721,0.997229916897507,0.9845031905195989,5.0,Medicago.arabica,0.37209720972097227,opth,1,False,mlp1,bce,msle
691,0.9991015274034142,0.7555555555555555,1.0,0.9964061096136568,1.0,0.9981998199819982,3.0,Melilotus.neapolitanus,0.9964061096136567,opth,1,False,mlp1,bce,msle
692,0.8807465234058032,0.1789865111008611,0.6060606060606061,0.9021237303785781,0.9868686868686869,0.9425952725518573,33.0,Ononis.cristata,0.508184336439184,opth,1,False,mlp1,bce,msle
693,0.9270896579639749,0.20091805481869,0.7777777777777778,0.8779599271402551,0.9958677685950413,0.9332042594385286,18.0,Oxytropis.lapponica,0.6557377049180328,opth,1,False,mlp1,bce,msle
694,0.953015301530153,0.36141532945221,0.8,0.9288928892889289,0.9990319457889641,0.9626865671641791,5.0,Trifolium.incarnatum,0.7288928892889288,opth,1,False,mlp1,bce,msle
695,0.8630412237490277,0.13463547035734028,0.7857142857142857,0.8139745916515426,0.9966666666666667,0.8961038961038961,14.0,Trifolium.pallescens,0.5996888773658284,opth,1,False,mlp1,bce,msle
696,0.9445544554455445,0.06053748571945661,0.6,0.9522952295229523,0.9981132075471698,0.9746660525103639,5.0,Vicia.pannonica,0.5522952295229522,opth,1,False,mlp1,bce,msle
697,0.9148950652297221,0.3005227960249188,0.975609756097561,0.7116279069767442,0.9986945169712794,0.8310700706137969,41.0,Vicia.tenuifolia,0.6872376630743051,opth,1,False,mlp1,bce,msle
698,0.953125,0.2548927213206624,0.9375,0.8818181818181818,0.9989701338825953,0.9367455335586673,16.0,Gentiana.angustifolia,0.8193181818181818,opth,1,False,mlp1,bce,msle
699,0.8663928061518422,0.20575563376097247,0.7567567567567568,0.7655236329935126,0.9892215568862276,0.8631138975966562,37.0,Gentiana.brachyphylla,0.5222803897502692,opth,1,False,mlp1,bce,msle
700,0.8630934457492723,0.03206423842572939,0.5555555555555556,0.8789521228545619,0.9959058341862845,0.9337811900191939,9.0,Gentiana.orbicularis,0.4345076784101174,opth,1,False,mlp1,bce,msle
701,0.9382897111913358,0.17073544381481565,0.5,0.9449458483754513,0.9961941008563273,0.9698934691987031,8.0,Gentiana.rostanii,0.44494584837545137,opth,1,False,mlp1,bce,msle
702,0.7755226435648701,0.17125506856139305,0.5540540540540541,0.7562380038387716,0.9598051157125457,0.8459473966720343,74.0,Gentianella.campestris,0.31029205789282566,opth,1,False,mlp1,bce,msle
703,0.7786762503743636,0.020567084621302037,0.6666666666666666,0.8517520215633423,0.9989462592202318,0.9194956353055286,3.0,Gentianella.ciliata,0.518418688230009,opth,1,False,mlp1,bce,msle
704,0.8705670567056706,0.0558152294243938,0.2,0.9423942394239424,0.9961941008563273,0.9685476410730804,5.0,Gentianella.tenella,0.14239423942394236,opth,1,False,mlp1,bce,msle
705,0.9186151079136691,0.03626676287068652,0.5,0.9433453237410072,0.9980970504281637,0.9699491447064262,4.0,Hypericum.tetrapterum,0.4433453237410072,opth,1,False,mlp1,bce,msle
706,0.9871218927822701,0.237468671679198,1.0,0.9020664869721473,1.0,0.9485120453471895,3.0,Herniaria.incana,0.9020664869721473,opth,1,False,mlp1,bce,msle
707,0.9031390134529148,0.009174311926605505,0.0,0.9533632286995516,0.9990601503759399,0.9756769160165213,1.0,Calamintha.nepeta,-0.04663677130044841,opth,1,False,mlp1,bce,msle
708,0.9326732673267326,0.11777868395515453,0.8,0.9171917191719172,0.9990196078431373,0.9563585171281088,5.0,Mentha.aquatica,0.7171917191719173,opth,1,False,mlp1,bce,msle
709,0.7886075949367088,0.026862217613665442,0.5,0.8372513562386981,0.9946294307196563,0.9091801669121257,10.0,Mentha.longifolia,0.33725135623869806,opth,1,False,mlp1,bce,msle
710,0.7852650494159928,0.008947620759918494,0.3333333333333333,0.8580413297394429,0.9979101358411703,0.9227053140096618,3.0,Nepeta.nepetella,0.19137466307277617,opth,1,False,mlp1,bce,msle
711,0.9353680430879713,0.020309278350515464,1.0,0.8617594254937163,1.0,0.9257473481195757,2.0,Prunella.hyssopifolia,0.8617594254937164,opth,1,False,mlp1,bce,msle
712,0.9291816546762589,0.0512274915989481,0.5,0.9676258992805755,0.9981447124304267,0.982648401826484,4.0,Teucrium.polium,0.4676258992805755,opth,1,False,mlp1,bce,msle
713,0.9739395306859205,0.178909171324032,0.75,0.9629963898916968,0.9981290926099158,0.9802480477721636,8.0,Linum.bienne,0.7129963898916967,opth,1,False,mlp1,bce,msle
714,0.9280522230063515,0.15217665816120687,0.8461538461538461,0.8871559633027523,0.995880535530381,0.9383794274623969,26.0,Linum.suffruticosum,0.7333098094565984,opth,1,False,mlp1,bce,msle
715,0.9169077757685353,0.19465942524294927,0.9,0.8878842676311031,0.9989827060020345,0.9401627573001436,10.0,Lythrum.salicaria,0.7878842676311031,opth,1,False,mlp1,bce,msle
716,0.8573991031390135,0.00625,0.0,0.8941704035874439,0.998997995991984,0.9436819687647894,1.0,Althaea.hirsuta,-0.10582959641255607,opth,1,False,mlp1,bce,msle
717,0.875673249551167,0.010695493022191718,0.0,0.9991023339317774,0.9982062780269059,0.9986541049798116,2.0,Epilobium.parviflorum,-0.0008976660682226134,opth,1,False,mlp1,bce,msle
718,0.8073573573573574,0.056887280604749756,0.5,0.9441441441441442,0.9971455756422455,0.9699213327163351,6.0,Plantago.sempervirens,0.44414414414414427,opth,1,False,mlp1,bce,msle
719,0.9018847006651884,0.3814277214973301,0.8414634146341463,0.816247582205029,0.9848308051341891,0.8926493918561608,82.0,Armeria.alpina,0.6577109968391754,opth,1,False,mlp1,bce,msle
720,0.9426831919982605,0.3796618146610723,0.9047619047619048,0.8374429223744292,0.9978237214363439,0.9106256206554121,21.0,Polygala.calcarea,0.742204827136334,opth,1,False,mlp1,bce,msle
721,0.8428338438283146,0.150509586735396,0.5217391304347826,0.9158279963403476,0.9891304347826086,0.9510688836104513,23.0,Rumex.arifolius,0.4375671267751302,opth,1,False,mlp1,bce,msle
722,0.9916142557651992,0.205026455026455,1.0,0.8445642407906558,1.0,0.9157330735509012,3.0,Rumex.conglomeratus,0.844564240790656,opth,1,False,mlp1,bce,msle
723,0.699434963099631,0.06765876401399218,0.5,0.772140221402214,0.981242672919109,0.8642230252968508,32.0,Rumex.nebroides,0.27214022140221417,opth,1,False,mlp1,bce,msle
724,0.76003600360036,0.10417086723877494,0.6,0.9477947794779478,0.9981042654028436,0.9722991689750693,5.0,Rumex.pseudalpinus,0.5477947794779476,opth,1,False,mlp1,bce,msle
725,0.8934706969664021,0.1902701013885907,0.7352941176470589,0.8493530499075785,0.990301724137931,0.9144278606965174,34.0,Androsace.adfinis,0.5846471675546374,opth,1,False,mlp1,bce,msle
726,0.8818813131313131,0.3307052988197506,0.7166666666666667,0.8162878787878788,0.9806598407281001,0.8909560723514212,60.0,Androsace.vitaliana,0.5329545454545455,opth,1,False,mlp1,bce,msle
727,0.6436058700209644,0.00494178018138478,0.0,0.7996406109613656,0.9966405375139977,0.8873379860418744,3.0,Primula.vulgaris,-0.20035938903863437,opth,1,False,mlp1,bce,msle
728,0.9985025456723571,0.7916666666666666,1.0,0.9020664869721473,1.0,0.9485120453471895,3.0,Aconitum.anthora,0.9020664869721473,opth,1,False,mlp1,bce,msle
729,0.9289727961944403,0.3887616466152472,0.7741935483870968,0.8783410138248848,0.9927083333333333,0.9320293398533007,31.0,Anemone.baldensis,0.6525345622119816,opth,1,False,mlp1,bce,msle
730,0.9452842960288809,0.25813675146839055,0.625,0.8871841155234657,0.9969574036511156,0.938872970391595,8.0,Anemone.narcissifolia,0.5121841155234657,opth,1,False,mlp1,bce,msle
731,0.9901256732495513,0.2934782608695652,0.5,0.9892280071813285,0.99909338168631,0.9941362201172756,2.0,Caltha.palustris,0.48922800718132864,opth,1,False,mlp1,bce,msle
732,0.7368017295487831,0.09645500220698787,0.6923076923076923,0.7733454215775158,0.9953325554259043,0.8704081632653061,13.0,Ranunculus.aduncus,0.465653113885208,opth,1,False,mlp1,bce,msle
733,0.9676932367149759,0.17666925061569416,1.0,0.917572463768116,1.0,0.9570146433632499,12.0,Ranunculus.carinthiacus,0.917572463768116,opth,1,False,mlp1,bce,msle
734,0.8331040514563195,0.33060808100845945,0.5137614678899083,0.8301886792452831,0.9403824521934758,0.8818565400843882,109.0,Ranunculus.sartorianus,0.34395014713519134,opth,1,False,mlp1,bce,msle
735,0.7278114131134871,0.0171953216394864,0.14285714285714285,0.9477006311992786,0.9943235572374646,0.9704524469067405,7.0,Reseda.phyteuma,0.0905577740564214,opth,1,False,mlp1,bce,msle
736,0.9015426497277677,0.11365519492161076,0.7857142857142857,0.8847549909255898,0.9969325153374233,0.9375,14.0,Alchemilla.fissa,0.6704692766398757,opth,1,False,mlp1,bce,msle
737,0.8692322766396839,0.27537500615041655,0.7619047619047619,0.8376068376068376,0.9832775919732442,0.9046153846153846,63.0,Alchemilla.flabellata,0.5995115995115996,opth,1,False,mlp1,bce,msle
738,0.7991452991452991,0.08489958419615486,0.4583333333333333,0.8159340659340659,0.9856194690265486,0.8927855711422845,24.0,Alchemilla.glabra,0.2742673992673992,opth,1,False,mlp1,bce,msle
739,0.8610347985347985,0.12827202702948834,0.75,0.7710622710622711,0.9929245283018868,0.8680412371134021,24.0,Alchemilla.glaucescens,0.521062271062271,opth,1,False,mlp1,bce,msle
740,0.8873962481408626,0.40030847451747853,0.7368421052631579,0.8249772105742935,0.9945054945054945,0.9018435475834579,19.0,Alchemilla.monticola,0.5618193158374514,opth,1,False,mlp1,bce,msle
741,0.956114314789688,0.4096576326372923,0.7727272727272727,0.9281716417910447,0.9900497512437811,0.9581126624939817,44.0,Alchemilla.pentaphyllea,0.7008989145183175,opth,1,False,mlp1,bce,msle
742,0.9520189692447172,0.14650722511586523,0.6153846153846154,0.9401631912964642,0.9952015355086372,0.9668997668997669,13.0,Filipendula.ulmaria,0.5555478066810795,opth,1,False,mlp1,bce,msle
743,0.9246852517985612,0.02943381333875692,1.0,0.8516187050359713,1.0,0.9198640116561437,4.0,Potentilla.brauneana,0.8516187050359711,opth,1,False,mlp1,bce,msle
744,0.9748878923766816,0.034482758620689655,1.0,0.7533632286995515,1.0,0.8593350383631714,1.0,Potentilla.neglecta,0.7533632286995515,opth,1,False,mlp1,bce,msle
745,0.9320322042580018,0.4529514120258195,0.7397260273972602,0.8954937679769894,0.9800629590766002,0.935871743486974,73.0,Sibbaldia.procumbens,0.6352197953742498,opth,1,False,mlp1,bce,msle
746,0.9255255255255255,0.044549911560004075,0.3333333333333333,0.9612612612612612,0.996265172735761,0.9784502521779,6.0,Galium.megalospermum,0.29459459459459447,opth,1,False,mlp1,bce,msle
747,0.8763140161725067,0.387945131357508,0.625,0.8745283018867924,0.9778481012658228,0.9233067729083665,56.0,Galium.obliquum,0.4995283018867924,opth,1,False,mlp1,bce,msle
748,0.9144914491449144,0.07536030667166711,0.6,0.9621962196219622,0.9981325863678805,0.9798350137488543,5.0,Galium.palustre,0.5621962196219621,opth,1,False,mlp1,bce,msle
749,0.9141471119133574,0.07537377834185582,0.75,0.9007220216606499,0.998,0.9468690702087287,8.0,Galium.pseudohelveticum,0.6507220216606497,opth,1,False,mlp1,bce,msle
750,0.9178635547576302,0.01991465149359886,0.5,0.8806104129263914,0.9989816700610998,0.9360687022900763,2.0,Galium.uliginosum,0.3806104129263914,opth,1,False,mlp1,bce,msle
751,,-0.0,0.0,0.8862007168458781,1.0,0.939667458432304,0.0,Salix.foetida,-0.11379928315412191,opth,1,False,mlp1,bce,msle
752,0.9152865602730101,0.11938228121797151,0.1111111111111111,0.987353206865402,0.9927338782924614,0.990036231884058,9.0,Thesium.divaricatum,0.098464317976513,opth,1,False,mlp1,bce,msle
753,0.958137432188065,0.10985715163830805,1.0,0.8273056057866185,1.0,0.9054923305294409,10.0,Saxifraga.bryoides,0.8273056057866186,opth,1,False,mlp1,bce,msle
754,0.8961198884758365,0.21598585895828007,0.8,0.8243494423791822,0.9910614525139665,0.900050735667174,40.0,Saxifraga.exarata,0.6243494423791822,opth,1,False,mlp1,bce,msle
755,0.9575157515751576,0.10456581948517432,1.0,0.8946894689468947,1.0,0.9444180522565321,5.0,Digitalis.grandiflora,0.8946894689468947,opth,1,False,mlp1,bce,msle
756,0.8728286232823439,0.07585405000554839,0.7857142857142857,0.8012704174228675,0.9966139954853274,0.8883299798792756,14.0,Euphrasia.officinalis,0.5869847031371531,opth,1,False,mlp1,bce,msle
757,0.9835881294964028,0.14753117627232895,1.0,0.9433453237410072,1.0,0.970846830171217,4.0,Linaria.simplex,0.9433453237410072,opth,1,False,mlp1,bce,msle
758,0.9732464028776978,0.09755434782608695,1.0,0.8983812949640287,1.0,0.946470866887731,4.0,Pedicularis.cenisia,0.8983812949640289,opth,1,False,mlp1,bce,msle
759,0.920620344862769,0.26712301310826264,0.8148148148148148,0.8273645546372819,0.9944812362030905,0.9032581453634085,27.0,Pedicularis.comosa,0.6421793694520965,opth,1,False,mlp1,bce,msle
760,0.8974397895162922,0.18558844962684817,0.7222222222222222,0.8442622950819673,0.9946351931330472,0.9133004926108375,18.0,Pedicularis.kerneri,0.5664845173041895,opth,1,False,mlp1,bce,msle
761,0.8591591591591592,0.021457024955459824,0.0,0.9882882882882883,0.9945602901178604,0.991414369633981,6.0,Pedicularis.rosea,-0.011711711711711703,opth,1,False,mlp1,bce,msle
762,0.8270985401459854,0.06576740087852359,0.55,0.8613138686131386,0.9905561385099685,0.9214250854075159,20.0,Pedicularis.rostratospicata,0.41131386861313857,opth,1,False,mlp1,bce,msle
763,0.9982046678635548,0.41666666666666663,1.0,0.8114901256732495,1.0,0.8959365708622399,2.0,Verbascum.chaixii,0.8114901256732496,opth,1,False,mlp1,bce,msle
764,0.8622641509433963,0.2850054263074388,0.5892857142857143,0.8452830188679246,0.9749727965179543,0.9055078322385043,56.0,Veronica.allionii,0.43456873315363875,opth,1,False,mlp1,bce,msle
765,0.90669244223511,0.33281574483510407,0.6470588235294118,0.9004694835680751,0.9815762538382804,0.9392752203721841,51.0,Veronica.alpina,0.5475283070974868,opth,1,False,mlp1,bce,msle
766,0.8188840378064579,0.14027701298417813,0.5789473684210527,0.8605287146763901,0.9915966386554622,0.9214250854075159,19.0,Veronica.austriaca,0.4394760830974427,opth,1,False,mlp1,bce,msle
767,0.9015015015015015,0.10817242671716573,0.5,0.9054054054054054,0.9970238095238095,0.9490084985835694,6.0,Veronica.verna,0.40540540540540526,opth,1,False,mlp1,bce,msle
768,0.960948905109489,0.326990880797564,0.9,0.9051094890510949,0.9979879275653923,0.9492822966507177,20.0,Valeriana.tuberosa,0.805109489051095,opth,1,False,mlp1,bce,msle
769,0.9231466629472069,0.15792644116449917,0.7692307692307693,0.8476881233000907,0.9968017057569296,0.916217540421362,13.0,Viola.saxatilis,0.61691889253086,opth,1,False,mlp1,bce,msle
770,0.8770197486535009,0.12866300366300365,0.5,0.947935368043088,0.9990539262062441,0.9728235836020267,2.0,Carex.acutiformis,0.447935368043088,opth,1,False,mlp1,bce,msle
771,0.9191034393919877,0.24686613896777765,0.7142857142857143,0.9377817853922452,0.9980806142034548,0.9669920966992097,7.0,Carex.bicolor,0.6520674996779596,opth,1,False,mlp1,bce,msle
772,0.9103510351035103,0.22838446805159704,0.8,0.8541854185418541,0.9989473684210526,0.9209121785540999,5.0,Carex.cuprina,0.6541854185418541,opth,1,False,mlp1,bce,msle
773,0.9901079136690648,0.37606754658385094,1.0,0.9676258992805755,1.0,0.9835466179159049,4.0,Carex.disticha,0.9676258992805755,opth,1,False,mlp1,bce,msle
774,0.9368003731343284,0.3390296173271257,0.8863636363636364,0.8432835820895522,0.9944994499449945,0.9126703685007572,44.0,Carex.foetida,0.7296472184531886,opth,1,False,mlp1,bce,msle
775,0.956588947571815,0.08950581428743745,0.7142857142857143,0.9125338142470695,0.9980276134122288,0.9533678756476683,7.0,Carex.frigida,0.6268195285327838,opth,1,False,mlp1,bce,msle
776,0.9959386281588448,0.5021367521367521,1.0,0.9927797833935018,1.0,0.9963768115942029,8.0,Carex.melanostachya,0.9927797833935017,opth,1,False,mlp1,bce,msle
777,0.8556255625562557,0.08042584766655217,0.6,0.9081908190819082,0.9980217606330366,0.9509896324222432,5.0,Carex.ovalis,0.5081908190819082,opth,1,False,mlp1,bce,msle
778,0.8828990715783168,0.11995506006395298,0.6666666666666666,0.8373764600179695,0.9989281886387996,0.9110459433040078,3.0,Carex.paniculata,0.5040431266846361,opth,1,False,mlp1,bce,msle
779,0.9094583143211004,0.3039352751915604,0.6896551724137931,0.8620037807183365,0.9806451612903225,0.9175050301810865,58.0,Carex.parviflora,0.5516589531321296,opth,1,False,mlp1,bce,msle
780,0.6045004500450045,0.010612398787109359,0.2,0.9027902790279028,0.9960278053624627,0.947119924457035,5.0,Carex.viridula,0.10279027902790272,opth,1,False,mlp1,bce,msle
781,0.9335727109515259,0.027936507936507936,0.5,0.9461400359066428,0.9990521327014218,0.9718764407561088,2.0,Eleocharis.quinqueflora,0.44614003590664275,opth,1,False,mlp1,bce,msle
782,0.9946188340807175,0.14285714285714285,1.0,0.9856502242152466,1.0,0.992773261065944,1.0,Eriophorum.polystachion,0.9856502242152465,opth,1,False,mlp1,bce,msle
783,0.9128872091299837,0.3942042681303006,0.8076923076923077,0.838150289017341,0.9830508474576272,0.9048361934477379,78.0,Kobresia.myosuroides,0.6458425967096488,opth,1,False,mlp1,bce,msle
784,0.995507637017071,0.5625,0.6666666666666666,0.9946091644204852,0.9990974729241877,0.9968482665466006,3.0,Schoenus.nigricans,0.6612758310871518,opth,1,False,mlp1,bce,msle
785,0.9833931777378816,0.1527777777777778,0.0,1.0,0.9982078853046595,0.9991031390134529,2.0,Scirpoides.holoschoenus,0.0,opth,1,False,mlp1,bce,msle
786,0.8893967093235831,0.1159317932410949,0.7727272727272727,0.7742230347349177,0.994131455399061,0.8705035971223022,22.0,Muscari.neglectum,0.5469503074621904,opth,1,False,mlp1,bce,msle
787,0.9357174111937627,0.2209440817186078,0.782608695652174,0.8746569075937786,0.9947970863683663,0.9308666017526777,23.0,Crocus.vernus,0.6572656032459525,opth,1,False,mlp1,bce,msle
788,0.9474865350089766,0.07142857142857142,0.5,0.9236983842010772,0.9990291262135922,0.9598880597014925,2.0,Juncus.conglomeratus,0.4236983842010771,opth,1,False,mlp1,bce,msle
789,0.8333839303784659,0.15383520575394607,0.6111111111111112,0.8123861566484517,0.9922135706340378,0.8933400100150225,18.0,Luzula.alpinopilosa,0.42349726775956276,opth,1,False,mlp1,bce,msle
790,0.8728974831184777,0.27300727091429433,0.6666666666666666,0.7955801104972375,0.988558352402746,0.8816326530612245,30.0,Luzula.nutans,0.4622467771639043,opth,1,False,mlp1,bce,msle
791,0.8846084608460847,0.02439737827866049,0.6,0.8712871287128713,0.9979381443298969,0.9303219605958674,5.0,Gagea.fragifera,0.47128712871287126,opth,1,False,mlp1,bce,msle
792,0.918918918918919,0.04249436654913265,0.8333333333333334,0.8432432432432433,0.9989327641408752,0.9145090376160234,6.0,Tulipa.australis,0.6765765765765765,opth,1,False,mlp1,bce,msle
793,0.886322463768116,0.0598728133051151,0.6666666666666666,0.8931159420289855,0.9959595959595959,0.941738299904489,12.0,Dactylorhiza.latifolia,0.5597826086956521,opth,1,False,mlp1,bce,msle
794,0.9536284251731407,0.16311040739096655,1.0,0.8581752484191508,1.0,0.9236752552260573,9.0,Ophrys.fuciflora,0.8581752484191507,opth,1,False,mlp1,bce,msle
795,0.8860559566787003,0.07026715221924772,0.75,0.8592057761732852,0.9979035639412998,0.9233753637245393,8.0,Orchis.purpurea,0.6092057761732852,opth,1,False,mlp1,bce,msle
796,0.8991862567811936,0.055220876742120284,0.5,0.945750452079566,0.9952426260704091,0.9698655540101994,10.0,Orchis.simia,0.4457504520795661,opth,1,False,mlp1,bce,msle
797,0.9189922113959575,0.4810699575624448,0.7311827956989247,0.8895405669599218,0.9732620320855615,0.9295199182839632,93.0,Alopecurus.alpinus,0.6207233626588464,opth,1,False,mlp1,bce,msle
798,0.9877208745133274,0.32499999999999996,0.6666666666666666,0.9811320754716981,0.9990850869167429,0.9900271985494107,3.0,Alopecurus.rendlei,0.6477987421383649,opth,1,False,mlp1,bce,msle
799,0.8224792542912357,0.4092685279481668,0.7631578947368421,0.7311015118790497,0.9376731301939059,0.8216019417475728,190.0,Avenula.pubescens,0.49425940661589185,opth,1,False,mlp1,bce,msle
800,0.8202040284205723,0.2694016725917598,0.7068965517241379,0.7618147448015122,0.9793438639125152,0.8569909622541202,58.0,Avenula.versicolor,0.46871129652565013,opth,1,False,mlp1,bce,msle
801,0.8019089025508643,0.3308168625892137,0.8220338983050848,0.6092184368737475,0.9666136724960255,0.7473878303626306,118.0,Brachypodium.rupestre,0.43125233517883244,opth,1,False,mlp1,bce,msle
802,0.9324431818181819,0.4219862002933603,0.8125,0.8809090909090909,0.9969135802469136,0.9353281853281853,16.0,Bromus.commutatus,0.6934090909090909,opth,1,False,mlp1,bce,msle
803,0.9444954596469748,0.5519501719465313,0.8518518518518519,0.8154269972451791,0.9955156950672646,0.8965169106511862,27.0,Bromus.racemosus,0.667278849097031,opth,1,False,mlp1,bce,msle
804,0.7770694191459219,0.04838268305484221,0.6666666666666666,0.7258652094717668,0.9925280199252802,0.8385060494476592,18.0,Elytrigia.repens,0.3925318761384333,opth,1,False,mlp1,bce,msle
805,0.9565079465786887,0.3880270990268082,0.7931034482758621,0.9126034958601656,0.9939879759519038,0.951558752997602,29.0,Festuca.cinerea,0.7057069441360277,opth,1,False,mlp1,bce,msle
806,0.8708378088077335,0.35433085732850067,0.6578947368421053,0.8562152133580705,0.9861111111111112,0.916583912611718,38.0,Festuca.marginata,0.5141099502001758,opth,1,False,mlp1,bce,msle
807,0.8726700341491178,0.37892855475067755,0.6607142857142857,0.8685258964143426,0.9582417582417583,0.9111807732497388,112.0,Festuca.pratensis,0.5292401821286283,opth,1,False,mlp1,bce,msle
808,0.8576263537906136,0.1325046085619507,0.375,0.9530685920577617,0.9952874646559849,0.9737206085753803,8.0,Festuca.trichophylla,0.32806859205776173,opth,1,False,mlp1,bce,msle
809,0.930102657004831,0.15865142410389535,0.75,0.8659420289855072,0.9968717413972888,0.926805622879302,12.0,Gaudinia.fragilis,0.6159420289855073,opth,1,False,mlp1,bce,msle
810,0.9227478403948992,0.1746075447862855,0.6363636363636364,0.9149321266968325,0.9960591133004926,0.9537735849056603,11.0,Helictotrichon.parlatorei,0.5512957630604689,opth,1,False,mlp1,bce,msle
811,0.8879644253081463,0.4360370293512618,0.7964601769911505,0.8195413758723828,0.9727810650887574,0.8896103896103896,113.0,Helictotrichon.sedenense,0.6160015528635334,opth,1,False,mlp1,bce,msle
812,0.9735373537353735,0.2682489190007987,1.0,0.9036903690369037,1.0,0.9494089834515367,5.0,Helictotrichon.sempervirens,0.9036903690369038,opth,1,False,mlp1,bce,msle
813,0.9955076370170709,0.35470085470085466,1.0,0.9757412398921833,1.0,0.9877216916780355,3.0,Hordeum.murinum,0.9757412398921832,opth,1,False,mlp1,bce,msle
814,0.9912320143884892,0.49537037037037035,1.0,0.9181654676258992,1.0,0.9573370839193625,4.0,Hordeum.secalinum,0.9181654676258992,opth,1,False,mlp1,bce,msle
815,0.7864208633093526,0.01570142951555177,0.25,0.9505395683453237,0.9971698113207547,0.9732965009208103,4.0,Koeleria.cenisia,0.20053956834532372,opth,1,False,mlp1,bce,msle
816,0.856808574879227,0.07526821941215422,0.5,0.8614130434782609,0.9937304075235109,0.9228529839883551,12.0,Molinia.caerulea,0.36141304347826075,opth,1,False,mlp1,bce,msle
817,0.7974279620929077,0.22351764263795412,0.7288135593220338,0.6991485335856197,0.9788079470198675,0.8156732891832229,59.0,Phleum.pratense,0.4279620929076535,opth,1,False,mlp1,bce,msle
818,0.8704648814871763,0.3482299301425929,0.7850467289719626,0.7918731417244796,0.9720194647201946,0.8727471327143638,107.0,Poa.trivialis,0.5769198706964422,opth,1,False,mlp1,bce,msle
819,0.9164420485175202,0.6702127659574467,0.6666666666666666,0.9002695417789758,0.9990029910269193,0.947069943289225,3.0,Vulpia.bromoides,0.5669362084456424,opth,1,False,mlp1,bce,msle
820,0.8963579136690647,0.14647734149200425,0.5,0.9721223021582733,0.9981532779316713,0.9849658314350798,4.0,Vulpia.ciliata,0.4721223021582732,opth,1,False,mlp1,bce,msle
821,0.9253158844765343,0.36469784562134694,0.75,0.8754512635379061,0.9979423868312757,0.9326923076923077,8.0,Equisetum.variegatum,0.6254512635379061,opth,1,False,mlp1,bce,msle
822,0.9112675577322042,0.20170383412019152,0.8148148148148148,0.869605142332415,0.9947478991596639,0.9279764821166095,27.0,Pachypleurum.mutellinoides,0.6844199571472298,opth,1,False,mlp1,bce,msle
823,0.8599099099099099,0.025876544369630848,0.3333333333333333,0.9036036036036036,0.9960278053624627,0.9475673122342938,6.0,Libanotis.pyrenaica,0.23693693693693696,opth,1,False,mlp1,bce,msle
824,0.8643221781055019,0.25678343520548347,0.8048780487804879,0.7562790697674419,0.9902557856272838,0.8575949367088608,41.0,Alchemilla.alpigena,0.5611571185479298,opth,1,False,mlp1,bce,msle
825,0.8667068152163002,0.058720916265655274,0.5555555555555556,0.9331526648599819,0.996142719382835,0.9636194029850746,9.0,Anacamptis.morio,0.4887082204155375,opth,1,False,mlp1,bce,msle
826,0.8660660660660662,0.07015638714281681,0.5,0.9495495495495495,0.9971617786187322,0.972773419473927,6.0,Mutellina.adonidifolia,0.4495495495495496,opth,1,False,mlp1,bce,msle
827,0.8832994717594473,0.2975699234602656,0.8043478260869565,0.8485981308411215,0.990185387131952,0.9139406139909411,46.0,Avenula.pratensis,0.652945956928078,opth,1,False,mlp1,bce,msle
828,0.8801463860933212,0.09869194299739892,0.8260869565217391,0.8115279048490394,0.9955106621773289,0.8941532258064516,23.0,Gymnadenia.nigra,0.6376148613707784,opth,1,False,mlp1,bce,msle
829,0.8445945945945945,0.09597770860737971,0.0,1.0,0.9946236559139785,0.9973045822102425,6.0,Murbeckiella.pinnatifida,0.0,opth,1,False,mlp1,bce,msle
830,0.912320143884892,0.08672485425551846,0.5,0.9559352517985612,0.9981220657276996,0.9765732659623335,4.0,Silene.conica,0.4559352517985613,opth,1,False,mlp1,bce,msle
