,auc,prauc,sensitivity,specificity,precision,f1,support,species,tss,postprocess,fold,prr,archi,species_loss,func_loss
0,0.7524375870566806,0.032914156460869204,0.5882352941176471,0.7258652094717668,0.9912935323383084,0.8380651945320715,17.0,Aceras.anthropophorum,0.314100503589414,opth,4,False,mlp1,bce,msle
1,0.8279000728168935,0.1848198837636171,0.696969696969697,0.8049907578558225,0.9886492622020431,0.8874172185430463,33.0,Achillea.collina,0.5019604548255194,opth,4,False,mlp1,bce,msle
2,0.7329636731098098,0.44132785107499684,0.8586956521739131,0.4791418355184744,0.9115646258503401,0.628125,276.0,Achillea.millefolium,0.33783748769238753,opth,4,False,mlp1,bce,msle
3,0.9243450767841013,0.07592232267498278,0.875,0.7560975609756098,0.9988066825775657,0.860668380462725,8.0,Achillea.nana,0.6310975609756098,opth,4,False,mlp1,bce,msle
4,0.9046215108932879,0.4221674693818733,0.9183673469387755,0.7195121951219512,0.9948119325551232,0.8350571584104518,49.0,Achillea.roseo.alba,0.6378795420607268,opth,4,False,mlp1,bce,msle
5,0.8980352303523035,0.059376226503230975,0.875,0.7859078590785907,0.9988518943742825,0.8796764408493428,8.0,Achnatherum.calamagrostis,0.6609078590785908,opth,4,False,mlp1,bce,msle
6,0.80843653250774,0.13434093739049155,0.803921568627451,0.6945488721804511,0.986648865153538,0.815223386651958,51.0,Acinos.alpinus,0.49847044080790215,opth,4,False,mlp1,bce,msle
7,0.8179082568807339,0.11189229869796495,0.76,0.7174311926605504,0.9923857868020305,0.832800851970181,25.0,Acinos.arvensis,0.47743119266055034,opth,4,False,mlp1,bce,msle
8,0.7497753818508536,0.012161028795079675,0.5,0.9317160826594789,0.9990366088631984,0.9642026964202697,2.0,Aconitum.lycoctonum,0.43171608265947903,opth,4,False,mlp1,bce,msle
9,0.8361462728551335,0.031662119623887194,0.1111111111111111,0.9484629294755877,0.9924314096499527,0.9699491447064262,9.0,Cacalia.leucophylla,0.059574040586698906,opth,4,False,mlp1,bce,msle
10,,-0.0,0.0,0.6869955156950672,1.0,0.8144603934077618,0.0,Aegopodium.podagraria,-0.3130044843049328,opth,4,False,mlp1,bce,msle
11,0.8790630063864264,0.2112735914454584,0.8717948717948718,0.7806691449814126,0.9940828402366864,0.8745445080687142,39.0,Agrimonia.eupatoria,0.6524640167762845,opth,4,False,mlp1,bce,msle
12,0.8757378067722894,0.21512349175279202,0.6428571428571429,0.8331780055917987,0.9834983498349835,0.9021190716448032,42.0,Agrostis.alpina,0.47603514844894157,opth,4,False,mlp1,bce,msle
13,0.7976417720512209,0.28061077776733373,0.8080808080808081,0.6811023622047244,0.9732770745428974,0.8013896931094383,99.0,Agrostis.capillaris,0.4891831702855325,opth,4,False,mlp1,bce,msle
14,0.906477093206951,0.33425215299226363,0.7833333333333333,0.8530805687203792,0.9857612267250822,0.9146341463414634,60.0,Agrostis.rupestris,0.6364139020537125,opth,4,False,mlp1,bce,msle
15,0.742560865644725,0.17646184880776097,0.6666666666666666,0.7096483318304779,0.9974651457541192,0.8292939936775553,6.0,Agrostis.agrostiflora,0.37631499849714456,opth,4,False,mlp1,bce,msle
16,0.7510747129564128,0.17789076000590312,0.7058823529411765,0.6382978723404256,0.9857142857142858,0.7748455923638405,34.0,Agrostis.stolonifera,0.34418022528160197,opth,4,False,mlp1,bce,msle
17,0.833634719710669,0.1250617451185266,0.3333333333333333,0.9168173598553345,0.9941176470588236,0.9539040451552211,9.0,Ajuga.chamaepitys,0.2501506931886679,opth,4,False,mlp1,bce,msle
18,0.7339366515837104,0.028764739645892094,0.5,0.7457013574660634,0.9939686369119421,0.8521199586349535,10.0,Ajuga.genevensis,0.24570135746606336,opth,4,False,mlp1,bce,msle
19,0.8163963963963964,0.02075544209778773,0.6,0.8189189189189189,0.9978046103183315,0.8995546759030183,5.0,Ajuga.pyramidalis,0.41891891891891886,opth,4,False,mlp1,bce,msle
20,0.8667614533965244,0.25334867697227187,0.8166666666666667,0.7895734597156399,0.9869668246445498,0.8773038441284887,60.0,Ajuga.reptans,0.6062401263823065,opth,4,False,mlp1,bce,msle
21,0.8928969581143493,0.16540227276955533,0.9565217391304348,0.6181318681318682,0.9985207100591716,0.7635746606334841,23.0,Alchemilla.alpina,0.574653607262303,opth,4,False,mlp1,bce,msle
22,0.7964978171545969,0.21573639061874422,0.7627118644067796,0.6950757575757576,0.9812834224598931,0.8137472283813747,59.0,Alchemilla.xanthochlora,0.4577876219825372,opth,4,False,mlp1,bce,msle
23,0.8987880350696236,0.032447682960407266,1.0,0.7373646209386282,1.0,0.8488311688311688,7.0,Allium.lusitanicum,0.7373646209386282,opth,4,False,mlp1,bce,msle
24,0.7090744400527009,0.025068077661689406,0.7272727272727273,0.6521739130434783,0.995850622406639,0.7881773399014779,11.0,Allium.oleraceum,0.37944664031620556,opth,4,False,mlp1,bce,msle
25,0.7073785517873511,0.07771912079155192,0.5833333333333334,0.8139321723189734,0.9888641425389755,0.8929110105580694,24.0,Allium.schoenoprasum,0.39726550565230667,opth,4,False,mlp1,bce,msle
26,0.9646714671467147,0.11169882222800624,1.0,0.8073807380738074,1.0,0.8934262948207171,4.0,Allium.scorodoprasum,0.8073807380738074,opth,4,False,mlp1,bce,msle
27,0.8473881191272495,0.20372857172131276,0.6086956521739131,0.8836996336996337,0.9907597535934292,0.9341723136495643,23.0,Allium.sphaerocephalon,0.49239528587354675,opth,4,False,mlp1,bce,msle
28,0.7512893243940176,0.016501709840769513,0.8571428571428571,0.5676895306859205,0.9984126984126984,0.7238204833141542,7.0,Allium.vineale,0.42483238782877764,opth,4,False,mlp1,bce,msle
29,0.8773712737127372,0.3938442844068577,0.75,0.8699186991869918,0.9979274611398964,0.9295366795366795,8.0,Alopecurus.pratensis,0.6199186991869918,opth,4,False,mlp1,bce,msle
30,0.7957762052189297,0.17712529949345715,0.6666666666666666,0.7359022556390977,0.97875,0.8401287553648069,51.0,Alyssum.alyssoides,0.40256892230576424,opth,4,False,mlp1,bce,msle
31,0.8119127249562033,0.05675929959121516,0.6956521739130435,0.7554945054945055,0.9915865384615384,0.8575883575883576,23.0,Anacamptis.pyramidalis,0.45114667940754893,opth,4,False,mlp1,bce,msle
32,0.8835638998682477,0.1566830295951764,0.5454545454545454,0.8396739130434783,0.9946351931330472,0.9106090373280943,11.0,Androsace.obtusifolia,0.3851284584980237,opth,4,False,mlp1,bce,msle
33,0.8533213104899308,0.039003543492673924,0.6666666666666666,0.8629395852119026,0.9979144942648592,0.925531914893617,6.0,Angelica.sylvestris,0.5296062518785694,opth,4,False,mlp1,bce,msle
34,0.9058701618775555,0.20439010040366917,0.8181818181818182,0.8576709796672828,0.9935760171306209,0.9206349206349206,33.0,Antennaria.carpatica,0.6758527978491009,opth,4,False,mlp1,bce,msle
35,0.8743428624755032,0.23573808286817174,0.7540983606557377,0.8130929791271347,0.9827981651376146,0.8899273104880582,61.0,Antennaria.dioica,0.5671913397828723,opth,4,False,mlp1,bce,msle
36,0.7653429602888087,0.015344864191752907,0.14285714285714285,0.8971119133574007,0.994,0.9430740037950665,7.0,Anthemis.arvensis,0.03996905621454361,opth,4,False,mlp1,bce,msle
37,0.8414173466304018,0.054210136306675163,0.5,0.8268359020852222,0.9934640522875817,0.9025235032162295,12.0,Anthericum.liliago,0.32683590208522206,opth,4,False,mlp1,bce,msle
38,0.6511179086602641,0.4334024227739806,0.6795252225519288,0.5411311053984575,0.7958412098298677,0.6442234123947972,337.0,Anthoxanthum.odoratum,0.22065632795038637,opth,4,False,mlp1,bce,msle
39,0.8277931671283472,0.13385026210850673,0.71875,0.7774699907663897,0.9894242068155111,0.8707342295760083,32.0,Anthriscus.sylvestris,0.4962199907663898,opth,4,False,mlp1,bce,msle
40,0.6973666775083421,0.29545982665040005,0.576271186440678,0.6652452025586354,0.8927038626609443,0.7623701893708003,177.0,Anthyllis.vulneraria,0.2415163889993135,opth,4,False,mlp1,bce,msle
41,0.7902790279027903,0.010638218229459106,0.75,0.6525652565256526,0.9986225895316805,0.789330430048993,4.0,Aphanes.arvensis,0.40256525652565256,opth,4,False,mlp1,bce,msle
42,0.9779874213836478,0.06036036036036036,1.0,0.6477987421383647,1.0,0.7862595419847328,2.0,Aquilegia.vulgaris,0.6477987421383649,opth,4,False,mlp1,bce,msle
43,0.8647779787020293,0.16560589386922023,0.8888888888888888,0.713381555153707,0.9987341772151899,0.8322784810126582,9.0,Arabidopsis.thaliana,0.6022704440425959,opth,4,False,mlp1,bce,msle
44,0.8542002638909251,0.1285640551357775,0.7105263157894737,0.8152274837511606,0.9876265466816648,0.8931841302136317,38.0,Arabis.ciliata,0.5257537995406343,opth,4,False,mlp1,bce,msle
45,0.7680055136501129,0.1194012509721311,0.7346938775510204,0.6979362101313321,0.9828269484808454,0.816236972024136,49.0,Arabis.hirsuta,0.43263008768235256,opth,4,False,mlp1,bce,msle
46,0.8030246305418719,0.27559167866859835,0.71,0.7024630541871921,0.9609164420485176,0.8116107000569152,100.0,Arenaria.serpyllifolia,0.4124630541871921,opth,4,False,mlp1,bce,msle
47,0.8729016786570742,0.04028147259881908,0.6666666666666666,0.9073741007194245,0.999009900990099,0.9509896324222432,3.0,Armeria.arenaria,0.5740407673860912,opth,4,False,mlp1,bce,msle
48,0.8792823338277884,0.22981775822737321,0.7692307692307693,0.8402203856749312,0.993485342019544,0.9104477611940298,26.0,Arnica.montana,0.6094511549057005,opth,4,False,mlp1,bce,msle
49,0.8404927605791537,0.4559863441183091,0.8465608465608465,0.7062634989200864,0.9575402635431918,0.8129272840273462,189.0,Arrhenatherum.elatius,0.552824345480933,opth,4,False,mlp1,bce,msle
50,0.8162082926148262,0.15189896059027794,0.38461538461538464,0.9192377495462795,0.9921645445641528,0.9543099387658973,13.0,Artemisia.absinthium,0.30385313416166415,opth,4,False,mlp1,bce,msle
51,0.8714219759926131,0.32434961078874963,0.6875,0.8393351800554016,0.9891186071817193,0.9080919080919081,32.0,Artemisia.campestris,0.5268351800554016,opth,4,False,mlp1,bce,msle
52,0.6296129612961296,0.007008949015331048,0.25,0.8658865886588659,0.9968911917098445,0.9267822736030829,4.0,Artemisia.vulgaris,0.11588658865886581,opth,4,False,mlp1,bce,msle
53,0.7850070400145343,0.13016051894564992,0.5853658536585366,0.7569832402234636,0.9795180722891567,0.8539915966386554,41.0,Asperula.cynanchica,0.3423490938820002,opth,4,False,mlp1,bce,msle
54,0.9182532487156241,0.13261036851986588,0.8333333333333334,0.8159564823209429,0.9977827050997783,0.8977556109725686,12.0,Asphodelus.albus,0.6492898156542761,opth,4,False,mlp1,bce,msle
55,0.8813343519225871,0.27823212044223294,0.6136363636363636,0.869281045751634,0.9820675105485233,0.9222387320455672,44.0,Aster.alpinus,0.48291740938799776,opth,4,False,mlp1,bce,msle
56,0.9078800769776157,0.20899273680658695,0.8333333333333334,0.8304466727438469,0.9967177242888403,0.9060169070114371,18.0,Aster.bellidiastrum,0.6637800060771801,opth,4,False,mlp1,bce,msle
57,0.7668766876687669,0.011076312437165444,1.0,0.5958595859585959,1.0,0.7467569091934574,4.0,Aster.linosyris,0.5958595859585958,opth,4,False,mlp1,bce,msle
58,0.8640707118967987,0.16839437230282098,0.34782608695652173,0.9221611721611722,0.9853228962818004,0.9526963103122044,23.0,Astragalus.alpinus,0.26998725911769395,opth,4,False,mlp1,bce,msle
59,0.8548604860486049,0.020630188713671185,1.0,0.5238523852385238,1.0,0.6875369167158889,4.0,Astragalus.depressus,0.523852385238524,opth,4,False,mlp1,bce,msle
60,0.8433415032679739,0.11429880074167097,0.8148148148148148,0.84375,0.9945828819068255,0.9129786176031826,27.0,Astragalus.monspessulanus,0.6585648148148149,opth,4,False,mlp1,bce,msle
61,0.9286666666666666,0.23900960206090635,0.6,0.8918181818181818,0.993920972644377,0.9401054144705319,15.0,Astragalus.onobrychis,0.4918181818181817,opth,4,False,mlp1,bce,msle
62,0.880095923261391,0.01927835461670048,1.0,0.7535971223021583,1.0,0.8594871794871795,3.0,Astragalus.penduliflorus,0.7535971223021583,opth,4,False,mlp1,bce,msle
63,0.857855776428512,0.19900955379414398,0.8181818181818182,0.7310155535224153,0.9950186799501868,0.8428270042194093,22.0,Astrantia.major,0.5491973717042336,opth,4,False,mlp1,bce,msle
64,0.930990990990991,0.065557984742368,0.6,0.8981981981981982,0.997997997997998,0.9454717875770507,5.0,Astrantia.minor,0.4981981981981982,opth,4,False,mlp1,bce,msle
65,0.7975046860356139,0.11178646108864779,0.5833333333333334,0.7891283973758201,0.9767981438515081,0.8729911871435977,48.0,Deschampsia.flexuosa,0.37246173070915356,opth,4,False,mlp1,bce,msle
66,0.8698420221169036,0.31990979158596466,0.7,0.8066350710900474,0.9792865362485615,0.8846153846153846,60.0,Bartsia.alpina,0.5066350710900474,opth,4,False,mlp1,bce,msle
67,0.9206471494607089,0.38316311597256003,0.8983050847457628,0.8039772727272727,0.9929824561403509,0.8885400313971743,59.0,Bellis.perennis,0.7022823574730355,opth,4,False,mlp1,bce,msle
68,0.7003981994459834,0.0727144638446575,0.625,0.7072945521698984,0.9845758354755784,0.8232133261687264,32.0,Biscutella.laevigata,0.33229455216989834,opth,4,False,mlp1,bce,msle
69,0.8644422727907302,0.06873917460125425,0.6153846153846154,0.8185117967332124,0.9944873208379272,0.8979591836734694,13.0,Blackstonia.perfoliata,0.4338964121178277,opth,4,False,mlp1,bce,msle
70,0.8987127371273713,0.18075970414174564,0.75,0.8672086720867209,0.997920997920998,0.9279845335911068,8.0,Blysmus.compressus,0.6172086720867209,opth,4,False,mlp1,bce,msle
71,0.9046614426361262,0.048320224582133586,0.7777777777777778,0.8752260397830018,0.9979381443298969,0.9325626204238922,9.0,Bothriochloa.ischaemum,0.6530038175607795,opth,4,False,mlp1,bce,msle
72,0.8290740084088952,0.186403435884264,0.5657894736842105,0.8296438883541867,0.9631284916201117,0.8914167528438469,76.0,Botrychium.lunaria,0.3954333620383972,opth,4,False,mlp1,bce,msle
73,0.46046720575022465,0.002422722064085996,0.0,0.6325247079964061,0.9971671388101983,0.7740516767454645,2.0,Brachypodium.sylvaticum,-0.36747529200359386,opth,4,False,mlp1,bce,msle
74,0.7351895734597156,0.33892553553568777,0.7582938388625592,0.5851769911504425,0.9120689655172414,0.7129380053908356,211.0,Briza.media,0.3434708300130018,opth,4,False,mlp1,bce,msle
75,0.8943199657485371,0.7886751838577408,0.8438228438228438,0.8061224489795918,0.8919354838709678,0.8468606431852986,429.0,Bromus.erectus,0.6499452928024356,opth,4,False,mlp1,bce,msle
76,0.8650166923472008,0.23188576251796808,0.8305084745762712,0.7490530303030303,0.9875156054931336,0.8519116855142703,59.0,Bromus.hordeaceus,0.5795615048793015,opth,4,False,mlp1,bce,msle
77,0.9165166516651665,0.06205860687813636,1.0,0.7416741674167416,1.0,0.8516795865633074,4.0,Bromus.squarrosus,0.7416741674167415,opth,4,False,mlp1,bce,msle
78,0.6883925858401702,0.02536128049409996,0.6111111111111112,0.6536007292616226,0.9903314917127072,0.7874794069192751,18.0,Bromus.sterilis,0.26471184037273376,opth,4,False,mlp1,bce,msle
79,0.7676923076923077,0.13640435179662486,0.4,0.8714932126696833,0.9938080495356038,0.9286403085824494,10.0,Bromus.tectorum,0.2714932126696832,opth,4,False,mlp1,bce,msle
80,0.8093525179856115,0.018994772284245967,0.6666666666666666,0.6384892086330936,0.9985935302390999,0.7789358200767965,3.0,Bunias.orientalis,0.3051558752997603,opth,4,False,mlp1,bce,msle
81,0.8730265745266589,0.3170174805216947,0.8676470588235294,0.7029608404966571,0.9879194630872483,0.8214285714285714,68.0,Bunium.bulbocastanum,0.5706078993201866,opth,4,False,mlp1,bce,msle
82,0.7901019126064498,0.037890478979406866,1.0,0.35208711433756806,1.0,0.5208053691275167,13.0,Buphthalmum.salicifolium,0.3520871143375681,opth,4,False,mlp1,bce,msle
83,0.8416501976284585,0.09024018800266133,0.7272727272727273,0.822463768115942,0.9967069154774972,0.9012406947890819,11.0,Bupleurum.falcatum,0.5497364953886694,opth,4,False,mlp1,bce,msle
84,0.8254698383493232,0.09437209594689533,0.5357142857142857,0.8417663293468262,0.9859913793103449,0.9081885856079405,28.0,Bupleurum.ranunculoides,0.37748061506111186,opth,4,False,mlp1,bce,msle
85,0.8806509945750451,0.0849742845073199,0.7777777777777778,0.8173598553345389,0.9977924944812362,0.8986083499005965,9.0,Calamagrostis.varia,0.5951376331123166,opth,4,False,mlp1,bce,msle
86,0.75689448441247,0.02014315422933694,0.6666666666666666,0.4091726618705036,0.9978070175438597,0.5803571428571429,3.0,Calluna.vulgaris,0.07583932853717013,opth,4,False,mlp1,bce,msle
87,0.9262506446621971,0.36098749246876355,0.7142857142857143,0.9458483754512635,0.9980952380952381,0.9712696941612604,7.0,Calystegia.sepium,0.6601340897369778,opth,4,False,mlp1,bce,msle
88,0.804925959504382,0.20395281360339199,0.8333333333333334,0.7769718948322756,0.9976717112922002,0.873598369011213,12.0,Campanula.barbata,0.610305228165609,opth,4,False,mlp1,bce,msle
89,0.8531785243741765,0.03912567080788359,0.8181818181818182,0.7409420289855072,0.9975609756097561,0.8503118503118503,11.0,Campanula.cochleariifolia,0.5591238471673254,opth,4,False,mlp1,bce,msle
90,0.8490947611710323,0.21777076718333035,0.8813559322033898,0.6714015151515151,0.9902234636871509,0.8002257336343115,59.0,Campanula.glomerata,0.5527574473549048,opth,4,False,mlp1,bce,msle
91,0.7662246333132409,0.018700170203217945,0.2222222222222222,0.8905967450271248,0.9929435483870968,0.9389895138226882,9.0,Campanula.rapunculoides,0.11281896724934715,opth,4,False,mlp1,bce,msle
92,0.8279279279279279,0.02367761138239235,0.6,0.8522522522522522,0.9978902953586498,0.9193391642371235,5.0,Campanula.rapunculus,0.4522522522522521,opth,4,False,mlp1,bce,msle
93,0.8410350561175004,0.3800527809942558,0.7857142857142857,0.7749757516973812,0.97796817625459,0.8647186147186147,84.0,Campanula.rhomboidalis,0.5606900374116668,opth,4,False,mlp1,bce,msle
94,0.6687560993919375,0.15761530623710546,0.7532467532467533,0.5144508670520231,0.9656419529837251,0.6712759270898806,77.0,Campanula.rotundifolia,0.2676976202987764,opth,4,False,mlp1,bce,msle
95,0.8920358210795647,0.4543963285574014,0.7121212121212122,0.8514750762970499,0.9565714285714285,0.9009687836383208,132.0,Campanula.scheuchzeri,0.5635962884182621,opth,4,False,mlp1,bce,msle
96,0.8196396396396397,0.024181129812767994,0.8,0.8054054054054054,0.9988826815642458,0.8917705735660848,5.0,Campanula.thyrsoides,0.6054054054054054,opth,4,False,mlp1,bce,msle
97,0.677547770700637,0.025738320429532564,0.6875,0.5750682438580528,0.9921507064364207,0.728110599078341,16.0,Capsella.bursa.pastoris,0.2625682438580528,opth,4,False,mlp1,bce,msle
98,0.9633533435711295,0.38224758618459403,0.7692307692307693,0.9591651542649727,0.9971698113207547,0.9777983348751156,13.0,Cardamine.pratensis,0.728395923495742,opth,4,False,mlp1,bce,msle
99,0.8123118878560619,0.3419114737166238,0.7603305785123967,0.7193158953722334,0.9610215053763441,0.8227848101265823,121.0,Carduus.defloratus,0.47964647388463,opth,4,False,mlp1,bce,msle
100,0.8165013525698828,0.19000520224389947,0.6666666666666666,0.6898106402164111,0.9973924380704041,0.8155650319829424,6.0,Carduus.nutans,0.35647730688307777,opth,4,False,mlp1,bce,msle
101,0.8375451263537906,0.026032978234935496,0.5714285714285714,0.8077617328519856,0.9966592427616926,0.8923230309072782,7.0,Carex.atrata,0.3791903042805571,opth,4,False,mlp1,bce,msle
102,0.9229035166816952,0.32573250258586944,0.6666666666666666,0.8656447249774571,0.997920997920998,0.9270883631096088,6.0,Carex.capillaris,0.5323113916441238,opth,4,False,mlp1,bce,msle
103,0.7065498765878032,0.1851407930137054,0.3673469387755102,0.8141592920353983,0.9303370786516854,0.8683796539066597,98.0,Carex.caryophyllea,0.18150623081090855,opth,4,False,mlp1,bce,msle
104,0.9207577767949284,0.293257511601005,0.9803921568627451,0.7810150375939849,0.9987980769230769,0.8765822784810127,51.0,Carex.curvula,0.76140719445673,opth,4,False,mlp1,bce,msle
105,0.6369692863595302,0.01698238838430571,0.375,0.8066847335140018,0.9944320712694877,0.8907730673316708,8.0,Carex.davalliana,0.18168473351400172,opth,4,False,mlp1,bce,msle
106,0.869036903690369,0.01706487612961991,0.75,0.7866786678667866,0.9988571428571429,0.8801611278952669,4.0,Carex.distans,0.5366786678667865,opth,4,False,mlp1,bce,msle
107,0.8636728953184649,0.06214731254731345,0.7777777777777778,0.7730560578661845,0.9976662777129521,0.8711156393275599,9.0,Carex.divulsa,0.5508338356439624,opth,4,False,mlp1,bce,msle
108,0.7287170263788969,0.008143028964452896,0.3333333333333333,0.7598920863309353,0.9976387249114522,0.8626850433894845,3.0,Carex.ericetorum,0.09322541966426856,opth,4,False,mlp1,bce,msle
109,0.9712488769092542,0.04351851851851852,1.0,0.6846361185983828,1.0,0.8128,2.0,Carex.ferruginea,0.6846361185983829,opth,4,False,mlp1,bce,msle
110,0.7534632948309605,0.20087553389009824,0.5728155339805825,0.7381422924901185,0.9443742098609356,0.8286189683860233,103.0,Carex.flacca,0.3109578264707009,opth,4,False,mlp1,bce,msle
111,0.8730299314166325,0.16799629462815807,0.7317073170731707,0.8333333333333334,0.9878587196467992,0.9040404040404041,41.0,Carex.halleriana,0.565040650406504,opth,4,False,mlp1,bce,msle
112,0.8828673999388941,0.24948464758839814,0.875,0.7369385884509624,0.9962825278810409,0.8472075869336143,24.0,Carex.hirta,0.6119385884509625,opth,4,False,mlp1,bce,msle
113,0.8211602043883378,0.027955191918476046,0.8333333333333334,0.6357078449053201,0.9985835694050992,0.7768595041322314,6.0,Carex.hostiana,0.46904117823865343,opth,4,False,mlp1,bce,msle
114,0.8760445682451254,0.1729605161407288,0.5789473684210527,0.8895078922934077,0.9835728952772074,0.9341784495368113,38.0,Carex.humilis,0.4684552607144603,opth,4,False,mlp1,bce,msle
115,0.8940182648401827,0.2683905986801185,0.5,0.897716894977169,0.9899295065458208,0.9415708812260536,20.0,Carex.liparocarpos,0.397716894977169,opth,4,False,mlp1,bce,msle
116,0.7305665349143611,0.06686521095242513,0.7272727272727273,0.5815217391304348,0.9953488372093023,0.7341337907375644,11.0,Carex.montana,0.3087944664031621,opth,4,False,mlp1,bce,msle
117,0.8184018264840183,0.05502951301187671,0.75,0.7251141552511415,0.9937421777221527,0.8384371700105596,20.0,Carex.spicata,0.47511415525114153,opth,4,False,mlp1,bce,msle
118,0.7610288262462176,0.08849675914419117,0.391304347826087,0.9377289377289377,0.9865125240847784,0.9615023474178404,23.0,Carex.nigra,0.32903328555502465,opth,4,False,mlp1,bce,msle
119,0.8291779993955879,0.09714139804269384,0.8333333333333334,0.7506799637352675,0.9975903614457832,0.8566994309363684,12.0,Carex.ornithopoda,0.584013297068601,opth,4,False,mlp1,bce,msle
120,0.8958333333333333,0.16991619846115402,0.7272727272727273,0.8577898550724637,0.9968421052631579,0.9221032132424537,11.0,Carex.pallescens,0.5850625823451909,opth,4,False,mlp1,bce,msle
121,0.7369892473118279,0.12464727001353901,0.6333333333333333,0.744700460829493,0.9865689865689866,0.8487394957983193,30.0,Carex.panicea,0.37803379416282645,opth,4,False,mlp1,bce,msle
122,0.9012567324955116,0.009009009009009009,1.0,0.7926391382405745,1.0,0.8843264897346019,1.0,Carex.rupestris,0.7926391382405744,opth,4,False,mlp1,bce,msle
123,0.8595221517827696,0.42549278254926814,0.8908045977011494,0.722635494155154,0.9728183118741058,0.8292682926829268,174.0,Carex.sempervirens,0.6134400918563034,opth,4,False,mlp1,bce,msle
124,0.8564705882352941,0.07332100900356466,0.9,0.6904977375565611,0.9986910994764397,0.8164794007490637,10.0,Carex.tomentosa,0.5904977375565612,opth,4,False,mlp1,bce,msle
125,0.8322490842490843,0.4297053462849532,0.7785714285714286,0.7394871794871795,0.9587765957446809,0.834973943254198,140.0,Carlina.acaulis,0.518058608058608,opth,4,False,mlp1,bce,msle
126,0.8289538744084198,0.11578813026661935,0.5769230769230769,0.8659320477502296,0.9884696016771488,0.9231522271169849,26.0,Carlina.vulgaris,0.44285512467330657,opth,4,False,mlp1,bce,msle
127,0.845565544076211,0.30880379348114684,0.8620689655172413,0.7237354085603113,0.9841269841269841,0.8340807174887892,87.0,Carum.carvi,0.5858043740775525,opth,4,False,mlp1,bce,msle
128,0.7677268748176247,0.288046397162433,0.9664429530201343,0.43788819875776397,0.9883177570093458,0.6068866571018652,149.0,Centaurea.jacea,0.40433115177789825,opth,4,False,mlp1,bce,msle
129,0.8056406159854436,0.20196717618116286,0.6904761904761905,0.8322460391425909,0.9856512141280354,0.9024759979787772,42.0,Centaurea.montana,0.5227222296187812,opth,4,False,mlp1,bce,msle
130,0.8501757126122608,0.3914179906013496,0.823076923076923,0.7187817258883249,0.9685362517099864,0.8251748251748252,130.0,Centaurea.scabiosa,0.5418586489652479,opth,4,False,mlp1,bce,msle
131,0.8395733875063485,0.5284554612896136,0.7272727272727273,0.776536312849162,0.9205298013245033,0.8424242424242424,220.0,Cerastium.arvense,0.5038090401218893,opth,4,False,mlp1,bce,msle
132,0.8362608932461874,0.11135518034634052,0.6296296296296297,0.8253676470588235,0.9889867841409692,0.8997995991983968,27.0,Cerastium.brachypetalum,0.45499727668845313,opth,4,False,mlp1,bce,msle
133,0.819925879332914,0.2981253081101916,0.8220338983050848,0.6730190571715146,0.9696531791907514,0.7945529899348727,118.0,Cerastium.fontanum,0.49505295547659944,opth,4,False,mlp1,bce,msle
134,0.9290642201834862,0.5303062313688955,0.84,0.8678899082568807,0.9957894736842106,0.9274509803921569,25.0,Cerastium.glomeratum,0.7078899082568806,opth,4,False,mlp1,bce,msle
135,0.8454308757223598,0.15174784843839742,0.8620689655172413,0.7771639042357275,0.9952830188679245,0.8728024819027922,29.0,Cerastium.pumilum,0.6392328697529688,opth,4,False,mlp1,bce,msle
136,0.8053717399766446,0.1788989188217714,0.5714285714285714,0.7629427792915532,0.9929078014184397,0.8628659476117103,14.0,Cerastium.semidecandrum,0.33437135072012447,opth,4,False,mlp1,bce,msle
137,0.824977416440831,0.0591990125583049,0.75,0.8075880758807588,0.9977678571428571,0.8926610084872691,8.0,Chaerophyllum.aureum,0.5575880758807588,opth,4,False,mlp1,bce,msle
138,0.941365349713807,0.1527322020900796,1.0,0.676950998185118,1.0,0.8073593073593074,13.0,Chaerophyllum.hirsutum,0.6769509981851178,opth,4,False,mlp1,bce,msle
139,0.8982072318444242,0.21031288326022488,0.7222222222222222,0.902461257976299,0.9949748743718593,0.9464627151051626,18.0,Chaerophyllum.villarsii,0.624683480198521,opth,4,False,mlp1,bce,msle
140,0.9052655265526552,0.04847744685321507,0.75,0.8415841584158416,0.9989316239316239,0.9135319980459209,4.0,Chenopodium.album,0.5915841584158414,opth,4,False,mlp1,bce,msle
141,0.7542308854638864,0.032221294442070565,0.6666666666666666,0.7171350861287398,0.9949685534591195,0.8335089567966281,12.0,Chondrilla.juncea,0.3838017527954065,opth,4,False,mlp1,bce,msle
142,0.7365910263022177,0.01343334425304422,1.0,0.5216606498194946,1.0,0.6856465005931198,7.0,Cichorium.intybus,0.5216606498194944,opth,4,False,mlp1,bce,msle
143,0.6791661907481439,0.18717194623252212,0.43529411764705883,0.8116504854368932,0.9457013574660633,0.8735632183908046,85.0,Cirsium.acaule,0.24694460308395216,opth,4,False,mlp1,bce,msle
144,0.7429159519725557,0.0951415088472855,0.7636363636363637,0.6518867924528302,0.9815340909090909,0.7834467120181405,55.0,Cirsium.arvense,0.4155231560891939,opth,4,False,mlp1,bce,msle
145,0.8622364953886692,0.056647370255287016,0.5454545454545454,0.8541666666666666,0.9947257383966245,0.919103313840156,11.0,Cirsium.eriophorum,0.39962121212121193,opth,4,False,mlp1,bce,msle
146,0.914937417654809,0.10569424254424882,0.5454545454545454,0.917572463768116,0.9950884086444007,0.9547596606974552,11.0,Cirsium.palustre,0.4630270092226614,opth,4,False,mlp1,bce,msle
147,0.8416806120009563,0.19357607649522315,0.6170212765957447,0.8445692883895131,0.9804347826086957,0.9074446680080482,47.0,Cirsium.spinosissimum,0.46159056498525786,opth,4,False,mlp1,bce,msle
148,0.6890299184043518,0.02179284787054008,0.75,0.4814143245693563,0.9943820224719101,0.6487477092241906,12.0,Cirsium.tuberosum,0.2314143245693563,opth,4,False,mlp1,bce,msle
149,0.7511044948136766,0.11825426654237395,0.42105263157894735,0.9133211678832117,0.9891304347826086,0.9497153700189753,19.0,Cirsium.vulgare,0.33437379946215895,opth,4,False,mlp1,bce,msle
150,0.720848484848485,0.033413180176981895,1.0,0.41454545454545455,1.0,0.5861182519280206,15.0,Clinopodium.vulgare,0.41454545454545455,opth,4,False,mlp1,bce,msle
151,0.817030303030303,0.06826226563814111,0.8,0.7445454545454545,0.9963503649635036,0.8522372528616025,15.0,Coeloglossum.viride,0.5445454545454544,opth,4,False,mlp1,bce,msle
152,0.8147477604903347,0.2937072777578453,0.7428571428571429,0.7455445544554455,0.9653846153846154,0.841340782122905,105.0,Colchicum.autumnale,0.4884016973125884,opth,4,False,mlp1,bce,msle
153,0.827868214035361,0.21637827712108992,0.8648648648648649,0.6733909702209414,0.9859353023909986,0.8002283105022832,74.0,Convolvulus.arvensis,0.5382558350858062,opth,4,False,mlp1,bce,msle
154,0.4779874213836478,0.0025021691576336018,0.5,0.3863432165318958,0.9976798143851509,0.5569948186528497,2.0,Conyza.canadensis,-0.11365678346810415,opth,4,False,mlp1,bce,msle
155,0.8598560671051377,0.15665080870090609,0.5128205128205128,0.912639405204461,0.981018981018981,0.9455946076071257,39.0,Coronilla.minima,0.42545991802497385,opth,4,False,mlp1,bce,msle
156,0.7818071925052885,0.028010696824457247,0.16666666666666666,0.8522212148685403,0.9894736842105263,0.9157330735509012,12.0,Crepis.aurea,0.01888788153520693,opth,4,False,mlp1,bce,msle
157,0.8830962093324047,0.26703420065248645,0.7719298245614035,0.8137996219281664,0.9851258581235698,0.8913043478260869,57.0,Crepis.biennis,0.5857294464895699,opth,4,False,mlp1,bce,msle
158,0.8973277074542897,0.113520079423291,0.7777777777777778,0.8399638336347197,0.9978517722878625,0.9121256750122729,9.0,Crepis.bocconi,0.6177416114124976,opth,4,False,mlp1,bce,msle
159,0.9104273300797524,0.26758233708925905,0.967741935483871,0.7472324723247232,0.998766954377312,0.8548812664907651,31.0,Crepis.conyzifolia,0.7149744078085942,opth,4,False,mlp1,bce,msle
160,0.8712749615975423,0.1698528807069657,0.5666666666666667,0.8811059907834101,0.9865841073271414,0.9308666017526777,30.0,Crepis.foetida,0.44777265745007666,opth,4,False,mlp1,bce,msle
161,0.7872531418312387,0.004201680672268907,0.0,0.9138240574506283,0.9990186457311089,0.9545241443975622,1.0,Crepis.mollis,-0.08617594254937166,opth,4,False,mlp1,bce,msle
162,0.8762978052306478,0.29069433324989347,0.7857142857142857,0.8537258509659613,0.9935760171306209,0.9183572488866898,28.0,Crepis.pyrenaica,0.6394401366802471,opth,4,False,mlp1,bce,msle
163,0.8165590883735756,0.1576948032996418,0.6382978723404256,0.8220973782771536,0.9810055865921787,0.8945491594498217,47.0,Crepis.vesicaria,0.46039525061757924,opth,4,False,mlp1,bce,msle
164,0.9591194968553459,0.03123486682808717,1.0,0.7762803234501348,1.0,0.874051593323217,2.0,Cruciata.glabra,0.7762803234501348,opth,4,False,mlp1,bce,msle
165,0.8345554537121906,0.16091332232978436,0.6666666666666666,0.7332722273143905,0.9900990099009901,0.842548709847288,24.0,Cruciata.laevipes,0.3999388939810571,opth,4,False,mlp1,bce,msle
166,0.7034358047016275,0.025616223020953885,1.0,0.3435804701627486,1.0,0.5114401076716016,9.0,Cruciata.pedemontana,0.3435804701627485,opth,4,False,mlp1,bce,msle
167,0.8186318631863188,0.011932215188242803,1.0,0.6525652565256526,1.0,0.789760348583878,4.0,Cuscuta.epithymum,0.6525652565256526,opth,4,False,mlp1,bce,msle
168,0.8673801898983089,0.26958602304322604,0.8235294117647058,0.7411652340019103,0.9847715736040609,0.8457765667574932,68.0,Cynosurus.cristatus,0.564694645766616,opth,4,False,mlp1,bce,msle
169,0.8281104998626547,0.6407380709279461,0.8305084745762712,0.671484888304862,0.8949211908931699,0.7672672672672672,354.0,Dactylis.glomerata,0.5019933628811333,opth,4,False,mlp1,bce,msle
170,0.6067027351968741,0.008433580648699288,0.8333333333333334,0.5049594229035167,0.9982174688057041,0.6706586826347305,6.0,Dactylorhiza.maculata,0.33829275623685007,opth,4,False,mlp1,bce,msle
171,0.6155695822061917,0.09212121160986518,0.5,0.5843101893597836,0.9953917050691244,0.7363636363636363,6.0,Dactylorhiza.majalis,0.08431018935978374,opth,4,False,mlp1,bce,msle
172,0.6741674167416742,0.007014255914236311,0.5,0.7092709270927092,0.9974683544303797,0.8290373487638085,4.0,Danthonia.decumbens,0.20927092709270934,opth,4,False,mlp1,bce,msle
173,0.8407718367948152,0.25855125641431714,0.946236559139785,0.6526418786692759,0.9925595238095238,0.7874852420306966,93.0,Daucus.carota,0.598878437809061,opth,4,False,mlp1,bce,msle
174,0.8062961680517081,0.2444098122293665,0.78125,0.6869806094182825,0.9906790945406125,0.8113413304252999,32.0,Deschampsia.cespitosa,0.46823060941828265,opth,4,False,mlp1,bce,msle
175,0.7042613974526842,0.059424899919925306,0.5483870967741935,0.738929889298893,0.9828220858895705,0.8436018957345972,31.0,Dianthus.carthusianorum,0.2873169860730864,opth,4,False,mlp1,bce,msle
176,0.8037488708220415,0.03110257028642025,0.625,0.7786811201445348,0.9965317919075144,0.8742393509127789,8.0,Dianthus.deltoides,0.40368112014453494,opth,4,False,mlp1,bce,msle
177,0.8503246011809611,0.2222036117547081,0.5689655172413793,0.8807947019867549,0.9738493723849372,0.9249875807252856,58.0,Dianthus.sylvestris,0.44976021922813425,opth,4,False,mlp1,bce,msle
178,0.7895495495495495,0.012240460620758986,0.0,0.9513513513513514,0.9952874646559849,0.9728235836020267,5.0,Dipsacus.fullonum,-0.048648648648648596,opth,4,False,mlp1,bce,msle
179,0.879639794168096,0.22158367392603415,0.7272727272727273,0.8,0.9826187717265353,0.8819552782111284,55.0,Draba.aizoides,0.5272727272727273,opth,4,False,mlp1,bce,msle
180,0.7387791741472172,0.003424657534246575,0.0,0.8375224416517055,0.9989293361884368,0.9111328125,1.0,Draba.siliquosa,-0.16247755834829447,opth,4,False,mlp1,bce,msle
181,0.8564261825131391,0.1051229102017924,0.6956521739130435,0.8333333333333334,0.9923664122137404,0.9059233449477352,23.0,Dryas.octopetala,0.5289855072463769,opth,4,False,mlp1,bce,msle
182,0.9200359389038635,0.17228464419475653,0.5,0.894878706199461,0.9989969909729187,0.9440758293838862,2.0,Dryopteris.filix.mas,0.39487870619946097,opth,4,False,mlp1,bce,msle
183,0.808068783068783,0.1907080040805416,0.8285714285714286,0.65,0.9915254237288136,0.785234899328859,35.0,Echium.vulgare,0.47857142857142865,opth,4,False,mlp1,bce,msle
184,0.7739814337287261,0.05420156934150061,0.8571428571428571,0.6353790613718412,0.9985815602836879,0.7766133480419195,7.0,Epilobium.angustifolium,0.4925219185146983,opth,4,False,mlp1,bce,msle
185,,-0.0,0.0,0.7739910313901345,1.0,0.8725985844287159,0.0,Epipactis.palustris,-0.22600896860986552,opth,4,False,mlp1,bce,msle
186,0.7754988352071306,0.0737774621532638,0.8333333333333334,0.5888787602552416,0.9953775038520801,0.7399770904925544,18.0,Equisetum.arvense,0.4222120935885749,opth,4,False,mlp1,bce,msle
187,0.7475113122171946,0.038520541599014906,0.5,0.7638009049773755,0.9941107184923439,0.8638689866939611,10.0,Equisetum.palustre,0.2638009049773755,opth,4,False,mlp1,bce,msle
188,0.9618149146451033,0.03347171769590036,0.0,0.9658580413297394,0.9981429897864438,0.9817351598173516,2.0,Equisetum.telmateia,-0.0341419586702606,opth,4,False,mlp1,bce,msle
189,0.790650406504065,0.020419512679069007,0.625,0.8274616079494128,0.9967355821545157,0.9042448173741362,8.0,Erigeron.acer,0.4524616079494128,opth,4,False,mlp1,bce,msle
190,0.832295315946542,0.11178705757868022,0.5714285714285714,0.8437783832879201,0.9935828877005347,0.912573673870334,14.0,Erigeron.alpinus,0.4152069547164916,opth,4,False,mlp1,bce,msle
191,0.8572735590118938,0.09503138039435403,0.7272727272727273,0.8014638609332113,0.9931972789115646,0.8870886075949367,22.0,Erigeron.annuus,0.5287365882059385,opth,4,False,mlp1,bce,msle
192,0.8635159817351599,0.07432009974728429,0.45,0.9059360730593607,0.9890329012961117,0.9456625357483317,20.0,Erigeron.glabratus,0.3559360730593608,opth,4,False,mlp1,bce,msle
193,0.7221621621621621,0.021196183362149245,0.4,0.763063063063063,0.9964705882352941,0.8642857142857143,5.0,Erigeron.neglectus,0.16306306306306295,opth,4,False,mlp1,bce,msle
194,0.9018153563608109,0.18765114711207195,0.8846153846153846,0.7695133149678605,0.9964328180737217,0.8683937823834197,26.0,Erigeron.uniflorus,0.6541286995832452,opth,4,False,mlp1,bce,msle
195,0.7821719457013575,0.05051330802333658,0.6,0.7638009049773755,0.9952830188679245,0.8643113159242192,10.0,Erodium.cicutarium,0.3638009049773756,opth,4,False,mlp1,bce,msle
196,0.7984908335865493,0.04820658397927673,0.5555555555555556,0.8386508659981768,0.9913793103448276,0.908641975308642,18.0,Erophila.verna,0.3942064215537324,opth,4,False,mlp1,bce,msle
197,0.9118717948717949,0.39495558388408175,0.8133333333333334,0.8326923076923077,0.9840909090909091,0.9020833333333333,75.0,Eryngium.campestre,0.6460256410256411,opth,4,False,mlp1,bce,msle
198,0.816909090909091,0.10989805554642,0.6666666666666666,0.8472727272727273,0.9946638207043756,0.9150711831124202,15.0,Erysimum.rhaeticum,0.5139393939393939,opth,4,False,mlp1,bce,msle
199,0.7729223125564589,0.05047314058007194,0.5,0.9042457091237579,0.9960199004975124,0.9479166666666666,8.0,Erysimum.virgatum,0.4042457091237579,opth,4,False,mlp1,bce,msle
200,0.7709270927092708,0.01026825245169129,0.0,0.9720972097209721,0.996309963099631,0.9840546697038725,4.0,Eupatorium.cannabinum,-0.027902790279027867,opth,4,False,mlp1,bce,msle
201,0.7448816819298125,0.3894947320942792,0.6702127659574468,0.6591154261057174,0.9078751857355126,0.76375,188.0,Euphorbia.cyparissias,0.3293281920631643,opth,4,False,mlp1,bce,msle
202,,-0.0,0.0,0.8170403587443946,1.0,0.8993089832181639,0.0,Euphorbia.dulcis,-0.18295964125560538,opth,4,False,mlp1,bce,msle
203,0.6435643564356436,0.007207420562986165,0.0,0.9333933393339334,0.9961575408261287,0.9637546468401487,4.0,Euphorbia.helioscopia,-0.06660666066606657,opth,4,False,mlp1,bce,msle
204,0.9543579164517793,0.16553954706667898,0.8571428571428571,0.8962093862815884,0.9989939637826962,0.9448144624167459,7.0,Euphorbia.seguieriana,0.7533522434244455,opth,4,False,mlp1,bce,msle
205,0.7899342723004694,0.11911473442169213,0.88,0.5784037558685446,0.9903536977491961,0.7302904564315352,50.0,Euphorbia.brittingeri,0.45840375586854476,opth,4,False,mlp1,bce,msle
206,0.713996399639964,0.020143962487518728,0.25,0.8208820882088209,0.9967213114754099,0.9002961500493584,4.0,Euphrasia.alpina,0.0708820882088208,opth,4,False,mlp1,bce,msle
207,0.8974488630802857,0.3434937818444345,0.7586206896551724,0.8211920529801324,0.9841269841269841,0.8953068592057761,58.0,Euphrasia.minima,0.5798127426353048,opth,4,False,mlp1,bce,msle
208,0.8386789554531491,0.16875668789492565,0.6,0.8589861751152074,0.9872881355932204,0.9186791522917693,30.0,Euphrasia.salisburgensis,0.45898617511520734,opth,4,False,mlp1,bce,msle
209,0.686993699369937,0.007705608076145756,0.5,0.7614761476147615,0.9976415094339622,0.8637059724349158,4.0,Euphrasia.stricta,0.26147614761476135,opth,4,False,mlp1,bce,msle
210,0.8524959835859319,0.32167187842290096,0.8431372549019608,0.736426456071076,0.979002624671916,0.8405633802816901,102.0,Festuca.arundinacea,0.5795637109730367,opth,4,False,mlp1,bce,msle
211,0.8354908660796425,0.16318115593356963,0.5714285714285714,0.9172033118675254,0.9881070366699702,0.9513358778625954,28.0,Festuca.ovina,0.48863188329609675,opth,4,False,mlp1,bce,msle
212,0.9145256916996047,0.12131662861433105,0.8181818181818182,0.8097826086956522,0.9977678571428571,0.894,11.0,Festuca.halleri,0.6279644268774704,opth,4,False,mlp1,bce,msle
213,0.813925023112882,0.39833399378880086,0.6894409937888198,0.7851153039832285,0.9374217772215269,0.8545350827153452,161.0,Festuca.laevigata,0.47455629777204833,opth,4,False,mlp1,bce,msle
214,0.8021165054377216,0.3294729047139654,0.7352941176470589,0.7334014300306435,0.9522546419098143,0.8286208886324293,136.0,Festuca.nigrescens,0.4686955476777024,opth,4,False,mlp1,bce,msle
215,0.8853547764954739,0.3096685506689766,0.9016393442622951,0.75426944971537,0.9925093632958801,0.8571428571428571,61.0,Festuca.paniculata,0.6559087939776651,opth,4,False,mlp1,bce,msle
216,0.8889511941848389,0.19242793111017595,0.8222222222222222,0.802803738317757,0.9907727797001153,0.8869385647909138,45.0,Festuca.quadriflora,0.625025960539979,opth,4,False,mlp1,bce,msle
217,0.6612367021276595,0.24040755143552553,0.5546875,0.6676798378926039,0.9203910614525139,0.7739283617146212,128.0,Festuca.rubra,0.22236733789260388,opth,4,False,mlp1,bce,msle
218,0.8809523809523809,0.30149129971852046,0.8,0.8202764976958525,0.9933035714285714,0.8985360928823827,30.0,Festuca.valesiaca,0.6202764976958526,opth,4,False,mlp1,bce,msle
219,0.8928931419457734,0.504837306714329,0.7454545454545455,0.8305263157894737,0.9494584837545126,0.8860190903986525,165.0,Festuca.violacea,0.5759808612440191,opth,4,False,mlp1,bce,msle
220,0.7761597542242703,0.16091030585831628,0.7333333333333333,0.5299539170506913,0.9862778730703259,0.6894484412470024,30.0,Filipendula.vulgaris,0.2632872503840247,opth,4,False,mlp1,bce,msle
221,0.645158371040724,0.01403679715281958,0.7,0.5402714932126697,0.995,0.7002932551319648,10.0,Fragaria.vesca,0.24027149321266972,opth,4,False,mlp1,bce,msle
222,0.9275334111846374,0.15120593136210297,0.7142857142857143,0.9191643960036331,0.9960629921259843,0.9560699102503543,14.0,Fumana.procumbens,0.6334501102893473,opth,4,False,mlp1,bce,msle
223,0.8967146714671467,0.13302216972000772,0.75,0.8217821782178217,0.9989059080962801,0.9017283950617284,4.0,Galeopsis.tetrahit,0.5717821782178216,opth,4,False,mlp1,bce,msle
224,0.8002856662745758,0.07974627026287315,0.7272727272727273,0.7430683918669131,0.988929889298893,0.8485488126649077,33.0,Galium.anisophyllon,0.4703411191396403,opth,4,False,mlp1,bce,msle
225,0.6005405405405405,0.006450250526059124,0.4,0.5522522522522523,0.9951298701298701,0.7103128621089224,5.0,Galium.aparine,-0.047747747747747704,opth,4,False,mlp1,bce,msle
226,0.7365708844451913,0.07135190085616554,0.6666666666666666,0.6811460258780037,0.9852941176470589,0.805464480874317,33.0,Galium.boreale,0.3478126925446703,opth,4,False,mlp1,bce,msle
227,0.9057254659664299,0.2460065547932443,0.75,0.8860055607043559,0.9906735751295337,0.9354207436399217,36.0,Galium.corrudifolium,0.6360055607043558,opth,4,False,mlp1,bce,msle
228,0.8003952569169961,0.026831195856437617,0.9090909090909091,0.6141304347826086,0.9985272459499264,0.7605159842961301,11.0,Galium.glaucum,0.5232213438735176,opth,4,False,mlp1,bce,msle
229,0.8524764509267699,0.18030703107626425,0.9444444444444444,0.5733819507748404,0.9984126984126984,0.7284308048639259,18.0,Galium.lucidum,0.5178263952192848,opth,4,False,mlp1,bce,msle
230,0.8055482794415825,0.48291669130508086,0.8333333333333334,0.604994324631101,0.9318181818181818,0.7336545079146594,234.0,Galium.mollugo,0.4383276579644344,opth,4,False,mlp1,bce,msle
231,0.747934400624756,0.28816132057654775,0.6846153846153846,0.7025380710659899,0.9440654843110505,0.8055878928987195,130.0,Galium.pumilum,0.3871534556813745,opth,4,False,mlp1,bce,msle
232,0.7668439113889642,0.45823760037579464,0.8551236749116607,0.5697115384615384,0.920388349514563,0.7037861915367484,283.0,Galium.verum,0.4248352133731992,opth,4,False,mlp1,bce,msle
233,0.8450885802212427,0.11653409051596242,0.5454545454545454,0.9085086916742909,0.9900299102691924,0.9475190839694656,22.0,Genista.pilosa,0.45396323712883646,opth,4,False,mlp1,bce,msle
234,0.6959806588093079,0.0322848075631485,0.5,0.7443336355394379,0.992744860943168,0.8507772020725388,12.0,Genista.sagittalis,0.24433363553943788,opth,4,False,mlp1,bce,msle
235,0.7731534874392018,0.08288627803322435,0.6216216216216216,0.7244897959183674,0.9823899371069182,0.8339562199679659,37.0,Genista.tinctoria,0.34611141753998886,opth,4,False,mlp1,bce,msle
236,0.8194643027356783,0.1239303351294167,0.5384615384615384,0.8401486988847584,0.9804772234273319,0.9049049049049049,39.0,Gentiana.acaulis,0.37861023734629695,opth,4,False,mlp1,bce,msle
237,0.91113369467028,0.07455044481675413,1.0,0.7868112014453478,1.0,0.8806875631951466,8.0,Gentiana.alpina,0.7868112014453477,opth,4,False,mlp1,bce,msle
238,0.9551315110881898,0.3216119781245831,0.5714285714285714,0.9611913357400722,0.9971910112359551,0.9788602941176471,7.0,Gentiana.bavarica,0.5326199071686437,opth,4,False,mlp1,bce,msle
239,0.875,0.0544101576944696,0.9090909090909091,0.6458333333333334,0.9985994397759104,0.7843784378437844,11.0,Gentiana.cruciata,0.5549242424242424,opth,4,False,mlp1,bce,msle
240,0.8719440482446262,0.2941097699238959,0.8701298701298701,0.779383429672447,0.9877899877899878,0.8712977921378567,77.0,Gentiana.lutea,0.649513299802317,opth,4,False,mlp1,bce,msle
241,0.8148880105401844,0.03576654350340975,0.36363636363636365,0.9483695652173914,0.9933586337760911,0.9703429101019463,11.0,Gentiana.nivalis,0.3120059288537549,opth,4,False,mlp1,bce,msle
242,0.9305006587615283,0.17917368294450475,0.8181818181818182,0.842391304347826,0.9978540772532188,0.9135559921414538,11.0,Gentiana.punctata,0.6605731225296443,opth,4,False,mlp1,bce,msle
243,0.8665944253807717,0.3884675532507277,0.6530612244897959,0.8190757128810227,0.9607843137254902,0.8842887473460722,98.0,Gentiana.verna,0.47213693737081863,opth,4,False,mlp1,bce,msle
244,0.8796384774645645,0.15350617437530514,0.9565217391304348,0.6904761904761905,0.9986754966887417,0.8164591229020033,23.0,Geranium.columbinum,0.6469979296066253,opth,4,False,mlp1,bce,msle
245,0.9087268246233127,0.27555789158215555,0.8787878787878788,0.800369685767098,0.9954022988505747,0.8872950819672131,33.0,Geranium.dissectum,0.6791575645549768,opth,4,False,mlp1,bce,msle
246,0.8935245804070944,0.2270192418438881,0.6451612903225806,0.9012915129151291,0.9888663967611336,0.943050193050193,31.0,Geranium.molle,0.5464528032377096,opth,4,False,mlp1,bce,msle
247,0.7622353349531413,0.09678315807832483,0.8372093023255814,0.6427238805970149,0.9899425287356322,0.7794117647058824,43.0,Geranium.pyrenaicum,0.47993318292259635,opth,4,False,mlp1,bce,msle
248,0.7452830188679245,0.005524487119579144,0.5,0.8104222821203954,0.9988925802879292,0.8948412698412699,2.0,Geranium.robertianum,0.31042228212039547,opth,4,False,mlp1,bce,msle
249,0.8027852650494159,0.0076931716082659475,1.0,0.6361185983827493,1.0,0.7775947281713345,2.0,Geranium.rotundifolium,0.6361185983827493,opth,4,False,mlp1,bce,msle
250,0.4961031175059952,0.0034049989329928967,0.0,0.7428057553956835,0.9963811821471653,0.8511076764554354,3.0,Geranium.sanguineum,-0.2571942446043165,opth,4,False,mlp1,bce,msle
251,0.8691723202170965,0.47114032837192593,0.8090909090909091,0.7671641791044777,0.9734848484848485,0.8580968280467446,110.0,Geranium.sylvaticum,0.5762550881953867,opth,4,False,mlp1,bce,msle
252,0.8746873920552677,0.4352046183212898,0.8533333333333334,0.7844559585492228,0.9717586649550706,0.8681192660550459,150.0,Geum.montanum,0.6377892918825561,opth,4,False,mlp1,bce,msle
253,0.8053044002411092,0.07613844561488635,0.5555555555555556,0.8001808318264014,0.9955005624296963,0.8872180451127819,9.0,Geum.rivale,0.355736387381957,opth,4,False,mlp1,bce,msle
254,0.8950839328537171,0.018637118123639305,1.0,0.75,1.0,0.8571428571428571,3.0,Geum.urbanum,0.75,opth,4,False,mlp1,bce,msle
255,0.7006311992786294,0.014432272193447625,0.5,0.7727682596934174,0.9965116279069768,0.8704926358557643,6.0,Glechoma.hederacea,0.27276825969341756,opth,4,False,mlp1,bce,msle
256,0.8458646616541353,0.21715879310119682,0.6078431372549019,0.8571428571428571,0.9785407725321889,0.9138276553106213,51.0,Globularia.bisnagarica,0.464985994397759,opth,4,False,mlp1,bce,msle
257,0.8399124393950358,0.32612134744200383,0.6538461538461539,0.8485418626528692,0.9804347826086957,0.9097327281896117,52.0,Globularia.cordifolia,0.5023880164990231,opth,4,False,mlp1,bce,msle
258,0.9334532374100719,0.05217554436304436,1.0,0.8642086330935251,1.0,0.9271587071876507,3.0,Globularia.nudicaulis,0.8642086330935252,opth,4,False,mlp1,bce,msle
259,0.7272462702570229,0.11778893559481386,0.6774193548387096,0.6571699905033238,0.9719101123595506,0.7841359773371105,62.0,Gymnadenia.conopsea,0.33458934534203344,opth,4,False,mlp1,bce,msle
260,0.8530316742081447,0.07831510064217205,0.7,0.8072398190045249,0.9966480446927374,0.892,10.0,Gypsophila.repens,0.5072398190045249,opth,4,False,mlp1,bce,msle
261,0.7718748507854652,0.3607349718200683,0.7094972067039106,0.7051282051282052,0.9269662921348315,0.8009708737864077,179.0,Helianthemum.nummularium,0.41462541183211576,opth,4,False,mlp1,bce,msle
262,0.5414041404140414,0.004739994189344478,0.5,0.6003600360036003,0.9970104633781763,0.749438202247191,4.0,Helleborus.foetidus,0.10036003600360033,opth,4,False,mlp1,bce,msle
263,0.836576491061541,0.30127688032991085,0.7790697674418605,0.7376093294460642,0.9755784061696658,0.8400664084117322,86.0,Heracleum.sphondylium,0.5166790968879247,opth,4,False,mlp1,bce,msle
264,0.773594636410521,0.02411887197022582,0.2857142857142857,0.8935018050541517,0.9949748743718593,0.9415121255349501,7.0,Hieracium.bifidum,0.17921609076843747,opth,4,False,mlp1,bce,msle
265,0.7649534114818155,0.01261255892906239,1.0,0.5996393146979261,1.0,0.7497181510710259,6.0,Hieracium.murorum,0.5996393146979262,opth,4,False,mlp1,bce,msle
266,0.8826718359837036,0.17906420172735338,0.5714285714285714,0.8804047838086476,0.9876160990712074,0.9309338521400778,28.0,Hieracium.piliferum,0.4518333552372189,opth,4,False,mlp1,bce,msle
267,0.9176576576576576,0.03136677881344469,1.0,0.8252252252252252,1.0,0.9042448173741362,5.0,Hieracium.prenanthoides,0.8252252252252252,opth,4,False,mlp1,bce,msle
268,0.8747279533385566,0.1061776976905529,0.38095238095238093,0.9076782449725777,0.9870775347912525,0.9457142857142857,21.0,Hieracium.villosum,0.2886306259249585,opth,4,False,mlp1,bce,msle
269,0.8469202898550725,0.09888068372501856,0.5454545454545454,0.8469202898550725,0.9946808510638298,0.9148727984344422,11.0,Himantoglossum.hircinum,0.3923748353096179,opth,4,False,mlp1,bce,msle
270,0.7307202680067001,0.21579811809707358,0.575,0.7095477386934673,0.9326287978863936,0.8059360730593608,120.0,Hippocrepis.comosa,0.28454773869346717,opth,4,False,mlp1,bce,msle
271,0.92836278427785,0.6262705373078713,0.8253968253968254,0.8624873609706775,0.9748571428571429,0.9152360515021459,126.0,Holcus.lanatus,0.6878841863675027,opth,4,False,mlp1,bce,msle
272,0.8849386697942629,0.2057353979703091,0.6578947368421053,0.8876508820798514,0.9865841073271414,0.9345063538611925,38.0,Homogyne.alpina,0.5455456189219567,opth,4,False,mlp1,bce,msle
273,0.9226244343891403,0.08872948231141725,0.4,0.9529411764705882,0.9943342776203966,0.9731977818853974,10.0,Hornungia.petraea,0.3529411764705883,opth,4,False,mlp1,bce,msle
274,0.9081947011706716,0.28831320918691283,0.8484848484848485,0.8142329020332717,0.9943566591422122,0.8953252032520326,33.0,Hypericum.maculatum,0.6627177505181203,opth,4,False,mlp1,bce,msle
275,0.8257179487179487,0.25347094211348725,0.8666666666666667,0.6105769230769231,0.9844961240310077,0.7537091988130564,75.0,Hypericum.perforatum,0.4772435897435898,opth,4,False,mlp1,bce,msle
276,0.9051743119266055,0.12764381329893454,0.96,0.7495412844036697,0.9987775061124694,0.8563941299790356,25.0,Hypericum.richeri,0.7095412844036697,opth,4,False,mlp1,bce,msle
277,0.874935639995881,0.28702977340653435,0.75,0.788693234476367,0.9895348837209302,0.8777720474471377,36.0,Hypochaeris.maculata,0.5386932344763671,opth,4,False,mlp1,bce,msle
278,0.9321817178960037,0.32760284981033444,0.8648648648648649,0.8367346938775511,0.9944873208379272,0.908816120906801,37.0,Hypochaeris.radicata,0.701599558742416,opth,4,False,mlp1,bce,msle
279,0.9808730873087309,0.21776556776556777,1.0,0.8622862286228623,1.0,0.9260512324794586,4.0,Hyssopus.officinalis,0.8622862286228623,opth,4,False,mlp1,bce,msle
280,0.9232396494409187,0.21908850172068273,1.0,0.5602901178603807,1.0,0.7181871005229518,12.0,Inula.salicina,0.5602901178603807,opth,4,False,mlp1,bce,msle
281,0.977538185085355,0.14540816326530612,1.0,0.8023360287511231,1.0,0.8903290129611167,2.0,Isatis.tinctoria,0.8023360287511232,opth,4,False,mlp1,bce,msle
282,0.48104693140794225,0.0077311765933495745,0.2857142857142857,0.648014440433213,0.9930843706777317,0.7842708902239214,7.0,Juncus.alpinoarticulatus,-0.06627127385250131,opth,4,False,mlp1,bce,msle
283,0.8600841599038171,0.1844387725012136,0.3333333333333333,0.8674481514878268,0.9958592132505176,0.9272289156626506,6.0,Juncus.articulatus,0.2007814848211602,opth,4,False,mlp1,bce,msle
284,0.8295557570262919,0.22479316872215627,0.25,0.970988213961922,0.9916666666666667,0.9812185066422354,12.0,Juncus.effusus,0.22098821396192214,opth,4,False,mlp1,bce,msle
285,0.833100656149658,0.14824563005627217,0.46153846153846156,0.8702359346642469,0.9927536231884058,0.9274661508704062,13.0,Juncus.inflexus,0.33177439620270843,opth,4,False,mlp1,bce,msle
286,0.9246575342465753,0.46952486212017797,0.85,0.8502283105022831,0.9967880085653105,0.917693445046821,20.0,Juncus.jacquinii,0.7002283105022831,opth,4,False,mlp1,bce,msle
287,0.8389241462677546,0.038643777236384805,0.25,0.900271985494107,0.9910179640718563,0.9434679334916865,12.0,Juncus.trifidus,0.15027198549410703,opth,4,False,mlp1,bce,msle
288,,-0.0,0.0,0.9551569506726457,1.0,0.9770642201834863,0.0,Juncus.triglumis,-0.04484304932735428,opth,4,False,mlp1,bce,msle
289,0.8221595158767934,0.4311623773758907,0.7696335078534031,0.7012987012987013,0.9364161849710982,0.801980198019802,191.0,Knautia.arvensis,0.47093220915210443,opth,4,False,mlp1,bce,msle
290,0.8847963800904979,0.17861672207130033,0.8,0.7737556561085973,0.9976662777129521,0.8715596330275229,10.0,Knautia.dipsacifolia,0.5737556561085975,opth,4,False,mlp1,bce,msle
291,0.8202554744525546,0.05217935188161128,0.9473684210526315,0.6277372262773723,0.9985486211901307,0.7708683473389356,19.0,Koeleria.macrantha,0.5751056473300038,opth,4,False,mlp1,bce,msle
292,0.8117931880741551,0.1787313543151431,0.7719298245614035,0.6824196597353497,0.9823129251700681,0.8053541550474066,57.0,Koeleria.pyramidata,0.45434948429675304,opth,4,False,mlp1,bce,msle
293,0.84273176278293,0.33738998994010666,0.5471698113207547,0.8879472693032016,0.9751809720785936,0.9295219319862001,53.0,Koeleria.vallesiana,0.4351170806239564,opth,4,False,mlp1,bce,msle
294,0.8883531554698381,0.09329164800768044,0.5882352941176471,0.8724954462659381,0.9927461139896373,0.9287445467765391,17.0,Lactuca.perennis,0.4607307403835852,opth,4,False,mlp1,bce,msle
295,0.7361660079051384,0.018891076508142233,0.7272727272727273,0.6403985507246377,0.995774647887324,0.7794928335170893,11.0,Lactuca.serriola,0.367671277997365,opth,4,False,mlp1,bce,msle
296,0.790167865707434,0.036993899852996975,0.6666666666666666,0.7221223021582733,0.9987562189054726,0.8382045929018789,3.0,Lamium.purpureum,0.38878896882493996,opth,4,False,mlp1,bce,msle
297,0.709832134292566,0.04045880360589736,0.3333333333333333,0.8084532374100719,0.9977802441731409,0.8931942374565326,3.0,Lapsana.communis,0.14178657074340517,opth,4,False,mlp1,bce,msle
298,0.893857048748353,0.04831951124462515,0.8181818181818182,0.8460144927536232,0.9978632478632479,0.9156862745098039,11.0,Laserpitium.halleri,0.6641963109354414,opth,4,False,mlp1,bce,msle
299,0.9186131182434325,0.22865050643087978,0.9393939393939394,0.732902033271719,0.9974842767295597,0.8449653702717101,33.0,Laserpitium.latifolium,0.6722959726656583,opth,4,False,mlp1,bce,msle
300,0.8916655032807483,0.13018955092617296,0.8461538461538461,0.7722323049001815,0.9976553341148886,0.8705882352941177,13.0,Laserpitium.siler,0.6183861510540276,opth,4,False,mlp1,bce,msle
301,0.7699845281072717,0.01573197658859163,0.42857142857142855,0.8447653429602888,0.9957446808510638,0.9140625,7.0,Lathyrus.heterophyllus,0.2733367715317174,opth,4,False,mlp1,bce,msle
302,0.79995499549955,0.014696648333109807,0.75,0.6534653465346535,0.9986244841815681,0.7899891186071817,4.0,Lathyrus.occidentalis,0.4034653465346536,opth,4,False,mlp1,bce,msle
303,0.7828995819805615,0.4292990247235666,0.8084112149532711,0.6381798002219756,0.9334415584415584,0.7580751483190508,214.0,Lathyrus.pratensis,0.4465910151752466,opth,4,False,mlp1,bce,msle
304,0.978809738503156,0.20831450371680255,1.0,0.8629395852119026,1.0,0.9264278799612778,6.0,Lathyrus.sphaericus,0.8629395852119026,opth,4,False,mlp1,bce,msle
305,0.8850450450450451,0.05835592443893178,0.8,0.8540540540540541,0.9989462592202318,0.9208353569694027,5.0,Lathyrus.sylvestris,0.654054054054054,opth,4,False,mlp1,bce,msle
306,0.8159784560143627,0.0048543689320388345,1.0,0.7405745062836625,1.0,0.850954100051573,1.0,Lathyrus.tuberosus,0.7405745062836626,opth,4,False,mlp1,bce,msle
307,0.7909677419354839,0.09460800895289086,0.7,0.783410138248848,0.989522700814901,0.8744855967078189,30.0,Leontodon.autumnalis,0.48341013824884804,opth,4,False,mlp1,bce,msle
308,0.7217846238656602,0.37818883771647954,0.6730769230769231,0.6824696802646086,0.901018922852984,0.7766624843161857,208.0,Leontodon.hispidus,0.35554660334153176,opth,4,False,mlp1,bce,msle
309,0.8699099099099099,0.030823959194926937,1.0,0.7639639639639639,1.0,0.8661899897854954,5.0,Leontopodium.alpinum,0.7639639639639639,opth,4,False,mlp1,bce,msle
310,0.9611587690631809,0.3894871240506379,0.9259259259259259,0.8897058823529411,0.9979381443298969,0.9407191448007775,27.0,Leucanthemopsis.alpina,0.8156318082788672,opth,4,False,mlp1,bce,msle
311,0.8389698129417738,0.5278724453828801,0.8448275862068966,0.6851642129105323,0.9438377535101404,0.7939632545931758,232.0,Leucanthemum.vulgare,0.529991799117429,opth,4,False,mlp1,bce,msle
312,0.8495553359683794,0.1383201297516241,0.7272727272727273,0.7708333333333334,0.9964871194379391,0.8692543411644535,11.0,Lilium.martagon,0.49810606060606055,opth,4,False,mlp1,bce,msle
313,0.7244165170556554,0.003246753246753247,1.0,0.533213644524237,1.0,0.6955503512880562,1.0,Linaria.repens,0.533213644524237,opth,4,False,mlp1,bce,msle
314,0.8377528268832617,0.0988293327930598,0.7391304347826086,0.7948717948717948,0.9931350114416476,0.8830111902339777,23.0,Linum.alpinum,0.5340022296544036,opth,4,False,mlp1,bce,msle
315,0.6604460682474868,0.12875982240985112,0.5802469135802469,0.6499032882011605,0.9518413597733711,0.7724137931034483,81.0,Linum.catharticum,0.23015020178140744,opth,4,False,mlp1,bce,msle
316,0.8736919927206551,0.0808336813373704,0.5,0.8926296633303002,0.9919110212335692,0.9396551724137931,16.0,Linum.tenuifolium,0.39262966333030036,opth,4,False,mlp1,bce,msle
317,0.6799637352674525,0.02245563590254422,0.5,0.7343608340888486,0.9926470588235294,0.8441896821261073,12.0,Listera.ovata,0.23436083408884856,opth,4,False,mlp1,bce,msle
318,0.6743924392439243,0.009053574533074052,1.0,0.5688568856885688,1.0,0.7251864601262191,4.0,Lolium.multiflorum,0.568856885688569,opth,4,False,mlp1,bce,msle
319,0.8873583064334509,0.3421458173906699,0.8441558441558441,0.7524084778420038,0.9848675914249685,0.8530857454942654,77.0,Lolium.perenne,0.5965643219978478,opth,4,False,mlp1,bce,msle
320,0.7844388400309288,0.5941614854292617,0.8150134048257373,0.605121293800539,0.8667953667953668,0.7126984126984127,373.0,Lotus.corniculatus,0.4201346986262764,opth,4,False,mlp1,bce,msle
321,0.7774027643844423,0.05403794982470846,0.8823529411764706,0.5300546448087432,0.9965753424657534,0.6920332936979786,17.0,Lotus.maritimus,0.41240758598521365,opth,4,False,mlp1,bce,msle
322,0.7972384219554031,0.19017492875532738,0.6,0.810377358490566,0.9750283768444948,0.8851107676455435,55.0,Luzula.campestris,0.4103773584905661,opth,4,False,mlp1,bce,msle
323,0.8713357349720986,0.13357768379157278,0.8846153846153846,0.7456382001836547,0.996319018404908,0.8529411764705882,26.0,Luzula.lutea,0.6302535847990391,opth,4,False,mlp1,bce,msle
324,0.7109776268825628,0.03200298003250272,0.7619047619047619,0.6681901279707495,0.9932065217391305,0.7989071038251366,21.0,Luzula.multiflora,0.4300948898755115,opth,4,False,mlp1,bce,msle
325,0.935862691960253,0.08525313232610746,1.0,0.7678410117434508,1.0,0.8686765457332652,8.0,Luzula.sieberi,0.7678410117434509,opth,4,False,mlp1,bce,msle
326,0.8674610571162296,0.14760853148986858,0.8095238095238095,0.7940354147250699,0.9906976744186047,0.8815312984997413,42.0,Luzula.spicata,0.6035592242488794,opth,4,False,mlp1,bce,msle
327,0.8605072463768116,0.05168210843169414,0.5454545454545454,0.865036231884058,0.9947916666666666,0.9253875968992248,11.0,Luzula.sudetica,0.4104907773386035,opth,4,False,mlp1,bce,msle
328,0.9250075142771266,0.09370965063627454,0.6666666666666666,0.9477006311992786,0.9981006647673314,0.9722479185938946,6.0,Lysimachia.nummularia,0.6143672978659453,opth,4,False,mlp1,bce,msle
329,0.8772233201581028,0.35051062532439164,0.45454545454545453,0.9565217391304348,0.9943502824858758,0.9750692520775623,11.0,Lysimachia.vulgaris,0.4110671936758894,opth,4,False,mlp1,bce,msle
330,0.8549549549549549,0.109704205369099,0.8,0.7306306306306306,0.9987684729064039,0.8439125910509886,5.0,Malva.moschata,0.5306306306306308,opth,4,False,mlp1,bce,msle
331,0.7083708370837083,0.007427670229177768,1.0,0.6345634563456346,1.0,0.776431718061674,4.0,Malva.sylvestris,0.6345634563456346,opth,4,False,mlp1,bce,msle
332,0.7864178048647766,0.08817961727733675,0.7352941176470589,0.700277520814061,0.9882506527415144,0.8197076340010828,34.0,Medicago.falcata,0.4355716384611199,opth,4,False,mlp1,bce,msle
333,0.8361714659685864,0.4122760822940043,0.81875,0.6701570680628273,0.9566517189835575,0.7881773399014779,160.0,Medicago.lupulina,0.48890706806282713,opth,4,False,mlp1,bce,msle
334,0.8628808864265929,0.19896865102266786,0.65625,0.8541089566020313,0.9882478632478633,0.9162951956414066,32.0,Medicago.minima,0.5103589566020315,opth,4,False,mlp1,bce,msle
335,0.851374760430488,0.20791625288683624,0.8431372549019608,0.706766917293233,0.9894736842105263,0.8245614035087719,51.0,Medicago.sativa,0.5499041721951938,opth,4,False,mlp1,bce,msle
336,0.8278003613369467,0.3395599657796625,0.625,0.9259259259259259,0.9970817120622568,0.9601873536299765,8.0,Melica.ciliata,0.550925925925926,opth,4,False,mlp1,bce,msle
337,0.8183783783783785,0.03128634885884861,1.0,0.46216216216216216,1.0,0.6321626617375231,5.0,Melilotus.albus,0.4621621621621621,opth,4,False,mlp1,bce,msle
338,0.9140989729225023,0.3623286815891381,0.8863636363636364,0.811391223155929,0.994279176201373,0.893573264781491,44.0,Meum.athamanticum,0.6977548595195655,opth,4,False,mlp1,bce,msle
339,0.7214221422142214,0.008224479819625558,0.5,0.7965796579657966,0.9977452085682075,0.8858858858858859,4.0,Minuartia.laricifolia,0.29657965796579644,opth,4,False,mlp1,bce,msle
340,0.8385566292330461,0.09337882688158636,0.6190476190476191,0.8071297989031079,0.9910213243546577,0.8896725440806046,21.0,Minuartia.rostrata,0.42617741795072694,opth,4,False,mlp1,bce,msle
341,0.8775471698113206,0.25144231195579514,0.6,0.8547169811320755,0.9762931034482759,0.9114688128772636,55.0,Minuartia.verna,0.4547169811320755,opth,4,False,mlp1,bce,msle
342,0.8753819126183929,0.20645767599615072,0.7083333333333334,0.7424381301558204,0.9914320685434517,0.8490566037735849,24.0,Muscari.comosum,0.45077146348915376,opth,4,False,mlp1,bce,msle
343,0.8427574214694071,0.4152194464519185,0.727810650887574,0.7642706131078224,0.9401820546163849,0.8431486880466472,169.0,Myosotis.alpestris,0.4920812639953964,opth,4,False,mlp1,bce,msle
344,0.8245985904297598,0.3410138107942906,0.7787610619469026,0.716566866267465,0.9663526244952894,0.8229226361031519,113.0,Myosotis.arvensis,0.49532792821436766,opth,4,False,mlp1,bce,msle
345,0.8573497209860845,0.15161562771246806,0.8076923076923077,0.7465564738292011,0.9938875305623472,0.8526481384373361,26.0,Myosotis.ramosissima,0.5542487815215087,opth,4,False,mlp1,bce,msle
346,0.9437854564208354,0.4408977361436378,0.7142857142857143,0.9548736462093863,0.9981132075471698,0.9760147601476015,7.0,Myosotis.scorpioides,0.6691593604951005,opth,4,False,mlp1,bce,msle
347,0.7880350696235172,0.0309599523562383,0.7142857142857143,0.674187725631769,0.9973297730307076,0.8045234248788369,7.0,Myosotis.stricta,0.3884734399174832,opth,4,False,mlp1,bce,msle
348,0.7666029622551361,0.07170259135197506,0.7391304347826086,0.6785714285714286,0.9919678714859438,0.8058727569331158,23.0,Narcissus.poeticus,0.41770186335403725,opth,4,False,mlp1,bce,msle
349,0.8578168498168499,0.3910251203852983,0.8785714285714286,0.721025641025641,0.9763888888888889,0.8294985250737463,140.0,Nardus.stricta,0.5995970695970696,opth,4,False,mlp1,bce,msle
350,0.8961627140974967,0.04794527295820636,0.9090909090909091,0.8297101449275363,0.9989094874591058,0.9064819396338446,11.0,Odontites.luteus,0.7388010540184453,opth,4,False,mlp1,bce,msle
351,0.8797931034482759,0.3809361915741314,0.9,0.7330049261083744,0.986737400530504,0.8411531938948559,100.0,Onobrychis.montana,0.6330049261083746,opth,4,False,mlp1,bce,msle
352,0.8662464646464646,0.4119811818349863,0.864,0.7333333333333333,0.9771197846567967,0.8378534333525678,125.0,Onobrychis.viciifolia,0.5973333333333333,opth,4,False,mlp1,bce,msle
353,0.868994708994709,0.13881082993903188,0.6285714285714286,0.8333333333333334,0.9857612267250822,0.9031610637230306,35.0,Ononis.natrix,0.46190476190476204,opth,4,False,mlp1,bce,msle
354,0.7712660550458716,0.053263121712003245,0.52,0.755045871559633,0.98562874251497,0.8550649350649351,25.0,Ononis.repens,0.2750458715596329,opth,4,False,mlp1,bce,msle
355,0.832483781278962,0.10251021912620452,0.7222222222222222,0.7738646895273401,0.9881656804733728,0.867983367983368,36.0,Ononis.spinosa,0.4960869117495623,opth,4,False,mlp1,bce,msle
356,0.9073873873873874,0.03467807596871224,1.0,0.736936936936937,1.0,0.8485477178423236,5.0,Ophioglossum.vulgatum,0.736936936936937,opth,4,False,mlp1,bce,msle
357,0.9110910186859553,0.08006487259022958,0.6666666666666666,0.8851717902350814,0.9969450101832994,0.9377394636015326,9.0,Ophrys.apifera,0.551838456901748,opth,4,False,mlp1,bce,msle
358,0.6914941494149415,0.00839769880336922,0.0,0.954995499549955,0.996244131455399,0.9751838235294118,4.0,Ophrys.insectifera,-0.045004500450045004,opth,4,False,mlp1,bce,msle
359,0.634956417192666,0.014120602483713437,0.5,0.8403967538322813,0.9967914438502674,0.9119373776908023,6.0,Orchis.mascula,0.3403967538322812,opth,4,False,mlp1,bce,msle
360,0.7821849501359928,0.02518393677041244,0.8333333333333334,0.6436990027198549,0.9971910112359551,0.7823691460055097,12.0,Orchis.militaris,0.4770323360531883,opth,4,False,mlp1,bce,msle
361,0.8856186518928901,0.20465999363775797,0.75,0.7996306555863343,0.9908466819221968,0.8850281042411855,32.0,Origanum.vulgare,0.5496306555863342,opth,4,False,mlp1,bce,msle
362,0.7827956989247312,0.1226258638020693,0.6666666666666666,0.7852534562211981,0.988399071925754,0.8751926040061633,30.0,Ornithogalum.umbellatum,0.45192012288786465,opth,4,False,mlp1,bce,msle
363,0.6437556154537286,0.0038315018315018315,0.5,0.559748427672956,0.9983974358974359,0.717328727691422,2.0,Orobanche.alba,0.05974842767295607,opth,4,False,mlp1,bce,msle
364,0.6726405363589479,0.012259013879597415,0.7142857142857143,0.6236462093862816,0.9971139971139971,0.7673514714047751,7.0,Orobanche.caryophyllacea,0.337931923671996,opth,4,False,mlp1,bce,msle
365,0.8031386165577342,0.07774700897299051,0.7777777777777778,0.6498161764705882,0.9915848527349228,0.7851193781232648,27.0,Oxytropis.campestris,0.427593954248366,opth,4,False,mlp1,bce,msle
366,0.8621284403669724,0.11655589227502937,0.48,0.8825688073394495,0.9866666666666667,0.9317191283292978,25.0,Oxytropis.helvetica,0.3625688073394495,opth,4,False,mlp1,bce,msle
367,0.8547747747747748,0.11422441782135237,0.8,0.5495495495495496,0.9983633387888707,0.7088901801278327,5.0,Oxytropis.pilosa,0.34954954954954953,opth,4,False,mlp1,bce,msle
368,0.7795475113122172,0.0246049506737596,0.8,0.6760180995475114,0.9973297730307076,0.8058252427184466,10.0,Papaver.rhoeas,0.4760180995475114,opth,4,False,mlp1,bce,msle
369,0.9158310543907626,0.20795146069585935,0.9444444444444444,0.7812215132178669,0.9988344988344988,0.8767263427109975,18.0,Paradisea.liliastrum,0.7256659576623115,opth,4,False,mlp1,bce,msle
370,0.7572336836642013,0.03844091815288443,0.7142857142857143,0.7956403269754768,0.9954545454545455,0.8844018172640081,14.0,Parnassia.palustris,0.509926041261191,opth,4,False,mlp1,bce,msle
371,0.8037270814547641,0.015516827330970668,0.8333333333333334,0.6798917944093779,0.9986754966887417,0.8090128755364807,6.0,Pastinaca.sativa,0.5132251277427113,opth,4,False,mlp1,bce,msle
372,0.80440948942754,0.030053043242278407,0.5714285714285714,0.825812274368231,0.9967320261437909,0.9032576505429417,7.0,Pedicularis.foliosa,0.3972408457968024,opth,4,False,mlp1,bce,msle
373,0.8424981979198847,0.22895676202435852,0.6111111111111112,0.865616311399444,0.9852320675105485,0.9215589541193883,36.0,Pedicularis.gyroflexa,0.4767274225105551,opth,4,False,mlp1,bce,msle
374,0.8947156921840466,0.0630003116792601,0.7777777777777778,0.7974683544303798,0.997737556561086,0.8864321608040201,9.0,Pedicularis.tuberosa,0.5752461322081577,opth,4,False,mlp1,bce,msle
375,0.863327289211242,0.08048397854042867,0.9166666666666666,0.7307343608340888,0.9987608426270136,0.8439790575916231,12.0,Pedicularis.verticillata,0.6474010275007553,opth,4,False,mlp1,bce,msle
376,0.7943882244710212,0.12874632924790663,0.5,0.7920883164673413,0.984,0.8776758409785933,28.0,Petrorhagia.prolifera,0.29208831646734135,opth,4,False,mlp1,bce,msle
377,0.8552151363810988,0.07564610359208747,0.47368421052631576,0.8759124087591241,0.9896907216494846,0.9293320425943853,19.0,Petrorhagia.saxifraga,0.34959661928543984,opth,4,False,mlp1,bce,msle
378,0.8496336467028203,0.40031561729840365,0.6610169491525424,0.8114343029087262,0.9528857479387515,0.8764897074756229,118.0,Phleum.alpinum,0.4724512520612687,opth,4,False,mlp1,bce,msle
379,,-0.0,0.0,0.7838565022421524,1.0,0.8788335847159376,0.0,Phleum.hirsutum,-0.21614349775784758,opth,4,False,mlp1,bce,msle
380,0.8830284157259635,0.09724258108922286,0.9285714285714286,0.776566757493188,0.9988317757009346,0.8737864077669902,14.0,Phleum.phleoides,0.7051381860646166,opth,4,False,mlp1,bce,msle
381,0.897716894977169,0.1264310179013704,0.9,0.7936073059360731,0.9977037887485649,0.884028484231943,20.0,Phyteuma.betonicifolium,0.693607305936073,opth,4,False,mlp1,bce,msle
382,0.8800781795337149,0.0576644276851322,0.7692307692307693,0.7831215970961888,0.9965357967667436,0.8770325203252033,13.0,Phyteuma.hemisphaericum,0.552352366326958,opth,4,False,mlp1,bce,msle
383,0.7730012470555633,0.21475833823320167,0.7142857142857143,0.6925315227934045,0.967479674796748,0.8072357263990956,84.0,Phyteuma.orbiculare,0.40681723707911877,opth,4,False,mlp1,bce,msle
384,0.8016216216216216,0.023784792997146923,0.6,0.8297297297297297,0.9978331527627302,0.9060501721593703,5.0,Phyteuma.ovatum,0.42972972972972956,opth,4,False,mlp1,bce,msle
385,0.8317261330761814,0.11842930659477065,0.5294117647058824,0.9171220400728597,0.9921182266009853,0.9531471840984382,17.0,Phyteuma.spicatum,0.44653380477874194,opth,4,False,mlp1,bce,msle
386,0.7779017249823148,0.12995512539687304,0.7352941176470589,0.6188714153561518,0.9867256637168141,0.7606594656054576,34.0,Picris.hieracioides,0.3541655330032105,opth,4,False,mlp1,bce,msle
387,0.8994133279847566,0.30352136948683417,0.8918918918918919,0.7309833024118738,0.9949494949494949,0.8427807486631016,37.0,Pimpinella.major,0.6228751943037656,opth,4,False,mlp1,bce,msle
388,0.7929014084507042,0.14489519161135744,0.86,0.6112676056338028,0.9893617021276596,0.7556587347649448,50.0,Pimpinella.saxifraga,0.47126760563380277,opth,4,False,mlp1,bce,msle
389,0.9103100323402699,0.6005608549890817,0.8783068783068783,0.8207343412526998,0.9706257982120051,0.8894090111176126,189.0,Plantago.alpina,0.6990412195595781,opth,4,False,mlp1,bce,msle
390,0.8092463092463091,0.061948359123332596,0.7307692307692307,0.7263544536271809,0.9912280701754386,0.8383677795442501,26.0,Plantago.atrata,0.4571236843964117,opth,4,False,mlp1,bce,msle
391,0.857871211629567,0.6504522614485144,0.881578947368421,0.6695437731196054,0.9378238341968912,0.781294964028777,304.0,Plantago.lanceolata,0.5511227204880265,opth,4,False,mlp1,bce,msle
392,0.7560240963855422,0.09937842911977401,0.7777777777777778,0.484708063021316,0.9849340866290018,0.6496894409937888,36.0,Plantago.major,0.26248584079909376,opth,4,False,mlp1,bce,msle
393,0.8133264194970183,0.4778440284519713,0.7783251231527094,0.694078947368421,0.9336283185840708,0.7962264150943397,203.0,Plantago.media,0.4724040705211303,opth,4,False,mlp1,bce,msle
394,0.8165947587088527,0.30903645919072403,0.6527777777777778,0.8302972195589645,0.9719416386083053,0.8955532574974147,72.0,Plantago.maritima,0.4830749973367423,opth,4,False,mlp1,bce,msle
395,0.5075142771265404,0.020056833145873306,0.8333333333333334,0.3246167718665464,0.997229916897507,0.4897959183673469,6.0,Platanthera.bifolia,0.15795010519987973,opth,4,False,mlp1,bce,msle
396,0.9252611540368896,0.7803637011598062,0.8971061093247589,0.8134328358208955,0.9533527696793003,0.8778523489932886,311.0,Poa.alpina,0.7105389451456543,opth,4,False,mlp1,bce,msle
397,0.7300089847259659,0.004968951767218498,1.0,0.36477987421383645,1.0,0.5345622119815668,2.0,Poa.annua,0.3647798742138364,opth,4,False,mlp1,bce,msle
398,0.8193567535481087,0.22711353825527064,0.7464788732394366,0.7442528735632183,0.9773584905660377,0.8450244698205547,71.0,Poa.bulbosa,0.4907317468026551,opth,4,False,mlp1,bce,msle
399,0.9637290167865709,0.05883384561422941,1.0,0.8812949640287769,1.0,0.9369024856596558,3.0,Poa.cenisia,0.8812949640287768,opth,4,False,mlp1,bce,msle
400,0.8171541840780028,0.07670086232773929,0.7647058823529411,0.7486338797814208,0.9951573849878934,0.8544698544698545,17.0,Poa.chaixii,0.513339762134362,opth,4,False,mlp1,bce,msle
401,0.746870882740448,0.06243935128100388,0.7272727272727273,0.6422101449275363,0.9957865168539326,0.7808370044052864,11.0,Poa.compressa,0.36948287220026366,opth,4,False,mlp1,bce,msle
402,0.6431143114311432,0.0880822826415,0.25,0.8910891089108911,0.9969788519637462,0.94106463878327,4.0,Poa.nemoralis,0.141089108910891,opth,4,False,mlp1,bce,msle
403,0.8007937330500423,0.5397763255108143,0.7681159420289855,0.6829558998808105,0.8995290423861853,0.7764227642276422,276.0,Poa.pratensis,0.4510718419097959,opth,4,False,mlp1,bce,msle
404,0.8025919228450874,0.05600728906267364,0.3333333333333333,0.8580470162748643,0.993717277486911,0.9209121785540999,9.0,Poa.supina,0.1913803496081976,opth,4,False,mlp1,bce,msle
405,0.8424750679963735,0.07187212407886172,0.75,0.7923844061650045,0.9965792474344356,0.8828282828282829,12.0,Polygala.alpestris,0.5423844061650045,opth,4,False,mlp1,bce,msle
406,0.5134770889487871,0.003250949825702088,0.0,0.8095238095238095,0.9977851605758582,0.8938492063492064,2.0,Polygala.amarella,-0.19047619047619047,opth,4,False,mlp1,bce,msle
407,0.8448719655616208,0.15665502608545928,0.6428571428571429,0.7893755824790307,0.9825986078886311,0.875452196382429,42.0,Polygala.comosa,0.43223272533617374,opth,4,False,mlp1,bce,msle
408,0.7206538635110065,0.09414535028070604,0.7027027027027027,0.6001855287569573,0.9832826747720365,0.7453917050691244,37.0,Polygala.vulgaris,0.30288823145966015,opth,4,False,mlp1,bce,msle
409,0.692972972972973,0.020069852862762885,0.8,0.5288288288288289,0.9982993197278912,0.6914016489988222,5.0,Polygonum.aviculare,0.3288288288288288,opth,4,False,mlp1,bce,msle
410,0.8688585099111414,0.3993315952833891,0.8571428571428571,0.7722488038277512,0.9877600979192166,0.8668098818474759,70.0,Polygonum.bistorta,0.6293916609706083,opth,4,False,mlp1,bce,msle
411,0.8479116090880796,0.4436866922023258,0.8529411764705882,0.7058201058201058,0.9638728323699421,0.8149053145998778,170.0,Polygonum.viviparum,0.558761282290694,opth,4,False,mlp1,bce,msle
412,0.6735611510791366,0.005813969653211699,0.3333333333333333,0.8156474820143885,0.9977997799779978,0.8975754576942108,3.0,Polystichum.lonchitis,0.1489808153477219,opth,4,False,mlp1,bce,msle
413,0.8141492265696088,0.12367131003278367,0.6875,0.7497725204731575,0.9939686369119421,0.8547717842323651,16.0,Potentilla.argentea,0.43727252047315757,opth,4,False,mlp1,bce,msle
414,0.8705073849308614,0.24853102140819433,0.7391304347826086,0.8317399617590823,0.9797297297297297,0.8996897621509824,69.0,Potentilla.aurea,0.5708703965416908,opth,4,False,mlp1,bce,msle
415,0.8440891912320483,0.38392340057252766,0.6518518518518519,0.8163265306122449,0.9445100354191264,0.8757525998905309,135.0,Potentilla.crantzii,0.4681783824640968,opth,4,False,mlp1,bce,msle
416,0.8515268515268515,0.19287855953177327,0.8918918918918919,0.640074211502783,0.9942363112391931,0.7787810383747178,37.0,Potentilla.erecta,0.5319661033946748,opth,4,False,mlp1,bce,msle
417,0.8599679074287522,0.29742814755916647,0.8953488372093024,0.6987366375121478,0.9876373626373627,0.8184405236198065,86.0,Potentilla.grandiflora,0.5940854747214501,opth,4,False,mlp1,bce,msle
418,0.8048328122516031,0.26324029593029785,0.7079646017699115,0.7594810379241517,0.9584382871536524,0.8474387527839644,113.0,Potentilla.neumanniana,0.46744563969406316,opth,4,False,mlp1,bce,msle
419,0.8744241239704034,0.1368594390029168,0.8461538461538461,0.8548094373865699,0.9978813559322034,0.9208211143695014,13.0,Potentilla.pusilla,0.700963283540416,opth,4,False,mlp1,bce,msle
420,0.7404242424242424,0.03797768804234198,0.6666666666666666,0.6454545454545455,0.993006993006993,0.7823691460055097,15.0,Potentilla.recta,0.312121212121212,opth,4,False,mlp1,bce,msle
421,0.8593802816901408,0.21241760964638545,0.86,0.67981220657277,0.9904240766073872,0.8062360801781737,50.0,Potentilla.reptans,0.53981220657277,opth,4,False,mlp1,bce,msle
422,0.7652252252252253,0.064792806358756,0.6,0.8315315315315316,0.9978378378378379,0.9071253071253071,5.0,Potentilla.rupestris,0.43153153153153156,opth,4,False,mlp1,bce,msle
423,0.9337240757439135,0.04361508005537887,1.0,0.842200180342651,1.0,0.9143416544297601,6.0,Potentilla.thuringiaca,0.8422001803426511,opth,4,False,mlp1,bce,msle
424,0.7119304556354916,0.006172171507950288,0.3333333333333333,0.8219424460431655,0.9978165938864629,0.9013806706114399,3.0,Primula.elatior,0.15527577937649872,opth,4,False,mlp1,bce,msle
425,0.6568428184281843,0.013896335080821592,0.25,0.8563685636856369,0.9937106918238994,0.9199417758369723,8.0,Primula.farinosa,0.10636856368563685,opth,4,False,mlp1,bce,msle
426,0.7822255134923993,0.258698370991007,0.7419354838709677,0.6397578203834511,0.9519519519519519,0.7652383826191913,124.0,Primula.veris,0.38169330425441883,opth,4,False,mlp1,bce,msle
427,0.7304566210045662,0.040236050827719784,0.45,0.7853881278538812,0.9873708381171068,0.8748728382502543,20.0,Prunella.grandiflora,0.2353881278538812,opth,4,False,mlp1,bce,msle
428,0.7808783165599269,0.05399692943913416,0.45454545454545453,0.8142726440988106,0.9866962305986696,0.8922305764411027,22.0,Prunella.laciniata,0.2688180986442652,opth,4,False,mlp1,bce,msle
429,0.7830053073861123,0.14160333413928222,0.7450980392156863,0.7011278195488722,0.9828722002635046,0.818431157432803,51.0,Prunella.vulgaris,0.44622585876455845,opth,4,False,mlp1,bce,msle
430,0.7670454545454546,0.06344718845988465,0.18181818181818182,0.9719202898550725,0.9916820702402958,0.9817017383348582,11.0,Prunus.spinosa,0.15373847167325438,opth,4,False,mlp1,bce,msle
431,0.81390478849644,0.03353156148170794,0.6923076923076923,0.7867513611615246,0.9954075774971297,0.87886467308667,13.0,Veronica.spicata,0.47905905346921696,opth,4,False,mlp1,bce,msle
432,0.8301765316718588,0.17317760945275704,0.7777777777777778,0.7074766355140187,0.9869621903520208,0.824169842133914,45.0,Pulsatilla.alpina,0.48525441329179664,opth,4,False,mlp1,bce,msle
433,0.852501289324394,0.027709081779175318,0.5714285714285714,0.8691335740072202,0.9968944099378882,0.9286403085824494,7.0,Pulsatilla.halleri,0.44056214543579175,opth,4,False,mlp1,bce,msle
434,0.861939393939394,0.05733986953139128,0.8,0.82,0.9966850828729282,0.8997506234413966,15.0,Pulsatilla.vernalis,0.6200000000000001,opth,4,False,mlp1,bce,msle
435,0.527403414195867,0.0032619152603519464,0.0,0.8849955076370171,0.9979736575481256,0.9380952380952381,2.0,Ranunculus.aconitifolius,-0.11500449236298294,opth,4,False,mlp1,bce,msle
436,0.8524632315129076,0.4708946090463797,0.8465608465608465,0.6889848812095032,0.9565217391304348,0.8010043942247332,189.0,Ranunculus.acris,0.5355457277703497,opth,4,False,mlp1,bce,msle
437,0.8404127579737336,0.4642082517031538,0.8975609756097561,0.6692307692307692,0.9666666666666667,0.7909090909090909,205.0,Ranunculus.bulbosus,0.5667917448405253,opth,4,False,mlp1,bce,msle
438,0.7142857142857142,0.00456989247311828,0.0,0.7825696316262354,0.997709049255441,0.877139979859013,2.0,Ranunculus.glacialis,-0.21743036837376462,opth,4,False,mlp1,bce,msle
439,0.806883077847911,0.0518319515621134,0.6666666666666666,0.8367899008115419,0.9978494623655914,0.9102501226091221,6.0,Ranunculus.gramineus,0.5034565674782085,opth,4,False,mlp1,bce,msle
440,0.8543423930021868,0.1613169032481343,0.7291666666666666,0.8106841611996252,0.9851936218678815,0.8894601542416453,48.0,Ranunculus.kuepferi,0.5398508278662919,opth,4,False,mlp1,bce,msle
441,0.8283098271155597,0.11149564517326102,0.5625,0.8143767060964513,0.9922394678492239,0.894552723638181,16.0,Ranunculus.montanus,0.3768767060964513,opth,4,False,mlp1,bce,msle
442,0.7187671232876712,0.053895643042643354,0.45,0.8301369863013699,0.9880434782608696,0.9022332506203474,20.0,Ranunculus.serpens,0.28013698630136985,opth,4,False,mlp1,bce,msle
443,0.9002829623986506,0.4798074701676729,0.8235294117647058,0.8529139685476411,0.9935344827586207,0.9178695868591339,34.0,Ranunculus.repens,0.6764433803123469,opth,4,False,mlp1,bce,msle
444,0.8556756756756757,0.21780047683409026,0.4,0.9018018018018018,0.9970119521912351,0.9470198675496688,5.0,Reseda.lutea,0.30180180180180183,opth,4,False,mlp1,bce,msle
445,0.8198354934133522,0.49489246113945207,0.8502415458937198,0.6398678414096917,0.9493464052287581,0.7644736842105263,207.0,Rhinanthus.alectorolophus,0.49010938730341147,opth,4,False,mlp1,bce,msle
446,0.8865886588658866,0.024423879051092556,1.0,0.6813681368136814,1.0,0.8104925053533191,4.0,Rhinanthus.glacialis,0.6813681368136812,opth,4,False,mlp1,bce,msle
447,0.6901153846153846,0.11212743226408392,0.64,0.5778846153846153,0.9570063694267515,0.7206235011990407,75.0,Rhinanthus.minor,0.21788461538461545,opth,4,False,mlp1,bce,msle
448,0.8692411924119241,0.033446817765802654,0.25,0.9367660343270099,0.9942473633748802,0.9646511627906976,8.0,Rhododendron.ferrugineum,0.1867660343270099,opth,4,False,mlp1,bce,msle
449,0.8338493086594264,0.513259348941969,0.8185840707964602,0.7334083239595051,0.9408369408369408,0.8242730720606827,226.0,Rumex.acetosa,0.5519923947559653,opth,4,False,mlp1,bce,msle
450,0.7651103052281657,0.05250030074403399,0.75,0.6527651858567544,0.995850622406639,0.7886089813800657,12.0,Rumex.acetosella,0.40276518585675447,opth,4,False,mlp1,bce,msle
451,0.8558687689122471,0.10523798993958426,0.8695652173913043,0.7326007326007326,0.9962640099626401,0.8443271767810027,23.0,Rumex.crispus,0.6021659499920369,opth,4,False,mlp1,bce,msle
452,0.8579335793357934,0.15569330078647245,0.6774193548387096,0.7915129151291513,0.988479262672811,0.8790983606557377,31.0,Rumex.obtusifolius,0.4689322699678611,opth,4,False,mlp1,bce,msle
453,0.7535971223021583,0.007214478346765342,0.0,0.947841726618705,0.9971617786187322,0.9718764407561088,3.0,Rumex.scutatus,-0.05215827338129497,opth,4,False,mlp1,bce,msle
454,0.9499605988967691,0.5310847096223775,0.9259259259259259,0.8858800773694391,0.9934924078091106,0.9366053169734151,81.0,Salix.herbacea,0.8118060032953651,opth,4,False,mlp1,bce,msle
455,0.9266440630076993,0.37369070118595377,0.8461538461538461,0.8145087235996327,0.9955106621773289,0.895959595959596,26.0,Salix.reticulata,0.6606625697534789,opth,4,False,mlp1,bce,msle
456,0.8807763401109059,0.18870018119234758,0.6666666666666666,0.8382624768946395,0.9880174291938998,0.907,33.0,Salix.retusa,0.5049291435613061,opth,4,False,mlp1,bce,msle
457,0.9152319621500855,0.287395429511192,0.7142857142857143,0.8997240110395585,0.9918864097363083,0.9435600578871202,28.0,Salix.serpyllifolia,0.6140097253252728,opth,4,False,mlp1,bce,msle
458,0.8632924626064947,0.5602599644351299,0.8774703557312253,0.7064965197215777,0.9515625,0.810918774966711,253.0,Salvia.pratensis,0.5839668754528029,opth,4,False,mlp1,bce,msle
459,0.8300352063925315,0.5082563129335329,0.8947368421052632,0.629086809470124,0.9587628865979382,0.7597004765146358,228.0,Sanguisorba.minor,0.5238236515753871,opth,4,False,mlp1,bce,msle
460,0.8662752293577982,0.12458366659908476,0.76,0.8229357798165138,0.9933554817275747,0.9001505268439538,25.0,Sanguisorba.officinalis,0.5829357798165138,opth,4,False,mlp1,bce,msle
461,0.8632808314582664,0.16625095453800987,0.7647058823529411,0.8169398907103825,0.9955604883462819,0.897448724362181,17.0,Saponaria.ocymoides,0.5816457730633235,opth,4,False,mlp1,bce,msle
462,0.7991762105686157,0.022723021376569934,0.1111111111111111,0.8860759493670886,0.9919028340080972,0.936007640878701,9.0,Saxifraga.aizoides,-0.002812939521800395,opth,4,False,mlp1,bce,msle
463,0.7828878648233487,0.10502536384006987,0.5333333333333333,0.7990783410138249,0.9841089670828603,0.8819938962360122,30.0,Saxifraga.granulata,0.3324116743471581,opth,4,False,mlp1,bce,msle
464,0.8604981801637853,0.06068120315103121,0.9375,0.7142857142857143,0.9987277353689568,0.8328912466843501,16.0,Saxifraga.oppositifolia,0.6517857142857144,opth,4,False,mlp1,bce,msle
465,0.8685002256430827,0.14153859332941948,0.6756756756756757,0.839517625231911,0.9869138495092693,0.9072681704260651,37.0,Saxifraga.paniculata,0.5151933009075866,opth,4,False,mlp1,bce,msle
466,0.7625488428013225,0.017445737317334647,0.6666666666666666,0.8133453561767358,0.9977876106194691,0.8961748633879781,6.0,Saxifraga.tridactylites,0.4800120228434024,opth,4,False,mlp1,bce,msle
467,0.7668688514696119,0.1508214879549525,0.4603174603174603,0.8488593155893536,0.9633225458468176,0.9024759979787772,63.0,Scabiosa.columbaria,0.3091767759068138,opth,4,False,mlp1,bce,msle
468,0.8042812006319114,0.28098893565588834,0.75,0.7194312796208531,0.9806201550387597,0.8299617277200656,60.0,Scabiosa.lucida,0.46943127962085307,opth,4,False,mlp1,bce,msle
469,0.8706120612061207,0.08414799425120449,0.5,0.828982898289829,0.9978331527627302,0.9056047197640118,4.0,Scabiosa.triandra,0.3289828982898291,opth,4,False,mlp1,bce,msle
470,0.9876237623762376,0.2851605758582503,1.0,0.9414941494149415,1.0,0.9698655540101994,4.0,Scorzonera.humilis,0.9414941494149414,opth,4,False,mlp1,bce,msle
471,0.8989385727190605,0.08353451443348703,1.0,0.6711833785004516,1.0,0.8032432432432433,8.0,Scorzonera.laciniata,0.6711833785004515,opth,4,False,mlp1,bce,msle
472,0.8652911026416087,0.1366470981239391,0.8214285714285714,0.7700091996320148,0.994061757719715,0.8678071539657853,28.0,Scutellaria.alpina,0.591437771060586,opth,4,False,mlp1,bce,msle
473,0.8477811387219053,0.19301682922150643,0.5714285714285714,0.8470919324577861,0.9772727272727273,0.907537688442211,49.0,Securigera.varia,0.41852050388635753,opth,4,False,mlp1,bce,msle
474,0.8126293995859213,0.06530515414658698,0.7391304347826086,0.73992673992674,0.9926289926289926,0.8478488982161595,23.0,Sedum.acre,0.4790571747093486,opth,4,False,mlp1,bce,msle
475,0.8200023084025854,0.15523032761658756,0.65625,0.8578024007386889,0.9882978723404255,0.9184379634206624,32.0,Sedum.album,0.5140524007386889,opth,4,False,mlp1,bce,msle
476,0.8740755157648891,0.10894692743230212,0.7142857142857143,0.784741144414169,0.9953917050691244,0.877602844083291,14.0,Sedum.atratum,0.4990268586998834,opth,4,False,mlp1,bce,msle
477,0.8700269870288151,0.12782359037103028,0.6666666666666666,0.8290676416819013,0.9923413566739606,0.9033864541832669,21.0,Sedum.montanum,0.4957343083485679,opth,4,False,mlp1,bce,msle
478,0.7561877209900353,0.09616777404271708,0.7058823529411765,0.7522768670309654,0.9939831528279182,0.8564022809745983,17.0,Sedum.rupestre,0.45815921997214204,opth,4,False,mlp1,bce,msle
479,0.7732705358047199,0.04529464881914568,0.5,0.7876025524156791,0.9896907216494846,0.8771573604060914,18.0,Sedum.sexangulare,0.2876025524156791,opth,4,False,mlp1,bce,msle
480,0.8889960355726991,0.2854750923135578,0.5294117647058824,0.900728597449909,0.9919759277833501,0.9441527446300716,17.0,Selaginella.selaginoides,0.4301403621557913,opth,4,False,mlp1,bce,msle
481,0.8547687035979441,0.32126419486803076,0.7058823529411765,0.8233009708737864,0.9713631156930126,0.8912243825538623,85.0,Sempervivum.arachnoideum,0.529183323814963,opth,4,False,mlp1,bce,msle
482,0.8826405254976684,0.29423381501800333,0.6486486486486487,0.8562152133580705,0.9861111111111112,0.916583912611718,37.0,Sempervivum.montanum,0.5048638620067192,opth,4,False,mlp1,bce,msle
483,0.8549331829225963,0.25772069595648184,0.5813953488372093,0.8348880597014925,0.9802847754654983,0.9017632241813602,43.0,Sempervivum.tectorum,0.41628340853870194,opth,4,False,mlp1,bce,msle
484,0.8719927536231884,0.35310768863756015,0.8125,0.7855072463768116,0.9818840579710145,0.8727858293075684,80.0,Senecio.doronicum,0.5980072463768116,opth,4,False,mlp1,bce,msle
485,0.8057834498126203,0.0462801056581505,0.4444444444444444,0.8432087511394712,0.9893048128342246,0.9104330708661418,18.0,Senecio.erucifolius,0.28765319558391567,opth,4,False,mlp1,bce,msle
486,0.9080491551459293,0.18176457113996536,0.9333333333333333,0.7972350230414746,0.9976931949250288,0.8862704918032787,30.0,Senecio.incanus,0.730568356374808,opth,4,False,mlp1,bce,msle
487,0.910505174291939,0.22789786179674892,0.8148148148148148,0.8069852941176471,0.9943374858437146,0.8909183155758498,27.0,Senecio.jacobaea,0.6218001089324618,opth,4,False,mlp1,bce,msle
488,0.7293212669683258,0.024771683812584582,0.7,0.6886877828054299,0.9960732984293194,0.8143392188336008,10.0,Serratula.tinctoria,0.3886877828054298,opth,4,False,mlp1,bce,msle
489,0.918018018018018,0.03333086159821853,1.0,0.6225225225225225,1.0,0.7673514714047751,5.0,Seseli.annuum,0.6225225225225226,opth,4,False,mlp1,bce,msle
490,0.8770095383099726,0.5012781141356158,0.7226277372262774,0.8026584867075665,0.9538274605103281,0.8717379233759023,137.0,Sesleria.caerulea,0.5252862239338438,opth,4,False,mlp1,bce,msle
491,0.9180365296803653,0.1639591584000452,0.95,0.6767123287671233,0.9986522911051213,0.8067501360914534,20.0,Sherardia.arvensis,0.6267123287671232,opth,4,False,mlp1,bce,msle
492,0.8588235294117648,0.07756699868313917,0.8,0.7266968325791855,0.9975155279503105,0.8408376963350785,10.0,Sideritis.hyssopifolia,0.5266968325791854,opth,4,False,mlp1,bce,msle
493,0.9584479071188512,0.3437822997630902,0.9583333333333334,0.7616865261228231,0.9987980769230769,0.8642745709828393,24.0,Silaum.silaus,0.7200198594561564,opth,4,False,mlp1,bce,msle
494,0.8939622641509434,0.27474844073788,0.7636363636363637,0.8311320754716981,0.9854586129753915,0.901740020470829,55.0,Silene.acaulis,0.5947684391080617,opth,4,False,mlp1,bce,msle
495,0.8187878787878788,0.13775661482766063,0.4666666666666667,0.8818181818181818,0.9918200408997955,0.933589990375361,15.0,Silene.dioica,0.3484848484848486,opth,4,False,mlp1,bce,msle
496,0.9391397849462366,0.43541549805781155,0.8333333333333334,0.8617511520737328,0.9946808510638298,0.9234567901234568,30.0,Silene.flos.cuculi,0.6950844854070661,opth,4,False,mlp1,bce,msle
497,0.749009009009009,0.014938469422608363,0.8,0.7603603603603604,0.9988165680473373,0.8634271099744245,5.0,Silene.flos.jovis,0.5603603603603604,opth,4,False,mlp1,bce,msle
498,0.8269035188826361,0.2769670775718976,0.6976744186046512,0.7706511175898931,0.9682539682539683,0.8582251082251082,86.0,Silene.nutans,0.4683255361945444,opth,4,False,mlp1,bce,msle
499,0.8840606060606061,0.18775721929002104,0.8666666666666667,0.8218181818181818,0.9977924944812362,0.901296111665005,15.0,Silene.otites,0.6884848484848485,opth,4,False,mlp1,bce,msle
500,0.8692619261926192,0.026919182676095242,0.25,0.9360936093609361,0.99712368168744,0.9656453110492108,4.0,Silene.rupestris,0.186093609360936,opth,4,False,mlp1,bce,msle
501,0.7858346574221194,0.36934791753548035,0.6587301587301587,0.7249747219413549,0.9434210526315789,0.8198970840480274,126.0,Silene.vulgaris,0.38370488067151376,opth,4,False,mlp1,bce,msle
502,0.4865229110512129,0.002559692898272553,0.0,0.9847259658580413,0.9981785063752276,0.9914066033469019,2.0,Sinapis.arvensis,-0.015274034141958714,opth,4,False,mlp1,bce,msle
503,0.8813661369914765,0.3072222475921991,0.8048780487804879,0.7647628267182962,0.9801488833746899,0.8591625883632409,82.0,Soldanella.alpina,0.5696408754987841,opth,4,False,mlp1,bce,msle
504,0.839099099099099,0.02660477820883055,0.0,0.9873873873873874,0.9954586739327884,0.9914066033469019,5.0,Solidago.gigantea,-0.012612612612612595,opth,4,False,mlp1,bce,msle
505,0.8584922085836162,0.12375331619839591,0.6666666666666666,0.8180987202925045,0.9922394678492239,0.8967935871743486,21.0,Solidago.virgaurea,0.48476538695917126,opth,4,False,mlp1,bce,msle
506,0.7697255140281576,0.05617462088686504,0.8333333333333334,0.5214220601640839,0.9947826086956522,0.6842105263157895,18.0,Stachys.officinalis,0.35475539349741725,opth,4,False,mlp1,bce,msle
507,0.8564390467461045,0.2337053772775516,0.75,0.8093492208982584,0.9932508436445444,0.8919191919191919,24.0,Stachys.pradica,0.5593492208982584,opth,4,False,mlp1,bce,msle
508,0.8416046319272126,0.3022166433183485,0.6935483870967742,0.8148148148148148,0.9783352337514253,0.8891191709844559,62.0,Stachys.recta,0.5083632019115889,opth,4,False,mlp1,bce,msle
509,0.8273425499231951,0.17388882676059483,0.7333333333333333,0.7345622119815668,0.9900621118012423,0.8433862433862434,30.0,Stellaria.graminea,0.4678955453149001,opth,4,False,mlp1,bce,msle
510,0.6936450839328537,0.044434660944744124,0.6666666666666666,0.8884892086330936,0.9989888776541962,0.9405045216563541,3.0,Stipa.capillata,0.5551558752997603,opth,4,False,mlp1,bce,msle
511,0.8612659070115612,0.30591773333084105,0.5909090909090909,0.8709972552607502,0.9906347554630593,0.9269717624148004,22.0,Stipa.eriocaulis,0.46190634616984116,opth,4,False,mlp1,bce,msle
512,0.8318721461187215,0.1253067595718447,0.65,0.8401826484018264,0.9924487594390508,0.9099901088031652,20.0,Succisa.pratensis,0.49018264840182635,opth,4,False,mlp1,bce,msle
513,0.7646882494004796,0.33751553903863696,0.3333333333333333,0.8642086330935251,0.9979231568016614,0.9262650602409639,3.0,Symphytum.officinale,0.1975419664268585,opth,4,False,mlp1,bce,msle
514,0.8680109990834097,0.11964913223012126,0.625,0.8698441796516957,0.9906054279749478,0.9263055148853099,24.0,Taraxacum.alpinum,0.4948441796516958,opth,4,False,mlp1,bce,msle
515,0.8121857550721343,0.4317535920887813,0.8383233532934131,0.630801687763713,0.9568,0.7603305785123967,167.0,Taraxacum.officinale,0.46912504105712616,opth,4,False,mlp1,bce,msle
516,0.8456345634563457,0.038760176862349505,0.75,0.7704770477047704,0.9988331388564761,0.8699186991869918,4.0,Tephroseris.integrifolia,0.5204770477047704,opth,4,False,mlp1,bce,msle
517,0.8747747747747747,0.2214387139307267,0.8,0.9324324324324325,0.999034749034749,0.9645852749301025,5.0,Teucrium.botrys,0.7324324324324325,opth,4,False,mlp1,bce,msle
518,0.8836814902551954,0.447571646371106,0.7927927927927928,0.852589641434263,0.9738339021615472,0.9091874668082847,111.0,Teucrium.chamaedrys,0.6453824342270558,opth,4,False,mlp1,bce,msle
519,0.8459953141270392,0.15490687297903696,0.5348837209302325,0.8610074626865671,0.9787910922587487,0.9161290322580645,43.0,Teucrium.montanum,0.39589118361679976,opth,4,False,mlp1,bce,msle
520,0.7189272821041773,0.018574846813088637,0.14285714285714285,0.8501805054151624,0.9936708860759493,0.9163424124513618,7.0,Thalictrum.alpinum,-0.00696235172769466,opth,4,False,mlp1,bce,msle
521,0.703063063063063,0.013023700109107417,0.6,0.6927927927927928,0.9974059662775616,0.8176501860712387,5.0,Thalictrum.aquilegiifolium,0.2927927927927927,opth,4,False,mlp1,bce,msle
522,0.903878787878788,0.10162298419930253,1.0,0.6727272727272727,1.0,0.8043478260869565,15.0,Thalictrum.minus,0.6727272727272728,opth,4,False,mlp1,bce,msle
523,0.820754716981132,0.00755588503649635,1.0,0.46990116801437554,1.0,0.6393643031784841,2.0,Thalictrum.simplex,0.4699011680143754,opth,4,False,mlp1,bce,msle
524,0.8499410693239045,0.13052151353687447,0.7058823529411765,0.7996357012750456,0.9943374858437146,0.8864209994952045,17.0,Thesium.alpinum,0.5055180542162221,opth,4,False,mlp1,bce,msle
525,0.8590208522212148,0.09182087356556415,0.75,0.7107887579329103,0.9961880559085133,0.8296296296296296,12.0,Thesium.linophyllon,0.4607887579329102,opth,4,False,mlp1,bce,msle
526,0.835058505850585,0.012938271892061459,1.0,0.6111611161116112,1.0,0.758659217877095,4.0,Thesium.pyrenaicum,0.6111611161116111,opth,4,False,mlp1,bce,msle
527,0.6284815813117699,0.003686236244375779,0.5,0.7403414195867026,0.9987878787878788,0.8503611971104231,2.0,Tofieldia.calyculata,0.24034141958670263,opth,4,False,mlp1,bce,msle
528,0.8762351778656127,0.13396761460344772,0.9090909090909091,0.7545289855072463,0.9988009592326139,0.8596491228070176,11.0,Tragopogon.dubius,0.6636198945981553,opth,4,False,mlp1,bce,msle
529,0.8164893361398653,0.49060037300032855,0.7932489451476793,0.6856492027334852,0.9247311827956989,0.7874427730542839,237.0,Tragopogon.pratensis,0.47889814788116447,opth,4,False,mlp1,bce,msle
530,0.898005439709882,0.16404981774550287,0.9166666666666666,0.7361740707162284,0.998769987699877,0.8475991649269311,12.0,Traunsteinera.globosa,0.652840737382895,opth,4,False,mlp1,bce,msle
531,0.8873415290049943,0.19756383191287788,0.6842105263157895,0.8129562043795621,0.9933110367892977,0.8941294530858003,19.0,Trifolium.alpestre,0.49716673069535156,opth,4,False,mlp1,bce,msle
532,0.8427204374572796,0.2002510338403044,0.7285714285714285,0.7971291866028708,0.9776995305164319,0.8782287822878229,70.0,Trifolium.alpinum,0.5257006151742993,opth,4,False,mlp1,bce,msle
533,0.7497421351211965,0.07306280554340154,0.7142857142857143,0.6615523465703971,0.9972789115646259,0.7954422137818774,7.0,Trifolium.arvense,0.3758380608561114,opth,4,False,mlp1,bce,msle
534,0.8864105208870552,0.12459343566323726,0.8571428571428571,0.842057761732852,0.9989293361884368,0.9138099902056807,7.0,Trifolium.aureum,0.6992006188757092,opth,4,False,mlp1,bce,msle
535,0.8506387341701998,0.2168589686569073,0.7391304347826086,0.7858508604206501,0.9785714285714285,0.8716861081654295,69.0,Trifolium.badium,0.5249812952032586,opth,4,False,mlp1,bce,msle
536,0.824564377245915,0.22731395532705564,0.686046511627907,0.7735665694849369,0.9671931956257594,0.8596112311015118,86.0,Trifolium.campestre,0.4596130811128438,opth,4,False,mlp1,bce,msle
537,0.875966212447207,0.24770314494586976,0.8723404255319149,0.7949438202247191,0.9929824561403509,0.8829953198127926,47.0,Trifolium.dubium,0.6672842457566341,opth,4,False,mlp1,bce,msle
538,0.7052441229656419,0.02745260399616878,0.5555555555555556,0.7450271247739603,0.9951690821256038,0.8521199586349535,9.0,Trifolium.medium,0.30058268032951574,opth,4,False,mlp1,bce,msle
539,0.8062111115201944,0.4633714956927098,0.6473988439306358,0.7494692144373672,0.9204693611473272,0.826214160327677,173.0,Trifolium.montanum,0.3968680583680031,opth,4,False,mlp1,bce,msle
540,0.7587076076993584,0.055312385327786116,0.6666666666666666,0.7158570119156737,0.9898605830164765,0.8308510638297872,24.0,Trifolium.ochroleucon,0.3825236785823405,opth,4,False,mlp1,bce,msle
541,0.7422650406504064,0.6566023815584534,0.728,0.6422764227642277,0.743879472693032,0.6893542757417103,500.0,Trifolium.pratense,0.3702764227642277,opth,4,False,mlp1,bce,msle
542,0.7615845921941591,0.36896450067747677,0.8465346534653465,0.5783132530120482,0.9445438282647585,0.717391304347826,202.0,Trifolium.repens,0.4248479064773947,opth,4,False,mlp1,bce,msle
543,0.6084684684684685,0.006641807678400085,0.8,0.4486486486486487,0.9979959919839679,0.6190180236171535,5.0,Trifolium.rubens,0.24864864864864877,opth,4,False,mlp1,bce,msle
544,0.9492362982929021,0.043234323432343236,1.0,0.9092542677448338,1.0,0.9524705882352941,2.0,Trifolium.scabrum,0.9092542677448336,opth,4,False,mlp1,bce,msle
545,0.7882929345023207,0.02344131111710869,0.2857142857142857,0.8583032490974729,0.9947698744769874,0.9215116279069767,7.0,Trifolium.striatum,0.14401753481175872,opth,4,False,mlp1,bce,msle
546,0.8784465319921302,0.28496449316080324,0.6956521739130435,0.8422562141491395,0.9767184035476718,0.9045174537987679,69.0,Trifolium.thalii,0.5379083880621831,opth,4,False,mlp1,bce,msle
547,0.9103748228509994,0.29921766494501123,0.7631578947368421,0.8755803156917363,0.990546218487395,0.9295219319862001,38.0,Trinia.glauca,0.6387382104285786,opth,4,False,mlp1,bce,msle
548,0.8527591542031976,0.02601348127932432,0.7142857142857143,0.7951263537906137,0.9977349943374858,0.8849824208940231,7.0,Trisetum.distichophyllum,0.5094120680763279,opth,4,False,mlp1,bce,msle
549,0.7827267013313525,0.5508363638597974,0.7275747508305648,0.687960687960688,0.8722741433021807,0.7692307692307693,301.0,Trisetum.flavescens,0.4155354387912529,opth,4,False,mlp1,bce,msle
550,0.847315975570556,0.2574292346973487,0.8461538461538461,0.7531340405014465,0.9848675914249685,0.853551912568306,78.0,Trollius.europaeus,0.5992878866552926,opth,4,False,mlp1,bce,msle
551,0.9336183618361836,0.11669270833333333,1.0,0.6966696669666966,1.0,0.8212201591511936,4.0,Turritis.glabra,0.6966696669666965,opth,4,False,mlp1,bce,msle
552,0.7644380156434158,0.1698987786605673,0.7058823529411765,0.7750455373406193,0.9941588785046729,0.8710337768679631,17.0,Tussilago.farfara,0.4809278902817957,opth,4,False,mlp1,bce,msle
553,0.6793855606758833,0.07382661481733523,0.36666666666666664,0.8497695852534562,0.9798087141339001,0.910167818361303,30.0,Urtica.dioica,0.21643625192012284,opth,4,False,mlp1,bce,msle
554,0.7009936766034328,0.053988789934208505,0.625,0.6928635953026197,0.9961038961038962,0.8172615876398508,8.0,Valeriana.dioica,0.31786359530261965,opth,4,False,mlp1,bce,msle
555,0.896039603960396,0.12227006710796025,1.0,0.7641764176417641,1.0,0.8663265306122448,4.0,Valeriana.montana,0.7641764176417642,opth,4,False,mlp1,bce,msle
556,0.7626832749448553,0.037531818805894845,0.42857142857142855,0.7956403269754768,0.9909502262443439,0.8826196473551637,14.0,Valeriana.officinalis,0.22421175554690542,opth,4,False,mlp1,bce,msle
557,0.7301980198019802,0.008153291918695979,0.0,0.8982898289828983,0.9960079840319361,0.9446284902981543,4.0,Valerianella.dentata,-0.10171017101710167,opth,4,False,mlp1,bce,msle
558,0.875139353400223,0.12591302373186936,0.6956521739130435,0.8031135531135531,0.9920814479638009,0.8876518218623481,23.0,Valerianella.locusta,0.4987657270265966,opth,4,False,mlp1,bce,msle
559,0.778982992016661,0.30991177649880164,0.46511627906976744,0.9048507462686567,0.9768378650553877,0.9394673123486683,43.0,Veratrum.album,0.3699670253384242,opth,4,False,mlp1,bce,msle
560,0.8301966056125021,0.14201104536679401,0.6363636363636364,0.7939001848428835,0.9862227324913893,0.8796722990271377,33.0,Verbascum.lychnitis,0.43026382120651974,opth,4,False,mlp1,bce,msle
561,0.545863309352518,0.003822101861663854,0.0,0.8012589928057554,0.9966442953020134,0.8883349950149552,3.0,Verbascum.nigrum,-0.1987410071942446,opth,4,False,mlp1,bce,msle
562,0.7255028365136668,0.15614263660464267,0.7142857142857143,0.5324909747292419,0.9966216216216216,0.6941176470588235,7.0,Verbascum.thapsus,0.2467766890149563,opth,4,False,mlp1,bce,msle
563,0.8510407239819004,0.031920201134277855,1.0,0.7076923076923077,1.0,0.8288288288288288,10.0,Verbena.officinalis,0.7076923076923078,opth,4,False,mlp1,bce,msle
564,0.9153846153846154,0.08644660889732445,0.8,0.8959276018099548,0.9979838709677419,0.944206008583691,10.0,Veronica.aphylla,0.6959276018099549,opth,4,False,mlp1,bce,msle
565,0.8160080645161292,0.38891190531328806,0.7290322580645161,0.7291666666666666,0.9433962264150944,0.8225616921269095,155.0,Veronica.arvensis,0.4581989247311826,opth,4,False,mlp1,bce,msle
566,0.8873102374464772,0.0885100152136303,0.5,0.9064486830154405,0.9930348258706467,0.9477682811016145,14.0,Veronica.bellidioides,0.40644868301544035,opth,4,False,mlp1,bce,msle
567,0.802055993000875,0.2528274704750056,0.7373737373737373,0.71751968503937,0.9655629139072848,0.8232636928289102,99.0,Veronica.chamaedrys,0.4548934224131074,opth,4,False,mlp1,bce,msle
568,0.8413374284517661,0.052061438049531714,0.7692307692307693,0.73502722323049,0.996309963099631,0.8459530026109661,13.0,Veronica.fruticans,0.5042579924612594,opth,4,False,mlp1,bce,msle
569,0.8823000898472597,0.015435775263053404,1.0,0.7816711590296496,1.0,0.8774583963691377,2.0,Veronica.fruticulosa,0.7816711590296497,opth,4,False,mlp1,bce,msle
570,0.7628828828828829,0.025323766823751367,0.6,0.8045045045045045,0.9977653631284916,0.8907730673316708,5.0,Veronica.officinalis,0.4045045045045046,opth,4,False,mlp1,bce,msle
571,0.8810507107184018,0.09513630994105755,0.8421052631578947,0.7992700729927007,0.9965870307167235,0.8870886075949367,19.0,Veronica.persica,0.6413753361505954,opth,4,False,mlp1,bce,msle
572,0.6185454545454545,0.024957647466563457,0.4,0.7981818181818182,0.9898534385569335,0.8837443381982889,15.0,Veronica.serpyllifolia,0.19818181818181824,opth,4,False,mlp1,bce,msle
573,0.8061762798604903,0.3191593621864869,0.6666666666666666,0.7402597402597403,0.9512195121951219,0.8325842696629213,114.0,Vicia.cracca,0.4069264069264069,opth,4,False,mlp1,bce,msle
574,0.9263331024930748,0.3172369175250865,0.78125,0.8642659279778393,0.9925768822905621,0.9239881539980257,32.0,Vicia.hirsuta,0.6455159279778393,opth,4,False,mlp1,bce,msle
575,0.8584392014519057,0.05863249575223783,0.6923076923076923,0.8357531760435571,0.9956756756756757,0.908732116428219,13.0,Vicia.onobrychioides,0.5280608683512495,opth,4,False,mlp1,bce,msle
576,0.8436011132600595,0.4021812354293094,0.5736434108527132,0.8580121703853956,0.9389567147613762,0.8966613672496025,129.0,Vicia.sativa,0.4316555812381089,opth,4,False,mlp1,bce,msle
577,0.8099928579930961,0.11670325788966204,0.5483870967741935,0.8773062730627307,0.9854922279792746,0.9282576866764275,31.0,Vicia.sepium,0.4256933698369241,opth,4,False,mlp1,bce,msle
578,0.9856373429084381,0.058823529411764705,1.0,0.8868940754039497,1.0,0.9400570884871551,1.0,Vicia.tetrasperma,0.8868940754039496,opth,4,False,mlp1,bce,msle
579,0.7681328662255092,0.04665798152936303,0.42857142857142855,0.8846503178928247,0.9918533604887984,0.9351896303408546,14.0,Vincetoxicum.hirundinaria,0.31322174646425327,opth,4,False,mlp1,bce,msle
580,0.7675113122171946,0.034692186757681626,1.0,0.36289592760180994,1.0,0.5325365205843293,10.0,Viola.arvensis,0.36289592760181,opth,4,False,mlp1,bce,msle
581,0.8015301530153016,0.0912320890094305,0.25,0.9414941494149415,0.9971401334604385,0.9685185185185186,4.0,Viola.biflora,0.19149414941494136,opth,4,False,mlp1,bce,msle
582,0.8833572396206869,0.24438212440224794,0.574468085106383,0.9082397003745318,0.9797979797979798,0.9426627793974732,47.0,Viola.calcarata,0.482707785480915,opth,4,False,mlp1,bce,msle
583,0.7276978919447159,0.05928234171082554,0.3076923076923077,0.8030852994555354,0.9899328859060402,0.8867735470941884,13.0,Viola.hirta,0.11077760714784324,opth,4,False,mlp1,bce,msle
584,0.6333932853717026,0.005084142584142584,1.0,0.3642086330935252,1.0,0.5339485827290705,3.0,Viola.rupestris,0.36420863309352525,opth,4,False,mlp1,bce,msle
585,0.9676258992805755,0.3625396825396825,1.0,0.6969424460431655,1.0,0.8214096449390567,3.0,Vulpia.myuros,0.6969424460431655,opth,4,False,mlp1,bce,msle
586,0.38150807899461403,0.0014492753623188406,0.0,0.6687612208258528,0.9986595174262735,0.8010752688172043,1.0,Athamanta.cretensis,-0.33123877917414724,opth,4,False,mlp1,bce,msle
587,0.9528107271789582,0.154125224141064,1.0,0.8014440433212996,1.0,0.8897795591182365,7.0,Bupleurum.baldense,0.8014440433212995,opth,4,False,mlp1,bce,msle
588,0.7546841946207313,0.13349772416572706,0.5833333333333334,0.8612873980054397,0.9947643979057592,0.923226433430515,12.0,Imperatoria.ostruthium,0.4446207313387731,opth,4,False,mlp1,bce,msle
589,0.9116387699493966,0.18556611920448718,0.8571428571428571,0.8019981834695731,0.9977401129943503,0.8892245720040282,14.0,Laserpitium.gallicum,0.6591410406124303,opth,4,False,mlp1,bce,msle
590,0.9910233393177738,0.09090909090909091,1.0,0.9622980251346499,1.0,0.9807868252516011,1.0,Oenanthe.silaifolia,0.96229802513465,opth,4,False,mlp1,bce,msle
591,0.9597285067873302,0.2070211949885863,0.9,0.9085972850678733,0.9990049751243781,0.9516587677725118,10.0,Seseli.galloprovinciale,0.8085972850678733,opth,4,False,mlp1,bce,msle
592,0.6877807726864331,0.009766580024191266,0.5,0.6792452830188679,0.9986789960369881,0.8085561497326204,2.0,Torilis.leptophylla,0.17924528301886777,opth,4,False,mlp1,bce,msle
593,0.9886091127098321,0.24523264683447749,1.0,0.9631294964028777,1.0,0.9812185066422354,3.0,Achillea.ptarmica,0.9631294964028778,opth,4,False,mlp1,bce,msle
594,0.9592792792792793,0.23727133913574594,0.8,0.9612612612612612,0.9990636704119851,0.9797979797979798,5.0,Artemisia.alba,0.7612612612612613,opth,4,False,mlp1,bce,msle
595,0.8642921550946798,0.03959562123512322,0.8333333333333334,0.8548241659152389,0.9989462592202318,0.9212827988338192,6.0,Bombycilaena.erecta,0.6881574992485722,opth,4,False,mlp1,bce,msle
596,0.7574940047961631,0.04234083656407416,0.6666666666666666,0.6303956834532374,0.9985754985754985,0.772877618522602,3.0,Cacalia.alliariae,0.2970623501199041,opth,4,False,mlp1,bce,msle
597,0.8621621621621622,0.026769611930136147,0.8,0.7747747747747747,0.9988385598141696,0.8726534753932014,5.0,Cacalia.alpina,0.5747747747747747,opth,4,False,mlp1,bce,msle
598,0.7169369369369369,0.009273237335938427,0.2,0.8162162162162162,0.9956043956043956,0.897029702970297,5.0,Carduus.nigrescens,0.016216216216216273,opth,4,False,mlp1,bce,msle
599,0.8940855030536805,0.1998761597398898,0.7647058823529411,0.8652094717668488,0.9958071278825996,0.9259259259259259,17.0,Catananche.caerulea,0.6299153541197899,opth,4,False,mlp1,bce,msle
600,0.7743891402714933,0.04006910821342549,0.7,0.7936651583710407,0.9965909090909091,0.8836272040302267,10.0,Centaurea.alpestris,0.49366515837104075,opth,4,False,mlp1,bce,msle
601,0.872440855323021,0.06924573667834395,0.75,0.8425841674249318,0.9956989247311828,0.9127649088220798,16.0,Centaurea.paniculata,0.5925841674249317,opth,4,False,mlp1,bce,msle
602,0.8358265336959807,0.0839641216411525,0.8333333333333334,0.5675430643699003,0.9968152866242038,0.7232813402657423,12.0,Centaurea.triumfetti,0.4008763977032337,opth,4,False,mlp1,bce,msle
603,0.8879575778309956,0.3722413497472301,0.8481012658227848,0.7944015444015444,0.98562874251497,0.8797434526990914,79.0,Centaurea.uniflora,0.6425028102243293,opth,4,False,mlp1,bce,msle
604,0.681981981981982,0.009825679680686619,0.4,0.8495495495495495,0.9968287526427061,0.9173151750972762,5.0,Cirsium.ferox,0.24954954954954944,opth,4,False,mlp1,bce,msle
605,0.8648373983739837,0.0726983269308364,0.875,0.6666666666666666,0.9986468200270636,0.7995666305525461,8.0,Cirsium.morisianum,0.5416666666666665,opth,4,False,mlp1,bce,msle
606,0.9809009009009009,0.3050207039337474,1.0,0.9009009009009009,1.0,0.9478672985781991,5.0,Cirsium.rivulare,0.900900900900901,opth,4,False,mlp1,bce,msle
607,0.7289477098741404,0.024185092245741637,0.5,0.7220708446866485,0.9912718204488778,0.8355228586442459,14.0,Crepis.albida,0.22207084468664862,opth,4,False,mlp1,bce,msle
608,0.7801575105647329,0.05063875623374376,0.5789473684210527,0.7992700729927007,0.9909502262443439,0.8848484848484849,19.0,Crepis.nicaeensis,0.37821744141375335,opth,4,False,mlp1,bce,msle
609,0.8017733694018636,0.01755858953025764,0.3333333333333333,0.90892696122633,0.9960474308300395,0.9504950495049505,6.0,Doronicum.grandiflorum,0.24226029455966325,opth,4,False,mlp1,bce,msle
610,0.8688306034717309,0.17061263354752074,0.5882352941176471,0.849213691026827,0.9849785407725322,0.9120715350223547,34.0,Echinops.ritro,0.43744898514447406,opth,4,False,mlp1,bce,msle
611,0.8655855855855856,0.06724004912098096,0.6,0.8351351351351352,0.9978471474703983,0.9092692496321726,5.0,Erigeron.atticus,0.43513513513513513,opth,4,False,mlp1,bce,msle
612,0.7275179856115108,0.03176386659532727,0.3333333333333333,0.8048561151079137,0.9977703455964325,0.8909905425584869,3.0,Filago.vulgaris,0.13818944844124692,opth,4,False,mlp1,bce,msle
613,0.8394594594594594,0.029687875573716136,0.4,0.9171171171171171,0.9970617042115573,0.9554199906147348,5.0,Helichrysum.stoechas,0.317117117117117,opth,4,False,mlp1,bce,msle
614,0.9682254196642686,0.1436426116838488,0.6666666666666666,0.9658273381294964,0.9990697674418605,0.9821673525377229,3.0,Hieracium.glanduliferum,0.6324940047961629,opth,4,False,mlp1,bce,msle
615,0.7778115237764665,0.11158459189621488,0.7441860465116279,0.7378731343283582,0.986284289276808,0.8441835645677694,43.0,Pilosella.peleteriana,0.4820591808399861,opth,4,False,mlp1,bce,msle
616,0.8033963259479924,0.31090107306619025,0.5725190839694656,0.8262195121951219,0.9355581127733027,0.8774959525094441,131.0,Pilosella.officinarum,0.3987385961645875,opth,4,False,mlp1,bce,msle
617,0.8741375759448048,0.34658079807237235,0.6111111111111112,0.9026876737720111,0.9858299595141701,0.942428640541848,36.0,Hieracium.rionii,0.5137987848831223,opth,4,False,mlp1,bce,msle
618,0.9050733524095017,0.2592514864947544,0.6341463414634146,0.8994413407821229,0.9847094801223242,0.9401459854014599,41.0,Pilosella.corymbuloides,0.5335876822455377,opth,4,False,mlp1,bce,msle
619,0.9045248868778281,0.0687653086752304,0.8,0.8733031674208145,0.9979317476732161,0.9314671814671814,10.0,Inula.montana,0.6733031674208145,opth,4,False,mlp1,bce,msle
620,0.8979872980293265,0.4405276658173461,0.7349397590361446,0.8682170542635659,0.9760348583877996,0.918974358974359,83.0,Leontodon.pyrenaicus,0.6031568132997105,opth,4,False,mlp1,bce,msle
621,0.8294496365524403,0.24080209887461929,0.8222222222222222,0.7373831775700934,0.9899623588456713,0.8452062131762186,45.0,Leucanthemum.adustum,0.5596053997923156,opth,4,False,mlp1,bce,msle
622,0.8841628959276019,0.08076486074519502,0.7,0.8235294117647058,0.9967141292442497,0.9018830525272548,10.0,Leucanthemum.atratum,0.5235294117647058,opth,4,False,mlp1,bce,msle
623,0.9464413145539906,0.43771847600805575,0.74,0.9192488262910798,0.9868951612903226,0.9518716577540107,50.0,Omalotheca.supina,0.6592488262910798,opth,4,False,mlp1,bce,msle
624,0.8382749326145553,0.012659768715763846,0.5,0.7780772686433064,0.9988465974625144,0.8747474747474747,2.0,Omalotheca.sylvatica,0.2780772686433064,opth,4,False,mlp1,bce,msle
625,0.9118705035971223,0.02182053376906318,0.3333333333333333,0.9010791366906474,0.99800796812749,0.947069943289225,3.0,Pulicaria.dysenterica,0.2344124700239807,opth,4,False,mlp1,bce,msle
626,0.8405405405405406,0.08426171778963658,0.6,0.8432432432432433,0.997867803837953,0.9140625,5.0,Scorzonera.hispanica,0.44324324324324316,opth,4,False,mlp1,bce,msle
627,0.944743935309973,0.0641025641025641,0.5,0.9460916442048517,0.9990512333965844,0.9718504845408399,2.0,Senecio.aquaticus,0.4460916442048517,opth,4,False,mlp1,bce,msle
628,0.8435251798561151,0.010980404170368328,0.6666666666666666,0.7949640287769785,0.9988700564971752,0.885327991987982,3.0,Senecio.vulgaris,0.4616306954436451,opth,4,False,mlp1,bce,msle
629,0.9249096657633242,0.3668789029900141,0.875,0.7868112014453478,0.9988532110091743,0.8802425467407782,8.0,Serratula.lycopifolia,0.6618112014453477,opth,4,False,mlp1,bce,msle
630,0.7834681042228212,0.006120815881772057,0.0,0.793351302785265,0.9977401129943503,0.8838838838838838,2.0,Serratula.nudicaulis,-0.206648697214735,opth,4,False,mlp1,bce,msle
631,0.8410582158313556,0.04260386071086795,1.0,0.5753176043557169,1.0,0.7304147465437788,13.0,Sonchus.asper,0.5753176043557169,opth,4,False,mlp1,bce,msle
632,0.786091743119266,0.16505846561974447,0.6,0.7944954128440367,0.9885844748858448,0.8809766022380467,25.0,Taraxacum.erythrospermum,0.3944954128440368,opth,4,False,mlp1,bce,msle
633,0.6920731707317074,0.03619472614803569,0.5,0.8346883468834688,0.9956896551724138,0.9081081081081082,8.0,Taraxacum.palustre,0.33468834688346893,opth,4,False,mlp1,bce,msle
634,0.8372850678733031,0.07973251161252674,0.8,0.755656108597285,0.997610513739546,0.8599382080329557,10.0,Tolpis.staticifolia,0.5556561085972851,opth,4,False,mlp1,bce,msle
635,0.8508535489667565,0.008744700181708056,1.0,0.6154537286612758,1.0,0.7619577308120133,2.0,Tragopogon.crocifolius,0.6154537286612758,opth,4,False,mlp1,bce,msle
636,0.8796321488817544,0.19166810341062804,0.9117647058823529,0.7039777983348752,0.9960732984293194,0.8249322493224932,34.0,Cerinthe.minor,0.615742504217228,opth,4,False,mlp1,bce,msle
637,0.7623762376237624,0.009878583795080277,0.25,0.8712871287128713,0.9969104016477858,0.9298751200768491,4.0,Cynoglossum.officinale,0.12128712871287117,opth,4,False,mlp1,bce,msle
638,0.4991015274034142,0.002631011499209892,0.0,0.8508535489667565,0.9978925184404637,0.918525703200776,2.0,Lithospermum.arvense,-0.14914645103324353,opth,4,False,mlp1,bce,msle
639,0.857131093544137,0.052091829597594966,0.7272727272727273,0.8559782608695652,0.9968354430379747,0.9210526315789473,11.0,Myosotis.decumbens,0.5832509881422925,opth,4,False,mlp1,bce,msle
640,0.926209798617373,0.05868148576942214,0.8333333333333334,0.8169522091974752,0.9988974641675854,0.8988095238095238,6.0,Myosotis.discolor,0.6502855425308085,opth,4,False,mlp1,bce,msle
641,0.9223826714801444,0.22930566614973708,0.8571428571428571,0.8240072202166066,0.9989059080962801,0.9030662710187932,7.0,Pulmonaria.angustifolia,0.6811500773594636,opth,4,False,mlp1,bce,msle
642,0.7964959568733153,0.006391385952780796,1.0,0.7448337825696316,1.0,0.8537590113285273,2.0,Alyssum.alpestre,0.7448337825696316,opth,4,False,mlp1,bce,msle
643,0.8068592057761732,0.0196546881885191,0.7142857142857143,0.7536101083032491,0.997610513739546,0.8586118251928021,7.0,Alyssum.montanum,0.46789582258896356,opth,4,False,mlp1,bce,msle
644,0.7396768402154399,0.003436426116838488,0.0,0.8132854578096947,0.9988974641675854,0.896585848589807,1.0,Arabis.alpina,-0.18671454219030525,opth,4,False,mlp1,bce,msle
645,0.9617070654976791,0.11788865001112017,0.8571428571428571,0.9061371841155235,0.9990049751243781,0.9503076194983436,7.0,Arabis.auriculata,0.7632800412583807,opth,4,False,mlp1,bce,msle
646,0.9132284682826199,0.04073042165458233,0.7142857142857143,0.9070397111913358,0.9980139026812314,0.950354609929078,7.0,Cardamine.bellidifolia,0.6213254254770502,opth,4,False,mlp1,bce,msle
647,0.9018181818181817,0.09691377424019222,0.5333333333333333,0.9245454545454546,0.9931640625,0.9576271186440678,15.0,Cardamine.resedifolia,0.457878787878788,opth,4,False,mlp1,bce,msle
648,0.9079657965796579,0.04727683044547929,1.0,0.6723672367236724,1.0,0.8040904198062433,4.0,Iberis.pinnata,0.6723672367236724,opth,4,False,mlp1,bce,msle
649,0.7536697739204972,0.10180116570328618,0.5882352941176471,0.6757741347905283,0.9906542056074766,0.8034650785056849,17.0,Kandis.perfoliata,0.26400942890817536,opth,4,False,mlp1,bce,msle
650,0.6822382961623468,0.03242318966469127,0.5555555555555556,0.6835443037974683,0.9947368421052631,0.8102893890675241,9.0,Noccaea.brachypetala,0.2390998593530238,opth,4,False,mlp1,bce,msle
651,0.8657074340527577,0.015276489663292354,1.0,0.7140287769784173,1.0,0.8331584470094439,3.0,Pritzelago.alpina,0.7140287769784173,opth,4,False,mlp1,bce,msle
652,0.8113513513513513,0.020734830525888467,0.6,0.8207207207207208,0.9978094194961665,0.9006426099851705,5.0,Sisymbrium.austriacum,0.42072072072072064,opth,4,False,mlp1,bce,msle
653,0.716477565755544,0.014473301337769829,0.2857142857142857,0.7716606498194946,0.9941860465116279,0.8689024390243902,7.0,Campanula.alpestris,0.05737493553378026,opth,4,False,mlp1,bce,msle
654,0.898704902867715,0.2217401684734226,0.4117647058823529,0.9472710453283997,0.9808429118773946,0.963764705882353,34.0,Phyteuma.globulariifolium,0.3590357512107527,opth,4,False,mlp1,bce,msle
655,0.9068895317689918,0.16034131204575075,0.9411764705882353,0.7896174863387978,0.9988479262672811,0.8819938962360122,17.0,Phyteuma.michelii,0.730793956927033,opth,4,False,mlp1,bce,msle
656,0.8988349374050221,0.30069318529319156,0.7307692307692307,0.8222013170272813,0.9842342342342343,0.8959507944643772,52.0,Arenaria.gothica,0.5529705477965119,opth,4,False,mlp1,bce,msle
657,0.937918552036199,0.11887770975133227,0.8,0.9049773755656109,0.998003992015968,0.9492168960607499,10.0,Cerastium.cerastoides,0.704977375565611,opth,4,False,mlp1,bce,msle
658,0.9433986591026303,0.08560149300530413,1.0,0.7436823104693141,1.0,0.8530020703933747,7.0,Dianthus.hyssopifolius,0.743682310469314,opth,4,False,mlp1,bce,msle
659,0.8587768440709618,0.23697055427690356,0.6818181818181818,0.8562091503267973,0.9849624060150376,0.916083916083916,44.0,Dianthus.pavonius,0.5380273321449791,opth,4,False,mlp1,bce,msle
660,0.6736990154711674,0.028041280050393677,0.5555555555555556,0.7097649186256781,0.9949302915082383,0.8284960422163589,9.0,Minuartia.hybrida,0.26532047418123383,opth,4,False,mlp1,bce,msle
661,0.8563963963963965,0.024526703805847226,0.8,0.6954954954954955,0.9987063389391979,0.8199681359532661,5.0,Minuartia.rupestris,0.49549549549549554,opth,4,False,mlp1,bce,msle
662,0.9313895175964142,0.26733601092481035,0.8333333333333334,0.880708294501398,0.9926470588235294,0.9333333333333333,42.0,Minuartia.sedoides,0.7140416278347312,opth,4,False,mlp1,bce,msle
663,0.9281166053129042,0.32935026668704154,0.9824561403508771,0.8119092627599244,0.9988372093023256,0.8957247132429614,57.0,Sagina.glabra,0.7943654031108016,opth,4,False,mlp1,bce,msle
664,0.8993086865043584,0.03733277900023203,0.3333333333333333,0.9278629395852119,0.9961277831558567,0.9607843137254902,6.0,Sagina.saginoides,0.2611962729185453,opth,4,False,mlp1,bce,msle
665,0.837903717245582,0.0817906034024998,0.8571428571428571,0.7285191956124314,0.99625,0.8416050686378036,21.0,Silene.italica,0.5856620527552885,opth,4,False,mlp1,bce,msle
666,0.7929939981532779,0.0820006781148425,0.8125,0.6971375807940905,0.9921156373193167,0.8188720173535792,32.0,Silene.latifolia,0.5096375807940905,opth,4,False,mlp1,bce,msle
667,0.9308797127468582,0.01282051282051282,0.0,0.9919210053859964,0.9990958408679927,0.9954954954954955,1.0,Silene.suecica,-0.008078994614003632,opth,4,False,mlp1,bce,msle
668,0.7186899731079524,0.0590375824991109,0.5789473684210527,0.7007299270072993,0.9896907216494846,0.8205128205128205,19.0,Chenopodium.bonus.henricus,0.27967729542835196,opth,4,False,mlp1,bce,msle
669,0.8360226233053315,0.12770229356814156,0.6818181818181818,0.8508691674290942,0.9925293489861259,0.916256157635468,22.0,Helianthemum.apenninum,0.5326873492472761,opth,4,False,mlp1,bce,msle
670,0.7996469091569955,0.33024590392763215,0.5135135135135135,0.8895292987512008,0.9625779625779626,0.9246130803794309,74.0,Helianthemum.oelandicum,0.4030428122647143,opth,4,False,mlp1,bce,msle
671,,-0.0,0.0,0.8600896860986547,1.0,0.9247830279652844,0.0,Convolvulus.cantabricus,-0.13991031390134534,opth,4,False,mlp1,bce,msle
672,0.9363921806948243,0.14733442498299473,0.8888888888888888,0.8432087511394712,0.9978425026968716,0.9140316205533597,18.0,Sedum.alpestre,0.7320976400283601,opth,4,False,mlp1,bce,msle
673,0.7935606060606061,0.039766609967184674,0.6363636363636364,0.8079710144927537,0.9955357142857143,0.892,11.0,Sedum.anacampseros,0.4443346508563901,opth,4,False,mlp1,bce,msle
674,0.709805993084902,0.047388567541928696,0.47368421052631576,0.8284671532846716,0.9891067538126361,0.9016881827209533,19.0,Sedum.ochroleucum,0.3021513638109874,opth,4,False,mlp1,bce,msle
675,0.9267873303167421,0.3053708751584303,0.7,0.890497737556561,0.9969604863221885,0.9407265774378585,10.0,Sedum.sediforme,0.590497737556561,opth,4,False,mlp1,bce,msle
676,0.9746017433122933,0.11114320728291317,1.0,0.8611361587015329,1.0,0.9253875968992248,6.0,Sempervivum.calcareum,0.8611361587015329,opth,4,False,mlp1,bce,msle
677,0.9397482014388489,0.10393756029115145,0.6666666666666666,0.9748201438848921,0.9990783410138249,0.9868001820664543,3.0,Euphorbia.esula,0.6414868105515588,opth,4,False,mlp1,bce,msle
678,0.8927465723131357,0.40796768193793037,0.7254901960784313,0.8890977443609023,0.9854166666666667,0.9347826086956522,51.0,Anthyllis.montana,0.6145879404393337,opth,4,False,mlp1,bce,msle
679,0.9157633242999097,0.044973216591718254,0.5,0.9060523938572719,0.9960278053624627,0.9489120151371807,8.0,Argyrolobium.zanonii,0.406052393857272,opth,4,False,mlp1,bce,msle
680,0.8536523674625657,0.2595287518919561,0.75,0.7752596789423984,0.9832335329341317,0.866948257655755,56.0,Astragalus.danicus,0.5252596789423984,opth,4,False,mlp1,bce,msle
681,0.8574554628771496,0.30789612673833744,0.7222222222222222,0.8072289156626506,0.9886492622020431,0.8887755102040816,36.0,Astragalus.sempervirens,0.5294511378848727,opth,4,False,mlp1,bce,msle
682,0.903015301530153,0.024948272749986886,1.0,0.7443744374437443,1.0,0.8534571723426213,4.0,Astragalus.vesicarius,0.7443744374437444,opth,4,False,mlp1,bce,msle
683,0.8672062350119903,0.030300127713920814,0.6666666666666666,0.8444244604316546,0.9989361702127659,0.9152046783625731,3.0,Bituminaria.bituminosa,0.5110911270983212,opth,4,False,mlp1,bce,msle
684,0.9027902790279028,0.0827006327006327,0.5,0.9270927092709271,0.998062015503876,0.9612692487167522,4.0,Dorycnium.pentaphyllum,0.42709270927092713,opth,4,False,mlp1,bce,msle
685,0.9766606822262118,0.037037037037037035,1.0,0.8464991023339318,1.0,0.9168692270296548,1.0,Genista.cinerea,0.8464991023339317,opth,4,False,mlp1,bce,msle
686,0.8978397839783978,0.03433373337510343,1.0,0.8100810081008101,1.0,0.8950770760815515,4.0,Lathyrus.hirsutus,0.8100810081008101,opth,4,False,mlp1,bce,msle
687,0.9073045362345565,0.6345768885895473,0.7914438502673797,0.8599137931034483,0.953405017921147,0.9042492917847026,187.0,Lotus.alpinus,0.6513576433708281,opth,4,False,mlp1,bce,msle
688,0.8227258116361299,0.10740931092687153,0.8235294117647058,0.73224043715847,0.9962825278810409,0.8440944881889764,17.0,Lotus.delortii,0.5557698489231759,opth,4,False,mlp1,bce,msle
689,0.9718225419664268,0.05812912303784515,1.0,0.9100719424460432,1.0,0.9529190207156308,3.0,Lotus.pedunculatus,0.9100719424460433,opth,4,False,mlp1,bce,msle
690,0.9245960502692998,0.011764705882352941,1.0,0.725314183123878,1.0,0.8407908428720083,1.0,Medicago.arabica,0.7253141831238779,opth,4,False,mlp1,bce,msle
691,0.9711971197119711,0.6951335877862596,0.75,0.9945994599459946,0.9990958408679927,0.9968425800631484,4.0,Melilotus.neapolitanus,0.7445994599459946,opth,4,False,mlp1,bce,msle
692,0.8148434710153554,0.11243858981228433,0.5483870967741935,0.8514760147601476,0.9850586979722519,0.9134092033646709,31.0,Ononis.cristata,0.3998631115343412,opth,4,False,mlp1,bce,msle
693,0.8723222499671441,0.20236151065867164,0.6071428571428571,0.9024839006439742,0.9889112903225806,0.9437229437229437,28.0,Oxytropis.lapponica,0.5096267577868314,opth,4,False,mlp1,bce,msle
694,0.8635348317743963,0.13920217870627072,0.9230769230769231,0.764065335753176,0.9988137603795967,0.8658097686375321,13.0,Trifolium.incarnatum,0.6871422588300993,opth,4,False,mlp1,bce,msle
695,0.8984012377514183,0.03656685857604596,0.8571428571428571,0.7870036101083032,0.9988545246277205,0.8803634528016153,7.0,Trifolium.pallescens,0.6441464672511603,opth,4,False,mlp1,bce,msle
696,0.7893693693693693,0.015520458180858496,0.2,0.8765765765765766,0.9959058341862845,0.9324389075227599,5.0,Vicia.pannonica,0.07657657657657668,opth,4,False,mlp1,bce,msle
697,0.7423642672139961,0.074343721377238,0.8157894736842105,0.5394614670380687,0.9880952380952381,0.6978978978978979,38.0,Vicia.tenuifolia,0.35525094072227925,opth,4,False,mlp1,bce,msle
698,0.8787534121929026,0.13471520974938703,0.8125,0.827115559599636,0.9967105263157895,0.904027846842367,16.0,Gentiana.angustifolia,0.639615559599636,opth,4,False,mlp1,bce,msle
699,0.8783533765032377,0.11622542954703138,0.7941176470588235,0.8251618871415356,0.9922135706340378,0.901010101010101,34.0,Gentiana.brachyphylla,0.6192795342003592,opth,4,False,mlp1,bce,msle
700,0.8598109810981098,0.019258962030007622,0.75,0.8901890189018902,0.998989898989899,0.9414564493098525,4.0,Gentiana.orbicularis,0.6401890189018902,opth,4,False,mlp1,bce,msle
701,0.8327687443541102,0.1664560136839761,0.625,0.7868112014453478,0.9965675057208238,0.8793538616860171,8.0,Gentiana.rostanii,0.41181120144534766,opth,4,False,mlp1,bce,msle
702,0.8084446243086469,0.1489788672452266,0.6428571428571429,0.7440982058545798,0.9752475247524752,0.8441349758971612,56.0,Gentianella.campestris,0.38695534871172255,opth,4,False,mlp1,bce,msle
703,0.6292639138240574,0.0024154589371980675,0.0,0.7692998204667864,0.9988344988344988,0.8691683569979716,1.0,Gentianella.ciliata,-0.23070017953321365,opth,4,False,mlp1,bce,msle
704,0.770197486535009,0.0038910505836575876,0.0,0.8671454219030521,0.9989658738366081,0.9283998077847189,1.0,Gentianella.tenella,-0.1328545780969479,opth,4,False,mlp1,bce,msle
705,0.9627133872416891,0.09583333333333333,0.5,0.9604672057502246,0.9990654205607477,0.9793861658268438,2.0,Hypericum.tetrapterum,0.4604672057502246,opth,4,False,mlp1,bce,msle
706,0.7465188241361527,0.04362654523746644,0.7142857142857143,0.7066787003610109,0.9974522292993631,0.8272583201267829,7.0,Herniaria.incana,0.42096441464672507,opth,4,False,mlp1,bce,msle
707,0.7962128043282236,0.019521197529879065,0.6666666666666666,0.7042380522993688,0.9974457215836526,0.8255813953488372,6.0,Calamintha.nepeta,0.3709047189660355,opth,4,False,mlp1,bce,msle
708,0.8868468468468469,0.03327289993956661,0.8,0.7891891891891892,0.9988597491448119,0.8817312531454454,5.0,Mentha.aquatica,0.5891891891891894,opth,4,False,mlp1,bce,msle
709,0.8754132852419597,0.044972941258895095,0.8333333333333334,0.9071235347159603,0.9990069513406157,0.9508506616257089,6.0,Mentha.longifolia,0.7404568680492938,opth,4,False,mlp1,bce,msle
710,0.7260191846522782,0.008945382898656283,0.6666666666666666,0.7571942446043165,0.9988137603795967,0.8613810741687979,3.0,Nepeta.nepetella,0.423860911270983,opth,4,False,mlp1,bce,msle
711,0.7691269126912692,0.009237823529736854,0.25,0.8478847884788479,0.9968253968253968,0.9163424124513618,4.0,Prunella.hyssopifolia,0.09788478847884785,opth,4,False,mlp1,bce,msle
712,0.9490407673860911,0.03414018647840093,1.0,0.8534172661870504,1.0,0.9209121785540999,3.0,Teucrium.polium,0.8534172661870505,opth,4,False,mlp1,bce,msle
713,0.9568654019873533,0.19165906417184955,0.875,0.8617886178861789,0.9989528795811519,0.9253152279340446,8.0,Linum.bienne,0.7367886178861789,opth,4,False,mlp1,bce,msle
714,0.844905175184828,0.16627003798985812,0.7647058823529411,0.8005464480874317,0.9954699886749717,0.8874305906108026,17.0,Linum.suffruticosum,0.5652523304403729,opth,4,False,mlp1,bce,msle
715,0.8316395663956639,0.030456445422643346,0.25,0.9494128274616079,0.9943235572374646,0.9713493530499075,8.0,Lythrum.salicaria,0.19941282746160782,opth,4,False,mlp1,bce,msle
716,0.934068406840684,0.20229850386100384,0.75,0.7884788478847885,0.9988597491448119,0.8812877263581489,4.0,Althaea.hirsuta,0.5384788478847886,opth,4,False,mlp1,bce,msle
717,0.7073873873873874,0.011232049139868474,0.4,0.9045045045045045,0.997020854021847,0.9485120453471895,5.0,Epilobium.parviflorum,0.3045045045045045,opth,4,False,mlp1,bce,msle
718,0.9228172817281728,0.031930566289205035,1.0,0.8073807380738074,1.0,0.8934262948207171,4.0,Plantago.sempervirens,0.8073807380738074,opth,4,False,mlp1,bce,msle
719,0.9186526850969177,0.376869341455377,0.8636363636363636,0.8369876072449952,0.9898534385569335,0.9070247933884298,66.0,Armeria.alpina,0.7006239708813589,opth,4,False,mlp1,bce,msle
720,0.8275006529119875,0.11965029896391542,0.7142857142857143,0.8062157221206582,0.9932432432432432,0.8900100908173562,21.0,Polygala.calcarea,0.5205014364063725,opth,4,False,mlp1,bce,msle
721,0.8340750158931977,0.2576028104011344,0.6538461538461539,0.8659320477502296,0.990546218487395,0.9240568348848603,26.0,Rumex.arifolius,0.5197782015963834,opth,4,False,mlp1,bce,msle
722,0.9070080862533694,0.014285714285714285,0.0,0.9514824797843666,0.998114985862394,0.9742410303587856,2.0,Rumex.conglomeratus,-0.04851752021563338,opth,4,False,mlp1,bce,msle
723,0.6788179978573978,0.06364041805911175,0.6129032258064516,0.6918819188191881,0.984251968503937,0.8125677139761647,31.0,Rumex.nebroides,0.30478514462563977,opth,4,False,mlp1,bce,msle
724,0.7735946364105208,0.1977105718952106,0.5714285714285714,0.8655234657039711,0.9968814968814969,0.9265700483091788,7.0,Rumex.pseudalpinus,0.4369520371325426,opth,4,False,mlp1,bce,msle
725,0.8953424657534247,0.1265819340714699,0.7,0.8593607305936073,0.9936642027455121,0.921645445641528,20.0,Androsace.adfinis,0.5593607305936072,opth,4,False,mlp1,bce,msle
726,0.8875944317120787,0.20317406809438035,0.8409090909090909,0.7600373482726424,0.9914738124238733,0.8604651162790697,44.0,Androsace.vitaliana,0.6009464391817332,opth,4,False,mlp1,bce,msle
727,0.741628959276018,0.017708377072135097,1.0,0.5457013574660633,1.0,0.7060889929742389,10.0,Primula.vulgaris,0.5457013574660632,opth,4,False,mlp1,bce,msle
728,0.9162162162162162,0.029699872585525776,1.0,0.6945945945945946,1.0,0.8197767145135566,5.0,Aconitum.anthora,0.6945945945945946,opth,4,False,mlp1,bce,msle
729,0.9278995433789954,0.20464283192514107,0.85,0.8200913242009132,0.9966703662597114,0.8997995991983968,20.0,Anemone.baldensis,0.6700913242009132,opth,4,False,mlp1,bce,msle
730,0.9356969696969697,0.24990548512797528,1.0,0.7854545454545454,1.0,0.879837067209776,15.0,Anemone.narcissifolia,0.7854545454545454,opth,4,False,mlp1,bce,msle
731,0.844059405940594,0.15994468579660126,0.5,0.8757875787578758,0.997948717948718,0.9328859060402684,4.0,Caltha.palustris,0.3757875787578757,opth,4,False,mlp1,bce,msle
732,0.6134682755936162,0.05662515427070186,0.42857142857142855,0.7320617620345141,0.9901719901719902,0.8417754569190601,14.0,Ranunculus.aduncus,0.1606331906059426,opth,4,False,mlp1,bce,msle
733,0.8673418972332015,0.1240992566667734,0.7272727272727273,0.7998188405797102,0.9966139954853274,0.8874371859296483,11.0,Ranunculus.carinthiacus,0.5270915678524375,opth,4,False,mlp1,bce,msle
734,0.8397945550517992,0.274996025863791,0.7640449438202247,0.7738791423001949,0.9742331288343559,0.8625746876697447,89.0,Ranunculus.sartorianus,0.5379240861204195,opth,4,False,mlp1,bce,msle
735,0.8571589882565492,0.0625483743625442,0.625,0.8283649503161699,0.9967391304347826,0.9047853971386285,8.0,Reseda.phyteuma,0.45336495031616986,opth,4,False,mlp1,bce,msle
736,0.9355780459322695,0.11632624978928353,1.0,0.8074477747502271,1.0,0.893467336683417,14.0,Alchemilla.fissa,0.8074477747502271,opth,4,False,mlp1,bce,msle
737,0.8709092847244431,0.24385331034986893,0.660377358490566,0.8361581920903954,0.9801324503311258,0.9024390243902439,53.0,Alchemilla.flabellata,0.49653555058096144,opth,4,False,mlp1,bce,msle
738,0.8523525817293003,0.11848923158412467,0.8333333333333334,0.7506874427131073,0.9951397326852977,0.8557993730407524,24.0,Alchemilla.glabra,0.5840207760464406,opth,4,False,mlp1,bce,msle
739,0.8804770642201836,0.1688176685497779,0.88,0.7192660550458716,0.9961880559085133,0.835375599360682,25.0,Alchemilla.glaucescens,0.5992660550458715,opth,4,False,mlp1,bce,msle
740,0.7684081882065383,0.07155982319143421,0.7916666666666666,0.69019248395967,0.9934036939313984,0.8144943212547323,24.0,Alchemilla.monticola,0.4818591506263368,opth,4,False,mlp1,bce,msle
741,0.9616929255483472,0.49488095819100164,0.9166666666666666,0.8943466172381835,0.996900826446281,0.9428431851489986,36.0,Alchemilla.pentaphyllea,0.8110132839048503,opth,4,False,mlp1,bce,msle
742,0.9285120186309572,0.20245770236135135,0.7727272727272727,0.8938700823421775,0.994908350305499,0.9416867469879519,22.0,Filipendula.ulmaria,0.6665973550694502,opth,4,False,mlp1,bce,msle
743,0.8933393339333933,0.02753514115957894,1.0,0.7893789378937894,1.0,0.8822937625754527,4.0,Potentilla.brauneana,0.7893789378937894,opth,4,False,mlp1,bce,msle
744,0.8045563549160671,0.04912477130784508,0.6666666666666666,0.914568345323741,0.9990176817288802,0.9549295774647887,3.0,Potentilla.neglecta,0.5812350119904077,opth,4,False,mlp1,bce,msle
745,0.9427101200686107,0.4291191777412388,0.7818181818181819,0.9150943396226415,0.9877800407331976,0.9500489715964741,55.0,Sibbaldia.procumbens,0.6969125214408234,opth,4,False,mlp1,bce,msle
746,0.8819819819819821,0.02411729377425996,1.0,0.7603603603603604,1.0,0.8638689866939611,5.0,Galium.megalospermum,0.7603603603603604,opth,4,False,mlp1,bce,msle
747,0.8023670668953689,0.28458589304190224,0.6545454545454545,0.779245283018868,0.9775147928994082,0.8671916010498688,55.0,Galium.obliquum,0.4337907375643226,opth,4,False,mlp1,bce,msle
748,0.8311231665662046,0.1693142489269752,0.5555555555555556,0.9041591320072333,0.9960159362549801,0.9478672985781991,9.0,Galium.palustre,0.4597146875627889,opth,4,False,mlp1,bce,msle
749,0.910569105691057,0.05195760407750365,0.625,0.9205058717253839,0.99706457925636,0.9572569281352747,8.0,Galium.pseudohelveticum,0.5455058717253838,opth,4,False,mlp1,bce,msle
750,0.9855985598559855,0.37708986415882967,1.0,0.8181818181818182,1.0,0.9,4.0,Galium.uliginosum,0.8181818181818183,opth,4,False,mlp1,bce,msle
751,0.8276378896882495,0.03419624523320622,0.6666666666666666,0.7886690647482014,0.9988610478359908,0.8814070351758794,3.0,Salix.foetida,0.45533573141486805,opth,4,False,mlp1,bce,msle
752,0.8709349593495935,0.06320184171725474,0.375,0.975609756097561,0.9953917050691244,0.9854014598540146,8.0,Thesium.divaricatum,0.35060975609756095,opth,4,False,mlp1,bce,msle
753,0.8440605239385727,0.024874113917139874,0.875,0.7886178861788617,0.9988558352402745,0.8813730439172135,8.0,Saxifraga.bryoides,0.6636178861788617,opth,4,False,mlp1,bce,msle
754,0.8608898891966759,0.12166404119793975,0.625,0.8236380424746076,0.9867256637168141,0.8978359335681932,32.0,Saxifraga.exarata,0.4486380424746077,opth,4,False,mlp1,bce,msle
755,0.9408190819081907,0.11514331236079271,1.0,0.8325832583258326,1.0,0.9086444007858546,4.0,Digitalis.grandiflora,0.8325832583258326,opth,4,False,mlp1,bce,msle
756,0.9547704770477048,0.07939585712473037,1.0,0.7317731773177317,1.0,0.8451143451143451,4.0,Euphrasia.officinalis,0.7317731773177316,opth,4,False,mlp1,bce,msle
757,0.7727272727272727,0.03293755569432848,0.5,0.8856885688568857,0.9979716024340771,0.9384835479256081,4.0,Linaria.simplex,0.3856885688568856,opth,4,False,mlp1,bce,msle
758,0.7736936936936937,0.011084697880723075,0.4,0.7792792792792793,0.9965437788018433,0.8746208291203236,5.0,Pedicularis.cenisia,0.17927927927927945,opth,4,False,mlp1,bce,msle
759,0.8212675430240681,0.1382366683068918,0.5517241379310345,0.8720073664825047,0.9864583333333333,0.9257086999022482,29.0,Pedicularis.comosa,0.423731504413539,opth,4,False,mlp1,bce,msle
760,0.8301544050862852,0.055260667135972226,0.5,0.8119891008174387,0.9922308546059934,0.8931068931068931,14.0,Pedicularis.kerneri,0.3119891008174387,opth,4,False,mlp1,bce,msle
761,0.767927927927928,0.011759547331187548,0.2,0.8558558558558559,0.9958071278825996,0.9205426356589147,5.0,Pedicularis.rosea,0.05585585585585595,opth,4,False,mlp1,bce,msle
762,0.8649255593445896,0.07228937016838773,0.9090909090909091,0.7666971637694419,0.9976190476190476,0.867046042421107,22.0,Pedicularis.rostratospicata,0.6757880728603509,opth,4,False,mlp1,bce,msle
763,0.9135135135135135,0.05185243536285688,1.0,0.6009009009009009,1.0,0.7507034327518289,5.0,Verbascum.chaixii,0.6009009009009008,opth,4,False,mlp1,bce,msle
764,0.8815634278277138,0.24749166769664954,0.8478260869565217,0.784845650140318,0.991725768321513,0.8762402088772846,46.0,Veronica.allionii,0.6326717370968398,opth,4,False,mlp1,bce,msle
765,0.9162491560956543,0.3649011348338527,0.5471698113207547,0.9331450094161958,0.9763546798029556,0.954260953298026,53.0,Veronica.alpina,0.48031482073695053,opth,4,False,mlp1,bce,msle
766,0.7681977423121837,0.04434730636101522,0.7142857142857143,0.7293369663941871,0.9950433705080545,0.8417190775681341,14.0,Veronica.austriaca,0.4436226806799013,opth,4,False,mlp1,bce,msle
767,0.76765855124737,0.012780525241289096,0.3333333333333333,0.78809738503156,0.9954441913439636,0.879718168092602,6.0,Veronica.verna,0.12143071836489328,opth,4,False,mlp1,bce,msle
768,0.9592322495695331,0.34736648567549855,0.9444444444444444,0.8824065633546034,0.9989680082559339,0.9370764762826719,18.0,Valeriana.tuberosa,0.8268510077990479,opth,4,False,mlp1,bce,msle
769,0.8820816864295126,0.3370919378465879,0.8181818181818182,0.8052536231884058,0.9977553310886644,0.8912280701754386,11.0,Viola.saxatilis,0.6234354413702241,opth,4,False,mlp1,bce,msle
770,0.8780378037803781,0.276856833642548,0.75,0.8037803780378038,0.9988814317673378,0.8907730673316708,4.0,Carex.acutiformis,0.5537803780378039,opth,4,False,mlp1,bce,msle
771,0.9568345323741008,0.03878547242132041,1.0,0.8588129496402878,1.0,0.9240445089501693,3.0,Carex.bicolor,0.8588129496402876,opth,4,False,mlp1,bce,msle
772,0.745949594959496,0.019267687208695573,0.75,0.5301530153015301,0.9983050847457627,0.6925338036449148,4.0,Carex.cuprina,0.28015301530153014,opth,4,False,mlp1,bce,msle
773,0.9941494149414942,0.31997863247863245,1.0,0.9612961296129613,1.0,0.9802661771454796,4.0,Carex.disticha,0.9612961296129612,opth,4,False,mlp1,bce,msle
774,0.9232093023255814,0.2121594425726955,0.775,0.88,0.9905759162303664,0.9320197044334976,40.0,Carex.foetida,0.655,opth,4,False,mlp1,bce,msle
775,0.788164002062919,0.08929723106278342,0.42857142857142855,0.9025270758122743,0.9960159362549801,0.946969696969697,7.0,Carex.frigida,0.3310985043837029,opth,4,False,mlp1,bce,msle
776,0.9955076370170711,0.26666666666666666,1.0,0.9424977538185085,1.0,0.9703977798334875,2.0,Carex.melanostachya,0.9424977538185084,opth,4,False,mlp1,bce,msle
777,0.6830154405086285,0.1407986019343938,0.5714285714285714,0.7257039055404177,0.9925465838509316,0.838405036726128,14.0,Carex.ovalis,0.29713247696898915,opth,4,False,mlp1,bce,msle
778,0.8363309352517985,0.17337814750355265,0.3333333333333333,0.9226618705035972,0.9980544747081712,0.9588785046728971,3.0,Carex.paniculata,0.2559952038369304,opth,4,False,mlp1,bce,msle
779,0.9015185021376971,0.22759514858257296,0.8235294117647058,0.8402255639097744,0.9900332225913622,0.9089984748347738,51.0,Carex.parviflora,0.6637549756744803,opth,4,False,mlp1,bce,msle
780,0.7155715571557155,0.010513980075335137,0.75,0.6975697569756976,0.9987113402061856,0.8214096449390567,4.0,Carex.viridula,0.44756975697569756,opth,4,False,mlp1,bce,msle
781,0.5483798379837984,0.01029138775457574,0.25,0.6363636363636364,0.995774647887324,0.7764964305326744,4.0,Eleocharis.quinqueflora,-0.11363636363636365,opth,4,False,mlp1,bce,msle
782,0.7213706041478809,0.34050124304571433,0.6666666666666666,0.6167718665464382,0.9970845481049563,0.762116991643454,6.0,Eriophorum.polystachion,0.28343853321310486,opth,4,False,mlp1,bce,msle
783,0.8988131868131868,0.3126921643579615,0.7384615384615385,0.8752380952380953,0.9818376068376068,0.9254783484390735,65.0,Kobresia.myosuroides,0.6136996336996337,opth,4,False,mlp1,bce,msle
784,0.9793536804308797,0.041666666666666664,1.0,0.7594254937163375,1.0,0.863265306122449,1.0,Schoenus.nigricans,0.7594254937163374,opth,4,False,mlp1,bce,msle
785,0.7801530153015301,0.025967038814891694,0.5,0.891989198919892,0.9979859013091642,0.9420152091254753,4.0,Scirpoides.holoschoenus,0.39198919891989203,opth,4,False,mlp1,bce,msle
786,0.856405529953917,0.11162447637753094,0.8,0.783410138248848,0.9929906542056075,0.8758371973209685,30.0,Muscari.neglectum,0.5834101382488481,opth,4,False,mlp1,bce,msle
787,0.8816943674976916,0.13401277211998003,0.71875,0.8541089566020313,0.9903640256959315,0.917203767972236,32.0,Crocus.vernus,0.5728589566020315,opth,4,False,mlp1,bce,msle
788,0.8771377137713772,0.056585384813459844,0.5,0.9693969396939695,0.9981464318813716,0.9835616438356164,4.0,Juncus.conglomeratus,0.46939693969396945,opth,4,False,mlp1,bce,msle
789,0.880238743998962,0.08190521741042336,0.8571428571428571,0.7638510445049954,0.9976275207591934,0.8652263374485597,14.0,Luzula.alpinopilosa,0.6209939016478525,opth,4,False,mlp1,bce,msle
790,0.8790553076267362,0.28309091124784524,0.8918918918918919,0.7931354359925789,0.9953434225844005,0.8828084667010841,37.0,Luzula.nutans,0.6850273278844707,opth,4,False,mlp1,bce,msle
791,0.7973621103117505,0.01234534411240473,0.6666666666666666,0.8246402877697842,0.9989106753812637,0.903448275862069,3.0,Gagea.fragifera,0.4913069544364508,opth,4,False,mlp1,bce,msle
792,0.970972097209721,0.10425534610317219,1.0,0.8181818181818182,1.0,0.9,4.0,Tulipa.australis,0.8181818181818183,opth,4,False,mlp1,bce,msle
793,0.8486757990867579,0.06625842879600656,0.8,0.7863013698630137,0.9953757225433526,0.8785714285714286,20.0,Dactylorhiza.latifolia,0.5863013698630137,opth,4,False,mlp1,bce,msle
794,0.7824440052700922,0.034656865430087475,0.6363636363636364,0.779891304347826,0.9953757225433526,0.8745556119857796,11.0,Ophrys.fuciflora,0.4162549407114624,opth,4,False,mlp1,bce,msle
795,0.8175067506750675,0.024849320052446233,0.75,0.8703870387038704,0.9989669421487604,0.9302549302549302,4.0,Orchis.purpurea,0.6203870387038704,opth,4,False,mlp1,bce,msle
796,0.891089108910891,0.03301472832722833,0.25,0.9027902790279028,0.9970178926441352,0.9475673122342938,4.0,Orchis.simia,0.15279027902790276,opth,4,False,mlp1,bce,msle
797,0.9220939710251623,0.38043288039486395,0.7534246575342466,0.8819577735124761,0.9807897545357525,0.9287518948964123,73.0,Alopecurus.alpinus,0.6353824310467227,opth,4,False,mlp1,bce,msle
798,0.995483288166215,0.7104166666666667,1.0,0.9467028003613369,1.0,0.9726218097447796,8.0,Alopecurus.rendlei,0.9467028003613369,opth,4,False,mlp1,bce,msle
799,0.7885385625941235,0.40403002525881593,0.7378640776699029,0.6974697469746974,0.9215116279069767,0.793988728866625,206.0,Avenula.pubescens,0.43533382464460035,opth,4,False,mlp1,bce,msle
800,0.8716105267829404,0.23212302277543448,0.5952380952380952,0.8657968313140727,0.9820295983086681,0.9202575532441802,42.0,Avenula.versicolor,0.46103492655216805,opth,4,False,mlp1,bce,msle
801,0.7482980718274836,0.2867506375049569,0.7712418300653595,0.5904365904365905,0.9419568822553898,0.7258785942492013,153.0,Brachypodium.rupestre,0.3616784205019501,opth,4,False,mlp1,bce,msle
802,0.8205454545454545,0.08482007434655522,0.4,0.82,0.9901207464324918,0.8970661362506216,15.0,Bromus.commutatus,0.21999999999999997,opth,4,False,mlp1,bce,msle
803,0.9481212121212121,0.28811404201680285,0.9333333333333333,0.7536363636363637,0.9987951807228915,0.8590673575129534,15.0,Bromus.racemosus,0.686969696969697,opth,4,False,mlp1,bce,msle
804,0.7439878961618093,0.05295782663445138,0.7391304347826086,0.6144688644688645,0.9911373707533235,0.7586206896551724,23.0,Elytrigia.repens,0.35359929925147315,opth,4,False,mlp1,bce,msle
805,0.8264883690366671,0.15421688604601635,0.6785714285714286,0.7626494940202392,0.9892601431980907,0.8612987012987013,28.0,Festuca.cinerea,0.4412209225916679,opth,4,False,mlp1,bce,msle
806,0.8226426547956293,0.22897620607071542,0.5178571428571429,0.8734655335221907,0.9716386554621849,0.9199403281949279,56.0,Festuca.marginata,0.3913226763793336,opth,4,False,mlp1,bce,msle
807,0.8372434017595308,0.294734258070182,0.717391304347826,0.7859237536656891,0.9686746987951808,0.8677819751753912,92.0,Festuca.pratensis,0.5033150580135151,opth,4,False,mlp1,bce,msle
808,0.7513599274705349,0.046056314095679965,0.5833333333333334,0.7742520398912058,0.9941792782305006,0.8705402650356778,12.0,Festuca.trichophylla,0.3575853732245391,opth,4,False,mlp1,bce,msle
809,0.8395092226613966,0.03222952673284941,1.0,0.7210144927536232,1.0,0.8378947368421052,11.0,Gaudinia.fragilis,0.7210144927536231,opth,4,False,mlp1,bce,msle
810,0.8778820816864294,0.08603335376462465,0.8181818181818182,0.8088768115942029,0.9977653631284916,0.8934467233616809,11.0,Helictotrichon.parlatorei,0.627058629776021,opth,4,False,mlp1,bce,msle
811,0.9097460745829244,0.4801155631242168,0.9166666666666666,0.7693817468105987,0.98989898989899,0.8658199889563777,96.0,Helictotrichon.sedenense,0.6860484134772653,opth,4,False,mlp1,bce,msle
812,0.8498091219610208,0.03518433614057606,0.7777777777777778,0.7685352622061483,0.9976525821596244,0.8682328907048008,9.0,Helictotrichon.sempervirens,0.546313039983926,opth,4,False,mlp1,bce,msle
813,0.6221922731356693,0.009608843537414966,0.5,0.44384546271338726,0.997979797979798,0.6144278606965174,2.0,Hordeum.murinum,-0.05615453728661279,opth,4,False,mlp1,bce,msle
814,0.892545837090472,0.1607693913742543,0.8333333333333334,0.8827772768259693,0.9989795918367347,0.9372905696505505,6.0,Hordeum.secalinum,0.7161106101593027,opth,4,False,mlp1,bce,msle
815,0.7437631499849714,0.02463381075728885,0.3333333333333333,0.7628494138863842,0.9952941176470588,0.8637059724349158,6.0,Koeleria.cenisia,0.09618274721971742,opth,4,False,mlp1,bce,msle
816,0.8325570776255707,0.18367525736305873,0.95,0.5680365296803653,0.9983948635634029,0.7240977881257276,20.0,Molinia.caerulea,0.5180365296803653,opth,4,False,mlp1,bce,msle
817,0.7177016790588893,0.11345919991603491,0.7962962962962963,0.5212064090480678,0.9804964539007093,0.6806153846153846,54.0,Phleum.pratense,0.317502705344364,opth,4,False,mlp1,bce,msle
818,0.8666855256954267,0.3480195548025193,0.8285714285714286,0.7633663366336634,0.9771863117870723,0.8571428571428571,105.0,Poa.trivialis,0.5919377652050919,opth,4,False,mlp1,bce,msle
819,0.8450450450450451,0.02080943050511952,0.6,0.8081081081081081,0.9977753058954394,0.8929815828770533,5.0,Vulpia.bromoides,0.40810810810810816,opth,4,False,mlp1,bce,msle
820,0.88602372356885,0.03831611095757535,1.0,0.7545126353790613,1.0,0.8600823045267489,7.0,Vulpia.ciliata,0.7545126353790614,opth,4,False,mlp1,bce,msle
821,0.9183242917420132,0.10310349716452386,0.5555555555555556,0.8987341772151899,0.9959919839679359,0.9448669201520913,9.0,Equisetum.variegatum,0.4542897327707456,opth,4,False,mlp1,bce,msle
822,0.9325883604996359,0.3485204693990106,0.6666666666666666,0.9306839186691312,0.9891944990176817,0.959047619047619,33.0,Pachypleurum.mutellinoides,0.5973505853357979,opth,4,False,mlp1,bce,msle
823,0.8037837837837837,0.02840903540903541,0.6,0.7216216216216216,0.9975093399750934,0.8374281233664401,5.0,Libanotis.pyrenaica,0.32162162162162167,opth,4,False,mlp1,bce,msle
824,0.8647276084949216,0.20502213981532216,0.875,0.7220683287165282,0.9949109414758269,0.8368111289459604,32.0,Alchemilla.alpigena,0.5970683287165282,opth,4,False,mlp1,bce,msle
825,0.8540416026804412,0.12804044684200355,0.6153846153846154,0.8593466424682396,0.9947478991596639,0.9221032132424537,13.0,Anacamptis.morio,0.47473125785285486,opth,4,False,mlp1,bce,msle
826,0.8396396396396396,0.019430894070127654,1.0,0.654054054054054,1.0,0.7908496732026143,5.0,Mutellina.adonidifolia,0.654054054054054,opth,4,False,mlp1,bce,msle
827,0.8731293489657803,0.21347214835314107,0.6410256410256411,0.8680297397769516,0.9852320675105485,0.9229249011857708,39.0,Avenula.pratensis,0.5090553808025926,opth,4,False,mlp1,bce,msle
828,0.8136146788990825,0.09947744732240646,0.68,0.8027522935779816,0.9909399773499433,0.8869741510390269,25.0,Gymnadenia.nigra,0.48275229357798155,opth,4,False,mlp1,bce,msle
829,0.7179256594724222,0.006073666218090238,0.0,0.935251798561151,0.99712368168744,0.9651972157772621,3.0,Murbeckiella.pinnatifida,-0.06474820143884896,opth,4,False,mlp1,bce,msle
830,0.730990990990991,0.012102900041009296,0.6,0.7711711711711712,0.9976689976689976,0.8699186991869918,5.0,Silene.conica,0.37117117117117115,opth,4,False,mlp1,bce,msle
