,auc,prauc,sensitivity,specificity,precision,f1,support,species,tss,postprocess,fold,prr,archi,species_loss,func_loss
0,0.9125615763546798,0.18823714111717135,0.7857142857142857,0.8157894736842105,0.9966740576496674,0.8972055888223552,14.0,Aceras.anthropophorum,0.6015037593984962,opth,3,False,mlp1,bce,msle
1,0.8815519548089787,0.24069739611828728,0.8387096774193549,0.8119815668202764,0.9943566591422122,0.8939624556062912,31.0,Achillea.collina,0.6506912442396313,opth,3,False,mlp1,bce,msle
2,0.7494087157809983,0.4790441289411644,0.7847222222222222,0.5664251207729468,0.8832391713747646,0.6902133922001472,288.0,Achillea.millefolium,0.35114734299516903,opth,3,False,mlp1,bce,msle
3,0.8621350364963504,0.17319154809630016,0.5,0.8658759124087592,0.9895724713242962,0.9236009732360098,20.0,Achillea.nana,0.36587591240875916,opth,3,False,mlp1,bce,msle
4,0.9323489010989011,0.4956964280005471,0.8269230769230769,0.8994360902255639,0.9906832298136646,0.9428571428571428,52.0,Achillea.roseo.alba,0.7263591671486407,opth,3,False,mlp1,bce,msle
5,0.9540540540540541,0.15387595163457232,0.8333333333333334,0.918018018018018,0.9990196078431373,0.9568075117370892,6.0,Achnatherum.calamagrostis,0.7513513513513512,opth,3,False,mlp1,bce,msle
6,0.8421073582389587,0.18299452787631676,0.7659574468085106,0.7913938260056127,0.9871645274212368,0.8785046728971962,47.0,Acinos.alpinus,0.5573512728141234,opth,3,False,mlp1,bce,msle
7,0.8969323985661263,0.27178992245869216,0.8620689655172413,0.7782888684452622,0.9952941176470588,0.8735157459989675,29.0,Acinos.arvensis,0.6403578339625036,opth,3,False,mlp1,bce,msle
8,0.9206349206349207,0.12390900179156947,1.0,0.8274932614555256,1.0,0.9056047197640118,3.0,Aconitum.lycoctonum,0.8274932614555257,opth,3,False,mlp1,bce,msle
9,0.8068283917340522,0.020200808393532853,0.0,0.9847259658580413,0.997270245677889,0.9909584086799277,3.0,Cacalia.leucophylla,-0.015274034141958714,opth,3,False,mlp1,bce,msle
10,0.8065529622980252,0.16898685228151583,0.5,0.9766606822262118,0.9990817263544536,0.9877439854743532,2.0,Aegopodium.podagraria,0.47666068222621183,opth,3,False,mlp1,bce,msle
11,0.908899631791198,0.2497662509692017,0.7837837837837838,0.8461538461538461,0.991313789359392,0.913,37.0,Agrimonia.eupatoria,0.62993762993763,opth,3,False,mlp1,bce,msle
12,0.8933775892365857,0.3124327800100723,0.6792452830188679,0.8748824082784572,0.9820485744456178,0.9253731343283582,53.0,Agrostis.alpina,0.554127691297325,opth,3,False,mlp1,bce,msle
13,0.8337617895703918,0.401511721293821,0.8151260504201681,0.7151454363089268,0.9700680272108844,0.8233256351039261,119.0,Agrostis.capillaris,0.5302714867290947,opth,3,False,mlp1,bce,msle
14,0.9288373960106862,0.4970348503822145,0.8840579710144928,0.8137535816618912,0.9906976744186047,0.8935500786575773,69.0,Agrostis.rupestris,0.697811552676384,opth,3,False,mlp1,bce,msle
15,0.9149854461507578,0.10531564620919344,0.7777777777777778,0.8346883468834688,0.9978401727861771,0.9090014756517462,9.0,Agrostis.agrostiflora,0.6124661246612466,opth,3,False,mlp1,bce,msle
16,0.8118377877414021,0.29199824114286965,0.6756756756756757,0.8906394810009268,0.987667009249743,0.9366471734892787,37.0,Agrostis.stolonifera,0.5663151566766025,opth,3,False,mlp1,bce,msle
17,0.9475057713540098,0.46224031162188045,0.6666666666666666,0.9448961156278229,0.9971401334604385,0.9703153988868275,9.0,Ajuga.chamaepitys,0.6115627822944896,opth,3,False,mlp1,bce,msle
18,0.7869801084990957,0.023537041139140853,0.7,0.6781193490054249,0.9960159362549801,0.8068854222700377,10.0,Ajuga.genevensis,0.3781193490054249,opth,3,False,mlp1,bce,msle
19,0.9358858858858858,0.05455537837003354,1.0,0.8234234234234235,1.0,0.9031620553359684,6.0,Ajuga.pyramidalis,0.8234234234234235,opth,3,False,mlp1,bce,msle
20,0.8853921170255994,0.2796532388430469,0.7391304347826086,0.8233644859813084,0.986562150055991,0.8976057055527255,46.0,Ajuga.reptans,0.5624949207639172,opth,3,False,mlp1,bce,msle
21,0.9274576596459242,0.31824705675203885,0.6842105263157895,0.8878760255241568,0.9938775510204082,0.9378911892152143,19.0,Alchemilla.alpina,0.5720865518399463,opth,3,False,mlp1,bce,msle
22,0.8213349327392682,0.23264954386023304,0.7636363636363637,0.7191328934967012,0.9832474226804123,0.8307022318998367,55.0,Alchemilla.xanthochlora,0.48276925713306484,opth,3,False,mlp1,bce,msle
23,0.9344115004492362,0.12839506172839507,1.0,0.8418688230008985,1.0,0.9141463414634147,3.0,Allium.lusitanicum,0.8418688230008984,opth,3,False,mlp1,bce,msle
24,0.7694822888283379,0.11299242500337067,0.7333333333333333,0.7674841053587648,0.9952885747938751,0.8666666666666667,15.0,Allium.oleraceum,0.500817438692098,opth,3,False,mlp1,bce,msle
25,0.7865280289330923,0.25071529912758406,0.6,0.8996383363471971,0.995995995995996,0.9453681710213777,10.0,Allium.schoenoprasum,0.49963833634719723,opth,3,False,mlp1,bce,msle
26,0.8673267326732673,0.08370843858086947,0.6,0.9423942394239424,0.998093422306959,0.9694444444444444,5.0,Allium.scorodoprasum,0.5423942394239423,opth,3,False,mlp1,bce,msle
27,0.9332028701891715,0.30471161159589105,0.8095238095238095,0.9269406392694064,0.9960745829244357,0.9602649006622517,21.0,Allium.sphaerocephalon,0.7364644487932159,opth,3,False,mlp1,bce,msle
28,0.7587996389891696,0.034694477480431356,0.75,0.648014440433213,0.9972222222222222,0.7855579868708972,8.0,Allium.vineale,0.3980144404332129,opth,3,False,mlp1,bce,msle
29,0.9109705911873934,0.37404762497422245,0.7777777777777778,0.8464317976513098,0.9978700745473909,0.9159335288367546,9.0,Alopecurus.pratensis,0.6242095754290875,opth,3,False,mlp1,bce,msle
30,0.9202590194264569,0.34244314992099484,0.6285714285714286,0.8899167437557817,0.9866666666666667,0.9357976653696498,35.0,Alyssum.alyssoides,0.5184881723272103,opth,3,False,mlp1,bce,msle
31,0.8358327697999125,0.07647816611087636,0.782608695652174,0.7630375114364135,0.9940405244338498,0.8633540372670807,23.0,Anacamptis.pyramidalis,0.5456462070885875,opth,3,False,mlp1,bce,msle
32,0.9400440757065076,0.21998698518901266,0.7142857142857143,0.9219600725952813,0.996078431372549,0.9575871819038643,14.0,Androsace.obtusifolia,0.6362457868809956,opth,3,False,mlp1,bce,msle
33,0.9654398563734291,0.046875,1.0,0.9416517055655296,1.0,0.9699491447064262,2.0,Angelica.sylvestris,0.9416517055655296,opth,3,False,mlp1,bce,msle
34,0.9373043107982868,0.3005595084823297,0.972972972972973,0.8461538461538461,0.9989059080962801,0.9162067235323633,37.0,Antennaria.carpatica,0.8191268191268191,opth,3,False,mlp1,bce,msle
35,0.8695193678707225,0.3007685699307503,0.78125,0.7832699619771863,0.9832935560859188,0.8719576719576719,64.0,Antennaria.dioica,0.5645199619771863,opth,3,False,mlp1,bce,msle
36,0.9932553956834532,0.24717643467643466,1.0,0.987410071942446,1.0,0.9936651583710407,4.0,Anthemis.arvensis,0.9874100719424459,opth,3,False,mlp1,bce,msle
37,0.9176954732510287,0.17175761640550372,0.8888888888888888,0.7479674796747967,0.9987937273823885,0.8553719008264463,9.0,Anthericum.liliago,0.6368563685636857,opth,3,False,mlp1,bce,msle
38,0.717500299329502,0.4972568614599944,0.6925287356321839,0.640625,0.8213689482470785,0.719824433065106,348.0,Anthoxanthum.odoratum,0.33315373563218387,opth,3,False,mlp1,bce,msle
39,0.8631333943833944,0.1274939443136022,0.75,0.815018315018315,0.9933035714285714,0.8953722334004024,24.0,Anthriscus.sylvestris,0.565018315018315,opth,3,False,mlp1,bce,msle
40,0.7367706060797936,0.33813787294542846,0.5026737967914439,0.7814854682454252,0.8864468864468864,0.8306636155606407,187.0,Anthyllis.vulneraria,0.28415926503686917,opth,3,False,mlp1,bce,msle
41,0.9887791741472173,0.10427807486631016,1.0,0.8303411131059246,1.0,0.9073075036782736,2.0,Aphanes.arvensis,0.8303411131059246,opth,3,False,mlp1,bce,msle
42,0.8839928057553956,0.024130624403410027,0.75,0.8336330935251799,0.9989224137931034,0.9088235294117647,4.0,Aquilegia.vulgaris,0.5836330935251799,opth,3,False,mlp1,bce,msle
43,0.8135013501350135,0.029046208585095695,0.6,0.8910891089108911,0.9979838709677419,0.9415121255349501,5.0,Arabidopsis.thaliana,0.4910891089108911,opth,3,False,mlp1,bce,msle
44,0.8577030812324931,0.17737921900471706,0.7555555555555555,0.7833800186741363,0.9870588235294118,0.8735033836543467,45.0,Arabis.ciliata,0.5389355742296917,opth,3,False,mlp1,bce,msle
45,0.7904446285556476,0.14610457309137348,0.7450980392156863,0.6535211267605634,0.9816643159379408,0.7846674182638106,51.0,Arabis.hirsuta,0.3986191659762497,opth,3,False,mlp1,bce,msle
46,0.8281505337866046,0.34137683704155564,0.6296296296296297,0.8299516908212561,0.9662542182227222,0.8929313929313929,81.0,Arenaria.serpyllifolia,0.45958132045088584,opth,3,False,mlp1,bce,msle
47,0.8882643884892086,0.03132281817230245,0.25,0.9649280575539568,0.9972118959107806,0.9808043875685558,4.0,Armeria.arenaria,0.21492805755395672,opth,3,False,mlp1,bce,msle
48,0.8681433031068828,0.28971398522428354,0.7096774193548387,0.8,0.9897377423033067,0.8848114169215087,31.0,Arnica.montana,0.5096774193548388,opth,3,False,mlp1,bce,msle
49,0.8588262589093499,0.5232272567822456,0.7931034482758621,0.7677984665936474,0.9434724091520862,0.8466183574879227,203.0,Arrhenatherum.elatius,0.5609019148695094,opth,3,False,mlp1,bce,msle
50,0.9713771377137713,0.13434970826275175,0.8,0.9135913591359136,0.9990157480314961,0.9543958627174424,5.0,Artemisia.absinthium,0.7135913591359135,opth,3,False,mlp1,bce,msle
51,0.9320514298892989,0.3569517880679411,0.84375,0.8883763837638377,0.9948347107438017,0.9385964912280702,32.0,Artemisia.campestris,0.7321263837638377,opth,3,False,mlp1,bce,msle
52,0.848948948948949,0.019802930669720657,0.0,0.9414414414414415,0.994291151284491,0.967144840351689,6.0,Artemisia.vulgaris,-0.058558558558558516,opth,3,False,mlp1,bce,msle
53,0.84375,0.15821924220706424,0.6875,0.8239700374531835,0.9832402234636871,0.8965868568517575,48.0,Asperula.cynanchica,0.5114700374531835,opth,3,False,mlp1,bce,msle
54,0.930505415162455,0.20734027860075926,0.875,0.8267148014440433,0.9989094874591058,0.9046913580246914,8.0,Asphodelus.albus,0.7017148014440433,opth,3,False,mlp1,bce,msle
55,0.889893001735107,0.24610602907334944,0.7884615384615384,0.8289473684210527,0.9876819708846585,0.9013796627491057,52.0,Aster.alpinus,0.617408906882591,opth,3,False,mlp1,bce,msle
56,0.8585927960927962,0.19205793628348755,0.7083333333333334,0.9065934065934066,0.9929789368104313,0.9478219243657252,24.0,Aster.bellidiastrum,0.61492673992674,opth,3,False,mlp1,bce,msle
57,0.9860861759425494,0.5303030303030303,1.0,0.9497307001795332,1.0,0.9742173112338858,2.0,Aster.linosyris,0.9497307001795332,opth,3,False,mlp1,bce,msle
58,0.8822502908426125,0.22382947039212825,0.8181818181818182,0.8519195612431444,0.9957264957264957,0.9182266009852217,22.0,Astragalus.alpinus,0.6701013794249626,opth,3,False,mlp1,bce,msle
59,0.788858939802336,0.33882595967057916,0.6666666666666666,0.7834681042228212,0.9988545246277205,0.878147029204431,3.0,Astragalus.depressus,0.45013477088948783,opth,3,False,mlp1,bce,msle
60,0.8841063244729606,0.1301939659681505,0.68,0.9000916590284143,0.9919191919191919,0.9437770302739068,25.0,Astragalus.monspessulanus,0.5800916590284144,opth,3,False,mlp1,bce,msle
61,0.9430857487922706,0.3324814334993884,0.6666666666666666,0.9465579710144928,0.996186844613918,0.9707385044124478,12.0,Astragalus.onobrychis,0.6132246376811594,opth,3,False,mlp1,bce,msle
62,0.8976660682226212,0.04032258064516129,0.5,0.8949730700179533,0.998997995991984,0.9441287878787878,2.0,Astragalus.penduliflorus,0.39497307001795345,opth,3,False,mlp1,bce,msle
63,0.9239654312780455,0.16990033589000048,0.8636363636363636,0.8053016453382084,0.996606334841629,0.890798786653185,22.0,Astrantia.major,0.668938008974572,opth,3,False,mlp1,bce,msle
64,0.9943794964028777,0.7844827586206897,1.0,0.935251798561151,1.0,0.966542750929368,4.0,Astrantia.minor,0.935251798561151,opth,3,False,mlp1,bce,msle
65,0.841661051212938,0.17243170625396542,0.7321428571428571,0.7867924528301887,0.9823321554770318,0.8737558931377685,56.0,Deschampsia.flexuosa,0.5189353099730458,opth,3,False,mlp1,bce,msle
66,0.8940426561188338,0.3414736744879472,0.5970149253731343,0.892278360343184,0.9719626168224299,0.9304174950298211,67.0,Bartsia.alpina,0.48929328571631814,opth,3,False,mlp1,bce,msle
67,0.9011822557020297,0.32997362543086206,0.7962962962962963,0.8229755178907722,0.9875706214689266,0.8977914740626605,54.0,Bellis.perennis,0.6192718141870683,opth,3,False,mlp1,bce,msle
68,0.8742503478386028,0.10445108260132781,0.7894736842105263,0.8222424794895169,0.9955849889624724,0.9006490264603095,19.0,Biscutella.laevigata,0.6117161637000432,opth,3,False,mlp1,bce,msle
69,0.9066880535602204,0.16550980067611648,0.5384615384615384,0.929283771532185,0.9941804073714839,0.9606373008434864,13.0,Blackstonia.perfoliata,0.46774530999372343,opth,3,False,mlp1,bce,msle
70,0.8886507220216606,0.20673125801866526,0.625,0.8880866425992779,0.9969604863221885,0.9393794749403341,8.0,Blysmus.compressus,0.5130866425992779,opth,3,False,mlp1,bce,msle
71,0.9465412855854696,0.10145165215442706,0.7142857142857143,0.9422903516681695,0.9980897803247374,0.9693877551020408,7.0,Bothriochloa.ischaemum,0.656576065953884,opth,3,False,mlp1,bce,msle
72,0.8225897493790922,0.2081298781345977,0.6511627906976745,0.8300970873786407,0.9661016949152542,0.8929503916449086,86.0,Botrychium.lunaria,0.4812598780763153,opth,3,False,mlp1,bce,msle
73,0.8846672661870504,0.04389278700807557,0.75,0.8525179856115108,0.9989462592202318,0.9199417758369723,4.0,Brachypodium.sylvaticum,0.6025179856115108,opth,3,False,mlp1,bce,msle
74,0.7494481609389716,0.3962508155291792,0.625531914893617,0.7094211123723042,0.876577840112202,0.7841907151819323,235.0,Briza.media,0.33495302726592113,opth,3,False,mlp1,bce,msle
75,0.8961379749639969,0.7851308775560503,0.7867647058823529,0.8389830508474576,0.8722466960352423,0.8552915766738661,408.0,Bromus.erectus,0.6257477567298104,opth,3,False,mlp1,bce,msle
76,0.8933226922053739,0.24691208436018194,0.9047619047619048,0.7327746741154563,0.9949431099873578,0.8439678284182306,42.0,Bromus.hordeaceus,0.637536578877361,opth,3,False,mlp1,bce,msle
77,0.9961066187481282,0.5166666666666666,1.0,0.9326145552560647,1.0,0.9651324965132496,3.0,Bromus.squarrosus,0.9326145552560647,opth,3,False,mlp1,bce,msle
78,0.8969406274306456,0.22350567487592313,0.7857142857142857,0.7803992740471869,0.996523754345307,0.8753180661577609,14.0,Bromus.sterilis,0.5661135597614726,opth,3,False,mlp1,bce,msle
79,0.9791179117911791,0.20923444976076555,1.0,0.9432943294329433,1.0,0.9708198239925891,5.0,Bromus.tectorum,0.9432943294329434,opth,3,False,mlp1,bce,msle
80,0.9005690326445044,0.054801894918173985,0.6666666666666666,0.7762803234501348,0.9988439306358381,0.8736097067745198,3.0,Bunias.orientalis,0.4429469901168015,opth,3,False,mlp1,bce,msle
81,0.882638888888889,0.33426693884851183,0.7666666666666667,0.8390151515151515,0.9844444444444445,0.9059304703476483,60.0,Bunium.bulbocastanum,0.6056818181818182,opth,3,False,mlp1,bce,msle
82,0.7877587758775877,0.01491433663740382,0.0,0.9207920792079208,0.995136186770428,0.9565217391304348,5.0,Buphthalmum.salicifolium,-0.07920792079207917,opth,3,False,mlp1,bce,msle
83,0.8817085817993259,0.13249210879297127,0.8571428571428571,0.8003629764065335,0.997737556561086,0.8882175226586103,14.0,Bupleurum.falcatum,0.6575058335493906,opth,3,False,mlp1,bce,msle
84,0.8906578256302521,0.23120439015585872,0.7857142857142857,0.8125,0.9932584269662922,0.8938321536905965,28.0,Bupleurum.ranunculoides,0.5982142857142856,opth,3,False,mlp1,bce,msle
85,0.8152061187451387,0.13694653886440664,0.7142857142857143,0.8611615245009074,0.9958027282266527,0.9236009732360098,14.0,Calamagrostis.varia,0.5754472387866216,opth,3,False,mlp1,bce,msle
86,0.5426774483378257,0.003848332223046416,0.0,0.8903863432165319,0.9969818913480886,0.9406739439962032,3.0,Calluna.vulgaris,-0.10961365678346813,opth,3,False,mlp1,bce,msle
87,0.9421615354888574,0.25254476499283474,0.7142857142857143,0.975653742110009,0.9981549815498155,0.9867761057911537,7.0,Calystegia.sepium,0.6899394563957233,opth,3,False,mlp1,bce,msle
88,0.9674796747967479,0.4901121899410822,0.7777777777777778,0.9331526648599819,0.9980676328502416,0.9645191409897292,9.0,Campanula.barbata,0.7109304426377596,opth,3,False,mlp1,bce,msle
89,0.838140052620927,0.061334545158738776,0.7777777777777778,0.7167577413479053,0.9949431099873578,0.8332451032292219,18.0,Campanula.cochleariifolia,0.49453551912568305,opth,3,False,mlp1,bce,msle
90,0.8639485423799149,0.23349096846287776,0.8666666666666667,0.7544351073762838,0.9926289926289926,0.8572944297082228,45.0,Campanula.glomerata,0.6211017740429505,opth,3,False,mlp1,bce,msle
91,0.9905405405405405,0.40827827143616613,1.0,0.9225225225225225,1.0,0.9597000937207123,6.0,Campanula.rapunculoides,0.9225225225225224,opth,3,False,mlp1,bce,msle
92,0.8086780575539568,0.0221329498555346,0.5,0.8893884892086331,0.9979818365287588,0.9405611031859249,4.0,Campanula.rapunculus,0.389388489208633,opth,3,False,mlp1,bce,msle
93,0.9111622073578596,0.5447245538975058,0.8461538461538461,0.8053359683794467,0.9807460890493381,0.8844275637547477,104.0,Campanula.rhomboidalis,0.6514898145332928,opth,3,False,mlp1,bce,msle
94,0.7050318524378565,0.2448042426606779,0.5531914893617021,0.6986301369863014,0.9444444444444444,0.8031496062992126,94.0,Campanula.rotundifolia,0.25182162634800354,opth,3,False,mlp1,bce,msle
95,0.894105944765174,0.4179205361297827,0.7,0.8529411764705882,0.9556818181818182,0.9013933547695605,130.0,Campanula.scheuchzeri,0.552941176470588,opth,3,False,mlp1,bce,msle
96,0.9659192825112107,0.02564102564102564,1.0,0.874439461883408,1.0,0.9330143540669856,1.0,Campanula.thyrsoides,0.8744394618834082,opth,3,False,mlp1,bce,msle
97,0.7356342718740538,0.03149415003271061,0.6,0.7656675749318801,0.9929328621908127,0.8646153846153846,15.0,Capsella.bursa.pastoris,0.36566757493188007,opth,3,False,mlp1,bce,msle
98,0.961754068716094,0.30208898604241824,0.8,0.9475587703435805,0.9980952380952381,0.9721706864564007,10.0,Cardamine.pratensis,0.7475587703435806,opth,3,False,mlp1,bce,msle
99,0.8439425051334701,0.41425027048900115,0.795774647887324,0.7453798767967146,0.9615894039735099,0.8397917871602082,142.0,Carduus.defloratus,0.5411545246840386,opth,3,False,mlp1,bce,msle
100,0.7556960754792733,0.05648984776957332,0.5555555555555556,0.7100271002710027,0.9949367088607595,0.8286768581971534,9.0,Carduus.nutans,0.26558265582655816,opth,3,False,mlp1,bce,msle
101,0.8754972875226039,0.05528878764571389,0.8,0.8200723327305606,0.9977997799779978,0.9002481389578164,10.0,Carex.atrata,0.6200723327305606,opth,3,False,mlp1,bce,msle
102,0.9520702394089142,0.4646951683939663,0.7894736842105263,0.9380127620783957,0.9961277831558567,0.9661971830985916,19.0,Carex.capillaris,0.7274864462889221,opth,3,False,mlp1,bce,msle
103,0.7691878852854463,0.25714047615695623,0.5164835164835165,0.8078048780487805,0.9495412844036697,0.8729573010015814,91.0,Carex.caryophyllea,0.3242883945322972,opth,3,False,mlp1,bce,msle
104,0.9233019359885274,0.37797339219631715,0.8793103448275862,0.8308128544423441,0.9920993227990971,0.904320987654321,58.0,Carex.curvula,0.7101231992699302,opth,3,False,mlp1,bce,msle
105,0.9071986836692719,0.2850888553087452,0.7272727272727273,0.951131221719457,0.9971537001897534,0.9735988883742474,11.0,Carex.davalliana,0.6784039489921843,opth,3,False,mlp1,bce,msle
106,0.8780460288808665,0.19491664710436699,0.5,0.8700361010830325,0.9958677685950413,0.928709055876686,8.0,Carex.distans,0.3700361010830324,opth,3,False,mlp1,bce,msle
107,0.9604316546762589,0.05107560568086884,1.0,0.7976618705035972,1.0,0.8874437218609305,4.0,Carex.divulsa,0.7976618705035972,opth,3,False,mlp1,bce,msle
108,0.9578096947935367,0.030086580086580085,1.0,0.9452423698384201,1.0,0.9718504845408399,2.0,Carex.ericetorum,0.9452423698384202,opth,3,False,mlp1,bce,msle
109,0.7900179856115108,0.14732828713412313,0.5,0.8210431654676259,0.9978142076502732,0.900838677849038,4.0,Carex.ferruginea,0.3210431654676258,opth,3,False,mlp1,bce,msle
110,0.7915356461673283,0.24965126595596948,0.6631578947368421,0.7894221351616063,0.9618138424821002,0.8671328671328671,95.0,Carex.flacca,0.45258002989844837,opth,3,False,mlp1,bce,msle
111,0.8779416072649155,0.2474241981451581,0.6052631578947368,0.8803339517625232,0.9844398340248963,0.9294809010773751,38.0,Carex.halleriana,0.48559710965726,opth,3,False,mlp1,bce,msle
112,0.8996305714148636,0.13458159612740753,0.8421052631578947,0.8359161349134002,0.9967391304347826,0.9092711948438275,19.0,Carex.hirta,0.6780213980712948,opth,3,False,mlp1,bce,msle
113,0.9353735373537353,0.2662275156918846,0.4,0.9837983798379838,0.9972627737226277,0.9904848210240145,5.0,Carex.hostiana,0.3837983798379838,opth,3,False,mlp1,bce,msle
114,0.8838855960857631,0.18638968969500538,0.6086956521739131,0.8975297346752058,0.990909090909091,0.941910705712914,23.0,Carex.humilis,0.5062253868491189,opth,3,False,mlp1,bce,msle
115,0.891681763285024,0.1269388429177359,0.4166666666666667,0.9492753623188406,0.9933649289099526,0.9708198239925891,12.0,Carex.liparocarpos,0.3659420289855073,opth,3,False,mlp1,bce,msle
116,0.765528589058001,0.052673903829358264,0.36363636363636365,0.8434389140271493,0.9925452609158679,0.9119373776908023,11.0,Carex.montana,0.20707527766351297,opth,3,False,mlp1,bce,msle
117,0.8924690895466466,0.18198556683941006,0.9411764705882353,0.7224749772520473,0.9987421383647799,0.8384371700105596,17.0,Carex.spicata,0.6636514478402826,opth,3,False,mlp1,bce,msle
118,0.9250712989369976,0.49803349983484085,0.7857142857142857,0.9029038112522686,0.996993987975952,0.9476190476190476,14.0,Carex.nigra,0.6886180969665543,opth,3,False,mlp1,bce,msle
119,0.8886254271567054,0.07668078927490606,1.0,0.742520398912058,1.0,0.8522372528616025,13.0,Carex.ornithopoda,0.7425203989120579,opth,3,False,mlp1,bce,msle
120,0.9187988482106129,0.1894730587340136,0.5454545454545454,0.9113122171945701,0.9950592885375494,0.9513462446858763,11.0,Carex.pallescens,0.4567667626491154,opth,3,False,mlp1,bce,msle
121,0.8313107241063245,0.27667440286522715,0.48,0.8991750687442713,0.9869215291750503,0.9410071942446043,25.0,Carex.panicea,0.3791750687442712,opth,3,False,mlp1,bce,msle
122,0.9814504701790545,0.20739395693802987,1.0,0.8972046889089269,1.0,0.9458174904942965,7.0,Carex.rupestris,0.8972046889089269,opth,3,False,mlp1,bce,msle
123,0.8773409476023856,0.5200538058841734,0.8636363636363636,0.7592592592592593,0.962707182320442,0.8489646772228989,198.0,Carex.sempervirens,0.6228956228956228,opth,3,False,mlp1,bce,msle
124,0.8323453518376457,0.11824908237867432,0.3076923076923077,0.8803263825929284,0.9908163265306122,0.9323091694671147,13.0,Carex.tomentosa,0.1880186902852361,opth,3,False,mlp1,bce,msle
125,0.8345897802231208,0.4198289220491084,0.753731343283582,0.7443991853360489,0.9568062827225131,0.8373424971363116,134.0,Carlina.acaulis,0.4981305286196309,opth,3,False,mlp1,bce,msle
126,0.909132458035566,0.18557939564921322,0.6818181818181818,0.923217550274223,0.9931170108161259,0.9568924680246329,22.0,Carlina.vulgaris,0.6050357320924049,opth,3,False,mlp1,bce,msle
127,0.8918354538711701,0.4010009680389293,0.8823529411764706,0.7449078564500485,0.987146529562982,0.8490878938640133,85.0,Carum.carvi,0.6272607976265192,opth,3,False,mlp1,bce,msle
128,0.8815568316015071,0.529800847261335,0.8994082840236687,0.7360084477296727,0.9761904761904762,0.839253461770018,169.0,Centaurea.jacea,0.6354167317533412,opth,3,False,mlp1,bce,msle
129,0.9247672785277242,0.2249672288713376,0.8974358974358975,0.8050139275766016,0.9954075774971297,0.8901437371663244,39.0,Centaurea.montana,0.7024498250124991,opth,3,False,mlp1,bce,msle
130,0.8502016075666805,0.36533644978993196,0.831858407079646,0.7058823529411765,0.9738651994497937,0.8184971098265896,113.0,Centaurea.scabiosa,0.5377407600208226,opth,3,False,mlp1,bce,msle
131,0.8326674148896371,0.5420122991706109,0.7333333333333333,0.7542087542087542,0.9180327868852459,0.8280961182994455,225.0,Cerastium.arvense,0.4875420875420875,opth,3,False,mlp1,bce,msle
132,0.9124239023228922,0.2634704359749461,0.5925925925925926,0.9173553719008265,0.9891089108910891,0.9518818484992854,27.0,Cerastium.brachypetalum,0.5099479644934191,opth,3,False,mlp1,bce,msle
133,0.8308516389011745,0.3902303690320753,0.7142857142857143,0.7760577915376677,0.947103274559194,0.8530913216108905,147.0,Cerastium.fontanum,0.49034350582338204,opth,3,False,mlp1,bce,msle
134,0.9706933091129277,0.32200463101598975,1.0,0.9046321525885559,1.0,0.949928469241774,15.0,Cerastium.glomeratum,0.9046321525885559,opth,3,False,mlp1,bce,msle
135,0.8779545454545454,0.07552610627104585,0.5625,0.8863636363636364,0.9928716904276986,0.9365994236311239,16.0,Cerastium.pumilum,0.44886363636363624,opth,3,False,mlp1,bce,msle
136,0.8578078078078077,0.08619865470555041,0.6666666666666666,0.8441441441441442,0.9978700745473909,0.9145924841386042,6.0,Cerastium.semidecandrum,0.5108108108108107,opth,3,False,mlp1,bce,msle
137,0.8539915966386555,0.1460192147386283,0.5357142857142857,0.8998161764705882,0.9868951612903226,0.9413461538461538,28.0,Chaerophyllum.aureum,0.4355304621848739,opth,3,False,mlp1,bce,msle
138,0.8962761126248865,0.12247987767872034,0.7333333333333333,0.9109900090826522,0.9960278053624627,0.9516129032258065,15.0,Chaerophyllum.hirsutum,0.6443233424159853,opth,3,False,mlp1,bce,msle
139,0.9562347374847375,0.3454542418259218,0.75,0.9404761904761905,0.9941916747337851,0.9665882352941176,24.0,Chaerophyllum.villarsii,0.6904761904761905,opth,3,False,mlp1,bce,msle
140,0.894524236983842,0.012256164887743835,1.0,0.5610412926391383,1.0,0.718803910293272,2.0,Chenopodium.album,0.5610412926391382,opth,3,False,mlp1,bce,msle
141,0.8259892086330936,0.14517998427098866,0.5,0.8848920863309353,0.9979716024340771,0.9380362249761678,4.0,Chondrilla.juncea,0.3848920863309353,opth,3,False,mlp1,bce,msle
142,0.9191374663072777,0.02100381384231432,1.0,0.8238993710691824,1.0,0.903448275862069,3.0,Cichorium.intybus,0.8238993710691824,opth,3,False,mlp1,bce,msle
143,0.7783650501080284,0.21577389268639985,0.6835443037974683,0.7348119575699132,0.9682337992376112,0.8355263157894737,79.0,Cirsium.acaule,0.4183562613673817,opth,3,False,mlp1,bce,msle
144,0.7987724070586594,0.15836671896924917,0.7777777777777778,0.6534839924670434,0.9830028328611898,0.7850678733031674,54.0,Cirsium.arvense,0.43126177024482115,opth,3,False,mlp1,bce,msle
145,0.8417935006170301,0.09242234849787229,0.5454545454545454,0.8705882352941177,0.9948293691830403,0.9285714285714286,11.0,Cirsium.eriophorum,0.4160427807486631,opth,3,False,mlp1,bce,msle
146,0.9416741674167417,0.061666242254477546,0.2,0.9675967596759676,0.9962928637627433,0.9817351598173516,5.0,Cirsium.palustre,0.16759675967596754,opth,3,False,mlp1,bce,msle
147,0.8426576154806491,0.20548796517444548,0.5625,0.8698501872659176,0.9778947368421053,0.9207135777998018,48.0,Cirsium.spinosissimum,0.43235018726591745,opth,3,False,mlp1,bce,msle
148,0.874372686137392,0.051611508429510004,0.7272727272727273,0.8588235294117647,0.9968487394957983,0.9227029654837141,11.0,Cirsium.tuberosum,0.5860962566844918,opth,3,False,mlp1,bce,msle
149,0.8449808874854579,0.15439771520327814,0.7272727272727273,0.8308957952468007,0.9934426229508196,0.904927824788452,22.0,Cirsium.vulgare,0.5581685225195279,opth,3,False,mlp1,bce,msle
150,0.9019333607568902,0.21972502133838592,0.9090909090909091,0.7221719457013575,0.9987484355444305,0.8382352941176471,11.0,Clinopodium.vulgare,0.6312628547922665,opth,3,False,mlp1,bce,msle
151,0.8588997839454878,0.15181809746292074,0.8181818181818182,0.7230347349177331,0.9949685534591195,0.8374801482265749,22.0,Coeloglossum.viride,0.5412165530995514,opth,3,False,mlp1,bce,msle
152,0.8727689878132355,0.366405703660819,0.7676767676767676,0.7954768928220256,0.9723557692307693,0.8750676041103299,99.0,Colchicum.autumnale,0.5631536604987932,opth,3,False,mlp1,bce,msle
153,0.8864640514125051,0.42673763849066854,0.8367346938775511,0.7385192127460168,0.9899497487437185,0.8459473966720343,49.0,Convolvulus.arvensis,0.5752539066235678,opth,3,False,mlp1,bce,msle
154,0.8553394306324875,0.02716722998440414,0.5714285714285714,0.9017132551848512,0.9970089730807578,0.946969696969697,7.0,Conyza.canadensis,0.47314182661342263,opth,3,False,mlp1,bce,msle
155,0.8978207489257214,0.15816767634778128,0.6666666666666666,0.91804788213628,0.9900695134061569,0.9526994744386049,30.0,Coronilla.minima,0.5847145488029466,opth,3,False,mlp1,bce,msle
156,0.866735805029816,0.13985710607720936,0.5714285714285714,0.9283121597096189,0.9941690962099126,0.9601126231816048,14.0,Crepis.aurea,0.4997407311381903,opth,3,False,mlp1,bce,msle
157,0.861913231498919,0.18455661419799238,0.7407407407407407,0.832391713747646,0.9844097995545658,0.9020408163265307,54.0,Crepis.biennis,0.5731324544883867,opth,3,False,mlp1,bce,msle
158,0.9811597472924187,0.32693901364676015,1.0,0.8664259927797834,1.0,0.9284332688588007,8.0,Crepis.bocconi,0.8664259927797833,opth,3,False,mlp1,bce,msle
159,0.944823001495762,0.4009743307202257,0.9090909090909091,0.8903107861060329,0.9979508196721312,0.9410628019323671,22.0,Crepis.conyzifolia,0.7994016951969418,opth,3,False,mlp1,bce,msle
160,0.9273136005994754,0.209020411529404,0.8823529411764706,0.7525022747952684,0.9975874547647768,0.8578838174273858,17.0,Crepis.foetida,0.6348552159717391,opth,3,False,mlp1,bce,msle
161,0.9978397839783978,0.6311111111111112,1.0,0.991899189918992,1.0,0.9959331224582015,5.0,Crepis.mollis,0.991899189918992,opth,3,False,mlp1,bce,msle
162,0.8850446428571428,0.2916551191889905,0.7142857142857143,0.8795955882352942,0.9917098445595854,0.9322942036044812,28.0,Crepis.pyrenaica,0.5938813025210083,opth,3,False,mlp1,bce,msle
163,0.9006739791198626,0.21248906647001461,0.8571428571428571,0.8260869565217391,0.9944320712694877,0.9024759979787772,35.0,Crepis.vesicaria,0.6832298136645962,opth,3,False,mlp1,bce,msle
164,0.8896489648964897,0.06759645659894105,0.4,0.8883888388838884,0.996969696969697,0.9395525940028557,5.0,Cruciata.glabra,0.28838883888388844,opth,3,False,mlp1,bce,msle
165,0.8949847454905528,0.0827501464395822,0.9411764705882353,0.7852593266606005,0.9988425925925926,0.8792664289353032,17.0,Cruciata.laevipes,0.7264357972488358,opth,3,False,mlp1,bce,msle
166,0.7674174174174173,0.01386371310312791,0.3333333333333333,0.863063063063063,0.9958419958419958,0.9247104247104247,6.0,Cruciata.pedemontana,0.1963963963963964,opth,3,False,mlp1,bce,msle
167,0.7593713770449568,0.053626502127682815,0.7142857142857143,0.7357980162308386,0.9975550122249389,0.8469122989102231,7.0,Cuscuta.epithymum,0.4500837305165528,opth,3,False,mlp1,bce,msle
168,0.8868729574103855,0.27690880261553075,0.8918918918918919,0.7802303262955854,0.9902557856272838,0.8727858293075684,74.0,Cynosurus.cristatus,0.6721222181874773,opth,3,False,mlp1,bce,msle
169,0.8425829616331366,0.6793132650585371,0.8450704225352113,0.6938239159001314,0.9056603773584906,0.7857142857142857,355.0,Dactylis.glomerata,0.5388943384353426,opth,3,False,mlp1,bce,msle
170,0.5506726457399103,0.00199203187250996,0.0,0.8349775784753363,0.9989270386266095,0.9096238397655105,1.0,Dactylorhiza.maculata,-0.16502242152466373,opth,3,False,mlp1,bce,msle
171,0.7972433337627206,0.08179034762736981,0.2857142857142857,0.9603246167718665,0.9953271028037384,0.9775126204681046,7.0,Dactylorhiza.majalis,0.24603890248615223,opth,3,False,mlp1,bce,msle
172,0.6236510791366906,0.025089730287096705,0.25,0.8633093525179856,0.9968847352024922,0.9253012048192771,4.0,Danthonia.decumbens,0.11330935251798557,opth,3,False,mlp1,bce,msle
173,0.8680035053353267,0.3551431585248236,0.8842105263157894,0.7257590597453477,0.9853723404255319,0.8358714043993232,95.0,Daucus.carota,0.6099695860611372,opth,3,False,mlp1,bce,msle
174,0.8438444872985261,0.1857002118118489,0.7692307692307693,0.7892293407613742,0.989522700814901,0.878099173553719,39.0,Deschampsia.cespitosa,0.5584601099921436,opth,3,False,mlp1,bce,msle
175,0.8607698162444275,0.2752521777048705,0.7647058823529411,0.7744916820702403,0.9905437352245863,0.8692946058091287,34.0,Dianthus.carthusianorum,0.5391975644231815,opth,3,False,mlp1,bce,msle
176,0.8772277227722771,0.03483698345619095,0.6,0.9108910891089109,0.9980276134122288,0.9524705882352941,5.0,Dianthus.deltoides,0.5108910891089109,opth,3,False,mlp1,bce,msle
177,0.8763708178438662,0.21196093153922735,0.525,0.9172862453531598,0.9811133200795229,0.9481268011527377,40.0,Dianthus.sylvestris,0.44228624535315975,opth,3,False,mlp1,bce,msle
178,0.9347109913147649,0.0263482271678993,1.0,0.8787061994609164,1.0,0.9354375896700143,3.0,Dipsacus.fullonum,0.8787061994609164,opth,3,False,mlp1,bce,msle
179,0.8947443181818181,0.32671419392547957,0.8333333333333334,0.8380681818181818,0.9888268156424581,0.9072270630445926,60.0,Draba.aizoides,0.6714015151515151,opth,3,False,mlp1,bce,msle
180,0.990134529147982,0.08333333333333333,1.0,0.9390134529147982,1.0,0.9685476410730804,1.0,Draba.siliquosa,0.9390134529147982,opth,3,False,mlp1,bce,msle
181,0.9370812502125634,0.2841178932913731,0.9629629629629629,0.7722681359044995,0.998812351543943,0.8710512687726567,27.0,Dryas.octopetala,0.7352310988674624,opth,3,False,mlp1,bce,msle
182,0.8065289008685236,0.011012782349987378,0.0,0.9784366576819407,0.9972527472527473,0.9877551020408163,3.0,Dryopteris.filix.mas,-0.021563342318059342,opth,3,False,mlp1,bce,msle
183,0.8135680109364319,0.11032463617840957,0.7894736842105263,0.7040816326530612,0.9895697522816167,0.8227642276422764,38.0,Echium.vulgare,0.49355531686358756,opth,3,False,mlp1,bce,msle
184,0.8981149012567324,0.013167013167013167,1.0,0.7315978456014363,1.0,0.844997407983411,2.0,Epilobium.angustifolium,0.7315978456014363,opth,3,False,mlp1,bce,msle
185,0.8204204204204205,0.04283806139446946,0.0,0.9972972972972973,0.9946091644204852,0.9959514170040485,6.0,Epipactis.palustris,-0.002702702702702675,opth,3,False,mlp1,bce,msle
186,0.8138449572206378,0.11020881993007312,0.7142857142857143,0.7096188747731398,0.9949109414758269,0.8283898305084746,14.0,Equisetum.arvense,0.423904589058854,opth,3,False,mlp1,bce,msle
187,0.8445247415437117,0.11715021579688199,0.4444444444444444,0.96386630532972,0.9953358208955224,0.9793483249196879,9.0,Equisetum.palustre,0.40831074977416426,opth,3,False,mlp1,bce,msle
188,0.9101527403414196,0.02005068080208032,0.0,0.9739442946990117,0.9972401103955841,0.9854545454545455,3.0,Equisetum.telmateia,-0.02605570530098833,opth,3,False,mlp1,bce,msle
189,0.97262118491921,0.049516908212560384,1.0,0.8447037701974865,1.0,0.9158150851581508,2.0,Erigeron.acer,0.8447037701974867,opth,3,False,mlp1,bce,msle
190,0.8531975730525142,0.07591185503003992,0.46153846153846156,0.8839528558476881,0.9928716904276986,0.935251798561151,13.0,Erigeron.alpinus,0.3454913173861498,opth,3,False,mlp1,bce,msle
191,0.9531135995939473,0.24639401527722826,1.0,0.8187672493100276,1.0,0.900354071825999,29.0,Erigeron.annuus,0.8187672493100275,opth,3,False,mlp1,bce,msle
192,0.8681113138686132,0.11560545487337513,0.45,0.8759124087591241,0.9886714727085479,0.9288824383164006,20.0,Erigeron.glabratus,0.3259124087591241,opth,3,False,mlp1,bce,msle
193,0.8315031503150315,0.044329912051338564,0.6,0.8865886588658866,0.9979736575481256,0.9389895138226882,5.0,Erigeron.neglectus,0.48658865886588654,opth,3,False,mlp1,bce,msle
194,0.9055278361344538,0.2475673182567784,0.7857142857142857,0.8262867647058824,0.9933701657458563,0.902157551430005,28.0,Erigeron.uniflorus,0.6120010504201681,opth,3,False,mlp1,bce,msle
195,0.8807588075880759,0.1506122132218214,0.2222222222222222,0.9629629629629629,0.9934762348555451,0.9779816513761468,9.0,Erodium.cicutarium,0.18518518518518512,opth,3,False,mlp1,bce,msle
196,0.7885594489368074,0.03670957542908762,0.6666666666666666,0.9146451033243486,0.9990186457311089,0.9549718574108818,3.0,Erophila.verna,0.5813117699910153,opth,3,False,mlp1,bce,msle
197,0.9281203970541146,0.4698488139010182,0.7866666666666666,0.882804995196926,0.9828877005347594,0.930161943319838,75.0,Eryngium.campestre,0.6694716618635925,opth,3,False,mlp1,bce,msle
198,0.88823657316808,0.16320523773606732,0.6190476190476191,0.8812785388127854,0.9917780061664954,0.9332688588007737,21.0,Erysimum.rhaeticum,0.5003261578604046,opth,3,False,mlp1,bce,msle
199,0.9474429988406544,0.21108607936946389,0.8571428571428571,0.8845807033363391,0.9989816700610998,0.9383070301291249,7.0,Erysimum.virgatum,0.7417235604791963,opth,3,False,mlp1,bce,msle
200,0.7338420107719928,0.015674603174603174,0.5,0.9676840215439856,0.9990732159406858,0.9831281349749202,2.0,Eupatorium.cannabinum,0.4676840215439855,opth,3,False,mlp1,bce,msle
201,0.7845007767264512,0.33652292717742094,0.7534246575342466,0.6907216494845361,0.9490084985835694,0.7995226730310262,146.0,Euphorbia.cyparissias,0.44414630701878277,opth,3,False,mlp1,bce,msle
202,0.8741342968985245,0.13984159365996532,0.7777777777777778,0.7506775067750677,0.9975990396158463,0.856701030927835,9.0,Euphorbia.dulcis,0.5284552845528454,opth,3,False,mlp1,bce,msle
203,0.9838565022421525,0.05263157894736842,1.0,0.9533632286995516,1.0,0.9761248852157943,1.0,Euphorbia.helioscopia,0.9533632286995517,opth,3,False,mlp1,bce,msle
204,0.927992799279928,0.6325125628140703,0.8,0.9540954095409541,0.9990574929311969,0.9760589318600368,5.0,Euphorbia.seguieriana,0.754095409540954,opth,3,False,mlp1,bce,msle
205,0.8771971650881033,0.25942637459114687,0.8604651162790697,0.6691519105312209,0.9917127071823204,0.7991096271563717,43.0,Euphorbia.brittingeri,0.5296170268102907,opth,3,False,mlp1,bce,msle
206,0.8378273269380347,0.058322315992996886,0.5714285714285714,0.9137931034482759,0.9940769990128332,0.9522458628841608,14.0,Euphrasia.alpina,0.4852216748768474,opth,3,False,mlp1,bce,msle
207,0.906613789571308,0.35485474483192064,0.7681159420289855,0.8567335243553008,0.9824753559693319,0.9153061224489796,69.0,Euphrasia.minima,0.6248494663842863,opth,3,False,mlp1,bce,msle
208,0.8522376543209876,0.2606508300933206,0.75,0.8388888888888889,0.9901639344262295,0.9082706766917293,36.0,Euphrasia.salisburgensis,0.588888888888889,opth,3,False,mlp1,bce,msle
209,0.8581384892086331,0.02540160426880565,0.75,0.7733812949640287,0.9988385598141696,0.8717688798783578,4.0,Euphrasia.stricta,0.5233812949640289,opth,3,False,mlp1,bce,msle
210,0.8911747568463986,0.4407211867200524,0.8378378378378378,0.7870646766169154,0.9777503090234858,0.8721058434399118,111.0,Festuca.arundinacea,0.6249025144547531,opth,3,False,mlp1,bce,msle
211,0.9387085391672548,0.42803848386303106,0.7692307692307693,0.9660550458715597,0.9943342776203966,0.9799906933457422,26.0,Festuca.ovina,0.7352858151023289,opth,3,False,mlp1,bce,msle
212,0.9522603978300181,0.14364937334918573,0.8,0.9195298372513563,0.9980372914622179,0.9571764705882353,10.0,Festuca.halleri,0.7195298372513563,opth,3,False,mlp1,bce,msle
213,0.8493060993060992,0.4067566256064316,0.7857142857142857,0.7442827442827443,0.9559412550066756,0.836937463471654,154.0,Festuca.laevigata,0.52999702999703,opth,3,False,mlp1,bce,msle
214,0.8358590970876596,0.44847116557606376,0.7253521126760564,0.7885010266940452,0.9516728624535316,0.862436833239753,142.0,Festuca.nigrescens,0.5138531393701016,opth,3,False,mlp1,bce,msle
215,0.9273921832884098,0.5084077011340581,0.8392857142857143,0.8669811320754717,0.990301724137931,0.9245472837022133,56.0,Festuca.paniculata,0.7062668463611859,opth,3,False,mlp1,bce,msle
216,0.9401207960834398,0.49911533230363114,0.9166666666666666,0.8237547892720306,0.9930715935334873,0.900523560209424,72.0,Festuca.quadriflora,0.7404214559386972,opth,3,False,mlp1,bce,msle
217,0.7264307519042116,0.2823741312576287,0.5217391304347826,0.8047034764826176,0.9226260257913247,0.8596395412342982,138.0,Festuca.rubra,0.32644260691740024,opth,3,False,mlp1,bce,msle
218,0.954046867209573,0.39615173592544073,0.8181818181818182,0.9305301645338209,0.9960861056751468,0.9621928166351607,22.0,Festuca.valesiaca,0.7487119827156392,opth,3,False,mlp1,bce,msle
219,0.8887640227913488,0.48508426917568465,0.7735849056603774,0.8369905956112853,0.956989247311828,0.8929765886287625,159.0,Festuca.violacea,0.6105755012716627,opth,3,False,mlp1,bce,msle
220,0.8594734768907563,0.26461212555650565,0.6785714285714286,0.84375,0.9902912621359223,0.9111662531017369,28.0,Filipendula.vulgaris,0.5223214285714286,opth,3,False,mlp1,bce,msle
221,0.8312274368231046,0.057552168899741775,0.5,0.8041516245487365,0.9955307262569832,0.8896655017473789,8.0,Fragaria.vesca,0.30415162454873634,opth,3,False,mlp1,bce,msle
222,0.8912844036697248,0.21700401492056962,0.2692307692307692,0.9715596330275229,0.9823747680890538,0.9769372693726938,26.0,Fumana.procumbens,0.24079040225829207,opth,3,False,mlp1,bce,msle
223,0.9083708370837084,0.06865675852934539,0.8,0.8082808280828083,0.9988876529477196,0.8935323383084577,5.0,Galeopsis.tetrahit,0.6082808280828083,opth,3,False,mlp1,bce,msle
224,0.8388898629862486,0.18518383443767364,0.7567567567567568,0.7784986098239111,0.9893992932862191,0.8713692946058091,37.0,Galium.anisophyllon,0.5352553665806679,opth,3,False,mlp1,bce,msle
225,0.8855475763016157,0.03194444444444444,1.0,0.6310592459605027,1.0,0.7738029719317556,2.0,Galium.aparine,0.6310592459605027,opth,3,False,mlp1,bce,msle
226,0.8444237918215614,0.1540918296592751,0.875,0.7091078066914498,0.9934895833333334,0.8275488069414316,40.0,Galium.boreale,0.5841078066914498,opth,3,False,mlp1,bce,msle
227,0.9301323026609186,0.2848184360537101,0.7419354838709677,0.9124423963133641,0.9919839679358717,0.9505520883341335,31.0,Galium.corrudifolium,0.6543778801843319,opth,3,False,mlp1,bce,msle
228,0.8947758124228713,0.060657369839652836,0.45454545454545453,0.9031674208144796,0.9940239043824701,0.9464201043148411,11.0,Galium.glaucum,0.3577128753599341,opth,3,False,mlp1,bce,msle
229,0.7984945255474453,0.07655884490867212,0.7,0.6587591240875912,0.9917582417582418,0.7916666666666666,20.0,Galium.lucidum,0.35875912408759114,opth,3,False,mlp1,bce,msle
230,0.8283291480147031,0.5292385143354132,0.8544600938967136,0.646733111849391,0.9495934959349593,0.769433465085639,213.0,Galium.mollugo,0.5011932057461046,opth,3,False,mlp1,bce,msle
231,0.7770389397209472,0.31406494313023725,0.753731343283582,0.7046843177189409,0.9544827586206897,0.8107791446983011,134.0,Galium.pumilum,0.45841566100252296,opth,3,False,mlp1,bce,msle
232,0.8001782404404966,0.5404655387282424,0.7750865051903114,0.656590084643289,0.8930921052631579,0.756794425087108,289.0,Galium.verum,0.4316765898336006,opth,3,False,mlp1,bce,msle
233,0.9237439834520069,0.26398634855949615,0.6956521739130435,0.8764867337602927,0.9927461139896373,0.9310009718172984,23.0,Genista.pilosa,0.5721389076733363,opth,3,False,mlp1,bce,msle
234,0.9460072595281308,0.21560080329867615,0.9285714285714286,0.7985480943738656,0.9988649262202043,0.8875441250630358,14.0,Genista.sagittalis,0.7271195229452942,opth,3,False,mlp1,bce,msle
235,0.9153468385512584,0.2759600566283112,0.6,0.934622467771639,0.9883154819863681,0.9607193563653573,30.0,Genista.tinctoria,0.5346224677716389,opth,3,False,mlp1,bce,msle
236,0.8807714123652864,0.2218763739610082,0.7560975609756098,0.8074418604651162,0.9886104783599089,0.8888888888888888,41.0,Gentiana.acaulis,0.5635394214407259,opth,3,False,mlp1,bce,msle
237,0.960126582278481,0.3592852681672533,0.7,0.9792043399638336,0.9972375690607734,0.9881386861313869,10.0,Gentiana.alpina,0.6792043399638334,opth,3,False,mlp1,bce,msle
238,0.9579443942587574,0.14303567100857387,0.7777777777777778,0.9349593495934959,0.9980713596914176,0.9654850746268657,9.0,Gentiana.bavarica,0.7127371273712737,opth,3,False,mlp1,bce,msle
239,0.887128712871287,0.024466006311848098,1.0,0.7857785778577858,1.0,0.8800403225806451,5.0,Gentiana.cruciata,0.7857785778577857,opth,3,False,mlp1,bce,msle
240,0.8900170905800744,0.4222861720300616,0.8620689655172413,0.7910592808551993,0.9854721549636803,0.8776280323450135,87.0,Gentiana.lutea,0.6531282463724406,opth,3,False,mlp1,bce,msle
241,0.8626704545454545,0.13244859118724459,0.375,0.9490909090909091,0.9905123339658444,0.9693593314763231,16.0,Gentiana.nivalis,0.3240909090909092,opth,3,False,mlp1,bce,msle
242,0.8946654611211573,0.1998548025219886,0.5,0.9213381555153707,0.9951171875,0.9568075117370892,10.0,Gentiana.punctata,0.4213381555153708,opth,3,False,mlp1,bce,msle
243,0.9016461799070494,0.48516960590838126,0.8,0.8201798201798202,0.9727488151658767,0.8899728997289973,115.0,Gentiana.verna,0.6201798201798203,opth,3,False,mlp1,bce,msle
244,0.8813196785066114,0.07602315135881625,0.7142857142857143,0.8321234119782214,0.995656894679696,0.9065743944636678,14.0,Geranium.columbinum,0.5464091262639357,opth,3,False,mlp1,bce,msle
245,0.9370119156736939,0.24559557276186375,0.96,0.7800183318056828,0.9988262910798122,0.8759650025733402,25.0,Geranium.dissectum,0.7400183318056828,opth,3,False,mlp1,bce,msle
246,0.9722222222222222,0.39916508283506363,0.9166666666666666,0.9012681159420289,0.998995983935743,0.9476190476190476,12.0,Geranium.molle,0.8179347826086956,opth,3,False,mlp1,bce,msle
247,0.853780864197531,0.17902178502065758,0.8055555555555556,0.7555555555555555,0.991494532199271,0.8575932737782449,36.0,Geranium.pyrenaicum,0.5611111111111111,opth,3,False,mlp1,bce,msle
248,0.8263016157989228,0.008888888888888889,0.5,0.8123877917414721,0.9988962472406181,0.8960396039603961,2.0,Geranium.robertianum,0.31238779174147213,opth,3,False,mlp1,bce,msle
249,0.7821492805755396,0.00968578042886025,0.0,0.9487410071942446,0.996222851746931,0.9719023491478581,4.0,Geranium.rotundifolium,-0.05125899280575541,opth,3,False,mlp1,bce,msle
250,0.8703204552261157,0.01366134809553945,1.0,0.6549865229110512,1.0,0.7915309446254072,3.0,Geranium.sanguineum,0.6549865229110512,opth,3,False,mlp1,bce,msle
251,0.8961560178951483,0.5758159706293953,0.8869565217391304,0.7842157842157842,0.9837092731829574,0.8727070594774875,115.0,Geranium.sylvaticum,0.6711723059549146,opth,3,False,mlp1,bce,msle
252,0.906982912664731,0.5191259217960851,0.9391891891891891,0.7789256198347108,0.9882044560943644,0.8711727325245523,148.0,Geum.montanum,0.7181148090238998,opth,3,False,mlp1,bce,msle
253,0.9480049362402303,0.40325321701526146,0.8181818181818182,0.890497737556561,0.9979716024340771,0.9411764705882353,11.0,Geum.rivale,0.7086795557383794,opth,3,False,mlp1,bce,msle
254,0.8014942676800206,0.0646052585893238,0.42857142857142855,0.7303877366997295,0.995085995085995,0.8424336973478939,7.0,Geum.urbanum,0.15895916527115794,opth,3,False,mlp1,bce,msle
255,0.9120953237410072,0.05055194233381975,0.5,0.9055755395683454,0.998017839444995,0.9495520980669495,4.0,Glechoma.hederacea,0.40557553956834536,opth,3,False,mlp1,bce,msle
256,0.875638352810665,0.30642823754326987,0.6122448979591837,0.9053420805998126,0.9807106598984772,0.9415204678362573,49.0,Globularia.bisnagarica,0.5175869785589962,opth,3,False,mlp1,bce,msle
257,0.8542981627818366,0.30022921895184806,0.5263157894736842,0.8772426817752597,0.9717573221757322,0.9220843672456576,57.0,Globularia.cordifolia,0.40355847124894373,opth,3,False,mlp1,bce,msle
258,0.9913147648996705,0.4304093567251462,1.0,0.9568733153638814,1.0,0.977961432506887,3.0,Globularia.nudicaulis,0.9568733153638815,opth,3,False,mlp1,bce,msle
259,0.7813691584641305,0.1087302739640162,0.6904761904761905,0.7216014897579144,0.983502538071066,0.832438238453276,42.0,Gymnadenia.conopsea,0.41207768023410485,opth,3,False,mlp1,bce,msle
260,0.8992045454545454,0.198806892219456,0.75,0.8981818181818182,0.9959677419354839,0.9445506692160612,16.0,Gypsophila.repens,0.6481818181818182,opth,3,False,mlp1,bce,msle
261,0.8000872151530738,0.45460828154403765,0.6494845360824743,0.7581344902386117,0.9113428943937418,0.827708703374778,194.0,Helianthemum.nummularium,0.40761902632108593,opth,3,False,mlp1,bce,msle
262,0.6997299729972997,0.018868975285565283,0.4,0.8172817281728173,0.9967069154774972,0.8981206726013847,5.0,Helleborus.foetidus,0.21728172817281743,opth,3,False,mlp1,bce,msle
263,0.8838957586318599,0.4004889706938473,0.8045977011494253,0.7725947521865889,0.979064039408867,0.8636610537751223,87.0,Heracleum.sphondylium,0.5771924533360142,opth,3,False,mlp1,bce,msle
264,0.7521152115211521,0.023531778903421424,0.6,0.8379837983798379,0.9978563772775991,0.910958904109589,5.0,Hieracium.bifidum,0.4379837983798378,opth,3,False,mlp1,bce,msle
265,0.7916906622788975,0.07165760827606207,0.7272727272727273,0.6823529411764706,0.9960369881109643,0.8098818474758325,11.0,Hieracium.murorum,0.4096256684491979,opth,3,False,mlp1,bce,msle
266,0.8736414961185603,0.10528804468483621,0.6538461538461539,0.8504587155963302,0.9903846153846154,0.9151036525172754,26.0,Hieracium.piliferum,0.5043048694424841,opth,3,False,mlp1,bce,msle
267,0.9801980198019802,0.13633160956690368,1.0,0.9225922592259226,1.0,0.9597378277153558,5.0,Hieracium.prenanthoides,0.9225922592259226,opth,3,False,mlp1,bce,msle
268,0.8953816778710371,0.172731452000173,0.6521739130434783,0.8709972552607502,0.9916666666666667,0.927423283000487,23.0,Hieracium.villosum,0.5231711683042284,opth,3,False,mlp1,bce,msle
269,0.8980320920375416,0.10963281141522967,0.7333333333333333,0.8119891008174387,0.9955456570155902,0.894447223611806,15.0,Himantoglossum.hircinum,0.5453224341507719,opth,3,False,mlp1,bce,msle
270,0.7345258620689654,0.20860103356262846,0.6982758620689655,0.678,0.9509116409537167,0.7915936952714536,116.0,Hippocrepis.comosa,0.3762758620689657,opth,3,False,mlp1,bce,msle
271,0.9303218767048554,0.6054142120120134,0.7730496453900709,0.8994871794871795,0.9647964796479648,0.9309978768577495,141.0,Holcus.lanatus,0.6725368248772505,opth,3,False,mlp1,bce,msle
272,0.8949185245481541,0.3178967208491871,0.746031746031746,0.8480531813865148,0.9823982398239824,0.910295616717635,63.0,Homogyne.alpina,0.5940849274182609,opth,3,False,mlp1,bce,msle
273,0.9658886894075404,0.11351351351351352,0.5,0.9560143626570916,0.99906191369606,0.9770642201834863,2.0,Hornungia.petraea,0.4560143626570916,opth,3,False,mlp1,bce,msle
274,0.9417089483394834,0.3129902765136371,0.96875,0.8376383763837638,0.9988998899889989,0.9111891620672353,32.0,Hypericum.maculatum,0.8063883763837638,opth,3,False,mlp1,bce,msle
275,0.8203840970350404,0.19643965211408804,0.8392857142857143,0.6349056603773585,0.9868035190615836,0.7726750861079219,56.0,Hypericum.perforatum,0.4741913746630728,opth,3,False,mlp1,bce,msle
276,0.9222941720629045,0.2740682690464654,0.9142857142857143,0.8316373728029602,0.9966740576496674,0.9067070095814422,35.0,Hypericum.richeri,0.7459230870886744,opth,3,False,mlp1,bce,msle
277,0.8514418043967897,0.19489867390480908,0.7586206896551724,0.7718491260349586,0.991725768321513,0.868080703569581,29.0,Hypochaeris.maculata,0.5304698156901311,opth,3,False,mlp1,bce,msle
278,0.9272349272349272,0.27875585415875115,0.8648648648648649,0.8563484708063022,0.9946178686759957,0.9203187250996016,37.0,Hypochaeris.radicata,0.721213335671167,opth,3,False,mlp1,bce,msle
279,0.9429344325647301,0.13718511725419788,0.42857142857142855,0.9801623083859333,0.9963336388634281,0.9881818181818182,7.0,Hyssopus.officinalis,0.4087337369573618,opth,3,False,mlp1,bce,msle
280,0.8869516702698932,0.2237844068913936,0.6153846153846154,0.7941976427923844,0.9943246311010215,0.8830645161290323,13.0,Inula.salicina,0.40958225817699967,opth,3,False,mlp1,bce,msle
281,0.9282511210762332,0.012345679012345678,1.0,0.9013452914798207,1.0,0.9481132075471698,1.0,Isatis.tinctoria,0.9013452914798208,opth,3,False,mlp1,bce,msle
282,0.9102102102102102,0.0974376116767261,0.3333333333333333,0.9477477477477477,0.9962121212121212,0.971375807940905,6.0,Juncus.alpinoarticulatus,0.2810810810810811,opth,3,False,mlp1,bce,msle
283,0.8079350766456267,0.027523019725476452,0.5714285714285714,0.8999098286744815,0.997002997002997,0.9459715639810427,7.0,Juncus.articulatus,0.47133840010305295,opth,3,False,mlp1,bce,msle
284,0.9679602888086644,0.5161675115277735,0.875,0.9684115523465704,0.9990689013035382,0.9835013748854262,8.0,Juncus.effusus,0.8434115523465704,opth,3,False,mlp1,bce,msle
285,0.8426884650317893,0.09161690051895681,0.5333333333333333,0.9046321525885559,0.9930209371884346,0.9467680608365019,15.0,Juncus.inflexus,0.4379654859218891,opth,3,False,mlp1,bce,msle
286,0.9813550420168067,0.7925426227191902,0.9642857142857143,0.8933823529411765,0.998972250770812,0.9432314410480349,28.0,Juncus.jacquinii,0.8576680672268908,opth,3,False,mlp1,bce,msle
287,0.8440228846732912,0.31202591542967867,0.4444444444444444,0.928635953026197,0.995159728944821,0.9607476635514018,9.0,Juncus.trifidus,0.37308039747064137,opth,3,False,mlp1,bce,msle
288,0.9118618618618619,0.19389374943143164,0.16666666666666666,0.9855855855855856,0.9954504094631483,0.990493435943866,6.0,Juncus.triglumis,0.15225225225225225,opth,3,False,mlp1,bce,msle
289,0.8560894067133304,0.5091275242832449,0.8298969072164949,0.7212581344902386,0.9527220630372493,0.8209876543209876,194.0,Knautia.arvensis,0.5511550417067335,opth,3,False,mlp1,bce,msle
290,0.9185469314079422,0.07423193694484691,0.875,0.8068592057761733,0.9988826815642458,0.8926610084872691,8.0,Knautia.dipsacifolia,0.6818592057761732,opth,3,False,mlp1,bce,msle
291,0.818900700025927,0.041678246409078336,0.7857142857142857,0.721415607985481,0.9962406015037594,0.8368421052631579,14.0,Koeleria.macrantha,0.5071298936997666,opth,3,False,mlp1,bce,msle
292,0.8561760461760463,0.34640479817258285,0.6212121212121212,0.8809523809523809,0.9736842105263158,0.925,66.0,Koeleria.pyramidata,0.502164502164502,opth,3,False,mlp1,bce,msle
293,0.8540633888663145,0.29004456734207823,0.5434782608695652,0.9074766355140187,0.9788306451612904,0.94180407371484,46.0,Koeleria.vallesiana,0.4509548963835839,opth,3,False,mlp1,bce,msle
294,0.922549911684419,0.4502335192432399,0.8235294117647058,0.816196542311192,0.9966666666666667,0.897448724362181,17.0,Lactuca.perennis,0.6397259540758977,opth,3,False,mlp1,bce,msle
295,0.9436957172806228,0.029817953546767105,1.0,0.9191374663072777,1.0,0.9578651685393258,3.0,Lactuca.serriola,0.9191374663072778,opth,3,False,mlp1,bce,msle
296,0.8445188715702692,0.08366332718036926,0.5714285714285714,0.9260595130748422,0.9970873786407767,0.9602618045815802,7.0,Lamium.purpureum,0.49748808450341375,opth,3,False,mlp1,bce,msle
297,0.9672351885098743,0.03835227272727273,1.0,0.86983842010772,1.0,0.9303888622179549,2.0,Lapsana.communis,0.8698384201077198,opth,3,False,mlp1,bce,msle
298,0.807075277663513,0.10366289977770562,0.6363636363636364,0.8687782805429864,0.995850622406639,0.9279845335911068,11.0,Laserpitium.halleri,0.5051419169066227,opth,3,False,mlp1,bce,msle
299,0.8563698528318715,0.13199088931397063,0.6451612903225806,0.8506912442396314,0.9882226980728052,0.9143140168400198,31.0,Laserpitium.latifolium,0.495852534562212,opth,3,False,mlp1,bce,msle
300,0.9155431682654912,0.14081046337652134,0.7857142857142857,0.8656987295825771,0.9968652037617555,0.9266634288489558,14.0,Laserpitium.siler,0.6514130152968627,opth,3,False,mlp1,bce,msle
301,0.7677607913669064,0.02741224743081832,0.0,0.9928057553956835,0.9963898916967509,0.9945945945945946,4.0,Lathyrus.heterophyllus,-0.007194244604316502,opth,3,False,mlp1,bce,msle
302,0.9284216831386642,0.025446956621175902,0.3333333333333333,0.9649595687331537,0.9981412639405205,0.981269986295112,3.0,Lathyrus.occidentalis,0.29829290206648706,opth,3,False,mlp1,bce,msle
303,0.8194234183721147,0.5326486659556628,0.7967479674796748,0.6758620689655173,0.9216300940438872,0.7798408488063661,246.0,Lathyrus.pratensis,0.47261003644519217,opth,3,False,mlp1,bce,msle
304,0.8833401892225422,0.10855196084072602,0.2727272727272727,0.971945701357466,0.9926062846580407,0.9821673525377229,11.0,Lathyrus.sphaericus,0.24467297408473865,opth,3,False,mlp1,bce,msle
305,0.9919210053859964,0.15,1.0,0.9775583482944344,1.0,0.9886518384021789,2.0,Lathyrus.sylvestris,0.9775583482944343,opth,3,False,mlp1,bce,msle
306,0.765498652291105,0.04592292993918977,0.3333333333333333,0.9398023360287511,0.9980916030534351,0.968070337806571,3.0,Lathyrus.tuberosus,0.27313566936208433,opth,3,False,mlp1,bce,msle
307,0.8124498206926083,0.13379102530349707,0.7058823529411765,0.8152866242038217,0.9944506104328524,0.896,17.0,Leontodon.autumnalis,0.5211689771449981,opth,3,False,mlp1,bce,msle
308,0.7291599025974027,0.4235313359914572,0.6636363636363637,0.6484375,0.8870229007633588,0.7491940683430045,220.0,Leontodon.hispidus,0.3120738636363636,opth,3,False,mlp1,bce,msle
309,0.8624774368231046,0.05502420028972381,0.5,0.9133574007220217,0.9960629921259843,0.9529190207156308,8.0,Leontopodium.alpinum,0.41335740072202176,opth,3,False,mlp1,bce,msle
310,0.9566419055590432,0.5576747860334315,0.8518518518518519,0.9143126177024482,0.9918283963227783,0.9514943655071043,54.0,Leucanthemopsis.alpina,0.7661644695543002,opth,3,False,mlp1,bce,msle
311,0.8623247663551402,0.6155773671153105,0.8307692307692308,0.7301401869158879,0.9342301943198804,0.819672131147541,260.0,Leucanthemum.vulgare,0.5609094176851186,opth,3,False,mlp1,bce,msle
312,0.8733120437956206,0.2115446334603618,0.65,0.843978102189781,0.9924892703862661,0.9122287968441815,20.0,Lilium.martagon,0.4939781021897809,opth,3,False,mlp1,bce,msle
313,0.47623318385650226,0.0017094017094017094,0.0,0.7910313901345292,0.9988674971687429,0.8828828828828829,1.0,Linaria.repens,-0.20896860986547083,opth,3,False,mlp1,bce,msle
314,0.9211714890613973,0.1775255814854509,0.9230769230769231,0.7568807339449541,0.9975816203143894,0.8607198748043818,26.0,Linum.alpinum,0.6799576570218773,opth,3,False,mlp1,bce,msle
315,0.7655959376961259,0.18256337124956912,0.5764705882352941,0.7352085354025218,0.9546599496221663,0.8306849315068493,85.0,Linum.catharticum,0.3116791236378158,opth,3,False,mlp1,bce,msle
316,0.9610227272727273,0.30216861922128085,0.9375,0.8936363636363637,0.9989837398373984,0.9433781190019194,16.0,Linum.tenuifolium,0.8311363636363636,opth,3,False,mlp1,bce,msle
317,0.7958905885403162,0.037467604823333396,0.8571428571428571,0.574410163339383,0.9968503937007874,0.7288428324697754,14.0,Listera.ovata,0.43155302048224,opth,3,False,mlp1,bce,msle
318,0.8394618834080717,0.005555555555555556,1.0,0.8331838565022421,1.0,0.9090019569471625,1.0,Lolium.multiflorum,0.833183856502242,opth,3,False,mlp1,bce,msle
319,0.8781396338867604,0.3927798676124464,0.8472222222222222,0.7576628352490421,0.986284289276808,0.856988082340195,72.0,Lolium.perenne,0.6048850574712643,opth,3,False,mlp1,bce,msle
320,0.7804070536096679,0.5807146530010888,0.7891737891737892,0.6065359477124183,0.862453531598513,0.7122026093630084,351.0,Lotus.corniculatus,0.3957097368862075,opth,3,False,mlp1,bce,msle
321,0.8762878396117586,0.0895321717673799,0.782608695652174,0.8408051235132662,0.9945887445887446,0.9112543381259296,23.0,Lotus.maritimus,0.6234138191654401,opth,3,False,mlp1,bce,msle
322,0.8024037148320131,0.2729998134325834,0.4,0.9321223709369025,0.9587020648967551,0.9452253999030538,70.0,Luzula.campestris,0.33212237093690256,opth,3,False,mlp1,bce,msle
323,0.887637597944358,0.11196213904296975,0.896551724137931,0.7626494940202392,0.9963942307692307,0.8639916623241272,29.0,Luzula.lutea,0.6592012181581701,opth,3,False,mlp1,bce,msle
324,0.7955016852476018,0.12705831170833456,0.7142857142857143,0.7078039927404719,0.9948979591836735,0.8271474019088016,14.0,Luzula.multiflora,0.4220897070261862,opth,3,False,mlp1,bce,msle
325,0.8833483754512634,0.06054871720567188,0.875,0.7563176895306859,0.99880810488677,0.8608115048793015,8.0,Luzula.sieberi,0.631317689530686,opth,3,False,mlp1,bce,msle
326,0.8720389300361143,0.2365531672396594,0.9354838709677419,0.7552182163187856,0.995,0.8586839266450917,62.0,Luzula.spicata,0.6907020872865275,opth,3,False,mlp1,bce,msle
327,0.8593327321911632,0.175075525783201,0.7142857142857143,0.8575293056807936,0.9979013641133263,0.9224054316197866,7.0,Luzula.sudetica,0.571815019966508,opth,3,False,mlp1,bce,msle
328,0.9907157831686134,0.1577246283128636,1.0,0.9613656783468104,1.0,0.9803023362345397,3.0,Lysimachia.nummularia,0.9613656783468105,opth,3,False,mlp1,bce,msle
329,0.9116456834532374,0.026876600899965387,0.0,0.9919064748201439,0.996386630532972,0.9941415051825147,4.0,Lysimachia.vulgaris,-0.008093525179856065,opth,3,False,mlp1,bce,msle
330,0.9023573360814118,0.0548752554942924,0.8571428571428571,0.8025247971145176,0.9988776655443322,0.89,7.0,Malva.moschata,0.6596676542573747,opth,3,False,mlp1,bce,msle
331,0.8658280922431866,0.5577777777777778,0.6666666666666666,0.8616352201257862,0.9989583333333333,0.9252291365171249,3.0,Malva.sylvestris,0.5283018867924527,opth,3,False,mlp1,bce,msle
332,0.8286439114391144,0.09620590255241965,0.78125,0.7333948339483395,0.9912718204488778,0.8430540827147401,32.0,Medicago.falcata,0.5146448339483394,opth,3,False,mlp1,bce,msle
333,0.8229081266653003,0.40384194515442723,0.7378048780487805,0.7478991596638656,0.9430463576158941,0.8342120679554774,164.0,Medicago.lupulina,0.48570403771264603,opth,3,False,mlp1,bce,msle
334,0.9145024700070571,0.21252135644368558,0.6538461538461539,0.8954128440366973,0.9908629441624366,0.9407228915662651,26.0,Medicago.minima,0.549258997882851,opth,3,False,mlp1,bce,msle
335,0.8986201888162672,0.3202436760166019,0.8666666666666667,0.7787114845938375,0.9928571428571429,0.8728414442700158,45.0,Medicago.sativa,0.6453781512605041,opth,3,False,mlp1,bce,msle
336,0.9197879061371842,0.24248927247783303,0.5,0.9305054151624549,0.996135265700483,0.9622025198320112,8.0,Melica.ciliata,0.4305054151624548,opth,3,False,mlp1,bce,msle
337,0.9497307001795333,0.026785714285714288,0.5,0.9398563734290843,0.9990458015267175,0.9685476410730804,2.0,Melilotus.albus,0.43985637342908435,opth,3,False,mlp1,bce,msle
338,0.9227230483271376,0.41520205172434366,0.85,0.8104089219330854,0.9931662870159453,0.8925281473899693,40.0,Meum.athamanticum,0.6604089219330853,opth,3,False,mlp1,bce,msle
339,0.9973094170403587,0.25,1.0,0.8403587443946189,1.0,0.9132553606237817,1.0,Minuartia.laricifolia,0.840358744394619,opth,3,False,mlp1,bce,msle
340,0.8722785441249793,0.09881737896889388,0.7272727272727273,0.8775137111517367,0.9937888198757764,0.9320388349514563,22.0,Minuartia.rostrata,0.6047864384244641,opth,3,False,mlp1,bce,msle
341,0.9039722396596219,0.3305524350127008,0.7592592592592593,0.8286252354048964,0.9854423292273237,0.9002557544757033,54.0,Minuartia.verna,0.5878844946641557,opth,3,False,mlp1,bce,msle
342,0.9135701155462185,0.3807498929632938,0.7857142857142857,0.8556985294117647,0.9935965848452508,0.9195061728395062,28.0,Muscari.comosum,0.6414128151260505,opth,3,False,mlp1,bce,msle
343,0.8518892149669846,0.5038353441473437,0.7446808510638298,0.7640086206896551,0.9365918097754293,0.8415430267062315,188.0,Myosotis.alpestris,0.5086894717534849,opth,3,False,mlp1,bce,msle
344,0.875242718446602,0.3636799599811893,0.9069767441860465,0.670873786407767,0.9885550786838341,0.7993059572006941,86.0,Myosotis.arvensis,0.5778505305938135,opth,3,False,mlp1,bce,msle
345,0.888752848348808,0.37081885999039,0.7777777777777778,0.7860422405876951,0.9930394431554525,0.8774987186058432,27.0,Myosotis.ramosissima,0.5638200183654729,opth,3,False,mlp1,bce,msle
346,0.9155876743952625,0.37988060001905627,0.2222222222222222,0.999096657633243,0.9937106918238994,0.9963963963963964,9.0,Myosotis.scorpioides,0.22131887985546506,opth,3,False,mlp1,bce,msle
347,0.8572710951526032,0.011925519990036118,0.5,0.9371633752244165,0.999043062200957,0.9671144048170449,2.0,Myosotis.stricta,0.4371633752244164,opth,3,False,mlp1,bce,msle
348,0.8561795237695514,0.3585224343802565,0.7575757575757576,0.7811634349030471,0.990632318501171,0.8735157459989675,33.0,Narcissus.poeticus,0.5387391924788045,opth,3,False,mlp1,bce,msle
349,0.8770321876704855,0.46360644677360024,0.8936170212765957,0.6964102564102564,0.978386167146974,0.8136608747753146,141.0,Nardus.stricta,0.5900272776868523,opth,3,False,mlp1,bce,msle
350,0.9593862815884476,0.15787775161139037,0.75,0.9268953068592057,0.9980563654033042,0.9611605053813758,8.0,Odontites.luteus,0.6768953068592056,opth,3,False,mlp1,bce,msle
351,0.9007994337344382,0.4525105852200512,0.8723404255319149,0.773972602739726,0.9850560398505604,0.8668493150684932,94.0,Onobrychis.montana,0.6463130282716409,opth,3,False,mlp1,bce,msle
352,0.9017475425183336,0.5037984228071619,0.8692307692307693,0.7748478701825557,0.9782330345710627,0.8647425014148273,130.0,Onobrychis.viciifolia,0.6440786394133249,opth,3,False,mlp1,bce,msle
353,0.8965815376429902,0.22882169671679325,0.7142857142857143,0.8547486033519553,0.9870967741935484,0.9161676646706587,42.0,Ononis.natrix,0.5690343176376698,opth,3,False,mlp1,bce,msle
354,0.8522089825847847,0.09657939127425069,0.76,0.769019248395967,0.9928994082840237,0.8667355371900827,25.0,Ononis.repens,0.529019248395967,opth,3,False,mlp1,bce,msle
355,0.8406161507665267,0.11904476382200924,0.5526315789473685,0.8617810760667903,0.9820295983086681,0.9179841897233202,38.0,Ononis.spinosa,0.4144126550141589,opth,3,False,mlp1,bce,msle
356,0.7410233393177739,0.009203323974020818,0.5,0.8931777378815081,0.998995983935743,0.943127962085308,2.0,Ophioglossum.vulgatum,0.393177737881508,opth,3,False,mlp1,bce,msle
357,0.8218029350104822,0.05345112403935933,0.3333333333333333,0.9119496855345912,0.9980334316617503,0.9530516431924883,3.0,Ophrys.apifera,0.24528301886792447,opth,3,False,mlp1,bce,msle
358,0.9515695067264573,0.01818181818181818,0.0,0.9766816143497757,0.9990825688073395,0.9877551020408163,1.0,Ophrys.insectifera,-0.02331838565022426,opth,3,False,mlp1,bce,msle
359,0.526032315978456,0.0035688150858429494,0.0,0.9470377019748654,0.9981078524124882,0.9719023491478581,2.0,Orchis.mascula,-0.052962298025134635,opth,3,False,mlp1,bce,msle
360,0.8530563083408612,0.06415346262281148,0.2222222222222222,0.952122854561879,0.9934024505183789,0.9723247232472325,9.0,Orchis.militaris,0.17434507678410105,opth,3,False,mlp1,bce,msle
361,0.9212723366858706,0.36959269398889,0.8947368421052632,0.8172541743970315,0.9954802259887006,0.8976057055527255,38.0,Origanum.vulgare,0.7119910165022947,opth,3,False,mlp1,bce,msle
362,0.7855658966262257,0.1282362271238108,0.7272727272727273,0.7632541133455211,0.9928656361474435,0.8630490956072352,22.0,Ornithogalum.umbellatum,0.49052684061824836,opth,3,False,mlp1,bce,msle
363,0.7442348008385743,0.00697272890747047,0.6666666666666666,0.7205750224618149,0.9987546699875467,0.837160751565762,3.0,Orobanche.alba,0.38724168912848156,opth,3,False,mlp1,bce,msle
364,0.7808053284892522,0.03879075172218898,0.5333333333333333,0.784741144414169,0.9919632606199771,0.8762677484787018,15.0,Orobanche.caryophyllacea,0.3180744777475022,opth,3,False,mlp1,bce,msle
365,0.8804522722330941,0.144299803116255,0.9047619047619048,0.7561643835616438,0.9975903614457832,0.8602597402597403,21.0,Oxytropis.campestris,0.6609262883235485,opth,3,False,mlp1,bce,msle
366,0.8568454481298519,0.09588152298177637,0.38461538461538464,0.9064220183486239,0.9840637450199203,0.9436485195797517,26.0,Oxytropis.helvetica,0.2910374029640086,opth,3,False,mlp1,bce,msle
367,0.8631059245960503,0.010184187573751988,0.0,0.9344703770197487,0.9980824544582934,0.9652294853963839,2.0,Oxytropis.pilosa,-0.06552962298025133,opth,3,False,mlp1,bce,msle
368,0.9364864864864865,0.13948129089638522,0.8333333333333334,0.8657657657657658,0.998960498960499,0.9276061776061776,6.0,Papaver.rhoeas,0.6990990990990991,opth,3,False,mlp1,bce,msle
369,0.9042304230423042,0.1268698635080594,0.8,0.8217821782178217,0.9989059080962801,0.9017283950617284,5.0,Paradisea.liliastrum,0.6217821782178219,opth,3,False,mlp1,bce,msle
370,0.8727272727272727,0.1671899666800433,0.875,0.8145454545454546,0.9977728285077951,0.8968968968968969,16.0,Parnassia.palustris,0.6895454545454545,opth,3,False,mlp1,bce,msle
371,0.8624624624624625,0.062033165589128844,1.0,0.7162162162162162,1.0,0.8346456692913385,6.0,Pastinaca.sativa,0.7162162162162162,opth,3,False,mlp1,bce,msle
372,0.9883198562443846,0.18981481481481483,1.0,0.8858939802336029,1.0,0.9394949976179133,3.0,Pedicularis.foliosa,0.885893980233603,opth,3,False,mlp1,bce,msle
373,0.9143870675904102,0.2936834767356476,0.717948717948718,0.8700092850510678,0.9883966244725738,0.9254320987654321,39.0,Pedicularis.gyroflexa,0.5879580029997857,opth,3,False,mlp1,bce,msle
374,0.9331139448786507,0.08532732756010633,0.9090909090909091,0.8470588235294118,0.9989327641408752,0.9167482859941234,11.0,Pedicularis.tuberosa,0.7561497326203208,opth,3,False,mlp1,bce,msle
375,0.8792007266121707,0.16761627529394696,0.6,0.8592188919164396,0.9936974789915967,0.9215781782756941,15.0,Pedicularis.verticillata,0.4592188919164397,opth,3,False,mlp1,bce,msle
376,0.9002119285498031,0.23051602184856004,0.8,0.8392370572207084,0.9967637540453075,0.9112426035502958,15.0,Petrorhagia.prolifera,0.6392370572207084,opth,3,False,mlp1,bce,msle
377,0.9454563853470958,0.262752067205877,0.8888888888888888,0.8570127504553734,0.9978791092258749,0.9220970112689858,18.0,Petrorhagia.saxifraga,0.7459016393442623,opth,3,False,mlp1,bce,msle
378,0.8675758824600581,0.3579736430516891,0.7281553398058253,0.8302073050345509,0.9677790563866513,0.8937300743889479,103.0,Phleum.alpinum,0.558362644840376,opth,3,False,mlp1,bce,msle
379,0.9979035639412999,0.47619047619047616,1.0,0.9002695417789758,1.0,0.9475177304964539,3.0,Phleum.hirsutum,0.9002695417789757,opth,3,False,mlp1,bce,msle
380,0.8851447075490791,0.1622627565969539,0.6111111111111112,0.8816029143897997,0.9928205128205129,0.9339122045344911,18.0,Phleum.phleoides,0.4927140255009108,opth,3,False,mlp1,bce,msle
381,0.886875,0.14363261827364662,0.875,0.8436363636363636,0.9978494623655914,0.9142857142857143,16.0,Phyteuma.betonicifolium,0.7186363636363637,opth,3,False,mlp1,bce,msle
382,0.9521699819168175,0.3495145533163246,0.7,0.9077757685352622,0.997020854021847,0.9503076194983436,10.0,Phyteuma.hemisphaericum,0.6077757685352623,opth,3,False,mlp1,bce,msle
383,0.835920177383592,0.2667379108714532,0.6829268292682927,0.7882011605415861,0.9690844233055886,0.8693333333333333,82.0,Phyteuma.orbiculare,0.4711279898098788,opth,3,False,mlp1,bce,msle
384,,-0.0,0.0,0.8127240143369175,1.0,0.8966880869995056,0.0,Phyteuma.ovatum,-0.18727598566308246,opth,3,False,mlp1,bce,msle
385,0.9137317518248176,0.1662139248934049,0.55,0.9352189781021898,0.9912959381044487,0.9624413145539906,20.0,Phyteuma.spicatum,0.48521897810218984,opth,3,False,mlp1,bce,msle
386,0.8430433625964352,0.21869209362544173,0.7857142857142857,0.7122905027932961,0.9883720930232558,0.827922077922078,42.0,Picris.hieracioides,0.4980047885075818,opth,3,False,mlp1,bce,msle
387,0.8643966125617503,0.1863900529183982,0.7692307692307693,0.7678899082568807,0.9928825622775801,0.8660113812726332,26.0,Pimpinella.major,0.53712067748765,opth,3,False,mlp1,bce,msle
388,0.7977057736218331,0.07944776858132623,0.6176470588235294,0.7495378927911276,0.9842233009708737,0.85099685204617,34.0,Pimpinella.saxifraga,0.36718495161465703,opth,3,False,mlp1,bce,msle
389,0.9269315673289183,0.7071650675966742,0.9238095238095239,0.8090507726269316,0.9786381842456608,0.8858006042296073,210.0,Plantago.alpina,0.7328602964364554,opth,3,False,mlp1,bce,msle
390,0.9380110004459641,0.41103772174656505,0.9354838709677419,0.8046082949308756,0.9977142857142857,0.8908163265306123,31.0,Plantago.atrata,0.7400921658986175,opth,3,False,mlp1,bce,msle
391,0.8668831168831169,0.6306417441463602,0.8464285714285714,0.7452153110047847,0.9354354354354354,0.829560585885486,280.0,Plantago.lanceolata,0.5916438824333561,opth,3,False,mlp1,bce,msle
392,0.7498434486386293,0.09231382793684606,0.6756756756756757,0.6274328081556997,0.9825834542815675,0.7658371040723982,37.0,Plantago.major,0.30310848383137534,opth,3,False,mlp1,bce,msle
393,0.8252849002849003,0.46249035209486195,0.7611111111111111,0.7136752136752137,0.939521800281294,0.8111718275652702,180.0,Plantago.media,0.4747863247863249,opth,3,False,mlp1,bce,msle
394,0.8700533570475767,0.3298446583157774,0.6794871794871795,0.8631984585741811,0.9728555917480999,0.9147524247064829,78.0,Plantago.maritima,0.5426856380613607,opth,3,False,mlp1,bce,msle
395,0.685262206148282,0.014581409532279694,0.9,0.5596745027124774,0.9983870967741936,0.7172653534183082,10.0,Platanthera.bifolia,0.45967450271247756,opth,3,False,mlp1,bce,msle
396,0.9161399534787427,0.7555000417364567,0.8745874587458746,0.8154981549815498,0.9457917261055635,0.8758256274768824,303.0,Poa.alpina,0.6900856137274243,opth,3,False,mlp1,bce,msle
397,0.47482014388489213,0.004547833056545204,0.0,0.9109712230215827,0.9960668633235005,0.9516204790981682,4.0,Poa.annua,-0.08902877697841727,opth,3,False,mlp1,bce,msle
398,0.884366576819407,0.23372788246272735,0.8571428571428571,0.7386792452830189,0.9898862199747156,0.8460291734197731,56.0,Poa.bulbosa,0.5958221024258759,opth,3,False,mlp1,bce,msle
399,0.7770191936107175,0.0616240882476226,0.42857142857142855,0.7826871055004508,0.9954128440366973,0.8763250883392226,7.0,Poa.cenisia,0.21125853407187933,opth,3,False,mlp1,bce,msle
400,0.887444225879192,0.15151651926904366,0.2631578947368421,0.968094804010939,0.9869888475836431,0.9774505292222734,19.0,Poa.chaixii,0.23125269874778098,opth,3,False,mlp1,bce,msle
401,0.9010849909584088,0.053983831078036545,0.8,0.794755877034358,0.9977298524404086,0.8847508807247106,10.0,Poa.compressa,0.5947558770343582,opth,3,False,mlp1,bce,msle
402,0.8165461121157324,0.030712376561655694,0.2,0.9258589511754068,0.9922480620155039,0.9579045837231057,10.0,Poa.nemoralis,0.1258589511754069,opth,3,False,mlp1,bce,msle
403,0.8338170823180817,0.5620870741396005,0.728744939271255,0.7744533947065593,0.9094594594594595,0.836544437538844,247.0,Poa.pratensis,0.5031983339778143,opth,3,False,mlp1,bce,msle
404,0.7561979323496939,0.01859455260295165,0.0,0.973803071364047,0.9917203311867525,0.9826800364630811,9.0,Poa.supina,-0.02619692863595302,opth,3,False,mlp1,bce,msle
405,0.8042427007299271,0.05436749559160227,0.4,0.8531021897810219,0.9873284054910243,0.9153206069505629,20.0,Polygala.alpestris,0.25310218978102195,opth,3,False,mlp1,bce,msle
406,0.7642642642642643,0.014102578820810695,0.3333333333333333,0.8693693693693694,0.9958720330237358,0.9283309283309283,6.0,Polygala.amarella,0.20270270270270263,opth,3,False,mlp1,bce,msle
407,0.864051329055912,0.2019540033278791,0.56,0.8890925756186985,0.9887869520897044,0.9362934362934363,25.0,Polygala.comosa,0.44909257561869853,opth,3,False,mlp1,bce,msle
408,0.7215784956304618,0.07888855283099531,0.75,0.5917602996254682,0.9813664596273292,0.7383177570093458,48.0,Polygala.vulgaris,0.3417602996254683,opth,3,False,mlp1,bce,msle
409,0.7694190390313023,0.04169072342046,0.2857142857142857,0.9486023444544635,0.9952696310312205,0.971375807940905,7.0,Polygonum.aviculare,0.23431663016874915,opth,3,False,mlp1,bce,msle
410,0.9171665544469609,0.45901438474176703,0.7903225806451613,0.8206831119544592,0.9851936218678815,0.8954451345755694,62.0,Polygonum.bistorta,0.6110056925996203,opth,3,False,mlp1,bce,msle
411,0.8960309558021262,0.5830737082750428,0.9106145251396648,0.7534685165421559,0.9778393351800554,0.8511151295961422,179.0,Polygonum.viviparum,0.6640830416818206,opth,3,False,mlp1,bce,msle
412,0.6178496555855046,0.004571449711153295,0.3333333333333333,0.7520215633423181,0.9976162097735399,0.8575819672131147,3.0,Polystichum.lonchitis,0.08535489667565144,opth,3,False,mlp1,bce,msle
413,0.9498148909913616,0.3977770398217272,0.9090909090909091,0.8733031674208145,0.9989648033126294,0.9319169483341381,11.0,Potentilla.argentea,0.7823940765117237,opth,3,False,mlp1,bce,msle
414,0.891960974496491,0.3306473181523241,0.8352941176470589,0.8069835111542192,0.983451536643026,0.8865210442194992,85.0,Potentilla.aurea,0.6422776288012781,opth,3,False,mlp1,bce,msle
415,0.8715842583249244,0.37843130650853946,0.888,0.7265388496468214,0.9809264305177112,0.8347826086956521,125.0,Potentilla.crantzii,0.6145388496468214,opth,3,False,mlp1,bce,msle
416,0.8614958448753463,0.25100646862316756,0.5757575757575758,0.8698060941828255,0.9853556485355649,0.9239823442864149,33.0,Potentilla.erecta,0.4455636699404013,opth,3,False,mlp1,bce,msle
417,0.8756153474903475,0.34374775762911336,0.85,0.7586872586872587,0.9849624060150376,0.8571428571428571,80.0,Potentilla.grandiflora,0.6086872586872587,opth,3,False,mlp1,bce,msle
418,0.7986220472440945,0.2874201127828866,0.57,0.8503937007874016,0.9525909592061742,0.8985959438377535,100.0,Potentilla.neumanniana,0.4203937007874017,opth,3,False,mlp1,bce,msle
419,0.981836642599278,0.418570492007992,0.875,0.9557761732851986,0.9990566037735849,0.9769372693726938,8.0,Potentilla.pusilla,0.8307761732851986,opth,3,False,mlp1,bce,msle
420,0.8037537537537537,0.02501624308594915,0.6666666666666666,0.772972972972973,0.9976744186046511,0.8710659898477158,6.0,Potentilla.recta,0.4396396396396396,opth,3,False,mlp1,bce,msle
421,0.8670653638814015,0.23578274176881625,0.7678571428571429,0.7877358490566038,0.9846698113207547,0.8752620545073375,56.0,Potentilla.reptans,0.5555929919137466,opth,3,False,mlp1,bce,msle
422,0.8379837983798379,0.2571889542785469,0.6,0.8397839783978398,0.9978609625668449,0.9120234604105572,5.0,Potentilla.rupestris,0.4397839783978399,opth,3,False,mlp1,bce,msle
423,0.9273476748679634,0.0460614765485986,1.0,0.8539224526600541,1.0,0.9212062256809338,7.0,Potentilla.thuringiaca,0.8539224526600542,opth,3,False,mlp1,bce,msle
424,0.8671171171171171,0.06934704591251817,0.8333333333333334,0.7702702702702703,0.9988317757009346,0.8697863682604272,6.0,Primula.elatior,0.6036036036036037,opth,3,False,mlp1,bce,msle
425,0.9564564564564565,0.11089920617200694,0.8333333333333334,0.8855855855855855,0.9989837398373984,0.938872970391595,6.0,Primula.farinosa,0.7189189189189189,opth,3,False,mlp1,bce,msle
426,0.8044107413967612,0.3517646857574024,0.734375,0.6983805668016194,0.9530386740331491,0.8060747663551402,128.0,Primula.veris,0.4327555668016194,opth,3,False,mlp1,bce,msle
427,0.8107175295186195,0.06523268041281391,0.6666666666666666,0.8029064486830154,0.9943757030371203,0.8884422110552764,15.0,Prunella.grandiflora,0.46957311534968205,opth,3,False,mlp1,bce,msle
428,0.8668006222452682,0.083250291085396,0.6428571428571429,0.8774954627949183,0.9948559670781894,0.9324975891996142,14.0,Prunella.laciniata,0.5203526056520613,opth,3,False,mlp1,bce,msle
429,0.8046085652825761,0.17411975586987044,0.7068965517241379,0.7325141776937618,0.9785353535353535,0.8378378378378378,58.0,Prunella.vulgaris,0.4394107294178997,opth,3,False,mlp1,bce,msle
430,0.8351902037538894,0.07977239435995352,0.2222222222222222,0.9656729900632339,0.9934944237918215,0.9793861658268438,9.0,Prunus.spinosa,0.18789521228545603,opth,3,False,mlp1,bce,msle
431,0.8352118469765528,0.05519942161753201,0.6363636363636364,0.860633484162896,0.9958115183246073,0.9233009708737864,11.0,Veronica.spicata,0.4969971205265322,opth,3,False,mlp1,bce,msle
432,0.8709748688207677,0.2239059448420623,0.8235294117647058,0.7624413145539906,0.9890377588306942,0.8610816542948038,51.0,Pulsatilla.alpina,0.5859707263186964,opth,3,False,mlp1,bce,msle
433,0.9651651651651652,0.1359207088028744,0.8333333333333334,0.9234234234234234,0.9990253411306043,0.9597378277153558,6.0,Pulsatilla.halleri,0.7567567567567568,opth,3,False,mlp1,bce,msle
434,0.9325504366154773,0.08163646127536398,0.8888888888888888,0.8635953026196929,0.9989550679205852,0.9263565891472868,9.0,Pulsatilla.vernalis,0.7524841915085818,opth,3,False,mlp1,bce,msle
435,0.8988309352517985,0.3621603375527426,0.75,0.8803956834532374,0.9989795918367347,0.9359464627151052,4.0,Ranunculus.aconitifolius,0.6303956834532374,opth,3,False,mlp1,bce,msle
436,0.864728268974774,0.5405125468402321,0.7563451776649747,0.7965179542981502,0.9384615384615385,0.8616833431430253,197.0,Ranunculus.acris,0.5528631319631248,opth,3,False,mlp1,bce,msle
437,0.8544388078630311,0.4390893538469929,0.8132530120481928,0.7378947368421053,0.9576502732240437,0.8335315101070154,166.0,Ranunculus.bulbosus,0.551147748890298,opth,3,False,mlp1,bce,msle
438,0.9148525054746877,0.11064881895036026,0.42857142857142855,0.957619477006312,0.9962476547842402,0.976551724137931,7.0,Ranunculus.glacialis,0.3861909055777406,opth,3,False,mlp1,bce,msle
439,0.9612961296129613,0.15271967311440995,0.8,0.9414941494149415,0.9990448901623686,0.969416126042632,5.0,Ranunculus.gramineus,0.7414941494149416,opth,3,False,mlp1,bce,msle
440,0.8821295873802228,0.2651206600977778,0.7758620689655172,0.7844990548204159,0.9845788849347569,0.873224618621778,58.0,Ranunculus.kuepferi,0.5603611237859332,opth,3,False,mlp1,bce,msle
441,0.9413232260231252,0.20064804845288417,0.9473684210526315,0.8587055606198724,0.9989395546129375,0.9235294117647059,19.0,Ranunculus.montanus,0.8060739816725038,opth,3,False,mlp1,bce,msle
442,0.7619245471165031,0.09558448273953811,0.5909090909090909,0.803473491773309,0.9898648648648649,0.8869828456104945,22.0,Ranunculus.serpens,0.3943825826823999,opth,3,False,mlp1,bce,msle
443,0.9269723800713625,0.5295308761296618,0.7714285714285715,0.8871415356151712,0.9917269906928645,0.9365234375,35.0,Ranunculus.repens,0.6585701070437426,opth,3,False,mlp1,bce,msle
444,0.7290729072907292,0.0419798754269687,0.2,0.9450945094509451,0.9962049335863378,0.9699769053117783,5.0,Reseda.lutea,0.14509450945094504,opth,3,False,mlp1,bce,msle
445,0.8245196506550218,0.5056755262172419,0.745,0.7248908296943232,0.9286713286713286,0.8142244022072348,200.0,Rhinanthus.alectorolophus,0.46989082969432316,opth,3,False,mlp1,bce,msle
446,0.9598682240191675,0.04111706064167864,1.0,0.8688230008984726,1.0,0.9298076923076923,3.0,Rhinanthus.glacialis,0.8688230008984728,opth,3,False,mlp1,bce,msle
447,0.8230645846110298,0.24726752554293102,0.6707317073170732,0.804642166344294,0.9685681024447031,0.879027997886952,82.0,Rhinanthus.minor,0.4753738736613671,opth,3,False,mlp1,bce,msle
448,0.8915367770191936,0.17044644427205133,0.14285714285714285,0.9639314697926059,0.9944186046511628,0.9789377289377289,7.0,Rhododendron.ferrugineum,0.10678861264974882,opth,3,False,mlp1,bce,msle
449,0.8094029223168295,0.45831520439623896,0.8047619047619048,0.7218543046357616,0.9410071942446043,0.8169893816364772,210.0,Rumex.acetosa,0.5266162093976665,opth,3,False,mlp1,bce,msle
450,0.7848716619134042,0.08467054760303139,0.7142857142857143,0.6950998185117967,0.9948051948051948,0.8183760683760684,14.0,Rumex.acetosella,0.4093855327975109,opth,3,False,mlp1,bce,msle
451,0.8657431722689075,0.22875578444325623,0.7142857142857143,0.8051470588235294,0.9909502262443439,0.8884381338742393,28.0,Rumex.crispus,0.5194327731092439,opth,3,False,mlp1,bce,msle
452,0.8943833943833943,0.17999773052197698,0.7083333333333334,0.8278388278388278,0.9923161361141603,0.9026460309535697,24.0,Rumex.obtusifolius,0.536172161172161,opth,3,False,mlp1,bce,msle
453,0.657965796579658,0.008301912122976988,0.0,0.9000900090009001,0.9950248756218906,0.945179584120983,5.0,Rumex.scutatus,-0.09990999099909992,opth,3,False,mlp1,bce,msle
454,0.9399585015561917,0.41703999747376475,0.8831168831168831,0.8768046198267565,0.9902173913043478,0.930066360387953,77.0,Salix.herbacea,0.7599215029436395,opth,3,False,mlp1,bce,msle
455,0.9174888176886717,0.2465768200435627,0.5172413793103449,0.9356025758969642,0.9864209505334627,0.9603399433427762,29.0,Salix.reticulata,0.4528439552073089,opth,3,False,mlp1,bce,msle
456,0.9196561338289964,0.2933019502975773,0.55,0.9321561338289963,0.9823702252693438,0.9566046733428708,40.0,Salix.retusa,0.48215613382899636,opth,3,False,mlp1,bce,msle
457,0.9551565377532228,0.38831737846552555,0.9333333333333333,0.8904235727440147,0.9979360165118679,0.9411192214111922,30.0,Salix.serpyllifolia,0.8237569060773482,opth,3,False,mlp1,bce,msle
458,0.8811211387482574,0.5819300391132934,0.8961038961038961,0.7322033898305085,0.9642857142857143,0.8323699421965318,231.0,Salvia.pratensis,0.6283072859344045,opth,3,False,mlp1,bce,msle
459,0.8472119341563786,0.5346203408186293,0.7962962962962963,0.7377777777777778,0.9378531073446328,0.8258706467661692,216.0,Sanguisorba.minor,0.5340740740740739,opth,3,False,mlp1,bce,msle
460,0.9254199554746003,0.3815471618646332,0.7777777777777778,0.8943533697632058,0.9959432048681541,0.9424184261036468,18.0,Sanguisorba.officinalis,0.6721311475409837,opth,3,False,mlp1,bce,msle
461,0.8761003702180172,0.06149617991646525,0.8181818181818182,0.8108597285067873,0.9977728285077951,0.8946580129805292,11.0,Saponaria.ocymoides,0.6290415466886055,opth,3,False,mlp1,bce,msle
462,0.8757685352622062,0.14689746799323747,0.6,0.8716094032549728,0.9958677685950413,0.9296046287367405,10.0,Saxifraga.aizoides,0.4716094032549729,opth,3,False,mlp1,bce,msle
463,0.8453067343173432,0.20674458998936854,0.53125,0.8560885608856088,0.9840933191940615,0.9156388751850024,32.0,Saxifraga.granulata,0.3873385608856088,opth,3,False,mlp1,bce,msle
464,0.9209976984424344,0.17862313760017776,0.8235294117647058,0.8407643312101911,0.9967637540453075,0.912142152023692,17.0,Saxifraga.oppositifolia,0.664293742974897,opth,3,False,mlp1,bce,msle
465,0.8296296296296297,0.1469566365056332,0.6222222222222222,0.8580765639589168,0.9818376068376068,0.9157947184853015,45.0,Saxifraga.paniculata,0.4802987861811392,opth,3,False,mlp1,bce,msle
466,0.7942497753818508,0.06463800483900986,0.3333333333333333,0.9937106918238994,0.9981949458483754,0.9959477712742009,3.0,Saxifraga.tridactylites,0.32704402515723263,opth,3,False,mlp1,bce,msle
467,0.7362699036287542,0.14903206271696182,0.5932203389830508,0.7086092715231788,0.9689521345407504,0.8185792349726776,59.0,Scabiosa.columbaria,0.3018296105062297,opth,3,False,mlp1,bce,msle
468,0.8587988501281951,0.2959275303544601,0.8032786885245902,0.7819905213270142,0.985663082437276,0.872093023255814,61.0,Scabiosa.lucida,0.5852692098516044,opth,3,False,mlp1,bce,msle
469,0.7398830935251799,0.012999689867327066,0.25,0.89568345323741,0.996996996996997,0.9436286120322123,4.0,Scabiosa.triandra,0.14568345323741005,opth,3,False,mlp1,bce,msle
470,0.9859585958595859,0.2537391304347826,1.0,0.9360936093609361,1.0,0.9669920966992097,5.0,Scorzonera.humilis,0.936093609360936,opth,3,False,mlp1,bce,msle
471,0.9875902527075812,0.693723951097527,1.0,0.9169675090252708,1.0,0.9566854990583804,8.0,Scorzonera.laciniata,0.9169675090252709,opth,3,False,mlp1,bce,msle
472,0.9088449531737773,0.249085434372743,0.8064516129032258,0.832258064516129,0.9933993399339934,0.905717151454363,31.0,Scutellaria.alpina,0.6387096774193548,opth,3,False,mlp1,bce,msle
473,0.8418611463724246,0.1341118288204647,0.5789473684210527,0.8191094619666048,0.982202447163515,0.8932726353060192,38.0,Securigera.varia,0.3980568303876575,opth,3,False,mlp1,bce,msle
474,0.6802772718073264,0.031712353204431366,0.3888888888888889,0.8069216757741348,0.987736900780379,0.8882205513784461,18.0,Sedum.acre,0.1958105646630237,opth,3,False,mlp1,bce,msle
475,0.7496572371918632,0.1467083603227456,0.6060606060606061,0.8485687903970452,0.9860515021459227,0.9121588089330025,33.0,Sedum.album,0.4546293964576513,opth,3,False,mlp1,bce,msle
476,0.8685084541062801,0.09573043310660495,0.5833333333333334,0.8586956521739131,0.9947534102833159,0.9217306757413709,12.0,Sedum.atratum,0.44202898550724656,opth,3,False,mlp1,bce,msle
477,0.854314259763851,0.10079474428742857,0.6,0.846503178928247,0.9936034115138592,0.91417361451692,15.0,Sedum.montanum,0.446503178928247,opth,3,False,mlp1,bce,msle
478,0.8319103844989404,0.1051131127285834,0.5333333333333333,0.8719346049046321,0.9927611168562565,0.9284332688588007,15.0,Sedum.rupestre,0.40526793823796536,opth,3,False,mlp1,bce,msle
479,0.8788426763110307,0.40252706576812025,0.7,0.8417721518987342,0.9967880085653105,0.9127450980392157,10.0,Sedum.sexangulare,0.5417721518987342,opth,3,False,mlp1,bce,msle
480,0.8826049141117635,0.27880258662575425,0.6190476190476191,0.8182648401826484,0.9911504424778761,0.896448224112056,21.0,Selaginella.selaginoides,0.4373124592302675,opth,3,False,mlp1,bce,msle
481,0.8451342746400887,0.2953374249100907,0.6666666666666666,0.8498062015503876,0.969060773480663,0.9055240061951472,84.0,Sempervivum.arachnoideum,0.5164728682170541,opth,3,False,mlp1,bce,msle
482,0.9112990617153429,0.282690629062988,0.8857142857142857,0.8501387604070305,0.9956663055254604,0.9171656686626747,35.0,Sempervivum.montanum,0.7358530461213162,opth,3,False,mlp1,bce,msle
483,0.9050096625538873,0.3011869212587751,0.7419354838709677,0.8764976958525346,0.9916579770594369,0.9305283757338552,31.0,Sempervivum.tectorum,0.6184331797235023,opth,3,False,mlp1,bce,msle
484,0.8959132987130277,0.3767501572478237,0.8255813953488372,0.8184466019417476,0.9825174825174825,0.8930084745762712,86.0,Senecio.doronicum,0.6440279972905847,opth,3,False,mlp1,bce,msle
485,0.8374849033816425,0.13024463389658972,0.6666666666666666,0.7916666666666666,0.9954441913439636,0.8819374369323916,12.0,Senecio.erucifolius,0.45833333333333326,opth,3,False,mlp1,bce,msle
486,0.9369032135266314,0.23971744426866856,0.9655172413793104,0.7902483900643974,0.9988372093023256,0.8823831535695943,29.0,Senecio.incanus,0.7557656314437078,opth,3,False,mlp1,bce,msle
487,0.9529639832670135,0.27559536104101456,0.9629629629629629,0.8640955004591369,0.9989384288747346,0.9266371245691778,27.0,Senecio.jacobaea,0.8270584634220999,opth,3,False,mlp1,bce,msle
488,0.9113300492610837,0.14184432000274896,0.9285714285714286,0.6705989110707804,0.9986486486486487,0.8023887079261672,14.0,Serratula.tinctoria,0.599170339642209,opth,3,False,mlp1,bce,msle
489,0.8814891150328481,0.08040811832401873,0.7142857142857143,0.8629395852119026,0.9979144942648592,0.925531914893617,7.0,Seseli.annuum,0.5772252994976168,opth,3,False,mlp1,bce,msle
490,0.8826924062307849,0.5723377083057934,0.7926829268292683,0.8319327731092437,0.9588377723970944,0.890888638920135,164.0,Sesleria.caerulea,0.624615699938512,opth,3,False,mlp1,bce,msle
491,0.9427663987555095,0.15352618446924737,0.9285714285714286,0.8330308529945554,0.998911860718172,0.9084611578426521,14.0,Sherardia.arvensis,0.761602281565984,opth,3,False,mlp1,bce,msle
492,0.9780009025270758,0.30415720032655513,0.875,0.9268953068592057,0.9990272373540856,0.9616104868913857,8.0,Sideritis.hyssopifolia,0.8018953068592056,opth,3,False,mlp1,bce,msle
493,0.8817572335920959,0.14395370440889707,0.6923076923076923,0.9009174311926605,0.9919191919191919,0.9442307692307692,26.0,Silaum.silaus,0.593225123500353,opth,3,False,mlp1,bce,msle
494,0.9074273627075351,0.4156021999863069,0.7916666666666666,0.8409961685823755,0.9832026875699889,0.9065565307176046,72.0,Silene.acaulis,0.6326628352490422,opth,3,False,mlp1,bce,msle
495,0.9051419169066228,0.13638639205217062,0.7272727272727273,0.8705882352941177,0.9968911917098445,0.9294685990338164,11.0,Silene.dioica,0.597860962566845,opth,3,False,mlp1,bce,msle
496,0.9629552549427679,0.3938553517419944,0.8709677419354839,0.9170506912442397,0.995995995995996,0.95489443378119,31.0,Silene.flos.cuculi,0.7880184331797235,opth,3,False,mlp1,bce,msle
497,0.6566996402877698,0.007836678661884963,0.25,0.8093525179856115,0.9966777408637874,0.8933002481389578,4.0,Silene.flos.jovis,0.059352517985611364,opth,3,False,mlp1,bce,msle
498,0.8389414385518843,0.30315514397969073,0.7831325301204819,0.739593417231365,0.9769820971867008,0.8418732782369146,83.0,Silene.nutans,0.5227259473518469,opth,3,False,mlp1,bce,msle
499,0.9342695695529334,0.3229018435003012,0.8181818181818182,0.8884826325411335,0.9959016393442623,0.9391304347826087,22.0,Silene.otites,0.7066644507229518,opth,3,False,mlp1,bce,msle
500,0.8124436429215509,0.049794223280188524,0.5714285714285714,0.8827772768259693,0.9969450101832994,0.9363940698230512,7.0,Silene.rupestris,0.4542058482545408,opth,3,False,mlp1,bce,msle
501,0.8286467900711224,0.34617124440275127,0.7714285714285715,0.7032640949554896,0.9673469387755103,0.8144329896907216,105.0,Silene.vulgaris,0.47469266638406094,opth,3,False,mlp1,bce,msle
502,0.6880610412926391,0.004416103734762016,0.0,1.0,0.9982078853046595,0.9991031390134529,2.0,Sinapis.arvensis,0.0,opth,3,False,mlp1,bce,msle
503,0.8954109250675328,0.41578930192045627,0.7096774193548387,0.8494623655913979,0.9698660714285714,0.9056800416883793,93.0,Soldanella.alpina,0.5591397849462365,opth,3,False,mlp1,bce,msle
504,0.9883408071748879,0.07142857142857142,0.0,0.9910313901345291,0.9990958408679927,0.995047276001801,1.0,Solidago.gigantea,-0.008968609865470878,opth,3,False,mlp1,bce,msle
505,0.917103574702108,0.2759772139273124,0.88,0.8093492208982584,0.9966139954853274,0.8932726353060192,25.0,Solidago.virgaurea,0.6893492208982583,opth,3,False,mlp1,bce,msle
506,0.8349148046117743,0.1417763394713923,0.5555555555555556,0.8448117539026629,0.9871244635193133,0.9104403760514597,27.0,Stachys.officinalis,0.4003673094582185,opth,3,False,mlp1,bce,msle
507,0.9180744777475023,0.20056193431048516,0.9333333333333333,0.849227974568574,0.9989316239316239,0.9180166912125675,15.0,Stachys.pradica,0.7825613079019074,opth,3,False,mlp1,bce,msle
508,0.8619819061645276,0.2702492820706869,0.7959183673469388,0.8031865042174321,0.9884659746251442,0.8862461220268872,49.0,Stachys.recta,0.599104871564371,opth,3,False,mlp1,bce,msle
509,0.8807491573339132,0.1708761009679738,0.7352941176470589,0.8308687615526802,0.9900881057268722,0.9035175879396985,34.0,Stellaria.graminea,0.5661628791997391,opth,3,False,mlp1,bce,msle
510,0.9567399377697481,0.44492359492359496,0.7777777777777778,0.950316169828365,0.9981024667931688,0.973623322535863,9.0,Stipa.capillata,0.7280939476061428,opth,3,False,mlp1,bce,msle
511,0.923679060665362,0.32591322092944053,0.8571428571428571,0.8821917808219178,0.9969040247678018,0.936046511627907,21.0,Stipa.eriocaulis,0.7393346379647749,opth,3,False,mlp1,bce,msle
512,0.8321173235563704,0.16845920889363192,0.2,0.9596700274977086,0.9812558575445174,0.9703429101019463,25.0,Succisa.pratensis,0.15967002749770853,opth,3,False,mlp1,bce,msle
513,,-0.0,0.0,0.9865591397849462,1.0,0.993234100135318,0.0,Symphytum.officinale,-0.013440860215053752,opth,3,False,mlp1,bce,msle
514,0.8930097680097682,0.14164212170734886,0.4166666666666667,0.9313186813186813,0.9864209505334627,0.958078191238813,24.0,Taraxacum.alpinum,0.3479853479853481,opth,3,False,mlp1,bce,msle
515,0.83465337997635,0.5037296745776328,0.7848837209302325,0.7108050847457628,0.9477401129943502,0.8123486682808717,172.0,Taraxacum.officinale,0.49568880567599516,opth,3,False,mlp1,bce,msle
516,0.7834681042228211,0.020289196108550945,0.6666666666666666,0.8787061994609164,0.9989785495403473,0.9349904397705545,3.0,Tephroseris.integrifolia,0.545372866127583,opth,3,False,mlp1,bce,msle
517,0.9973094170403587,0.25,1.0,0.9524663677130045,1.0,0.975654570509876,1.0,Teucrium.botrys,0.9524663677130045,opth,3,False,mlp1,bce,msle
518,0.902289402991059,0.4602665612774008,0.7857142857142857,0.8487229862475442,0.976271186440678,0.9080399369416711,98.0,Teucrium.chamaedrys,0.6344372719618299,opth,3,False,mlp1,bce,msle
519,0.832879608827805,0.16724059046889717,0.6,0.8686401480111008,0.9853095487932844,0.9233038348082596,35.0,Teucrium.montanum,0.4686401480111009,opth,3,False,mlp1,bce,msle
520,0.9442942942942942,0.4193506006006006,0.6666666666666666,0.9927927927927928,0.9981884057971014,0.995483288166215,6.0,Thalictrum.alpinum,0.6594594594594594,opth,3,False,mlp1,bce,msle
521,0.9089478417266187,0.03499260306931981,0.5,0.9316546762589928,0.9980732177263969,0.9637209302325581,4.0,Thalictrum.aquilegiifolium,0.4316546762589928,opth,3,False,mlp1,bce,msle
522,0.8604914111763428,0.16144737332531828,0.9047619047619048,0.7671232876712328,0.997624703087886,0.8673205988642231,21.0,Thalictrum.minus,0.6718851924331375,opth,3,False,mlp1,bce,msle
523,0.8084608460846086,0.028772909997617516,0.4,0.9396939693969397,0.997134670487106,0.9675625579240037,5.0,Thalictrum.simplex,0.33969396939693963,opth,3,False,mlp1,bce,msle
524,0.8810465289133343,0.15110232286888953,0.8387096774193549,0.7668202764976959,0.994026284348865,0.8657648283038502,31.0,Thesium.alpinum,0.6055299539170509,opth,3,False,mlp1,bce,msle
525,0.8589511754068716,0.057223641532452955,0.5,0.9168173598553345,0.9950932286555446,0.9543529411764706,10.0,Thesium.linophyllon,0.4168173598553344,opth,3,False,mlp1,bce,msle
526,0.8528919232255572,0.09889398965828738,0.8571428571428571,0.7691614066726781,0.9988290398126464,0.869077941925624,7.0,Thesium.pyrenaicum,0.6263042638155352,opth,3,False,mlp1,bce,msle
527,0.5463129496402878,0.008387651158263502,0.25,0.9253597122302158,0.997093023255814,0.9598880597014925,4.0,Tofieldia.calyculata,0.17535971223021596,opth,3,False,mlp1,bce,msle
528,0.9241410488245931,0.1976813066309839,0.8,0.8390596745027125,0.9978494623655914,0.9115913555992141,10.0,Tragopogon.dubius,0.6390596745027124,opth,3,False,mlp1,bce,msle
529,0.8551689736874922,0.5510455981342823,0.7777777777777778,0.7665544332210998,0.931787175989086,0.8411330049261084,225.0,Tragopogon.pratensis,0.5443322109988777,opth,3,False,mlp1,bce,msle
530,0.9596188747731397,0.36048788064136417,0.9285714285714286,0.7849364791288567,0.9988452655889145,0.8790650406504065,14.0,Traunsteinera.globosa,0.7135079077002853,opth,3,False,mlp1,bce,msle
531,0.8345982594616476,0.12147503129861303,0.6666666666666666,0.8169398907103825,0.9933554817275747,0.896551724137931,18.0,Trifolium.alpestre,0.48360655737704916,opth,3,False,mlp1,bce,msle
532,0.90562112784335,0.344223933093457,0.9206349206349206,0.7511870845204178,0.9937185929648241,0.8555976203353164,63.0,Trifolium.alpinum,0.6718220051553385,opth,3,False,mlp1,bce,msle
533,0.9244133574007221,0.080734361946533,0.875,0.8772563176895307,0.998972250770812,0.9341662662181643,8.0,Trifolium.arvense,0.7522563176895307,opth,3,False,mlp1,bce,msle
534,0.9225922592259226,0.1714708686393485,1.0,0.7641764176417641,1.0,0.8663265306122448,5.0,Trifolium.aureum,0.7641764176417642,opth,3,False,mlp1,bce,msle
535,0.8833254419191918,0.34953589513811184,0.6833333333333333,0.8636363636363636,0.9795918367346939,0.9179667840966281,60.0,Trifolium.badium,0.5469696969696969,opth,3,False,mlp1,bce,msle
536,0.8587677125506072,0.31055083715904386,0.6710526315789473,0.8375,0.9720982142857143,0.8997933884297521,76.0,Trifolium.campestre,0.5085526315789473,opth,3,False,mlp1,bce,msle
537,0.9001534683855126,0.27584877371809996,0.8666666666666667,0.8241252302025782,0.9955506117908788,0.9017632241813602,30.0,Trifolium.dubium,0.690791896869245,opth,3,False,mlp1,bce,msle
538,0.7081036610448376,0.019691480612580584,0.45454545454545453,0.8099547511312217,0.9933407325194229,0.8923230309072782,11.0,Trifolium.medium,0.2645002056766763,opth,3,False,mlp1,bce,msle
539,0.8191540183446167,0.4503807761649139,0.7631578947368421,0.7230290456431535,0.9508867667121419,0.8214496169711255,152.0,Trifolium.montanum,0.48618694037999566,opth,3,False,mlp1,bce,msle
540,0.8263509411050395,0.05164522411399924,0.4444444444444444,0.8542805100182149,0.989451476793249,0.916911045943304,18.0,Trifolium.ochroleucon,0.29872495446265934,opth,3,False,mlp1,bce,msle
541,0.7547494782492618,0.6700638646344932,0.7748478701825557,0.6099518459069021,0.7739307535641547,0.6822262118491921,493.0,Trifolium.pratense,0.38479971608945784,opth,3,False,mlp1,bce,msle
542,0.7698416809996478,0.3957877535527666,0.7616822429906542,0.6507760532150776,0.9200626959247649,0.7623376623376623,214.0,Trifolium.repens,0.41245829620573193,opth,3,False,mlp1,bce,msle
543,0.8611361587015328,0.09496859359604798,0.5714285714285714,0.8133453561767358,0.9966850828729282,0.8957298907646475,7.0,Trifolium.rubens,0.38477392760530726,opth,3,False,mlp1,bce,msle
544,0.9573608617594255,0.09420289855072464,0.5,0.952423698384201,0.9990583804143126,0.9751838235294118,2.0,Trifolium.scabrum,0.45242369838420116,opth,3,False,mlp1,bce,msle
545,0.7951888489208634,0.040933091414890134,0.5,0.8983812949640287,0.998001998001998,0.9455750118315192,4.0,Trifolium.striatum,0.39838129496402885,opth,3,False,mlp1,bce,msle
546,0.895059424532593,0.4923528701261579,0.6987951807228916,0.8693126815101646,0.9729144095341279,0.918200408997955,83.0,Trifolium.thalii,0.5681078622330562,opth,3,False,mlp1,bce,msle
547,0.8465623081645182,0.24021286577205747,0.5666666666666667,0.921731123388582,0.9871794871794872,0.9533333333333334,30.0,Trinia.glauca,0.48839779005524875,opth,3,False,mlp1,bce,msle
548,0.9071557971014493,0.09591061921328985,0.6666666666666666,0.8532608695652174,0.9957716701902748,0.9190243902439025,12.0,Trisetum.distichophyllum,0.519927536231884,opth,3,False,mlp1,bce,msle
549,0.8032995181436964,0.5672107507830035,0.7656765676567657,0.6949569495694957,0.8883647798742138,0.779848171152519,303.0,Trisetum.flavescens,0.46063351722626145,opth,3,False,mlp1,bce,msle
550,0.8976318605948235,0.37770283169058794,0.9365079365079365,0.7768281101614435,0.9951338199513382,0.8725333333333334,63.0,Trollius.europaeus,0.7133360466693799,opth,3,False,mlp1,bce,msle
551,0.9261926192619262,0.44659554920375666,0.6,0.9477947794779478,0.9981042654028436,0.9722991689750693,5.0,Turritis.glabra,0.5477947794779476,opth,3,False,mlp1,bce,msle
552,0.6764918625678119,0.1626359161491475,0.4,0.794755877034358,0.9932203389830508,0.8829733802109493,10.0,Tussilago.farfara,0.19475587703435804,opth,3,False,mlp1,bce,msle
553,0.6891793293785491,0.05628941895205629,0.2413793103448276,0.9098436062557498,0.9782393669634025,0.9428026692087702,29.0,Urtica.dioica,0.1512229166005774,opth,3,False,mlp1,bce,msle
554,0.9496996996996997,0.4206990719476145,0.6666666666666666,0.9342342342342342,0.9980750721847931,0.9651000465332713,6.0,Valeriana.dioica,0.6009009009009008,opth,3,False,mlp1,bce,msle
555,0.8776264002422041,0.3113731584844155,0.7333333333333333,0.8864668483197093,0.9959183673469387,0.9380105718404613,15.0,Valeriana.montana,0.6198001816530425,opth,3,False,mlp1,bce,msle
556,0.8500777806585429,0.09200240773635072,0.8571428571428571,0.7078039927404719,0.9974424552429667,0.8280254777070064,14.0,Valeriana.officinalis,0.564946849883329,opth,3,False,mlp1,bce,msle
557,0.8664556962025316,0.5092260110069395,0.7,0.794755877034358,0.9965986394557823,0.8843058350100603,10.0,Valerianella.dentata,0.4947558770343581,opth,3,False,mlp1,bce,msle
558,0.8169542839842567,0.062480065298494855,0.6,0.8147138964577657,0.9933554817275747,0.8952095808383234,15.0,Valerianella.locusta,0.4147138964577657,opth,3,False,mlp1,bce,msle
559,0.9039734412283432,0.4182731883133731,0.6,0.9374416433239963,0.9823874755381604,0.9593884376493073,45.0,Veratrum.album,0.5374416433239961,opth,3,False,mlp1,bce,msle
560,0.8357208029197081,0.10390668507625637,0.55,0.8822992700729927,0.9907786885245902,0.9333976833976834,20.0,Verbascum.lychnitis,0.43229927007299285,opth,3,False,mlp1,bce,msle
561,0.8129612961296129,0.07215740880124441,0.6,0.7704770477047704,0.9976689976689976,0.8694768918232605,5.0,Verbascum.nigrum,0.3704770477047705,opth,3,False,mlp1,bce,msle
562,0.7643564356435644,0.026133328836492366,0.4,0.8388838883888389,0.9967914438502674,0.9110459433040078,5.0,Verbascum.thapsus,0.2388838883888389,opth,3,False,mlp1,bce,msle
563,0.903442738131085,0.052869152900453215,1.0,0.7597109304426377,1.0,0.8634496919917864,9.0,Verbena.officinalis,0.7597109304426377,opth,3,False,mlp1,bce,msle
564,0.9170714430277271,0.18247756467710874,0.6666666666666666,0.8998178506375227,0.993963782696177,0.9445506692160612,18.0,Veronica.aphylla,0.5664845173041893,opth,3,False,mlp1,bce,msle
565,0.8396454178548326,0.38788686126548877,0.7614678899082569,0.7318768619662364,0.9659239842726082,0.8327683615819209,109.0,Veronica.arvensis,0.49334475187449334,opth,3,False,mlp1,bce,msle
566,0.9083485401459854,0.11756396812012442,0.3,0.9470802919708029,0.9866920152091255,0.9664804469273743,20.0,Veronica.bellidioides,0.24708029197080283,opth,3,False,mlp1,bce,msle
567,0.8561822105721404,0.32355293713858746,0.8037383177570093,0.7621407333994054,0.9734177215189873,0.8549193996664813,107.0,Veronica.chamaedrys,0.5658790511564147,opth,3,False,mlp1,bce,msle
568,0.8736085812588545,0.1756803038938985,0.7222222222222222,0.7832422586520947,0.9942196531791907,0.8762098828323994,18.0,Veronica.fruticans,0.505464480874317,opth,3,False,mlp1,bce,msle
569,0.9617805755395683,0.05332115800865801,0.75,0.960431654676259,0.9990645463049579,0.9793672627235214,4.0,Veronica.fruticulosa,0.710431654676259,opth,3,False,mlp1,bce,msle
570,0.8638871563594492,0.14211579404646174,0.8421052631578947,0.8021877848678214,0.9966024915062288,0.8888888888888888,19.0,Veronica.officinalis,0.6442930480257161,opth,3,False,mlp1,bce,msle
571,0.8017984263769202,0.05767985880021691,0.47058823529411764,0.8152866242038217,0.9900552486187846,0.8942115768463074,17.0,Veronica.persica,0.2858748594979392,opth,3,False,mlp1,bce,msle
572,0.767427701674277,0.06868017135849534,0.47619047619047616,0.8401826484018264,0.9881847475832438,0.9081934846989141,21.0,Veronica.serpyllifolia,0.3163731245923027,opth,3,False,mlp1,bce,msle
573,0.8725013555033436,0.428478036993626,0.7363636363636363,0.8131212723658051,0.9657615112160567,0.882892606583918,110.0,Vicia.cracca,0.5494849087294416,opth,3,False,mlp1,bce,msle
574,0.9436500594687459,0.34205485069943975,0.9142857142857143,0.8667900092506938,0.9968085106382979,0.9272637308263236,35.0,Vicia.hirsuta,0.7810757235364081,opth,3,False,mlp1,bce,msle
575,0.8710669077757685,0.146169448112904,0.5,0.9285714285714286,0.9951550387596899,0.960710944808232,10.0,Vicia.onobrychioides,0.4285714285714286,opth,3,False,mlp1,bce,msle
576,0.8786865308604439,0.4642350643376858,0.6260869565217392,0.8771228771228772,0.9533116178067318,0.9136316337148803,115.0,Vicia.sativa,0.5032098336446165,opth,3,False,mlp1,bce,msle
577,0.8654835390946504,0.21569464875268843,0.4722222222222222,0.9388888888888889,0.9816069699903195,0.9597728348319924,36.0,Vicia.sepium,0.411111111111111,opth,3,False,mlp1,bce,msle
578,0.7681940700808626,0.1803935611486256,0.6666666666666666,0.7196765498652291,0.9987531172069826,0.8365535248041776,3.0,Vicia.tetrasperma,0.38634321653189563,opth,3,False,mlp1,bce,msle
579,0.8572207084468665,0.2187235474353231,0.6666666666666666,0.9100817438692098,0.9950347567030785,0.9506641366223909,15.0,Vincetoxicum.hirundinaria,0.5767484105358764,opth,3,False,mlp1,bce,msle
580,0.9156193895870736,0.015889029003783105,1.0,0.8195691202872532,1.0,0.900838677849038,2.0,Viola.arvensis,0.819569120287253,opth,3,False,mlp1,bce,msle
581,0.8136241007194245,0.014964658722158476,0.0,0.9676258992805755,0.9962962962962963,0.9817518248175182,4.0,Viola.biflora,-0.03237410071942448,opth,3,False,mlp1,bce,msle
582,0.8609299389859036,0.20420658411735038,0.7551020408163265,0.8059981255857545,0.9862385321100917,0.887055183084064,49.0,Viola.calcarata,0.5611001664020809,opth,3,False,mlp1,bce,msle
583,0.8987504830606723,0.15361012044074923,0.7142857142857143,0.7565374211000901,0.9976218787158145,0.8605128205128205,7.0,Viola.hirta,0.47082313538580456,opth,3,False,mlp1,bce,msle
584,0.6044843049327354,0.0022624434389140274,0.0,0.9345291479820628,0.9990412272291467,0.9657089898053753,1.0,Viola.rupestris,-0.06547085201793723,opth,3,False,mlp1,bce,msle
585,0.9815978456014363,0.06666666666666667,1.0,0.8734290843806104,1.0,0.9324389075227599,2.0,Vulpia.myuros,0.8734290843806103,opth,3,False,mlp1,bce,msle
586,0.9442946990116801,0.029913110145668283,1.0,0.7484276729559748,1.0,0.8561151079136691,3.0,Athamanta.cretensis,0.7484276729559749,opth,3,False,mlp1,bce,msle
587,0.9211521152115212,0.21888332872314564,0.6,0.9684968496849685,0.9981447124304267,0.983097304705345,5.0,Bupleurum.baldense,0.5684968496849685,opth,3,False,mlp1,bce,msle
588,0.901737101374125,0.10048396297252367,0.6428571428571429,0.9392014519056261,0.9951923076923077,0.9663865546218487,14.0,Imperatoria.ostruthium,0.582058594762769,opth,3,False,mlp1,bce,msle
589,0.8962522851919561,0.1621551007568084,0.6818181818181818,0.9113345521023766,0.9930278884462151,0.9504289799809342,22.0,Laserpitium.gallicum,0.5931527339205585,opth,3,False,mlp1,bce,msle
590,0.9991031390134529,0.5,1.0,0.9955156950672646,1.0,0.9977528089887641,1.0,Oenanthe.silaifolia,0.9955156950672646,opth,3,False,mlp1,bce,msle
591,0.9814312957944396,0.26252602740039765,0.8888888888888888,0.952122854561879,0.9990521327014218,0.9750231267345051,9.0,Seseli.galloprovinciale,0.8410117434507678,opth,3,False,mlp1,bce,msle
592,1.0,1.0,1.0,0.9452914798206278,1.0,0.9718764407561088,1.0,Torilis.leptophylla,0.9452914798206278,opth,3,False,mlp1,bce,msle
593,0.9685816876122083,0.04233511586452763,0.0,0.9847396768402155,0.9981801637852593,0.991414369633981,2.0,Achillea.ptarmica,-0.015260323159784539,opth,3,False,mlp1,bce,msle
594,0.8930505415162455,0.46346248138340296,0.625,0.9350180505415162,0.9971126082771896,0.9650675360968793,8.0,Artemisia.alba,0.5600180505415162,opth,3,False,mlp1,bce,msle
595,0.9094936708860758,0.06838325898426562,0.2,0.9810126582278481,0.9926806953339433,0.98681218735789,10.0,Bombycilaena.erecta,0.18101265822784818,opth,3,False,mlp1,bce,msle
596,0.893980233602875,0.08756221083818613,0.6666666666666666,0.9155435759209344,0.9990196078431373,0.9554617909048289,3.0,Cacalia.alliariae,0.582210242587601,opth,3,False,mlp1,bce,msle
597,0.8747017688194159,0.24641836277171364,0.7272727272727273,0.8135746606334842,0.9966740576496674,0.8958644743398106,11.0,Cacalia.alpina,0.5408473879062115,opth,3,False,mlp1,bce,msle
598,0.917340521114106,0.18486590038314177,0.6666666666666666,0.9065588499550764,0.999009900990099,0.9505416862929816,3.0,Carduus.nigrescens,0.573225516621743,opth,3,False,mlp1,bce,msle
599,0.9403783431180692,0.24617115064696707,0.6666666666666666,0.9497716894977168,0.9933142311365807,0.9710550887021475,21.0,Catananche.caerulea,0.6164383561643834,opth,3,False,mlp1,bce,msle
600,0.815214135968853,0.033179878194983935,0.3333333333333333,0.7511230907457322,0.9976133651551312,0.8569964120963608,3.0,Centaurea.alpestris,0.0844564240790655,opth,3,False,mlp1,bce,msle
601,0.9542899962532784,0.2268400738212303,0.9411764705882353,0.8626023657870792,0.9989462592202318,0.92578125,17.0,Centaurea.paniculata,0.8037788363753144,opth,3,False,mlp1,bce,msle
602,0.9724468403713687,0.369551282051282,1.0,0.7124887690925427,1.0,0.832109129066107,3.0,Centaurea.triumfetti,0.7124887690925426,opth,3,False,mlp1,bce,msle
603,0.8991068421980983,0.37281873690861655,0.7457627118644068,0.8325449385052034,0.9832402234636871,0.9016393442622951,59.0,Centaurea.uniflora,0.5783076503696103,opth,3,False,mlp1,bce,msle
604,0.8186714542190305,0.010204956693251008,0.5,0.9192100538599641,0.9990243902439024,0.9574567554932212,2.0,Cirsium.ferox,0.4192100538599641,opth,3,False,mlp1,bce,msle
605,0.8514503663555154,0.08170394815112221,0.7777777777777778,0.8229448961156278,0.9978094194961665,0.901980198019802,9.0,Cirsium.morisianum,0.6007226738934057,opth,3,False,mlp1,bce,msle
606,0.9932553956834532,0.23677156177156178,1.0,0.9703237410071942,1.0,0.9849383842994066,4.0,Cirsium.rivulare,0.9703237410071943,opth,3,False,mlp1,bce,msle
607,0.8955895589558955,0.0237306567934453,1.0,0.8532853285328533,1.0,0.9208353569694027,5.0,Crepis.albida,0.8532853285328534,opth,3,False,mlp1,bce,msle
608,0.9276799304196565,0.2925753130925308,0.9523809523809523,0.8118721461187215,0.998876404494382,0.8957178841309824,21.0,Crepis.nicaeensis,0.7642530984996738,opth,3,False,mlp1,bce,msle
609,0.8072161835748792,0.11600710812226392,0.25,0.9248188405797102,0.9912621359223301,0.9568884723523898,12.0,Doronicum.grandiflorum,0.1748188405797102,opth,3,False,mlp1,bce,msle
610,0.9453626182450798,0.30665035055926515,0.6470588235294118,0.9500924214417745,0.9884615384615385,0.9688972667295005,34.0,Echinops.ritro,0.5971512449711862,opth,3,False,mlp1,bce,msle
611,0.8487698054875692,0.23871623202893658,0.7142857142857143,0.8530207394048692,0.9978902953586498,0.9197860962566845,7.0,Erigeron.atticus,0.5673064536905836,opth,3,False,mlp1,bce,msle
612,0.994165170556553,0.24358974358974358,1.0,0.9380610412926391,1.0,0.968040759610931,2.0,Filago.vulgaris,0.9380610412926391,opth,3,False,mlp1,bce,msle
613,0.8138489208633094,0.019326955438881847,0.0,0.9892086330935251,0.9963768115942029,0.9927797833935018,4.0,Helichrysum.stoechas,-0.010791366906474864,opth,3,False,mlp1,bce,msle
614,0.9648964896489649,0.14444057092332957,0.8,0.9288928892889289,0.9990319457889641,0.9626865671641791,5.0,Hieracium.glanduliferum,0.7288928892889288,opth,3,False,mlp1,bce,msle
615,0.8387394083543928,0.13410135087397923,0.7741935483870968,0.7870967741935484,0.991869918699187,0.8776978417266187,31.0,Pilosella.peleteriana,0.5612903225806452,opth,3,False,mlp1,bce,msle
616,0.7732062172420026,0.27936984423410227,0.6818181818181818,0.7335984095427436,0.9547218628719275,0.8296795952782462,110.0,Pilosella.officinarum,0.41541659136092535,opth,3,False,mlp1,bce,msle
617,0.915797373358349,0.47545445119614704,0.86,0.8874296435272045,0.9926547743966422,0.9370975730559683,50.0,Hieracium.rionii,0.7474296435272045,opth,3,False,mlp1,bce,msle
618,0.9607273466070703,0.4585200095063909,0.8043478260869565,0.930841121495327,0.991044776119403,0.96,46.0,Pilosella.corymbuloides,0.7351889475822837,opth,3,False,mlp1,bce,msle
619,0.9176821363754213,0.16434926085753918,0.42857142857142855,0.957350272232305,0.9924741298212606,0.9745958429561201,14.0,Inula.montana,0.38592170080373345,opth,3,False,mlp1,bce,msle
620,0.928238188976378,0.5342284400470687,0.81,0.8740157480314961,0.9790518191841234,0.9235569422776911,100.0,Leontodon.pyrenaicus,0.6840157480314961,opth,3,False,mlp1,bce,msle
621,0.8315114068441063,0.2765730464560295,0.796875,0.7975285171102662,0.9847417840375586,0.8813025210084033,64.0,Leucanthemum.adustum,0.5944035171102662,opth,3,False,mlp1,bce,msle
622,0.9227716727716727,0.2811719722087648,0.6666666666666666,0.9313186813186813,0.9921951219512195,0.9607935758148323,24.0,Leucanthemum.atratum,0.5979853479853481,opth,3,False,mlp1,bce,msle
623,0.9700553219071737,0.5832997568989242,0.9206349206349206,0.9202279202279202,0.9948665297741273,0.9560927479033053,63.0,Omalotheca.supina,0.8408628408628407,opth,3,False,mlp1,bce,msle
624,0.9082828803297692,0.0958201506861105,0.8571428571428571,0.8079350766456267,0.9988851727982163,0.8933200398803589,7.0,Omalotheca.sylvatica,0.6650779337884838,opth,3,False,mlp1,bce,msle
625,0.8141831238779175,0.007055852644087939,0.0,0.9649910233393177,0.9981429897864438,0.9812870835235052,2.0,Pulicaria.dysenterica,-0.035008976660682256,opth,3,False,mlp1,bce,msle
626,0.9565889475718151,0.14731334620497183,1.0,0.806131650135257,1.0,0.8926610084872691,7.0,Scorzonera.hispanica,0.8061316501352569,opth,3,False,mlp1,bce,msle
627,1.0,1.0,1.0,0.9380610412926391,1.0,0.968040759610931,2.0,Senecio.aquaticus,0.9380610412926391,opth,3,False,mlp1,bce,msle
628,0.9514824797843665,0.0488095238095238,1.0,0.876010781671159,1.0,0.9339080459770115,3.0,Senecio.vulgaris,0.8760107816711589,opth,3,False,mlp1,bce,msle
629,0.978842676311031,0.6016050106123937,0.9,0.9484629294755877,0.9990476190476191,0.9730983302411874,10.0,Serratula.lycopifolia,0.8484629294755877,opth,3,False,mlp1,bce,msle
630,0.9303057553956834,0.041192309893151056,0.75,0.8669064748201439,0.9989637305699481,0.928261916225325,4.0,Serratula.nudicaulis,0.6169064748201438,opth,3,False,mlp1,bce,msle
631,0.7135791366906474,0.008454695655439149,0.25,0.814748201438849,0.9966996699669967,0.896585848589807,4.0,Sonchus.asper,0.06474820143884896,opth,3,False,mlp1,bce,msle
632,0.8356794947278274,0.2337662338120211,0.6470588235294118,0.8826205641492265,0.9938524590163934,0.9349397590361446,17.0,Taraxacum.erythrospermum,0.5296793876786383,opth,3,False,mlp1,bce,msle
633,0.9055555555555554,0.15204801988404365,0.5,0.9378378378378378,0.9971264367816092,0.9665738161559888,6.0,Taraxacum.palustre,0.4378378378378378,opth,3,False,mlp1,bce,msle
634,0.6645702306079664,0.05852084768462212,0.3333333333333333,0.655884995507637,0.9972677595628415,0.7913279132791328,3.0,Tolpis.staticifolia,-0.010781671159029615,opth,3,False,mlp1,bce,msle
635,0.8939802336028752,0.05128061206866774,0.3333333333333333,0.958670260557053,0.9981290926099158,0.9780018331805683,3.0,Tragopogon.crocifolius,0.2920035938903862,opth,3,False,mlp1,bce,msle
636,0.9332622232472324,0.3784092370419683,0.90625,0.8118081180811808,0.9966024915062288,0.8947635993899339,32.0,Cerinthe.minor,0.7180581180811809,opth,3,False,mlp1,bce,msle
637,0.8250973345312967,0.012574712835969601,0.6666666666666666,0.7439353099730458,0.9987937273823885,0.8527291452111225,3.0,Cynoglossum.officinale,0.41060197663971243,opth,3,False,mlp1,bce,msle
638,0.8502545672356994,0.026509720067642167,0.6666666666666666,0.738544474393531,0.9987849331713244,0.8491735537190083,3.0,Lithospermum.arvense,0.40521114106019773,opth,3,False,mlp1,bce,msle
639,0.8032912728493978,0.1056556925179407,0.631578947368421,0.8587055606198724,0.9926238145416227,0.9208211143695014,19.0,Myosotis.decumbens,0.49028450798829337,opth,3,False,mlp1,bce,msle
640,0.919489887929924,0.2078836958528125,0.7142857142857143,0.9350766456266907,0.9980750721847931,0.9655493482309124,7.0,Myosotis.discolor,0.649362359912405,opth,3,False,mlp1,bce,msle
641,0.9054501656127673,0.20797267566834993,0.7777777777777778,0.7985546522131888,0.9977426636568849,0.8871048670346212,9.0,Pulmonaria.angustifolia,0.5763324299909667,opth,3,False,mlp1,bce,msle
642,0.9441441441441442,0.13285298930460218,0.5,0.9459459459459459,0.9971509971509972,0.970873786407767,6.0,Alyssum.alpestre,0.44594594594594605,opth,3,False,mlp1,bce,msle
643,0.9264264264264264,0.26830373229961285,0.6666666666666666,0.8693693693693694,0.9979317476732161,0.9292248435243139,6.0,Alyssum.montanum,0.5360360360360361,opth,3,False,mlp1,bce,msle
644,0.8520515124288709,0.0984060984060984,0.6666666666666666,0.7601078167115903,0.9988193624557261,0.863265306122449,3.0,Arabis.alpina,0.42677448337825696,opth,3,False,mlp1,bce,msle
645,0.9367145421903051,0.024553571428571428,1.0,0.8752244165170556,1.0,0.9334609861177597,2.0,Arabis.auriculata,0.8752244165170557,opth,3,False,mlp1,bce,msle
646,0.9688264846064666,0.29343989516297925,0.8571428571428571,0.9314697926059513,0.9990328820116054,0.9640690620625292,7.0,Cardamine.bellidifolia,0.7886126497488084,opth,3,False,mlp1,bce,msle
647,0.9227282237255039,0.12923831594710006,0.6153846153846154,0.9174977334542158,0.9950835791543756,0.9547169811320755,13.0,Cardamine.resedifolia,0.5328823488388312,opth,3,False,mlp1,bce,msle
648,,-0.0,0.0,0.8637992831541219,1.0,0.926923076923077,0.0,Iberis.pinnata,-0.1362007168458781,opth,3,False,mlp1,bce,msle
649,0.7842567363003331,0.03211405456170618,0.9333333333333333,0.6221616712079927,0.9985422740524781,0.7666480134303302,15.0,Kandis.perfoliata,0.555495004541326,opth,3,False,mlp1,bce,msle
650,0.783874948580831,0.025671078256523504,0.5454545454545454,0.8099547511312217,0.9944444444444445,0.8927680798004988,11.0,Noccaea.brachypetala,0.35540929658576714,opth,3,False,mlp1,bce,msle
651,0.926912691269127,0.07404222715597929,0.8,0.8883888388838884,0.9989878542510121,0.9404478323010957,5.0,Pritzelago.alpina,0.6883888388838884,opth,3,False,mlp1,bce,msle
652,0.7885171790235082,0.03140802613884665,0.4,0.8905967450271248,0.9939455095862765,0.9394372913686219,10.0,Sisymbrium.austriacum,0.29059674502712474,opth,3,False,mlp1,bce,msle
653,0.9403903903903903,0.12097884902710715,0.6666666666666666,0.9279279279279279,0.998062015503876,0.96171802054155,6.0,Campanula.alpestris,0.5945945945945945,opth,3,False,mlp1,bce,msle
654,0.9686041325999702,0.3931829218985899,0.7096774193548387,0.9640552995391705,0.9914691943127962,0.9775700934579439,31.0,Phyteuma.globulariifolium,0.6737327188940092,opth,3,False,mlp1,bce,msle
655,0.8783862389895297,0.34263609574030374,0.6363636363636364,0.9012797074954296,0.9919517102615694,0.9444444444444444,22.0,Phyteuma.michelii,0.537643343859066,opth,3,False,mlp1,bce,msle
656,0.9038458802270819,0.36002210798718487,0.7611940298507462,0.8465204957102002,0.9823008849557522,0.9093701996927803,67.0,Arenaria.gothica,0.6077145255609464,opth,3,False,mlp1,bce,msle
657,0.9584990958408679,0.19850669343726812,0.9,0.8978300180831826,0.9989939637826962,0.9457142857142857,10.0,Cerastium.cerastoides,0.7978300180831828,opth,3,False,mlp1,bce,msle
658,0.9499545040946314,0.2211519188679492,0.8823529411764706,0.89171974522293,0.9979633401221996,0.9418548774627583,17.0,Dianthus.hyssopifolius,0.7740726863994005,opth,3,False,mlp1,bce,msle
659,0.8954627885889657,0.3758188207313103,0.7222222222222222,0.8785310734463276,0.9841772151898734,0.9283582089552239,54.0,Dianthus.pavonius,0.6007532956685497,opth,3,False,mlp1,bce,msle
660,0.9386241007194244,0.16695526695526697,0.5,0.9694244604316546,0.9981481481481481,0.9835766423357665,4.0,Minuartia.hybrida,0.46942446043165464,opth,3,False,mlp1,bce,msle
661,0.9284216831386644,0.029812779812779813,0.6666666666666666,0.912848158131177,0.9990167158308751,0.9539906103286385,3.0,Minuartia.rupestris,0.5795148247978437,opth,3,False,mlp1,bce,msle
662,0.9468883536632741,0.41904917860957747,0.9016393442622951,0.9052132701421801,0.9937565036420395,0.9474206349206349,61.0,Minuartia.sedoides,0.8068526144044752,opth,3,False,mlp1,bce,msle
663,0.9386122156313148,0.4748885795269685,0.8620689655172413,0.8827977315689981,0.9915074309978769,0.934,58.0,Sagina.glabra,0.7448666970862394,opth,3,False,mlp1,bce,msle
664,0.8794964028776979,0.031272588576845596,0.75,0.7760791366906474,0.9988425925925926,0.8734817813765182,4.0,Sagina.saginoides,0.5260791366906474,opth,3,False,mlp1,bce,msle
665,0.8763068181818182,0.06059368323816303,0.8125,0.7981818181818182,0.996594778660613,0.8864209994952045,16.0,Silene.italica,0.6106818181818183,opth,3,False,mlp1,bce,msle
666,0.8623067974073458,0.0999197373615496,0.8636363636363636,0.7230347349177331,0.9962216624685138,0.8379237288135594,22.0,Silene.latifolia,0.5866710985540968,opth,3,False,mlp1,bce,msle
667,0.9844264749925127,0.10448028673835126,0.0,0.9910152740341419,0.9972875226039783,0.9941415051825147,3.0,Silene.suecica,-0.008984725965858087,opth,3,False,mlp1,bce,msle
668,0.7272206959706959,0.06233509766118831,0.625,0.7243589743589743,0.98875,0.8361522198731501,24.0,Chenopodium.bonus.henricus,0.34935897435897445,opth,3,False,mlp1,bce,msle
669,0.8749747014774337,0.17041663968215967,0.7222222222222222,0.8916211293260473,0.9949186991869918,0.9404418828049952,18.0,Helianthemum.apenninum,0.6138433515482695,opth,3,False,mlp1,bce,msle
670,0.8539839327806552,0.33248225895299593,0.6440677966101694,0.8732261116367077,0.9777542372881356,0.9225387306346826,59.0,Helianthemum.oelandicum,0.5172939082468773,opth,3,False,mlp1,bce,msle
671,0.9865229110512129,0.234006734006734,1.0,0.9568733153638814,1.0,0.977961432506887,3.0,Convolvulus.cantabricus,0.9568733153638815,opth,3,False,mlp1,bce,msle
672,0.9419787096554774,0.2976420614613445,0.8518518518518519,0.9100091827364555,0.9959798994974874,0.9510556621880998,27.0,Sedum.alpestre,0.7618610345883075,opth,3,False,mlp1,bce,msle
673,0.9057814352465304,0.13323682717310342,0.9230769230769231,0.7896645512239348,0.9988532110091743,0.8820253164556962,13.0,Sedum.anacampseros,0.712741474300858,opth,3,False,mlp1,bce,msle
674,0.8739507299270073,0.15284133718087728,0.5,0.916058394160584,0.9901380670611439,0.9516587677725118,20.0,Sedum.ochroleucum,0.416058394160584,opth,3,False,mlp1,bce,msle
675,0.9514202549432902,0.603424041546647,0.6666666666666666,0.959349593495935,0.9971830985915493,0.9779005524861878,9.0,Sedum.sediforme,0.6260162601626016,opth,3,False,mlp1,bce,msle
676,0.9377211024269847,0.28649767908092055,0.7272727272727273,0.9411764705882353,0.99712368168744,0.9683426443202979,11.0,Sempervivum.calcareum,0.6684491978609626,opth,3,False,mlp1,bce,msle
677,0.9991031390134529,0.5,1.0,0.9650224215246637,1.0,0.9821999087174806,1.0,Euphorbia.esula,0.9650224215246637,opth,3,False,mlp1,bce,msle
678,0.939262620533182,0.37381555660276444,0.7804878048780488,0.9144186046511628,0.9909274193548387,0.9511369134010643,41.0,Anthyllis.montana,0.6949064095292115,opth,3,False,mlp1,bce,msle
679,0.9601525644886078,0.13253339286358157,0.6666666666666666,0.926829268292683,0.9970845481049563,0.9606741573033708,9.0,Argyrolobium.zanonii,0.5934959349593496,opth,3,False,mlp1,bce,msle
680,0.8621672216423968,0.2438392652049621,0.631578947368421,0.8630783758262511,0.9775401069518717,0.9167502507522568,57.0,Astragalus.danicus,0.49465732319467204,opth,3,False,mlp1,bce,msle
681,0.9003020446096655,0.2915343532463745,0.75,0.8643122676579925,0.9893617021276596,0.9226190476190477,40.0,Astragalus.sempervirens,0.6143122676579926,opth,3,False,mlp1,bce,msle
682,0.9269242288110213,0.03101926471716939,0.3333333333333333,0.9407008086253369,0.998093422306959,0.9685476410730804,3.0,Astragalus.vesicarius,0.27403414195867026,opth,3,False,mlp1,bce,msle
683,0.9634621144055106,0.19444444444444445,1.0,0.9236298292902066,1.0,0.9602989257356376,3.0,Bituminaria.bituminosa,0.9236298292902068,opth,3,False,mlp1,bce,msle
684,0.95568723431663,0.2030824423148517,0.42857142857142855,0.9909828674481514,0.9963735267452403,0.9936708860759493,7.0,Dorycnium.pentaphyllum,0.41955429601957994,opth,3,False,mlp1,bce,msle
685,0.8690582959641255,0.006802721088435374,0.0,0.9121076233183857,0.9990176817288802,0.9535864978902954,1.0,Genista.cinerea,-0.08789237668161431,opth,3,False,mlp1,bce,msle
686,0.8017937219730942,0.0045045045045045045,0.0,0.8484304932735426,0.9989440337909187,0.9175557710960233,1.0,Lathyrus.hirsutus,-0.15156950672645741,opth,3,False,mlp1,bce,msle
687,0.9096779475982534,0.6406311113736628,0.785,0.8526200873362445,0.9478155339805825,0.8977011494252873,200.0,Lotus.alpinus,0.6376200873362445,opth,3,False,mlp1,bce,msle
688,0.9162618903056061,0.3164181926014683,0.7777777777777778,0.8907103825136612,0.9959266802443992,0.9403846153846154,18.0,Lotus.delortii,0.668488160291439,opth,3,False,mlp1,bce,msle
689,0.9771095152603231,0.06285178236397748,0.5,0.9658886894075404,0.9990714948932219,0.9821999087174806,2.0,Lotus.pedunculatus,0.46588868940754047,opth,3,False,mlp1,bce,msle
690,0.9713004484304932,0.030303030303030304,1.0,0.9067264573991032,1.0,0.9510818438381938,1.0,Medicago.arabica,0.9067264573991032,opth,3,False,mlp1,bce,msle
691,0.9931117100928422,0.5955555555555555,1.0,0.9802336028751123,1.0,0.9900181488203267,3.0,Melilotus.neapolitanus,0.9802336028751122,opth,3,False,mlp1,bce,msle
692,0.8919518963922294,0.2430019155145096,0.5714285714285714,0.9019426456984274,0.9848484848484849,0.9415741187831965,35.0,Ononis.cristata,0.4733712171269988,opth,3,False,mlp1,bce,msle
693,0.9242896425297893,0.2775952315502119,0.84,0.9010082493125573,0.9959473150962512,0.9461020211742059,25.0,Oxytropis.lapponica,0.7410082493125572,opth,3,False,mlp1,bce,msle
694,0.8630684013912148,0.06587325971363754,0.5714285714285714,0.915238954012624,0.9970530451866405,0.9543958627174424,7.0,Trifolium.incarnatum,0.4866675254411954,opth,3,False,mlp1,bce,msle
695,0.8771290121383678,0.20379893425277865,0.7894736842105263,0.845943482224248,0.9957081545064378,0.9147363233119763,19.0,Trifolium.pallescens,0.6354171664347743,opth,3,False,mlp1,bce,msle
696,0.9103139013452914,0.009900990099009901,0.0,0.9228699551569507,0.9990291262135922,0.9594405594405594,1.0,Vicia.pannonica,-0.0771300448430493,opth,3,False,mlp1,bce,msle
697,0.8258402057284739,0.20234886414802827,0.8095238095238095,0.7132216014897579,0.9896640826873385,0.829004329004329,42.0,Vicia.tenuifolia,0.5227454110135674,opth,3,False,mlp1,bce,msle
698,0.9148550724637682,0.2898290191490888,0.6666666666666666,0.9130434782608695,0.9960474308300395,0.9527410207939508,12.0,Gentiana.angustifolia,0.5797101449275361,opth,3,False,mlp1,bce,msle
699,0.8811025334348157,0.16509292054589456,0.8235294117647058,0.7994454713493531,0.9931113662456946,0.8858166922683052,34.0,Gentiana.brachyphylla,0.6229748831140589,opth,3,False,mlp1,bce,msle
700,0.8124436429215509,0.02244472835158484,0.2857142857142857,0.8755635707844905,0.9948770491803278,0.9314148681055155,7.0,Gentiana.orbicularis,0.16127785649877624,opth,3,False,mlp1,bce,msle
701,0.9792079207920792,0.13358605387526412,1.0,0.8991899189918992,1.0,0.9469194312796209,5.0,Gentiana.rostanii,0.8991899189918993,opth,3,False,mlp1,bce,msle
702,0.8488834543747839,0.2510468351356648,0.7435897435897436,0.791907514450867,0.9762470308788599,0.874468085106383,78.0,Gentianella.campestris,0.5354972580406105,opth,3,False,mlp1,bce,msle
703,0.8703204552261157,0.013902389362512061,0.3333333333333333,0.9110512129380054,0.9980314960629921,0.9525598872710193,3.0,Gentianella.ciliata,0.24438454627133877,opth,3,False,mlp1,bce,msle
704,0.8373764600179694,0.017127198213664218,0.3333333333333333,0.8104222821203954,0.9977876106194691,0.8943976202280615,3.0,Gentianella.tenella,0.14375561545372872,opth,3,False,mlp1,bce,msle
705,,-0.0,0.0,0.9587813620071685,1.0,0.9789569990850869,0.0,Hypericum.tetrapterum,-0.04121863799283154,opth,3,False,mlp1,bce,msle
706,0.9649595687331536,0.054968944099378886,1.0,0.8787061994609164,1.0,0.9354375896700143,3.0,Herniaria.incana,0.8787061994609164,opth,3,False,mlp1,bce,msle
707,0.793993993993994,0.020639723211973125,0.16666666666666666,0.954954954954955,0.9953051643192489,0.9747126436781609,6.0,Calamintha.nepeta,0.12162162162162171,opth,3,False,mlp1,bce,msle
708,0.9777428057553956,0.1163935574229692,1.0,0.9226618705035972,1.0,0.9597754911131899,4.0,Mentha.aquatica,0.9226618705035972,opth,3,False,mlp1,bce,msle
709,0.9150496389891696,0.16710076135830437,0.375,0.9196750902527075,0.9951171875,0.9559099437148217,8.0,Mentha.longifolia,0.29467509025270755,opth,3,False,mlp1,bce,msle
710,0.9059598682240191,0.04670519059205191,0.6666666666666666,0.8382749326145552,0.9989293361884368,0.9115779189057157,3.0,Nepeta.nepetella,0.5049415992812218,opth,3,False,mlp1,bce,msle
711,0.9652590595986823,0.05024677533076189,1.0,0.8607367475292004,1.0,0.9251569290197972,3.0,Prunella.hyssopifolia,0.8607367475292005,opth,3,False,mlp1,bce,msle
712,0.9475718150199666,0.1471787684060071,0.7142857142857143,0.9666366095581606,0.9981378026070763,0.9821346770499313,7.0,Teucrium.polium,0.6809223238438749,opth,3,False,mlp1,bce,msle
713,0.9498498498498499,0.30746879651895115,0.6666666666666666,0.9558558558558559,0.9981185324553151,0.9765301426599171,6.0,Linum.bienne,0.6225225225225226,opth,3,False,mlp1,bce,msle
714,0.8877325442982008,0.20659346859402017,0.8148148148148148,0.7878787878787878,0.9942062572421785,0.8790983606557377,27.0,Linum.suffruticosum,0.6026936026936025,opth,3,False,mlp1,bce,msle
715,0.9430930930930931,0.06564407700187688,0.6666666666666666,0.9342342342342342,0.9980750721847931,0.9651000465332713,6.0,Lythrum.salicaria,0.6009009009009008,opth,3,False,mlp1,bce,msle
716,0.9022522522522523,0.06871155477830662,0.3333333333333333,0.9585585585585585,0.9962546816479401,0.9770431588613406,6.0,Althaea.hirsuta,0.2918918918918918,opth,3,False,mlp1,bce,msle
717,0.9991031390134529,0.5,1.0,0.9991031390134529,1.0,0.9995513683266039,1.0,Epilobium.parviflorum,0.999103139013453,opth,3,False,mlp1,bce,msle
718,0.8927289048473968,0.01209231619679381,1.0,0.8617594254937163,1.0,0.9257473481195757,2.0,Plantago.sempervirens,0.8617594254937164,opth,3,False,mlp1,bce,msle
719,0.91629638857744,0.43409398529110604,0.8405797101449275,0.8328557784145176,0.9875424688561721,0.9036269430051813,69.0,Armeria.alpina,0.6734354885594451,opth,3,False,mlp1,bce,msle
720,0.8579497991169099,0.12601606562697298,0.8260869565217391,0.8252516010978957,0.9955849889624724,0.9024512256128064,23.0,Polygala.calcarea,0.6513385576196349,opth,3,False,mlp1,bce,msle
721,0.8363959122966943,0.1301654789301639,0.7894736842105263,0.8158614402917046,0.9955506117908788,0.8967935871743486,19.0,Rumex.arifolius,0.6053351245022309,opth,3,False,mlp1,bce,msle
722,0.9760576057605761,0.1491825396825397,1.0,0.8910891089108911,1.0,0.9424083769633508,5.0,Rumex.conglomeratus,0.891089108910891,opth,3,False,mlp1,bce,msle
723,0.7385735311667131,0.05906132370958855,0.6521739130434783,0.7337602927721867,0.9901234567901235,0.8428796636889122,23.0,Rumex.nebroides,0.38593420581566495,opth,3,False,mlp1,bce,msle
724,0.8647377938517179,0.08198597514234215,0.5,0.9412296564195298,0.9952198852772467,0.9674721189591078,10.0,Rumex.pseudalpinus,0.4412296564195297,opth,3,False,mlp1,bce,msle
725,0.9556853991596639,0.3040377803941347,0.9642857142857143,0.8575367647058824,0.9989293361884368,0.9228486646884273,28.0,Androsace.adfinis,0.8218224789915967,opth,3,False,mlp1,bce,msle
726,0.908783313098342,0.2651022206021998,0.8085106382978723,0.8737137511693172,0.9904559915164369,0.9284294234592445,47.0,Androsace.vitaliana,0.6822243894671893,opth,3,False,mlp1,bce,msle
727,0.5479820627802691,0.0019801980198019802,0.0,0.8762331838565023,0.9989775051124744,0.9335881509794554,1.0,Primula.vulgaris,-0.12376681614349772,opth,3,False,mlp1,bce,msle
728,0.889039039039039,0.21338108192188804,0.8333333333333334,0.7936936936936937,0.9988662131519275,0.8845381526104418,6.0,Aconitum.anthora,0.6270270270270271,opth,3,False,mlp1,bce,msle
729,0.9360644905510771,0.3289209910655529,0.8285714285714286,0.8899167437557817,0.993801652892562,0.9389946315275745,35.0,Anemone.baldensis,0.7184881723272103,opth,3,False,mlp1,bce,msle
730,0.9479204339963834,0.38721938559928437,0.8,0.8752260397830018,0.9979381443298969,0.9325626204238922,10.0,Anemone.narcissifolia,0.6752260397830019,opth,3,False,mlp1,bce,msle
731,0.9119496855345912,0.19598416289592757,0.3333333333333333,0.9874213836477987,0.9981834695731153,0.992773261065944,3.0,Caltha.palustris,0.320754716981132,opth,3,False,mlp1,bce,msle
732,0.8816227671813502,0.0683416845718793,0.9333333333333333,0.7029972752043597,0.9987096774193548,0.8251599147121536,15.0,Ranunculus.aduncus,0.6363306085376932,opth,3,False,mlp1,bce,msle
733,0.9408967391304348,0.435024087885349,0.8333333333333334,0.855072463768116,0.9978858350951374,0.9209756097560976,12.0,Ranunculus.carinthiacus,0.6884057971014492,opth,3,False,mlp1,bce,msle
734,0.8412852969814995,0.3336967495667347,0.6629213483146067,0.8442064264849075,0.9665551839464883,0.9012474012474012,89.0,Ranunculus.sartorianus,0.5071277747995142,opth,3,False,mlp1,bce,msle
735,0.7938399280575539,0.09146301062349035,0.25,0.9577338129496403,0.9971910112359551,0.9770642201834863,4.0,Reseda.phyteuma,0.20773381294964022,opth,3,False,mlp1,bce,msle
736,0.8766827322586006,0.18381611435444983,0.3181818181818182,0.926873857404022,0.9854227405247813,0.9552520018841263,22.0,Alchemilla.fissa,0.24505567558584018,opth,3,False,mlp1,bce,msle
737,0.8767796207642214,0.36798392097480437,0.7012987012987013,0.8719923002887392,0.9752421959095802,0.9207317073170732,77.0,Alchemilla.flabellata,0.5732910015874406,opth,3,False,mlp1,bce,msle
738,0.8733592095977417,0.15273144323768773,0.7692307692307693,0.781651376146789,0.993006993006993,0.8747433264887063,26.0,Alchemilla.glabra,0.5508821453775583,opth,3,False,mlp1,bce,msle
739,0.8476686052443628,0.12245004376187413,0.6666666666666666,0.7823691460055097,0.9895470383275261,0.8738461538461538,27.0,Alchemilla.glaucescens,0.4490358126721763,opth,3,False,mlp1,bce,msle
740,0.8988149498632634,0.31671957021802716,0.8947368421052632,0.780309936189608,0.9976689976689976,0.8757033248081841,19.0,Alchemilla.monticola,0.6750467782948713,opth,3,False,mlp1,bce,msle
741,0.9658312493204306,0.42164437335138333,0.8529411764705882,0.9306839186691312,0.9950592885375494,0.9617956064947469,34.0,Alchemilla.pentaphyllea,0.7836250951397195,opth,3,False,mlp1,bce,msle
742,0.9347865576748411,0.21033022155011882,0.8,0.9391462306993642,0.9971070395371263,0.9672591206735267,15.0,Filipendula.ulmaria,0.7391462306993644,opth,3,False,mlp1,bce,msle
743,0.9225494604316546,0.04936809408640395,0.75,0.8965827338129496,0.998997995991984,0.9450236966824644,4.0,Potentilla.brauneana,0.6465827338129495,opth,3,False,mlp1,bce,msle
744,0.8200179533213644,0.5024813895781638,0.5,0.7845601436265709,0.9988571428571429,0.8788335847159376,2.0,Potentilla.neglecta,0.284560143626571,opth,3,False,mlp1,bce,msle
745,0.9519588778848037,0.43425954731983635,0.873015873015873,0.9145299145299145,0.9917610710607621,0.9515810276679841,63.0,Sibbaldia.procumbens,0.7875457875457874,opth,3,False,mlp1,bce,msle
746,0.8750750750750751,0.026814568239250634,0.3333333333333333,0.9198198198198199,0.9960975609756098,0.956440281030445,6.0,Galium.megalospermum,0.25315315315315323,opth,3,False,mlp1,bce,msle
747,0.9078472179714758,0.4187248125632843,0.8709677419354839,0.8320683111954459,0.9909604519774011,0.9045899948427024,62.0,Galium.obliquum,0.7030360531309299,opth,3,False,mlp1,bce,msle
748,0.9833827128687364,0.5305097648815624,1.0,0.8737601442741209,1.0,0.9326275264677575,7.0,Galium.palustre,0.873760144274121,opth,3,False,mlp1,bce,msle
749,0.9398734177215189,0.15583704777159701,0.8,0.9005424954792043,0.9979959919839679,0.9467680608365019,10.0,Galium.pseudohelveticum,0.7005424954792043,opth,3,False,mlp1,bce,msle
750,0.9959605026929982,0.35,1.0,0.940754039497307,1.0,0.969472710453284,2.0,Galium.uliginosum,0.9407540394973068,opth,3,False,mlp1,bce,msle
751,0.7537353735373538,0.016626860233008876,0.6,0.8595859585958596,0.9979101358411703,0.9235976789168279,5.0,Salix.foetida,0.4595859585958597,opth,3,False,mlp1,bce,msle
752,0.9336503623188406,0.10975957771462408,0.16666666666666666,0.9882246376811594,0.9909173478655767,0.9895691609977324,12.0,Thesium.divaricatum,0.15489130434782616,opth,3,False,mlp1,bce,msle
753,0.8943707329640602,0.033380735989792756,0.5714285714285714,0.872858431018936,0.9969104016477858,0.9307692307692308,7.0,Saxifraga.bryoides,0.4442870024475074,opth,3,False,mlp1,bce,msle
754,0.8765702187720537,0.12723556130648023,0.6538461538461539,0.8412844036697248,0.990280777537797,0.9097222222222222,26.0,Saxifraga.exarata,0.49513055751587864,opth,3,False,mlp1,bce,msle
755,0.8824482448244825,0.036425449024125,0.4,0.9162916291629163,0.9970617042115573,0.9549718574108818,5.0,Digitalis.grandiflora,0.3162916291629163,opth,3,False,mlp1,bce,msle
756,0.7640477169888934,0.02147981728273133,0.2727272727272727,0.8352941176470589,0.99140708915145,0.906679764243615,11.0,Euphrasia.officinalis,0.10802139037433145,opth,3,False,mlp1,bce,msle
757,0.9731773177317732,0.1376442324677619,0.8,0.9558955895589559,0.9990592662276576,0.9770009199632015,5.0,Linaria.simplex,0.7558955895589561,opth,3,False,mlp1,bce,msle
758,0.922886690647482,0.06162950598687276,1.0,0.8075539568345323,1.0,0.8935323383084577,4.0,Pedicularis.cenisia,0.8075539568345325,opth,3,False,mlp1,bce,msle
759,0.9388283836299957,0.4437864230387377,0.8947368421052632,0.8040109389243391,0.997737556561086,0.8904593639575972,19.0,Pedicularis.comosa,0.6987477810296023,opth,3,False,mlp1,bce,msle
760,0.9193747429041547,0.17999899575518186,0.8181818181818182,0.857918552036199,0.9978947368421053,0.9226277372262773,11.0,Pedicularis.kerneri,0.6761003702180173,opth,3,False,mlp1,bce,msle
761,0.7908190819081907,0.012152322432305839,0.0,0.9576957695769577,0.9953227315247896,0.9761467889908257,5.0,Pedicularis.rosea,-0.04230423042304232,opth,3,False,mlp1,bce,msle
762,0.8579736761554944,0.12351079089361455,0.6666666666666666,0.8053259871441689,0.989841986455982,0.8881012658227848,27.0,Pedicularis.rostratospicata,0.47199265381083544,opth,3,False,mlp1,bce,msle
763,0.9991023339317774,0.5833333333333333,1.0,0.7764811490125674,1.0,0.8741788782213239,2.0,Verbascum.chaixii,0.7764811490125674,opth,3,False,mlp1,bce,msle
764,0.902114312267658,0.2509564820252807,0.85,0.7936802973977695,0.9930232558139535,0.8822314049586777,40.0,Veronica.allionii,0.6436802973977693,opth,3,False,mlp1,bce,msle
765,0.9419171866137266,0.3339417063458023,0.8292682926829268,0.8706976744186047,0.9925768822905621,0.9276511397423192,41.0,Veronica.alpina,0.6999659671015315,opth,3,False,mlp1,bce,msle
766,0.861301558203483,0.1976463461682818,0.68,0.8505957836846929,0.9914529914529915,0.9156388751850024,25.0,Veronica.austriaca,0.5305957836846931,opth,3,False,mlp1,bce,msle
767,0.8196573489630297,0.04273768508704378,0.42857142857142855,0.9458972046889089,0.9962013295346629,0.9703977798334875,7.0,Veronica.verna,0.3744686332603375,opth,3,False,mlp1,bce,msle
768,0.9920433996383363,0.5731114637486451,1.0,0.9484629294755877,1.0,0.9735498839907193,10.0,Valeriana.tuberosa,0.9484629294755877,opth,3,False,mlp1,bce,msle
769,0.9344484629294756,0.1710645259427663,0.9,0.8019891500904159,0.9988738738738738,0.8896690070210632,10.0,Viola.saxatilis,0.7019891500904158,opth,3,False,mlp1,bce,msle
770,0.9159315931593159,0.25271739130434784,0.8,0.9144914491449145,0.9990167158308751,0.9548872180451128,5.0,Carex.acutiformis,0.7144914491449146,opth,3,False,mlp1,bce,msle
771,0.9650707618187293,0.24807629845606047,0.5555555555555556,0.959349593495935,0.9962476547842402,0.9774505292222734,9.0,Carex.bicolor,0.5149051490514904,opth,3,False,mlp1,bce,msle
772,0.889388489208633,0.0388643882081075,0.25,0.9442446043165468,0.9971509971509972,0.9699769053117783,4.0,Carex.cuprina,0.1942446043165469,opth,3,False,mlp1,bce,msle
773,0.988020365378856,0.125,1.0,0.9820305480682839,1.0,0.9909338168631007,3.0,Carex.disticha,0.982030548068284,opth,3,False,mlp1,bce,msle
774,0.9419565269147441,0.4762405360599411,0.8974358974358975,0.8235840297121634,0.9955106621773289,0.9014227642276422,39.0,Carex.foetida,0.7210199271480608,opth,3,False,mlp1,bce,msle
775,0.9501028383381325,0.1919967743316829,0.8181818181818182,0.930316742081448,0.9980582524271845,0.9629976580796253,11.0,Carex.frigida,0.7484985602632661,opth,3,False,mlp1,bce,msle
776,0.9991031390134529,0.5,1.0,0.9937219730941704,1.0,0.99685110211426,1.0,Carex.melanostachya,0.9937219730941704,opth,3,False,mlp1,bce,msle
777,0.7918330542316114,0.08923465556646264,0.2857142857142857,0.9161406672678089,0.9951028403525954,0.9539906103286385,7.0,Carex.ovalis,0.20185495298209455,opth,3,False,mlp1,bce,msle
778,0.9195143884892086,0.28389178705189944,0.5,0.8839928057553957,0.9979695431472081,0.9375298044825942,4.0,Carex.paniculata,0.38399280575539585,opth,3,False,mlp1,bce,msle
779,0.9120108809374347,0.3265629267885624,0.7407407407407407,0.864406779661017,0.9849785407725322,0.9207622868605817,54.0,Carex.parviflora,0.6051475204017578,opth,3,False,mlp1,bce,msle
780,0.6942446043165468,0.06736028925201473,0.25,0.8920863309352518,0.9969849246231156,0.9416231608922638,4.0,Carex.viridula,0.1420863309352518,opth,3,False,mlp1,bce,msle
781,0.817773788150808,0.010092709650231773,0.0,0.9434470377019749,0.9981006647673314,0.9700046146746655,2.0,Eleocharis.quinqueflora,-0.05655296229802509,opth,3,False,mlp1,bce,msle
782,0.9880845323741008,0.363398415393322,1.0,0.9091726618705036,1.0,0.9524258125294395,4.0,Eriophorum.polystachion,0.9091726618705036,opth,3,False,mlp1,bce,msle
783,0.9396255060728745,0.479686224217442,0.9210526315789473,0.8557692307692307,0.9933035714285714,0.9194214876033058,76.0,Kobresia.myosuroides,0.7768218623481782,opth,3,False,mlp1,bce,msle
784,0.8410521582733813,0.5066276184430724,0.5,0.9955035971223022,0.9981965734896303,0.9968482665466006,4.0,Schoenus.nigricans,0.4955035971223021,opth,3,False,mlp1,bce,msle
785,0.7841113105924596,0.006022391623481137,0.0,0.9955116696588869,0.9981998199819982,0.9968539325842697,2.0,Scirpoides.holoschoenus,-0.004488330341113067,opth,3,False,mlp1,bce,msle
786,0.8081903041252635,0.02489419710293045,0.6666666666666666,0.7488708220415538,0.9963942307692307,0.8550799381124291,9.0,Muscari.neglectum,0.4155374887082204,opth,3,False,mlp1,bce,msle
787,0.8898952966594649,0.15429819702280131,0.8636363636363636,0.829981718464351,0.9967069154774972,0.9057356608478803,22.0,Crocus.vernus,0.6936180821007145,opth,3,False,mlp1,bce,msle
788,0.9294900722021662,0.2445403480941807,0.75,0.9512635379061372,0.9981060606060606,0.9741219963031423,8.0,Juncus.conglomeratus,0.7012635379061372,opth,3,False,mlp1,bce,msle
789,0.881708581799326,0.1907674584586586,0.5714285714285714,0.9228675136116152,0.9941348973607038,0.9571764705882353,14.0,Luzula.alpinopilosa,0.49429608504018674,opth,3,False,mlp1,bce,msle
790,0.8705340699815838,0.3241590887930652,0.7666666666666667,0.7974217311233885,0.9919816723940436,0.8841245533435427,30.0,Luzula.nutans,0.5640883977900553,opth,3,False,mlp1,bce,msle
791,0.8227109515260322,0.007324999344812223,0.5,0.829443447037702,0.9989189189189189,0.9063266307013241,2.0,Gagea.fragifera,0.3294434470377019,opth,3,False,mlp1,bce,msle
792,0.9490865528601378,0.034928014733957735,1.0,0.889487870619946,1.0,0.9415121255349501,3.0,Tulipa.australis,0.889487870619946,opth,3,False,mlp1,bce,msle
793,0.8822994165819193,0.09752391741364962,0.7647058823529411,0.8635122838944495,0.9958027282266527,0.9249512670565302,17.0,Dactylorhiza.latifolia,0.6282181662473905,opth,3,False,mlp1,bce,msle
794,0.8346846846846846,0.018166043272693576,0.3333333333333333,0.8828828828828829,0.9959349593495935,0.936007640878701,6.0,Ophrys.fuciflora,0.21621621621621623,opth,3,False,mlp1,bce,msle
795,0.8621621621621622,0.02351855449277054,0.6666666666666666,0.8711711711711712,0.9979360165118679,0.9302549302549302,6.0,Orchis.purpurea,0.5378378378378379,opth,3,False,mlp1,bce,msle
796,0.9196187041092362,0.04708277338390254,0.2857142857142857,0.9522091974752029,0.9952874646559849,0.9732718894009217,7.0,Orchis.simia,0.23792348318948875,opth,3,False,mlp1,bce,msle
797,0.9377409573316006,0.5460008904647401,0.9,0.8382066276803118,0.9896432681242808,0.9076517150395779,90.0,Alopecurus.alpinus,0.7382066276803119,opth,3,False,mlp1,bce,msle
798,0.9937106918238994,0.2777777777777778,1.0,0.9865229110512129,1.0,0.9932157394843962,3.0,Alopecurus.rendlei,0.986522911051213,opth,3,False,mlp1,bce,msle
799,0.815047982425714,0.4096119731811982,0.7473118279569892,0.7150537634408602,0.9339887640449438,0.8099878197320342,186.0,Avenula.pubescens,0.4623655913978495,opth,3,False,mlp1,bce,msle
800,0.8891482518933499,0.25965303158678144,0.8,0.7843137254901961,0.9893992932862191,0.875,45.0,Avenula.versicolor,0.5843137254901962,opth,3,False,mlp1,bce,msle
801,0.8030406950160036,0.3634942888164679,0.8194444444444444,0.6378600823045267,0.9597523219814241,0.7663782447466008,144.0,Brachypodium.rupestre,0.45730452674897126,opth,3,False,mlp1,bce,msle
802,0.9597649186256781,0.1743094919502145,0.8,0.8978300180831826,0.9979899497487437,0.9452641599238458,10.0,Bromus.commutatus,0.6978300180831827,opth,3,False,mlp1,bce,msle
803,0.9564195298372514,0.46122072789960405,0.7,0.9448462929475587,0.9971374045801527,0.9702878365831012,10.0,Bromus.racemosus,0.6448462929475587,opth,3,False,mlp1,bce,msle
804,0.7603826918895412,0.16204820318536192,0.47619047619047616,0.7990867579908676,0.9875846501128668,0.8833922261484098,21.0,Elytrigia.repens,0.27527723418134364,opth,3,False,mlp1,bce,msle
805,0.9085807570656055,0.16651064834160398,0.7407407407407407,0.8953168044077136,0.9928716904276986,0.9415741187831965,27.0,Festuca.cinerea,0.6360575451484543,opth,3,False,mlp1,bce,msle
806,0.8254526232324567,0.14025176181701304,0.6,0.8344125809435707,0.9847161572052402,0.9033550325488232,35.0,Festuca.marginata,0.4344125809435706,opth,3,False,mlp1,bce,msle
807,0.863267716535433,0.39510214628372475,0.78,0.8011811023622047,0.9736842105263158,0.8790496760259179,100.0,Festuca.pratensis,0.5811811023622049,opth,3,False,mlp1,bce,msle
808,0.8921692169216922,0.34711458703637876,0.4,0.9513951395139514,0.9971698113207547,0.9737448180561953,5.0,Festuca.trichophylla,0.3513951395139514,opth,3,False,mlp1,bce,msle
809,0.9343480049362403,0.27410994512160475,0.8181818181818182,0.893212669683258,0.9979777553083923,0.9426934097421203,11.0,Gaudinia.fragilis,0.7113944878650762,opth,3,False,mlp1,bce,msle
810,0.9431620057186694,0.2410902594674709,0.8461538461538461,0.9184043517679057,0.9980295566502463,0.9565627950897073,13.0,Helictotrichon.parlatorei,0.764558197921752,opth,3,False,mlp1,bce,msle
811,0.9299296144552999,0.5866501337394823,0.9122807017543859,0.8083832335329342,0.9878048780487805,0.889132821075741,114.0,Helictotrichon.sedenense,0.7206639352873201,opth,3,False,mlp1,bce,msle
812,0.9461005721168323,0.15543752250325896,0.6666666666666666,0.9376693766937669,0.9971181556195965,0.9664804469273743,9.0,Helictotrichon.sempervirens,0.6043360433604335,opth,3,False,mlp1,bce,msle
813,0.9914721723518851,0.1588235294117647,1.0,0.9685816876122083,1.0,0.9840401276789785,2.0,Hordeum.murinum,0.9685816876122084,opth,3,False,mlp1,bce,msle
814,0.9442446043165469,0.5977985829959515,0.75,0.9820143884892086,0.9990850869167429,0.9904761904761905,4.0,Hordeum.secalinum,0.7320143884892087,opth,3,False,mlp1,bce,msle
815,0.9991031390134529,0.5,1.0,0.9219730941704036,1.0,0.9594027064862343,1.0,Koeleria.cenisia,0.9219730941704036,opth,3,False,mlp1,bce,msle
816,0.8178527387724253,0.16369323394509833,0.43478260869565216,0.9130832570905764,0.9871414441147379,0.9486692015209125,23.0,Molinia.caerulea,0.3478658657862286,opth,3,False,mlp1,bce,msle
817,0.7575168984538885,0.13127661703015553,0.7377049180327869,0.6341232227488152,0.9766423357664233,0.7689655172413793,61.0,Phleum.pratense,0.3718281407816022,opth,3,False,mlp1,bce,msle
818,0.8814657811690453,0.38495387676204396,0.8571428571428571,0.76162215628091,0.9808917197452229,0.8574610244988864,105.0,Poa.trivialis,0.6187650134237672,opth,3,False,mlp1,bce,msle
819,0.9755175517551755,0.16862745098039217,1.0,0.8883888388838884,1.0,0.9408960915157293,5.0,Vulpia.bromoides,0.8883888388838885,opth,3,False,mlp1,bce,msle
820,0.9714714714714714,0.4288541612674717,0.8333333333333334,0.936036036036036,0.9990384615384615,0.9665116279069768,6.0,Vulpia.ciliata,0.7693693693693695,opth,3,False,mlp1,bce,msle
821,0.9707919301415235,0.5262449648176408,0.8888888888888888,0.9024390243902439,0.999,0.9482676791646891,9.0,Equisetum.variegatum,0.7913279132791327,opth,3,False,mlp1,bce,msle
822,0.9581339712918661,0.40414452312404553,0.8947368421052632,0.8803339517625232,0.9958027282266527,0.9345150172328902,38.0,Pachypleurum.mutellinoides,0.7750707938677863,opth,3,False,mlp1,bce,msle
823,0.7942497753818508,0.011486931358814838,0.6666666666666666,0.8364779874213837,0.9989270386266095,0.9105134474327629,3.0,Libanotis.pyrenaica,0.5031446540880502,opth,3,False,mlp1,bce,msle
824,0.8512628624883068,0.28181602317554066,0.8297872340425532,0.7483629560336763,0.9900990099009901,0.8524240809802877,47.0,Alchemilla.alpigena,0.5781501900762294,opth,3,False,mlp1,bce,msle
825,0.8496408396680383,0.12522748830722977,0.23076923076923078,0.9537624660018132,0.9905838041431262,0.971824480369515,13.0,Anacamptis.morio,0.18453169677104397,opth,3,False,mlp1,bce,msle
826,0.9749548736462094,0.3305099534045959,0.625,0.973826714801444,0.9972273567467652,0.9853881278538813,8.0,Mutellina.adonidifolia,0.5988267148014441,opth,3,False,mlp1,bce,msle
827,0.8732649787263722,0.27072568955944704,0.6851851851851852,0.8587570621468926,0.9817007534983854,0.9161225514816675,54.0,Avenula.pratensis,0.5439422473320779,opth,3,False,mlp1,bce,msle
828,0.8741063191881918,0.18528034918334085,0.75,0.8173431734317343,0.9910514541387024,0.8958543983822043,32.0,Gymnadenia.nigra,0.5673431734317345,opth,3,False,mlp1,bce,msle
829,0.8983812949640287,0.04157925407925408,0.5,0.9523381294964028,0.998114985862394,0.9746893695352048,4.0,Murbeckiella.pinnatifida,0.45233812949640284,opth,3,False,mlp1,bce,msle
830,0.9497757847533632,0.017543859649122806,1.0,0.9103139013452914,1.0,0.9530516431924883,1.0,Silene.conica,0.9103139013452914,opth,3,False,mlp1,bce,msle
