,auc,prauc,sensitivity,specificity,precision,f1,support,species,tss,postprocess,fold,prr,archi,species_loss,func_loss
0,0.8353642727508426,0.06396976539568826,0.5714285714285714,0.7931034482758621,0.9931818181818182,0.8819374369323916,14.0,Aceras.anthropophorum,0.3645320197044335,opth,3,False,mlp1,bce,msle
1,0.8598483722313067,0.2395181730464048,0.7419354838709677,0.8202764976958525,0.9910913140311804,0.8976298537569339,31.0,Achillea.collina,0.5622119815668203,opth,3,False,mlp1,bce,msle
2,0.7302695585077831,0.4462390197831697,0.7569444444444444,0.5736714975845411,0.8715596330275229,0.6919155134741443,288.0,Achillea.millefolium,0.33061594202898537,opth,3,False,mlp1,bce,msle
3,0.8809762773722628,0.0989419799395789,0.6,0.8822992700729927,0.9917948717948718,0.9338483824239497,20.0,Achillea.nana,0.48229927007299267,opth,3,False,mlp1,bce,msle
4,0.891338924233661,0.33400226203053346,0.7884615384615384,0.825187969924812,0.9876265466816648,0.8991295442908346,52.0,Achillea.roseo.alba,0.6136495083863505,opth,3,False,mlp1,bce,msle
5,0.9234234234234234,0.07813107713985257,0.6666666666666666,0.8666666666666667,0.9979253112033195,0.9276759884281581,6.0,Achnatherum.calamagrostis,0.5333333333333332,opth,3,False,mlp1,bce,msle
6,0.8145413291403778,0.13983567786416476,0.723404255319149,0.7521047708138447,0.9840881272949816,0.8525980911983033,47.0,Acinos.alpinus,0.47550902613299373,opth,3,False,mlp1,bce,msle
7,0.8262538463978683,0.09726248824890953,0.7931034482758621,0.7092916283348666,0.9922779922779923,0.8272532188841202,29.0,Acinos.arvensis,0.5023950766107288,opth,3,False,mlp1,bce,msle
8,0.923330338424678,0.02743285746021724,1.0,0.8364779874213837,1.0,0.910958904109589,3.0,Aconitum.lycoctonum,0.8364779874213837,opth,3,False,mlp1,bce,msle
9,0.7163821503444145,0.04243398562374115,0.3333333333333333,0.9469901168014375,0.9981060606060606,0.9718764407561088,3.0,Cacalia.leucophylla,0.2803234501347709,opth,3,False,mlp1,bce,msle
10,0.7576301615798923,0.009160897588923371,0.5,0.6364452423698385,0.9985915492957746,0.7774122807017544,2.0,Aegopodium.podagraria,0.13644524236983857,opth,3,False,mlp1,bce,msle
11,0.8747589109034891,0.22043965966989815,0.8378378378378378,0.7386468952734013,0.9925280199252802,0.8469713071200851,37.0,Agrimonia.eupatoria,0.576484733111239,opth,3,False,mlp1,bce,msle
12,0.8735511812421236,0.23566419885657633,0.7547169811320755,0.7883349012229539,0.9847238542890717,0.8756530825496343,53.0,Agrostis.alpina,0.5430518823550294,opth,3,False,mlp1,bce,msle
13,0.8103975792924993,0.32327915016190767,0.773109243697479,0.691073219658977,0.9622905027932961,0.804436660828955,119.0,Agrostis.capillaris,0.46418246335645597,opth,3,False,mlp1,bce,msle
14,0.8995750453331118,0.35062500350105125,0.8260869565217391,0.8137535816618912,0.9861111111111112,0.8916797488226059,69.0,Agrostis.rupestris,0.6398405381836303,opth,3,False,mlp1,bce,msle
15,0.8690153568202348,0.05761231133715984,0.7777777777777778,0.7533875338753387,0.9976076555023924,0.8584662892434379,9.0,Agrostis.agrostiflora,0.5311653116531165,opth,3,False,mlp1,bce,msle
16,0.7786989955664654,0.2555185281334967,0.6216216216216216,0.8313253012048193,0.9846322722283205,0.9015075376884422,37.0,Agrostis.stolonifera,0.4529469228264409,opth,3,False,mlp1,bce,msle
17,0.9473050286058416,0.33636935370294646,0.8888888888888888,0.8988256549232159,0.998995983935743,0.9462672372800761,9.0,Ajuga.chamaepitys,0.7877145438121047,opth,3,False,mlp1,bce,msle
18,0.7605786618444846,0.02065669077143202,0.6,0.7305605786618445,0.9950738916256158,0.8425443169968717,10.0,Ajuga.genevensis,0.3305605786618444,opth,3,False,mlp1,bce,msle
19,0.9306306306306307,0.043315259618362176,1.0,0.8054054054054054,1.0,0.8922155688622755,6.0,Ajuga.pyramidalis,0.8054054054054054,opth,3,False,mlp1,bce,msle
20,0.8750101584721659,0.20625826933651756,0.8260869565217391,0.7532710280373832,0.9901719901719902,0.8556263269639066,46.0,Ajuga.reptans,0.5793579845591224,opth,3,False,mlp1,bce,msle
21,0.8938732428153336,0.17162550280308064,1.0,0.6390154968094804,1.0,0.7797552836484983,19.0,Alchemilla.alpina,0.6390154968094803,opth,3,False,mlp1,bce,msle
22,0.7747322423099992,0.17531283637226108,0.6545454545454545,0.7474081055607917,0.9766009852216748,0.8467698878804057,55.0,Alchemilla.xanthochlora,0.4019535601062463,opth,3,False,mlp1,bce,msle
23,0.8622342018568433,0.012533358303291353,1.0,0.7915543575920935,1.0,0.8836509528585758,3.0,Allium.lusitanicum,0.7915543575920934,opth,3,False,mlp1,bce,msle
24,0.7334544353617923,0.14117227487064735,0.6,0.695731153496821,0.9922279792746114,0.8179391350774159,15.0,Allium.oleraceum,0.295731153496821,opth,3,False,mlp1,bce,msle
25,0.7160036166365281,0.2386645846150715,0.6,0.7649186256781193,0.9952941176470588,0.8650306748466258,10.0,Allium.schoenoprasum,0.3649186256781194,opth,3,False,mlp1,bce,msle
26,0.7306930693069307,0.11096581767594413,0.4,0.7848784878487849,0.9965714285714286,0.878147029204431,5.0,Allium.scorodoprasum,0.1848784878487848,opth,3,False,mlp1,bce,msle
27,0.9174603174603175,0.2363855434836277,0.8095238095238095,0.8922374429223744,0.9959225280326198,0.941233140655106,21.0,Allium.sphaerocephalon,0.7017612524461838,opth,3,False,mlp1,bce,msle
28,0.5976985559566788,0.009485580191883594,0.875,0.5207581227436823,0.9982698961937716,0.6844602609727165,8.0,Allium.vineale,0.39575812274368216,opth,3,False,mlp1,bce,msle
29,0.9172939877546924,0.2883886976062164,0.6666666666666666,0.926829268292683,0.9970845481049563,0.9606741573033708,9.0,Alopecurus.pratensis,0.5934959349593496,opth,3,False,mlp1,bce,msle
30,0.8801902999867847,0.14075407180978214,0.8,0.7946345975948196,0.9919168591224018,0.8823831535695943,35.0,Alyssum.alyssoides,0.5946345975948195,opth,3,False,mlp1,bce,msle
31,0.7999522654043518,0.053658961929601165,0.8260869565217391,0.6834400731930467,0.9946737683089214,0.8101952277657267,23.0,Anacamptis.pyramidalis,0.5095270297147858,opth,3,False,mlp1,bce,msle
32,0.9158672543427534,0.21494278090400953,0.7142857142857143,0.8747731397459165,0.9958677685950413,0.9314009661835749,14.0,Androsace.obtusifolia,0.5890588540316308,opth,3,False,mlp1,bce,msle
33,0.9869838420107719,0.11142857142857143,1.0,0.8824057450628366,1.0,0.9375298044825942,2.0,Angelica.sylvestris,0.8824057450628366,opth,3,False,mlp1,bce,msle
34,0.9187185331763645,0.18817604536558025,0.972972972972973,0.8164967562557924,0.9988662131519275,0.898521162672106,37.0,Antennaria.carpatica,0.7894697292287653,opth,3,False,mlp1,bce,msle
35,0.8609642347908746,0.22139732770680928,0.8125,0.785171102661597,0.9856801909307876,0.8740740740740741,64.0,Antennaria.dioica,0.5976711026615971,opth,3,False,mlp1,bce,msle
36,0.8307104316546762,0.013032499525674876,0.25,0.875,0.9969262295081968,0.9319923371647509,4.0,Anthemis.arvensis,0.125,opth,3,False,mlp1,bce,msle
37,0.9075579644685337,0.10067006708942192,0.8888888888888888,0.8419150858175248,0.9989281886387996,0.9137254901960784,9.0,Anthericum.liliago,0.7308039747064137,opth,3,False,mlp1,bce,msle
38,0.6651475694444444,0.4703235179442821,0.6408045977011494,0.60546875,0.788135593220339,0.6848306332842415,348.0,Anthoxanthum.odoratum,0.2462733477011494,opth,3,False,mlp1,bce,msle
39,0.8305860805860805,0.09126868433842675,0.7083333333333334,0.7847985347985348,0.9918981481481481,0.876278118609407,24.0,Anthriscus.sylvestris,0.49313186813186816,opth,3,False,mlp1,bce,msle
40,0.7058420589098737,0.30341716538611824,0.6256684491978609,0.6501614639397201,0.8961424332344213,0.7535870243293824,187.0,Anthyllis.vulneraria,0.275829913137581,opth,3,False,mlp1,bce,msle
41,0.617145421903052,0.003426674666828138,0.0,0.6696588868940754,0.9973262032085561,0.8012889366272825,2.0,Aphanes.arvensis,-0.3303411131059246,opth,3,False,mlp1,bce,msle
42,0.7531474820143884,0.00927309837639414,0.75,0.6825539568345323,0.9986842105263158,0.8108974358974359,4.0,Aquilegia.vulgaris,0.43255395683453246,opth,3,False,mlp1,bce,msle
43,0.7821782178217822,0.013186881355658464,0.6,0.8064806480648065,0.9977728285077951,0.89198606271777,5.0,Arabidopsis.thaliana,0.40648064806480644,opth,3,False,mlp1,bce,msle
44,0.8414773316734101,0.16082389420115936,0.6666666666666666,0.8244631185807656,0.9832962138084632,0.8969019807008634,45.0,Arabis.ciliata,0.49112978524743234,opth,3,False,mlp1,bce,msle
45,0.7551505109085888,0.1117272179904311,0.7058823529411765,0.6582159624413145,0.979050279329609,0.7871982032565974,51.0,Arabis.hirsuta,0.36409831538249104,opth,3,False,mlp1,bce,msle
46,0.7919007574402099,0.24619340221779687,0.691358024691358,0.7236714975845411,0.9677002583979328,0.82808181315644,81.0,Arenaria.serpyllifolia,0.41502952227589907,opth,3,False,mlp1,bce,msle
47,0.7778776978417266,0.012147510624755876,0.0,0.9028776978417267,0.996031746031746,0.9471698113207547,4.0,Armeria.arenaria,-0.09712230215827333,opth,3,False,mlp1,bce,msle
48,0.8401962241712502,0.29198106878116,0.6451612903225806,0.8129032258064516,0.9876819708846585,0.8918099089989889,31.0,Arnica.montana,0.4580645161290322,opth,3,False,mlp1,bce,msle
49,0.8426397034623042,0.46391097394450614,0.8078817733990148,0.755750273822563,0.9465020576131687,0.8404384896467723,203.0,Arrhenatherum.elatius,0.5636320472215779,opth,3,False,mlp1,bce,msle
50,0.8462646264626463,0.01925535329331545,0.6,0.873987398739874,0.9979445015416238,0.9318618042226487,5.0,Artemisia.absinthium,0.47398739873987394,opth,3,False,mlp1,bce,msle
51,0.9166858856088561,0.3123919452378926,0.8125,0.8579335793357934,0.9935897435897436,0.9207920792079208,32.0,Artemisia.campestris,0.6704335793357934,opth,3,False,mlp1,bce,msle
52,0.7738738738738739,0.0178091347325433,0.5,0.8855855855855855,0.9969574036511156,0.9379770992366412,6.0,Artemisia.vulgaris,0.38558558558558564,opth,3,False,mlp1,bce,msle
53,0.8246332709113608,0.14162192530595838,0.5833333333333334,0.8239700374531835,0.9777777777777777,0.8943089430894309,48.0,Asperula.cynanchica,0.4073033707865168,opth,3,False,mlp1,bce,msle
54,0.9288131768953068,0.11409411850436622,0.875,0.8321299638989169,0.9989165763813651,0.9079271294928607,8.0,Asphodelus.albus,0.7071299638989168,opth,3,False,mlp1,bce,msle
55,0.8882482648930017,0.2468889457223361,0.8269230769230769,0.8016917293233082,0.9895591647331786,0.885773624091381,52.0,Aster.alpinus,0.628614806246385,opth,3,False,mlp1,bce,msle
56,0.8324557387057387,0.1796970884260623,0.7916666666666666,0.7545787545787546,0.9939686369119421,0.8578865174388339,24.0,Aster.bellidiastrum,0.5462454212454211,opth,3,False,mlp1,bce,msle
57,0.9438958707360862,0.023122094445803768,1.0,0.8025134649910234,1.0,0.8904382470119522,2.0,Aster.linosyris,0.8025134649910233,opth,3,False,mlp1,bce,msle
58,0.8889812198770152,0.2638298403079097,0.5454545454545454,0.9259597806215722,0.9902248289345064,0.9570146433632499,22.0,Astragalus.alpinus,0.47141432607611766,opth,3,False,mlp1,bce,msle
59,0.5600479185384846,0.005350481632353305,0.3333333333333333,0.8544474393530997,0.9979013641133263,0.920619554695063,3.0,Astragalus.depressus,0.18778077268643312,opth,3,False,mlp1,bce,msle
60,0.8727039413382218,0.14433261093678687,0.72,0.8643446379468378,0.9926315789473684,0.9240568348848603,25.0,Astragalus.monspessulanus,0.5843446379468378,opth,3,False,mlp1,bce,msle
61,0.9104015700483092,0.3093280242722962,0.6666666666666666,0.9248188405797102,0.9960975609756098,0.9591357444809769,12.0,Astragalus.onobrychis,0.5914855072463769,opth,3,False,mlp1,bce,msle
62,0.75,0.01912461848171959,0.5,0.7019748653500898,0.9987228607918263,0.8244596731681603,2.0,Astragalus.penduliflorus,0.20197486535008968,opth,3,False,mlp1,bce,msle
63,0.8972910088083763,0.15782959095720717,0.9545454545454546,0.7550274223034735,0.9987908101571947,0.859968766267569,22.0,Astrantia.major,0.7095728768489282,opth,3,False,mlp1,bce,msle
64,0.9973021582733813,0.7019230769230769,1.0,0.8902877697841727,1.0,0.9419600380589914,4.0,Astrantia.minor,0.8902877697841727,opth,3,False,mlp1,bce,msle
65,0.8137129380053909,0.15110255756264931,0.75,0.6867924528301886,0.9811320754716981,0.8079911209766926,56.0,Deschampsia.flexuosa,0.4367924528301885,opth,3,False,mlp1,bce,msle
66,0.8477298920080247,0.2388621571074406,0.7761194029850746,0.7597712106768351,0.9815270935960592,0.8565287479849544,67.0,Bartsia.alpina,0.5358906136619097,opth,3,False,mlp1,bce,msle
67,0.8979737741507986,0.3348457822036385,0.8888888888888888,0.7532956685499058,0.9925558312655087,0.8565310492505354,54.0,Bellis.perennis,0.6421845574387945,opth,3,False,mlp1,bce,msle
68,0.8038670057093508,0.06324047701699353,0.7368421052631579,0.7365542388331814,0.993849938499385,0.8460732984293193,19.0,Biscutella.laevigata,0.47339634409633913,opth,3,False,mlp1,bce,msle
69,0.821186972592231,0.03851677344645053,0.6923076923076923,0.7769718948322756,0.9953542392566783,0.8727087576374746,13.0,Blackstonia.perfoliata,0.469279587139968,opth,3,False,mlp1,bce,msle
70,0.8197202166064982,0.03282196630519992,0.625,0.8203971119133574,0.9967105263157895,0.9,8.0,Blysmus.compressus,0.4453971119133575,opth,3,False,mlp1,bce,msle
71,0.9455107561509726,0.07400621219731478,0.7142857142857143,0.9242560865644724,0.9980525803310614,0.9597378277153558,7.0,Bothriochloa.ischaemum,0.6385418008501866,opth,3,False,mlp1,bce,msle
72,0.8252991645969745,0.21539159415929257,0.7093023255813954,0.8009708737864077,0.9705882352941176,0.8776595744680851,86.0,Botrychium.lunaria,0.5102731993678031,opth,3,False,mlp1,bce,msle
73,0.8066546762589928,0.015595508283736991,0.5,0.89568345323741,0.9979959919839679,0.9440758293838862,4.0,Brachypodium.sylvaticum,0.39568345323741005,opth,3,False,mlp1,bce,msle
74,0.7348032941290119,0.37364268309656723,0.6680851063829787,0.6424517593643587,0.8788819875776398,0.7422950819672132,235.0,Briza.media,0.3105368657473373,opth,3,False,mlp1,bce,msle
75,0.8889650492965547,0.7541133503885307,0.8333333333333334,0.8107344632768362,0.8940809968847352,0.8503703703703703,408.0,Bromus.erectus,0.6440677966101696,opth,3,False,mlp1,bce,msle
76,0.8701560698767402,0.1799248261996108,0.9285714285714286,0.7486033519553073,0.9962825278810409,0.8548644338118022,42.0,Bromus.hordeaceus,0.6771747805267359,opth,3,False,mlp1,bce,msle
77,0.940700808625337,0.12754587618471466,1.0,0.734052111410602,1.0,0.8466321243523316,3.0,Bromus.squarrosus,0.734052111410602,opth,3,False,mlp1,bce,msle
78,0.8416515426497277,0.04953170226365448,0.7857142857142857,0.7477313974591652,0.9963724304715841,0.8543286677034733,14.0,Bromus.sterilis,0.5334456831734509,opth,3,False,mlp1,bce,msle
79,0.823942394239424,0.023120719223193767,0.8,0.7578757875787578,0.9988137603795967,0.8618219037871033,5.0,Bromus.tectorum,0.5578757875787579,opth,3,False,mlp1,bce,msle
80,0.8523510032943995,0.030622350364180095,1.0,0.6424079065588499,1.0,0.7822757111597374,3.0,Bunias.orientalis,0.6424079065588499,opth,3,False,mlp1,bce,msle
81,0.8577020202020202,0.2742536407449313,0.8,0.7679924242424242,0.9854191980558931,0.863225119744545,60.0,Bunium.bulbocastanum,0.5679924242424241,opth,3,False,mlp1,bce,msle
82,0.7204320432043204,0.009707633473867574,0.4,0.7767776777677767,0.9965357967667436,0.8730399595346484,5.0,Buphthalmum.salicifolium,0.17677767776777675,opth,3,False,mlp1,bce,msle
83,0.8487814363494944,0.10710966272083061,0.7142857142857143,0.852087114337568,0.9957582184517497,0.9183374083129584,14.0,Bupleurum.falcatum,0.5663728286232823,opth,3,False,mlp1,bce,msle
84,0.8538931197478992,0.0938504820086912,0.7857142857142857,0.7886029411764706,0.9930555555555556,0.8790983606557377,28.0,Bupleurum.ranunculoides,0.5743172268907561,opth,3,False,mlp1,bce,msle
85,0.8180580762250454,0.15186168075402365,0.7857142857142857,0.7313974591651543,0.9962917181705809,0.8435374149659864,14.0,Calamagrostis.varia,0.51711174487944,opth,3,False,mlp1,bce,msle
86,0.5681341719077568,0.004043332851218289,0.6666666666666666,0.4555256064690027,0.9980314960629921,0.6255397902529303,3.0,Calluna.vulgaris,0.12219227313566927,opth,3,False,mlp1,bce,msle
87,0.9424191678474817,0.17140895706993786,0.7142857142857143,0.9684400360685302,0.9981412639405205,0.9830663615560641,7.0,Calystegia.sepium,0.6827257503542445,opth,3,False,mlp1,bce,msle
88,0.8497440529960855,0.36027960432810435,0.6666666666666666,0.7651309846431797,0.9964705882352941,0.8656106285130302,9.0,Campanula.barbata,0.4317976513098465,opth,3,False,mlp1,bce,msle
89,0.7771200161910545,0.03852615478373403,0.5,0.7540983606557377,0.989247311827957,0.8558139534883721,18.0,Campanula.cochleariifolia,0.25409836065573765,opth,3,False,mlp1,bce,msle
90,0.8463326071169208,0.17501744368184435,0.8888888888888888,0.6816059757236228,0.9931972789115646,0.8084163898117387,45.0,Campanula.glomerata,0.5704948646125116,opth,3,False,mlp1,bce,msle
91,0.8596096096096096,0.022960587239533845,0.6666666666666666,0.8648648648648649,0.997920997920998,0.9266409266409267,6.0,Campanula.rapunculoides,0.5315315315315314,opth,3,False,mlp1,bce,msle
92,0.6587230215827338,0.008555219466105303,0.25,0.8866906474820144,0.9969666329625885,0.9386006663493575,4.0,Campanula.rapunculus,0.13669064748201443,opth,3,False,mlp1,bce,msle
93,0.8902972027972028,0.5255645763958977,0.8269230769230769,0.7618577075098815,0.9771863117870723,0.8561910049972238,104.0,Campanula.rhomboidalis,0.5887807844329584,opth,3,False,mlp1,bce,msle
94,0.6419931715035183,0.13198789251934645,0.6382978723404256,0.5792563600782779,0.9456869009584664,0.7184466019417476,94.0,Campanula.rotundifolia,0.21755423241870342,opth,3,False,mlp1,bce,msle
95,0.8879310344827587,0.4172145612883029,0.7615384615384615,0.834685598377282,0.9637002341920374,0.8945652173913043,130.0,Campanula.scheuchzeri,0.5962240599157433,opth,3,False,mlp1,bce,msle
96,0.979372197309417,0.041666666666666664,1.0,0.7901345291479821,1.0,0.8827655310621243,1.0,Campanula.thyrsoides,0.790134529147982,opth,3,False,mlp1,bce,msle
97,0.7048743566454738,0.025790356230053546,0.7333333333333333,0.592188919164396,0.9939024390243902,0.7421741605008537,15.0,Capsella.bursa.pastoris,0.32552225249772926,opth,3,False,mlp1,bce,msle
98,0.9341772151898734,0.2898143890638072,0.7,0.9439421338155516,0.997134670487106,0.969809568044589,10.0,Cardamine.pratensis,0.6439421338155515,opth,3,False,mlp1,bce,msle
99,0.8197284321948116,0.3344741834714358,0.7323943661971831,0.7587268993839835,0.9510939510939511,0.8440890919474586,142.0,Carduus.defloratus,0.49112126558116653,opth,3,False,mlp1,bce,msle
100,0.679514202549433,0.03322277141957929,0.6666666666666666,0.5844625112917796,0.9953846153846154,0.736482640865111,9.0,Carduus.nutans,0.25112917795844636,opth,3,False,mlp1,bce,msle
101,0.8418625678119349,0.038530214418186194,0.7,0.8499095840867993,0.9968186638388123,0.9175207418252807,10.0,Carex.atrata,0.5499095840867994,opth,3,False,mlp1,bce,msle
102,0.9448256009211726,0.3557585069619314,0.7894736842105263,0.886052871467639,0.9959016393442623,0.9377713458755427,19.0,Carex.capillaris,0.6755265556781653,opth,3,False,mlp1,bce,msle
103,0.7184240150093808,0.23601277083487687,0.5384615384615384,0.7239024390243902,0.9464285714285714,0.820342730790492,91.0,Carex.caryophyllea,0.26236397748592877,opth,3,False,mlp1,bce,msle
104,0.9026465028355388,0.271501786047491,0.8793103448275862,0.8052930056710775,0.9918509895227008,0.8888888888888888,58.0,Carex.curvula,0.6846033504986637,opth,3,False,mlp1,bce,msle
105,0.7414232825997532,0.09867649357254535,0.5454545454545454,0.853393665158371,0.9947257383966245,0.9186556259132976,11.0,Carex.davalliana,0.39884821061291653,opth,3,False,mlp1,bce,msle
106,0.8086642599277979,0.08183147755890438,1.0,0.5379061371841155,1.0,0.6995305164319249,8.0,Carex.distans,0.5379061371841156,opth,3,False,mlp1,bce,msle
107,0.8154226618705036,0.015466242123721547,1.0,0.5872302158273381,1.0,0.739943342776204,4.0,Carex.divulsa,0.5872302158273381,opth,3,False,mlp1,bce,msle
108,0.751346499102334,0.005251900493174573,1.0,0.6508078994614004,1.0,0.7884719956498096,2.0,Carex.ericetorum,0.6508078994614004,opth,3,False,mlp1,bce,msle
109,0.6949190647482014,0.03099229818689148,0.75,0.6501798561151079,0.9986187845303868,0.7875816993464052,4.0,Carex.ferruginea,0.40017985611510776,opth,3,False,mlp1,bce,msle
110,0.7262951698541162,0.17885738955766006,0.47368421052631576,0.7894221351616063,0.9415887850467289,0.8588172615876398,95.0,Carex.flacca,0.2631063456879221,opth,3,False,mlp1,bce,msle
111,0.8564593301435407,0.15815243213284016,0.631578947368421,0.8367346938775511,0.9847161572052402,0.9047141424272819,38.0,Carex.halleriana,0.4683136412459721,opth,3,False,mlp1,bce,msle
112,0.887780070047498,0.11329317035280209,0.8421052631578947,0.8386508659981768,0.9967497291440953,0.9108910891089109,19.0,Carex.hirta,0.6807561291560715,opth,3,False,mlp1,bce,msle
113,0.9251125112511251,0.1112753396453372,0.8,0.8091809180918091,0.9988888888888889,0.8940825459970164,5.0,Carex.hostiana,0.6091809180918091,opth,3,False,mlp1,bce,msle
114,0.8678547277139107,0.1793299045205276,0.5217391304347826,0.9011893870082343,0.9889558232931727,0.9430349449497367,23.0,Carex.humilis,0.42292851744301685,opth,3,False,mlp1,bce,msle
115,0.8588466183574879,0.06419426576360504,0.3333333333333333,0.9257246376811594,0.9922330097087378,0.9578256794751641,12.0,Carex.liparocarpos,0.2590579710144927,opth,3,False,mlp1,bce,msle
116,0.6839160839160839,0.049106162118900745,0.45454545454545453,0.6995475113122172,0.9922978177150192,0.8205944798301487,11.0,Carex.montana,0.15409296585767174,opth,3,False,mlp1,bce,msle
117,0.8730396617245625,0.14071599781025873,0.8823529411764706,0.724294813466788,0.9974937343358395,0.8392198207696363,17.0,Carex.spicata,0.6066477546432587,opth,3,False,mlp1,bce,msle
118,0.8344568317345087,0.34236800667254974,0.42857142857142855,0.9482758620689655,0.9924026590693258,0.9698375870069605,14.0,Carex.nigra,0.37684729064039413,opth,3,False,mlp1,bce,msle
119,0.8905084036543692,0.07333433339371816,1.0,0.7225747960108794,1.0,0.8389473684210527,13.0,Carex.ornithopoda,0.7225747960108793,opth,3,False,mlp1,bce,msle
120,0.8855614973262033,0.12155488932712614,0.2727272727272727,0.9312217194570136,0.9922854387656702,0.9607843137254902,11.0,Carex.pallescens,0.2039489921842863,opth,3,False,mlp1,bce,msle
121,0.7825481209899174,0.15666064931166077,0.68,0.7525206232813932,0.9903498190591074,0.8552083333333333,25.0,Carex.panicea,0.4325206232813934,opth,3,False,mlp1,bce,msle
122,0.9045472111297179,0.05112591203994789,1.0,0.8223624887285843,1.0,0.9025235032162295,7.0,Carex.rupestris,0.8223624887285843,opth,3,False,mlp1,bce,msle
123,0.8565997667304858,0.4635863248557185,0.9040404040404041,0.6949891067538126,0.9710806697108066,0.8101587301587302,198.0,Carex.sempervirens,0.5990295107942167,opth,3,False,mlp1,bce,msle
124,0.8195132157054188,0.046817078856511034,0.5384615384615384,0.8232094288304623,0.9934354485776805,0.9003470500743679,13.0,Carex.tomentosa,0.3616709672920009,opth,3,False,mlp1,bce,msle
125,0.8248472505091649,0.41822373833719956,0.7164179104477612,0.7718940936863544,0.9522613065326633,0.8526434195725534,134.0,Carlina.acaulis,0.4883120041341156,opth,3,False,mlp1,bce,msle
126,0.8749376765830148,0.08022431200535252,0.7272727272727273,0.8308957952468007,0.9934426229508196,0.904927824788452,22.0,Carlina.vulgaris,0.5581685225195279,opth,3,False,mlp1,bce,msle
127,0.8763051292291892,0.3405484089484908,0.8823529411764706,0.7090203685741998,0.9865047233468286,0.8250564334085779,85.0,Carum.carvi,0.5913733097506704,opth,3,False,mlp1,bce,msle
128,0.8625931780833901,0.46073829983633885,0.9171597633136095,0.6694825765575502,0.9783950617283951,0.7949843260188088,169.0,Centaurea.jacea,0.5866423398711595,opth,3,False,mlp1,bce,msle
129,0.923862581244197,0.2210128118358182,0.8717948717948718,0.8291550603528319,0.9944320712694877,0.9043037974683544,39.0,Centaurea.montana,0.7009499321477037,opth,3,False,mlp1,bce,msle
130,0.846451795057306,0.3251915668934424,0.8141592920353983,0.7228315054835494,0.9718498659517426,0.8290451686678102,113.0,Centaurea.scabiosa,0.5369907975189476,opth,3,False,mlp1,bce,msle
131,0.8170993889512409,0.5016959845448167,0.6933333333333334,0.7598204264870931,0.9075067024128687,0.8271227855833843,225.0,Cerastium.arvense,0.4531537598204265,opth,3,False,mlp1,bce,msle
132,0.8917117300955685,0.19428284258906992,0.7777777777777778,0.8108356290174472,0.9932508436445444,0.8928210313447927,27.0,Cerastium.brachypetalum,0.5886134067952251,opth,3,False,mlp1,bce,msle
133,0.8040058128514563,0.3389939228612606,0.7959183673469388,0.6873065015479877,0.9568965517241379,0.8,147.0,Cerastium.fontanum,0.48322486889492655,opth,3,False,mlp1,bce,msle
134,0.9504692703602785,0.32212692275411137,0.9333333333333333,0.8446866485013624,0.9989258861439313,0.9153543307086615,15.0,Cerastium.glomeratum,0.7780199818346958,opth,3,False,mlp1,bce,msle
135,0.8467045454545455,0.056302990363751054,0.6875,0.8081818181818182,0.9944071588366891,0.8916750250752257,16.0,Cerastium.pumilum,0.4956818181818181,opth,3,False,mlp1,bce,msle
136,0.8295795795795797,0.02806684578059522,0.5,0.8729729729729729,0.9969135802469136,0.930835734870317,6.0,Cerastium.semidecandrum,0.37297297297297294,opth,3,False,mlp1,bce,msle
137,0.8410582983193277,0.1099214114095451,0.75,0.8143382352941176,0.9921612541993281,0.8944977284199899,28.0,Chaerophyllum.aureum,0.5643382352941178,opth,3,False,mlp1,bce,msle
138,0.8688465031789283,0.10031988676983473,0.8,0.7338782924613987,0.9963008631319359,0.8451882845188284,15.0,Chaerophyllum.hirsutum,0.5338782924613987,opth,3,False,mlp1,bce,msle
139,0.9515033577533578,0.3490124424405688,0.7916666666666666,0.9294871794871795,0.9950980392156863,0.9611742424242424,24.0,Chaerophyllum.villarsii,0.7211538461538463,opth,3,False,mlp1,bce,msle
140,0.751346499102334,0.005684713375796178,0.5,0.8420107719928187,0.9989350372736954,0.9137847053093034,2.0,Chenopodium.album,0.3420107719928187,opth,3,False,mlp1,bce,msle
141,0.7888938848920863,0.016225950972386202,0.75,0.7778776978417267,0.9988452655889145,0.8746208291203236,4.0,Chondrilla.juncea,0.5278776978417268,opth,3,False,mlp1,bce,msle
142,0.6738544474393532,0.005265846121227575,0.3333333333333333,0.688230008984726,0.9973958333333334,0.8144603934077618,3.0,Cichorium.intybus,0.02156334231805923,opth,3,False,mlp1,bce,msle
143,0.7109480853972633,0.17167393067781472,0.3924050632911392,0.819672131147541,0.9465478841870824,0.8785529715762274,79.0,Cirsium.acaule,0.21207719443868012,opth,3,False,mlp1,bce,msle
144,0.7817360675176118,0.11691884599143612,0.8148148148148148,0.6365348399246704,0.9854227405247813,0.7734553775743707,54.0,Cirsium.arvense,0.4513496547394853,opth,3,False,mlp1,bce,msle
145,0.8181818181818181,0.07526877661574387,0.5454545454545454,0.8959276018099548,0.9949748743718593,0.9428571428571428,11.0,Cirsium.eriophorum,0.4413821472645001,opth,3,False,mlp1,bce,msle
146,0.9260126012601261,0.06380267770302822,0.8,0.8892889288928892,0.9989888776541962,0.940952380952381,5.0,Cirsium.palustre,0.6892889288928892,opth,3,False,mlp1,bce,msle
147,0.8295294943820225,0.17719454112393201,0.5,0.8717228464419475,0.974869109947644,0.9204152249134948,48.0,Cirsium.spinosissimum,0.37172284644194753,opth,3,False,mlp1,bce,msle
148,0.8045248868778281,0.031526615463140735,0.9090909090909091,0.4850678733031674,0.9981378026070763,0.6528623629719854,11.0,Cirsium.tuberosum,0.3941587823940764,opth,3,False,mlp1,bce,msle
149,0.813943825826824,0.0851680842071092,0.6363636363636364,0.8628884826325411,0.9915966386554622,0.9227761485826002,22.0,Cirsium.vulgare,0.4992521189961776,opth,3,False,mlp1,bce,msle
150,0.7888111888111888,0.04858022887225572,1.0,0.45610859728506786,1.0,0.6264760720944687,11.0,Clinopodium.vulgare,0.4561085972850678,opth,3,False,mlp1,bce,msle
151,0.8636363636363636,0.1358525219174821,0.7272727272727273,0.8117001828153565,0.9932885906040269,0.8933601609657947,22.0,Coeloglossum.viride,0.5389729100880838,opth,3,False,mlp1,bce,msle
152,0.8427341259199667,0.35272694970974783,0.8383838383838383,0.6833824975417896,0.9774964838255977,0.8043981481481481,99.0,Colchicum.autumnale,0.5217663359256279,opth,3,False,mlp1,bce,msle
153,0.8705889103532698,0.35587175973565804,0.7755102040816326,0.7460168697282099,0.9863692688971499,0.8495197438633938,49.0,Convolvulus.arvensis,0.5215270738098425,opth,3,False,mlp1,bce,msle
154,0.7672291639829962,0.014681336294946949,1.0,0.5861136158701533,1.0,0.7390562819783968,7.0,Conyza.canadensis,0.5861136158701532,opth,3,False,mlp1,bce,msle
155,0.873756906077348,0.11457536778060161,0.4,0.9263351749539595,0.982421875,0.9535545023696682,30.0,Coronilla.minima,0.3263351749539596,opth,3,False,mlp1,bce,msle
156,0.8467072854550168,0.05391176513418866,0.5,0.8638838475499092,0.9927007299270073,0.9238233867054828,14.0,Crepis.aurea,0.3638838475499093,opth,3,False,mlp1,bce,msle
157,0.8598730557299297,0.18530152159240593,0.7777777777777778,0.7693032015065914,0.985524728588661,0.86409307244844,54.0,Crepis.biennis,0.5470809792843692,opth,3,False,mlp1,bce,msle
158,0.9773240072202166,0.3975096268129982,1.0,0.805956678700361,1.0,0.8925537231384307,8.0,Crepis.bocconi,0.8059566787003609,opth,3,False,mlp1,bce,msle
159,0.9158633870699684,0.32337037576592675,0.9545454545454546,0.7952468007312614,0.9988518943742825,0.8854961832061069,22.0,Crepis.conyzifolia,0.749792255276716,opth,3,False,mlp1,bce,msle
160,0.8729861371300113,0.0876921672695108,0.6470588235294118,0.8325750682438581,0.993485342019544,0.905940594059406,17.0,Crepis.foetida,0.47963389177326987,opth,3,False,mlp1,bce,msle
161,0.9657965796579658,0.1575,1.0,0.711971197119712,1.0,0.8317560462670873,5.0,Crepis.mollis,0.711971197119712,opth,3,False,mlp1,bce,msle
162,0.8802849264705883,0.29470211618819514,0.8214285714285714,0.8290441176470589,0.9944873208379272,0.9042606516290727,28.0,Crepis.pyrenaica,0.6504726890756303,opth,3,False,mlp1,bce,msle
163,0.8780494251354567,0.17415665278746198,0.8857142857142857,0.7409805735430157,0.9950310559006211,0.8494167550371156,35.0,Crepis.vesicaria,0.6266948592573014,opth,3,False,mlp1,bce,msle
164,0.8792079207920792,0.021034033534815554,0.8,0.8010801080108011,0.9988776655443322,0.8891108891108891,5.0,Cruciata.glabra,0.6010801080108013,opth,3,False,mlp1,bce,msle
165,0.8626023657870792,0.08291992434765572,0.9411764705882353,0.6460418562329391,0.9985935302390999,0.7845303867403315,17.0,Cruciata.laevipes,0.5872183268211744,opth,3,False,mlp1,bce,msle
166,0.7705705705705705,0.02299260523139211,0.8333333333333334,0.5315315315315315,0.9983079526226735,0.6937095825984715,6.0,Cruciata.pedemontana,0.3648648648648649,opth,3,False,mlp1,bce,msle
167,0.6639185881746748,0.01607301856329954,0.2857142857142857,0.7763751127141569,0.9942263279445728,0.8718987341772152,7.0,Cuscuta.epithymum,0.06208939842844252,opth,3,False,mlp1,bce,msle
168,0.8478497691549516,0.25864527630866024,0.7972972972972973,0.7149712092130518,0.9802631578947368,0.8268590455049944,74.0,Cynosurus.cristatus,0.5122685065103489,opth,3,False,mlp1,bce,msle
169,0.8421128611352742,0.6613060989300752,0.8535211267605634,0.6977660972404731,0.9108061749571184,0.7901785714285714,355.0,Dactylis.glomerata,0.5512872240010365,opth,3,False,mlp1,bce,msle
170,0.7677130044843049,0.0038461538461538464,1.0,0.5085201793721973,1.0,0.6741973840665874,1.0,Dactylorhiza.maculata,0.5085201793721974,opth,3,False,mlp1,bce,msle
171,0.6675254411954141,0.15333145736645912,0.5714285714285714,0.5951307484220018,0.995475113122172,0.744920993227991,7.0,Dactylorhiza.majalis,0.16655931985057304,opth,3,False,mlp1,bce,msle
172,0.6027428057553956,0.0062937779260686146,0.0,0.9262589928057554,0.9961315280464217,0.9599254426840633,4.0,Danthonia.decumbens,-0.07374100719424459,opth,3,False,mlp1,bce,msle
173,0.8539718542192896,0.291292564991951,0.8842105263157894,0.6758080313418218,0.9843081312410842,0.8013937282229965,95.0,Daucus.carota,0.5600185576576111,opth,3,False,mlp1,bce,msle
174,0.7963240720900888,0.1288594793420299,0.717948717948718,0.6926648096564532,0.9854689564068693,0.8135223555070883,39.0,Deschampsia.cespitosa,0.4106135276051712,opth,3,False,mlp1,bce,msle
175,0.7479612917255627,0.07392958527899615,0.7941176470588235,0.6210720887245841,0.9896907216494846,0.7632027257240205,34.0,Dianthus.carthusianorum,0.41518973578340757,opth,3,False,mlp1,bce,msle
176,0.6828082808280828,0.07969300266711352,0.4,0.7137713771377138,0.9962311557788944,0.8316727844782381,5.0,Dianthus.deltoides,0.11377137713771379,opth,3,False,mlp1,bce,msle
177,0.874814126394052,0.20012565719879696,0.525,0.9172862453531598,0.9811133200795229,0.9481268011527377,40.0,Dianthus.sylvestris,0.44228624535315975,opth,3,False,mlp1,bce,msle
178,0.9589697514225816,0.07256493506493505,0.6666666666666666,0.9164420485175202,0.9990205680705191,0.9559512652296157,3.0,Dipsacus.fullonum,0.5831087151841867,opth,3,False,mlp1,bce,msle
179,0.8844696969696969,0.28339412228623473,0.9,0.7755681818181818,0.9927272727272727,0.8708133971291866,60.0,Draba.aizoides,0.6755681818181818,opth,3,False,mlp1,bce,msle
180,0.8376681614349776,0.005494505494505495,0.0,0.8708520179372198,0.9989711934156379,0.930522280785817,1.0,Draba.siliquosa,-0.12914798206278022,opth,3,False,mlp1,bce,msle
181,0.8859300071421283,0.2191425522256411,0.8518518518518519,0.7869605142332415,0.9953542392566783,0.8789743589743589,27.0,Dryas.octopetala,0.6388123660850935,opth,3,False,mlp1,bce,msle
182,0.5507637017070979,0.0038775541433868407,0.0,0.8095238095238095,0.9966814159292036,0.8934060485870104,3.0,Dryopteris.filix.mas,-0.19047619047619047,opth,3,False,mlp1,bce,msle
183,0.7748510887608632,0.09429661055591704,0.7368421052631579,0.7161410018552876,0.9872122762148338,0.8301075268817204,38.0,Echium.vulgare,0.45298310711844536,opth,3,False,mlp1,bce,msle
184,0.7966786355475763,0.00639386189258312,0.0,0.8447037701974865,0.9978791092258749,0.9149246475449684,2.0,Epilobium.angustifolium,-0.15529622980251345,opth,3,False,mlp1,bce,msle
185,0.6531531531531531,0.014745228065357005,0.6666666666666666,0.47477477477477475,0.996219281663516,0.6430750457596095,6.0,Epipactis.palustris,0.14144144144144133,opth,3,False,mlp1,bce,msle
186,0.8273917552501945,0.05230037458494451,1.0,0.5871143375680581,1.0,0.7398513436249285,14.0,Equisetum.arvense,0.5871143375680581,opth,3,False,mlp1,bce,msle
187,0.6576332429990966,0.014145486033473816,0.2222222222222222,0.7497741644083108,0.991636798088411,0.8539094650205762,9.0,Equisetum.palustre,-0.028003613369466995,opth,3,False,mlp1,bce,msle
188,0.8825995807127883,0.017094644167278062,0.3333333333333333,0.9478885893980233,0.9981078524124882,0.9723502304147466,3.0,Equisetum.telmateia,0.2812219227313566,opth,3,False,mlp1,bce,msle
189,0.9326750448833034,0.01911764705882353,1.0,0.6086175942549371,1.0,0.7566964285714286,2.0,Erigeron.acer,0.608617594254937,opth,3,False,mlp1,bce,msle
190,0.8318571727456586,0.05487518380887072,0.8461538461538461,0.7271078875793291,0.9975124378109452,0.8411116937598322,13.0,Erigeron.alpinus,0.5732617337331751,opth,3,False,mlp1,bce,msle
191,0.9215176220537384,0.1638024055251974,0.9310344827586207,0.8003679852805887,0.9977064220183486,0.888208269525268,29.0,Erigeron.annuus,0.7314024680392093,opth,3,False,mlp1,bce,msle
192,0.8120437956204379,0.04626174174668818,0.15,0.9251824817518248,0.9835111542192047,0.9534555712270804,20.0,Erigeron.glabratus,0.07518248175182474,opth,3,False,mlp1,bce,msle
193,0.8765076507650764,0.059890779718365934,0.8,0.729072907290729,0.998766954377312,0.8428720083246618,5.0,Erigeron.neglectus,0.529072907290729,opth,3,False,mlp1,bce,msle
194,0.8965992647058825,0.20706961589256243,0.9642857142857143,0.7435661764705882,0.9987654320987654,0.8524762908324552,28.0,Erigeron.uniflorus,0.7078518907563025,opth,3,False,mlp1,bce,msle
195,0.625414031918097,0.012192109609782745,0.1111111111111111,0.8861788617886179,0.9919110212335692,0.9360687022900763,9.0,Erodium.cicutarium,-0.0027100271002709064,opth,3,False,mlp1,bce,msle
196,0.7855645402815213,0.07699865889372418,0.6666666666666666,0.8787061994609164,0.9989785495403473,0.9349904397705545,3.0,Erophila.verna,0.545372866127583,opth,3,False,mlp1,bce,msle
197,0.9168491834774255,0.4386473346796692,0.7333333333333333,0.8751200768491835,0.9785177228786252,0.9239350912778904,75.0,Eryngium.campestre,0.6084534101825168,opth,3,False,mlp1,bce,msle
198,0.8312676668841052,0.06923599152515171,0.6666666666666666,0.8018264840182648,0.992090395480226,0.8868686868686869,21.0,Erysimum.rhaeticum,0.46849315068493147,opth,3,False,mlp1,bce,msle
199,0.9008115419296664,0.29113555622137566,0.7142857142857143,0.8268710550045085,0.9978237214363439,0.9043392504930966,7.0,Erysimum.virgatum,0.5411567692902228,opth,3,False,mlp1,bce,msle
200,0.7531418312387791,0.019761904761904762,0.5,0.6974865350089766,0.9987146529562982,0.821353065539112,2.0,Eupatorium.cannabinum,0.19748653500897673,opth,3,False,mlp1,bce,msle
201,0.7456644541731393,0.28750819269258154,0.726027397260274,0.6164948453608248,0.9373040752351097,0.7437810945273632,146.0,Euphorbia.cyparissias,0.34252224262109876,opth,3,False,mlp1,bce,msle
202,0.8350898323798053,0.1705579209975731,0.7777777777777778,0.8193315266485999,0.9977997799779978,0.8998015873015873,9.0,Euphorbia.dulcis,0.5971093044263776,opth,3,False,mlp1,bce,msle
203,0.7874439461883408,0.004201680672268907,0.0,0.8834080717488789,0.9989858012170385,0.9376487386958591,1.0,Euphorbia.helioscopia,-0.11659192825112108,opth,3,False,mlp1,bce,msle
204,0.8937893789378938,0.3421819603753911,0.8,0.9396939693969397,0.999043062200957,0.9684601113172542,5.0,Euphorbia.seguieriana,0.7396939693969398,opth,3,False,mlp1,bce,msle
205,0.8476993432887578,0.19603425667931118,0.9069767441860465,0.5964585274930102,0.9937888198757764,0.745486313337216,43.0,Euphorbia.brittingeri,0.5034352716790567,opth,3,False,mlp1,bce,msle
206,0.8135856883588282,0.047662325712724725,0.5,0.8983666061705989,0.9929789368104313,0.9433063363506432,14.0,Euphrasia.alpina,0.3983666061705988,opth,3,False,mlp1,bce,msle
207,0.8908821615935107,0.25487406503488746,0.8260869565217391,0.8003820439350525,0.9858823529411764,0.8835002635740643,69.0,Euphrasia.minima,0.6264690004567917,opth,3,False,mlp1,bce,msle
208,0.8260288065843622,0.18155840860637937,0.7222222222222222,0.7925925925925926,0.9884526558891455,0.8797533401849948,36.0,Euphrasia.salisburgensis,0.5148148148148148,opth,3,False,mlp1,bce,msle
209,0.9008543165467626,0.026613696199116292,1.0,0.6636690647482014,1.0,0.7978378378378378,4.0,Euphrasia.stricta,0.6636690647482015,opth,3,False,mlp1,bce,msle
210,0.881592039800995,0.3876761032166741,0.8828828828828829,0.7412935323383084,0.9828496042216359,0.845150311968236,111.0,Festuca.arundinacea,0.6241764152211913,opth,3,False,mlp1,bce,msle
211,0.899470712773465,0.23331222338534854,0.7692307692307693,0.9247706422018349,0.9940828402366864,0.9581749049429658,26.0,Festuca.ovina,0.6940014114326041,opth,3,False,mlp1,bce,msle
212,0.9314647377938516,0.07977012226259833,1.0,0.7875226039783002,1.0,0.8811330298431967,10.0,Festuca.halleri,0.7875226039783003,opth,3,False,mlp1,bce,msle
213,0.8112833112833113,0.3597341449217271,0.7402597402597403,0.7442827442827443,0.9470899470899471,0.8335273573923166,154.0,Festuca.laevigata,0.4845424845424846,opth,3,False,mlp1,bce,msle
214,0.7885588686120832,0.36040017775832445,0.7464788732394366,0.7073921971252567,0.9503448275862069,0.811065332548558,142.0,Festuca.nigrescens,0.4538710703646933,opth,3,False,mlp1,bce,msle
215,0.8947944743935309,0.4116807215169519,0.8928571428571429,0.8047169811320755,0.9930151338766007,0.8890046899426784,56.0,Festuca.paniculata,0.6975741239892184,opth,3,False,mlp1,bce,msle
216,0.9207242443593018,0.4116313557800431,0.9027777777777778,0.8208812260536399,0.9918981481481481,0.8983228511530398,72.0,Festuca.quadriflora,0.7236590038314177,opth,3,False,mlp1,bce,msle
217,0.6772694940873122,0.21819277200397538,0.6159420289855072,0.6124744376278118,0.9187116564417178,0.7349693251533742,138.0,Festuca.rubra,0.22841646661331905,opth,3,False,mlp1,bce,msle
218,0.9032325078942995,0.18397988973224969,0.7272727272727273,0.8912248628884827,0.9938837920489296,0.9397590361445783,22.0,Festuca.valesiaca,0.61849759016121,opth,3,False,mlp1,bce,msle
219,0.8764022791348751,0.45547759582428426,0.7484276729559748,0.799373040752351,0.9503105590062112,0.8683314415437003,159.0,Festuca.violacea,0.5478007137083258,opth,3,False,mlp1,bce,msle
220,0.8081341911764706,0.11982096270074982,0.8214285714285714,0.5790441176470589,0.9921259842519685,0.7312826465467208,28.0,Filipendula.vulgaris,0.4004726890756303,opth,3,False,mlp1,bce,msle
221,0.6845667870036101,0.017765816897400356,0.5,0.5234657039711191,0.9931506849315068,0.6855791962174941,8.0,Fragaria.vesca,0.023465703971119023,opth,3,False,mlp1,bce,msle
222,0.894424841213832,0.1902433302974044,0.34615384615384615,0.9477064220183486,0.9838095238095238,0.9654205607476636,26.0,Fumana.procumbens,0.2938602681721947,opth,3,False,mlp1,bce,msle
223,0.8847884788478848,0.03357967248341965,0.8,0.7497749774977498,0.9988009592326139,0.8565552699228792,5.0,Galeopsis.tetrahit,0.5497749774977498,opth,3,False,mlp1,bce,msle
224,0.8161210329885029,0.12177579414386856,0.6756756756756757,0.794253938832252,0.9861910241657077,0.8798767967145791,37.0,Galium.anisophyllon,0.4699296145079277,opth,3,False,mlp1,bce,msle
225,0.9331238779174147,0.04565578306585501,1.0,0.585278276481149,1.0,0.7383918459796149,2.0,Galium.aparine,0.585278276481149,opth,3,False,mlp1,bce,msle
226,0.781482342007435,0.11523209178339393,0.85,0.6198884758364313,0.9910846953937593,0.7627215551743853,40.0,Galium.boreale,0.46988847583643123,opth,3,False,mlp1,bce,msle
227,0.9129180912739706,0.2481128549040087,0.8709677419354839,0.8737327188940092,0.9957983193277311,0.930780559646539,31.0,Galium.corrudifolium,0.7447004608294931,opth,3,False,mlp1,bce,msle
228,0.8305224187577129,0.03281351725887946,0.9090909090909091,0.6669683257918552,0.9986449864498645,0.7997829625610418,11.0,Galium.glaucum,0.5760592348827642,opth,3,False,mlp1,bce,msle
229,0.7490875912408759,0.07116985080952007,0.55,0.7728102189781022,0.9894859813084113,0.867827868852459,20.0,Galium.lucidum,0.32281021897810236,opth,3,False,mlp1,bce,msle
230,0.8117750430229957,0.4836234343834494,0.8544600938967136,0.6378737541528239,0.9489291598023064,0.7629139072847683,213.0,Galium.mollugo,0.4923338480495376,opth,3,False,mlp1,bce,msle
231,0.7595145453992764,0.26994553313177594,0.6865671641791045,0.7138492871690427,0.9434724091520862,0.8127536231884058,134.0,Galium.pumilum,0.4004164513481472,opth,3,False,mlp1,bce,msle
232,0.7686095990426898,0.48532264104696926,0.7958477508650519,0.6178960096735188,0.8964912280701754,0.7315676449534717,289.0,Galium.verum,0.41374376053857054,opth,3,False,mlp1,bce,msle
233,0.8964954851028283,0.15140532738772378,0.7391304347826086,0.8371454711802379,0.993485342019544,0.9086395233366436,23.0,Genista.pilosa,0.5762759059628464,opth,3,False,mlp1,bce,msle
234,0.9096448016593206,0.20318776211477113,1.0,0.5281306715063521,1.0,0.6912114014251781,14.0,Genista.sagittalis,0.5281306715063521,opth,3,False,mlp1,bce,msle
235,0.7725291589932474,0.05924131751150514,1.0,0.5064456721915286,1.0,0.6723716381418093,30.0,Genista.tinctoria,0.5064456721915285,opth,3,False,mlp1,bce,msle
236,0.8524787294384572,0.168549874725869,0.5853658536585366,0.8427906976744186,0.9815817984832069,0.9069069069069069,41.0,Gentiana.acaulis,0.42815655133295527,opth,3,False,mlp1,bce,msle
237,0.876491862567812,0.22497833122826205,0.7,0.8083182640144665,0.9966555183946488,0.8926610084872691,10.0,Gentiana.alpina,0.5083182640144663,opth,3,False,mlp1,bce,msle
238,0.8931044866004215,0.04929568960484129,0.6666666666666666,0.9015356820234869,0.997002997002997,0.9468690702087287,9.0,Gentiana.bavarica,0.5682023486901535,opth,3,False,mlp1,bce,msle
239,0.8529252925292529,0.021639871868011973,0.8,0.7461746174617462,0.9987951807228915,0.854198866563627,5.0,Gentiana.cruciata,0.5461746174617463,opth,3,False,mlp1,bce,msle
240,0.8667046457334987,0.33956139512811195,0.8275862068965517,0.7910592808551993,0.9819059107358263,0.876210979547901,87.0,Gentiana.lutea,0.6186454877517509,opth,3,False,mlp1,bce,msle
241,0.8671022727272727,0.174843949585469,0.3125,0.9690909090909091,0.989786443825441,0.979329352319706,16.0,Gentiana.nivalis,0.2815909090909092,opth,3,False,mlp1,bce,msle
242,0.8628390596745027,0.0918419280520428,0.7,0.8146473779385172,0.9966814159292036,0.8965174129353234,10.0,Gentiana.punctata,0.514647377938517,opth,3,False,mlp1,bce,msle
243,0.8978326021804283,0.46527852187065283,0.8782608695652174,0.7672327672327672,0.9820971867007673,0.8614694335389792,115.0,Gentiana.verna,0.6454936367979847,opth,3,False,mlp1,bce,msle
244,0.8285584651283381,0.05497453359455693,0.7142857142857143,0.8121597096188747,0.9955506117908788,0.894552723638181,14.0,Geranium.columbinum,0.526445423904589,opth,3,False,mlp1,bce,msle
245,0.9213198900091659,0.2296932996533756,0.92,0.7901008249312558,0.9976851851851852,0.881841432225064,25.0,Geranium.dissectum,0.7101008249312559,opth,3,False,mlp1,bce,msle
246,0.9624849033816425,0.34804296373546123,1.0,0.7210144927536232,1.0,0.8378947368421052,12.0,Geranium.molle,0.7210144927536231,opth,3,False,mlp1,bce,msle
247,0.8472479423868313,0.1496132684901038,0.8055555555555556,0.7037037037037037,0.9908735332464146,0.8229561451001625,36.0,Geranium.pyrenaicum,0.5092592592592593,opth,3,False,mlp1,bce,msle
248,0.8864452423698385,0.01332492643968054,0.5,0.8671454219030521,0.9989658738366081,0.9283998077847189,2.0,Geranium.robertianum,0.3671454219030521,opth,3,False,mlp1,bce,msle
249,0.7544964028776978,0.008900951869308123,0.5,0.7688848920863309,0.9976662777129521,0.8684611477907568,4.0,Geranium.rotundifolium,0.26888489208633093,opth,3,False,mlp1,bce,msle
250,0.6612758310871518,0.005387130554596915,0.6666666666666666,0.5570530098831986,0.998389694041868,0.7151095732410612,3.0,Geranium.sanguineum,0.22371967654986524,opth,3,False,mlp1,bce,msle
251,0.8784085479737653,0.5260868530588738,0.8521739130434782,0.7682317682317682,0.9783715012722646,0.8606603245663123,115.0,Geranium.sylvaticum,0.6204056812752463,opth,3,False,mlp1,bce,msle
252,0.8830550591914229,0.41140720550180065,0.9391891891891891,0.7510330578512396,0.9877717391304348,0.8532863849765259,148.0,Geum.montanum,0.6902222470404289,opth,3,False,mlp1,bce,msle
253,0.9341834635952283,0.17647843804951013,1.0,0.6751131221719457,1.0,0.8060507833603457,11.0,Geum.rivale,0.6751131221719457,opth,3,False,mlp1,bce,msle
254,0.7790802524797115,0.07426757691558927,0.5714285714285714,0.8494138863841298,0.9968253968253968,0.9172346640701071,7.0,Geum.urbanum,0.42084245781270124,opth,3,False,mlp1,bce,msle
255,0.8696043165467625,0.037974668726881114,1.0,0.6879496402877698,1.0,0.8151305274374001,4.0,Glechoma.hederacea,0.6879496402877698,opth,3,False,mlp1,bce,msle
256,0.8678346690128722,0.19405349794089086,0.6326530612244898,0.895032802249297,0.9815005138746146,0.9362745098039216,49.0,Globularia.bisnagarica,0.5276858634737869,opth,3,False,mlp1,bce,msle
257,0.8392061362092673,0.2866846287383712,0.5087719298245614,0.8753541076487252,0.9706806282722513,0.9205561072492552,57.0,Globularia.cordifolia,0.38412603747328666,opth,3,False,mlp1,bce,msle
258,0.8517520215633423,0.011502510695467406,0.3333333333333333,0.8436657681940701,0.997874601487779,0.9143135345666992,3.0,Globularia.nudicaulis,0.1769991015274035,opth,3,False,mlp1,bce,msle
259,0.7263899973397181,0.08694608897689912,0.8095238095238095,0.5670391061452514,0.9870340356564019,0.7202838557066824,42.0,Gymnadenia.conopsea,0.37656291566906086,opth,3,False,mlp1,bce,msle
260,0.8560795454545455,0.06457896850461614,0.6875,0.8236363636363636,0.9945115257958288,0.9010442565887619,16.0,Gypsophila.repens,0.5111363636363637,opth,3,False,mlp1,bce,msle
261,0.7653129682223763,0.3713835860198865,0.6391752577319587,0.7299349240780911,0.9057873485868102,0.8084084084084084,194.0,Helianthemum.nummularium,0.36911018181004973,opth,3,False,mlp1,bce,msle
262,0.5555355535553556,0.024871618597976416,0.6,0.5220522052205221,0.9965635738831615,0.6851742468989959,5.0,Helleborus.foetidus,0.12205220522052196,opth,3,False,mlp1,bce,msle
263,0.7242608044859979,0.14626355201712388,0.8160919540229885,0.5383867832847424,0.9719298245614035,0.6929330831769857,87.0,Heracleum.sphondylium,0.35447873730773094,opth,3,False,mlp1,bce,msle
264,0.6450045004500451,0.014114092246106782,0.6,0.7812781278127813,0.9977011494252873,0.8763250883392226,5.0,Hieracium.bifidum,0.38127812781278125,opth,3,False,mlp1,bce,msle
265,0.7174002468120115,0.023759345660771463,0.7272727272727273,0.6144796380090498,0.9956011730205279,0.7599328483491886,11.0,Hieracium.murorum,0.3417523652817771,opth,3,False,mlp1,bce,msle
266,0.8725123500352858,0.09155274236809581,0.7307692307692307,0.826605504587156,0.9922907488986784,0.9019019019019019,26.0,Hieracium.piliferum,0.5573747353563867,opth,3,False,mlp1,bce,msle
267,0.9773177317731773,0.1070042586140147,1.0,0.828982898289829,1.0,0.906496062992126,5.0,Hieracium.prenanthoides,0.8289828982898291,opth,3,False,mlp1,bce,msle
268,0.8889375074585305,0.15600641721683298,0.5217391304347826,0.9149130832570905,0.9891196834817013,0.9505703422053232,23.0,Hieracium.villosum,0.4366522136918731,opth,3,False,mlp1,bce,msle
269,0.8536481986073268,0.06715945450902307,0.8,0.7493188010899182,0.9963768115942029,0.8553654743390358,15.0,Himantoglossum.hircinum,0.5493188010899184,opth,3,False,mlp1,bce,msle
270,0.7121724137931034,0.22204091610521168,0.5431034482758621,0.726,0.9319640564826701,0.8161888701517707,116.0,Hippocrepis.comosa,0.2691034482758621,opth,3,False,mlp1,bce,msle
271,0.9254991816693945,0.5840343088690231,0.8085106382978723,0.8697435897435898,0.9691428571428572,0.9167567567567567,141.0,Holcus.lanatus,0.6782542280414621,opth,3,False,mlp1,bce,msle
272,0.8845023289467733,0.3024283593417314,0.7777777777777778,0.8385565052231719,0.9843924191750278,0.9056410256410257,63.0,Homogyne.alpina,0.6163342830009497,opth,3,False,mlp1,bce,msle
273,0.9533213644524237,0.028665028665028666,1.0,0.9290843806104129,1.0,0.9632387156817124,2.0,Hornungia.petraea,0.929084380610413,opth,3,False,mlp1,bce,msle
274,0.9195398985239852,0.23327372046279832,0.84375,0.8182656826568265,0.9943946188340808,0.8977732793522267,32.0,Hypericum.maculatum,0.6620156826568264,opth,3,False,mlp1,bce,msle
275,0.800926549865229,0.16108029686813075,0.8035714285714286,0.6537735849056604,0.984375,0.7857142857142857,56.0,Hypericum.perforatum,0.4573450134770889,opth,3,False,mlp1,bce,msle
276,0.9133870754592308,0.22569106082139398,0.9428571428571428,0.7946345975948196,0.9976771196283392,0.8846549948506695,35.0,Hypericum.richeri,0.7374917404519623,opth,3,False,mlp1,bce,msle
277,0.847666782983853,0.2203736437961766,0.8275862068965517,0.7626494940202392,0.9940047961630696,0.8630921395106715,29.0,Hypochaeris.maculata,0.5902357009167909,opth,3,False,mlp1,bce,msle
278,0.9035393131778674,0.22951827937217442,0.8918918918918919,0.8044485634847081,0.9954128440366973,0.8898001025115325,37.0,Hypochaeris.radicata,0.6963404553765999,opth,3,False,mlp1,bce,msle
279,0.9238696380265362,0.06263696876600101,1.0,0.8385933273219116,1.0,0.912211868563021,7.0,Hyssopus.officinalis,0.8385933273219117,opth,3,False,mlp1,bce,msle
280,0.8771880884301556,0.12965098058232372,1.0,0.6391659111514053,1.0,0.7798672566371682,13.0,Inula.salicina,0.6391659111514052,opth,3,False,mlp1,bce,msle
281,0.7820627802690583,0.004098360655737705,1.0,0.7811659192825112,1.0,0.877139979859013,1.0,Isatis.tinctoria,0.7811659192825111,opth,3,False,mlp1,bce,msle
282,0.7555555555555555,0.024105863915157382,0.5,0.8927927927927928,0.9969818913480886,0.9420152091254753,6.0,Juncus.alpinoarticulatus,0.3927927927927928,opth,3,False,mlp1,bce,msle
283,0.8163081283009146,0.038273420438900765,0.5714285714285714,0.8584310189359784,0.9968586387434555,0.9224806201550387,7.0,Juncus.articulatus,0.4298595903645497,opth,3,False,mlp1,bce,msle
284,0.9610785198555957,0.48161972962056027,0.875,0.9494584837545126,0.9990503323836657,0.973623322535863,8.0,Juncus.effusus,0.8244584837545126,opth,3,False,mlp1,bce,msle
285,0.8452921586436574,0.07488360062146379,0.4,0.92188919164396,0.9912109375,0.9552941176470588,15.0,Juncus.inflexus,0.3218891916439599,opth,3,False,mlp1,bce,msle
286,0.9390756302521008,0.6838878359275823,0.7142857142857143,0.9145220588235294,0.9920239282153539,0.9516977522716403,28.0,Juncus.jacquinii,0.6288077731092439,opth,3,False,mlp1,bce,msle
287,0.8422161999397771,0.16655171701007138,0.4444444444444444,0.8925022583559169,0.9949647532729103,0.940952380952381,9.0,Juncus.trifidus,0.3369467028003612,opth,3,False,mlp1,bce,msle
288,0.8297297297297298,0.02657660451565354,0.16666666666666666,0.9513513513513514,0.9952874646559849,0.9728235836020267,6.0,Juncus.triglumis,0.11801801801801814,opth,3,False,mlp1,bce,msle
289,0.8489724265939128,0.4945186287371512,0.7835051546391752,0.7537960954446855,0.9430122116689281,0.8378541289933695,194.0,Knautia.arvensis,0.5373012500838608,opth,3,False,mlp1,bce,msle
290,0.9083935018050542,0.11553386721852328,0.875,0.6985559566787004,0.9987096774193548,0.8220924057355284,8.0,Knautia.dipsacifolia,0.5735559566787005,opth,3,False,mlp1,bce,msle
291,0.7746953590873736,0.03386518138271125,0.7857142857142857,0.690562613430127,0.9960732984293194,0.8156484458735263,14.0,Koeleria.macrantha,0.4762768991444126,opth,3,False,mlp1,bce,msle
292,0.8007359307359307,0.22854171486379565,0.5757575757575758,0.7647619047619048,0.9663056558363418,0.8538011695906432,66.0,Koeleria.pyramidata,0.34051948051948067,opth,3,False,mlp1,bce,msle
293,0.8604225924420967,0.23778401000596758,0.5434782608695652,0.8813084112149533,0.9782157676348547,0.9272369714847591,46.0,Koeleria.vallesiana,0.42478667208451837,opth,3,False,mlp1,bce,msle
294,0.898570893325483,0.3689470470227087,0.8235294117647058,0.7879890809827116,0.996547756041427,0.8800813008130082,17.0,Lactuca.perennis,0.6115184927474173,opth,3,False,mlp1,bce,msle
295,0.8565438754118,0.01233057604145904,1.0,0.5795148247978437,1.0,0.7337883959044369,3.0,Lactuca.serriola,0.5795148247978437,opth,3,False,mlp1,bce,msle
296,0.8351152904804843,0.05400816362027659,0.8571428571428571,0.6943192064923355,0.9987029831387808,0.8191489361702128,7.0,Lamium.purpureum,0.5514620636351926,opth,3,False,mlp1,bce,msle
297,0.8334829443447037,0.029132690882134913,1.0,0.5691202872531418,1.0,0.7254004576659039,2.0,Lapsana.communis,0.5691202872531418,opth,3,False,mlp1,bce,msle
298,0.7243109831345126,0.045182403596499845,0.45454545454545453,0.8244343891402715,0.9934569247546347,0.9010880316518298,11.0,Laserpitium.halleri,0.27897984368572604,opth,3,False,mlp1,bce,msle
299,0.8454288687379218,0.13183437721203928,0.8064516129032258,0.7640552995391705,0.9928143712574851,0.8635416666666667,31.0,Laserpitium.latifolium,0.5705069124423963,opth,3,False,mlp1,bce,msle
300,0.8746435053150117,0.13392129288350016,0.9285714285714286,0.7232304900181489,0.9987468671679198,0.8389473684210527,14.0,Laserpitium.siler,0.6518019185895776,opth,3,False,mlp1,bce,msle
301,0.6513039568345323,0.007121509359545617,0.0,0.920863309352518,0.9961089494163424,0.9570093457943926,4.0,Lathyrus.heterophyllus,-0.07913669064748197,opth,3,False,mlp1,bce,msle
302,0.9191374663072777,0.028814974408891896,1.0,0.8140161725067385,1.0,0.8974739970282318,3.0,Lathyrus.occidentalis,0.8140161725067385,opth,3,False,mlp1,bce,msle
303,0.8022661433510886,0.49857569349132125,0.7804878048780488,0.6609195402298851,0.9141494435612083,0.7671781187458305,246.0,Lathyrus.pratensis,0.4414073451079339,opth,3,False,mlp1,bce,msle
304,0.8450020567667627,0.13067863776459038,0.36363636363636365,0.9285067873303168,0.9932236205227493,0.9597754911131899,11.0,Lathyrus.sphaericus,0.2921431509666803,opth,3,False,mlp1,bce,msle
305,0.8635547576301617,0.011048602250318989,0.5,0.914721723518851,0.9990196078431373,0.9550140581068416,2.0,Lathyrus.sylvestris,0.41472172351885095,opth,3,False,mlp1,bce,msle
306,0.6528900868523511,0.03317700817700818,0.3333333333333333,0.6406109613656783,0.9972027972027973,0.7800875273522976,3.0,Lathyrus.tuberosus,-0.02605570530098844,opth,3,False,mlp1,bce,msle
307,0.6134989027458116,0.03614488471689517,0.4117647058823529,0.7133757961783439,0.9874055415617129,0.8283148441627047,17.0,Leontodon.autumnalis,0.12514050206069682,opth,3,False,mlp1,bce,msle
308,0.7093242694805196,0.37517038613052245,0.6681818181818182,0.6138392857142857,0.8828250401284109,0.7241606319947334,220.0,Leontodon.hispidus,0.282021103896104,opth,3,False,mlp1,bce,msle
309,0.7770758122743683,0.018500341220686188,0.375,0.7870036101083032,0.9942987457240593,0.8785894206549119,8.0,Leontopodium.alpinum,0.16200361010830333,opth,3,False,mlp1,bce,msle
310,0.9464846202134338,0.4691724697729185,0.9259259259259259,0.835216572504708,0.9955106621773289,0.9083461341525858,54.0,Leucanthemopsis.alpina,0.7611424984306341,opth,3,False,mlp1,bce,msle
311,0.8568475916606759,0.6134461896751346,0.8538461538461538,0.697429906542056,0.9401574803149606,0.8008048289738431,260.0,Leucanthemum.vulgare,0.5512760603882099,opth,3,False,mlp1,bce,msle
312,0.8486313868613139,0.08565139949552836,0.6,0.8193430656934306,0.9911699779249448,0.8971028971028971,20.0,Lilium.martagon,0.4193430656934307,opth,3,False,mlp1,bce,msle
313,0.5345291479820629,0.0019230769230769232,1.0,0.3506726457399103,1.0,0.5192563081009296,1.0,Linaria.repens,0.3506726457399103,opth,3,False,mlp1,bce,msle
314,0.9111503175723359,0.1820787148406378,0.8461538461538461,0.7761467889908257,0.9952941176470588,0.8721649484536083,26.0,Linum.alpinum,0.6223006351446718,opth,3,False,mlp1,bce,msle
315,0.7029611456609801,0.13964898325605662,0.6588235294117647,0.6149369544131911,0.9562594268476622,0.7485242030696576,85.0,Linum.catharticum,0.2737604838249559,opth,3,False,mlp1,bce,msle
316,0.9480113636363636,0.18397207962391335,0.875,0.8736363636363637,0.9979231568016614,0.9316529326223946,16.0,Linum.tenuifolium,0.7486363636363635,opth,3,False,mlp1,bce,msle
317,0.7721674876847291,0.03836346747745384,0.7857142857142857,0.6397459165154264,0.9957627118644068,0.7790055248618785,14.0,Listera.ovata,0.42546020222971226,opth,3,False,mlp1,bce,msle
318,0.9318385650224216,0.012987012987012988,1.0,0.5524663677130045,1.0,0.7117273252455228,1.0,Lolium.multiflorum,0.5524663677130044,opth,3,False,mlp1,bce,msle
319,0.8757583014048531,0.352872719358895,0.8055555555555556,0.7528735632183908,0.9825,0.8524945770065075,72.0,Lolium.perenne,0.5584291187739465,opth,3,False,mlp1,bce,msle
320,0.7591196022568572,0.5504337280416226,0.7806267806267806,0.6169934640522876,0.8597449908925319,0.7184170471841704,351.0,Lotus.corniculatus,0.3976202446790682,opth,3,False,mlp1,bce,msle
321,0.8393730856438203,0.07131357871956195,0.8260869565217391,0.645928636779506,0.9943661971830986,0.7831392124237382,23.0,Lotus.maritimus,0.4720155933012451,opth,3,False,mlp1,bce,msle
322,0.7604889374487845,0.2086850980936313,0.3,0.904397705544933,0.9507537688442211,0.9269965703086722,70.0,Luzula.campestris,0.20439770554493308,opth,3,False,mlp1,bce,msle
323,0.8540430796561241,0.0818427267456866,0.8620689655172413,0.7700091996320148,0.995243757431629,0.8682572614107884,29.0,Luzula.lutea,0.632078165149256,opth,3,False,mlp1,bce,msle
324,0.7129893699766657,0.032245699467172435,0.7142857142857143,0.5970961887477314,0.9939577039274925,0.746031746031746,14.0,Luzula.multiflora,0.3113819030334457,opth,3,False,mlp1,bce,msle
325,0.8610108303249098,0.05503202446644582,0.75,0.7743682310469314,0.9976744186046511,0.8719512195121951,8.0,Luzula.sieberi,0.5243682310469313,opth,3,False,mlp1,bce,msle
326,0.8622146048846178,0.17688905603624946,0.8548387096774194,0.7770398481973435,0.9891304347826086,0.8703506907545164,62.0,Luzula.spicata,0.6318785578747628,opth,3,False,mlp1,bce,msle
327,0.761690068272575,0.023929379915747045,0.42857142857142855,0.8223624887285843,0.9956331877729258,0.9007407407407407,7.0,Luzula.sudetica,0.2509339173000129,opth,3,False,mlp1,bce,msle
328,0.9877208745133275,0.12236652236652237,1.0,0.9604672057502246,1.0,0.9798350137488543,3.0,Lysimachia.nummularia,0.9604672057502246,opth,3,False,mlp1,bce,msle
329,0.8815197841726619,0.017768844075506687,0.0,0.9766187050359713,0.9963302752293578,0.9863760217983651,4.0,Lysimachia.vulgaris,-0.023381294964028743,opth,3,False,mlp1,bce,msle
330,0.8166945768388509,0.022209870354035446,1.0,0.6762849413886384,1.0,0.8068854222700377,7.0,Malva.moschata,0.6762849413886385,opth,3,False,mlp1,bce,msle
331,0.6274333632824199,0.00470193973253229,0.3333333333333333,0.7232704402515723,0.9975216852540273,0.8385416666666666,3.0,Malva.sylvestris,0.05660377358490565,opth,3,False,mlp1,bce,msle
332,0.8221286900369005,0.08203540996716491,0.875,0.6466789667896679,0.9943262411347518,0.7836780324203466,32.0,Medicago.falcata,0.521678966789668,opth,3,False,mlp1,bce,msle
333,0.8271674523467923,0.42676897707822437,0.8658536585365854,0.6260504201680672,0.9644012944983819,0.759235668789809,164.0,Medicago.lupulina,0.49190407870465247,opth,3,False,mlp1,bce,msle
334,0.8884615384615385,0.17135447495676273,0.7692307692307693,0.8137614678899082,0.9932810750279956,0.8946041351487645,26.0,Medicago.minima,0.5829922371206775,opth,3,False,mlp1,bce,msle
335,0.8756095030604835,0.2769004429410718,0.9111111111111111,0.6778711484593838,0.9945205479452055,0.8062187673514714,45.0,Medicago.sativa,0.588982259570495,opth,3,False,mlp1,bce,msle
336,0.8973375451263539,0.19277377526167525,0.75,0.9007220216606499,0.998,0.9468690702087287,8.0,Melica.ciliata,0.6507220216606497,opth,3,False,mlp1,bce,msle
337,0.9824955116696589,0.275,1.0,0.5969479353680431,1.0,0.7476110174255199,2.0,Melilotus.albus,0.5969479353680431,opth,3,False,mlp1,bce,msle
338,0.9013475836431226,0.2990415080600158,0.825,0.8224907063197026,0.992152466367713,0.899390243902439,40.0,Meum.athamanticum,0.6474907063197026,opth,3,False,mlp1,bce,msle
339,0.9838565022421525,0.05263157894736842,1.0,0.6690582959641256,1.0,0.8017195056421279,1.0,Minuartia.laricifolia,0.6690582959641256,opth,3,False,mlp1,bce,msle
340,0.849675918231677,0.08571260792184217,0.5909090909090909,0.8820840950639853,0.9907597535934292,0.9332688588007737,22.0,Minuartia.rostrata,0.47299318597307627,opth,3,False,mlp1,bce,msle
341,0.8946606682011579,0.3327221116719835,0.7777777777777778,0.8088512241054614,0.9862227324913893,0.8887739265390585,54.0,Minuartia.verna,0.5866290018832392,opth,3,False,mlp1,bce,msle
342,0.8788734243697478,0.23353883418129795,0.9285714285714286,0.7150735294117647,0.9974358974358974,0.8329764453961456,28.0,Muscari.comosum,0.6436449579831933,opth,3,False,mlp1,bce,msle
343,0.8477393617021277,0.47552862102162247,0.7287234042553191,0.7769396551724138,0.9339378238341969,0.8482352941176471,188.0,Myosotis.alpestris,0.5056630594277329,opth,3,False,mlp1,bce,msle
344,0.8614811469857755,0.3343172007676298,0.8604651162790697,0.6951456310679611,0.9835164835164835,0.8145620022753128,86.0,Myosotis.arvensis,0.5556107473470309,opth,3,False,mlp1,bce,msle
345,0.8808624970241132,0.3331803653761387,0.8148148148148148,0.7382920110192838,0.9938195302843016,0.8472075869336143,27.0,Myosotis.ramosissima,0.5531068258340985,opth,3,False,mlp1,bce,msle
346,0.8623908461306835,0.2840704668531038,0.2222222222222222,0.993676603432701,0.993676603432701,0.993676603432701,9.0,Myosotis.scorpioides,0.21589882565492324,opth,3,False,mlp1,bce,msle
347,0.9174147217235188,0.017961763798951588,1.0,0.7684021543985637,1.0,0.8690355329949239,2.0,Myosotis.stricta,0.7684021543985637,opth,3,False,mlp1,bce,msle
348,0.8046951509555389,0.11872183589698838,0.7878787878787878,0.58264081255771,0.9890282131661442,0.7332945961650204,33.0,Narcissus.poeticus,0.3705196004364979,opth,3,False,mlp1,bce,msle
349,0.8313438807055828,0.3582724572672498,0.8368794326241135,0.6892307692307692,0.9669064748201439,0.8047904191616766,141.0,Nardus.stricta,0.5261102018548827,opth,3,False,mlp1,bce,msle
350,0.9214801444043321,0.1044029384858824,0.75,0.878158844765343,0.997948717948718,0.9342294767162747,8.0,Odontites.luteus,0.628158844765343,opth,3,False,mlp1,bce,msle
351,0.8678332014822834,0.3653511637090795,0.7659574468085106,0.7906066536203522,0.9734939759036144,0.8725701943844493,94.0,Onobrychis.montana,0.5565641004288628,opth,3,False,mlp1,bce,msle
352,0.898291465127165,0.49195469885019993,0.9076923076923077,0.7342799188640974,0.9836956521739131,0.8408826945412311,130.0,Onobrychis.viciifolia,0.6419722265564052,opth,3,False,mlp1,bce,msle
353,0.8865611421477344,0.21882869546123465,0.8095238095238095,0.8342644320297952,0.9911504424778761,0.9059656218402427,42.0,Ononis.natrix,0.6437882415536047,opth,3,False,mlp1,bce,msle
354,0.7769019248395967,0.050147166725604486,0.64,0.7461044912923923,0.9890643985419199,0.8505747126436781,25.0,Ononis.repens,0.3861044912923923,opth,3,False,mlp1,bce,msle
355,0.8115418416170296,0.12203106241766142,0.7894736842105263,0.673469387755102,0.989100817438692,0.8013245033112583,38.0,Ononis.spinosa,0.46294307196562823,opth,3,False,mlp1,bce,msle
356,0.6342010771992819,0.00422393563526651,0.5,0.7028725314183124,0.9987244897959183,0.8250790305584826,2.0,Ophioglossum.vulgatum,0.2028725314183124,opth,3,False,mlp1,bce,msle
357,0.7349505840071878,0.009438674303199278,0.3333333333333333,0.7538185085354897,0.9976218787158145,0.8587512794268168,3.0,Ophrys.apifera,0.08715184186882308,opth,3,False,mlp1,bce,msle
358,0.9121076233183857,0.010101010101010102,1.0,0.7757847533632287,1.0,0.8737373737373737,1.0,Ophrys.insectifera,0.7757847533632287,opth,3,False,mlp1,bce,msle
359,0.5116696588868941,0.0034483122251631887,0.0,0.8536804308797128,0.9979013641133263,0.9201741654571843,2.0,Orchis.mascula,-0.1463195691202872,opth,3,False,mlp1,bce,msle
360,0.8651008732309545,0.0629125738256475,1.0,0.6350496838301717,1.0,0.7767955801104972,9.0,Orchis.militaris,0.6350496838301716,opth,3,False,mlp1,bce,msle
361,0.8854604042573968,0.20274936332166182,0.868421052631579,0.7634508348794063,0.9939613526570048,0.863588667366212,38.0,Origanum.vulgare,0.6318718875109854,opth,3,False,mlp1,bce,msle
362,0.7453880671430946,0.09622309253549914,0.5,0.793418647166362,0.987485779294653,0.8798783578307147,22.0,Ornithogalum.umbellatum,0.293418647166362,opth,3,False,mlp1,bce,msle
363,0.5932914046121593,0.005441609638340753,0.3333333333333333,0.5615453728661276,0.9968102073365231,0.7183908045977011,3.0,Orobanche.alba,-0.10512129380053903,opth,3,False,mlp1,bce,msle
364,0.7006357856494096,0.022999360805606592,0.6666666666666666,0.6321525885558583,0.992867332382311,0.7724750277469479,15.0,Orobanche.caryophyllacea,0.29881925522252484,opth,3,False,mlp1,bce,msle
365,0.7836051315503371,0.09023622370950865,0.8571428571428571,0.6566210045662101,0.9958448753462604,0.7914144193725922,21.0,Oxytropis.campestris,0.5137638617090672,opth,3,False,mlp1,bce,msle
366,0.8328510938602682,0.08319232664397261,0.4230769230769231,0.8513761467889909,0.9840933191940615,0.9129365469749139,26.0,Oxytropis.helvetica,0.274453069865914,opth,3,False,mlp1,bce,msle
367,0.6247755834829444,0.0037029473827513443,0.0,0.7899461400359067,0.9977324263038548,0.8817635270541082,2.0,Oxytropis.pilosa,-0.21005385996409331,opth,3,False,mlp1,bce,msle
368,0.8268768768768768,0.02240133033728172,0.8333333333333334,0.772972972972973,0.9988358556461001,0.8715083798882681,6.0,Papaver.rhoeas,0.6063063063063063,opth,3,False,mlp1,bce,msle
369,0.8988298829882988,0.05830150241914948,0.8,0.7821782178217822,0.9988505747126437,0.8773346794548208,5.0,Paradisea.liliastrum,0.5821782178217823,opth,3,False,mlp1,bce,msle
370,0.7813636363636363,0.056024766657737916,0.4375,0.7963636363636364,0.9898305084745763,0.8826196473551637,16.0,Parnassia.palustris,0.23386363636363638,opth,3,False,mlp1,bce,msle
371,0.8370870870870871,0.02350981329347907,1.0,0.6333333333333333,1.0,0.7755102040816326,6.0,Pastinaca.sativa,0.6333333333333333,opth,3,False,mlp1,bce,msle
372,0.9916142557651992,0.18095238095238098,1.0,0.8131176999101527,1.0,0.8969276511397423,3.0,Pedicularis.foliosa,0.8131176999101526,opth,3,False,mlp1,bce,msle
373,0.9051020165226293,0.2616454438337324,0.7948717948717948,0.8384401114206128,0.991218441273326,0.9084507042253521,39.0,Pedicularis.gyroflexa,0.6333119062924077,opth,3,False,mlp1,bce,msle
374,0.9261209378856438,0.11673529727722573,0.9090909090909091,0.8072398190045249,0.9988801791713325,0.8928928928928929,11.0,Pedicularis.tuberosa,0.7163307280954339,opth,3,False,mlp1,bce,msle
375,0.7952770208900999,0.05419334781570572,0.7333333333333333,0.6821071752951862,0.9947019867549669,0.8092672413793104,15.0,Pedicularis.verticillata,0.41544050862851956,opth,3,False,mlp1,bce,msle
376,0.8787768695125643,0.3608901044954902,0.6666666666666666,0.821071752951862,0.9944994499449945,0.8995024875621891,15.0,Petrorhagia.prolifera,0.4877384196185286,opth,3,False,mlp1,bce,msle
377,0.9182857721109087,0.21414374534141328,0.8333333333333334,0.8597449908925319,0.996832101372756,0.9232273838630807,18.0,Petrorhagia.saxifraga,0.6930783242258651,opth,3,False,mlp1,bce,msle
378,0.8362357316056317,0.31900921960952294,0.6990291262135923,0.8035538005923001,0.9633136094674556,0.876210979547901,103.0,Phleum.alpinum,0.5025829268058923,opth,3,False,mlp1,bce,msle
379,0.9628631326744534,0.3622209165687426,1.0,0.8247978436657682,1.0,0.9039881831610044,3.0,Phleum.hirsutum,0.8247978436657681,opth,3,False,mlp1,bce,msle
380,0.8659684274438373,0.15010719704663336,0.7777777777777778,0.7969034608378871,0.9954493742889647,0.885179564997471,18.0,Phleum.phleoides,0.574681238615665,opth,3,False,mlp1,bce,msle
381,0.8610227272727273,0.10442437775036915,0.875,0.8154545454545454,0.9977753058954394,0.897448724362181,16.0,Phyteuma.betonicifolium,0.6904545454545454,opth,3,False,mlp1,bce,msle
382,0.9123869801084991,0.33165861779940203,1.0,0.7332730560578662,1.0,0.8461137193531559,10.0,Phyteuma.hemisphaericum,0.7332730560578662,opth,3,False,mlp1,bce,msle
383,0.8161768174741708,0.26252604785043643,0.7804878048780488,0.6895551257253385,0.9753761969904241,0.8079320113314448,82.0,Phyteuma.orbiculare,0.4700429306033873,opth,3,False,mlp1,bce,msle
384,,-0.0,0.0,0.6783154121863799,1.0,0.808328884143086,0.0,Phyteuma.ovatum,-0.3216845878136201,opth,3,False,mlp1,bce,msle
385,0.8786040145985402,0.10400723439118903,0.5,0.9197080291970803,0.9901768172888016,0.9536423841059603,20.0,Phyteuma.spicatum,0.4197080291970803,opth,3,False,mlp1,bce,msle
386,0.7996585971446306,0.13889922794128295,0.7380952380952381,0.702048417132216,0.9856209150326798,0.8200108754758021,42.0,Picris.hieracioides,0.440143655227454,opth,3,False,mlp1,bce,msle
387,0.834438955539873,0.16730609132048666,0.8461538461538461,0.7293577981651376,0.9949937421777222,0.841715193223928,26.0,Pimpinella.major,0.5755116443189836,opth,3,False,mlp1,bce,msle
388,0.749728172230075,0.0749916780166689,0.6764705882352942,0.633086876155268,0.9841954022988506,0.7705286839145107,34.0,Pimpinella.saxifraga,0.3095574643905623,opth,3,False,mlp1,bce,msle
389,0.918537790392095,0.6485963873946317,0.9,0.8167770419426048,0.9724047306176085,0.8878224355128974,210.0,Plantago.alpina,0.7167770419426049,opth,3,False,mlp1,bce,msle
390,0.8689757692879441,0.15531537277772112,0.7419354838709677,0.7723502304147466,0.9905437352245863,0.8679440704298291,31.0,Plantago.atrata,0.5142857142857142,opth,3,False,mlp1,bce,msle
391,0.8555152084757347,0.5931711684267529,0.8821428571428571,0.6866028708133971,0.9456342668863262,0.7955647955647955,280.0,Plantago.lanceolata,0.5687457279562542,opth,3,False,mlp1,bce,msle
392,0.6956892017132981,0.06645043268302907,0.8918918918918919,0.4893419833178869,0.9924812030075187,0.6554934823091247,37.0,Plantago.major,0.3812338752097788,opth,3,False,mlp1,bce,msle
393,0.8072293447293447,0.43398732884134494,0.7,0.7147435897435898,0.9253112033195021,0.8065099457504521,180.0,Plantago.media,0.4147435897435896,opth,3,False,mlp1,bce,msle
394,0.8416703720171927,0.30549243916747254,0.7051282051282052,0.802504816955684,0.9731308411214953,0.8796198521647307,78.0,Plantago.maritima,0.5076330220838892,opth,3,False,mlp1,bce,msle
395,0.6911392405063291,0.019610480098998885,0.6,0.5045207956600362,0.9928825622775801,0.6690647482014388,10.0,Platanthera.bifolia,0.10452079566003603,opth,3,False,mlp1,bce,msle
396,0.911914069635746,0.730477854526661,0.8745874587458746,0.7872078720787208,0.943952802359882,0.8584842387659289,303.0,Poa.alpina,0.6617953308245954,opth,3,False,mlp1,bce,msle
397,0.4108588129496403,0.0037402674123564713,0.0,0.7580935251798561,0.9952774498229043,0.8606431852986217,4.0,Poa.annua,-0.24190647482014394,opth,3,False,mlp1,bce,msle
398,0.8257412398921833,0.14427642342506927,0.7142857142857143,0.7783018867924528,0.9809750297265161,0.8679642293529721,56.0,Poa.bulbosa,0.4925876010781671,opth,3,False,mlp1,bce,msle
399,0.7467473914723688,0.015273872182073687,0.42857142857142855,0.7457168620378719,0.9951865222623345,0.8525773195876288,7.0,Poa.cenisia,0.1742882906093004,opth,3,False,mlp1,bce,msle
400,0.8599050040781078,0.08858921380464783,0.8947368421052632,0.7976298997265269,0.9977194982896237,0.8865248226950354,19.0,Poa.chaixii,0.69236674183179,opth,3,False,mlp1,bce,msle
401,0.7609403254972875,0.025903806137045546,0.4,0.8318264014466547,0.9935205183585313,0.905511811023622,10.0,Poa.compressa,0.23182640144665467,opth,3,False,mlp1,bce,msle
402,0.7722423146473778,0.024078379085939877,0.2,0.9168173598553345,0.9921722113502935,0.9530075187969925,10.0,Poa.nemoralis,0.11681735985533459,opth,3,False,mlp1,bce,msle
403,0.8106903090247526,0.5063664210535551,0.757085020242915,0.6985040276179517,0.9100449775112444,0.7903645833333334,247.0,Poa.pratensis,0.4555890478608666,opth,3,False,mlp1,bce,msle
404,0.6696778078891901,0.01619596734425506,0.2222222222222222,0.924119241192412,0.9932038834951457,0.9574169396350023,9.0,Poa.supina,0.14634146341463428,opth,3,False,mlp1,bce,msle
405,0.8304744525547445,0.07505236572114057,0.65,0.7828467153284672,0.991907514450867,0.8750637429882713,20.0,Polygala.alpestris,0.4328467153284672,opth,3,False,mlp1,bce,msle
406,0.6427927927927928,0.011698042658255779,0.0,0.9504504504504504,0.9943449575871819,0.9719023491478581,6.0,Polygala.amarella,-0.0495495495495496,opth,3,False,mlp1,bce,msle
407,0.8390467461044913,0.1658530184958553,0.6,0.8194317140238313,0.9889380530973452,0.8962406015037594,25.0,Polygala.comosa,0.4194317140238313,opth,3,False,mlp1,bce,msle
408,0.686602684144819,0.0662416566817226,0.8333333333333334,0.4943820224719101,0.9850746268656716,0.6583541147132169,48.0,Polygala.vulgaris,0.32771535580524347,opth,3,False,mlp1,bce,msle
409,0.6680407059126625,0.012108084352296987,0.14285714285714285,0.9125338142470695,0.9941060903732809,0.9515749882463563,7.0,Polygonum.aviculare,0.05539095710421238,opth,3,False,mlp1,bce,msle
410,0.879277101058946,0.3826141544562212,0.8387096774193549,0.7998102466793169,0.9882766705744431,0.8841111693759832,62.0,Polygonum.bistorta,0.6385199240986719,opth,3,False,mlp1,bce,msle
411,0.8710433273909959,0.5257157607415069,0.8491620111731844,0.7342582710779082,0.9622377622377623,0.8329297820823245,179.0,Polygonum.viviparum,0.5834202822510925,opth,3,False,mlp1,bce,msle
412,0.5549565738244984,0.003906490862522229,0.0,0.7223719676549866,0.9962825278810409,0.8375,3.0,Polystichum.lonchitis,-0.27762803234501343,opth,3,False,mlp1,bce,msle
413,0.9203619909502263,0.3423005733586599,0.9090909090909091,0.7167420814479638,0.9987389659520807,0.8345626975763962,11.0,Potentilla.argentea,0.6258329905388729,opth,3,False,mlp1,bce,msle
414,0.8688195355736863,0.2538135089223694,0.7294117647058823,0.8506304558680893,0.9744444444444444,0.9083376488865873,85.0,Potentilla.aurea,0.5800422205739717,opth,3,False,mlp1,bce,msle
415,0.8647346115035318,0.373314376054919,0.864,0.7204843592330978,0.9767441860465116,0.8292682926829268,125.0,Potentilla.crantzii,0.5844843592330977,opth,3,False,mlp1,bce,msle
416,0.8386356641204287,0.22102921079329202,0.8787878787878788,0.6832871652816251,0.9946236559139785,0.8100711548987412,33.0,Potentilla.erecta,0.5620750440695039,opth,3,False,mlp1,bce,msle
417,0.8410714285714286,0.3038293510729668,0.8375,0.7297297297297297,0.9830949284785435,0.8376731301939058,80.0,Potentilla.grandiflora,0.5672297297297297,opth,3,False,mlp1,bce,msle
418,0.8023228346456693,0.28594408052687426,0.67,0.7568897637795275,0.9588528678304239,0.845984598459846,100.0,Potentilla.neumanniana,0.4268897637795277,opth,3,False,mlp1,bce,msle
419,0.9314079422382671,0.15336387782255503,0.625,0.9106498194945848,0.9970355731225297,0.9518867924528301,8.0,Potentilla.pusilla,0.5356498194945849,opth,3,False,mlp1,bce,msle
420,0.7807807807807807,0.022791517931450966,0.5,0.663963963963964,0.995945945945946,0.7967567567567567,6.0,Potentilla.recta,0.16396396396396407,opth,3,False,mlp1,bce,msle
421,0.8606637466307278,0.21489762501282633,0.8392857142857143,0.720754716981132,0.9883570504527813,0.8336061102018549,56.0,Potentilla.reptans,0.5600404312668463,opth,3,False,mlp1,bce,msle
422,0.7317731773177318,0.016844445123877227,0.6,0.7083708370837084,0.9974651457541192,0.828421052631579,5.0,Potentilla.rupestris,0.3083708370837084,opth,3,False,mlp1,bce,msle
423,0.8955300785778694,0.0385602452924587,0.7142857142857143,0.8178539224526601,0.9977997799779978,0.8989098116947473,7.0,Potentilla.thuringiaca,0.5321396367383744,opth,3,False,mlp1,bce,msle
424,0.8292792792792792,0.06566942738542719,0.8333333333333334,0.7882882882882883,0.9988584474885844,0.8811681772406847,6.0,Primula.elatior,0.6216216216216217,opth,3,False,mlp1,bce,msle
425,0.8876876876876877,0.06719905431726762,0.3333333333333333,0.9432432432432433,0.9961941008563273,0.968995835261453,6.0,Primula.farinosa,0.27657657657657664,opth,3,False,mlp1,bce,msle
426,0.7665422570850202,0.30701108826799617,0.7109375,0.659919028340081,0.9462989840348331,0.7775790101371497,128.0,Primula.veris,0.37085652834008087,opth,3,False,mlp1,bce,msle
427,0.7907356948228883,0.052807045235425364,0.6666666666666666,0.7674841053587648,0.9941176470588236,0.8662224500256279,15.0,Prunella.grandiflora,0.4341507720254314,opth,3,False,mlp1,bce,msle
428,0.8513741249675914,0.05015191458342414,0.8571428571428571,0.7513611615245009,0.9975903614457832,0.8571428571428571,14.0,Prunella.laciniata,0.608504018667358,opth,3,False,mlp1,bce,msle
429,0.7661821263281403,0.12657252288680956,0.9137931034482759,0.497164461247637,0.9905838041431262,0.6620516047828823,58.0,Prunella.vulgaris,0.41095756469591294,opth,3,False,mlp1,bce,msle
430,0.7258857773762923,0.018104481358873655,0.1111111111111111,0.964769647696477,0.9925650557620818,0.9784699954191479,9.0,Prunus.spinosa,0.07588075880758804,opth,3,False,mlp1,bce,msle
431,0.7966269025092555,0.031045325845167674,0.45454545454545453,0.8361990950226245,0.9935483870967742,0.9081081081081082,11.0,Veronica.spicata,0.29074454956807894,opth,3,False,mlp1,bce,msle
432,0.8618245420233821,0.2805022488148898,0.8627450980392157,0.7370892018779343,0.9911616161616161,0.8454496499730748,51.0,Pulsatilla.alpina,0.59983429991715,opth,3,False,mlp1,bce,msle
433,0.946846846846847,0.36638747612843675,0.8333333333333334,0.8369369369369369,0.9989247311827957,0.9107843137254902,6.0,Pulsatilla.halleri,0.6702702702702703,opth,3,False,mlp1,bce,msle
434,0.8866807186590384,0.05015288943000733,0.7777777777777778,0.8545618789521229,0.9978902953586498,0.9206812652068127,9.0,Pulsatilla.vernalis,0.6323396567299007,opth,3,False,mlp1,bce,msle
435,0.8165467625899281,0.13056024234987343,0.75,0.822841726618705,0.9989082969432315,0.9023668639053254,4.0,Ranunculus.aconitifolius,0.5728417266187051,opth,3,False,mlp1,bce,msle
436,0.8548963505907435,0.5057562841003217,0.7969543147208121,0.766050054406964,0.946236559139785,0.846662657847264,197.0,Ranunculus.acris,0.5630043691277762,opth,3,False,mlp1,bce,msle
437,0.8406404565630945,0.42262453512393405,0.8855421686746988,0.6789473684210526,0.9713855421686747,0.7992565055762082,166.0,Ranunculus.bulbosus,0.5644895370957514,opth,3,False,mlp1,bce,msle
438,0.7325776117480356,0.012658954046214456,1.0,0.5987376014427412,1.0,0.7490129723632262,7.0,Ranunculus.glacialis,0.5987376014427412,opth,3,False,mlp1,bce,msle
439,0.9209720972097211,0.2483799533799534,0.8,0.828982898289829,0.9989154013015185,0.9060501721593703,5.0,Ranunculus.gramineus,0.6289828982898289,opth,3,False,mlp1,bce,msle
440,0.8700703995828173,0.2170542274368779,0.7758620689655172,0.779773156899811,0.9844868735083532,0.870253164556962,58.0,Ranunculus.kuepferi,0.5556352258653283,opth,3,False,mlp1,bce,msle
441,0.8254569879575877,0.08319854175843816,0.8421052631578947,0.7183226982680037,0.9962073324905183,0.8347457627118644,19.0,Ranunculus.montanus,0.5604279614258982,opth,3,False,mlp1,bce,msle
442,0.7290593318929699,0.06385825334403801,0.5454545454545454,0.829981718464351,0.9891067538126361,0.9025844930417495,22.0,Ranunculus.serpens,0.3754362639188964,opth,3,False,mlp1,bce,msle
443,0.9183295890048896,0.5112285075478435,0.7714285714285715,0.8982423681776133,0.9918283963227783,0.9427184466019417,35.0,Ranunculus.repens,0.6696709396061848,opth,3,False,mlp1,bce,msle
444,0.6923492349234923,0.008835847743024516,0.2,0.783978397839784,0.9954285714285714,0.877139979859013,5.0,Reseda.lutea,-0.016021602160215975,opth,3,False,mlp1,bce,msle
445,0.8166211790393013,0.486029449192633,0.77,0.6943231441048034,0.9325513196480938,0.7959949937421777,200.0,Rhinanthus.alectorolophus,0.46432314410480346,opth,3,False,mlp1,bce,msle
446,0.867026055705301,0.012800083956754303,1.0,0.7439353099730458,1.0,0.8531684698608965,3.0,Rhinanthus.glacialis,0.7439353099730459,opth,3,False,mlp1,bce,msle
447,0.7217884606312215,0.13394029753488623,0.6829268292682927,0.5986460348162476,0.9596899224806201,0.737343656938654,82.0,Rhinanthus.minor,0.2815728640845403,opth,3,False,mlp1,bce,msle
448,0.8205590622182146,0.027826485479828814,0.14285714285714285,0.9368800721370604,0.9942583732057416,0.9647168059424327,7.0,Rhododendron.ferrugineum,0.07973721499420328,opth,3,False,mlp1,bce,msle
449,0.8039367181751289,0.4747793077991214,0.7904761904761904,0.7163355408388521,0.9365079365079365,0.8117573483427142,210.0,Rumex.acetosa,0.5068117313150426,opth,3,False,mlp1,bce,msle
450,0.761602281565984,0.04230001159525358,0.8571428571428571,0.6751361161524501,0.9973190348525469,0.8051948051948052,14.0,Rumex.acetosella,0.5322789732953073,opth,3,False,mlp1,bce,msle
451,0.8296678046218489,0.15073690193387546,0.6428571428571429,0.7472426470588235,0.9878493317132442,0.8508634222919937,28.0,Rumex.crispus,0.3900997899159664,opth,3,False,mlp1,bce,msle
452,0.8727869352869353,0.1224710652956409,0.8333333333333334,0.7435897435897436,0.9950980392156863,0.8511530398322851,24.0,Rumex.obtusifolius,0.5769230769230771,opth,3,False,mlp1,bce,msle
453,0.6874887488748875,0.009875815744959182,0.0,0.8883888388838884,0.9949596774193549,0.9386590584878745,5.0,Rumex.scutatus,-0.11161116111611158,opth,3,False,mlp1,bce,msle
454,0.9359399022536654,0.3876676337909001,0.9090909090909091,0.8517805582290664,0.992152466367713,0.9166235111341274,77.0,Salix.herbacea,0.7608714673199755,opth,3,False,mlp1,bce,msle
455,0.8926498112489293,0.27151997610287404,0.6551724137931034,0.8666053357865685,0.9894957983193278,0.9239823442864149,29.0,Salix.reticulata,0.5217777495796718,opth,3,False,mlp1,bce,msle
456,0.8908457249070632,0.22188431314452195,0.825,0.8094795539033457,0.9920273348519362,0.8915046059365405,40.0,Salix.retusa,0.6344795539033456,opth,3,False,mlp1,bce,msle
457,0.9372007366482505,0.3351096011165312,0.8,0.8968692449355433,0.9938775510204082,0.9428848015488868,30.0,Salix.serpyllifolia,0.6968692449355434,opth,3,False,mlp1,bce,msle
458,0.8688482891872723,0.5420587399833613,0.8701298701298701,0.7435028248587571,0.9563953488372093,0.8366179275270185,231.0,Salvia.pratensis,0.613632694988627,opth,3,False,mlp1,bce,msle
459,0.8314454732510288,0.4897883692988576,0.8425925925925926,0.6644444444444444,0.9462025316455697,0.7806788511749347,216.0,Sanguisorba.minor,0.507037037037037,opth,3,False,mlp1,bce,msle
460,0.8994130742764622,0.2095247640439128,0.9444444444444444,0.6338797814207651,0.9985652797704447,0.7754874651810585,18.0,Sanguisorba.officinalis,0.5783242258652095,opth,3,False,mlp1,bce,msle
461,0.8217194570135746,0.03311020492552938,0.5454545454545454,0.8099547511312217,0.9944444444444445,0.8927680798004988,11.0,Saponaria.ocymoides,0.35540929658576714,opth,3,False,mlp1,bce,msle
462,0.834267631103074,0.05253934677805094,0.6,0.8426763110307414,0.9957264957264957,0.9128305582761999,10.0,Saxifraga.aizoides,0.44267631103074123,opth,3,False,mlp1,bce,msle
463,0.75913860701107,0.17316995589884518,0.5,0.7924354243542435,0.9817142857142858,0.8769780500255232,32.0,Saxifraga.granulata,0.2924354243542435,opth,3,False,mlp1,bce,msle
464,0.8892576138735749,0.12329597664325852,0.9411764705882353,0.7124658780709736,0.9987244897959183,0.831651619755709,17.0,Saxifraga.oppositifolia,0.6536423486592089,opth,3,False,mlp1,bce,msle
465,0.8185703911194108,0.1308286077784242,0.6444444444444445,0.8207282913165266,0.982122905027933,0.8942014242115972,45.0,Saxifraga.paniculata,0.4651727357609712,opth,3,False,mlp1,bce,msle
466,0.7675950883498053,0.050961182731438,0.3333333333333333,0.963162623539982,0.9981378026070763,0.9803383630544125,3.0,Saxifraga.tridactylites,0.2964959568733154,opth,3,False,mlp1,bce,msle
467,0.720940301140099,0.14137057223196556,0.5254237288135594,0.7379375591296121,0.9653465346534653,0.8364611260053619,59.0,Scabiosa.columbaria,0.2633612879431715,opth,3,False,mlp1,bce,msle
468,0.8549452257011887,0.27312140306754495,0.8524590163934426,0.747867298578199,0.9887218045112782,0.8515920129519697,61.0,Scabiosa.lucida,0.6003263149716416,opth,3,False,mlp1,bce,msle
469,0.625,0.005715681075754277,0.5,0.5593525179856115,0.9967948717948718,0.716589861751152,4.0,Scabiosa.triandra,0.059352517985611364,opth,3,False,mlp1,bce,msle
470,0.9922592259225923,0.3403030303030303,1.0,0.918991899189919,1.0,0.9577861163227017,5.0,Scorzonera.humilis,0.9189918991899191,opth,3,False,mlp1,bce,msle
471,0.8981272563176896,0.05087547132892836,0.75,0.8285198555956679,0.9978260869565218,0.9053254437869822,8.0,Scorzonera.laciniata,0.5785198555956679,opth,3,False,mlp1,bce,msle
472,0.883068232495912,0.14594105095393867,0.8709677419354839,0.7096774193548387,0.9948320413436692,0.8284023668639053,31.0,Scutellaria.alpina,0.5806451612903225,opth,3,False,mlp1,bce,msle
473,0.8212088663216482,0.10807520790977702,0.5526315789473685,0.8163265306122449,0.9810479375696767,0.8911392405063291,38.0,Securigera.varia,0.3689581095596135,opth,3,False,mlp1,bce,msle
474,0.6917628010524186,0.036534572612904846,0.3888888888888889,0.7814207650273224,0.9873417721518988,0.8723945094051856,18.0,Sedum.acre,0.17030965391621122,opth,3,False,mlp1,bce,msle
475,0.7236352444108677,0.09235330892679292,0.45454545454545453,0.8522622345337026,0.9808714133900106,0.9120553359683794,33.0,Sedum.album,0.3068076890791571,opth,3,False,mlp1,bce,msle
476,0.8431461352657004,0.045003689194515986,0.8333333333333334,0.782608695652174,0.9976905311778291,0.8771573604060914,12.0,Sedum.atratum,0.6159420289855073,opth,3,False,mlp1,bce,msle
477,0.8330003027550712,0.06050705416756535,0.7333333333333333,0.7874659400544959,0.9954075774971297,0.8793103448275862,15.0,Sedum.montanum,0.520799273387829,opth,3,False,mlp1,bce,msle
478,0.8105964274901605,0.09389728860820137,0.2,0.8973660308810173,0.988,0.9405045216563541,15.0,Sedum.rupestre,0.09736603088101736,opth,3,False,mlp1,bce,msle
479,0.8416817359855334,0.06347105570432512,0.8,0.7224231464737794,0.9975031210986267,0.8379653906659675,10.0,Sedum.sexangulare,0.5224231464737794,opth,3,False,mlp1,bce,msle
480,0.8729288975864318,0.1809459011361519,0.6190476190476191,0.8529680365296803,0.9915074309978769,0.917034855179185,21.0,Selaginella.selaginoides,0.4720156555772994,opth,3,False,mlp1,bce,msle
481,0.8437269287559985,0.2642240599525292,0.7619047619047619,0.8081395348837209,0.9765807962529274,0.8844114528101803,84.0,Sempervivum.arachnoideum,0.5700442967884829,opth,3,False,mlp1,bce,msle
482,0.8851856746398836,0.22970994479075235,0.7142857142857143,0.8769657724329325,0.9895615866388309,0.9298675821481118,35.0,Sempervivum.montanum,0.5912514867186469,opth,3,False,mlp1,bce,msle
483,0.8790545562657945,0.1933383737994477,0.8387096774193549,0.7870967741935484,0.9941792782305006,0.8786008230452675,31.0,Sempervivum.tectorum,0.6258064516129034,opth,3,False,mlp1,bce,msle
484,0.8786746443892527,0.32791111879788737,0.8604651162790697,0.7844660194174757,0.9853658536585366,0.8735135135135135,86.0,Senecio.doronicum,0.6449311356965455,opth,3,False,mlp1,bce,msle
485,0.8329559178743962,0.07571767537394625,0.75,0.7744565217391305,0.9965034965034965,0.8715596330275229,12.0,Senecio.erucifolius,0.5244565217391304,opth,3,False,mlp1,bce,msle
486,0.9149509881673699,0.16518129613741123,0.9310344827586207,0.8058877644894205,0.9977220956719818,0.8916030534351145,29.0,Senecio.incanus,0.736922247248041,opth,3,False,mlp1,bce,msle
487,0.9253817637656021,0.2539260494722417,0.8888888888888888,0.7796143250688705,0.9964788732394366,0.874806800618238,27.0,Senecio.jacobaea,0.6685032139577594,opth,3,False,mlp1,bce,msle
488,0.8507907700285195,0.062103089677372894,0.9285714285714286,0.5807622504537205,0.9984399375975039,0.7343660355708549,14.0,Serratula.tinctoria,0.5093336790251493,opth,3,False,mlp1,bce,msle
489,0.825196444673451,0.03642717546716455,0.8571428571428571,0.721370604147881,0.9987515605493134,0.837696335078534,7.0,Seseli.annuum,0.5785134612907381,opth,3,False,mlp1,bce,msle
490,0.8620234679237548,0.48255221198838033,0.7865853658536586,0.7962184873949579,0.9558638083228247,0.8687679083094556,164.0,Sesleria.caerulea,0.5828038532486164,opth,3,False,mlp1,bce,msle
491,0.8924682395644283,0.10373128700618207,0.9285714285714286,0.721415607985481,0.9987437185929648,0.8377239199157007,14.0,Sherardia.arvensis,0.6499870365569096,opth,3,False,mlp1,bce,msle
492,0.9415613718411552,0.10596203762871417,0.875,0.8835740072202166,0.9989795918367347,0.9377394636015326,8.0,Sideritis.hyssopifolia,0.7585740072202167,opth,3,False,mlp1,bce,msle
493,0.868454481298518,0.17164214346404055,0.7692307692307693,0.7706422018348624,0.9929078014184397,0.8677685950413223,26.0,Silaum.silaus,0.5398729710656318,opth,3,False,mlp1,bce,msle
494,0.9026846530438485,0.3971928684196206,0.9027777777777778,0.774904214559387,0.991421568627451,0.8698924731182796,72.0,Silene.acaulis,0.6776819923371646,opth,3,False,mlp1,bce,msle
495,0.9126285479226657,0.08473811398757146,0.7272727272727273,0.8687782805429864,0.9968847352024922,0.9284332688588007,11.0,Silene.dioica,0.5960510078157137,opth,3,False,mlp1,bce,msle
496,0.9587037312323473,0.36556311819145076,0.9032258064516129,0.8433179723502304,0.9967320261437909,0.9136295556665003,31.0,Silene.flos.cuculi,0.7465437788018434,opth,3,False,mlp1,bce,msle
497,0.6067895683453237,0.006166333914550097,0.25,0.7553956834532374,0.99644128113879,0.8593350383631714,4.0,Silene.flos.jovis,0.0053956834532373765,opth,3,False,mlp1,bce,msle
498,0.8167928247355346,0.26869224510260625,0.7469879518072289,0.7260406582768635,0.9727626459143969,0.8314855875831486,83.0,Silene.nutans,0.47302861008409236,opth,3,False,mlp1,bce,msle
499,0.9164450722951636,0.2880246598125738,0.7727272727272727,0.8985374771480804,0.9949392712550608,0.9442843419788665,22.0,Silene.otites,0.6712647498753532,opth,3,False,mlp1,bce,msle
500,0.750998325389669,0.021897516050782117,0.42857142857142855,0.8503155996393147,0.9957761351636748,0.9173151750972762,7.0,Silene.rupestris,0.2788870282107432,opth,3,False,mlp1,bce,msle
501,0.8055202298525741,0.2919208869266777,0.7142857142857143,0.7240356083086054,0.9606299212598425,0.8257191201353637,105.0,Silene.vulgaris,0.43832132259431966,opth,3,False,mlp1,bce,msle
502,0.5848294434470377,0.0032389704532460517,0.0,0.8949730700179533,0.997997997997998,0.9436819687647894,2.0,Sinapis.arvensis,-0.10502692998204666,opth,3,False,mlp1,bce,msle
503,0.879313425619357,0.3592314635033745,0.8172043010752689,0.8015640273704789,0.9796893667861409,0.8817204301075269,93.0,Soldanella.alpina,0.6187683284457477,opth,3,False,mlp1,bce,msle
504,0.8663677130044843,0.006666666666666667,0.0,0.9847533632286996,0.9990900818926297,0.991869918699187,1.0,Solidago.gigantea,-0.015246636771300448,opth,3,False,mlp1,bce,msle
505,0.8975618698441796,0.17884056514503915,0.92,0.7873510540788268,0.9976771196283392,0.8801229508196722,25.0,Solidago.virgaurea,0.7073510540788268,opth,3,False,mlp1,bce,msle
506,0.7356732306227256,0.05401477826831772,0.6296296296296297,0.6657483930211203,0.9863945578231292,0.7949561403508771,27.0,Stachys.officinalis,0.2953780226507501,opth,3,False,mlp1,bce,msle
507,0.8957917045110505,0.17554515465934695,0.9333333333333333,0.7883742052679382,0.998849252013809,0.8812182741116751,15.0,Stachys.pradica,0.7217075386012715,opth,3,False,mlp1,bce,msle
508,0.8251821815886617,0.24145629908012714,0.7959183673469388,0.7207122774133083,0.9871630295250321,0.8331527627302275,49.0,Stachys.recta,0.5166306447602471,opth,3,False,mlp1,bce,msle
509,0.822007176253126,0.1385054106251411,0.7352941176470589,0.7144177449168208,0.9884910485933504,0.8293991416309013,34.0,Stellaria.graminea,0.4497118625638796,opth,3,False,mlp1,bce,msle
510,0.8957141423266084,0.10876650717482637,0.6666666666666666,0.950316169828365,0.9971563981042654,0.973172987974098,9.0,Stipa.capillata,0.6169828364950316,opth,3,False,mlp1,bce,msle
511,0.9039791258969341,0.21358908367641743,0.8571428571428571,0.8922374429223744,0.996938775510204,0.9416867469879519,21.0,Stipa.eriocaulis,0.7493803000652315,opth,3,False,mlp1,bce,msle
512,0.8234647112740604,0.13518453126989513,0.64,0.7195233730522457,0.9886649874055415,0.8328912466843501,25.0,Succisa.pratensis,0.3595233730522458,opth,3,False,mlp1,bce,msle
513,,-0.0,0.0,0.899641577060932,1.0,0.9471698113207547,0.0,Symphytum.officinale,-0.10035842293906805,opth,3,False,mlp1,bce,msle
514,0.8704594017094017,0.09915835661439523,0.5833333333333334,0.858058608058608,0.989440337909187,0.9190779794016675,24.0,Taraxacum.alpinum,0.4413919413919414,opth,3,False,mlp1,bce,msle
515,0.8200507489160425,0.4242598160987956,0.872093023255814,0.6324152542372882,0.9644588045234249,0.763915547024952,172.0,Taraxacum.officinale,0.5045082774931022,opth,3,False,mlp1,bce,msle
516,0.5795148247978436,0.004754597310750625,0.0,0.8876909254267745,0.9969727547931383,0.9391634980988594,3.0,Tephroseris.integrifolia,-0.11230907457322548,opth,3,False,mlp1,bce,msle
517,0.9928251121076234,0.1111111111111111,1.0,0.8547085201793722,1.0,0.9216634429400387,1.0,Teucrium.botrys,0.854708520179372,opth,3,False,mlp1,bce,msle
518,0.8930074976945592,0.4826001829326764,0.7244897959183674,0.8673870333988212,0.9703296703296703,0.9159751037344398,98.0,Teucrium.chamaedrys,0.5918768293171885,opth,3,False,mlp1,bce,msle
519,0.8441654552662878,0.14950253958270093,0.4857142857142857,0.9010175763182239,0.9818548387096774,0.9397009165460685,35.0,Teucrium.montanum,0.38673186203250953,opth,3,False,mlp1,bce,msle
520,0.8675675675675675,0.1364623251838121,0.5,0.954954954954955,0.9971777986829727,0.975609756097561,6.0,Thalictrum.alpinum,0.45495495495495497,opth,3,False,mlp1,bce,msle
521,0.8745503597122303,0.04530918362517697,0.5,0.9370503597122302,0.9980842911877394,0.9666048237476809,4.0,Thalictrum.aquilegiifolium,0.43705035971223016,opth,3,False,mlp1,bce,msle
522,0.8348336594911938,0.13098021241943394,0.7619047619047619,0.7643835616438356,0.994061757719715,0.8642230252968508,21.0,Thalictrum.minus,0.5262883235485973,opth,3,False,mlp1,bce,msle
523,0.7872187218721872,0.045641999395263214,0.8,0.44734473447344736,0.9979919678714859,0.617775015537601,5.0,Thalictrum.simplex,0.2473447344734474,opth,3,False,mlp1,bce,msle
524,0.8630593132154006,0.12812400173777858,0.8709677419354839,0.7705069124423963,0.9952380952380953,0.8685714285714285,31.0,Thesium.alpinum,0.6414746543778802,opth,3,False,mlp1,bce,msle
525,0.7678119349005426,0.027210960418936316,0.6,0.7775768535262206,0.9953703703703703,0.8730964467005076,10.0,Thesium.linophyllon,0.3775768535262207,opth,3,False,mlp1,bce,msle
526,0.7761174803555326,0.05599870136824542,0.5714285714285714,0.7619477006311993,0.9964622641509434,0.8635666836995401,7.0,Thesium.pyrenaicum,0.3333762720597706,opth,3,False,mlp1,bce,msle
527,0.48988309352517984,0.005896389618781033,0.25,0.8642086330935251,0.9968879668049793,0.9258188824662813,4.0,Tofieldia.calyculata,0.11420863309352525,opth,3,False,mlp1,bce,msle
528,0.8834538878842676,0.25176360691950433,0.7,0.8056057866184448,0.9966442953020134,0.891,10.0,Tragopogon.dubius,0.5056057866184447,opth,3,False,mlp1,bce,msle
529,0.8500760693353285,0.5409830070601395,0.8,0.7519640852974186,0.9370629370629371,0.8343711083437111,225.0,Tragopogon.pratensis,0.5519640852974188,opth,3,False,mlp1,bce,msle
530,0.9447109152190821,0.2610688643146007,0.9285714285714286,0.8212341197822142,0.9988962472406181,0.901394422310757,14.0,Traunsteinera.globosa,0.7498055483536428,opth,3,False,mlp1,bce,msle
531,0.8110706334750051,0.08170219011973913,0.7222222222222222,0.7595628415300546,0.9940405244338498,0.8611254517294786,18.0,Trifolium.alpestre,0.4817850637522767,opth,3,False,mlp1,bce,msle
532,0.8613636021043427,0.23124683077245253,0.8095238095238095,0.761633428300095,0.9852579852579852,0.8591322978039636,63.0,Trifolium.alpinum,0.5711572378239045,opth,3,False,mlp1,bce,msle
533,0.8369810469314081,0.07935718734808361,0.75,0.7319494584837545,0.997539975399754,0.8443519000520562,8.0,Trifolium.arvense,0.4819494584837545,opth,3,False,mlp1,bce,msle
534,0.8786678667866786,0.033412137490305326,1.0,0.6048604860486049,1.0,0.7537857543466069,5.0,Trifolium.aureum,0.6048604860486049,opth,3,False,mlp1,bce,msle
535,0.8196496212121213,0.19491329467956814,0.8,0.7035984848484849,0.9841059602649007,0.8205411374930978,60.0,Trifolium.badium,0.5035984848484849,opth,3,False,mlp1,bce,msle
536,0.848216093117409,0.2561900073583157,0.75,0.7615384615384615,0.9765721331689272,0.8557536466774717,76.0,Trifolium.campestre,0.5115384615384615,opth,3,False,mlp1,bce,msle
537,0.8866789441375076,0.19433375070024783,0.8333333333333334,0.7762430939226519,0.9941037735849056,0.8717683557394003,30.0,Trifolium.dubium,0.6095764272559854,opth,3,False,mlp1,bce,msle
538,0.6541341011929248,0.014239284923726765,0.09090909090909091,0.8389140271493213,0.9893276414087513,0.9079333986287953,11.0,Trifolium.medium,-0.07017688194158778,opth,3,False,mlp1,bce,msle
539,0.8081049355754533,0.43709834640607953,0.756578947368421,0.7012448132780082,0.9481065918653576,0.8062015503875969,152.0,Trifolium.montanum,0.45782376064642927,opth,3,False,mlp1,bce,msle
540,0.7679619510220603,0.03678231605539409,0.6111111111111112,0.7404371584699454,0.9914634146341463,0.8477580813347236,18.0,Trifolium.ochroleucon,0.35154826958105656,opth,3,False,mlp1,bce,msle
541,0.7513405982307684,0.6760357392770842,0.7626774847870182,0.608346709470305,0.7641129032258065,0.677390527256479,493.0,Trifolium.pratense,0.37102419425732336,opth,3,False,mlp1,bce,msle
542,0.7522069337090992,0.3636726895753111,0.7757009345794392,0.5975609756097561,0.9182282793867121,0.7239758226997985,214.0,Trifolium.repens,0.3732619101891954,opth,3,False,mlp1,bce,msle
543,0.6699729486023445,0.012191277945903495,0.5714285714285714,0.6311992786293958,0.9957325746799431,0.7726269315673289,7.0,Trifolium.rubens,0.20262785005796724,opth,3,False,mlp1,bce,msle
544,0.7957809694793536,0.006364642631246047,0.5,0.8321364452423698,0.9989224137931034,0.9079333986287953,2.0,Trifolium.scabrum,0.33213644524236985,opth,3,False,mlp1,bce,msle
545,0.7646133093525179,0.03252179767640572,0.5,0.6294964028776978,0.9971509971509972,0.7717750826901875,4.0,Trifolium.striatum,0.12949640287769792,opth,3,False,mlp1,bce,msle
546,0.8865043912338609,0.3654221428287122,0.7469879518072289,0.8422071636011617,0.9764309764309764,0.9043659043659044,83.0,Trifolium.thalii,0.5891951154083905,opth,3,False,mlp1,bce,msle
547,0.8200429711479436,0.21119847741112416,0.5666666666666667,0.8913443830570903,0.9867482161060143,0.9366231253023706,30.0,Trinia.glauca,0.45801104972375706,opth,3,False,mlp1,bce,msle
548,0.8766606280193237,0.05145814044539375,1.0,0.6358695652173914,1.0,0.7774086378737541,12.0,Trisetum.distichophyllum,0.6358695652173914,opth,3,False,mlp1,bce,msle
549,0.7935913517551018,0.5615180291404988,0.7128712871287128,0.7109471094710947,0.869172932330827,0.7821380243572396,303.0,Trisetum.flavescens,0.42381839659980747,opth,3,False,mlp1,bce,msle
550,0.8809749920861032,0.2937824197042419,0.9365079365079365,0.7492877492877493,0.9949558638083228,0.8548212351029253,63.0,Trollius.europaeus,0.6857956857956857,opth,3,False,mlp1,bce,msle
551,0.902970297029703,0.1316843378185113,1.0,0.6633663366336634,1.0,0.7976190476190477,5.0,Turritis.glabra,0.6633663366336635,opth,3,False,mlp1,bce,msle
552,0.6785714285714286,0.02232382733205411,0.6,0.6925858951175407,0.9948051948051948,0.8166311300639659,10.0,Tussilago.farfara,0.29258589511754063,opth,3,False,mlp1,bce,msle
553,0.6362655838594042,0.050366325829535805,0.3448275862068966,0.84360625574977,0.9797008547008547,0.9065743944636678,29.0,Urtica.dioica,0.18843384195666646,opth,3,False,mlp1,bce,msle
554,0.7448948948948949,0.34448703666217934,0.5,0.8225225225225226,0.9967248908296943,0.9012833168805529,6.0,Valeriana.dioica,0.32252252252252256,opth,3,False,mlp1,bce,msle
555,0.8223433242506811,0.06310468501034956,0.6666666666666666,0.7801998183469573,0.9942129629629629,0.8743002544529263,15.0,Valeriana.montana,0.4468664850136239,opth,3,False,mlp1,bce,msle
556,0.8029556650246306,0.041206632952168004,0.5,0.8366606170598911,0.9924650161463939,0.9079271294928607,14.0,Valeriana.officinalis,0.33666061705989114,opth,3,False,mlp1,bce,msle
557,0.8098553345388788,0.03848533731700983,0.7,0.7613019891500904,0.9964497041420118,0.8631471040492056,10.0,Valerianella.dentata,0.46130198915009046,opth,3,False,mlp1,bce,msle
558,0.8145927944293068,0.07291084232357443,0.6,0.8065395095367848,0.9932885906040269,0.8902255639097745,15.0,Valerianella.locusta,0.40653950953678475,opth,3,False,mlp1,bce,msle
559,0.8462911090362071,0.32101108922596144,0.5111111111111111,0.9337068160597572,0.9784735812133072,0.9555661729574773,45.0,Veratrum.album,0.4448179271708683,opth,3,False,mlp1,bce,msle
560,0.810492700729927,0.09927251181354238,0.65,0.864963503649635,0.9926701570680628,0.92442710872745,20.0,Verbascum.lychnitis,0.5149635036496352,opth,3,False,mlp1,bce,msle
561,0.6363636363636364,0.007216852649329866,0.8,0.5076507650765076,0.9982300884955753,0.6730310262529833,5.0,Verbascum.nigrum,0.3076507650765077,opth,3,False,mlp1,bce,msle
562,0.7652565256525652,0.020534495711800677,0.8,0.6660666066606661,0.9986504723346828,0.7991360691144709,5.0,Verbascum.thapsus,0.46606660666066624,opth,3,False,mlp1,bce,msle
563,0.8149151861888989,0.023436497419018907,0.5555555555555556,0.7624209575429087,0.9952830188679245,0.8634271099744245,9.0,Verbena.officinalis,0.3179765130984644,opth,3,False,mlp1,bce,msle
564,0.9071544221817447,0.1782103286306826,0.7222222222222222,0.895264116575592,0.9949392712550608,0.9424736337488016,18.0,Veronica.aphylla,0.6174863387978142,opth,3,False,mlp1,bce,msle
565,0.8291500778951013,0.3470682174746662,0.8623853211009175,0.6355511420059583,0.9770992366412213,0.7701564380264742,109.0,Veronica.arvensis,0.49793646310687567,opth,3,False,mlp1,bce,msle
566,0.8728558394160584,0.07416025600994768,0.35,0.9041970802919708,0.9870517928286853,0.9438095238095238,20.0,Veronica.bellidioides,0.25419708029197086,opth,3,False,mlp1,bce,msle
567,0.8314422533645787,0.2750997276962227,0.8598130841121495,0.6610505450941526,0.9780058651026393,0.7888823181549379,107.0,Veronica.chamaedrys,0.520863629206302,opth,3,False,mlp1,bce,msle
568,0.8403157255616271,0.08179785951682533,0.7222222222222222,0.7586520947176685,0.9940334128878282,0.8605371900826446,18.0,Veronica.fruticans,0.4808743169398908,opth,3,False,mlp1,bce,msle
569,0.8014838129496403,0.011769986769986772,0.75,0.8003597122302158,0.9988776655443322,0.8886669995007489,4.0,Veronica.fruticulosa,0.550359712230216,opth,3,False,mlp1,bce,msle
570,0.8374514225399415,0.09013354300241815,0.7894736842105263,0.8158614402917046,0.9955506117908788,0.8967935871743486,19.0,Veronica.officinalis,0.6053351245022309,opth,3,False,mlp1,bce,msle
571,0.7874003104426484,0.041360452065103546,0.6470588235294118,0.7397634212920837,0.9926739926739927,0.8477580813347236,17.0,Veronica.persica,0.3868222448214955,opth,3,False,mlp1,bce,msle
572,0.6805827353772559,0.03750631345521696,0.2857142857142857,0.8054794520547945,0.9832775919732442,0.8855421686746988,21.0,Veronica.serpyllifolia,0.09119373776908013,opth,3,False,mlp1,bce,msle
573,0.8564521959154167,0.3869581389991642,0.8363636363636363,0.7475149105367793,0.9766233766233766,0.8468468468468469,110.0,Vicia.cracca,0.5838785469004155,opth,3,False,mlp1,bce,msle
574,0.92366856085635,0.30024971210285856,0.8285714285714286,0.8714153561517114,0.9936708860759493,0.9285362247412519,35.0,Vicia.hirsuta,0.69998678472314,opth,3,False,mlp1,bce,msle
575,0.7792947558770342,0.047626443718098224,0.5,0.8001808318264014,0.9943820224719101,0.8867735470941884,10.0,Vicia.onobrychioides,0.30018083182640143,opth,3,False,mlp1,bce,msle
576,0.8560135516657257,0.4196898157171716,0.6347826086956522,0.8621378621378621,0.9535911602209944,0.9055613850996852,115.0,Vicia.sativa,0.4969204708335142,opth,3,False,mlp1,bce,msle
577,0.8525720164609053,0.1732544476542619,0.5833333333333334,0.9018518518518519,0.9848331648129424,0.9415176413726438,36.0,Vicia.sepium,0.4851851851851854,opth,3,False,mlp1,bce,msle
578,0.6445043426175502,0.021394214251357107,0.6666666666666666,0.48517520215633425,0.9981515711645101,0.652962515114873,3.0,Vicia.tetrasperma,0.15184186882300077,opth,3,False,mlp1,bce,msle
579,0.8130790190735695,0.14752366594495592,0.6666666666666666,0.8274296094459582,0.9945414847161572,0.903321764997521,15.0,Vincetoxicum.hirundinaria,0.49409627611262485,opth,3,False,mlp1,bce,msle
580,0.7131956912028725,0.00978865406006674,0.5,0.6050269299820467,0.9985185185185185,0.7534935718278368,2.0,Viola.arvensis,0.10502692998204655,opth,3,False,mlp1,bce,msle
581,0.8154226618705036,0.01641772340817975,0.0,0.939748201438849,0.996186844613918,0.967144840351689,4.0,Viola.biflora,-0.06025179856115104,opth,3,False,mlp1,bce,msle
582,0.8432186370330701,0.1708137307849479,0.7346938775510204,0.7760074976569822,0.9845422116527943,0.8679245283018868,49.0,Viola.calcarata,0.5107013752080025,opth,3,False,mlp1,bce,msle
583,0.8490274378461935,0.028190192458969688,1.0,0.6979260595130748,1.0,0.8220924057355284,7.0,Viola.hirta,0.6979260595130747,opth,3,False,mlp1,bce,msle
584,0.4304932735426009,0.0015723270440251573,0.0,0.5919282511210763,0.9984871406959153,0.7432432432432432,1.0,Viola.rupestris,-0.4080717488789237,opth,3,False,mlp1,bce,msle
585,0.6328545780969479,0.0035501156984532943,0.0,0.7468581687612208,0.9976019184652278,0.8542094455852156,2.0,Vulpia.myuros,-0.2531418312387792,opth,3,False,mlp1,bce,msle
586,0.8191075172207248,0.034844240726593666,0.6666666666666666,0.6765498652291105,0.9986737400530504,0.8066416711301553,3.0,Athamanta.cretensis,0.34321653189577717,opth,3,False,mlp1,bce,msle
587,0.8981098109810981,0.13040592825759065,0.8,0.8577857785778578,0.9989517819706499,0.9230024213075061,5.0,Bupleurum.baldense,0.6577857785778578,opth,3,False,mlp1,bce,msle
588,0.8329660357791028,0.11002447889165604,0.7142857142857143,0.8012704174228675,0.9954904171364148,0.8878833584715937,14.0,Imperatoria.ostruthium,0.5155561317085819,opth,3,False,mlp1,bce,msle
589,0.8384577031743394,0.09555620426850873,0.5909090909090909,0.8391224862888482,0.9902912621359223,0.9084611578426521,22.0,Laserpitium.gallicum,0.4300315771979393,opth,3,False,mlp1,bce,msle
590,0.9982062780269059,0.3333333333333333,1.0,0.9605381165919282,1.0,0.979871912168344,1.0,Oenanthe.silaifolia,0.9605381165919282,opth,3,False,mlp1,bce,msle
591,0.9725986148750376,0.1855185136995734,0.8888888888888888,0.9295392953929539,0.9990291262135922,0.9630322882545624,9.0,Seseli.galloprovinciale,0.8184281842818426,opth,3,False,mlp1,bce,msle
592,0.8896860986547085,0.008064516129032258,1.0,0.6017937219730942,1.0,0.7513997760358343,1.0,Torilis.leptophylla,0.6017937219730942,opth,3,False,mlp1,bce,msle
593,0.9690305206463196,0.049107142857142856,0.5,0.9676840215439856,0.9990732159406858,0.9831281349749202,2.0,Achillea.ptarmica,0.4676840215439855,opth,3,False,mlp1,bce,msle
594,0.9184341155234657,0.41918368330762923,0.75,0.8366425992779783,0.9978471474703983,0.9101620029455081,8.0,Artemisia.alba,0.5866425992779782,opth,3,False,mlp1,bce,msle
595,0.8349005424954792,0.028154274739560788,0.0,0.9566003616636528,0.9906367041198502,0.9733210671573137,10.0,Bombycilaena.erecta,-0.04339963833634719,opth,3,False,mlp1,bce,msle
596,0.8787061994609163,0.12052742186970374,0.6666666666666666,0.7870619946091644,0.9988597491448119,0.8804020100502512,3.0,Cacalia.alliariae,0.4537286612758309,opth,3,False,mlp1,bce,msle
597,0.8302756067461949,0.046229244201928796,0.8181818181818182,0.6452488687782806,0.9972027972027973,0.7835164835164835,11.0,Cacalia.alpina,0.4634306869600988,opth,3,False,mlp1,bce,msle
598,0.74303683737646,0.007046185389758902,0.0,0.9182389937106918,0.9970731707317073,0.9560336763330215,3.0,Carduus.nigrescens,-0.08176100628930816,opth,3,False,mlp1,bce,msle
599,0.9104153076755817,0.12258910559958024,0.8095238095238095,0.8602739726027397,0.9957716701902748,0.9230769230769231,21.0,Catananche.caerulea,0.6697977821265493,opth,3,False,mlp1,bce,msle
600,0.8622342018568434,0.016277373420230563,1.0,0.701707097933513,1.0,0.8247096092925026,3.0,Centaurea.alpestris,0.7017070979335132,opth,3,False,mlp1,bce,msle
601,0.8910239254937644,0.13304513695826867,1.0,0.7261146496815286,1.0,0.8413284132841329,17.0,Centaurea.paniculata,0.7261146496815285,opth,3,False,mlp1,bce,msle
602,0.9853249475890986,0.10435178856231488,1.0,0.688230008984726,1.0,0.8153273017562533,3.0,Centaurea.triumfetti,0.688230008984726,opth,3,False,mlp1,bce,msle
603,0.8724564244824655,0.3242945336252655,0.7796610169491526,0.7975402081362346,0.9848130841121495,0.8813382122320962,59.0,Centaurea.uniflora,0.5772012250853873,opth,3,False,mlp1,bce,msle
604,0.7504488330341113,0.005267881800607567,0.0,0.8824057450628366,0.9979695431472081,0.9366364935683659,2.0,Cirsium.ferox,-0.11759425493716336,opth,3,False,mlp1,bce,msle
605,0.8105992171032822,0.04296494477711058,0.7777777777777778,0.7633242999096658,0.9976387249114522,0.8648925281473899,9.0,Cirsium.morisianum,0.5411020776874436,opth,3,False,mlp1,bce,msle
606,0.6652428057553956,0.006463932980818106,1.0,0.41097122302158273,1.0,0.5825366475462078,4.0,Cirsium.rivulare,0.41097122302158273,opth,3,False,mlp1,bce,msle
607,0.8586858685868586,0.020197148566302517,1.0,0.6606660666066607,1.0,0.7956639566395663,5.0,Crepis.albida,0.6606660666066606,opth,3,False,mlp1,bce,msle
608,0.8674059578169167,0.09625512406464784,0.7619047619047619,0.8401826484018264,0.9945945945945946,0.9108910891089109,21.0,Crepis.nicaeensis,0.6020874103065883,opth,3,False,mlp1,bce,msle
609,0.7672101449275361,0.030103558218502892,0.3333333333333333,0.8777173913043478,0.9918116683725691,0.9312830370014417,12.0,Doronicum.grandiflorum,0.21105072463768115,opth,3,False,mlp1,bce,msle
610,0.8853974121996302,0.14083328284412924,0.7352941176470589,0.8493530499075785,0.990301724137931,0.9144278606965174,34.0,Echinops.ritro,0.5846471675546374,opth,3,False,mlp1,bce,msle
611,0.7388896045343295,0.027363268098403736,0.7142857142857143,0.6952209197475203,0.9974126778783958,0.8193411264612115,7.0,Erigeron.atticus,0.40950663403323473,opth,3,False,mlp1,bce,msle
612,0.9851885098743267,0.09821428571428571,1.0,0.7244165170556554,1.0,0.8401874023945861,2.0,Filago.vulgaris,0.7244165170556554,opth,3,False,mlp1,bce,msle
613,0.7641636690647482,0.015124069403834562,0.25,0.9325539568345323,0.9971153846153846,0.9637546468401487,4.0,Helichrysum.stoechas,0.18255395683453246,opth,3,False,mlp1,bce,msle
614,0.8367236723672367,0.02337019373095187,0.0,0.9864986498649865,0.9954586739327884,0.9909584086799277,5.0,Hieracium.glanduliferum,-0.013501350135013523,opth,3,False,mlp1,bce,msle
615,0.819146722164412,0.1435642801942914,0.8064516129032258,0.7032258064516129,0.9921976592977894,0.8230852211434736,31.0,Pilosella.peleteriana,0.5096774193548388,opth,3,False,mlp1,bce,msle
616,0.7623260437375745,0.26840132526362875,0.5636363636363636,0.8151093439363817,0.9447004608294931,0.8751334044823906,110.0,Pilosella.officinarum,0.37874570757274517,opth,3,False,mlp1,bce,msle
617,0.8933395872420263,0.4085001526585295,0.84,0.8058161350844277,0.9907727797001153,0.8887739265390585,50.0,Hieracium.rionii,0.6458161350844276,opth,3,False,mlp1,bce,msle
618,0.9451442503047542,0.39877884908507716,0.8260869565217391,0.891588785046729,0.9916839916839917,0.9389763779527559,46.0,Pilosella.corymbuloides,0.7176757415684683,opth,3,False,mlp1,bce,msle
619,0.9158672543427534,0.17286461885830165,0.5,0.9246823956442831,0.99317738791423,0.9577067669172933,14.0,Inula.montana,0.4246823956442831,opth,3,False,mlp1,bce,msle
620,0.9176771653543306,0.472765812815471,0.77,0.8769685039370079,0.9748358862144421,0.9233160621761658,100.0,Leontodon.pyrenaicus,0.6469685039370079,opth,3,False,mlp1,bce,msle
621,0.8118910408745247,0.17956737364995237,0.78125,0.7832699619771863,0.9832935560859188,0.8719576719576719,64.0,Leucanthemum.adustum,0.5645199619771863,opth,3,False,mlp1,bce,msle
622,0.889575702075702,0.19695051420482132,0.625,0.9102564102564102,0.9910269192422732,0.948926014319809,24.0,Leucanthemum.atratum,0.5352564102564101,opth,3,False,mlp1,bce,msle
623,0.9637618896878156,0.5110773872612328,0.8888888888888888,0.9116809116809117,0.9927611168562565,0.9504950495049505,63.0,Omalotheca.supina,0.8005698005698005,opth,3,False,mlp1,bce,msle
624,0.8246811799562025,0.02938746485318,0.8571428571428571,0.8016230838593328,0.998876404494382,0.8894447223611806,7.0,Omalotheca.sylvatica,0.6587659410021898,opth,3,False,mlp1,bce,msle
625,0.7244165170556554,0.005154167755422002,0.5,0.8366247755834829,0.9989281886387996,0.9106008793356131,2.0,Pulicaria.dysenterica,0.3366247755834828,opth,3,False,mlp1,bce,msle
626,0.8986216668813604,0.05100291589026415,0.7142857142857143,0.8611361587015329,0.9979101358411703,0.9244917715392061,7.0,Scorzonera.hispanica,0.5754218729872473,opth,3,False,mlp1,bce,msle
627,0.9968581687612209,0.6111111111111112,1.0,0.8976660682226212,1.0,0.9460737937559129,2.0,Senecio.aquaticus,0.8976660682226212,opth,3,False,mlp1,bce,msle
628,0.6451033243486074,0.004998843154160619,0.3333333333333333,0.7529200359389039,0.9976190476190476,0.8581669226830517,3.0,Senecio.vulgaris,0.08625336927223715,opth,3,False,mlp1,bce,msle
629,0.9518987341772152,0.18809858634358656,0.9,0.8544303797468354,0.9989429175475687,0.9210526315789473,10.0,Serratula.lycopifolia,0.7544303797468355,opth,3,False,mlp1,bce,msle
630,0.8774730215827339,0.07326587959445251,0.75,0.6735611510791367,0.9986666666666667,0.8045112781954887,4.0,Serratula.nudicaulis,0.4235611510791366,opth,3,False,mlp1,bce,msle
631,0.6299460431654677,0.00575845691169127,0.0,0.8597122302158273,0.9958333333333333,0.9227799227799228,4.0,Sonchus.asper,-0.14028776978417268,opth,3,False,mlp1,bce,msle
632,0.8354653963496226,0.21097380944435845,0.7647058823529411,0.8343949044585988,0.995656894679696,0.907920792079208,17.0,Taraxacum.erythrospermum,0.5991007868115399,opth,3,False,mlp1,bce,msle
633,0.6373873873873874,0.019168794392981144,0.16666666666666666,0.9477477477477477,0.9952696310312205,0.9709275496077526,6.0,Taraxacum.palustre,0.11441441441441436,opth,3,False,mlp1,bce,msle
634,0.6388140161725067,0.05834004605962966,0.3333333333333333,0.7574123989218329,0.9976331360946745,0.8610827374872319,3.0,Tolpis.staticifolia,0.09074573225516613,opth,3,False,mlp1,bce,msle
635,0.7927523210542078,0.04186315086365651,0.3333333333333333,0.6972147349505841,0.9974293059125964,0.8207297726070862,3.0,Tragopogon.crocifolius,0.03054806828391743,opth,3,False,mlp1,bce,msle
636,0.8957564575645756,0.21140683563466475,0.875,0.757380073800738,0.9951515151515151,0.8601361969617601,32.0,Cerinthe.minor,0.6323800738007379,opth,3,False,mlp1,bce,msle
637,0.8703204552261156,0.0181557300201368,1.0,0.48427672955974843,1.0,0.652542372881356,3.0,Cynoglossum.officinale,0.48427672955974854,opth,3,False,mlp1,bce,msle
638,0.6693620844564241,0.008464220799747115,0.6666666666666666,0.6046720575022462,0.9985163204747775,0.7532176832680471,3.0,Lithospermum.arvense,0.2713387241689129,opth,3,False,mlp1,bce,msle
639,0.769898766972125,0.0504281943599773,0.7368421052631579,0.7511394712853237,0.9939686369119421,0.8556593977154725,19.0,Myosotis.decumbens,0.4879815765484814,opth,3,False,mlp1,bce,msle
640,0.8755635707844905,0.07837663505465035,0.7142857142857143,0.8007213706041478,0.9977528089887641,0.8884442221110556,7.0,Myosotis.discolor,0.515007084889862,opth,3,False,mlp1,bce,msle
641,0.88085917896216,0.0989253508288311,0.7777777777777778,0.8220415537488708,0.9978070175438597,0.9014363546310055,9.0,Pulmonaria.angustifolia,0.5998193315266485,opth,3,False,mlp1,bce,msle
642,0.7881381381381382,0.016075732604764588,0.6666666666666666,0.6522522522522523,0.9972451790633609,0.7886710239651417,6.0,Alyssum.alpestre,0.31891891891891877,opth,3,False,mlp1,bce,msle
643,0.8555555555555556,0.025125780635775675,0.8333333333333334,0.6990990990990991,0.9987129987129987,0.8224695283518813,6.0,Alyssum.montanum,0.5324324324324325,opth,3,False,mlp1,bce,msle
644,0.8891883797544174,0.02771057094403618,1.0,0.6253369272237197,1.0,0.7694859038142621,3.0,Arabis.alpina,0.6253369272237197,opth,3,False,mlp1,bce,msle
645,0.9443447037701974,0.025458570524984188,0.5,0.9245960502692998,0.9990300678952473,0.9603729603729604,2.0,Arabis.auriculata,0.4245960502692998,opth,3,False,mlp1,bce,msle
646,0.9297951822748937,0.12256444802460169,0.7142857142857143,0.9134355275022543,0.9980295566502463,0.9538606403013182,7.0,Cardamine.bellidifolia,0.6277212417879685,opth,3,False,mlp1,bce,msle
647,0.8856963526047843,0.0735149097685975,0.46153846153846156,0.9029918404351768,0.9930209371884346,0.9458689458689459,13.0,Cardamine.resedifolia,0.36453030197363834,opth,3,False,mlp1,bce,msle
648,,-0.0,0.0,0.771505376344086,1.0,0.8710166919575114,0.0,Iberis.pinnata,-0.228494623655914,opth,3,False,mlp1,bce,msle
649,0.7669391462306994,0.030090508442798463,0.7333333333333333,0.6802906448683016,0.9946879150066401,0.807982740021575,15.0,Kandis.perfoliata,0.4136239782016349,opth,3,False,mlp1,bce,msle
650,0.7597696421225832,0.027560446681983094,0.45454545454545453,0.8289592760180996,0.9934924078091106,0.9037987173162308,11.0,Noccaea.brachypetala,0.2835047305635541,opth,3,False,mlp1,bce,msle
651,0.8739873987398741,0.12355573556106995,0.8,0.8298829882988299,0.9989165763813651,0.9065880039331367,5.0,Pritzelago.alpina,0.6298829882988299,opth,3,False,mlp1,bce,msle
652,0.7680831826401447,0.03343531490471932,0.7,0.7820976491862568,0.9965437788018433,0.8763931104356636,10.0,Sisymbrium.austriacum,0.48209764918625675,opth,3,False,mlp1,bce,msle
653,0.8813813813813813,0.06243616141068033,0.6666666666666666,0.8225225225225226,0.9978142076502732,0.9017283950617284,6.0,Campanula.alpestris,0.4891891891891893,opth,3,False,mlp1,bce,msle
654,0.9248401962241712,0.1744300096240401,0.6774193548387096,0.928110599078341,0.9901671583087512,0.9581351094196003,31.0,Phyteuma.globulariifolium,0.6055299539170507,opth,3,False,mlp1,bce,msle
655,0.839828818348014,0.26789937773510847,0.6818181818181818,0.8382084095063985,0.9924242424242424,0.908820614469772,22.0,Phyteuma.michelii,0.5200265913245803,opth,3,False,mlp1,bce,msle
656,0.8831011766714568,0.3414567367058892,0.6716417910447762,0.8798856053384175,0.9767195767195768,0.925777331995988,67.0,Arenaria.gothica,0.5515273963831937,opth,3,False,mlp1,bce,msle
657,0.9582278481012658,0.25056317624800856,0.9,0.9086799276672695,0.9990059642147118,0.9517045454545454,10.0,Cerastium.cerastoides,0.8086799276672694,opth,3,False,mlp1,bce,msle
658,0.9335224535674143,0.14144964781634367,0.9411764705882353,0.8325750682438581,0.9989082969432315,0.9081885856079405,17.0,Dianthus.hyssopifolius,0.7737515388320935,opth,3,False,mlp1,bce,msle
659,0.8598904931296645,0.2657884995122415,0.7407407407407407,0.8145009416195856,0.9840728100113766,0.8912931478619268,54.0,Dianthus.pavonius,0.5552416823603263,opth,3,False,mlp1,bce,msle
660,0.8705035971223021,0.022186280255389806,0.5,0.8597122302158273,0.9979123173277662,0.923671497584541,4.0,Minuartia.hybrida,0.3597122302158273,opth,3,False,mlp1,bce,msle
661,0.8568433662773285,0.015850516913592745,1.0,0.6397124887690926,1.0,0.7802739726027397,3.0,Minuartia.rupestris,0.6397124887690926,opth,3,False,mlp1,bce,msle
662,0.941962551472302,0.37667045802118676,0.8852459016393442,0.8777251184834123,0.992497320471597,0.93158953722334,61.0,Minuartia.sedoides,0.7629710201227566,opth,3,False,mlp1,bce,msle
663,0.9134508832540251,0.3120761741843597,0.8793103448275862,0.7948960302457467,0.9917452830188679,0.8824763903462749,58.0,Sagina.glabra,0.6742063750733329,opth,3,False,mlp1,bce,msle
664,0.8660071942446044,0.13836385793221034,0.75,0.8030575539568345,0.9988814317673378,0.8903290129611167,4.0,Sagina.saginoides,0.5530575539568345,opth,3,False,mlp1,bce,msle
665,0.8394886363636364,0.049633234073360094,0.8125,0.7172727272727273,0.9962121212121212,0.8340380549682875,16.0,Silene.italica,0.5297727272727273,opth,3,False,mlp1,bce,msle
666,0.8141100216054513,0.05494378477806543,0.7727272727272727,0.7248628884826326,0.993734335839599,0.8382663847780126,22.0,Silene.latifolia,0.4975901612099052,opth,3,False,mlp1,bce,msle
667,0.9242288110212639,0.20122501611863314,0.3333333333333333,0.9820305480682839,0.9981735159817352,0.990036231884058,3.0,Silene.suecica,0.3153638814016173,opth,3,False,mlp1,bce,msle
668,0.7132554945054945,0.09735039241556599,0.625,0.7225274725274725,0.9887218045112782,0.834920634920635,24.0,Chenopodium.bonus.henricus,0.3475274725274726,opth,3,False,mlp1,bce,msle
669,0.8547864804695406,0.12895075582238077,0.7222222222222222,0.8670309653916212,0.9947753396029259,0.9265206812652068,18.0,Helianthemum.apenninum,0.5892531876138434,opth,3,False,mlp1,bce,msle
670,0.8414765165242212,0.32884793065646545,0.6271186440677966,0.8552507095553453,0.9762419006479481,0.9117498739283914,59.0,Helianthemum.oelandicum,0.4823693536231419,opth,3,False,mlp1,bce,msle
671,0.772386942198263,0.022673727238944626,0.6666666666666666,0.7358490566037735,0.998780487804878,0.8473874806001035,3.0,Convolvulus.cantabricus,0.40251572327044016,opth,3,False,mlp1,bce,msle
672,0.9334761759004183,0.22478585429826217,0.7777777777777778,0.8852157943067034,0.9938144329896907,0.9363768819815445,27.0,Sedum.alpestre,0.6629935720844813,opth,3,False,mlp1,bce,msle
673,0.8664481484064439,0.057511524868854205,0.7692307692307693,0.7552130553037172,0.9964114832535885,0.8592057761732852,13.0,Sedum.anacampseros,0.5244438245344865,opth,3,False,mlp1,bce,msle
674,0.8292883211678832,0.09105130790943447,0.55,0.8248175182481752,0.9901423877327492,0.8999502239920358,20.0,Sedum.ochroleucum,0.3748175182481752,opth,3,False,mlp1,bce,msle
675,0.9292381812707016,0.5873877438231804,0.6666666666666666,0.8843721770551038,0.9969450101832994,0.9372905696505505,9.0,Sedum.sediforme,0.5510388437217704,opth,3,False,mlp1,bce,msle
676,0.8631838749485807,0.07600997491869568,0.8181818181818182,0.8941176470588236,0.997979797979798,0.9431980906921241,11.0,Sempervivum.calcareum,0.7122994652406418,opth,3,False,mlp1,bce,msle
677,0.9847533632286996,0.05555555555555555,1.0,0.9515695067264573,1.0,0.9751838235294118,1.0,Euphorbia.esula,0.9515695067264573,opth,3,False,mlp1,bce,msle
678,0.9158252977878616,0.377018646222013,0.6829268292682927,0.9246511627906977,0.9870903674280039,0.9548511047070125,41.0,Anthyllis.montana,0.6075779920589905,opth,3,False,mlp1,bce,msle
679,0.9360634347084211,0.07129248772550033,0.4444444444444444,0.9331526648599819,0.9951830443159922,0.9631701631701631,9.0,Argyrolobium.zanonii,0.37759710930442636,opth,3,False,mlp1,bce,msle
680,0.8253731590543877,0.18984738251621863,0.7017543859649122,0.7752596789423984,0.9797136038186157,0.8655772272008434,57.0,Astragalus.danicus,0.4770140649073107,opth,3,False,mlp1,bce,msle
681,0.8846886617100371,0.2566158432027435,0.85,0.7453531598513011,0.9925742574257426,0.851380042462845,40.0,Astragalus.sempervirens,0.5953531598513011,opth,3,False,mlp1,bce,msle
682,0.761006289308176,0.04525255850140643,0.6666666666666666,0.7951482479784366,0.9988713318284425,0.8854427213606804,3.0,Astragalus.vesicarius,0.46181491464510316,opth,3,False,mlp1,bce,msle
683,0.9718478586403115,0.189272030651341,1.0,0.8796046720575023,1.0,0.9359464627151052,3.0,Bituminaria.bituminosa,0.8796046720575021,opth,3,False,mlp1,bce,msle
684,0.9399716604405514,0.10153446371535992,0.8571428571428571,0.8719567177637512,0.9989669421487604,0.9311506981222918,7.0,Dorycnium.pentaphyllum,0.7290995749066083,opth,3,False,mlp1,bce,msle
685,0.8251121076233183,0.00510204081632653,0.0,0.852914798206278,0.9989495798319328,0.9201741654571843,1.0,Genista.cinerea,-0.14708520179372198,opth,3,False,mlp1,bce,msle
686,0.9013452914798207,0.009009009009009009,1.0,0.885201793721973,1.0,0.9391056137012369,1.0,Lathyrus.hirsutus,0.8852017937219729,opth,3,False,mlp1,bce,msle
687,0.9033133187772925,0.5975698404273645,0.77,0.8537117903930131,0.9444444444444444,0.8967889908256881,200.0,Lotus.alpinus,0.6237117903930132,opth,3,False,mlp1,bce,msle
688,0.7681643392025906,0.06963758170723662,0.6111111111111112,0.7622950819672131,0.9917061611374408,0.8619979402677652,18.0,Lotus.delortii,0.3734061930783241,opth,3,False,mlp1,bce,msle
689,0.9721723518850988,0.04722222222222222,1.0,0.9533213644524237,1.0,0.9761029411764706,2.0,Lotus.pedunculatus,0.9533213644524237,opth,3,False,mlp1,bce,msle
690,0.9192825112107623,0.01098901098901099,1.0,0.8197309417040358,1.0,0.9009364218827008,1.0,Medicago.arabica,0.8197309417040359,opth,3,False,mlp1,bce,msle
691,0.9880203653788558,0.5793650793650793,1.0,0.945193171608266,1.0,0.971824480369515,3.0,Melilotus.neapolitanus,0.945193171608266,opth,3,False,mlp1,bce,msle
692,0.8788423417470597,0.19046832437381475,0.6,0.8945420906567992,0.9857288481141692,0.9379243452958292,35.0,Ononis.cristata,0.4945420906567992,opth,3,False,mlp1,bce,msle
693,0.9261961503208065,0.28491028270595287,0.84,0.8661778185151238,0.9957850368809273,0.9264705882352942,25.0,Oxytropis.lapponica,0.7061778185151237,opth,3,False,mlp1,bce,msle
694,0.8499291511013785,0.044854558467073966,0.7142857142857143,0.7926059513074842,0.9977298524404086,0.8834170854271357,7.0,Trifolium.incarnatum,0.5068916655931985,opth,3,False,mlp1,bce,msle
695,0.8673895312574964,0.1621263561785272,0.7894736842105263,0.7939835916134913,0.9954285714285714,0.8833671399594321,19.0,Trifolium.pallescens,0.5834572758240175,opth,3,False,mlp1,bce,msle
696,0.9201793721973094,0.011111111111111112,1.0,0.7094170403587444,1.0,0.8300104931794333,1.0,Vicia.pannonica,0.7094170403587445,opth,3,False,mlp1,bce,msle
697,0.7861133280127693,0.12645931060663837,0.7857142857142857,0.5996275605214153,0.9862174578866769,0.7458019687319051,42.0,Vicia.tenuifolia,0.385341846235701,opth,3,False,mlp1,bce,msle
698,0.8234450483091789,0.14721323705126618,0.6666666666666666,0.8378623188405797,0.9956942949407965,0.9099852434825382,12.0,Gentiana.angustifolia,0.5045289855072463,opth,3,False,mlp1,bce,msle
699,0.8669403066217245,0.1211834779718982,0.6470588235294118,0.8086876155268022,0.9864712514092446,0.8887760284408329,34.0,Gentiana.brachyphylla,0.45574643905621404,opth,3,False,mlp1,bce,msle
700,0.722401133582378,0.012503991139734926,0.2857142857142857,0.8638412984670875,0.9948078920041536,0.9247104247104247,7.0,Gentiana.orbicularis,0.14955558418137316,opth,3,False,mlp1,bce,msle
701,0.8369036903690369,0.015849527742907744,0.4,0.864986498649865,0.9968879668049793,0.9262650602409639,5.0,Gentiana.rostanii,0.2649864986498649,opth,3,False,mlp1,bce,msle
702,0.8386196334173213,0.22241537458125812,0.7051282051282052,0.7976878612716763,0.972972972972973,0.8766543144520911,78.0,Gentianella.campestris,0.5028160663998815,opth,3,False,mlp1,bce,msle
703,0.9002695417789757,0.017112517112517114,1.0,0.738544474393531,1.0,0.8496124031007752,3.0,Gentianella.ciliata,0.738544474393531,opth,3,False,mlp1,bce,msle
704,0.8373764600179695,0.025825669500838686,0.3333333333333333,0.8113207547169812,0.9977900552486187,0.8949454905847374,3.0,Gentianella.tenella,0.14465408805031443,opth,3,False,mlp1,bce,msle
705,,-0.0,0.0,0.8118279569892473,1.0,0.8961424332344213,0.0,Hypericum.tetrapterum,-0.18817204301075274,opth,3,False,mlp1,bce,msle
706,0.8936807427373465,0.02428674935004049,0.3333333333333333,0.9622641509433962,0.9981360671015843,0.979871912168344,3.0,Herniaria.incana,0.2955974842767295,opth,3,False,mlp1,bce,msle
707,0.6501501501501501,0.010328807089474618,0.5,0.6387387387387388,0.9957865168539326,0.7782656421514819,6.0,Calamintha.nepeta,0.13873873873873865,opth,3,False,mlp1,bce,msle
708,0.9572841726618705,0.06235635279752926,1.0,0.7670863309352518,1.0,0.8681933842239186,4.0,Mentha.aquatica,0.7670863309352518,opth,3,False,mlp1,bce,msle
709,0.8796254512635379,0.06118773223307625,0.75,0.8456678700361011,0.9978700745473909,0.9154860771861261,8.0,Mentha.longifolia,0.5956678700361011,opth,3,False,mlp1,bce,msle
710,0.7753818508535489,0.018406344737621504,0.3333333333333333,0.7547169811320755,0.997624703087886,0.8593350383631714,3.0,Nepeta.nepetella,0.08805031446540879,opth,3,False,mlp1,bce,msle
711,0.8706199460916442,0.01595464984989368,0.6666666666666666,0.8589398023360287,0.9989550679205852,0.923671497584541,3.0,Prunella.hyssopifolia,0.5256064690026954,opth,3,False,mlp1,bce,msle
712,0.8754347546051784,0.06745766938195936,0.7142857142857143,0.7439134355275022,0.9975816203143894,0.8522727272727273,7.0,Teucrium.polium,0.4581991498132165,opth,3,False,mlp1,bce,msle
713,0.9264264264264265,0.2642202436170589,0.8333333333333334,0.8783783783783784,0.9989754098360656,0.9348034515819751,6.0,Linum.bienne,0.7117117117117118,opth,3,False,mlp1,bce,msle
714,0.8261401897765533,0.13775322968163695,0.6666666666666666,0.783287419651056,0.9895591647331786,0.8744233726294208,27.0,Linum.suffruticosum,0.4499540863177227,opth,3,False,mlp1,bce,msle
715,0.9228228228228228,0.0638698386491015,0.3333333333333333,0.9684684684684685,0.9962928637627433,0.9821836455002284,6.0,Lythrum.salicaria,0.30180180180180183,opth,3,False,mlp1,bce,msle
716,0.8457957957957958,0.0219414893100685,0.5,0.8918918918918919,0.9969788519637462,0.9415121255349501,6.0,Althaea.hirsuta,0.3918918918918919,opth,3,False,mlp1,bce,msle
717,0.979372197309417,0.041666666666666664,1.0,0.9408071748878923,1.0,0.9695009242144177,1.0,Epilobium.parviflorum,0.9408071748878923,opth,3,False,mlp1,bce,msle
718,0.7827648114901257,0.005985123681024045,0.0,0.9380610412926391,0.9980897803247374,0.967144840351689,2.0,Plantago.sempervirens,-0.06193895870736088,opth,3,False,mlp1,bce,msle
719,0.9001702587101865,0.3584694697884152,0.8695652173913043,0.8099331423113658,0.9894982497082847,0.8907563025210085,69.0,Armeria.alpina,0.67949835970267,opth,3,False,mlp1,bce,msle
720,0.7589800708063169,0.07828912899987088,0.4782608695652174,0.8261665141811528,0.9868852459016394,0.899402390438247,23.0,Polygala.calcarea,0.30442738374637024,opth,3,False,mlp1,bce,msle
721,0.8150458187401046,0.10421940510796271,0.631578947368421,0.8587055606198724,0.9926238145416227,0.9208211143695014,19.0,Rumex.arifolius,0.49028450798829337,opth,3,False,mlp1,bce,msle
722,0.9337533753375338,0.1159359199851676,0.8,0.963996399639964,0.9990671641791045,0.9812185066422354,5.0,Rumex.conglomeratus,0.7639963996399639,opth,3,False,mlp1,bce,msle
723,0.7415569433947253,0.06748221404344235,0.4782608695652174,0.7529734675205856,0.98562874251497,0.8537344398340249,23.0,Rumex.nebroides,0.231234337085803,opth,3,False,mlp1,bce,msle
724,0.771609403254973,0.06352352181947359,0.6,0.8670886075949367,0.995846313603323,0.9270178830352828,10.0,Rumex.pseudalpinus,0.46708860759493653,opth,3,False,mlp1,bce,msle
725,0.9486607142857143,0.2536929506974537,0.9642857142857143,0.8115808823529411,0.998868778280543,0.8955375253549696,28.0,Androsace.adfinis,0.7758665966386555,opth,3,False,mlp1,bce,msle
726,0.8762812730131561,0.18501779138855443,0.8723404255319149,0.744621141253508,0.9925187032418953,0.8508818813468734,47.0,Androsace.vitaliana,0.6169615667854229,opth,3,False,mlp1,bce,msle
727,0.6035874439461884,0.002257336343115124,1.0,0.4412556053811659,1.0,0.612321095208463,1.0,Primula.vulgaris,0.44125560538116604,opth,3,False,mlp1,bce,msle
728,0.851051051051051,0.025076699966460968,0.8333333333333334,0.7954954954954955,0.998868778280543,0.8856569709127382,6.0,Aconitum.anthora,0.6288288288288288,opth,3,False,mlp1,bce,msle
729,0.9180652834676886,0.24203098383612118,0.9428571428571428,0.7807585568917669,0.9976359338061466,0.8759730150492995,35.0,Anemone.baldensis,0.7236156997489096,opth,3,False,mlp1,bce,msle
730,0.9236889692585895,0.37032448979785587,0.8,0.849005424954792,0.997874601487779,0.9174401563263312,10.0,Anemone.narcissifolia,0.6490054249547921,opth,3,False,mlp1,bce,msle
731,0.7798742138364779,0.14028944911297853,0.6666666666666666,0.9263252470799641,0.999031007751938,0.9613053613053613,3.0,Caltha.palustris,0.5929919137466308,opth,3,False,mlp1,bce,msle
732,0.7728731456251892,0.03351826878916778,0.9333333333333333,0.44868301544050865,0.997979797979798,0.6190476190476191,15.0,Ranunculus.aduncus,0.38201634877384194,opth,3,False,mlp1,bce,msle
733,0.8956068840579711,0.07728908445533583,0.8333333333333334,0.8369565217391305,0.9978401727861771,0.9103448275862069,12.0,Ranunculus.carinthiacus,0.6702898550724639,opth,3,False,mlp1,bce,msle
734,0.8587683117621959,0.34261406069221895,0.6629213483146067,0.8179162609542356,0.9655172413793104,0.8856088560885609,89.0,Ranunculus.sartorianus,0.4808376092688422,opth,3,False,mlp1,bce,msle
735,0.7891187050359711,0.018133868666607454,0.25,0.8983812949640287,0.9970059880239521,0.945127719962157,4.0,Reseda.phyteuma,0.14838129496402885,opth,3,False,mlp1,bce,msle
736,0.8787601794914409,0.09861690355288803,0.9090909090909091,0.7989031078610603,0.997716894977169,0.8873096446700508,22.0,Alchemilla.fissa,0.7079940169519694,opth,3,False,mlp1,bce,msle
737,0.8708173443495868,0.34608715040948945,0.6883116883116883,0.8546679499518768,0.9736842105263158,0.9103024090210149,77.0,Alchemilla.flabellata,0.542979638263565,opth,3,False,mlp1,bce,msle
738,0.8432604093154551,0.08927255223722687,0.6153846153846154,0.8348623853211009,0.9891304347826086,0.9054726368159204,26.0,Alchemilla.glabra,0.45024700070571644,opth,3,False,mlp1,bce,msle
739,0.8249498350508452,0.12411763707784669,0.8148148148148148,0.71900826446281,0.9936548223350253,0.8343100692594566,27.0,Alchemilla.glaucescens,0.5338230792776248,opth,3,False,mlp1,bce,msle
740,0.8352924243151177,0.15027979000275757,0.8421052631578947,0.7228805834092981,0.9962311557788944,0.837823560486001,19.0,Alchemilla.monticola,0.5649858465671929,opth,3,False,mlp1,bce,msle
741,0.9581385234315538,0.3390851555460059,0.9117647058823529,0.9048059149722736,0.9969450101832994,0.9486434108527132,34.0,Alchemilla.pentaphyllea,0.8165706208546264,opth,3,False,mlp1,bce,msle
742,0.9108689070541931,0.1073230997567632,0.3333333333333333,0.9455040871934605,0.9904852521408183,0.9674721189591078,15.0,Filipendula.ulmaria,0.27883742052679383,opth,3,False,mlp1,bce,msle
743,0.8495953237410072,0.019242655981393467,1.0,0.7059352517985612,1.0,0.8276225619399051,4.0,Potentilla.brauneana,0.7059352517985613,opth,3,False,mlp1,bce,msle
744,0.9236983842010772,0.5058139534883721,1.0,0.5879712746858169,1.0,0.7405313736574336,2.0,Potentilla.neglecta,0.5879712746858168,opth,3,False,mlp1,bce,msle
745,0.9469693543767618,0.4026324956324245,0.8412698412698413,0.9078822412155746,0.989648033126294,0.9470034670629024,63.0,Sibbaldia.procumbens,0.7491520824854159,opth,3,False,mlp1,bce,msle
746,0.7948948948948948,0.015928722752127845,0.8333333333333334,0.7441441441441441,0.9987908101571947,0.8528652555498193,6.0,Galium.megalospermum,0.5774774774774776,opth,3,False,mlp1,bce,msle
747,0.8696823162147272,0.34783652558203826,0.7903225806451613,0.7988614800759013,0.9847953216374269,0.8821372446306966,62.0,Galium.obliquum,0.5891840607210626,opth,3,False,mlp1,bce,msle
748,0.95568723431663,0.45302358648377383,0.8571428571428571,0.8385933273219116,0.9989258861439313,0.9117647058823529,7.0,Galium.palustre,0.6957361844647687,opth,3,False,mlp1,bce,msle
749,0.869258589511754,0.03894888063257566,0.4,0.9104882459312839,0.9940769990128332,0.9504483246814536,10.0,Galium.pseudohelveticum,0.3104882459312839,opth,3,False,mlp1,bce,msle
750,0.9914721723518851,0.5476190476190477,0.5,0.9865350089766607,0.9990909090909091,0.992773261065944,2.0,Galium.uliginosum,0.4865350089766607,opth,3,False,mlp1,bce,msle
751,0.5357335733573357,0.009787429603913447,0.4,0.6444644464446445,0.9958275382475661,0.7825136612021858,5.0,Salix.foetida,0.04446444644464442,opth,3,False,mlp1,bce,msle
752,0.8867753623188405,0.05837529246300391,0.8333333333333334,0.8514492753623188,0.9978768577494692,0.9188660801564027,12.0,Thesium.divaricatum,0.6847826086956523,opth,3,False,mlp1,bce,msle
753,0.7914466056936752,0.015992802187156485,0.14285714285714285,0.9008115419296664,0.9940298507462687,0.945127719962157,7.0,Saxifraga.bryoides,0.0436686847868093,opth,3,False,mlp1,bce,msle
754,0.8646788990825688,0.18011520793636818,0.8076923076923077,0.7844036697247706,0.9941860465116279,0.8769230769230769,26.0,Saxifraga.exarata,0.5920959774170784,opth,3,False,mlp1,bce,msle
755,0.8354635463546355,0.030505943256705206,0.4,0.9153915391539154,0.9970588235294118,0.9544814641013608,5.0,Digitalis.grandiflora,0.31539153915391527,opth,3,False,mlp1,bce,msle
756,0.7148498560263266,0.01802587014211613,0.36363636363636365,0.7864253393665158,0.9920091324200914,0.8773346794548208,11.0,Euphrasia.officinalis,0.15006170300287947,opth,3,False,mlp1,bce,msle
757,0.9009900990099009,0.09328930400865477,0.8,0.8541854185418541,0.9989473684210526,0.9209121785540999,5.0,Linaria.simplex,0.6541854185418541,opth,3,False,mlp1,bce,msle
758,0.7664118705035972,0.009828786463335053,0.5,0.7113309352517986,0.9974779319041615,0.8304461942257217,4.0,Pedicularis.cenisia,0.21133093525179847,opth,3,False,mlp1,bce,msle
759,0.9227078635513122,0.33941340361651723,0.8947368421052632,0.7365542388331814,0.9975308641975309,0.8474042999475616,19.0,Pedicularis.comosa,0.6312910809384444,opth,3,False,mlp1,bce,msle
760,0.886219662690251,0.054530353690512165,0.8181818181818182,0.7420814479638009,0.9975669099756691,0.851063829787234,11.0,Pedicularis.kerneri,0.5602632661456193,opth,3,False,mlp1,bce,msle
761,0.7256525652565257,0.009589347975739987,0.2,0.864986498649865,0.9958549222797928,0.9258188824662813,5.0,Pedicularis.rosea,0.06498649864986494,opth,3,False,mlp1,bce,msle
762,0.8390640410842432,0.08391170739976103,0.8148148148148148,0.6776859504132231,0.9932705248990579,0.8056768558951966,27.0,Pedicularis.rostratospicata,0.492500765228038,opth,3,False,mlp1,bce,msle
763,0.9591561938958707,0.04093567251461988,1.0,0.796229802513465,1.0,0.8865567216391804,2.0,Verbascum.chaixii,0.7962298025134649,opth,3,False,mlp1,bce,msle
764,0.8624767657992565,0.12679099560581963,0.75,0.8141263940520446,0.9887133182844243,0.8929663608562691,40.0,Veronica.allionii,0.5641263940520447,opth,3,False,mlp1,bce,msle
765,0.9287351106069199,0.30256810084851005,0.8292682926829268,0.8632558139534884,0.9925133689839573,0.9233830845771144,41.0,Veronica.alpina,0.6925241066364152,opth,3,False,mlp1,bce,msle
766,0.7833547204399633,0.07179931626700012,0.68,0.7085242896425298,0.9897567221510883,0.8258547008547008,25.0,Veronica.austriaca,0.38852428964252983,opth,3,False,mlp1,bce,msle
767,0.7625917815277599,0.014304991121746715,0.42857142857142855,0.7700631199278629,0.9953379953379954,0.8683274021352313,7.0,Veronica.verna,0.19863454849929152,opth,3,False,mlp1,bce,msle
768,0.9798372513562388,0.31158672699849166,1.0,0.9195298372513563,1.0,0.958078191238813,10.0,Valeriana.tuberosa,0.9195298372513563,opth,3,False,mlp1,bce,msle
769,0.9329113924050633,0.1590747765398401,1.0,0.7260397830018083,1.0,0.8412781561026715,10.0,Viola.saxatilis,0.7260397830018084,opth,3,False,mlp1,bce,msle
770,0.9418541854185418,0.15865751634527506,1.0,0.7731773177317732,1.0,0.8720812182741117,5.0,Carex.acutiformis,0.7731773177317733,opth,3,False,mlp1,bce,msle
771,0.9462009434909164,0.16484177583859352,1.0,0.8310749774164409,1.0,0.9077454366058214,9.0,Carex.bicolor,0.8310749774164408,opth,3,False,mlp1,bce,msle
772,0.7495503597122302,0.008432494352441925,1.0,0.6285971223021583,1.0,0.7719491993373827,4.0,Carex.cuprina,0.6285971223021583,opth,3,False,mlp1,bce,msle
773,0.991015274034142,0.1596153846153846,1.0,0.9622641509433962,1.0,0.9807692307692307,3.0,Carex.disticha,0.9622641509433962,opth,3,False,mlp1,bce,msle
774,0.9036735471275861,0.1829929847610779,0.8717948717948718,0.8059424326833797,0.9942726231386025,0.8902564102564102,39.0,Carex.foetida,0.6777373044782515,opth,3,False,mlp1,bce,msle
775,0.8117647058823528,0.02622847142308736,0.18181818181818182,0.8769230769230769,0.99079754601227,0.9303888622179549,11.0,Carex.frigida,0.058741258741258795,opth,3,False,mlp1,bce,msle
776,1.0,1.0,1.0,0.9408071748878923,1.0,0.9695009242144177,1.0,Carex.melanostachya,0.9408071748878923,opth,3,False,mlp1,bce,msle
777,0.6931598608785263,0.04805081864097515,0.5714285714285714,0.6257889990982868,0.9956958393113343,0.7685492801771872,7.0,Carex.ovalis,0.19721757052685818,opth,3,False,mlp1,bce,msle
778,0.7329136690647482,0.0902499721211706,0.25,0.9631294964028777,0.9972067039106145,0.979871912168344,4.0,Carex.paniculata,0.21312949640287782,opth,3,False,mlp1,bce,msle
779,0.8910860012554928,0.2972239789947302,0.9074074074074074,0.7570621468926554,0.9938195302843016,0.8594334580438269,54.0,Carex.parviflora,0.6644695543000627,opth,3,False,mlp1,bce,msle
780,0.6976169064748201,0.012311927838278466,0.5,0.7392086330935251,0.9975728155339806,0.8491735537190083,4.0,Carex.viridula,0.23920863309352525,opth,3,False,mlp1,bce,msle
781,0.40754039497307,0.002903957632049969,0.5,0.7450628366247756,0.9987966305655837,0.8534704370179949,2.0,Eleocharis.quinqueflora,0.24506283662477557,opth,3,False,mlp1,bce,msle
782,0.7805755395683454,0.04196057353102356,0.25,0.9559352517985612,0.9971857410881801,0.9761248852157943,4.0,Eriophorum.polystachion,0.20593525179856131,opth,3,False,mlp1,bce,msle
783,0.9245824898785424,0.408789865063772,0.8947368421052632,0.8432692307692308,0.9909604519774011,0.9111688311688312,76.0,Kobresia.myosuroides,0.7380060728744939,opth,3,False,mlp1,bce,msle
784,0.8050809352517985,0.040108187319015866,0.75,0.8606115107913669,0.9989561586638831,0.9246376811594202,4.0,Schoenus.nigricans,0.610611510791367,opth,3,False,mlp1,bce,msle
785,0.599640933572711,0.0033212711296820175,0.0,0.7971274685816876,0.9977528089887641,0.8862275449101796,2.0,Scirpoides.holoschoenus,-0.2028725314183124,opth,3,False,mlp1,bce,msle
786,0.7882164006825254,0.03981368630421564,0.5555555555555556,0.7542908762420958,0.9952324195470799,0.8581706063720452,9.0,Muscari.neglectum,0.30984643179765126,opth,3,False,mlp1,bce,msle
787,0.8679574538806715,0.16378812065793305,0.7272727272727273,0.8345521023765996,0.9934711643090316,0.907103825136612,22.0,Crocus.vernus,0.5618248296493269,opth,3,False,mlp1,bce,msle
788,0.9223826714801444,0.2245727750116721,0.875,0.8862815884476535,0.9989827060020345,0.9392635102821616,8.0,Juncus.conglomeratus,0.7612815884476536,opth,3,False,mlp1,bce,msle
789,0.8041871921182265,0.04071550974871912,0.9285714285714286,0.6524500907441017,0.9986111111111111,0.7892425905598244,14.0,Luzula.alpinopilosa,0.5810215193155304,opth,3,False,mlp1,bce,msle
790,0.8314610190300799,0.31195468544680577,0.8333333333333334,0.7311233885819521,0.9937421777221527,0.8424403183023873,30.0,Luzula.nutans,0.5644567219152856,opth,3,False,mlp1,bce,msle
791,0.8343806104129264,0.007896692679301376,1.0,0.7315978456014363,1.0,0.844997407983411,2.0,Gagea.fragifera,0.7315978456014363,opth,3,False,mlp1,bce,msle
792,0.9335130278526506,0.046296296296296294,1.0,0.8050314465408805,1.0,0.89198606271777,3.0,Tulipa.australis,0.8050314465408805,opth,3,False,mlp1,bce,msle
793,0.8110581812342772,0.051121506494496,0.5882352941176471,0.7879890809827116,0.9919816723940436,0.8782961460446247,17.0,Dactylorhiza.latifolia,0.37622437510035867,opth,3,False,mlp1,bce,msle
794,0.8351351351351352,0.021232332183525462,0.6666666666666666,0.7927927927927928,0.9977324263038548,0.8835341365461847,6.0,Ophrys.fuciflora,0.45945945945945943,opth,3,False,mlp1,bce,msle
795,0.9037537537537537,0.046650941077887184,0.6666666666666666,0.845945945945946,0.997874601487779,0.9156509019990249,6.0,Orchis.purpurea,0.5126126126126125,opth,3,False,mlp1,bce,msle
796,0.8548241659152389,0.029734366033453506,0.8571428571428571,0.757439134355275,0.9988109393579072,0.8615384615384616,7.0,Orchis.simia,0.6145819914981321,opth,3,False,mlp1,bce,msle
797,0.9284925276153346,0.48210889898124987,0.9111111111111111,0.834307992202729,0.9907407407407407,0.9058201058201059,90.0,Alopecurus.alpinus,0.7454191033138402,opth,3,False,mlp1,bce,msle
798,0.9946091644204852,0.24831649831649832,1.0,0.9532794249775381,1.0,0.9760809567617296,3.0,Alopecurus.rendlei,0.9532794249775383,opth,3,False,mlp1,bce,msle
799,0.8089547924615562,0.4221592859860878,0.7526881720430108,0.7096774193548387,0.9348441926345609,0.8068459657701712,186.0,Avenula.pubescens,0.4623655913978495,opth,3,False,mlp1,bce,msle
800,0.8645087664695508,0.20715100170885742,0.6888888888888889,0.8263305322128851,0.9844271412680756,0.8984771573604061,45.0,Avenula.versicolor,0.515219421101774,opth,3,False,mlp1,bce,msle
801,0.7664466163694559,0.3140092134190053,0.8402777777777778,0.5637860082304527,0.9597197898423818,0.7103046014257939,144.0,Brachypodium.rupestre,0.40406378600823034,opth,3,False,mlp1,bce,msle
802,0.8844484629294757,0.07740626877309699,0.8,0.8010849909584087,0.9977477477477478,0.8886659979939819,10.0,Bromus.commutatus,0.6010849909584088,opth,3,False,mlp1,bce,msle
803,0.9545207956600361,0.27907248037824295,1.0,0.7784810126582279,1.0,0.8754448398576512,10.0,Bromus.racemosus,0.778481012658228,opth,3,False,mlp1,bce,msle
804,0.6941509023700805,0.053707978400562864,0.7142857142857143,0.5634703196347032,0.9903691813804173,0.7182770663562281,21.0,Elytrigia.repens,0.2777560339204175,opth,3,False,mlp1,bce,msle
805,0.7965173621739279,0.09870611461403664,0.6666666666666666,0.758494031221304,0.9892215568862276,0.8586278586278586,27.0,Festuca.cinerea,0.4251606978879705,opth,3,False,mlp1,bce,msle
806,0.8253469010175764,0.09635080219233423,0.4,0.8871415356151712,0.9785714285714285,0.9306162057253761,35.0,Festuca.marginata,0.2871415356151712,opth,3,False,mlp1,bce,msle
807,0.8529035433070866,0.37919235188040257,0.81,0.7470472440944882,0.9755784061696658,0.8461538461538461,100.0,Festuca.pratensis,0.5570472440944882,opth,3,False,mlp1,bce,msle
808,0.7686768676867687,0.027034228101452003,0.4,0.7353735373537353,0.9963414634146341,0.8461936820300362,5.0,Festuca.trichophylla,0.13537353735373525,opth,3,False,mlp1,bce,msle
809,0.904319210201563,0.07242593976446288,1.0,0.714027149321267,1.0,0.8331573389651531,11.0,Gaudinia.fragilis,0.7140271493212671,opth,3,False,mlp1,bce,msle
810,0.8865332310481903,0.12395243386024071,0.9230769230769231,0.7787851314596554,0.9988372093023256,0.8751910341314315,13.0,Helictotrichon.parlatorei,0.7018620545365786,opth,3,False,mlp1,bce,msle
811,0.9196606786427145,0.5605763435782192,0.9473684210526315,0.7445109780439122,0.9920212765957447,0.8506271379703535,114.0,Helictotrichon.sedenense,0.6918793990965437,opth,3,False,mlp1,bce,msle
812,0.9060523938572719,0.0734369040353984,0.6666666666666666,0.8771454381210478,0.9969199178644764,0.9332051898125902,9.0,Helictotrichon.sempervirens,0.5438121047877145,opth,3,False,mlp1,bce,msle
813,0.7280071813285457,0.004807692307692308,1.0,0.5466786355475763,1.0,0.7069065583284968,2.0,Hordeum.murinum,0.5466786355475763,opth,3,False,mlp1,bce,msle
814,0.885341726618705,0.05082294867417776,0.75,0.8938848920863309,0.9989949748743718,0.9435215946843853,4.0,Hordeum.secalinum,0.6438848920863309,opth,3,False,mlp1,bce,msle
815,0.9946188340807175,0.14285714285714285,1.0,0.6654708520179372,1.0,0.7991383952611739,1.0,Koeleria.cenisia,0.6654708520179371,opth,3,False,mlp1,bce,msle
816,0.8094196268745775,0.07692603187337627,0.6956521739130435,0.7913998170173834,0.9919724770642202,0.8804071246819338,23.0,Molinia.caerulea,0.4870519909304267,opth,3,False,mlp1,bce,msle
817,0.706938077849429,0.11366393929058424,0.6721311475409836,0.5327014218009478,0.9656357388316151,0.6866218692730605,61.0,Phleum.pratense,0.2048325693419315,opth,3,False,mlp1,bce,msle
818,0.8770571334369553,0.3366113551824514,0.8952380952380953,0.7210682492581603,0.9851351351351352,0.8326670474014849,105.0,Poa.trivialis,0.6163063444962555,opth,3,False,mlp1,bce,msle
819,0.8379837983798379,0.05496360420964738,0.6,0.8325832583258326,0.9978425026968716,0.9077526987242395,5.0,Vulpia.bromoides,0.43258325832583244,opth,3,False,mlp1,bce,msle
820,0.8797297297297296,0.04160902143199169,0.8333333333333334,0.7990990990990992,0.9988738738738738,0.8878878878878879,6.0,Vulpia.ciliata,0.6324324324324326,opth,3,False,mlp1,bce,msle
821,0.9448961156278228,0.2172232203652356,0.7777777777777778,0.935862691960253,0.9980732177263969,0.965967365967366,9.0,Equisetum.variegatum,0.7136404697380307,opth,3,False,mlp1,bce,msle
822,0.946367542232204,0.39364575557862325,0.8421052631578947,0.8710575139146568,0.9936507936507937,0.9283242708848245,38.0,Pachypleurum.mutellinoides,0.7131627770725515,opth,3,False,mlp1,bce,msle
823,0.7214734950584006,0.006331526744671814,0.6666666666666666,0.7035040431266847,0.9987244897959183,0.8255139694254086,3.0,Libanotis.pyrenaica,0.3701707097933513,opth,3,False,mlp1,bce,msle
824,0.8279760364627909,0.23301535492816122,0.851063829787234,0.7118802619270346,0.9908854166666666,0.8285247686445292,47.0,Alchemilla.alpigena,0.5629440917142685,opth,3,False,mlp1,bce,msle
825,0.7637910593486296,0.030313559604095854,0.38461538461538464,0.8495013599274706,0.9915343915343915,0.9150390625,13.0,Anacamptis.morio,0.23411674454285514,opth,3,False,mlp1,bce,msle
826,0.9023014440433212,0.05118331682118649,1.0,0.6949458483754513,1.0,0.820021299254526,8.0,Mutellina.adonidifolia,0.6949458483754514,opth,3,False,mlp1,bce,msle
827,0.8309618469693799,0.1964201261208877,0.48148148148148145,0.8691148775894538,0.9705573080967402,0.9170392449080974,54.0,Avenula.pratensis,0.35059635907093534,opth,3,False,mlp1,bce,msle
828,0.8458256457564576,0.11303587911365527,0.6875,0.7961254612546126,0.9885452462772051,0.8819621870209504,32.0,Gymnadenia.nigra,0.4836254612546127,opth,3,False,mlp1,bce,msle
829,0.40175359712230213,0.003566899375348896,0.0,0.8705035971223022,0.9958847736625515,0.9289827255278311,4.0,Murbeckiella.pinnatifida,-0.1294964028776978,opth,3,False,mlp1,bce,msle
830,0.6394618834080718,0.0024813895781637717,0.0,0.8878923766816144,0.9989909182643795,0.9401709401709402,1.0,Silene.conica,-0.11210762331838564,opth,3,False,mlp1,bce,msle
