,auc,prauc,sensitivity,specificity,precision,f1,support,species,tss,postprocess,fold,prr,archi,species_loss,func_loss
0,0.7798135647701704,0.03886058146234295,0.5294117647058824,0.7750455373406193,0.9906868451688009,0.8696985181400102,17.0,Aceras.anthropophorum,0.3044573020465018,opth,4,False,mlp1,bce,msle
1,0.8439477958886462,0.20057168462664998,0.6666666666666666,0.8114602587800369,0.9876265466816648,0.8909183155758498,33.0,Achillea.collina,0.47812692544670354,opth,4,False,mlp1,bce,msle
2,0.7432588830733621,0.45957982103939177,0.7572463768115942,0.599523241954708,0.8824561403508772,0.7139815471965933,276.0,Achillea.millefolium,0.3567696187663021,opth,4,False,mlp1,bce,msle
3,0.9331526648599819,0.17910689795230395,0.875,0.8112014453477868,0.9988876529477196,0.8953140578265204,8.0,Achillea.nana,0.6862014453477867,opth,4,False,mlp1,bce,msle
4,0.9255848680935789,0.531930851878443,0.8979591836734694,0.8208255159474672,0.9943181818181818,0.8992805755395683,49.0,Achillea.roseo.alba,0.7187846996209366,opth,4,False,mlp1,bce,msle
5,0.923215898825655,0.09810971462536916,0.75,0.9105691056910569,0.998019801980198,0.9522909777987718,8.0,Achnatherum.calamagrostis,0.660569105691057,opth,4,False,mlp1,bce,msle
6,0.8347891788294265,0.1731055277483918,0.7647058823529411,0.7659774436090225,0.9854897218863361,0.8619777895293496,51.0,Acinos.alpinus,0.5306833259619637,opth,4,False,mlp1,bce,msle
7,0.8358532110091743,0.15126018697674726,0.84,0.689908256880734,0.9947089947089947,0.8147345612134345,25.0,Acinos.arvensis,0.5299082568807338,opth,4,False,mlp1,bce,msle
8,0.7044025157232705,0.0105814639905549,0.5,0.9335130278526504,0.9990384615384615,0.965164886205295,2.0,Aconitum.lycoctonum,0.43351302785265045,opth,4,False,mlp1,bce,msle
9,0.8739200321478802,0.041443421620179645,0.0,0.9954792043399638,0.9918918918918919,0.9936823104693141,9.0,Cacalia.leucophylla,-0.004520795660036159,opth,4,False,mlp1,bce,msle
10,,-0.0,0.0,0.9704035874439462,1.0,0.9849795175238962,0.0,Aegopodium.podagraria,-0.02959641255605383,opth,4,False,mlp1,bce,msle
11,0.8869507196644744,0.23698702042638345,0.8974358974358975,0.7369888475836431,0.9949811794228356,0.8467698878804057,39.0,Agrimonia.eupatoria,0.6344247450195406,opth,4,False,mlp1,bce,msle
12,0.8836817112679182,0.22547371629233753,0.7619047619047619,0.8089468779123952,0.9886104783599089,0.8898001025115325,42.0,Agrostis.alpina,0.570851639817157,opth,4,False,mlp1,bce,msle
13,0.7905631114292532,0.2858261797221017,0.797979797979798,0.6663385826771654,0.9713055954088953,0.7904261529480444,99.0,Agrostis.capillaris,0.4643183806569633,opth,4,False,mlp1,bce,msle
14,0.9188309636650869,0.35633828540170986,0.9333333333333333,0.7943127962085308,0.995249406175772,0.8835002635740643,60.0,Agrostis.rupestris,0.7276461295418641,opth,4,False,mlp1,bce,msle
15,0.7981665163811241,0.17909667185570746,0.6666666666666666,0.7736699729486023,0.9976744186046511,0.8715083798882681,6.0,Agrostis.agrostiflora,0.44033663961526903,opth,4,False,mlp1,bce,msle
16,0.784486042335528,0.19724099295426242,0.7058823529411765,0.7548566142460684,0.9878934624697336,0.8557944415312009,34.0,Agrostis.stolonifera,0.46073896718724505,opth,4,False,mlp1,bce,msle
17,0.877838055053245,0.17086852439495645,0.5555555555555556,0.8698010849909584,0.9958592132505176,0.9285714285714286,9.0,Ajuga.chamaepitys,0.4253566405465139,opth,4,False,mlp1,bce,msle
18,0.7615384615384616,0.04264860915517183,1.0,0.5438914027149321,1.0,0.7045720984759671,10.0,Ajuga.genevensis,0.543891402714932,opth,4,False,mlp1,bce,msle
19,0.8183783783783785,0.023645529631403643,0.6,0.7918918918918919,0.9977298524404086,0.8829733802109493,5.0,Ajuga.pyramidalis,0.3918918918918919,opth,4,False,mlp1,bce,msle
20,0.8831437598736177,0.28040097800390795,0.8,0.7971563981042654,0.9859320046893317,0.8815513626834381,60.0,Ajuga.reptans,0.5971563981042656,opth,4,False,mlp1,bce,msle
21,0.8991479534957796,0.19384247297354285,0.7391304347826086,0.8608058608058609,0.9936575052854123,0.9224730127576055,23.0,Alchemilla.alpina,0.5999362955884695,opth,4,False,mlp1,bce,msle
22,0.8286626861838727,0.26089246389367465,0.6779661016949152,0.7821969696969697,0.9775147928994082,0.8690163072067333,59.0,Alchemilla.xanthochlora,0.46016307139188495,opth,4,False,mlp1,bce,msle
23,0.9761474987106755,0.18843984268791175,1.0,0.8203971119133574,1.0,0.9013386217154189,7.0,Allium.lusitanicum,0.8203971119133575,opth,4,False,mlp1,bce,msle
24,0.7085803689064559,0.027947638847139883,0.5454545454545454,0.7436594202898551,0.9939467312348669,0.8507772020725388,11.0,Allium.oleraceum,0.2891139657444004,opth,4,False,mlp1,bce,msle
25,0.7419416437519095,0.10894207145047385,0.16666666666666666,0.9321723189734189,0.9807135969141755,0.9558270676691729,24.0,Allium.schoenoprasum,0.09883898564008553,opth,4,False,mlp1,bce,msle
26,0.986948694869487,0.14052287581699346,1.0,0.873087308730873,1.0,0.9322441134070159,4.0,Allium.scorodoprasum,0.873087308730873,opth,4,False,mlp1,bce,msle
27,0.8621197642936773,0.2611185068660299,0.6521739130434783,0.8397435897435898,0.9913513513513513,0.9092711948438275,23.0,Allium.sphaerocephalon,0.4919175027870679,opth,4,False,mlp1,bce,msle
28,0.7117070654976793,0.014008236621550384,0.7142857142857143,0.5875451263537906,0.996937212863706,0.7393526405451448,7.0,Allium.vineale,0.30183084063950494,opth,4,False,mlp1,bce,msle
29,0.878613369467028,0.4653749044556807,0.75,0.8446251129177959,0.9978655282817502,0.9148727984344422,8.0,Alopecurus.pratensis,0.5946251129177957,opth,4,False,mlp1,bce,msle
30,0.8394699985257261,0.2668395918847933,0.7647058823529411,0.768796992481203,0.9855421686746988,0.8637803590285111,51.0,Alyssum.alyssoides,0.5335028748341442,opth,4,False,mlp1,bce,msle
31,0.8313823857302118,0.07311137215625312,0.6086956521739131,0.8177655677655677,0.9900221729490022,0.8956870611835507,23.0,Anacamptis.pyramidalis,0.42646121993948083,opth,4,False,mlp1,bce,msle
32,0.9049736495388669,0.2779363033983114,0.6363636363636364,0.8659420289855072,0.9958333333333333,0.9263565891472868,11.0,Androsace.obtusifolia,0.5023056653491436,opth,4,False,mlp1,bce,msle
33,0.9020138262699128,0.051044652961471496,0.6666666666666666,0.8809738503155996,0.9979570990806946,0.935823754789272,6.0,Angelica.sylvestris,0.5476405169822662,opth,4,False,mlp1,bce,msle
34,0.912871786254411,0.23715747714515165,0.7272727272727273,0.8650646950092421,0.9904761904761905,0.9235323137641835,33.0,Antennaria.carpatica,0.5923374222819695,opth,4,False,mlp1,bce,msle
35,0.879180016797835,0.23793419231441934,0.7213114754098361,0.8320683111954459,0.9809843400447428,0.9004106776180698,61.0,Antennaria.dioica,0.5533797866052819,opth,4,False,mlp1,bce,msle
36,0.8993037648272306,0.09047258424665751,0.14285714285714285,0.9954873646209387,0.9945897204688909,0.9950383400992332,7.0,Anthemis.arvensis,0.13834450747808158,opth,4,False,mlp1,bce,msle
37,0.8484436385614991,0.053958895478341644,0.75,0.7778785131459656,0.9965156794425087,0.8737270875763747,12.0,Anthericum.liliago,0.5278785131459656,opth,4,False,mlp1,bce,msle
38,0.6901627089165706,0.46015710603914206,0.6528189910979229,0.62853470437018,0.806930693069307,0.7066473988439307,337.0,Anthoxanthum.odoratum,0.28135369546810285,opth,4,False,mlp1,bce,msle
39,0.8438365650969529,0.2098491144931164,0.59375,0.8688827331486612,0.9863731656184487,0.9239077074128621,32.0,Anthriscus.sylvestris,0.46263273314866105,opth,4,False,mlp1,bce,msle
40,0.7158637803717489,0.33328457924626864,0.536723163841808,0.7110874200426439,0.890520694259012,0.7907528156490812,177.0,Anthyllis.vulneraria,0.24781058388445176,opth,4,False,mlp1,bce,msle
41,0.9612961296129613,0.09144556641539857,0.75,0.9270927092709271,0.9990300678952473,0.96171802054155,4.0,Aphanes.arvensis,0.6770927092709271,opth,4,False,mlp1,bce,msle
42,0.9690026954177898,0.049107142857142856,1.0,0.8149146451033243,1.0,0.898019801980198,2.0,Aquilegia.vulgaris,0.8149146451033245,opth,4,False,mlp1,bce,msle
43,0.8826602370906169,0.11092512760081025,0.5555555555555556,0.895117540687161,0.9959758551307847,0.9428571428571428,9.0,Arabidopsis.thaliana,0.45067309624271656,opth,4,False,mlp1,bce,msle
44,0.8559106680349899,0.1306918328348172,0.7368421052631579,0.8003714020427113,0.9885321100917431,0.8845561826577732,38.0,Arabis.ciliata,0.5372135073058693,opth,4,False,mlp1,bce,msle
45,0.7737871884213348,0.123457383455224,0.7755102040816326,0.6613508442776735,0.9846368715083799,0.7912457912457912,49.0,Arabis.hirsuta,0.4368610483593063,opth,4,False,mlp1,bce,msle
46,0.835911330049261,0.3164530692359641,0.72,0.7369458128078817,0.9639175257731959,0.835287548855388,100.0,Arenaria.serpyllifolia,0.4569458128078816,opth,4,False,mlp1,bce,msle
47,0.9691247002398082,0.09879984514130855,1.0,0.8794964028776978,1.0,0.9358851674641149,3.0,Armeria.arenaria,0.8794964028776979,opth,4,False,mlp1,bce,msle
48,0.8951402133220315,0.2616840830297752,0.8461538461538461,0.8145087235996327,0.9955106621773289,0.895959595959596,26.0,Arnica.montana,0.6606625697534789,opth,4,False,mlp1,bce,msle
49,0.8461494509010709,0.4614194116056607,0.8306878306878307,0.7311015118790497,0.9548660084626234,0.8281345565749235,189.0,Arrhenatherum.elatius,0.5617893425668803,opth,4,False,mlp1,bce,msle
50,0.8938294010889293,0.21464225047560148,0.5384615384615384,0.9528130671506352,0.9943181818181818,0.9731232622798888,13.0,Artemisia.absinthium,0.4912746056121735,opth,4,False,mlp1,bce,msle
51,0.8982860110803323,0.34904390780187405,0.90625,0.8079409048938134,0.9965831435079726,0.8924018357980622,32.0,Artemisia.campestris,0.7141909048938135,opth,4,False,mlp1,bce,msle
52,0.6622412241224123,0.008227885741472698,0.25,0.8388838883888389,0.9967914438502674,0.9110459433040078,4.0,Artemisia.vulgaris,0.08888388838883898,opth,4,False,mlp1,bce,msle
53,0.7998137802607077,0.14727932590945353,0.5853658536585366,0.7700186219739292,0.9798578199052133,0.862356621480709,41.0,Asperula.cynanchica,0.3553844756324658,opth,4,False,mlp1,bce,msle
54,0.9245240253853128,0.22585881700616542,0.8333333333333334,0.8513145965548504,0.997874601487779,0.9187866927592955,12.0,Asphodelus.albus,0.6846479298881838,opth,4,False,mlp1,bce,msle
55,0.8795518207282913,0.285923739195725,0.6818181818181818,0.869281045751634,0.9851851851851852,0.9236111111111112,44.0,Aster.alpinus,0.5510992275698157,opth,4,False,mlp1,bce,msle
56,0.9150207636989769,0.27719732149275955,0.8888888888888888,0.8295350957155879,0.9978070175438597,0.9059233449477352,18.0,Aster.bellidiastrum,0.7184239846044767,opth,4,False,mlp1,bce,msle
57,0.9581458145814582,0.15534699831107018,1.0,0.7884788478847885,1.0,0.8817312531454454,4.0,Aster.linosyris,0.7884788478847886,opth,4,False,mlp1,bce,msle
58,0.8692466953336518,0.17619211266790674,0.30434782608695654,0.9276556776556777,0.9844509232264335,0.9552098066949553,23.0,Astragalus.alpinus,0.23200350374263423,opth,4,False,mlp1,bce,msle
59,0.86003600360036,0.04447018090310773,0.75,0.6615661566156615,0.998641304347826,0.7958852192744992,4.0,Astragalus.depressus,0.4115661566156614,opth,4,False,mlp1,bce,msle
60,0.855119825708061,0.11943387077336898,0.8518518518518519,0.7729779411764706,0.9952662721893492,0.8701500258665287,27.0,Astragalus.monspessulanus,0.6248297930283224,opth,4,False,mlp1,bce,msle
61,0.9421818181818182,0.18452291006608956,0.8,0.9127272727272727,0.997020854021847,0.9530137636449929,15.0,Astragalus.onobrychis,0.7127272727272729,opth,4,False,mlp1,bce,msle
62,0.9034772182254197,0.020884463042416323,1.0,0.8156474820143885,1.0,0.8984645864289252,3.0,Astragalus.penduliflorus,0.8156474820143886,opth,4,False,mlp1,bce,msle
63,0.8801463860933211,0.19186766834184996,0.7727272727272727,0.7822506861848124,0.9941860465116279,0.8755760368663594,22.0,Astrantia.major,0.5549779589120851,opth,4,False,mlp1,bce,msle
64,0.9425225225225226,0.11575662366892388,0.8,0.9207207207207208,0.9990224828934506,0.9582747304266291,5.0,Astrantia.minor,0.7207207207207209,opth,4,False,mlp1,bce,msle
65,0.8068181818181818,0.11493105552632762,0.6041666666666666,0.7891283973758201,0.9779326364692218,0.8734439834024896,48.0,Deschampsia.flexuosa,0.3932950640424866,opth,4,False,mlp1,bce,msle
66,0.8904423380726698,0.3637766663521262,0.7166666666666667,0.828436018957346,0.9809203142536476,0.8982528263103803,60.0,Bartsia.alpina,0.5451026856240127,opth,4,False,mlp1,bce,msle
67,0.9310798664612224,0.390477973064979,0.9830508474576272,0.7632575757575758,0.9987608426270136,0.8652710681696189,59.0,Bellis.perennis,0.7463084232152029,opth,4,False,mlp1,bce,msle
68,0.7488746537396122,0.10828578788028415,0.59375,0.7673130193905817,0.9845971563981043,0.8624805396990141,32.0,Biscutella.laevigata,0.3610630193905817,opth,4,False,mlp1,bce,msle
69,0.8756107776071478,0.06474286684143767,0.6923076923076923,0.8702359346642469,0.995846313603323,0.9288135593220339,13.0,Blackstonia.perfoliata,0.562543626971939,opth,4,False,mlp1,bce,msle
70,0.9378952122854561,0.30353280318918735,0.75,0.9205058717253839,0.9980411361410382,0.9577067669172933,8.0,Blysmus.compressus,0.6705058717253838,opth,4,False,mlp1,bce,msle
71,0.927265420936307,0.07524210345950673,0.7777777777777778,0.906871609403255,0.9980099502487563,0.9502605400284225,9.0,Bothriochloa.ischaemum,0.6846493871810329,opth,4,False,mlp1,bce,msle
72,0.8345321918849097,0.19079385866076407,0.6052631578947368,0.8190567853705486,0.9659477866061293,0.8864583333333333,76.0,Botrychium.lunaria,0.42431994326528555,opth,4,False,mlp1,bce,msle
73,0.541329739442947,0.0028500767865334373,0.0,0.8616352201257862,0.9979188345473465,0.9247830279652844,2.0,Brachypodium.sylvaticum,-0.1383647798742138,opth,4,False,mlp1,bce,msle
74,0.7437245732500104,0.34404627352392647,0.6492890995260664,0.7168141592920354,0.8975069252077562,0.7970479704797048,211.0,Briza.media,0.3661032588181019,opth,4,False,mlp1,bce,msle
75,0.9000217469605225,0.7986609179694111,0.8717948717948718,0.7959183673469388,0.908485856905158,0.8484848484848485,429.0,Bromus.erectus,0.6677132391418106,opth,4,False,mlp1,bce,msle
76,0.8802324088341038,0.2642112092266658,0.8813559322033898,0.7357954545454546,0.9910714285714286,0.8445652173913043,59.0,Bromus.hordeaceus,0.6171513867488443,opth,4,False,mlp1,bce,msle
77,0.9426192619261926,0.08884310134310135,0.75,0.9387938793879388,0.9990421455938697,0.9679814385150812,4.0,Bromus.squarrosus,0.6887938793879389,opth,4,False,mlp1,bce,msle
78,0.7568621492960599,0.03344557189759057,0.7222222222222222,0.6773017319963537,0.9933155080213903,0.805420054200542,18.0,Bromus.sterilis,0.399523954218576,opth,4,False,mlp1,bce,msle
79,0.8209954751131221,0.09681661587417734,0.5,0.8923076923076924,0.9949545913218971,0.9408396946564885,10.0,Bromus.tectorum,0.39230769230769225,opth,4,False,mlp1,bce,msle
80,0.8243405275779377,0.050160256410256406,0.6666666666666666,0.7275179856115108,0.9987654320987654,0.841831425598335,3.0,Bunias.orientalis,0.39418465227817734,opth,4,False,mlp1,bce,msle
81,0.8936597561660767,0.37128759122563754,0.8235294117647058,0.7621776504297995,0.9851851851851852,0.8594507269789984,68.0,Bunium.bulbocastanum,0.5857070621945053,opth,4,False,mlp1,bce,msle
82,0.864651682256038,0.057216989330924825,0.8461538461538461,0.7604355716878403,0.9976190476190476,0.86302780638517,13.0,Buphthalmum.salicifolium,0.6065894178416864,opth,4,False,mlp1,bce,msle
83,0.8412384716732544,0.08389303557550819,0.6363636363636364,0.8759057971014492,0.995880535530381,0.9320481927710843,11.0,Bupleurum.falcatum,0.5122694334650855,opth,4,False,mlp1,bce,msle
84,0.8495531607307136,0.12018011642803664,0.5357142857142857,0.860165593376265,0.9862869198312236,0.918918918918919,28.0,Bupleurum.ranunculoides,0.39587987909055067,opth,4,False,mlp1,bce,msle
85,0.9077757685352622,0.18332587038084466,0.8888888888888888,0.7784810126582279,0.9988399071925754,0.875,9.0,Calamagrostis.varia,0.6673699015471168,opth,4,False,mlp1,bce,msle
86,0.7853717026378897,0.015480267785912747,0.6666666666666666,0.6115107913669064,0.9985315712187959,0.758505298382599,3.0,Calluna.vulgaris,0.2781774580335732,opth,4,False,mlp1,bce,msle
87,0.9556472408457968,0.3227552125942467,0.7142857142857143,0.9485559566787004,0.9981006647673314,0.972697825080981,7.0,Calystegia.sepium,0.6628416709644147,opth,4,False,mlp1,bce,msle
88,0.8626473254759746,0.2512264070362663,0.5,0.9220308250226654,0.9941348973607038,0.9567262464722484,12.0,Campanula.barbata,0.4220308250226654,opth,4,False,mlp1,bce,msle
89,0.8722002635046113,0.06795566336833281,0.6363636363636364,0.8360507246376812,0.9956850053937433,0.9089118660758247,11.0,Campanula.cochleariifolia,0.4724143610013174,opth,4,False,mlp1,bce,msle
90,0.8615979712378018,0.22976590158797286,0.8305084745762712,0.7518939393939394,0.9875621890547264,0.853763440860215,59.0,Campanula.glomerata,0.5824024139702106,opth,4,False,mlp1,bce,msle
91,0.8659835242113724,0.05924472890186808,0.3333333333333333,0.953887884267631,0.9943449575871819,0.9736963544070143,9.0,Campanula.rapunculoides,0.2872212176009643,opth,4,False,mlp1,bce,msle
92,0.9396396396396396,0.11935178856231488,0.8,0.8261261261261261,0.9989106753812637,0.9043392504930966,5.0,Campanula.rapunculus,0.6261261261261262,opth,4,False,mlp1,bce,msle
93,0.8652602651147753,0.40886554194106123,0.8333333333333334,0.7652764306498545,0.9825653798256538,0.8604143947655398,84.0,Campanula.rhomboidalis,0.598609763983188,opth,4,False,mlp1,bce,msle
94,0.7061657032755297,0.2607325267044724,0.6363636363636364,0.6589595375722543,0.9606741573033708,0.7817142857142857,77.0,Campanula.rotundifolia,0.2953231739358908,opth,4,False,mlp1,bce,msle
95,0.8959354480717655,0.4666794427548776,0.6515151515151515,0.8728382502543235,0.9491150442477876,0.9093799682034976,132.0,Campanula.scheuchzeri,0.5243534017694751,opth,4,False,mlp1,bce,msle
96,0.7924324324324326,0.01775458553258678,0.8,0.845945945945946,0.9989361702127659,0.9160975609756098,5.0,Campanula.thyrsoides,0.645945945945946,opth,4,False,mlp1,bce,msle
97,0.6951205641492266,0.033295098031729364,0.4375,0.7525022747952684,0.9892344497607656,0.8547803617571059,16.0,Capsella.bursa.pastoris,0.19000227479526854,opth,4,False,mlp1,bce,msle
98,0.9803155102610638,0.5092045202690713,0.9230769230769231,0.9509981851179673,0.9990467111534795,0.9744304974430498,13.0,Cardamine.pratensis,0.8740751081948903,opth,4,False,mlp1,bce,msle
99,0.8342368259141627,0.3693624123360271,0.768595041322314,0.7323943661971831,0.9629629629629629,0.832,121.0,Carduus.defloratus,0.5009894075194972,opth,4,False,mlp1,bce,msle
100,0.849263600841599,0.2014303901828968,0.5,0.8349864743011722,0.9967707212055974,0.9087340529931305,6.0,Carduus.nutans,0.33498647430117234,opth,4,False,mlp1,bce,msle
101,0.8638473439917483,0.04711587444573961,0.7142857142857143,0.8240072202166066,0.9978142076502732,0.9026198714780029,7.0,Carex.atrata,0.5382929345023209,opth,4,False,mlp1,bce,msle
102,0.9412383528704539,0.3035571715541551,0.6666666666666666,0.9314697926059513,0.9980676328502416,0.9636194029850746,6.0,Carex.capillaris,0.5981364592726179,opth,4,False,mlp1,bce,msle
103,0.7291553789657456,0.18167074615459,0.3877551020408163,0.8377581120943953,0.9342105263157895,0.8833592534992224,98.0,Carex.caryophyllea,0.22551321413521164,opth,4,False,mlp1,bce,msle
104,0.9299535603715171,0.3063102194043329,0.9607843137254902,0.8214285714285714,0.997716894977169,0.9010309278350516,51.0,Carex.curvula,0.7822128851540615,opth,4,False,mlp1,bce,msle
105,0.746386630532972,0.04462799262616994,0.625,0.8934056007226739,0.9969758064516129,0.9423535016674607,8.0,Carex.davalliana,0.5184056007226738,opth,4,False,mlp1,bce,msle
106,0.9207920792079208,0.08932439401753481,1.0,0.7533753375337534,1.0,0.8593429158110883,4.0,Carex.distans,0.7533753375337535,opth,4,False,mlp1,bce,msle
107,0.9226441631504922,0.09272922182391613,0.7777777777777778,0.8327305605786618,0.9978331527627302,0.9078363725973386,9.0,Carex.divulsa,0.6105083383564396,opth,4,False,mlp1,bce,msle
108,0.7329136690647482,0.006653621804747442,0.3333333333333333,0.7859712230215827,0.997716894977169,0.8792756539235412,3.0,Carex.ericetorum,0.11930455635491599,opth,4,False,mlp1,bce,msle
109,1.0,1.0,1.0,0.6963162623539982,1.0,0.8209745762711864,2.0,Carex.ferruginea,0.6963162623539982,opth,4,False,mlp1,bce,msle
110,0.8105548946621128,0.2825260028838078,0.6699029126213593,0.8053359683794467,0.9599528857479388,0.8758731864588931,103.0,Carex.flacca,0.4752388810008059,opth,4,False,mlp1,bce,msle
111,0.8815914974792206,0.18137633473318052,0.8292682926829268,0.8296089385474861,0.9922048997772829,0.9036511156186613,41.0,Carex.halleriana,0.658877231230413,opth,4,False,mlp1,bce,msle
112,0.907653528872594,0.225740860274239,0.7916666666666666,0.8139321723189734,0.9944008958566629,0.8951612903225806,24.0,Carex.hirta,0.6055988389856402,opth,4,False,mlp1,bce,msle
113,0.9567177637511273,0.08781690668445032,1.0,0.8349864743011722,1.0,0.9100737100737101,6.0,Carex.hostiana,0.8349864743011723,opth,4,False,mlp1,bce,msle
114,0.88576943752138,0.18927011652610826,0.7105263157894737,0.8625812441968431,0.9882978723404255,0.9211700545364403,38.0,Carex.humilis,0.5731075599863167,opth,4,False,mlp1,bce,msle
115,0.9167579908675798,0.35202924397097013,0.5,0.9251141552511416,0.9902248289345064,0.9565627950897073,20.0,Carex.liparocarpos,0.4251141552511415,opth,4,False,mlp1,bce,msle
116,0.8259222661396575,0.06249264699630146,0.6363636363636364,0.7880434782608695,0.9954233409610984,0.8796764408493428,11.0,Carex.montana,0.42440711462450587,opth,4,False,mlp1,bce,msle
117,0.8366666666666667,0.05693617025523531,0.9,0.7342465753424657,0.9975186104218362,0.8458705944239874,20.0,Carex.spicata,0.6342465753424658,opth,4,False,mlp1,bce,msle
118,0.8679327918458354,0.2754821954609118,0.5217391304347826,0.9368131868131868,0.9893617021276596,0.9623706491063029,23.0,Carex.nigra,0.4585523172479693,opth,4,False,mlp1,bce,msle
119,0.8424750679963736,0.19349953754278668,0.8333333333333334,0.7778785131459656,0.9976744186046511,0.8741721854304636,12.0,Carex.ornithopoda,0.611211846479299,opth,4,False,mlp1,bce,msle
120,0.9118906455862977,0.15236833948470777,0.6363636363636364,0.927536231884058,0.9961089494163424,0.9606003752345216,11.0,Carex.pallescens,0.5638998682476943,opth,4,False,mlp1,bce,msle
121,0.8173886328725039,0.1783508823530214,0.7,0.83963133640553,0.9902173913043478,0.9087281795511222,30.0,Carex.panicea,0.5396313364055301,opth,4,False,mlp1,bce,msle
122,0.8913824057450628,0.00819672131147541,1.0,0.8770197486535009,1.0,0.9344811095169775,1.0,Carex.rupestris,0.8770197486535007,opth,4,False,mlp1,bce,msle
123,0.8672816885924731,0.4455426429938416,0.8908045977011494,0.7449521785334751,0.9736111111111111,0.8440698374473209,174.0,Carex.sempervirens,0.6357567762346243,opth,4,False,mlp1,bce,msle
124,0.8980995475113123,0.17869058465974114,0.7,0.8407239819004525,0.9967811158798283,0.9121256750122729,10.0,Carex.tomentosa,0.5407239819004523,opth,4,False,mlp1,bce,msle
125,0.8392087912087912,0.43266801845561276,0.7857142857142857,0.7497435897435898,0.9605781865965834,0.8421658986175116,140.0,Carlina.acaulis,0.5354578754578756,opth,4,False,mlp1,bce,msle
126,0.84082079536625,0.16517418448923663,0.5384615384615384,0.8751147842056933,0.9875647668393782,0.9279454722492697,26.0,Carlina.vulgaris,0.41357632266723177,opth,4,False,mlp1,bce,msle
127,0.8672905765016324,0.35605538683245697,0.8735632183908046,0.7363813229571985,0.9856770833333334,0.8429844097995546,87.0,Carum.carvi,0.6099445413480031,opth,4,False,mlp1,bce,msle
128,0.8470340572762517,0.36830876159309733,0.8791946308724832,0.6811594202898551,0.9733727810650887,0.8014616321559074,149.0,Centaurea.jacea,0.5603540511623382,opth,4,False,mlp1,bce,msle
129,0.8430080326632051,0.25123606556326034,0.7142857142857143,0.8191985088536813,0.9865319865319865,0.895112016293279,42.0,Centaurea.montana,0.5334842231393955,opth,4,False,mlp1,bce,msle
130,0.8622881686841077,0.3883743994600575,0.8692307692307693,0.7096446700507614,0.9762569832402235,0.8218694885361552,130.0,Centaurea.scabiosa,0.5788754392815307,opth,4,False,mlp1,bce,msle
131,0.8453834433722702,0.5337751861903148,0.6772727272727272,0.8122905027932961,0.9110275689223057,0.8588304784406379,220.0,Cerastium.arvense,0.4895632300660233,opth,4,False,mlp1,bce,msle
132,0.8510348583877996,0.17532544554896476,0.6666666666666666,0.7876838235294118,0.9896073903002309,0.8771750255885363,27.0,Cerastium.brachypetalum,0.4543504901960784,opth,4,False,mlp1,bce,msle
133,0.8305764751882767,0.3177504631832848,0.7796610169491526,0.7372116349047142,0.9658344283837057,0.8361774744027304,118.0,Cerastium.fontanum,0.5168726518538667,opth,4,False,mlp1,bce,msle
134,0.9397431192660549,0.5430597838009907,0.76,0.9293577981651376,0.9941118743866536,0.9606448553816975,25.0,Cerastium.glomeratum,0.6893577981651378,opth,4,False,mlp1,bce,msle
135,0.8886454562773862,0.19875579675194768,0.5517241379310345,0.9134438305709024,0.9870646766169154,0.9488283118125299,29.0,Cerastium.pumilum,0.465167968501937,opth,4,False,mlp1,bce,msle
136,0.8629817049435577,0.12621305442140893,0.6428571428571429,0.8110808356039964,0.9944320712694877,0.8934467233616809,14.0,Cerastium.semidecandrum,0.45393797846113926,opth,4,False,mlp1,bce,msle
137,0.866869918699187,0.10238681346059382,0.75,0.8364950316169828,0.9978448275862069,0.9100737100737101,8.0,Chaerophyllum.aureum,0.5864950316169828,opth,4,False,mlp1,bce,msle
138,0.9644003908976686,0.28623107725175795,1.0,0.7431941923774955,1.0,0.8526808953669963,13.0,Chaerophyllum.hirsutum,0.7431941923774956,opth,4,False,mlp1,bce,msle
139,0.9084877949964549,0.21612072304468566,0.7222222222222222,0.9225159525979946,0.9950835791543756,0.9574266792809839,18.0,Chaerophyllum.villarsii,0.6447381748202168,opth,4,False,mlp1,bce,msle
140,0.8827632763276327,0.05277581289031671,0.75,0.8433843384338434,0.9989339019189766,0.9145924841386042,4.0,Chenopodium.album,0.5933843384338435,opth,4,False,mlp1,bce,msle
141,0.8170897552130553,0.05978197973240801,0.75,0.815049864007253,0.9966740576496674,0.8967581047381546,12.0,Chondrilla.juncea,0.565049864007253,opth,4,False,mlp1,bce,msle
142,0.8956936565239815,0.048001577984674325,0.7142857142857143,0.7851985559566786,0.9977064220183486,0.8787878787878788,7.0,Cichorium.intybus,0.49948427024239295,opth,4,False,mlp1,bce,msle
143,0.7059166190748143,0.20245559109908012,0.5058823529411764,0.7533980582524272,0.9486552567237164,0.8398268398268398,85.0,Cirsium.acaule,0.25928041119360357,opth,4,False,mlp1,bce,msle
144,0.7435849056603774,0.10513392967437223,0.6727272727272727,0.7018867924528301,0.9763779527559056,0.8166849615806806,55.0,Cirsium.arvense,0.3746140651801029,opth,4,False,mlp1,bce,msle
145,0.9063735177865613,0.06328016980431891,0.45454545454545453,0.9230072463768116,0.9941463414634146,0.9572569281352747,11.0,Cirsium.eriophorum,0.3775527009222661,opth,4,False,mlp1,bce,msle
146,0.955862977602108,0.19884578697165728,0.8181818181818182,0.9112318840579711,0.998015873015873,0.9526515151515151,11.0,Cirsium.palustre,0.7294137022397893,opth,4,False,mlp1,bce,msle
147,0.8517411745955854,0.21806822681550725,0.5957446808510638,0.8614232209737828,0.979765708200213,0.916791230692576,47.0,Cirsium.spinosissimum,0.45716790182484646,opth,4,False,mlp1,bce,msle
148,0.7668479903294046,0.030213310891388595,0.8333333333333334,0.5965548504079783,0.996969696969697,0.7464549064095292,12.0,Cirsium.tuberosum,0.42988818374131155,opth,4,False,mlp1,bce,msle
149,0.7738186707645025,0.14294197021538965,0.42105263157894735,0.9288321167883211,0.989310009718173,0.9581176470588235,19.0,Cirsium.vulgare,0.34988474836726846,opth,4,False,mlp1,bce,msle
150,0.8286666666666667,0.0730550538302613,0.7333333333333333,0.7290909090909091,0.9950372208436724,0.8415529905561385,15.0,Clinopodium.vulgare,0.4624242424242424,opth,4,False,mlp1,bce,msle
151,0.8233939393939393,0.08445485016619864,0.8,0.7536363636363637,0.9963942307692307,0.8581780538302277,15.0,Coeloglossum.viride,0.5536363636363637,opth,4,False,mlp1,bce,msle
152,0.8308816595945309,0.3462086457642099,0.7428571428571429,0.7702970297029703,0.9664596273291925,0.8573002754820936,105.0,Colchicum.autumnale,0.5131541725601132,opth,4,False,mlp1,bce,msle
153,0.8476257237064153,0.24518498509051057,0.8108108108108109,0.7492795389048992,0.982367758186398,0.8501362397820164,74.0,Convolvulus.arvensis,0.5600903497157099,opth,4,False,mlp1,bce,msle
154,0.7412398921832883,0.0051813471502590676,0.5,0.7690925426774483,0.9988331388564761,0.8690355329949239,2.0,Conyza.canadensis,0.2690925426774484,opth,4,False,mlp1,bce,msle
155,0.8725336002287676,0.18208353393173302,0.6153846153846154,0.8819702602230484,0.9844398340248963,0.9303921568627451,39.0,Coronilla.minima,0.4973548756076638,opth,4,False,mlp1,bce,msle
156,0.8470081595648231,0.037778311381923745,0.6666666666666666,0.843155031731641,0.9957173447537473,0.9131075110456554,12.0,Crepis.aurea,0.5098216983983077,opth,4,False,mlp1,bce,msle
157,0.8876397041753723,0.26458973003121405,0.8421052631578947,0.7854442344045368,0.9892857142857143,0.8756585879873551,57.0,Crepis.biennis,0.6275494975624314,opth,4,False,mlp1,bce,msle
158,0.8861764114928672,0.14841951149728114,0.6666666666666666,0.8688969258589512,0.9968879668049793,0.9285024154589372,9.0,Crepis.bocconi,0.5355635925256177,opth,4,False,mlp1,bce,msle
159,0.930246399238186,0.32763111340487877,0.9032258064516129,0.8182656826568265,0.996629213483146,0.8986828774062816,31.0,Crepis.conyzifolia,0.7214914891084394,opth,4,False,mlp1,bce,msle
160,0.9115514592933948,0.2875343031717741,0.8,0.8589861751152074,0.9936034115138592,0.921403855659911,30.0,Crepis.foetida,0.6589861751152073,opth,4,False,mlp1,bce,msle
161,0.9344703770197487,0.013513513513513514,0.0,0.9497307001795332,0.9990557129367328,0.9737689829728486,1.0,Crepis.mollis,-0.050269299820466795,opth,4,False,mlp1,bce,msle
162,0.8967669864633986,0.3302607884422444,0.75,0.8822447102115916,0.9927536231884058,0.934242571846079,28.0,Crepis.pyrenaica,0.6322447102115916,opth,4,False,mlp1,bce,msle
163,0.8284923101442345,0.15736902171817896,0.6382978723404256,0.8202247191011236,0.9809630459126539,0.8934217236104028,47.0,Crepis.vesicaria,0.45852259144154917,opth,4,False,mlp1,bce,msle
164,0.9739442946990117,0.0478021978021978,1.0,0.8292902066486972,1.0,0.906679764243615,2.0,Cruciata.glabra,0.8292902066486971,opth,4,False,mlp1,bce,msle
165,0.8554460739382829,0.20099502486625725,0.75,0.7112740604949588,0.9923273657289002,0.8286171916711158,24.0,Cruciata.laevipes,0.4612740604949588,opth,4,False,mlp1,bce,msle
166,0.8007836045810729,0.0332466491641762,0.7777777777777778,0.7368896925858951,0.9975520195838433,0.8476339053562143,9.0,Cruciata.pedemontana,0.5146674703636729,opth,4,False,mlp1,bce,msle
167,0.8661116111611161,0.01587897825851225,1.0,0.7254725472547254,1.0,0.8408972352634324,4.0,Cuscuta.epithymum,0.7254725472547254,opth,4,False,mlp1,bce,msle
168,0.8798949379178606,0.25122735751115155,0.7647058823529411,0.8357211079274116,0.9820426487093153,0.9029927760577915,68.0,Cynosurus.cristatus,0.6004269902803527,opth,4,False,mlp1,bce,msle
169,0.8280362591594468,0.6433056139562484,0.8192090395480226,0.6898817345597897,0.8913412563667232,0.7777777777777778,354.0,Dactylis.glomerata,0.5090907741078123,opth,4,False,mlp1,bce,msle
170,0.6905620679290652,0.009430704432423914,1.0,0.5220919747520288,1.0,0.6860189573459715,6.0,Dactylorhiza.maculata,0.522091974752029,opth,4,False,mlp1,bce,msle
171,0.6626089570183349,0.08757160079762671,0.5,0.9062218214607755,0.9970238095238095,0.949456778460085,6.0,Dactylorhiza.majalis,0.40622182146077535,opth,4,False,mlp1,bce,msle
172,0.7662016201620162,0.12512063606546114,0.5,0.9891989198919892,0.9981834695731153,0.9936708860759493,4.0,Danthonia.decumbens,0.48919891989198927,opth,4,False,mlp1,bce,msle
173,0.8503671906234875,0.2738791222432085,0.9032258064516129,0.6722113502935421,0.9870689655172413,0.79976717112922,93.0,Daucus.carota,0.575437156745155,opth,4,False,mlp1,bce,msle
174,0.8468086334256695,0.28903902298444806,0.78125,0.8116343490304709,0.9920993227990971,0.8928390045708482,32.0,Deschampsia.cespitosa,0.5928843490304709,opth,4,False,mlp1,bce,msle
175,0.751309367932389,0.07894932136508281,0.25806451612903225,0.9169741697416974,0.9773844641101278,0.9462160875773441,31.0,Dianthus.carthusianorum,0.1750386858707298,opth,4,False,mlp1,bce,msle
176,0.8549006323396569,0.03411200781246453,0.5,0.8455284552845529,0.9957446808510638,0.9145090376160234,8.0,Dianthus.deltoides,0.345528455284553,opth,4,False,mlp1,bce,msle
177,0.8597364042671191,0.2549903783507938,0.6551724137931034,0.8637653736991485,0.9785637727759914,0.9175879396984925,58.0,Dianthus.sylvestris,0.5189377874922521,opth,4,False,mlp1,bce,msle
178,0.7747747747747747,0.011745247260559949,0.4,0.8225225225225226,0.9967248908296943,0.9012833168805529,5.0,Dipsacus.fullonum,0.2225225225225227,opth,4,False,mlp1,bce,msle
179,0.8811149228130362,0.23110450046060468,0.7090909090909091,0.8216981132075472,0.9819616685456595,0.8947098099640473,55.0,Draba.aizoides,0.5307890222984564,opth,4,False,mlp1,bce,msle
180,0.8491921005385996,0.005917159763313609,0.0,0.9138240574506283,0.9990186457311089,0.9545241443975622,1.0,Draba.siliquosa,-0.08617594254937166,opth,4,False,mlp1,bce,msle
181,0.8754578754578755,0.1398253512747041,0.782608695652174,0.8168498168498168,0.9944258639910813,0.8969331322272499,23.0,Dryas.octopetala,0.5994585125019909,opth,4,False,mlp1,bce,msle
182,0.9424977538185085,0.25775193798449614,0.5,0.9739442946990117,0.9990783410138249,0.986351228389445,2.0,Dryopteris.filix.mas,0.4739442946990118,opth,4,False,mlp1,bce,msle
183,0.8257407407407407,0.1834527830588506,0.8285714285714286,0.6842592592592592,0.9919463087248322,0.8098630136986301,35.0,Echium.vulgare,0.5128306878306879,opth,4,False,mlp1,bce,msle
184,0.7966735430634346,0.05120741073126533,0.7142857142857143,0.7689530685920578,0.9976580796252927,0.8685015290519877,7.0,Epilobium.angustifolium,0.483238782877772,opth,4,False,mlp1,bce,msle
185,,-0.0,0.0,0.9264573991031391,1.0,0.9618249534450651,0.0,Epipactis.palustris,-0.07354260089686093,opth,4,False,mlp1,bce,msle
186,0.7736250379823761,0.10367134968375627,0.7777777777777778,0.6882406563354604,0.994729907773386,0.8135775862068966,18.0,Equisetum.arvense,0.4660184341132383,opth,4,False,mlp1,bce,msle
187,0.8795475113122172,0.07827832081547449,0.6,0.8877828054298642,0.9959390862944163,0.938755980861244,10.0,Equisetum.palustre,0.4877828054298643,opth,4,False,mlp1,bce,msle
188,0.9029649595687332,0.02886002886002886,0.0,0.995507637017071,0.9981981981981982,0.99685110211426,2.0,Equisetum.telmateia,-0.004492362982928988,opth,4,False,mlp1,bce,msle
189,0.8160569105691058,0.025201599966924317,0.125,0.9494128274616079,0.9933837429111532,0.9709006928406466,8.0,Erigeron.acer,0.07441282746160782,opth,4,False,mlp1,bce,msle
190,0.8355391202802647,0.07635132312265516,0.5,0.8555858310626703,0.9926238145416227,0.9190243902439025,14.0,Erigeron.alpinus,0.3555858310626703,opth,4,False,mlp1,bce,msle
191,0.8813524078848872,0.12262837816444798,0.5909090909090909,0.868252516010979,0.9906054279749478,0.9254022428083861,22.0,Erigeron.annuus,0.4591616069200699,opth,4,False,mlp1,bce,msle
192,0.8711872146118721,0.10227613227421609,0.2,0.9680365296803652,0.9851301115241635,0.976508521418701,20.0,Erigeron.glabratus,0.1680365296803652,opth,4,False,mlp1,bce,msle
193,0.7553153153153154,0.024686588899149563,0.4,0.8387387387387387,0.9967880085653105,0.910958904109589,5.0,Erigeron.neglectus,0.23873873873873874,opth,4,False,mlp1,bce,msle
194,0.9102564102564102,0.24055925032356779,0.8461538461538461,0.8282828282828283,0.9955849889624724,0.9042606516290727,26.0,Erigeron.uniflorus,0.6744366744366745,opth,4,False,mlp1,bce,msle
195,0.8992760180995476,0.07177870075472992,0.3,0.9538461538461539,0.9934024505183789,0.9732225300092336,10.0,Erodium.cicutarium,0.25384615384615383,opth,4,False,mlp1,bce,msle
196,0.8288260913602755,0.0596665677822998,0.6666666666666666,0.8313582497721057,0.9934640522875817,0.9052109181141439,18.0,Erophila.verna,0.49802491643877245,opth,4,False,mlp1,bce,msle
197,0.9225769230769231,0.3841716091205638,0.8533333333333334,0.8519230769230769,0.987736900780379,0.9148167268972638,75.0,Eryngium.campestre,0.7052564102564103,opth,4,False,mlp1,bce,msle
198,0.852909090909091,0.16680248832726416,0.7333333333333333,0.8336363636363636,0.995656894679696,0.9074715487382484,15.0,Erysimum.rhaeticum,0.5669696969696969,opth,4,False,mlp1,bce,msle
199,0.8221544715447154,0.09994639925470819,0.5,0.8437217705510388,0.9957356076759062,0.9134474327628361,8.0,Erysimum.virgatum,0.3437217705510389,opth,4,False,mlp1,bce,msle
200,0.7765526552655265,0.01061111959632986,0.0,0.9774977497749775,0.9963302752293578,0.9868241708314403,4.0,Eupatorium.cannabinum,-0.022502250225022502,opth,4,False,mlp1,bce,msle
201,0.7654467626064403,0.41946049117904133,0.7606382978723404,0.627831715210356,0.9282296650717703,0.749034749034749,188.0,Euphorbia.cyparissias,0.38847001308269635,opth,4,False,mlp1,bce,msle
202,,-0.0,0.0,0.9085201793721973,1.0,0.9520676691729323,0.0,Euphorbia.dulcis,-0.09147982062780269,opth,4,False,mlp1,bce,msle
203,0.7536003600360037,0.009801674525837495,0.0,0.9675967596759676,0.9962928637627433,0.9817351598173516,4.0,Euphorbia.helioscopia,-0.03240324032403241,opth,4,False,mlp1,bce,msle
204,0.9659618359979371,0.3057079152731326,0.8571428571428571,0.9223826714801444,0.9990224828934506,0.9591740966682308,7.0,Euphorbia.seguieriana,0.7795255286230014,opth,4,False,mlp1,bce,msle
205,0.8196244131455399,0.16836040919913403,0.84,0.6863849765258216,0.9891745602165088,0.8104212860310421,50.0,Euphorbia.brittingeri,0.5263849765258217,opth,4,False,mlp1,bce,msle
206,0.7220972097209721,0.03357328250174442,0.25,0.8343834383438344,0.9967741935483871,0.9083782459578638,4.0,Euphrasia.alpina,0.08438343834383444,opth,4,False,mlp1,bce,msle
207,0.9023586598375363,0.35552734420588705,0.8103448275862069,0.8306527909176916,0.9876265466816648,0.9023638232271326,58.0,Euphrasia.minima,0.6409976185038984,opth,4,False,mlp1,bce,msle
208,0.8502918586789554,0.19629177928758462,0.6333333333333333,0.8792626728110599,0.9886010362694301,0.9307317073170732,30.0,Euphrasia.salisburgensis,0.5125960061443933,opth,4,False,mlp1,bce,msle
209,0.7097209720972097,0.008348087681563948,0.5,0.7542754275427542,0.9976190476190476,0.859046642747309,4.0,Euphrasia.stricta,0.25427542754275434,opth,4,False,mlp1,bce,msle
210,0.854692913690649,0.3125494102991676,0.8627450980392157,0.7265547877591313,0.9813333333333333,0.8349404424276801,102.0,Festuca.arundinacea,0.5892998857983471,opth,4,False,mlp1,bce,msle
211,0.8399921146011302,0.24815907296659956,0.5357142857142857,0.9337626494940202,0.9873540856031129,0.9598108747044918,28.0,Festuca.ovina,0.4694769352083059,opth,4,False,mlp1,bce,msle
212,0.9095026350461133,0.13263750455827097,0.8181818181818182,0.8206521739130435,0.9977973568281938,0.9005964214711729,11.0,Festuca.halleri,0.6388339920948618,opth,4,False,mlp1,bce,msle
213,0.8497662669114678,0.45338010003876694,0.7639751552795031,0.7693920335429769,0.9507772020725389,0.8505214368482039,161.0,Festuca.laevigata,0.53336718882248,opth,4,False,mlp1,bce,msle
214,0.8333233191131407,0.3612523655000814,0.7867647058823529,0.745658835546476,0.9617918313570487,0.8400460299194477,136.0,Festuca.nigrescens,0.532423541428829,opth,4,False,mlp1,bce,msle
215,0.9117958129841042,0.38465044581640023,0.8688524590163934,0.7874762808349146,0.9904534606205251,0.8773784355179705,61.0,Festuca.paniculata,0.656328739851308,opth,4,False,mlp1,bce,msle
216,0.9007061266874351,0.2268929764015127,0.7111111111111111,0.8598130841121495,0.9860664523043944,0.9186220668996505,45.0,Festuca.quadriflora,0.5709241952232607,opth,4,False,mlp1,bce,msle
217,0.7012094731509625,0.26759899781409135,0.625,0.6960486322188449,0.9346938775510204,0.7979094076655052,128.0,Festuca.rubra,0.32104863221884505,opth,4,False,mlp1,bce,msle
218,0.9247926267281107,0.45822128364470366,0.8333333333333334,0.9087557603686636,0.9949545913218971,0.9499036608863198,30.0,Festuca.valesiaca,0.7420890937019968,opth,4,False,mlp1,bce,msle
219,0.8974928229665071,0.5095574334906574,0.7333333333333333,0.8515789473684211,0.9484173505275498,0.8973932334997227,165.0,Festuca.violacea,0.5849122807017544,opth,4,False,mlp1,bce,msle
220,0.8027342549923195,0.25585979035500117,0.6333333333333333,0.776036866359447,0.9871043376318874,0.868937048503612,30.0,Filipendula.vulgaris,0.4093701996927803,opth,4,False,mlp1,bce,msle
221,0.7194570135746607,0.020582953453813523,0.8,0.5312217194570136,0.9966044142614601,0.693034238488784,10.0,Fragaria.vesca,0.33122171945701373,opth,4,False,mlp1,bce,msle
222,0.9322044894251978,0.18097838360871518,0.6428571428571429,0.9455040871934605,0.9952198852772467,0.9697251979506288,14.0,Fumana.procumbens,0.5883612300506034,opth,4,False,mlp1,bce,msle
223,0.9007650765076507,0.09848435744533747,0.75,0.8370837083708371,0.9989258861439313,0.910871694417238,4.0,Galeopsis.tetrahit,0.5870837083708371,opth,4,False,mlp1,bce,msle
224,0.8136447655856159,0.0898904048578183,0.7272727272727273,0.7347504621072088,0.9888059701492538,0.8430540827147401,33.0,Galium.anisophyllon,0.46202318937993603,opth,4,False,mlp1,bce,msle
225,0.6650450450450451,0.007928362611363446,0.8,0.5891891891891892,0.9984732824427481,0.7410764872521246,5.0,Galium.aparine,0.3891891891891892,opth,4,False,mlp1,bce,msle
226,0.7878227748837731,0.12875166788914172,0.696969696969697,0.6691312384473198,0.9863760217983651,0.7973568281938326,33.0,Galium.boreale,0.3661009354170168,opth,4,False,mlp1,bce,msle
227,0.9189321388116569,0.3111983282079654,0.7222222222222222,0.8989805375347544,0.9897959183673469,0.9422049538610976,36.0,Galium.corrudifolium,0.6212027597569767,opth,4,False,mlp1,bce,msle
228,0.8691534914361002,0.05164382452962118,0.8181818181818182,0.8007246376811594,0.9977426636568849,0.8884422110552764,11.0,Galium.glaucum,0.6189064558629775,opth,4,False,mlp1,bce,msle
229,0.8600729261622607,0.2079631067506784,0.9444444444444444,0.5633546034639927,0.9983844911147012,0.7202797202797203,18.0,Galium.lucidum,0.5077990479084371,opth,4,False,mlp1,bce,msle
230,0.8103893206049846,0.5098864482854321,0.8547008547008547,0.6356413166855845,0.9427609427609428,0.7593220338983051,234.0,Galium.mollugo,0.4903421713864393,opth,4,False,mlp1,bce,msle
231,0.7662007028504491,0.29093949389559703,0.7153846153846154,0.7086294416243655,0.9496598639455782,0.8116279069767441,130.0,Galium.pumilum,0.42401405700898076,opth,4,False,mlp1,bce,msle
232,0.7976861918999729,0.526791623569264,0.7879858657243817,0.6778846153846154,0.9038461538461539,0.7747252747252747,283.0,Galium.verum,0.4658704811089971,opth,4,False,mlp1,bce,msle
233,0.8440904932213258,0.11911177642086748,0.5454545454545454,0.898444647758463,0.9899193548387096,0.9419664268585132,22.0,Genista.pilosa,0.4438991932130083,opth,4,False,mlp1,bce,msle
234,0.7638259292837716,0.03601020378744978,0.4166666666666667,0.9048050770625566,0.9930348258706467,0.9468690702087287,12.0,Genista.sagittalis,0.3214717437292234,opth,4,False,mlp1,bce,msle
235,0.8455598455598455,0.20256310636399982,0.5945945945945946,0.8608534322820037,0.9840933191940615,0.9183572488866898,37.0,Genista.tinctoria,0.45544802687659836,opth,4,False,mlp1,bce,msle
236,0.8355971785339815,0.14098401912431985,0.6923076923076923,0.7899628252788105,0.9860788863109049,0.8771929824561403,39.0,Gentiana.acaulis,0.48227051758650274,opth,4,False,mlp1,bce,msle
237,0.9497515808491418,0.18955080774661912,0.625,0.938572719060524,0.9971209213051824,0.9669613773848301,8.0,Gentiana.alpina,0.563572719060524,opth,4,False,mlp1,bce,msle
238,0.9681536874677669,0.4868011520150718,0.42857142857142855,0.9855595667870036,0.9963503649635036,0.9909255898366606,7.0,Gentiana.bavarica,0.41413099535843223,opth,4,False,mlp1,bce,msle
239,0.9051383399209485,0.065275940020782,0.9090909090909091,0.7608695652173914,0.9988109393579072,0.8637532133676092,11.0,Gentiana.cruciata,0.6699604743083003,opth,4,False,mlp1,bce,msle
240,0.8717188399269323,0.30488308697075317,0.7662337662337663,0.8236994219653179,0.979381443298969,0.8948194662480377,77.0,Gentiana.lutea,0.5899331881990841,opth,4,False,mlp1,bce,msle
241,0.8206521739130433,0.038215825278622426,0.2727272727272727,0.9547101449275363,0.992467043314501,0.9732225300092336,11.0,Gentiana.nivalis,0.22743741765480907,opth,4,False,mlp1,bce,msle
242,0.9113965744400527,0.11945800070619962,0.7272727272727273,0.8596014492753623,0.9968487394957983,0.9231517509727627,11.0,Gentiana.punctata,0.5868741765480896,opth,4,False,mlp1,bce,msle
243,0.8708887684867458,0.39940570457034275,0.7653061224489796,0.7856440511307768,0.9720194647201946,0.8689505165851006,98.0,Gentiana.verna,0.5509501735797564,opth,4,False,mlp1,bce,msle
244,0.897197005892658,0.14732798522195348,0.9130434782608695,0.7619047619047619,0.9976019184652278,0.8639667705088265,23.0,Geranium.columbinum,0.6749482401656315,opth,4,False,mlp1,bce,msle
245,0.9207976250490114,0.2872687307941266,0.9393939393939394,0.8022181146025879,0.9977011494252873,0.889344262295082,33.0,Geranium.dissectum,0.7416120539965272,opth,4,False,mlp1,bce,msle
246,0.9020057136055231,0.2735027778053505,0.7419354838709677,0.8321033210332104,0.9912087912087912,0.9047141424272819,31.0,Geranium.molle,0.5740388049041782,opth,4,False,mlp1,bce,msle
247,0.7862287400208261,0.13910089024662792,0.6511627906976745,0.7583955223880597,0.9818840579710145,0.8557894736842105,43.0,Geranium.pyrenaicum,0.4095583130857343,opth,4,False,mlp1,bce,msle
248,0.8450134770889488,0.008377017165176276,1.0,0.7053009883198562,1.0,0.827186512118019,2.0,Geranium.robertianum,0.7053009883198562,opth,4,False,mlp1,bce,msle
249,0.9371069182389937,0.023234683281412254,1.0,0.8104222821203954,1.0,0.8952853598014888,2.0,Geranium.rotundifolium,0.8104222821203955,opth,4,False,mlp1,bce,msle
250,0.6196043165467626,0.004521645876063977,0.0,0.7877697841726619,0.9965870307167235,0.8799598191863385,3.0,Geranium.sanguineum,-0.21223021582733814,opth,4,False,mlp1,bce,msle
251,0.8889009497964722,0.5183653925196926,0.8181818181818182,0.7761194029850746,0.975,0.8642659279778393,110.0,Geranium.sylvaticum,0.594301221166893,opth,4,False,mlp1,bce,msle
252,0.8892711571675302,0.48283563907647314,0.8733333333333333,0.7937823834196891,0.975796178343949,0.8754285714285714,150.0,Geum.montanum,0.6671157167530224,opth,4,False,mlp1,bce,msle
253,0.852622061482821,0.20745266877228483,0.6666666666666666,0.7938517179023508,0.996594778660613,0.8837443381982889,9.0,Geum.rivale,0.4605183845690175,opth,4,False,mlp1,bce,msle
254,0.8216426858513189,0.04070149388048956,0.6666666666666666,0.7751798561151079,0.9988412514484357,0.8729113924050633,3.0,Geum.urbanum,0.4418465227817745,opth,4,False,mlp1,bce,msle
255,0.738653441538924,0.026563448662137692,0.5,0.9053201082055906,0.997020854021847,0.9489603024574669,6.0,Glechoma.hederacea,0.4053201082055906,opth,4,False,mlp1,bce,msle
256,0.8588014153029633,0.24508517018335754,0.5490196078431373,0.8966165413533834,0.9764585465711362,0.9348358647721705,51.0,Globularia.bisnagarica,0.44563614919652084,opth,4,False,mlp1,bce,msle
257,0.8406722628265431,0.3642258401930524,0.6346153846153846,0.8682972718720602,0.9798301486199575,0.9206982543640898,52.0,Globularia.cordifolia,0.5029126564874447,opth,4,False,mlp1,bce,msle
258,0.9610311750599521,0.1991789819376026,1.0,0.8669064748201439,1.0,0.928709055876686,3.0,Globularia.nudicaulis,0.8669064748201438,opth,4,False,mlp1,bce,msle
259,0.7554452715743039,0.13003869585211975,0.5967741935483871,0.7435897435897436,0.969059405940594,0.8414830736163353,62.0,Gymnadenia.conopsea,0.3403639371381306,opth,4,False,mlp1,bce,msle
260,0.9009049773755656,0.15508389707009726,0.8,0.8226244343891402,0.9978046103183315,0.9017857142857143,10.0,Gypsophila.repens,0.6226244343891403,opth,4,False,mlp1,bce,msle
261,0.798357446402139,0.40022271365961326,0.7541899441340782,0.7211538461538461,0.9388038942976356,0.8157099697885196,179.0,Helianthemum.nummularium,0.4753437902879245,opth,4,False,mlp1,bce,msle
262,0.648964896489649,0.006276330252191217,0.5,0.729072907290729,0.9975369458128078,0.8424336973478939,4.0,Helleborus.foetidus,0.22907290729072916,opth,4,False,mlp1,bce,msle
263,0.8328926254887337,0.2738493665675774,0.9069767441860465,0.640427599611273,0.9880059970014993,0.777122641509434,86.0,Heracleum.sphondylium,0.5474043437973195,opth,4,False,mlp1,bce,msle
264,0.8024755028365137,0.024780812074709144,0.7142857142857143,0.8889891696750902,0.9979736575481256,0.9403341288782816,7.0,Hieracium.bifidum,0.6032748839608044,opth,4,False,mlp1,bce,msle
265,0.8162007814848211,0.015862786028672082,0.6666666666666666,0.7935076645626691,0.9977324263038548,0.8839779005524862,6.0,Hieracium.murorum,0.4601743312293358,opth,4,False,mlp1,bce,msle
266,0.8878302010776713,0.24495324208553482,0.6071428571428571,0.8767249310027599,0.9885892116182573,0.9293027791321307,28.0,Hieracium.piliferum,0.48386778814561704,opth,4,False,mlp1,bce,msle
267,0.9506306306306307,0.05767006665460668,1.0,0.8639639639639639,1.0,0.9270178830352828,5.0,Hieracium.prenanthoides,0.8639639639639638,opth,4,False,mlp1,bce,msle
268,0.8603638896143466,0.14884772796057272,0.47619047619047616,0.8939670932358318,0.9888776541961577,0.9390302448391743,21.0,Hieracium.villosum,0.37015756942630795,opth,4,False,mlp1,bce,msle
269,0.8447793148880105,0.11396694902932669,0.5454545454545454,0.8596014492753623,0.9947589098532494,0.9222546161321672,11.0,Himantoglossum.hircinum,0.4050559947299077,opth,4,False,mlp1,bce,msle
270,0.7437269681742045,0.23675864778017233,0.5166666666666667,0.8050251256281407,0.9324796274738067,0.8640776699029126,120.0,Hippocrepis.comosa,0.3216917922948075,opth,4,False,mlp1,bce,msle
271,0.935857929285634,0.6452362346025917,0.8492063492063492,0.8533872598584429,0.9779837775202781,0.9114470842332614,126.0,Holcus.lanatus,0.7025936090647922,opth,4,False,mlp1,bce,msle
272,0.9026291355128769,0.2574041996941059,0.6052631578947368,0.8969359331476323,0.9847094801223242,0.9387755102040817,38.0,Homogyne.alpina,0.5021990910423693,opth,4,False,mlp1,bce,msle
273,0.9319457013574661,0.09771581918133192,0.5,0.9529411764705882,0.995274102079395,0.9736477115117892,10.0,Hornungia.petraea,0.4529411764705882,opth,4,False,mlp1,bce,msle
274,0.9248585671875876,0.3609611982224493,0.8181818181818182,0.8706099815157117,0.9936708860759493,0.9280788177339901,33.0,Hypericum.maculatum,0.6887917996975299,opth,4,False,mlp1,bce,msle
275,0.8402435897435898,0.25809249928417294,0.9466666666666667,0.6057692307692307,0.9936908517350158,0.7526881720430108,75.0,Hypericum.perforatum,0.5524358974358974,opth,4,False,mlp1,bce,msle
276,0.9097614678899082,0.16654248257236684,0.96,0.8064220183486238,0.9988636363636364,0.8923857868020305,25.0,Hypericum.richeri,0.7664220183486239,opth,4,False,mlp1,bce,msle
277,0.8764545360930903,0.2975249070023377,0.7222222222222222,0.8155699721964782,0.9887640449438202,0.8938547486033519,36.0,Hypochaeris.maculata,0.5377921944187003,opth,4,False,mlp1,bce,msle
278,0.9405555834127263,0.3696056684433552,0.8648648648648649,0.8580705009276438,0.9946236559139785,0.9213147410358565,37.0,Hypochaeris.radicata,0.7229353657925088,opth,4,False,mlp1,bce,msle
279,0.9837983798379839,0.16300933786078098,1.0,0.8973897389738974,1.0,0.9459203036053131,4.0,Hyssopus.officinalis,0.8973897389738974,opth,4,False,mlp1,bce,msle
280,0.933665760048353,0.1968891872033541,1.0,0.7679057116953762,1.0,0.8687179487179487,12.0,Inula.salicina,0.7679057116953762,opth,4,False,mlp1,bce,msle
281,0.9483378256963162,0.5085470085470085,1.0,0.7915543575920935,1.0,0.8836509528585758,2.0,Isatis.tinctoria,0.7915543575920934,opth,4,False,mlp1,bce,msle
282,0.5426766374419804,0.010523824296559089,0.42857142857142855,0.6949458483754513,0.9948320413436692,0.8182784272051009,7.0,Juncus.alpinoarticulatus,0.12351727694687975,opth,4,False,mlp1,bce,msle
283,0.9280132251277426,0.20100288042248407,0.8333333333333334,0.8809738503155996,0.9989775051124744,0.9362721609966459,6.0,Juncus.articulatus,0.714307183648933,opth,4,False,mlp1,bce,msle
284,0.8498035660320339,0.2343419208649307,0.25,0.970988213961922,0.9916666666666667,0.9812185066422354,12.0,Juncus.effusus,0.22098821396192214,opth,4,False,mlp1,bce,msle
285,0.8273069942761413,0.17142720977380785,0.38461538461538464,0.9065335753176044,0.9920556107249255,0.9473684210526315,13.0,Juncus.inflexus,0.29114895993298906,opth,4,False,mlp1,bce,msle
286,0.9610045662100457,0.5608677673444016,0.85,0.891324200913242,0.9969356486210419,0.9411764705882353,20.0,Juncus.jacquinii,0.7413242009132421,opth,4,False,mlp1,bce,msle
287,0.8482169839830764,0.042632862717452986,0.25,0.929283771532185,0.9912959381044487,0.9592887225081891,12.0,Juncus.trifidus,0.1792837715321851,opth,4,False,mlp1,bce,msle
288,,-0.0,0.0,0.9452914798206278,1.0,0.9718764407561088,0.0,Juncus.triglumis,-0.05470852017937222,opth,4,False,mlp1,bce,msle
289,0.8261428798078012,0.43944091879365804,0.8324607329842932,0.6688311688311688,0.9507692307692308,0.7852604828462516,191.0,Knautia.arvensis,0.501291901815462,opth,4,False,mlp1,bce,msle
290,0.9211764705882353,0.20382936511486985,0.9,0.7909502262443439,0.9988571428571429,0.8828282828282829,10.0,Knautia.dipsacifolia,0.6909502262443439,opth,4,False,mlp1,bce,msle
291,0.8279389166346524,0.05567469053028972,0.7894736842105263,0.708941605839416,0.9948783610755442,0.8279168886521044,19.0,Koeleria.macrantha,0.49841529004994234,opth,4,False,mlp1,bce,msle
292,0.8166351606805293,0.17371602612312784,0.6666666666666666,0.775047258979206,0.9773539928486293,0.8645229309435951,57.0,Koeleria.pyramidata,0.44171392564587264,opth,4,False,mlp1,bce,msle
293,0.8490566037735849,0.32381675808278165,0.660377358490566,0.8361581920903954,0.9801324503311258,0.9024390243902439,53.0,Koeleria.vallesiana,0.49653555058096144,opth,4,False,mlp1,bce,msle
294,0.8911389692489017,0.09636325375007904,0.6470588235294118,0.8697632058287796,0.9937565036420395,0.9276347741622146,17.0,Lactuca.perennis,0.5168220293581913,opth,4,False,mlp1,bce,msle
295,0.8265810276679842,0.029744395593952245,0.6363636363636364,0.8206521739130435,0.9956043956043956,0.8997020854021847,11.0,Lactuca.serriola,0.4570158102766797,opth,4,False,mlp1,bce,msle
296,0.7967625899280575,0.047760832229928905,0.6666666666666666,0.7760791366906474,0.9988425925925926,0.8734817813765182,3.0,Lamium.purpureum,0.44274580335731395,opth,4,False,mlp1,bce,msle
297,0.7485011990407673,0.01990984018357842,0.3333333333333333,0.8767985611510791,0.9979529170931423,0.9334609861177597,3.0,Lapsana.communis,0.21013189448441238,opth,4,False,mlp1,bce,msle
298,0.9036561264822134,0.07113001955348186,0.9090909090909091,0.8351449275362319,0.9989165763813651,0.9097187962506167,11.0,Laserpitium.halleri,0.7442358366271411,opth,4,False,mlp1,bce,msle
299,0.9192852741836106,0.24611230162844538,0.9090909090909091,0.7837338262476895,0.9964747356051704,0.8773926539058459,33.0,Laserpitium.latifolium,0.6928247353385986,opth,4,False,mlp1,bce,msle
300,0.8883847549909256,0.12451685608513045,0.8461538461538461,0.6823956442831216,0.9973474801061007,0.8103448275862069,13.0,Laserpitium.siler,0.5285494904369679,opth,4,False,mlp1,bce,msle
301,0.8744198040226921,0.027716501746623913,0.0,0.990072202166065,0.9936594202898551,0.9918625678119349,7.0,Lathyrus.heterophyllus,-0.009927797833935048,opth,4,False,mlp1,bce,msle
302,0.8816381638163816,0.02006331772843218,0.75,0.8577857785778578,0.9989517819706499,0.9230024213075061,4.0,Lathyrus.occidentalis,0.6077857785778578,opth,4,False,mlp1,bce,msle
303,0.7881896542782162,0.43266197148581786,0.7757009345794392,0.6725860155382908,0.926605504587156,0.7794212218649518,214.0,Lathyrus.pratensis,0.44828695011773,opth,4,False,mlp1,bce,msle
304,0.9848211602043884,0.3017977392977393,1.0,0.890892696122633,1.0,0.9422985216976634,6.0,Lathyrus.sphaericus,0.8908926961226329,opth,4,False,mlp1,bce,msle
305,0.8360360360360359,0.24008697680124347,0.6,0.9432432432432433,0.998093422306959,0.9698934691987031,5.0,Lathyrus.sylvestris,0.5432432432432432,opth,4,False,mlp1,bce,msle
306,0.9192100538599641,0.01098901098901099,1.0,0.9111310592459605,1.0,0.9534992954438704,1.0,Lathyrus.tuberosus,0.9111310592459605,opth,4,False,mlp1,bce,msle
307,0.8400614439324117,0.136477739115811,0.8333333333333334,0.784331797235023,0.9941588785046729,0.8768675940236991,30.0,Leontodon.autumnalis,0.6176651305683563,opth,4,False,mlp1,bce,msle
308,0.7321845051310321,0.39079793880998326,0.6490384615384616,0.7056229327453142,0.8976157082748948,0.7901234567901234,208.0,Leontodon.hispidus,0.35466139428377574,opth,4,False,mlp1,bce,msle
309,0.9007207207207207,0.03473345828483153,0.4,0.9027027027027027,0.9970149253731343,0.9475177304964539,5.0,Leontopodium.alpinum,0.3027027027027027,opth,4,False,mlp1,bce,msle
310,0.9679330065359477,0.46408613307697977,0.8888888888888888,0.9071691176470589,0.996969696969697,0.9499518768046198,27.0,Leucanthemopsis.alpina,0.7960580065359477,opth,4,False,mlp1,bce,msle
311,0.841381262935916,0.541573124775308,0.8362068965517241,0.711211778029445,0.9429429429429429,0.8108457069076824,232.0,Leucanthemum.vulgare,0.5474186745811691,opth,4,False,mlp1,bce,msle
312,0.8647068511198945,0.07749208456923525,0.7272727272727273,0.7934782608695652,0.9965870307167235,0.8835098335854765,11.0,Lilium.martagon,0.5207509881422925,opth,4,False,mlp1,bce,msle
313,0.5610412926391383,0.0020408163265306124,1.0,0.48025134649910234,1.0,0.6488781079442086,1.0,Linaria.repens,0.4802513464991023,opth,4,False,mlp1,bce,msle
314,0.8602086319477624,0.1121409982044297,0.7391304347826086,0.825091575091575,0.9933847850055126,0.9014507253626813,23.0,Linum.alpinum,0.5642220098741837,opth,4,False,mlp1,bce,msle
315,0.7100914583184087,0.15288829352163183,0.6049382716049383,0.6769825918762089,0.9562841530054644,0.7927519818799547,81.0,Linum.catharticum,0.2819208634811472,opth,4,False,mlp1,bce,msle
316,0.870677888989991,0.20595247717467807,0.5625,0.8817106460418562,0.992827868852459,0.9339759036144578,16.0,Linum.tenuifolium,0.4442106460418562,opth,4,False,mlp1,bce,msle
317,0.7153218495013599,0.030842286307681533,0.5833333333333334,0.5729827742520399,0.9921507064364207,0.7264367816091954,12.0,Listera.ovata,0.1563161075853734,opth,4,False,mlp1,bce,msle
318,0.7851035103510351,0.01686070441432247,0.5,0.7074707470747075,0.9974619289340102,0.8278041074249605,4.0,Lolium.multiflorum,0.20747074707470747,opth,4,False,mlp1,bce,msle
319,0.8892475539874384,0.34341195195099466,0.8571428571428571,0.7485549132947977,0.9860406091370558,0.8510405257393209,77.0,Lolium.perenne,0.6056977704376547,opth,4,False,mlp1,bce,msle
320,0.7903535838939754,0.6005711681073584,0.7694369973190348,0.6536388140161725,0.8493870402802102,0.7387661843107388,373.0,Lotus.corniculatus,0.42307581133520733,opth,4,False,mlp1,bce,msle
321,0.8265295189113897,0.14018802894902765,0.7647058823529411,0.6867030965391621,0.9947229551451188,0.8125,17.0,Lotus.maritimus,0.4514089788921032,opth,4,False,mlp1,bce,msle
322,0.8218353344768439,0.2201074989697811,0.6,0.8726415094339622,0.9767687434002112,0.9217737917289487,55.0,Luzula.campestris,0.4726415094339622,opth,4,False,mlp1,bce,msle
323,0.8746203291657837,0.16130958204929347,0.8461538461538461,0.7704315886134068,0.9952550415183867,0.8685300207039337,26.0,Luzula.lutea,0.616585434767253,opth,4,False,mlp1,bce,msle
324,0.7141986593540524,0.03336856419074618,0.8095238095238095,0.5877513711151737,0.9938176197836167,0.7386559448592763,21.0,Luzula.multiflora,0.39727518063898337,opth,4,False,mlp1,bce,msle
325,0.9149728997289973,0.08986714393593959,1.0,0.7714543812104788,1.0,0.8709841917389087,8.0,Luzula.sieberi,0.7714543812104788,opth,4,False,mlp1,bce,msle
326,0.877313273864998,0.16762490954469586,0.7857142857142857,0.8173345759552656,0.989841986455982,0.8953547728432873,42.0,Luzula.spicata,0.6030488616695513,opth,4,False,mlp1,bce,msle
327,0.8732707509881422,0.14586033915978566,0.6363636363636364,0.8577898550724637,0.9957939011566772,0.921654501216545,11.0,Luzula.sudetica,0.4941534914361001,opth,4,False,mlp1,bce,msle
328,0.9505560565073641,0.2221250681022084,0.8333333333333334,0.9008115419296664,0.999,0.9473684210526315,6.0,Lysimachia.nummularia,0.7341448752629998,opth,4,False,mlp1,bce,msle
329,0.906538208168643,0.4235865600404035,0.6363636363636364,0.9103260869565217,0.9960356788899901,0.9512541410317085,11.0,Lysimachia.vulgaris,0.5466897233201582,opth,4,False,mlp1,bce,msle
330,0.9061261261261262,0.05554381462064949,0.8,0.7432432432432432,0.9987893462469734,0.8522727272727273,5.0,Malva.moschata,0.5432432432432432,opth,4,False,mlp1,bce,msle
331,0.803105310531053,0.012865370697458429,0.5,0.8145814581458146,0.9977949283351709,0.8969276511397423,4.0,Malva.sylvestris,0.3145814581458146,opth,4,False,mlp1,bce,msle
332,0.7884856070087609,0.08531566331037571,0.9117647058823529,0.6170212765957447,0.9955223880597015,0.7618503712164477,34.0,Medicago.falcata,0.5287859824780976,opth,4,False,mlp1,bce,msle
333,0.8380170157068063,0.42406317599364707,0.85625,0.669109947643979,0.9652567975830816,0.7903525046382189,160.0,Medicago.lupulina,0.525359947643979,opth,4,False,mlp1,bce,msle
334,0.8697195290858726,0.22373310571982982,0.6875,0.8365650969529086,0.9890829694323144,0.9064532266133066,32.0,Medicago.minima,0.5240650969529086,opth,4,False,mlp1,bce,msle
335,0.8731387291758809,0.24690463072794713,0.7647058823529411,0.7838345864661654,0.9858156028368794,0.8732984293193717,51.0,Medicago.sativa,0.5485404688191067,opth,4,False,mlp1,bce,msle
336,0.8682249322493224,0.3918148938846378,0.625,0.8726287262872628,0.9969040247678018,0.930635838150289,8.0,Melica.ciliata,0.49762872628726296,opth,4,False,mlp1,bce,msle
337,0.8511711711711711,0.03114747031747422,0.8,0.7243243243243244,0.9987577639751553,0.8396866840731071,5.0,Melilotus.albus,0.5243243243243243,opth,4,False,mlp1,bce,msle
338,0.9238180120533062,0.34262127032171197,0.9318181818181818,0.811391223155929,0.9965596330275229,0.894493051981472,44.0,Meum.athamanticum,0.7432094049741109,opth,4,False,mlp1,bce,msle
339,0.648064806480648,0.006082558997564521,0.0,0.900990099009901,0.9960199004975124,0.946124763705104,4.0,Minuartia.laricifolia,-0.09900990099009899,opth,4,False,mlp1,bce,msle
340,0.8598415600243754,0.11037570567906417,0.6190476190476191,0.8747714808043876,0.9917098445595854,0.9295774647887324,21.0,Minuartia.rostrata,0.49381909985200667,opth,4,False,mlp1,bce,msle
341,0.8843910806174957,0.28552520103223966,0.6545454545454545,0.8433962264150944,0.9791894852135816,0.9062341611758743,55.0,Minuartia.verna,0.4979416809605488,opth,4,False,mlp1,bce,msle
342,0.8875267338832875,0.26342755656691663,0.7916666666666666,0.770852428964253,0.9940898345153665,0.8683531233866805,24.0,Muscari.comosum,0.5625190956309196,opth,4,False,mlp1,bce,msle
343,0.848530717940378,0.43744851789701256,0.7633136094674556,0.7600422832980972,0.9472990777338604,0.8434017595307918,169.0,Myosotis.alpestris,0.5233558927655528,opth,4,False,mlp1,bce,msle
344,0.8376786250507834,0.3569778936953312,0.7876106194690266,0.7285429141716567,0.9681697612732095,0.8314350797266514,113.0,Myosotis.arvensis,0.5161535336406833,opth,4,False,mlp1,bce,msle
345,0.8452002542911634,0.16699974155942626,0.6538461538461539,0.8154269972451791,0.9899665551839465,0.8942598187311178,26.0,Myosotis.ramosissima,0.46927315109133305,opth,4,False,mlp1,bce,msle
346,0.9551315110881898,0.4933302156020381,0.8571428571428571,0.9431407942238267,0.9990439770554493,0.9702878365831012,7.0,Myosotis.scorpioides,0.8002836513666838,opth,4,False,mlp1,bce,msle
347,0.8078906652913873,0.06490880743735725,0.42857142857142855,0.9368231046931408,0.9961612284069098,0.9655813953488372,7.0,Myosotis.stricta,0.3653945332645694,opth,4,False,mlp1,bce,msle
348,0.7931995540691192,0.1069745297156012,0.6956521739130435,0.739010989010989,0.9914004914004914,0.8467995802728226,23.0,Narcissus.poeticus,0.4346631629240325,opth,4,False,mlp1,bce,msle
349,0.8780586080586081,0.4422214967023173,0.8857142857142857,0.7487179487179487,0.9785522788203753,0.8483439860546194,140.0,Nardus.stricta,0.6344322344322344,opth,4,False,mlp1,bce,msle
350,0.9165843214756259,0.059440585561214766,0.7272727272727273,0.8795289855072463,0.9969199178644764,0.9345524542829644,11.0,Odontites.luteus,0.6068017127799736,opth,4,False,mlp1,bce,msle
351,0.9009556650246305,0.4409971875559771,0.85,0.8009852216748768,0.9818840579710145,0.8822571893651655,100.0,Onobrychis.montana,0.6509852216748768,opth,4,False,mlp1,bce,msle
352,0.8740848484848485,0.42595936621998565,0.848,0.7474747474747475,0.9749670619235836,0.8461978273299028,125.0,Onobrychis.viciifolia,0.5954747474747475,opth,4,False,mlp1,bce,msle
353,0.8687301587301588,0.13247002729387902,0.7714285714285715,0.8018518518518518,0.9908466819221968,0.8863868986693961,35.0,Ononis.natrix,0.5732804232804232,opth,4,False,mlp1,bce,msle
354,0.7848073394495412,0.06433851231821154,0.52,0.7568807339449541,0.985663082437276,0.8562532433834976,25.0,Ononis.repens,0.27688073394495416,opth,4,False,mlp1,bce,msle
355,0.8588713829677684,0.12263381990908397,0.7777777777777778,0.736793327154773,0.9900373599003736,0.844845908607864,36.0,Ononis.spinosa,0.5145711049325508,opth,4,False,mlp1,bce,msle
356,0.9637837837837837,0.37841018884497146,1.0,0.8225225225225226,1.0,0.9026198714780029,5.0,Ophioglossum.vulgatum,0.8225225225225226,opth,4,False,mlp1,bce,msle
357,0.9288728149487643,0.11338269747046209,0.8888888888888888,0.8670886075949367,0.9989583333333333,0.9283639883833494,9.0,Ophrys.apifera,0.7559774964838255,opth,4,False,mlp1,bce,msle
358,0.7340234023402341,0.009964678867034258,0.0,0.9603960396039604,0.996265172735761,0.9780018331805683,4.0,Ophrys.insectifera,-0.03960396039603964,opth,4,False,mlp1,bce,msle
359,0.6212804328223626,0.01255258771913963,0.5,0.7493237150586114,0.9964028776978417,0.8553782810087494,6.0,Orchis.mascula,0.2493237150586114,opth,4,False,mlp1,bce,msle
360,0.8068902991840435,0.029938541702302514,0.6666666666666666,0.7951042611060744,0.9954597048808173,0.8840725806451613,12.0,Orchis.militaris,0.46177092777274087,opth,4,False,mlp1,bce,msle
361,0.8972472299168974,0.29762646296215844,0.8125,0.7987072945521699,0.9931113662456946,0.8853633572159673,32.0,Origanum.vulgare,0.61120729455217,opth,4,False,mlp1,bce,msle
362,0.7936098310291859,0.13452256977708615,0.6333333333333333,0.7769585253456222,0.9871194379391101,0.8695203713254255,30.0,Ornithogalum.umbellatum,0.41029185867895546,opth,4,False,mlp1,bce,msle
363,0.8517520215633424,0.00986253648432351,1.0,0.6163522012578616,1.0,0.7626459143968871,2.0,Orobanche.alba,0.6163522012578615,opth,4,False,mlp1,bce,msle
364,0.7184115523465704,0.01625094019148071,0.7142857142857143,0.7157039711191335,0.9974842767295597,0.8334209143457698,7.0,Orobanche.caryophyllacea,0.42998968540484794,opth,4,False,mlp1,bce,msle
365,0.8271037581699345,0.11350718847165356,0.48148148148148145,0.8529411764705882,0.9851380042462845,0.9142857142857143,27.0,Oxytropis.campestris,0.3344226579520697,opth,4,False,mlp1,bce,msle
366,0.8693577981651376,0.1259131378191444,0.52,0.8899082568807339,0.9877800407331976,0.9362934362934363,25.0,Oxytropis.helvetica,0.40990825688073396,opth,4,False,mlp1,bce,msle
367,0.9264864864864865,0.14404088790664044,1.0,0.7648648648648648,1.0,0.8667687595712098,5.0,Oxytropis.pilosa,0.7648648648648648,opth,4,False,mlp1,bce,msle
368,0.8768325791855204,0.1114832024108433,0.4,0.9248868778280543,0.9941634241245136,0.9582747304266291,10.0,Papaver.rhoeas,0.3248868778280545,opth,4,False,mlp1,bce,msle
369,0.9085384381646916,0.17916760056219808,0.9444444444444444,0.7976298997265269,0.9988584474885844,0.8869741510390269,18.0,Paradisea.liliastrum,0.7420743441709714,opth,4,False,mlp1,bce,msle
370,0.8058258725833658,0.068537934131731,0.6428571428571429,0.8673932788374206,0.9947916666666666,0.9267345948568656,14.0,Parnassia.palustris,0.5102504216945634,opth,4,False,mlp1,bce,msle
371,0.7960625187856929,0.016039035328470955,0.8333333333333334,0.6961226330027052,0.9987063389391979,0.820403825717322,6.0,Pastinaca.sativa,0.5294559663360385,opth,4,False,mlp1,bce,msle
372,0.853017019082001,0.04423878809487841,0.7142857142857143,0.8510830324909747,0.9978835978835979,0.9186556259132976,7.0,Pedicularis.foliosa,0.565368746776689,opth,4,False,mlp1,bce,msle
373,0.8528472865822263,0.25155422301858194,0.6388888888888888,0.8628359592215014,0.986228813559322,0.9204152249134948,36.0,Pedicularis.gyroflexa,0.5017248481103902,opth,4,False,mlp1,bce,msle
374,0.9055656017681335,0.060778177039950164,0.7777777777777778,0.8209764918625678,0.9978021978021978,0.9007936507936508,9.0,Pedicularis.tuberosa,0.5987542696403456,opth,4,False,mlp1,bce,msle
375,0.9193109700815957,0.15170040001272475,0.9166666666666666,0.8204895738893926,0.9988962472406181,0.9009457441513191,12.0,Pedicularis.verticillata,0.7371562405560592,opth,4,False,mlp1,bce,msle
376,0.8339137863056907,0.1543819194558131,0.5714285714285714,0.8399264029438822,0.987027027027027,0.9075546719681908,28.0,Petrorhagia.prolifera,0.4113549743724536,opth,4,False,mlp1,bce,msle
377,0.8865731847867846,0.09620174242013783,0.6842105263157895,0.8585766423357665,0.9936642027455121,0.9211943220753793,19.0,Petrorhagia.saxifraga,0.542787168651556,opth,4,False,mlp1,bce,msle
378,0.8673733063597573,0.4240398814093573,0.711864406779661,0.8104312938816449,0.9596199524940617,0.8787384448069603,118.0,Phleum.alpinum,0.522295700661306,opth,4,False,mlp1,bce,msle
379,,-0.0,0.0,0.8547085201793722,1.0,0.9216634429400387,0.0,Phleum.hirsutum,-0.14529147982062784,opth,4,False,mlp1,bce,msle
380,0.9002205786946931,0.1304301383957433,0.9285714285714286,0.8029064486830154,0.9988700564971752,0.8902316213494461,14.0,Phleum.phleoides,0.7314778772544441,opth,4,False,mlp1,bce,msle
381,0.9156164383561644,0.13853760951519162,0.95,0.8073059360730593,0.9988700564971752,0.8929292929292929,20.0,Phyteuma.betonicifolium,0.7573059360730592,opth,4,False,mlp1,bce,msle
382,0.9193075527013822,0.11893717153813377,0.6153846153846154,0.9392014519056261,0.9951923076923077,0.9663865546218487,13.0,Phyteuma.hemisphaericum,0.5545860672902414,opth,4,False,mlp1,bce,msle
383,0.7972380028636091,0.2489919995565736,0.7023809523809523,0.7468477206595538,0.9685534591194969,0.8433734939759037,84.0,Phyteuma.orbiculare,0.4492286730405062,opth,4,False,mlp1,bce,msle
384,0.852072072072072,0.02047287064847568,0.4,0.8387387387387387,0.9967880085653105,0.910958904109589,5.0,Phyteuma.ovatum,0.23873873873873874,opth,4,False,mlp1,bce,msle
385,0.8479588556734169,0.18388719209536317,0.47058823529411764,0.9571948998178507,0.9915094339622641,0.974050046339203,17.0,Phyteuma.spicatum,0.4277831351119683,opth,4,False,mlp1,bce,msle
386,0.7992871524187843,0.14439817231050323,0.7058823529411765,0.6318223866790009,0.9855699855699855,0.770011273957159,34.0,Picris.hieracioides,0.33770473962017755,opth,4,False,mlp1,bce,msle
387,0.8995888281602568,0.26383311486100847,0.8108108108108109,0.7866419294990723,0.991812865497076,0.8773926539058459,37.0,Pimpinella.major,0.5974527403098833,opth,4,False,mlp1,bce,msle
388,0.8078873239436619,0.17989258819756535,0.68,0.7605633802816901,0.9806295399515739,0.8566895822316235,50.0,Pimpinella.saxifraga,0.4405633802816902,opth,4,False,mlp1,bce,msle
389,0.913938313506348,0.6367245989156961,0.8888888888888888,0.8185745140388769,0.9730423620025674,0.8891495601173021,189.0,Plantago.alpina,0.7074634029277658,opth,4,False,mlp1,bce,msle
390,0.8663558663558665,0.13710958504501933,0.9230769230769231,0.7015610651974288,0.9973890339425587,0.8237196765498652,26.0,Plantago.atrata,0.624637988274352,opth,4,False,mlp1,bce,msle
391,0.8625316373547927,0.6492866050143153,0.8355263157894737,0.7262638717632552,0.9217527386541471,0.8124137931034483,304.0,Plantago.lanceolata,0.5617901875527289,opth,4,False,mlp1,bce,msle
392,0.750128720008238,0.08851084901716107,0.8333333333333334,0.5282669138090825,0.9895833333333334,0.6888217522658611,36.0,Plantago.major,0.361600247142416,opth,4,False,mlp1,bce,msle
393,0.8225196612220206,0.48808348301794036,0.6945812807881774,0.7598684210526315,0.9178807947019868,0.8314337132573485,203.0,Plantago.media,0.4544497018408089,opth,4,False,mlp1,bce,msle
394,0.8417492276552679,0.35517959121826986,0.7222222222222222,0.8120805369127517,0.9769319492502884,0.8869109947643979,72.0,Plantago.maritima,0.5343027591349738,opth,4,False,mlp1,bce,msle
395,0.5175834084761046,0.00614126154657681,0.8333333333333334,0.40937781785392247,0.9978021978021978,0.5805626598465473,6.0,Platanthera.bifolia,0.24271115118725595,opth,4,False,mlp1,bce,msle
396,0.9315520468397562,0.8000796227826247,0.8745980707395499,0.8519900497512438,0.9461325966850829,0.8965968586387435,311.0,Poa.alpina,0.7265881204907938,opth,4,False,mlp1,bce,msle
397,0.8652291105121294,0.01160826032540676,0.5,0.9389038634321654,0.9990439770554493,0.968040759610931,2.0,Poa.annua,0.43890386343216536,opth,4,False,mlp1,bce,msle
398,0.8259268253197345,0.27008112329484546,0.7183098591549296,0.7346743295019157,0.974587039390089,0.837793555434189,71.0,Poa.bulbosa,0.4529841886568453,opth,4,False,mlp1,bce,msle
399,0.9595323741007193,0.19043659043659042,1.0,0.8660071942446043,1.0,0.9281927710843374,3.0,Poa.cenisia,0.8660071942446042,opth,4,False,mlp1,bce,msle
400,0.8457623486553091,0.07593999126318676,0.5882352941176471,0.8806921675774135,0.9928131416837782,0.9333976833976834,17.0,Poa.chaixii,0.4689274616950607,opth,4,False,mlp1,bce,msle
401,0.7656455862977603,0.1192899895227843,0.7272727272727273,0.654891304347826,0.9958677685950413,0.7901639344262295,11.0,Poa.compressa,0.38216403162055324,opth,4,False,mlp1,bce,msle
402,0.6973447344734474,0.08855856991422544,0.25,0.9414941494149415,0.9971401334604385,0.9685185185185186,4.0,Poa.nemoralis,0.19149414941494136,opth,4,False,mlp1,bce,msle
403,0.8041750876647493,0.5494909502230819,0.6847826086956522,0.7425506555423123,0.8774647887323944,0.8043899289864429,276.0,Poa.pratensis,0.42733326423796436,opth,4,False,mlp1,bce,msle
404,0.8017882258388587,0.07598702207893138,0.1111111111111111,0.9077757685352622,0.9920948616600791,0.9480642115203022,9.0,Poa.supina,0.018886879646373256,opth,4,False,mlp1,bce,msle
405,0.8560743427017226,0.07105617444141225,0.75,0.7987307343608341,0.996606334841629,0.8867639657775541,12.0,Polygala.alpestris,0.5487307343608341,opth,4,False,mlp1,bce,msle
406,0.5804132973944294,0.021096491228070176,0.0,0.9982030548068284,0.9982030548068284,0.9982030548068284,2.0,Polygala.amarella,-0.0017969451931716396,opth,4,False,mlp1,bce,msle
407,0.8535703190875604,0.1884348995359565,0.47619047619047616,0.8835041938490215,0.977319587628866,0.9280469897209985,42.0,Polygala.comosa,0.3596946700394976,opth,4,False,mlp1,bce,msle
408,0.7291530862959434,0.09065475907225057,0.7297297297297297,0.6076066790352505,0.9849624060150376,0.7515777395295468,37.0,Polygala.vulgaris,0.33733640876498017,opth,4,False,mlp1,bce,msle
409,0.7691891891891891,0.028199076828778768,0.4,0.7531531531531531,0.9964243146603099,0.857875833760903,5.0,Polygonum.aviculare,0.15315315315315314,opth,4,False,mlp1,bce,msle
410,0.9047573479152426,0.47404175880473753,0.9,0.7732057416267942,0.9914110429447853,0.8688172043010752,70.0,Polygonum.bistorta,0.6732057416267943,opth,4,False,mlp1,bce,msle
411,0.8808216619981324,0.5122680949055333,0.8294117647058824,0.7703703703703704,0.9616908850726552,0.8554641598119859,170.0,Polygonum.viviparum,0.5997821350762527,opth,4,False,mlp1,bce,msle
412,0.6915467625899281,0.005971783163563986,0.3333333333333333,0.822841726618705,0.9978189749182116,0.9019221291276491,3.0,Polystichum.lonchitis,0.1561750599520384,opth,4,False,mlp1,bce,msle
413,0.8202343039126478,0.25857475074024594,0.6875,0.7588717015468608,0.9940405244338498,0.8606811145510835,16.0,Potentilla.argentea,0.4463717015468607,opth,4,False,mlp1,bce,msle
414,0.8927037437304292,0.30151053519095117,0.6666666666666666,0.875717017208413,0.9755058572949947,0.9229219143576827,69.0,Potentilla.aurea,0.5423836838750797,opth,4,False,mlp1,bce,msle
415,0.8548072562358275,0.38357816717457727,0.7555555555555555,0.7744897959183673,0.9583333333333334,0.8566591422121896,135.0,Potentilla.crantzii,0.5300453514739227,opth,4,False,mlp1,bce,msle
416,0.8796820939678082,0.3379570713789639,0.8648648648648649,0.7393320964749536,0.9937655860349127,0.847872340425532,37.0,Potentilla.erecta,0.6041969613398184,opth,4,False,mlp1,bce,msle
417,0.8738332542319254,0.336456016176736,0.8372093023255814,0.7667638483965015,0.9825653798256538,0.861353711790393,86.0,Potentilla.grandiflora,0.6039731507220829,opth,4,False,mlp1,bce,msle
418,0.8078179923339162,0.2745681076268731,0.5663716814159292,0.8602794411177644,0.9462129527991219,0.9012023000522739,113.0,Potentilla.neumanniana,0.4266511225336935,opth,4,False,mlp1,bce,msle
419,0.8909674717297221,0.14536187244392415,0.9230769230769231,0.8393829401088929,0.9989200863930886,0.9122287968441815,13.0,Potentilla.pusilla,0.7624598631858159,opth,4,False,mlp1,bce,msle
420,0.7679393939393939,0.04351093899794632,0.6,0.7263636363636363,0.9925465838509316,0.8388451443569553,15.0,Potentilla.recta,0.3263636363636362,opth,4,False,mlp1,bce,msle
421,0.8697652582159625,0.2357514461864757,0.8,0.7267605633802817,0.9872448979591837,0.8372093023255814,50.0,Potentilla.reptans,0.5267605633802819,opth,4,False,mlp1,bce,msle
422,0.7625225225225226,0.04341915552214935,0.8,0.6207207207207207,0.9985507246376811,0.7655555555555555,5.0,Potentilla.rupestris,0.42072072072072064,opth,4,False,mlp1,bce,msle
423,0.9633303276224827,0.2994642857142857,1.0,0.7953110910730388,1.0,0.88598694123556,6.0,Potentilla.thuringiaca,0.7953110910730388,opth,4,False,mlp1,bce,msle
424,0.797062350119904,0.009056771069217881,0.6666666666666666,0.7508992805755396,0.9988038277511961,0.8572895277207392,3.0,Primula.elatior,0.4175659472422062,opth,4,False,mlp1,bce,msle
425,0.7354336043360434,0.019106110084185585,0.0,0.938572719060524,0.9923591212989494,0.9647168059424327,8.0,Primula.farinosa,-0.061427280939476026,opth,4,False,mlp1,bce,msle
426,0.7978337293707888,0.29809634065851126,0.6451612903225806,0.7658930373360242,0.9452054794520548,0.8461538461538461,124.0,Primula.veris,0.4110543276586047,opth,4,False,mlp1,bce,msle
427,0.7448401826484018,0.04157054799575483,0.45,0.7990867579908676,0.9875846501128668,0.8833922261484098,20.0,Prunella.grandiflora,0.24908675799086755,opth,4,False,mlp1,bce,msle
428,0.8101555352241536,0.07811821207598454,0.45454545454545453,0.8618481244281794,0.9874213836477987,0.920371275036639,22.0,Prunella.laciniata,0.31639357897363385,opth,4,False,mlp1,bce,msle
429,0.7967344832669909,0.15979258333128454,0.8235294117647058,0.6428571428571429,0.987012987012987,0.7785998861696073,51.0,Prunella.vulgaris,0.46638655462184886,opth,4,False,mlp1,bce,msle
430,0.7694334650856389,0.1158318303053625,0.09090909090909091,0.990036231884058,0.9909338168631007,0.9904848210240145,11.0,Prunus.spinosa,0.08094532279314892,opth,4,False,mlp1,bce,msle
431,0.860533296104984,0.053602553610412156,0.6153846153846154,0.8185117967332124,0.9944873208379272,0.8979591836734694,13.0,Veronica.spicata,0.4338964121178277,opth,4,False,mlp1,bce,msle
432,0.8438836967808931,0.1650905101759667,0.6666666666666666,0.780373831775701,0.9823529411764705,0.8697916666666666,45.0,Pulsatilla.alpina,0.4470404984423677,opth,4,False,mlp1,bce,msle
433,0.9240587931923671,0.06679198853457562,0.5714285714285714,0.9341155234657039,0.9971098265895953,0.9645852749301025,7.0,Pulsatilla.halleri,0.5055440948942753,opth,4,False,mlp1,bce,msle
434,0.8555757575757577,0.059033625669075565,0.6666666666666666,0.8309090909090909,0.9945593035908596,0.9053987122337791,15.0,Pulsatilla.vernalis,0.49757575757575756,opth,4,False,mlp1,bce,msle
435,0.5561545372866128,0.0036613621120663376,0.0,0.9137466307277629,0.9980372914622179,0.9540337711069419,2.0,Ranunculus.aconitifolius,-0.08625336927223715,opth,4,False,mlp1,bce,msle
436,0.8527089261430514,0.4667200144761805,0.8095238095238095,0.7732181425485961,0.9521276595744681,0.8533969010727056,189.0,Ranunculus.acris,0.5827419520724058,opth,4,False,mlp1,bce,msle
437,0.8317823639774858,0.4329412240298957,0.8439024390243902,0.7098901098901099,0.9528023598820059,0.8136020151133502,205.0,Ranunculus.bulbosus,0.5537925489145001,opth,4,False,mlp1,bce,msle
438,0.8908355795148248,0.01184994582881907,1.0,0.834681042228212,1.0,0.9098922624877571,2.0,Ranunculus.glacialis,0.834681042228212,opth,4,False,mlp1,bce,msle
439,0.8660955816050496,0.1544174699875524,0.6666666666666666,0.8647430117222723,0.9979188345473465,0.9265700483091788,6.0,Ranunculus.gramineus,0.5314096783889388,opth,4,False,mlp1,bce,msle
440,0.8560215557638238,0.15754261333085365,0.7291666666666666,0.8050609184629803,0.9850917431192661,0.88602372356885,48.0,Ranunculus.kuepferi,0.534227585129647,opth,4,False,mlp1,bce,msle
441,0.878867151956324,0.08775639916059141,0.625,0.8535031847133758,0.9936440677966102,0.9182574645129711,16.0,Ranunculus.montanus,0.47850318471337583,opth,4,False,mlp1,bce,msle
442,0.7579908675799086,0.05872483409631844,0.55,0.8136986301369863,0.99,0.8932330827067669,20.0,Ranunculus.serpens,0.36369863013698644,opth,4,False,mlp1,bce,msle
443,0.9127986069543451,0.47871095354851306,0.6764705882352942,0.8908418131359852,0.9887063655030801,0.9372262773722628,34.0,Ranunculus.repens,0.5673124013712794,opth,4,False,mlp1,bce,msle
444,0.8763963963963964,0.08545785793992394,0.6,0.9063063063063063,0.998015873015873,0.9499527856468366,5.0,Reseda.lutea,0.5063063063063062,opth,4,False,mlp1,bce,msle
445,0.8213890485007129,0.5046784771855237,0.8019323671497585,0.6872246696035242,0.9383458646616541,0.7933884297520661,207.0,Rhinanthus.alectorolophus,0.4891570367532827,opth,4,False,mlp1,bce,msle
446,0.8967146714671468,0.2641939721625084,1.0,0.7794779477947795,1.0,0.876074860900354,4.0,Rhinanthus.glacialis,0.7794779477947795,opth,4,False,mlp1,bce,msle
447,0.7522564102564103,0.1639018677110112,0.5866666666666667,0.7451923076923077,0.9615384615384616,0.8396533044420368,75.0,Rhinanthus.minor,0.3318589743589744,opth,4,False,mlp1,bce,msle
448,0.8838075880758808,0.04959521577835263,0.25,0.974706413730804,0.9944700460829493,0.9844890510948905,8.0,Rhododendron.ferrugineum,0.22470641373080413,opth,4,False,mlp1,bce,msle
449,0.8397971271290203,0.5390747182746014,0.8141592920353983,0.7469066366704162,0.9405099150141643,0.8326018808777429,226.0,Rumex.acetosa,0.5610659287058146,opth,4,False,mlp1,bce,msle
450,0.758763977032336,0.0706103732545923,0.75,0.7923844061650045,0.9965792474344356,0.8828282828282829,12.0,Rumex.acetosella,0.5423844061650045,opth,4,False,mlp1,bce,msle
451,0.8689679885332059,0.15053785304602338,0.8695652173913043,0.7408424908424909,0.9963054187192119,0.8497899159663865,23.0,Rumex.crispus,0.6104077082337951,opth,4,False,mlp1,bce,msle
452,0.8759969051303417,0.1946713385603574,0.6451612903225806,0.8690036900369004,0.9884575026232949,0.9248895434462445,31.0,Rumex.obtusifolius,0.514164980359481,opth,4,False,mlp1,bce,msle
453,0.7751798561151079,0.008382897582278026,0.0,0.9613309352517986,0.9972014925373134,0.9789377289377289,3.0,Rumex.scutatus,-0.03866906474820142,opth,4,False,mlp1,bce,msle
454,0.9526350980251689,0.5369810821047425,0.8641975308641975,0.9081237911025145,0.988421052631579,0.9465725806451613,81.0,Salix.herbacea,0.772321321966712,opth,4,False,mlp1,bce,msle
455,0.930599703326976,0.37469359307420036,0.6538461538461539,0.9090909090909091,0.990990990990991,0.9482758620689655,26.0,Salix.reticulata,0.5629370629370629,opth,4,False,mlp1,bce,msle
456,0.8779756903601637,0.20526452702402442,0.42424242424242425,0.9279112754158965,0.9814271749755621,0.9539192399049882,33.0,Salix.retusa,0.3521536996583208,opth,4,False,mlp1,bce,msle
457,0.921277434616901,0.3069865530633144,0.75,0.8951241950321988,0.9928571428571429,0.9414610546686019,28.0,Salix.serpyllifolia,0.6451241950321989,opth,4,False,mlp1,bce,msle
458,0.8677861027301157,0.5773755828098648,0.8656126482213439,0.7459396751740139,0.9497784342688331,0.8356075373619233,253.0,Salvia.pratensis,0.6115523233953577,opth,4,False,mlp1,bce,msle
459,0.8446962954172353,0.5372078244907723,0.7850877192982456,0.7361894024802705,0.9301994301994302,0.8219005663939585,228.0,Sanguisorba.minor,0.5212771217785162,opth,4,False,mlp1,bce,msle
460,0.9058715596330276,0.3786679560391459,0.8,0.8550458715596331,0.9946638207043756,0.919585594474593,25.0,Sanguisorba.officinalis,0.6550458715596332,opth,4,False,mlp1,bce,msle
461,0.8697096324868745,0.1884152563067369,0.7058823529411765,0.8306010928961749,0.9945474372955289,0.9052109181141439,17.0,Saponaria.ocymoides,0.5364834458373515,opth,4,False,mlp1,bce,msle
462,0.8583484026522001,0.03485704438422908,0.5555555555555556,0.8788426763110307,0.9959016393442623,0.9337175792507204,9.0,Saxifraga.aizoides,0.4343982318665862,opth,4,False,mlp1,bce,msle
463,0.8230414746543778,0.17124815239425037,0.4,0.9391705069124424,0.982642237222758,0.9604147031102733,30.0,Saxifraga.granulata,0.33917050691244244,opth,4,False,mlp1,bce,msle
464,0.8690286624203821,0.06366584100720227,0.9375,0.7816196542311192,0.9988372093023256,0.8769780500255232,16.0,Saxifraga.oppositifolia,0.7191196542311191,opth,4,False,mlp1,bce,msle
465,0.8759965902823046,0.14934462651282684,0.7297297297297297,0.826530612244898,0.9889012208657048,0.9004547751389591,37.0,Saxifraga.paniculata,0.5562603419746277,opth,4,False,mlp1,bce,msle
466,0.8300270513976555,0.024016204746830333,0.5,0.9098286744815148,0.9970355731225297,0.9514380009429514,6.0,Saxifraga.tridactylites,0.4098286744815147,opth,4,False,mlp1,bce,msle
467,0.778411491339248,0.16005355787775266,0.6507936507936508,0.7404942965779467,0.9725343320848939,0.8407987048030221,63.0,Scabiosa.columbaria,0.39128794737159756,opth,4,False,mlp1,bce,msle
468,0.8179936808846762,0.2732214390605203,0.6833333333333333,0.7791469194312797,0.9774078478002378,0.8670886075949367,60.0,Scabiosa.lucida,0.462480252764613,opth,4,False,mlp1,bce,msle
469,0.8481098109810981,0.039597911482996725,0.5,0.8010801080108011,0.9977578475336323,0.8886669995007489,4.0,Scabiosa.triandra,0.301080108010801,opth,4,False,mlp1,bce,msle
470,0.9876237623762376,0.3092391304347826,1.0,0.9306930693069307,1.0,0.9641025641025641,4.0,Scorzonera.humilis,0.9306930693069306,opth,4,False,mlp1,bce,msle
471,0.9398148148148148,0.3120751841579847,0.75,0.8970189701897019,0.9979899497487437,0.9448144624167459,8.0,Scorzonera.laciniata,0.647018970189702,opth,4,False,mlp1,bce,msle
472,0.8789919831778158,0.17419733476029178,0.8214285714285714,0.7874885004599816,0.9941927990708479,0.8788501026694046,28.0,Scutellaria.alpina,0.608917071888553,opth,4,False,mlp1,bce,msle
473,0.8552475399165295,0.21508256273470236,0.6326530612244898,0.8133208255159474,0.9796610169491525,0.8887749871860584,49.0,Securigera.varia,0.44597388674043725,opth,4,False,mlp1,bce,msle
474,0.8155757286192069,0.07109306712538538,0.6521739130434783,0.8214285714285714,0.9911602209944751,0.8983475212819229,23.0,Sedum.acre,0.47360248447204967,opth,4,False,mlp1,bce,msle
475,0.8327562326869806,0.14823441795029382,0.71875,0.830101569713758,0.9900881057268722,0.9030637870416875,32.0,Sedum.album,0.5488515697137579,opth,4,False,mlp1,bce,msle
476,0.8965875178409238,0.12227558406073635,0.7857142857142857,0.8119891008174387,0.9966555183946488,0.8948948948948949,14.0,Sedum.atratum,0.5977033865317245,opth,4,False,mlp1,bce,msle
477,0.8903543135718638,0.12563945653895128,0.8095238095238095,0.8144424131627057,0.9955307262569832,0.8959276018099548,21.0,Sedum.montanum,0.6239662226865152,opth,4,False,mlp1,bce,msle
478,0.8107253830493947,0.08533198534776716,0.7647058823529411,0.74408014571949,0.9951278928136419,0.8514851485148515,17.0,Sedum.rupestre,0.5087860280724312,opth,4,False,mlp1,bce,msle
479,0.8142915020763699,0.07764240119071839,0.6111111111111112,0.7958067456700091,0.9920454545454546,0.8831562974203339,18.0,Sedum.sexangulare,0.40691785678112025,opth,4,False,mlp1,bce,msle
480,0.8956391299689275,0.3854481215763105,0.7647058823529411,0.8424408014571949,0.9956942949407965,0.9126788357178096,17.0,Selaginella.selaginoides,0.607146683810136,opth,4,False,mlp1,bce,msle
481,0.8609822958309538,0.3398846934225342,0.7176470588235294,0.8106796116504854,0.9720605355064028,0.884065643197459,85.0,Sempervivum.arachnoideum,0.5283266704740148,opth,4,False,mlp1,bce,msle
482,0.8892092463521035,0.2849000650388266,0.6486486486486487,0.8673469387755102,0.9862869198312236,0.9230009871668312,37.0,Sempervivum.montanum,0.5159955874241589,opth,4,False,mlp1,bce,msle
483,0.8702707393266227,0.3039557695635725,0.7674418604651163,0.7770522388059702,0.9881376037959668,0.8699738903394256,43.0,Sempervivum.tectorum,0.5444940992710865,opth,4,False,mlp1,bce,msle
484,0.8789251207729468,0.34672057388435107,0.825,0.7942028985507247,0.9832535885167464,0.8786745056119722,80.0,Senecio.doronicum,0.6192028985507245,opth,4,False,mlp1,bce,msle
485,0.8222931226577536,0.05194732350501377,0.6666666666666666,0.8231540565177757,0.9933993399339934,0.9002991026919243,18.0,Senecio.erucifolius,0.4898207231844425,opth,4,False,mlp1,bce,msle
486,0.9151766513056836,0.2073278258232872,0.8666666666666667,0.8423963133640553,0.9956427015250545,0.9126310534198702,30.0,Senecio.incanus,0.709062980030722,opth,4,False,mlp1,bce,msle
487,0.9284449891067539,0.26802898467255815,0.8888888888888888,0.8290441176470589,0.9966850828729282,0.9051680883090818,27.0,Senecio.jacobaea,0.7179330065359477,opth,4,False,mlp1,bce,msle
488,0.7496832579185522,0.042445022839077015,0.7,0.6705882352941176,0.9959677419354839,0.8015143320713899,10.0,Serratula.tinctoria,0.37058823529411766,opth,4,False,mlp1,bce,msle
489,0.9535135135135135,0.062129396707709963,1.0,0.8018018018018018,1.0,0.89,5.0,Seseli.annuum,0.8018018018018018,opth,4,False,mlp1,bce,msle
490,0.8891525980326302,0.5310737277022213,0.7445255474452555,0.8077709611451943,0.9575757575757575,0.8763172490293955,137.0,Sesleria.caerulea,0.5522965085904499,opth,4,False,mlp1,bce,msle
491,0.9424657534246575,0.25410791098290636,0.9,0.8237442922374429,0.9977876106194691,0.9024512256128064,20.0,Sherardia.arvensis,0.7237442922374431,opth,4,False,mlp1,bce,msle
492,0.8862443438914027,0.10935947039697029,0.8,0.8497737556561086,0.997874601487779,0.9178885630498533,10.0,Sideritis.hyssopifolia,0.6497737556561085,opth,4,False,mlp1,bce,msle
493,0.9663153070577453,0.4187329793764039,0.9583333333333334,0.8579285059578369,0.9989327641408752,0.9230769230769231,24.0,Silaum.silaus,0.8162618392911702,opth,4,False,mlp1,bce,msle
494,0.9007204116638079,0.2989162826345245,0.7090909090909091,0.8509433962264151,0.9825708061002179,0.9120323559150657,55.0,Silene.acaulis,0.5600343053173242,opth,4,False,mlp1,bce,msle
495,0.8438787878787879,0.19853736092059035,0.4,0.9509090909090909,0.9914691943127962,0.9707656612529002,15.0,Silene.dioica,0.35090909090909106,opth,4,False,mlp1,bce,msle
496,0.9463594470046083,0.41930881318093766,0.8333333333333334,0.8875576036866359,0.9948347107438017,0.9381393083292743,30.0,Silene.flos.cuculi,0.7208909370199694,opth,4,False,mlp1,bce,msle
497,0.7951351351351351,0.019765673706789326,0.8,0.754054054054054,0.9988066825775657,0.8593429158110883,5.0,Silene.flos.jovis,0.554054054054054,opth,4,False,mlp1,bce,msle
498,0.8398535493931792,0.2744566522921088,0.813953488372093,0.7230320699708455,0.9789473684210527,0.8317495807713806,86.0,Silene.nutans,0.5369855583429386,opth,4,False,mlp1,bce,msle
499,0.8991515151515151,0.206328355769221,0.8666666666666667,0.7972727272727272,0.9977246871444824,0.8863062152602325,15.0,Silene.otites,0.663939393939394,opth,4,False,mlp1,bce,msle
500,0.8910891089108911,0.033463290936117024,0.75,0.7812781278127813,0.998849252013809,0.8767676767676768,4.0,Silene.rupestris,0.5312781278127812,opth,4,False,mlp1,bce,msle
501,0.798329240695267,0.38484864643740985,0.7380952380952381,0.6632962588473206,0.9521044992743106,0.7818831942789034,126.0,Silene.vulgaris,0.4013914969425587,opth,4,False,mlp1,bce,msle
502,0.5952380952380952,0.0032241724286401745,0.0,0.9928122192273136,0.998193315266486,0.9954954954954955,2.0,Sinapis.arvensis,-0.007187780772686447,opth,4,False,mlp1,bce,msle
503,0.8763841994663897,0.2865623938050659,0.7560975609756098,0.7938044530493708,0.9761904761904762,0.8756006406833956,82.0,Soldanella.alpina,0.5499020140249806,opth,4,False,mlp1,bce,msle
504,0.8963963963963963,0.08396795898952931,0.2,0.9792792792792793,0.9963336388634281,0.987732848705134,5.0,Solidago.gigantea,0.17927927927927922,opth,4,False,mlp1,bce,msle
505,0.8647166361974405,0.12258751273858329,0.6190476190476191,0.8528336380255942,0.9914984059511158,0.9169533169533169,21.0,Solidago.virgaurea,0.47188125707321316,opth,4,False,mlp1,bce,msle
506,0.8357135622404538,0.1635742370195525,0.7777777777777778,0.7566089334548769,0.9952038369304557,0.859658208182289,18.0,Stachys.officinalis,0.5343867112326546,opth,4,False,mlp1,bce,msle
507,0.8857699358386801,0.25548440088653296,0.75,0.7901008249312558,0.9930875576036866,0.8800408371618172,24.0,Stachys.pradica,0.5401008249312558,opth,4,False,mlp1,bce,msle
508,0.8485126979750636,0.31469718145062425,0.7903225806451613,0.7312440645773979,0.9833971902937421,0.8387799564270153,62.0,Stachys.recta,0.5215666452225591,opth,4,False,mlp1,bce,msle
509,0.863041474654378,0.18465481561135247,0.8333333333333334,0.7686635944700461,0.9940405244338498,0.8669438669438669,30.0,Stellaria.graminea,0.6019969278033794,opth,4,False,mlp1,bce,msle
510,0.711031175059952,0.057714398890869476,0.6666666666666666,0.9388489208633094,0.999043062200957,0.9680111265646731,3.0,Stipa.capillata,0.605515587529976,opth,4,False,mlp1,bce,msle
511,0.8734508858022124,0.32148734088957553,0.5454545454545454,0.9039341262580055,0.9899799599198397,0.9450023912003825,22.0,Stipa.eriocaulis,0.4493886717125508,opth,4,False,mlp1,bce,msle
512,0.8684931506849315,0.1353963120606804,0.6,0.8849315068493151,0.9918116683725691,0.9353281853281853,20.0,Succisa.pratensis,0.48493150684931496,opth,4,False,mlp1,bce,msle
513,0.8564148681055156,0.17389715780162301,0.3333333333333333,0.9091726618705036,0.998025666337611,0.9515294117647058,3.0,Symphytum.officinale,0.24250599520383687,opth,4,False,mlp1,bce,msle
514,0.8702260922700886,0.13308390143783141,0.6666666666666666,0.8560953253895509,0.9915074309978769,0.9188391539596655,24.0,Taraxacum.alpinum,0.5227619920562177,opth,4,False,mlp1,bce,msle
515,0.8179148033047827,0.46140618457126226,0.8502994011976048,0.6360759493670886,0.9601910828025477,0.7652284263959391,167.0,Taraxacum.officinale,0.4863753505646935,opth,4,False,mlp1,bce,msle
516,0.8089558955895588,0.0922014076027645,0.75,0.8262826282628263,0.998911860718172,0.9044334975369458,4.0,Tephroseris.integrifolia,0.5762826282628262,opth,4,False,mlp1,bce,msle
517,0.8756756756756757,0.23611017740429505,0.6,0.9630630630630631,0.9981325863678805,0.9802842732691426,5.0,Teucrium.botrys,0.5630630630630631,opth,4,False,mlp1,bce,msle
518,0.8905190050608378,0.4509163566388104,0.7927927927927928,0.8296812749003984,0.9731308411214953,0.8956989247311828,111.0,Teucrium.chamaedrys,0.6224740676931912,opth,4,False,mlp1,bce,msle
519,0.8411792780284624,0.1507838055514075,0.5348837209302325,0.8740671641791045,0.9791013584117032,0.9236076885165106,43.0,Teucrium.montanum,0.40895088510933686,opth,4,False,mlp1,bce,msle
520,0.881768953068592,0.13086356611183667,0.2857142857142857,0.9638989169675091,0.9953401677539608,0.9793672627235214,7.0,Thalictrum.alpinum,0.24961320268179477,opth,4,False,mlp1,bce,msle
521,0.8607207207207207,0.02359269162210339,0.8,0.8063063063063063,0.9988839285714286,0.8923230309072782,5.0,Thalictrum.aquilegiifolium,0.6063063063063063,opth,4,False,mlp1,bce,msle
522,0.9105454545454545,0.10903292062281972,0.9333333333333333,0.7490909090909091,0.9987878787878788,0.8561038961038961,15.0,Thalictrum.minus,0.6824242424242426,opth,4,False,mlp1,bce,msle
523,0.9106019766397124,0.04692982456140351,1.0,0.7681940700808625,1.0,0.8689024390243902,2.0,Thalictrum.simplex,0.7681940700808625,opth,4,False,mlp1,bce,msle
524,0.8569056037715633,0.15889488674675714,0.7058823529411765,0.7704918032786885,0.9941245593419507,0.8681375064135454,17.0,Thesium.alpinum,0.4763741562198649,opth,4,False,mlp1,bce,msle
525,0.8609851919008764,0.12198711598797121,0.6666666666666666,0.772438803263826,0.9953271028037384,0.8698315467075038,12.0,Thesium.linophyllon,0.4391054699304926,opth,4,False,mlp1,bce,msle
526,0.8874887488748875,0.018987785247761905,1.0,0.7848784878487849,1.0,0.8794755421079173,4.0,Thesium.pyrenaicum,0.7848784878487849,opth,4,False,mlp1,bce,msle
527,0.7973944294699011,0.008302808302808303,0.5,0.7924528301886793,0.9988674971687429,0.8837675350701403,2.0,Tofieldia.calyculata,0.2924528301886793,opth,4,False,mlp1,bce,msle
528,0.90233860342556,0.14837616323030436,0.9090909090909091,0.7971014492753623,0.9988649262202043,0.8866498740554156,11.0,Tragopogon.dubius,0.7061923583662715,opth,4,False,mlp1,bce,msle
529,0.8153840239131899,0.49647803887912545,0.7763713080168776,0.7198177676537585,0.9226277372262773,0.8087012156110045,237.0,Tragopogon.pratensis,0.4961890756706362,opth,4,False,mlp1,bce,msle
530,0.8926412813538833,0.14439003709679676,0.75,0.7869446962828649,0.9965556831228473,0.8794326241134752,12.0,Traunsteinera.globosa,0.5369446962828648,opth,4,False,mlp1,bce,msle
531,0.9070783711102575,0.1813336384790442,0.8421052631578947,0.8321167883211679,0.9967213114754099,0.9070114370959722,19.0,Trifolium.alpestre,0.6742220514790627,opth,4,False,mlp1,bce,msle
532,0.8688995215311004,0.2647602049600748,0.7142857142857143,0.8392344497607656,0.9777034559643255,0.9031925849639547,70.0,Trifolium.alpinum,0.5535201640464797,opth,4,False,mlp1,bce,msle
533,0.7640536358947911,0.17270581415697764,0.7142857142857143,0.8384476534296029,0.9978517722878625,0.9112309955860716,7.0,Trifolium.arvense,0.5527333677153172,opth,4,False,mlp1,bce,msle
534,0.9014956162970603,0.3580550041979423,0.8571428571428571,0.7518050541516246,0.9988009592326139,0.8578784757981462,7.0,Trifolium.aureum,0.6089479112944818,opth,4,False,mlp1,bce,msle
535,0.8908332640563084,0.33375200074486655,0.782608695652174,0.8365200764818356,0.9831460674157303,0.9039256198347108,69.0,Trifolium.badium,0.6191287721340095,opth,4,False,mlp1,bce,msle
536,0.8367798946821253,0.25124774870833777,0.6744186046511628,0.8007774538386784,0.9671361502347418,0.8761297182349814,86.0,Trifolium.campestre,0.47519605848984114,opth,4,False,mlp1,bce,msle
537,0.890708422981911,0.297533406052919,0.7021276595744681,0.8370786516853933,0.9845814977973568,0.9048582995951417,47.0,Trifolium.dubium,0.5392063112598615,opth,4,False,mlp1,bce,msle
538,0.7265420936307012,0.026970840475249672,0.7777777777777778,0.45750452079566006,0.9960629921259843,0.6270136307311028,9.0,Trifolium.medium,0.23528229857343774,opth,4,False,mlp1,bce,msle
539,0.812365769547022,0.45831342742895287,0.6763005780346821,0.7505307855626328,0.926605504587156,0.829325513196481,173.0,Trifolium.montanum,0.4268313635973149,opth,4,False,mlp1,bce,msle
540,0.7710433852734495,0.09713165733625906,0.625,0.766269477543538,0.9893491124260355,0.8636363636363636,24.0,Trifolium.ochroleucon,0.3912694775435379,opth,4,False,mlp1,bce,msle
541,0.7555577235772357,0.67443440653212,0.766,0.6341463414634146,0.7692307692307693,0.6951871657754011,500.0,Trifolium.pratense,0.40014634146341477,opth,4,False,mlp1,bce,msle
542,0.7887879149360719,0.3876029590029588,0.7128712871287128,0.696604600219058,0.9164265129682997,0.791537025513379,202.0,Trifolium.repens,0.40947588734777085,opth,4,False,mlp1,bce,msle
543,0.7356756756756757,0.010416606835478216,0.8,0.5558558558558558,0.9983818770226537,0.7141203703703703,5.0,Trifolium.rubens,0.355855855855856,opth,4,False,mlp1,bce,msle
544,0.9707996406109614,0.140625,0.5,0.9622641509433962,0.9990671641791045,0.9803203661327231,2.0,Trifolium.scabrum,0.46226415094339623,opth,4,False,mlp1,bce,msle
545,0.7804280556988138,0.029407394303906906,0.5714285714285714,0.7021660649819494,0.9961587708066582,0.8237162519851774,7.0,Trifolium.striatum,0.27359463641052084,opth,4,False,mlp1,bce,msle
546,0.8790007481918696,0.3079111626295089,0.6231884057971014,0.8565965583173997,0.9718004338394793,0.9105691056910569,69.0,Trifolium.thalii,0.4797849641145011,opth,4,False,mlp1,bce,msle
547,0.9240580560035185,0.35250079398173084,0.7368421052631579,0.8969359331476323,0.9897540983606558,0.9410618606916707,38.0,Trinia.glauca,0.6337780384107901,opth,4,False,mlp1,bce,msle
548,0.8907942238267148,0.043780723522199326,0.5714285714285714,0.9061371841155235,0.997020854021847,0.9494089834515367,7.0,Trisetum.distichophyllum,0.47756575554409486,opth,4,False,mlp1,bce,msle
549,0.7914568147126286,0.5730211582615136,0.7209302325581395,0.6867321867321867,0.8693623639191291,0.7673301304049417,301.0,Trisetum.flavescens,0.4076624192903262,opth,4,False,mlp1,bce,msle
550,0.8668620033133052,0.28085486312302005,0.8846153846153846,0.7463837994214079,0.9885057471264368,0.8505494505494505,78.0,Trollius.europaeus,0.6309991840367926,opth,4,False,mlp1,bce,msle
551,0.9673717371737174,0.4254281949934124,1.0,0.6903690369036903,1.0,0.8168264110756124,4.0,Turritis.glabra,0.6903690369036903,opth,4,False,mlp1,bce,msle
552,0.7956712739740704,0.13490179633250177,0.7058823529411765,0.6220400728597449,0.9927325581395349,0.7648376259798432,17.0,Tussilago.farfara,0.32792242580092146,opth,4,False,mlp1,bce,msle
553,0.7033794162826421,0.07154942716459078,0.36666666666666664,0.8755760368663594,0.9803921568627451,0.9250243427458618,30.0,Urtica.dioica,0.24224270353302613,opth,4,False,mlp1,bce,msle
554,0.7712285456187895,0.09046870081939361,0.625,0.8536585365853658,0.9968354430379747,0.9197080291970803,8.0,Valeriana.dioica,0.4786585365853657,opth,4,False,mlp1,bce,msle
555,0.8739873987398741,0.01879119122565414,1.0,0.7587758775877588,1.0,0.8628454452405322,4.0,Valeriana.montana,0.7587758775877589,opth,4,False,mlp1,bce,msle
556,0.765797327105229,0.039703663147738516,0.42857142857142855,0.8138056312443234,0.9911504424778761,0.8937655860349127,14.0,Valeriana.officinalis,0.24237705981575197,opth,4,False,mlp1,bce,msle
557,0.7373987398739874,0.00822016231446132,1.0,0.6408640864086409,1.0,0.7811300054854635,4.0,Valerianella.dentata,0.6408640864086408,opth,4,False,mlp1,bce,msle
558,0.8692865105908585,0.11919561444946364,0.6521739130434783,0.8278388278388278,0.9912280701754386,0.9021956087824351,23.0,Valerianella.locusta,0.48001274088230605,opth,4,False,mlp1,bce,msle
559,0.8200060742797639,0.307735647270641,0.4418604651162791,0.9263059701492538,0.976401179941003,0.9506941120153183,43.0,Veratrum.album,0.36816643526553294,opth,4,False,mlp1,bce,msle
560,0.8644765585615862,0.18617678471248836,0.6363636363636364,0.8484288354898336,0.9870967741935484,0.9125248508946322,33.0,Verbascum.lychnitis,0.48479247185346996,opth,4,False,mlp1,bce,msle
561,0.6828537170263789,0.007882578637295619,0.3333333333333333,0.8237410071942446,0.9978213507625272,0.9024630541871921,3.0,Verbascum.nigrum,0.15707434052757785,opth,4,False,mlp1,bce,msle
562,0.725373904074265,0.04101910639005898,0.42857142857142855,0.6787003610108303,0.9947089947089947,0.8068669527896996,7.0,Verbascum.thapsus,0.1072717895822588,opth,4,False,mlp1,bce,msle
563,0.8515837104072398,0.03390481845692711,0.9,0.7067873303167421,0.9987212276214834,0.8277689454160042,10.0,Verbena.officinalis,0.6067873303167421,opth,4,False,mlp1,bce,msle
564,0.9257918552036198,0.08682361669704712,0.8,0.8877828054298642,0.9979654120040692,0.9396551724137931,10.0,Veronica.aphylla,0.6877828054298643,opth,4,False,mlp1,bce,msle
565,0.8265389784946237,0.3808213779528143,0.8,0.7135416666666666,0.9567039106145251,0.8174224343675418,155.0,Veronica.arvensis,0.5135416666666668,opth,4,False,mlp1,bce,msle
566,0.9188400155702608,0.12700459601132938,0.6428571428571429,0.9191643960036331,0.9950835791543756,0.95561850802644,14.0,Veronica.bellidioides,0.5620215388607761,opth,4,False,mlp1,bce,msle
567,0.8231329038415653,0.2718375754004136,0.797979797979798,0.719488188976378,0.9733688415446072,0.8273910582908885,99.0,Veronica.chamaedrys,0.517467986956176,opth,4,False,mlp1,bce,msle
568,0.8394527432639955,0.051649196499788566,0.6923076923076923,0.7758620689655172,0.9953434225844005,0.8720040795512494,13.0,Veronica.fruticans,0.4681697612732094,opth,4,False,mlp1,bce,msle
569,0.9218328840970351,0.017740429505135387,1.0,0.8319856244384546,1.0,0.9082883766552231,2.0,Veronica.fruticulosa,0.8319856244384547,opth,4,False,mlp1,bce,msle
570,0.8697297297297297,0.05826910048337685,0.6,0.7936936936936937,0.9977349943374858,0.8840943301555444,5.0,Veronica.officinalis,0.39369369369369367,opth,4,False,mlp1,bce,msle
571,0.8968978102189781,0.10823797426781248,0.9473684210526315,0.6952554744525548,0.9986893840104849,0.8197955890263583,19.0,Veronica.persica,0.6426238955051864,opth,4,False,mlp1,bce,msle
572,0.7484242424242424,0.04996319302737225,0.6666666666666666,0.7263636363636363,0.9937810945273632,0.8392857142857143,15.0,Veronica.serpyllifolia,0.39303030303030306,opth,4,False,mlp1,bce,msle
573,0.8260599050072734,0.34668760606467014,0.6754385964912281,0.8021978021978022,0.955952380952381,0.8723519826181423,114.0,Vicia.cracca,0.4776363986890302,opth,4,False,mlp1,bce,msle
574,0.932104108956602,0.30355714113840004,0.71875,0.8919667590027701,0.9907692307692307,0.9387755102040817,32.0,Vicia.hirsuta,0.61071675900277,opth,4,False,mlp1,bce,msle
575,0.8702359346642469,0.06694925207232821,0.6153846153846154,0.9210526315789473,0.9950980392156863,0.9566446748350612,13.0,Vicia.onobrychioides,0.5364372469635628,opth,4,False,mlp1,bce,msle
576,0.8603864962183752,0.43094886960495804,0.5891472868217055,0.8640973630831643,0.9414364640883978,0.9011105235325225,129.0,Vicia.sativa,0.4532446499048697,opth,4,False,mlp1,bce,msle
577,0.8203487680038091,0.12088933535648964,0.45161290322580644,0.940959409594096,0.9836065573770492,0.9618104667609618,31.0,Vicia.sepium,0.39257231281990235,opth,4,False,mlp1,bce,msle
578,0.9964093357271095,0.2,1.0,0.7998204667863554,1.0,0.8887780548628429,1.0,Vicia.tetrasperma,0.7998204667863553,opth,4,False,mlp1,bce,msle
579,0.7844167639807966,0.06705805396941215,0.5,0.9182561307901907,0.9931237721021611,0.9542236904200094,14.0,Vincetoxicum.hirundinaria,0.41825613079019064,opth,4,False,mlp1,bce,msle
580,0.8027149321266968,0.12867829564534786,1.0,0.4805429864253394,1.0,0.6491442542787286,10.0,Viola.arvensis,0.48054298642533944,opth,4,False,mlp1,bce,msle
581,0.8292079207920791,0.09221656739495154,0.25,0.9828982898289829,0.9972602739726028,0.9900271985494107,4.0,Viola.biflora,0.23289828982898286,opth,4,False,mlp1,bce,msle
582,0.8908080325125509,0.2983959065714679,0.723404255319149,0.850187265917603,0.9858849077090119,0.9130216189039718,47.0,Viola.calcarata,0.5735915212367519,opth,4,False,mlp1,bce,msle
583,0.703127181348597,0.12948149074731888,0.3076923076923077,0.8021778584392014,0.9899216125419933,0.8862155388471178,13.0,Viola.hirta,0.10987016613150913,opth,4,False,mlp1,bce,msle
584,0.6966426858513188,0.005907112223998089,0.6666666666666666,0.6276978417266187,0.9985693848354793,0.7708448371065709,3.0,Viola.rupestris,0.2943645083932853,opth,4,False,mlp1,bce,msle
585,0.987410071942446,0.4036363636363636,1.0,0.8642086330935251,1.0,0.9271587071876507,3.0,Vulpia.myuros,0.8642086330935252,opth,4,False,mlp1,bce,msle
586,0.48473967684021546,0.0017391304347826088,0.0,0.8671454219030521,0.9989658738366081,0.9283998077847189,1.0,Athamanta.cretensis,-0.1328545780969479,opth,4,False,mlp1,bce,msle
587,0.9810469314079423,0.18987240829346091,1.0,0.8898916967509025,1.0,0.941738299904489,7.0,Bupleurum.baldense,0.8898916967509025,opth,4,False,mlp1,bce,msle
588,0.8532033847083711,0.12419794369832922,0.5833333333333334,0.8504079782411604,0.9946977730646872,0.916911045943304,12.0,Imperatoria.ostruthium,0.4337413115744937,opth,4,False,mlp1,bce,msle
589,0.9473854937070196,0.2134196471359544,0.8571428571428571,0.8710263396911898,0.9979188345473465,0.930164888457808,14.0,Laserpitium.gallicum,0.7281691968340469,opth,4,False,mlp1,bce,msle
590,0.9964093357271095,0.2,1.0,0.9847396768402155,1.0,0.9923111714156491,1.0,Oenanthe.silaifolia,0.9847396768402155,opth,4,False,mlp1,bce,msle
591,0.9582805429864253,0.1475051618092785,0.9,0.9067873303167421,0.9990029910269193,0.9506641366223909,10.0,Seseli.galloprovinciale,0.8067873303167421,opth,4,False,mlp1,bce,msle
592,0.8553459119496856,0.020619757688723206,0.0,0.9811320754716981,0.9981718464351006,0.9895786135024921,2.0,Torilis.leptophylla,-0.018867924528301883,opth,4,False,mlp1,bce,msle
593,0.9892086330935252,0.41798941798941797,1.0,0.9523381294964028,1.0,0.9755872869645325,3.0,Achillea.ptarmica,0.9523381294964028,opth,4,False,mlp1,bce,msle
594,0.9556756756756757,0.24926315789473685,0.8,0.8603603603603603,0.9989539748953975,0.9244917715392061,5.0,Artemisia.alba,0.6603603603603605,opth,4,False,mlp1,bce,msle
595,0.9586714758040277,0.27128902843188557,0.6666666666666666,0.9422903516681695,0.9980897803247374,0.9693877551020408,6.0,Bombycilaena.erecta,0.6089570183348361,opth,4,False,mlp1,bce,msle
596,0.8588129496402878,0.06703325032791389,0.6666666666666666,0.8911870503597122,0.998991935483871,0.9420152091254753,3.0,Cacalia.alliariae,0.5578537170263789,opth,4,False,mlp1,bce,msle
597,0.8992792792792793,0.05261269828782364,0.8,0.7711711711711712,0.9988331388564761,0.8703609557702084,5.0,Cacalia.alpina,0.5711711711711711,opth,4,False,mlp1,bce,msle
598,0.8455855855855856,0.01853397354601719,0.4,0.845945945945946,0.9968152866242038,0.9152046783625731,5.0,Carduus.nigrescens,0.24594594594594588,opth,4,False,mlp1,bce,msle
599,0.9144433729776063,0.1688886039407826,0.6470588235294118,0.936247723132969,0.9941972920696325,0.9643527204502814,17.0,Catananche.caerulea,0.5833065466623808,opth,4,False,mlp1,bce,msle
600,0.7860633484162897,0.03817340004868671,0.7,0.755656108597285,0.9964200477326969,0.8594956253216676,10.0,Centaurea.alpestris,0.455656108597285,opth,4,False,mlp1,bce,msle
601,0.9159463148316651,0.13651696301096883,0.625,0.905368516833485,0.994005994005994,0.9476190476190476,16.0,Centaurea.paniculata,0.5303685168334851,opth,4,False,mlp1,bce,msle
602,0.8582653369598066,0.12724001692162354,0.8333333333333334,0.6772438803263826,0.9973297730307076,0.806695464362851,12.0,Centaurea.triumfetti,0.510577213659716,opth,4,False,mlp1,bce,msle
603,0.9091197888666243,0.4238742923474837,0.7468354430379747,0.8561776061776062,0.9779492833517089,0.9130211013896037,79.0,Centaurea.uniflora,0.6030130492155807,opth,4,False,mlp1,bce,msle
604,0.7646846846846846,0.01519395694139579,0.4,0.9018018018018018,0.9970119521912351,0.9470198675496688,5.0,Cirsium.ferox,0.30180180180180183,opth,4,False,mlp1,bce,msle
605,0.887082204155375,0.15980117017973705,0.875,0.7317073170731707,0.998766954377312,0.8446298227320125,8.0,Cirsium.morisianum,0.6067073170731707,opth,4,False,mlp1,bce,msle
606,0.9953153153153154,0.6115079365079366,1.0,0.9567567567567568,1.0,0.9779005524861878,5.0,Cirsium.rivulare,0.9567567567567568,opth,4,False,mlp1,bce,msle
607,0.7783184118333981,0.031961394998678026,0.6428571428571429,0.7447774750227066,0.9939393939393939,0.8515057113187954,14.0,Crepis.albida,0.38763461787984954,opth,4,False,mlp1,bce,msle
608,0.8335574337303112,0.07236457596334256,0.6842105263157895,0.801094890510949,0.9932126696832579,0.8868686868686869,19.0,Crepis.nicaeensis,0.48530541682673833,opth,4,False,mlp1,bce,msle
609,0.8058310790501955,0.0180228520126246,0.16666666666666666,0.9278629395852119,0.995164410058027,0.9603359776014933,6.0,Doronicum.grandiflorum,0.09452960625187856,opth,4,False,mlp1,bce,msle
610,0.912118408880666,0.27867184925981764,0.7941176470588235,0.8686401480111008,0.992600422832981,0.9264923532313765,34.0,Echinops.ritro,0.6627577950699242,opth,4,False,mlp1,bce,msle
611,0.8464864864864865,0.06951150527652589,0.6,0.7828828828828829,0.9977037887485649,0.8773346794548208,5.0,Erigeron.atticus,0.38288288288288275,opth,4,False,mlp1,bce,msle
612,0.8872901678657075,0.34755970924195223,0.3333333333333333,0.9649280575539568,0.998139534883721,0.9812528577960676,3.0,Filago.vulgaris,0.2982613908872902,opth,4,False,mlp1,bce,msle
613,0.9223423423423424,0.06914003855180326,0.4,0.9612612612612612,0.997196261682243,0.9788990825688073,5.0,Helichrysum.stoechas,0.36126126126126135,opth,4,False,mlp1,bce,msle
614,0.9823141486810552,0.6827956989247311,1.0,0.9361510791366906,1.0,0.9670227589410125,3.0,Hieracium.glanduliferum,0.9361510791366907,opth,4,False,mlp1,bce,msle
615,0.7845366192294342,0.11349586358304146,0.7209302325581395,0.7378731343283582,0.9850560398505604,0.8437333333333333,43.0,Pilosella.peleteriana,0.4588033668864977,opth,4,False,mlp1,bce,msle
616,0.802581766275678,0.32332647521323327,0.5267175572519084,0.8617886178861789,0.9318681318681319,0.8954593453009504,131.0,Pilosella.officinarum,0.38850617513808716,opth,4,False,mlp1,bce,msle
617,0.8784625682216044,0.3316068550778481,0.6944444444444444,0.8906394810009268,0.9886831275720165,0.9371038517796197,36.0,Hieracium.rionii,0.5850839254453712,opth,4,False,mlp1,bce,msle
618,0.917427442430849,0.28651813119285074,0.7804878048780488,0.8975791433891993,0.9907502569373073,0.9418661455788959,41.0,Pilosella.corymbuloides,0.6780669482672481,opth,4,False,mlp1,bce,msle
619,0.9029864253393665,0.08171879500560468,0.7,0.9104072398190045,0.9970267591674926,0.9517502365184485,10.0,Inula.montana,0.6104072398190046,opth,4,False,mlp1,bce,msle
620,0.9070117680022416,0.4680574624725945,0.8192771084337349,0.8517441860465116,0.9832214765100671,0.9127725856697819,83.0,Leontodon.pyrenaicus,0.6710212944802465,opth,4,False,mlp1,bce,msle
621,0.8382346832814122,0.24535825360619445,0.7555555555555555,0.780373831775701,0.9869976359338062,0.8716075156576201,45.0,Leucanthemum.adustum,0.5359293873312565,opth,4,False,mlp1,bce,msle
622,0.9447963800904977,0.16207292191145362,0.8,0.9095022624434389,0.9980139026812314,0.9517045454545454,10.0,Leucanthemum.atratum,0.7095022624434391,opth,4,False,mlp1,bce,msle
623,0.9492394366197183,0.4242785235037798,0.82,0.9061032863849765,0.9907597535934292,0.9465424227562531,50.0,Omalotheca.supina,0.7261032863849763,opth,4,False,mlp1,bce,msle
624,0.894429469901168,0.03232323232323232,1.0,0.7115902964959568,1.0,0.831496062992126,2.0,Omalotheca.sylvatica,0.7115902964959568,opth,4,False,mlp1,bce,msle
625,0.9379496402877698,0.04663900913900914,0.3333333333333333,0.9532374100719424,0.9981167608286252,0.9751609935602575,3.0,Pulicaria.dysenterica,0.2865707434052758,opth,4,False,mlp1,bce,msle
626,0.8562162162162161,0.05053816433059523,0.8,0.7423423423423423,0.9987878787878788,0.8516795865633074,5.0,Scorzonera.hispanica,0.5423423423423424,opth,4,False,mlp1,bce,msle
627,0.9591194968553459,0.11123595505617978,0.5,0.9829290206648698,0.9990867579908675,0.9909420289855072,2.0,Senecio.aquaticus,0.48292902066486976,opth,4,False,mlp1,bce,msle
628,0.8800959232613909,0.014205406488897582,0.0,0.9775179856115108,0.9972477064220183,0.9872842870118075,3.0,Senecio.vulgaris,-0.02248201438848918,opth,4,False,mlp1,bce,msle
629,0.9310072267389341,0.3986749227463559,0.875,0.8672086720867209,0.9989594172736732,0.9284332688588007,8.0,Serratula.lycopifolia,0.7422086720867209,opth,4,False,mlp1,bce,msle
630,0.8751123090745733,0.010488552963084676,0.5,0.876010781671159,0.9989754098360656,0.9334609861177597,2.0,Serratula.nudicaulis,0.37601078167115887,opth,4,False,mlp1,bce,msle
631,0.8994834566522407,0.06204296016500331,1.0,0.7540834845735027,1.0,0.85980341438179,13.0,Sonchus.asper,0.7540834845735027,opth,4,False,mlp1,bce,msle
632,0.8215045871559633,0.18862220223168816,0.52,0.9137614678899083,0.9880952380952381,0.9494756911344138,25.0,Taraxacum.erythrospermum,0.4337614678899082,opth,4,False,mlp1,bce,msle
633,0.837059620596206,0.15614257353578015,0.75,0.8644986449864499,0.9979144942648592,0.9264278799612778,8.0,Taraxacum.palustre,0.6144986449864498,opth,4,False,mlp1,bce,msle
634,0.831945701357466,0.058888262562316024,0.8,0.7963800904977375,0.9977324263038548,0.8857574232511324,10.0,Tolpis.staticifolia,0.5963800904977377,opth,4,False,mlp1,bce,msle
635,0.9115004492362982,0.014623587794319503,0.5,0.9110512129380054,0.9990147783251232,0.9530075187969925,2.0,Tragopogon.crocifolius,0.4110512129380055,opth,4,False,mlp1,bce,msle
636,0.9088806660499538,0.3207543900172699,0.8823529411764706,0.8251618871415356,0.9955357142857143,0.902377339403136,34.0,Cerinthe.minor,0.7075148283180062,opth,4,False,mlp1,bce,msle
637,0.7515751575157517,0.012556195242540723,0.25,0.8406840684068407,0.9967982924226254,0.912109375,4.0,Cynoglossum.officinale,0.09068406840684062,opth,4,False,mlp1,bce,msle
638,0.6635220125786163,0.004008804910183489,0.5,0.6172506738544474,0.998546511627907,0.7629094947251527,2.0,Lithospermum.arvense,0.11725067385444743,opth,4,False,mlp1,bce,msle
639,0.8901515151515151,0.08557301297224632,0.7272727272727273,0.8641304347826086,0.9968652037617555,0.925764192139738,11.0,Myosotis.decumbens,0.5914031620553359,opth,4,False,mlp1,bce,msle
640,0.9519086263901413,0.09464777600136716,0.8333333333333334,0.8629395852119026,0.9989561586638831,0.9259796806966618,6.0,Myosotis.discolor,0.6962729185452359,opth,4,False,mlp1,bce,msle
641,0.9156781846312532,0.26082311203976666,0.8571428571428571,0.7888086642599278,0.9988571428571429,0.8814926878466969,7.0,Pulmonaria.angustifolia,0.6459515214027849,opth,4,False,mlp1,bce,msle
642,0.8840970350404312,0.011206896551724138,1.0,0.8283917340521114,1.0,0.9061425061425061,2.0,Alyssum.alpestre,0.8283917340521114,opth,4,False,mlp1,bce,msle
643,0.8367715317173801,0.026677167080235487,0.5714285714285714,0.868231046931408,0.9968911917098445,0.9281234925229137,7.0,Alyssum.montanum,0.43965961835997946,opth,4,False,mlp1,bce,msle
644,0.7199281867145422,0.003194888178913738,0.0,0.8016157989228008,0.9988814317673378,0.8894422310756972,1.0,Arabis.alpina,-0.19838420107719923,opth,4,False,mlp1,bce,msle
645,0.9519082001031459,0.08967885392606224,1.0,0.851985559566787,1.0,0.9200779727095516,7.0,Arabis.auriculata,0.8519855595667871,opth,4,False,mlp1,bce,msle
646,0.9258638473439919,0.07288354776039506,0.5714285714285714,0.9593862815884476,0.9971857410881801,0.9779208831646734,7.0,Cardamine.bellidifolia,0.5308148530170191,opth,4,False,mlp1,bce,msle
647,0.9175151515151514,0.1182718850114258,0.5333333333333333,0.95,0.9933460076045627,0.9711895910780669,15.0,Cardamine.resedifolia,0.4833333333333334,opth,4,False,mlp1,bce,msle
648,0.9124662466246625,0.03618235617565042,0.75,0.8082808280828083,0.9988876529477196,0.8935323383084577,4.0,Iberis.pinnata,0.5582808280828084,opth,4,False,mlp1,bce,msle
649,0.7694203364405872,0.10368249578654436,0.6470588235294118,0.6466302367941712,0.9916201117318436,0.782800441014333,17.0,Kandis.perfoliata,0.2936890603235831,opth,4,False,mlp1,bce,msle
650,0.7281494876431585,0.03586285547750621,0.5555555555555556,0.7396021699819169,0.9951338199513382,0.8485477178423236,9.0,Noccaea.brachypetala,0.29515772553747244,opth,4,False,mlp1,bce,msle
651,0.9163669064748202,0.02448345665224068,1.0,0.8597122302158273,1.0,0.9245647969052224,3.0,Pritzelago.alpina,0.8597122302158273,opth,4,False,mlp1,bce,msle
652,0.8542342342342343,0.027557000828308365,0.4,0.8468468468468469,0.9968186638388123,0.9157330735509012,5.0,Sisymbrium.austriacum,0.246846846846847,opth,4,False,mlp1,bce,msle
653,0.7479370809695719,0.026336159697983898,0.14285714285714285,0.8844765342960289,0.9939148073022313,0.936007640878701,7.0,Campanula.alpestris,0.02733367715317181,opth,4,False,mlp1,bce,msle
654,0.9384556782935192,0.3338945296997178,0.7352941176470589,0.9269195189639223,0.9910979228486647,0.9579349904397706,34.0,Phyteuma.globulariifolium,0.6622136366109812,opth,4,False,mlp1,bce,msle
655,0.9120861459337833,0.22422234477878228,0.9411764705882353,0.773224043715847,0.9988235294117647,0.8716632443531828,17.0,Phyteuma.michelii,0.7144005143040824,opth,4,False,mlp1,bce,msle
656,0.9113720240248933,0.3269183201208685,0.6538461538461539,0.9143932267168391,0.9818181818181818,0.9469069654164637,52.0,Arenaria.gothica,0.5682393805629928,opth,4,False,mlp1,bce,msle
657,0.945972850678733,0.09423683648563749,0.7,0.9393665158371041,0.9971181556195965,0.967381174277726,10.0,Cerastium.cerastoides,0.639366515837104,opth,4,False,mlp1,bce,msle
658,0.9718927282104177,0.18132250779870895,1.0,0.8140794223826715,1.0,0.8975124378109453,7.0,Dianthus.hyssopifolius,0.8140794223826715,opth,4,False,mlp1,bce,msle
659,0.8674348527289704,0.29138707549735315,0.6363636363636364,0.876750700280112,0.9832460732984293,0.926949654491609,44.0,Dianthus.pavonius,0.5131143366437483,opth,4,False,mlp1,bce,msle
660,0.9177215189873418,0.1360927921951158,0.3333333333333333,0.9674502712477396,0.9944237918215614,0.9807516040329972,9.0,Minuartia.hybrida,0.300783604581073,opth,4,False,mlp1,bce,msle
661,0.916036036036036,0.03474397083944208,0.2,0.9414414414414415,0.996186844613918,0.968040759610931,5.0,Minuartia.rupestris,0.14144144144144155,opth,4,False,mlp1,bce,msle
662,0.9292814982470154,0.25581171398035507,0.7857142857142857,0.8881640260950606,0.9906444906444907,0.9366093366093367,42.0,Minuartia.sedoides,0.6738783118093463,opth,4,False,mlp1,bce,msle
663,0.9313335323185089,0.35990242630117913,0.9298245614035088,0.8449905482041588,0.9955456570155902,0.9141104294478528,57.0,Sagina.glabra,0.7748151096076676,opth,4,False,mlp1,bce,msle
664,0.908175533513676,0.05914396548996599,0.6666666666666666,0.9080252479711451,0.998017839444995,0.9508970727101038,6.0,Sagina.saginoides,0.5746919146378118,opth,4,False,mlp1,bce,msle
665,0.8609297466701489,0.07123145282966314,0.8571428571428571,0.7806215722120659,0.9964994165694282,0.8754484879548949,21.0,Silene.italica,0.637764429354923,opth,4,False,mlp1,bce,msle
666,0.8185307017543859,0.09738746017320589,0.9375,0.6648199445983379,0.997229916897507,0.7977839335180056,32.0,Silene.latifolia,0.6023199445983378,opth,4,False,mlp1,bce,msle
667,0.966786355475763,0.02631578947368421,0.0,0.9982046678635548,0.9991015274034142,0.998652896273013,1.0,Silene.suecica,-0.0017953321364452268,opth,4,False,mlp1,bce,msle
668,0.7689204763734153,0.06970535942493002,0.5263157894736842,0.8512773722627737,0.9904458598726115,0.915603532875368,19.0,Chenopodium.bonus.henricus,0.37759316173645785,opth,4,False,mlp1,bce,msle
669,0.860392580886634,0.1817369160778281,0.7272727272727273,0.8554437328453797,0.9936238044633369,0.9193706981317601,22.0,Helianthemum.apenninum,0.582716460118107,opth,4,False,mlp1,bce,msle
670,0.8140950749019914,0.34900900949040764,0.527027027027027,0.8731988472622478,0.9629237288135594,0.9158690176322418,74.0,Helianthemum.oelandicum,0.4002258742892748,opth,4,False,mlp1,bce,msle
671,,-0.0,0.0,0.7973094170403587,1.0,0.8872255489021956,0.0,Convolvulus.cantabricus,-0.20269058295964126,opth,4,False,mlp1,bce,msle
672,0.9513825584928594,0.19169703321533874,0.9444444444444444,0.8641750227894257,0.9989462592202318,0.9266862170087976,18.0,Sedum.alpestre,0.80861946723387,opth,4,False,mlp1,bce,msle
673,0.8194169960474308,0.04132774564138267,0.6363636363636364,0.8179347826086957,0.9955898566703418,0.8980606663351567,11.0,Sedum.anacampseros,0.45429841897233203,opth,4,False,mlp1,bce,msle
674,0.7281021897810218,0.05258959144875016,0.5263157894736842,0.7983576642335767,0.9898190045248869,0.8838383838383839,19.0,Sedum.ochroleucum,0.32467345370726086,opth,4,False,mlp1,bce,msle
675,0.9139366515837104,0.2979337828988843,0.8,0.8841628959276018,0.9979570990806946,0.9376199616122841,10.0,Sedum.sediforme,0.6841628959276018,opth,4,False,mlp1,bce,msle
676,0.9703937481214308,0.09920288186008266,1.0,0.8656447249774571,1.0,0.9279845335911068,6.0,Sempervivum.calcareum,0.8656447249774573,opth,4,False,mlp1,bce,msle
677,0.9658273381294964,0.21813725490196076,0.6666666666666666,0.9865107913669064,0.9990892531876139,0.9927601809954751,3.0,Euphorbia.esula,0.6531774580335732,opth,4,False,mlp1,bce,msle
678,0.9169062361786819,0.44500672728522483,0.7254901960784313,0.9266917293233082,0.986,0.9554263565891473,51.0,Anthyllis.montana,0.6521819254017396,opth,4,False,mlp1,bce,msle
679,0.9342818428184282,0.08657405113425301,0.375,0.940379403794038,0.9952198852772467,0.9670227589410125,8.0,Argyrolobium.zanonii,0.31537940379403784,opth,4,False,mlp1,bce,msle
680,0.8605827600161878,0.276281332879183,0.7142857142857143,0.8536355051935789,0.9826086956521739,0.9135927235977767,56.0,Astragalus.danicus,0.5679212194792931,opth,4,False,mlp1,bce,msle
681,0.871177015755329,0.324354708448025,0.7777777777777778,0.7924003707136237,0.9907300115874855,0.8805355303810505,36.0,Astragalus.sempervirens,0.5701781484914015,opth,4,False,mlp1,bce,msle
682,0.9536453645364537,0.04450006781368674,1.0,0.7794779477947795,1.0,0.876074860900354,4.0,Astragalus.vesicarius,0.7794779477947795,opth,4,False,mlp1,bce,msle
683,0.9400479616306954,0.04278839255162974,1.0,0.8480215827338129,1.0,0.9177615571776155,3.0,Bituminaria.bituminosa,0.8480215827338129,opth,4,False,mlp1,bce,msle
684,0.9176417641764176,0.15551208989342863,0.5,0.9387938793879388,0.9980861244019139,0.9675324675324676,4.0,Dorycnium.pentaphyllum,0.4387938793879389,opth,4,False,mlp1,bce,msle
685,0.9605026929982047,0.022222222222222223,1.0,0.8770197486535009,1.0,0.9344811095169775,1.0,Genista.cinerea,0.8770197486535007,opth,4,False,mlp1,bce,msle
686,0.849009900990099,0.07246599366164583,0.5,0.8640864086408641,0.997920997920998,0.9261939218523878,4.0,Lathyrus.hirsutus,0.36408640864086417,opth,4,False,mlp1,bce,msle
687,0.9095980084823898,0.6398594329206553,0.7379679144385026,0.8793103448275862,0.9433526011560693,0.9102063580591188,187.0,Lotus.alpinus,0.6172782592660888,opth,4,False,mlp1,bce,msle
688,0.888996035572699,0.1205651592374711,0.7058823529411765,0.8497267759562842,0.9946695095948828,0.9165029469548134,17.0,Lotus.delortii,0.5556091288974607,opth,4,False,mlp1,bce,msle
689,0.973021582733813,0.0619927536231884,0.6666666666666666,0.9631294964028777,0.9990671641791045,0.9807692307692307,3.0,Lotus.pedunculatus,0.6297961630695443,opth,4,False,mlp1,bce,msle
690,0.9461400359066428,0.01639344262295082,1.0,0.8195691202872532,1.0,0.900838677849038,1.0,Medicago.arabica,0.819569120287253,opth,4,False,mlp1,bce,msle
691,0.9858235823582359,0.6653846153846154,0.75,0.9972997299729973,0.9990982867448152,0.9981981981981982,4.0,Melilotus.neapolitanus,0.7472997299729973,opth,4,False,mlp1,bce,msle
692,0.8204380430901083,0.1206178632072811,0.5161290322580645,0.8763837638376384,0.9844559585492227,0.9272816007808687,31.0,Ononis.cristata,0.3925127960957029,opth,4,False,mlp1,bce,msle
693,0.8692338020764884,0.22606206220651964,0.5714285714285714,0.9089236430542779,0.988,0.9468136080498323,28.0,Oxytropis.lapponica,0.48035221448284915,opth,4,False,mlp1,bce,msle
694,0.9146307413095072,0.15713334199782678,0.6153846153846154,0.9283121597096189,0.995136186770428,0.9605633802816902,13.0,Trifolium.incarnatum,0.5436967750942343,opth,4,False,mlp1,bce,msle
695,0.8914388860237237,0.04305418005818259,0.5714285714285714,0.8637184115523465,0.996875,0.925531914893617,7.0,Trifolium.pallescens,0.43514698298091803,opth,4,False,mlp1,bce,msle
696,0.8645045045045044,0.03677076712674982,0.2,0.9774774774774775,0.9963269054178145,0.98681218735789,5.0,Vicia.pannonica,0.17747747747747744,opth,4,False,mlp1,bce,msle
697,0.7674094707520892,0.09007648019421292,0.8421052631578947,0.5831012070566388,0.9905362776025236,0.734073641145529,38.0,Vicia.tenuifolia,0.4252064702145335,opth,4,False,mlp1,bce,msle
698,0.8896724294813467,0.2087952473888628,0.875,0.8280254777070064,0.9978070175438597,0.905022376926902,16.0,Gentiana.angustifolia,0.7030254777070064,opth,4,False,mlp1,bce,msle
699,0.8787887032703923,0.11627707398663263,0.7352941176470589,0.8344125809435707,0.9901207464324918,0.9056224899598394,34.0,Gentiana.brachyphylla,0.5697066985906296,opth,4,False,mlp1,bce,msle
700,0.8973897389738974,0.03584095058544839,0.75,0.8856885688568857,0.9989847715736041,0.9389312977099237,4.0,Gentiana.orbicularis,0.6356885688568856,opth,4,False,mlp1,bce,msle
701,0.9067299006323397,0.11765090423364068,0.75,0.8410117434507678,0.9978563772775991,0.9127450980392157,8.0,Gentiana.rostanii,0.5910117434507678,opth,4,False,mlp1,bce,msle
702,0.8261668690138945,0.20381356609402665,0.6607142857142857,0.7667610953729934,0.9771359807460891,0.8592592592592593,56.0,Gentianella.campestris,0.4274753810872791,opth,4,False,mlp1,bce,msle
703,0.6606822262118492,0.002638522427440633,0.0,0.8016157989228008,0.9988814317673378,0.8894422310756972,1.0,Gentianella.ciliata,-0.19838420107719923,opth,4,False,mlp1,bce,msle
704,0.7639138240574506,0.003787878787878788,0.0,0.9066427289048474,0.9990108803165183,0.9505882352941176,1.0,Gentianella.tenella,-0.09335727109515257,opth,4,False,mlp1,bce,msle
705,0.9775381850853548,0.12083333333333333,1.0,0.8230008984725966,1.0,0.9029078363725973,2.0,Hypericum.tetrapterum,0.8230008984725967,opth,4,False,mlp1,bce,msle
706,0.8273594636410521,0.08576092957388326,0.7142857142857143,0.898014440433213,0.9979939819458375,0.9453681710213777,7.0,Herniaria.incana,0.6123001547189273,opth,4,False,mlp1,bce,msle
707,0.779380823564773,0.020487853636444925,0.3333333333333333,0.9269612263300271,0.9961240310077519,0.9602989257356376,6.0,Calamintha.nepeta,0.26029455966336035,opth,4,False,mlp1,bce,msle
708,0.9318918918918919,0.05522281639928699,0.8,0.9018018018018018,0.999001996007984,0.9479166666666666,5.0,Mentha.aquatica,0.701801801801802,opth,4,False,mlp1,bce,msle
709,0.9005109708446047,0.07079128177325521,0.8333333333333334,0.9026149684400361,0.999001996007984,0.9483657034580767,6.0,Mentha.longifolia,0.7359483017733695,opth,4,False,mlp1,bce,msle
710,0.735011990407674,0.007794776218147784,0.3333333333333333,0.7661870503597122,0.9976580796252927,0.866734486266531,3.0,Nepeta.nepetella,0.09952038369304561,opth,4,False,mlp1,bce,msle
711,0.8406840684068407,0.01887221605911394,0.25,0.9765976597659766,0.9972426470588235,0.98681218735789,4.0,Prunella.hyssopifolia,0.22659765976597646,opth,4,False,mlp1,bce,msle
712,0.9802158273381295,0.16619883040935673,1.0,0.9370503597122302,1.0,0.9675023212627669,3.0,Teucrium.polium,0.9370503597122302,opth,4,False,mlp1,bce,msle
713,0.9741418247515808,0.2835868992118992,0.875,0.9015356820234869,0.998998998998999,0.9477682811016145,8.0,Linum.bienne,0.776535682023487,opth,4,False,mlp1,bce,msle
714,0.863012964748741,0.1220398717377054,0.7647058823529411,0.8132969034608379,0.9955406911928651,0.8952380952380953,17.0,Linum.suffruticosum,0.5780027858137791,opth,4,False,mlp1,bce,msle
715,0.8634823848238483,0.04250904007094732,0.5,0.9060523938572719,0.9960278053624627,0.9489120151371807,8.0,Lythrum.salicaria,0.406052393857272,opth,4,False,mlp1,bce,msle
716,0.9887488748874887,0.27505316321105794,1.0,0.7470747074707471,1.0,0.8552292632663575,4.0,Althaea.hirsuta,0.7470747074707471,opth,4,False,mlp1,bce,msle
717,0.7935135135135135,0.01960114270062649,0.2,0.9612612612612612,0.996265172735761,0.9784502521779,5.0,Epilobium.parviflorum,0.16126126126126117,opth,4,False,mlp1,bce,msle
718,0.9360936093609361,0.04386110965058333,0.75,0.8973897389738974,0.998997995991984,0.9454717875770507,4.0,Plantago.sempervirens,0.6473897389738974,opth,4,False,mlp1,bce,msle
719,0.922523615564607,0.404452786163986,0.9242424242424242,0.8179218303145853,0.9942062572421785,0.897489539748954,66.0,Armeria.alpina,0.7421642545570095,opth,4,False,mlp1,bce,msle
720,0.8406024201271002,0.1132773373314003,0.8095238095238095,0.7870201096892139,0.9953757225433526,0.8790199081163859,21.0,Polygala.calcarea,0.5965439192130235,opth,4,False,mlp1,bce,msle
721,0.8715829624920535,0.27796937328082316,0.7692307692307693,0.8255280073461891,0.9933701657458563,0.9017051153460381,26.0,Rumex.arifolius,0.5947587765769584,opth,4,False,mlp1,bce,msle
722,0.9348607367475291,0.019731800766283523,0.5,0.9263252470799641,0.999031007751938,0.9613053613053613,2.0,Rumex.conglomeratus,0.4263252470799641,opth,4,False,mlp1,bce,msle
723,0.7079811927151529,0.06637091596343601,0.6129032258064516,0.7186346863468634,0.9848293299620733,0.8309333333333333,31.0,Rumex.nebroides,0.3315379121533151,opth,4,False,mlp1,bce,msle
724,0.8115007735946363,0.27269907110197344,0.42857142857142855,0.9341155234657039,0.9961501443695862,0.9641360037261295,7.0,Rumex.pseudalpinus,0.3626869520371325,opth,4,False,mlp1,bce,msle
725,0.8933333333333333,0.12382378505143624,0.6,0.8721461187214612,0.9916926272066459,0.9280855199222546,20.0,Androsace.adfinis,0.47214611872146106,opth,4,False,mlp1,bce,msle
726,0.8984806043629573,0.2300926558367476,0.7045454545454546,0.865546218487395,0.9861702127659574,0.921929388363998,44.0,Androsace.vitaliana,0.5700916730328496,opth,4,False,mlp1,bce,msle
727,0.8399095022624434,0.027918160186065598,1.0,0.416289592760181,1.0,0.5878594249201278,10.0,Primula.vulgaris,0.41628959276018107,opth,4,False,mlp1,bce,msle
728,0.9234234234234234,0.050404933690647975,1.0,0.7324324324324324,1.0,0.8455538221528861,5.0,Aconitum.anthora,0.7324324324324323,opth,4,False,mlp1,bce,msle
729,0.9339269406392694,0.20471678898356938,0.8,0.8666666666666667,0.9958027282266527,0.9267578125,20.0,Anemone.baldensis,0.6666666666666667,opth,4,False,mlp1,bce,msle
730,0.928121212121212,0.2507555555510469,0.8666666666666667,0.8454545454545455,0.9978540772532188,0.9153543307086615,15.0,Anemone.narcissifolia,0.7121212121212122,opth,4,False,mlp1,bce,msle
731,0.9383438343834384,0.5132710809281268,0.5,0.9333933393339334,0.9980750721847931,0.9646511627906976,4.0,Caltha.palustris,0.43339333933393354,opth,4,False,mlp1,bce,msle
732,0.6442195406773064,0.047862440230712344,0.5,0.701180744777475,0.9910141206675225,0.8212765957446808,14.0,Ranunculus.aduncus,0.20118074477747516,opth,4,False,mlp1,bce,msle
733,0.8857872200263504,0.11631739618495603,0.8181818181818182,0.8387681159420289,0.9978448275862069,0.9114173228346457,11.0,Ranunculus.carinthiacus,0.6569499341238472,opth,4,False,mlp1,bce,msle
734,0.8422695315066692,0.27458825918872337,0.6292134831460674,0.8060428849902534,0.9616279069767442,0.8769883351007424,89.0,Ranunculus.sartorianus,0.43525636813632085,opth,4,False,mlp1,bce,msle
735,0.8877597109304427,0.06760137943146488,0.75,0.90063233965673,0.997997997997998,0.9468186134852802,8.0,Reseda.phyteuma,0.65063233965673,opth,4,False,mlp1,bce,msle
736,0.919294148176982,0.097992261644272,0.7857142857142857,0.8646684831970936,0.9968586387434555,0.9260700389105059,14.0,Alchemilla.fissa,0.6503827689113792,opth,4,False,mlp1,bce,msle
737,0.8712113136481541,0.24232114373289337,0.5283018867924528,0.879472693032015,0.9739311783107404,0.9242949035131123,53.0,Alchemilla.flabellata,0.40777457982446785,opth,4,False,mlp1,bce,msle
738,0.8742361747632142,0.1514088020056614,0.7916666666666666,0.8093492208982584,0.9943693693693694,0.8923698837796867,24.0,Alchemilla.glabra,0.601015887564925,opth,4,False,mlp1,bce,msle
739,0.8951559633027523,0.24860633740923804,0.92,0.728440366972477,0.9974874371859297,0.8419936373276776,25.0,Alchemilla.glaucescens,0.6484403669724772,opth,4,False,mlp1,bce,msle
740,0.8918805377329668,0.17719511825914885,0.75,0.8350137488542622,0.9934569247546347,0.9073705179282868,24.0,Alchemilla.monticola,0.5850137488542622,opth,4,False,mlp1,bce,msle
741,0.9719390382040984,0.524645820235458,0.9444444444444444,0.9212233549582948,0.9979919678714859,0.9580722891566265,36.0,Alchemilla.pentaphyllea,0.8656677994027393,opth,4,False,mlp1,bce,msle
742,0.9463528237544706,0.2783501118128856,0.8181818181818182,0.9011893870082343,0.9959555106167847,0.9462055715658021,22.0,Filipendula.ulmaria,0.7193712051900525,opth,4,False,mlp1,bce,msle
743,0.8928892889288929,0.026951920089860075,0.75,0.855985598559856,0.9989495798319328,0.9219583131362094,4.0,Potentilla.brauneana,0.6059855985598559,opth,4,False,mlp1,bce,msle
744,0.7886690647482014,0.08606887298747765,0.6666666666666666,0.9019784172661871,0.999003984063745,0.9480151228733459,3.0,Potentilla.neglecta,0.5686450839328536,opth,4,False,mlp1,bce,msle
745,0.9459005145797599,0.43948080618966295,0.7636363636363637,0.9198113207547169,0.9868421052631579,0.9521484375,55.0,Sibbaldia.procumbens,0.6834476843910806,opth,4,False,mlp1,bce,msle
746,0.9095495495495496,0.031829384617261286,0.8,0.827027027027027,0.998911860718172,0.9048792508624939,5.0,Galium.megalospermum,0.6270270270270271,opth,4,False,mlp1,bce,msle
747,0.8199142367066895,0.31780844048196316,0.6545454545454545,0.8216981132075472,0.9786516853932584,0.8933333333333333,55.0,Galium.obliquum,0.4762435677530017,opth,4,False,mlp1,bce,msle
748,0.8576451677717499,0.19056509723648246,0.7777777777777778,0.8526220614828209,0.9978835978835979,0.9195514383227694,9.0,Galium.palustre,0.6303998392605987,opth,4,False,mlp1,bce,msle
749,0.8875338753387534,0.04309313655090958,0.5,0.926829268292683,0.996116504854369,0.9602246139447824,8.0,Galium.pseudohelveticum,0.42682926829268286,opth,4,False,mlp1,bce,msle
750,0.9930243024302431,0.7785714285714286,1.0,0.9342934293429342,1.0,0.9660307119590508,4.0,Galium.uliginosum,0.9342934293429344,opth,4,False,mlp1,bce,msle
751,0.8396282973621102,0.023335499454018895,0.6666666666666666,0.8210431654676259,0.9989059080962801,0.9012833168805529,3.0,Salix.foetida,0.48770983213429253,opth,4,False,mlp1,bce,msle
752,0.8766937669376693,0.1078754730560694,0.75,0.8843721770551038,0.9979612640163099,0.9377394636015326,8.0,Thesium.divaricatum,0.6343721770551038,opth,4,False,mlp1,bce,msle
753,0.8810975609756098,0.031176889545624205,0.875,0.8139114724480578,0.9988913525498891,0.8969636635141862,8.0,Saxifraga.bryoides,0.6889114724480578,opth,4,False,mlp1,bce,msle
754,0.8635734072022161,0.11701098117490906,0.46875,0.8975069252077562,0.9828109201213346,0.9382239382239382,32.0,Saxifraga.exarata,0.3662569252077561,opth,4,False,mlp1,bce,msle
755,0.9738973897389739,0.1901692183722804,1.0,0.8397839783978398,1.0,0.9129158512720157,4.0,Digitalis.grandiflora,0.8397839783978398,opth,4,False,mlp1,bce,msle
756,0.9822232223222322,0.1329891304347826,1.0,0.7866786678667866,1.0,0.8806045340050378,4.0,Euphrasia.officinalis,0.7866786678667865,opth,4,False,mlp1,bce,msle
757,0.8571107110711071,0.06008149256227777,0.5,0.8811881188118812,0.9979612640163099,0.9359464627151052,4.0,Linaria.simplex,0.3811881188118811,opth,4,False,mlp1,bce,msle
758,0.7670270270270271,0.010753986061383856,0.2,0.8414414414414414,0.9957356076759062,0.912109375,5.0,Pedicularis.cenisia,0.04144144144144146,opth,4,False,mlp1,bce,msle
759,0.8421604115069536,0.1218612717332266,0.5517241379310345,0.8664825046040515,0.9863731656184487,0.9225490196078432,29.0,Pedicularis.comosa,0.4182066425350861,opth,4,False,mlp1,bce,msle
760,0.8763461787984949,0.08550737442090636,0.7142857142857143,0.8546775658492279,0.9957671957671957,0.9198435972629521,14.0,Pedicularis.kerneri,0.5689632801349422,opth,4,False,mlp1,bce,msle
761,0.8001801801801802,0.013834334605378328,0.2,0.9198198198198199,0.9960975609756098,0.956440281030445,5.0,Pedicularis.rosea,0.11981981981981993,opth,4,False,mlp1,bce,msle
762,0.8725775596772852,0.10128440873133451,0.6363636363636364,0.8719121683440073,0.991675338189386,0.9279454722492697,22.0,Pedicularis.rostratospicata,0.5082758047076437,opth,4,False,mlp1,bce,msle
763,0.9509909909909909,0.0853921568627451,1.0,0.6747747747747748,1.0,0.8058095750403442,5.0,Verbascum.chaixii,0.6747747747747748,opth,4,False,mlp1,bce,msle
764,0.8801602472851506,0.23565898942772548,0.6304347826086957,0.8746492048643593,0.9821428571428571,0.9252845126175161,46.0,Veronica.allionii,0.5050839874730548,opth,4,False,mlp1,bce,msle
765,0.9124649113456277,0.32729524084763784,0.6981132075471698,0.8954802259887006,0.983453981385729,0.9374075899457861,53.0,Veronica.alpina,0.5935934335358704,opth,4,False,mlp1,bce,msle
766,0.7996626443492929,0.1500229951025202,0.6428571428571429,0.8047229791099001,0.9943883277216611,0.8895582329317269,14.0,Veronica.austriaca,0.447580121967043,opth,4,False,mlp1,bce,msle
767,0.8543733092876465,0.02922868924278056,0.6666666666666666,0.8584310189359784,0.9979035639412998,0.9229277750848279,6.0,Veronica.verna,0.525097685602645,opth,4,False,mlp1,bce,msle
768,0.9748809885546439,0.5445882047077161,0.9444444444444444,0.9216043755697356,0.9990118577075099,0.9587482219061166,18.0,Valeriana.tuberosa,0.86604882001418,opth,4,False,mlp1,bce,msle
769,0.9425230566534915,0.22155681305178837,0.9090909090909091,0.8251811594202898,0.9989035087719298,0.9037698412698413,11.0,Viola.saxatilis,0.7342720685111987,opth,4,False,mlp1,bce,msle
770,0.934068406840684,0.2620162446249403,1.0,0.828082808280828,1.0,0.9059576563269326,4.0,Carex.acutiformis,0.828082808280828,opth,4,False,mlp1,bce,msle
771,0.9649280575539568,0.051428571428571435,1.0,0.9298561151079137,1.0,0.9636533084808947,3.0,Carex.bicolor,0.9298561151079137,opth,4,False,mlp1,bce,msle
772,0.9023402340234024,0.028092497446131695,1.0,0.7641764176417641,1.0,0.8663265306122448,4.0,Carex.cuprina,0.7641764176417642,opth,4,False,mlp1,bce,msle
773,0.9936993699369937,0.25984848484848483,1.0,0.9783978397839784,1.0,0.989080982711556,4.0,Carex.disticha,0.9783978397839785,opth,4,False,mlp1,bce,msle
774,0.9430232558139534,0.30076989208514326,0.925,0.8241860465116279,0.9966254218222722,0.9022403258655805,40.0,Carex.foetida,0.7491860465116278,opth,4,False,mlp1,bce,msle
775,0.8403816400206291,0.0786809735559045,0.42857142857142855,0.9287003610108303,0.9961277831558567,0.9612330686595049,7.0,Carex.frigida,0.3572717895822588,opth,4,False,mlp1,bce,msle
776,0.9982030548068284,0.45,1.0,0.9865229110512129,1.0,0.9932157394843962,2.0,Carex.melanostachya,0.986522911051213,opth,4,False,mlp1,bce,msle
777,0.7394576359154016,0.17671738053196065,0.6428571428571429,0.7556766575840145,0.994026284348865,0.8586171310629515,14.0,Carex.ovalis,0.3985338004411574,opth,4,False,mlp1,bce,msle
778,0.8471223021582733,0.33996723996724,0.3333333333333333,0.9433453237410072,0.9980970504281637,0.9699491447064262,3.0,Carex.paniculata,0.2766786570743405,opth,4,False,mlp1,bce,msle
779,0.9197073566268612,0.2553679370066161,0.8823529411764706,0.8580827067669173,0.9934711643090316,0.9208270297528997,51.0,Carex.parviflora,0.740435647943388,opth,4,False,mlp1,bce,msle
780,0.7929792979297929,0.020238449694012835,0.5,0.9018901890189019,0.99800796812749,0.9475177304964539,4.0,Carex.viridula,0.40189018901890194,opth,4,False,mlp1,bce,msle
781,0.6392889288928894,0.03538078733265849,0.25,0.936993699369937,0.9971264367816092,0.9661252900232019,4.0,Eleocharis.quinqueflora,0.18699369936993704,opth,4,False,mlp1,bce,msle
782,0.8165013525698828,0.15510281121657868,0.6666666666666666,0.8521190261496844,0.9978880675818373,0.919260700389105,6.0,Eriophorum.polystachion,0.518785692816351,opth,4,False,mlp1,bce,msle
783,0.90603663003663,0.32926513367914056,0.7538461538461538,0.8647619047619047,0.9826839826839827,0.9199594731509625,65.0,Kobresia.myosuroides,0.6186080586080585,opth,4,False,mlp1,bce,msle
784,0.9910233393177738,0.09090909090909091,1.0,0.9174147217235189,1.0,0.9569288389513109,1.0,Schoenus.nigricans,0.9174147217235189,opth,4,False,mlp1,bce,msle
785,0.8145814581458146,0.041032651509780284,0.5,0.9720972097209721,0.9981515711645101,0.9849521203830369,4.0,Scirpoides.holoschoenus,0.47209720972097213,opth,4,False,mlp1,bce,msle
786,0.8827649769585254,0.18505279351045997,0.8666666666666667,0.7576036866359447,0.9951573849878934,0.8602825745682888,30.0,Muscari.neglectum,0.6242703533026113,opth,4,False,mlp1,bce,msle
787,0.8978243305632503,0.15786512235522904,0.71875,0.8864265927977839,0.9907120743034056,0.935672514619883,32.0,Crocus.vernus,0.6051765927977839,opth,4,False,mlp1,bce,msle
788,0.8841134113411341,0.06022326674500587,0.5,0.9738973897389739,0.9981549815498155,0.985876993166287,4.0,Juncus.conglomeratus,0.473897389738974,opth,4,False,mlp1,bce,msle
789,0.9203970416504477,0.17649120857464526,1.0,0.7693006357856494,1.0,0.8696098562628337,14.0,Luzula.alpinopilosa,0.7693006357856493,opth,4,False,mlp1,bce,msle
790,0.8997141854284711,0.3029148547253088,0.8918918918918919,0.7959183673469388,0.9953596287703016,0.8845360824742268,37.0,Luzula.nutans,0.6878102592388307,opth,4,False,mlp1,bce,msle
791,0.8093525179856116,0.015111031130484195,0.6666666666666666,0.89568345323741,0.9989969909729187,0.9445234708392604,3.0,Gagea.fragifera,0.5623501199040768,opth,4,False,mlp1,bce,msle
792,0.97997299729973,0.2439626402150737,1.0,0.8622862286228623,1.0,0.9260512324794586,4.0,Tulipa.australis,0.8622862286228623,opth,4,False,mlp1,bce,msle
793,0.8624657534246575,0.07955051780431062,0.75,0.8264840182648402,0.9945054945054945,0.9027431421446384,20.0,Dactylorhiza.latifolia,0.5764840182648401,opth,4,False,mlp1,bce,msle
794,0.8307806324110673,0.060831611363974525,0.36363636363636365,0.8532608695652174,0.9926238145416227,0.9176814417924988,11.0,Ophrys.fuciflora,0.21689723320158105,opth,4,False,mlp1,bce,msle
795,0.8467596759675968,0.028928231173620107,0.75,0.8514851485148515,0.9989440337909187,0.9193391642371235,4.0,Orchis.purpurea,0.6014851485148514,opth,4,False,mlp1,bce,msle
796,0.9464446444644464,0.040470301820920526,0.25,0.9513951395139514,0.9971698113207547,0.9737448180561953,4.0,Orchis.simia,0.20139513951395127,opth,4,False,mlp1,bce,msle
797,0.9234743512213077,0.3940026107145356,0.7808219178082192,0.8809980806142035,0.9828693790149893,0.9291497975708503,73.0,Alopecurus.alpinus,0.6618199984224227,opth,4,False,mlp1,bce,msle
798,0.9961607949412827,0.5949134199134198,1.0,0.983739837398374,1.0,0.9918032786885246,8.0,Alopecurus.rendlei,0.9837398373983741,opth,4,False,mlp1,bce,msle
799,0.792613241906715,0.4083924847033174,0.6990291262135923,0.713971397139714,0.9127988748241913,0.8012345679012346,206.0,Avenula.pubescens,0.4130005233533063,opth,4,False,mlp1,bce,msle
800,0.8664403319575734,0.23845379362406313,0.5952380952380952,0.8434296365330848,0.9815618221258134,0.9072681704260651,42.0,Avenula.versicolor,0.43866773177118,opth,4,False,mlp1,bce,msle
801,0.7764868941339529,0.32715246095677913,0.8235294117647058,0.5602910602910602,0.9522968197879859,0.7054973821989529,153.0,Brachypodium.rupestre,0.3838204720557661,opth,4,False,mlp1,bce,msle
802,0.8888484848484849,0.2435622469683075,0.6666666666666666,0.8518181818181818,0.994692144373673,0.9177277179236043,15.0,Bromus.commutatus,0.5184848484848485,opth,4,False,mlp1,bce,msle
803,0.955939393939394,0.28125626032342455,0.8666666666666667,0.9145454545454546,0.998015873015873,0.9544592030360531,15.0,Bromus.racemosus,0.7812121212121212,opth,4,False,mlp1,bce,msle
804,0.8044672718585762,0.08947139014937996,0.782608695652174,0.6565934065934066,0.9930747922437673,0.7905181918412348,23.0,Elytrigia.repens,0.43920210224558054,opth,4,False,mlp1,bce,msle
805,0.8779405966618479,0.24444848714435208,0.6785714285714286,0.8068077276908924,0.989841986455982,0.8890015205271161,28.0,Festuca.cinerea,0.48537915626232087,opth,4,False,mlp1,bce,msle
806,0.8379704573047349,0.24773813668196318,0.6428571428571429,0.8234183191690274,0.9775784753363229,0.893900563813429,56.0,Festuca.marginata,0.4662754620261702,opth,4,False,mlp1,bce,msle
807,0.8418759828296996,0.3079006896380398,0.717391304347826,0.7849462365591398,0.9686369119420989,0.8671706263498921,92.0,Festuca.pratensis,0.5023375409069657,opth,4,False,mlp1,bce,msle
808,0.848443638561499,0.13440197866028636,0.75,0.7896645512239348,0.9965675057208238,0.8811330298431967,12.0,Festuca.trichophylla,0.5396645512239346,opth,4,False,mlp1,bce,msle
809,0.9152667984189723,0.06354034587072335,1.0,0.7989130434782609,1.0,0.8882175226586103,11.0,Gaudinia.fragilis,0.7989130434782608,opth,4,False,mlp1,bce,msle
810,0.8921277997364954,0.12287302340760299,0.8181818181818182,0.8007246376811594,0.9977426636568849,0.8884422110552764,11.0,Helictotrichon.parlatorei,0.6189064558629775,opth,4,False,mlp1,bce,msle
811,0.9128025842329082,0.5004108029344535,0.875,0.7831207065750736,0.9851851851851852,0.8726079825041007,96.0,Helictotrichon.sedenense,0.6581207065750736,opth,4,False,mlp1,bce,msle
812,0.9136025718304199,0.10897024167350455,0.6666666666666666,0.8987341772151899,0.9969909729187563,0.9453162149310509,9.0,Helictotrichon.sempervirens,0.5654008438818565,opth,4,False,mlp1,bce,msle
813,0.6504941599281222,0.03255718954248366,0.5,0.9101527403414196,0.9990138067061144,0.9525152797367183,2.0,Hordeum.murinum,0.4101527403414196,opth,4,False,mlp1,bce,msle
814,0.9322212203186054,0.5189393939393939,0.8333333333333334,0.9612263300270514,0.9990627928772259,0.9797794117647058,6.0,Hordeum.secalinum,0.7945596633603849,opth,4,False,mlp1,bce,msle
815,0.8074842200180342,0.021930156775296212,0.6666666666666666,0.7511271415689811,0.9976047904191617,0.8569958847736625,6.0,Koeleria.cenisia,0.4177938082356478,opth,4,False,mlp1,bce,msle
816,0.8919634703196347,0.2374091144667935,0.8,0.8328767123287671,0.9956331877729258,0.9070114370959722,20.0,Molinia.caerulea,0.6328767123287671,opth,4,False,mlp1,bce,msle
817,0.7464132369881662,0.14829274483263769,0.6851851851851852,0.6616399622997172,0.9763560500695411,0.7887640449438202,54.0,Phleum.pratense,0.34682514748490245,opth,4,False,mlp1,bce,msle
818,0.8707967939651108,0.34895812440343493,0.8380952380952381,0.7277227722772277,0.9773936170212766,0.8342792281498297,105.0,Poa.trivialis,0.5658180103724657,opth,4,False,mlp1,bce,msle
819,0.9446846846846847,0.1423989460831566,0.4,0.963963963963964,0.9972041006523765,0.9803023362345397,5.0,Vulpia.bromoides,0.363963963963964,opth,4,False,mlp1,bce,msle
820,0.9684115523465704,0.20677302667098585,0.7142857142857143,0.9422382671480144,0.9980879541108987,0.9693593314763231,7.0,Vulpia.ciliata,0.6565239814337287,opth,4,False,mlp1,bce,msle
821,0.942133815551537,0.2649196612672633,0.6666666666666666,0.9593128390596745,0.9971804511278195,0.9778801843317972,9.0,Equisetum.variegatum,0.6259795057263411,opth,4,False,mlp1,bce,msle
822,0.9401501148266398,0.3463134203214609,0.7878787878787878,0.8937153419593346,0.9928131416837782,0.9406614785992218,33.0,Pachypleurum.mutellinoides,0.6815941298381225,opth,4,False,mlp1,bce,msle
823,0.8295495495495496,0.04296483632110272,0.6,0.8189189189189189,0.9978046103183315,0.8995546759030183,5.0,Libanotis.pyrenaica,0.41891891891891886,opth,4,False,mlp1,bce,msle
824,0.8701234995383196,0.30623168341162976,0.78125,0.778393351800554,0.991764705882353,0.8722193481634765,32.0,Alchemilla.alpigena,0.5596433518005539,opth,4,False,mlp1,bce,msle
825,0.8767276280887896,0.06774617924272068,0.38461538461538464,0.9437386569872959,0.9923664122137404,0.9674418604651163,13.0,Anacamptis.morio,0.32835404160268045,opth,4,False,mlp1,bce,msle
826,0.8983783783783783,0.05476454147550493,0.6,0.8738738738738738,0.9979423868312757,0.9317963496637848,5.0,Mutellina.adonidifolia,0.4738738738738739,opth,4,False,mlp1,bce,msle
827,0.884305595272138,0.23900144887760347,0.6923076923076923,0.8680297397769516,0.9873150105708245,0.923837784371909,39.0,Avenula.pratensis,0.5603374320846439,opth,4,False,mlp1,bce,msle
828,0.8303119266055046,0.10812379666473904,0.76,0.7605504587155963,0.9928143712574851,0.8612987012987013,25.0,Gymnadenia.nigra,0.5205504587155962,opth,4,False,mlp1,bce,msle
829,0.8408273381294964,0.010699962376846619,0.0,0.9595323741007195,0.997196261682243,0.9780018331805683,3.0,Murbeckiella.pinnatifida,-0.040467625899280546,opth,4,False,mlp1,bce,msle
830,0.8183783783783783,0.019897784148619112,0.2,0.9396396396396396,0.9961795606494747,0.9670839128419101,5.0,Silene.conica,0.13963963963963955,opth,4,False,mlp1,bce,msle
