,auc,prauc,sensitivity,specificity,precision,f1,support,species,tss,postprocess,fold,prr,archi,species_loss,func_loss
0,0.7146030440148088,0.017995985252360472,0.5454545454545454,0.6343891402714932,0.9929178470254958,0.774157923799006,11.0,Aceras.anthropophorum,0.1798436857260386,opth,1,False,mlp1,bce,msle
1,0.8361264579496623,0.16086401520492127,0.7666666666666667,0.7255985267034991,0.9911949685534591,0.837852206273259,30.0,Achillea.collina,0.49226519337016583,opth,1,False,mlp1,bce,msle
2,0.7304922587439223,0.4209087189940576,0.7547892720306514,0.5871345029239766,0.8869257950530035,0.7065446868402533,261.0,Achillea.millefolium,0.341923774954628,opth,1,False,mlp1,bce,msle
3,0.913125,0.08168871717784128,0.75,0.8918181818181818,0.9959390862944163,0.9410071942446043,16.0,Achillea.nana,0.6418181818181818,opth,1,False,mlp1,bce,msle
4,0.8565203859321506,0.19365339468842974,0.8222222222222222,0.7142857142857143,0.9896507115135834,0.8297180043383948,45.0,Achillea.roseo.alba,0.5365079365079364,opth,1,False,mlp1,bce,msle
5,0.8754496402877698,0.041060648698892685,0.75,0.7733812949640287,0.9988385598141696,0.8717688798783578,4.0,Achnatherum.calamagrostis,0.5233812949640289,opth,1,False,mlp1,bce,msle
6,0.7905649183009156,0.13220689855037737,0.6610169491525424,0.7615894039735099,0.9757575757575757,0.8554729011689692,59.0,Acinos.alpinus,0.42260635312605244,opth,1,False,mlp1,bce,msle
7,0.694447647601476,0.04807070191200926,0.71875,0.5452029520295203,0.985,0.7019002375296912,32.0,Acinos.arvensis,0.2639529520295203,opth,1,False,mlp1,bce,msle
8,0.9901345291479821,0.08333333333333333,1.0,0.715695067264574,1.0,0.8342916884474647,1.0,Aconitum.lycoctonum,0.7156950672645741,opth,1,False,mlp1,bce,msle
9,0.6349206349206349,0.005480016006286027,0.0,0.9281221922731356,0.997104247104247,0.9613773848301536,3.0,Cacalia.leucophylla,-0.07187780772686436,opth,1,False,mlp1,bce,msle
10,0.9264573991031391,0.012048192771084338,1.0,0.8134529147982063,1.0,0.897131552917903,1.0,Aegopodium.podagraria,0.8134529147982064,opth,1,False,mlp1,bce,msle
11,0.8031133828996282,0.11930034457712105,0.9,0.5715613382899628,0.9935379644588045,0.7256637168141593,40.0,Agrimonia.eupatoria,0.47156133828996283,opth,1,False,mlp1,bce,msle
12,0.845404397482713,0.19882627591517252,0.639344262295082,0.8322274881516588,0.9755555555555555,0.8982097186700767,61.0,Agrostis.alpina,0.4715717504467407,opth,1,False,mlp1,bce,msle
13,0.7750085353362922,0.23073594246147985,0.7623762376237624,0.6423645320197044,0.9644970414201184,0.7711413364872857,101.0,Agrostis.capillaris,0.40474076964346684,opth,1,False,mlp1,bce,msle
14,0.8459109788953749,0.17871542574482047,0.7941176470588235,0.7700381679389313,0.9829476248477467,0.8635634028892456,68.0,Agrostis.rupestris,0.5641558149977548,opth,1,False,mlp1,bce,msle
15,0.7254842918799559,0.03071557173770477,0.6666666666666666,0.7958446251129178,0.996606334841629,0.8849824208940231,9.0,Agrostis.agrostiflora,0.4625112917795844,opth,1,False,mlp1,bce,msle
16,0.7761816085838433,0.2583677873526976,0.5714285714285714,0.8305400372439479,0.9802197802197802,0.8991935483870968,42.0,Agrostis.stolonifera,0.40196860867251916,opth,1,False,mlp1,bce,msle
17,0.6765822784810127,0.019344330757273483,0.6,0.6401446654611211,0.9943820224719101,0.7788778877887789,10.0,Ajuga.chamaepitys,0.24014466546112123,opth,1,False,mlp1,bce,msle
18,0.8255529434342466,0.1320613183878586,0.8947368421052632,0.6153144940747494,0.9970457902511078,0.7609921082299888,19.0,Ajuga.genevensis,0.5100513361800125,opth,1,False,mlp1,bce,msle
19,0.7165461121157324,0.04160858152555225,0.3,0.8716094032549728,0.9927909371781668,0.928261916225325,10.0,Ajuga.pyramidalis,0.17160940325497287,opth,1,False,mlp1,bce,msle
20,0.8823648923201951,0.20160608396211874,0.782608695652174,0.8149532710280374,0.9886621315192744,0.8934426229508197,46.0,Ajuga.reptans,0.5975619666802112,opth,1,False,mlp1,bce,msle
21,0.787560884226302,0.062412385216376945,0.5882352941176471,0.7952684258416742,0.9920544835414302,0.8828282828282829,17.0,Alchemilla.alpina,0.3835037199593212,opth,1,False,mlp1,bce,msle
22,0.6491689280868386,0.10532991277256758,0.5909090909090909,0.6147388059701493,0.9734121122599705,0.7535734705546027,44.0,Alchemilla.xanthochlora,0.20564789687924012,opth,1,False,mlp1,bce,msle
23,0.7609153869316471,0.022326761205555185,0.5555555555555556,0.7533875338753387,0.9952267303102625,0.8575835475578406,9.0,Allium.lusitanicum,0.30894308943089444,opth,1,False,mlp1,bce,msle
24,0.7058431728731456,0.06986952639913543,0.7333333333333333,0.5694822888283378,0.993660855784469,0.7240184757505773,15.0,Allium.oleraceum,0.3028156221616711,opth,1,False,mlp1,bce,msle
25,0.6968749999999999,0.11098436457329156,0.625,0.6654545454545454,0.991869918699187,0.7965179542981502,16.0,Allium.schoenoprasum,0.2904545454545455,opth,1,False,mlp1,bce,msle
26,0.700990099009901,0.02152452014033326,0.4,0.8703870387038704,0.9969072164948454,0.9293608841902932,5.0,Allium.scorodoprasum,0.27038703870387026,opth,1,False,mlp1,bce,msle
27,0.6997270245677889,0.031372889203357485,0.35294117647058826,0.8489535941765242,0.9883474576271186,0.9133627019089574,17.0,Allium.sphaerocephalon,0.20189477064711236,opth,1,False,mlp1,bce,msle
28,0.8127812781278128,0.021809253324161115,0.6,0.7335733573357336,0.9975520195838433,0.8454356846473029,5.0,Allium.vineale,0.33357335733573357,opth,1,False,mlp1,bce,msle
29,0.9169845594913715,0.26946126774493445,0.8666666666666667,0.8410535876475931,0.9978448275862069,0.9127649088220798,15.0,Alopecurus.pratensis,0.7077202543142598,opth,1,False,mlp1,bce,msle
30,0.6924024163568773,0.05721546485345092,0.725,0.5817843866171004,0.9827315541601256,0.7308814944541739,40.0,Alyssum.alyssoides,0.3067843866171005,opth,1,False,mlp1,bce,msle
31,0.6997892201144233,0.021995477504971262,0.3333333333333333,0.6928635953026197,0.9922380336351876,0.8159574468085107,9.0,Anacamptis.pyramidalis,0.02619692863595291,opth,1,False,mlp1,bce,msle
32,0.8585795454545455,0.18287466057462212,0.5625,0.8236363636363636,0.9923329682365827,0.9001490312965723,16.0,Androsace.obtusifolia,0.3861363636363637,opth,1,False,mlp1,bce,msle
33,0.7403327338129497,0.011686178218436281,0.5,0.7742805755395683,0.9976825028968713,0.8718987341772152,4.0,Angelica.sylvestris,0.2742805755395683,opth,1,False,mlp1,bce,msle
34,0.8663187748156552,0.16938105454039432,0.6341463414634146,0.8437209302325581,0.9837310195227765,0.9083625438157236,41.0,Antennaria.carpatica,0.47786727169597265,opth,1,False,mlp1,bce,msle
35,0.8267641565860625,0.19283525053279715,0.7848101265822784,0.7483124397299904,0.978562421185372,0.848087431693989,79.0,Antennaria.dioica,0.5331225663122687,opth,1,False,mlp1,bce,msle
36,0.7001353790613718,0.014733900813527797,0.375,0.7996389891696751,0.9943883277216611,0.8864432216108054,8.0,Anthemis.arvensis,0.17463898916967513,opth,1,False,mlp1,bce,msle
37,0.6946216955332726,0.05258245615954808,0.47368421052631576,0.7064721969006381,0.9872611464968153,0.8235919234856536,19.0,Anthericum.liliago,0.18015640742695394,opth,1,False,mlp1,bce,msle
38,0.5382192749441015,0.32610512426017046,0.5253731343283582,0.5326504481434059,0.7234782608695652,0.6135693215339233,335.0,Anthoxanthum.odoratum,0.05802358247176409,opth,1,False,mlp1,bce,msle
39,0.8429688624478242,0.1261170202916335,0.7894736842105263,0.7292616226071102,0.9950248756218906,0.8416622830089426,19.0,Anthriscus.sylvestris,0.5187353068176366,opth,1,False,mlp1,bce,msle
40,0.681353964060731,0.28027353398641713,0.5621621621621622,0.6895810955961332,0.8879668049792531,0.7762998790810157,185.0,Anthyllis.vulneraria,0.2517432577582954,opth,1,False,mlp1,bce,msle
41,0.7356373429084381,0.004964070170284133,0.0,0.881508078994614,0.9979674796747967,0.9361296472831268,2.0,Aphanes.arvensis,-0.11849192100538597,opth,1,False,mlp1,bce,msle
42,0.6081687612208259,0.003416085650106479,0.0,0.7576301615798923,0.9976359338061466,0.8612244897959184,2.0,Aquilegia.vulgaris,-0.24236983842010773,opth,1,False,mlp1,bce,msle
43,0.5762204252770291,0.004217716192723239,0.0,0.8032345013477089,0.9966555183946488,0.8895522388059701,3.0,Arabidopsis.thaliana,-0.1967654986522911,opth,1,False,mlp1,bce,msle
44,0.8035647279549718,0.18069292055155692,0.54,0.8667917448405253,0.9757127771911299,0.9180327868852459,50.0,Arabis.ciliata,0.4067917448405254,opth,1,False,mlp1,bce,msle
45,0.6717640385706183,0.05284935395104612,0.5365853658536586,0.6409302325581395,0.9731638418079096,0.7728547392035895,41.0,Arabis.hirsuta,0.17751559841179798,opth,1,False,mlp1,bce,msle
46,0.6781836804370092,0.1800625410119806,0.5445544554455446,0.6640394088669951,0.9361111111111111,0.7769452449567723,101.0,Arenaria.serpyllifolia,0.2085938643125398,opth,1,False,mlp1,bce,msle
47,0.5240557553956835,0.005411692803341231,0.25,0.7508992805755396,0.9964200477326969,0.8564102564102564,4.0,Armeria.arenaria,0.0008992805755396738,opth,1,False,mlp1,bce,msle
48,0.789696725092251,0.08979901641006555,0.5625,0.8477859778597786,0.984994640943194,0.9112543381259296,32.0,Arnica.montana,0.4102859778597785,opth,1,False,mlp1,bce,msle
49,0.8552972115545167,0.47401579520376824,0.8490566037735849,0.7356194690265486,0.9540889526542324,0.8307307932542161,212.0,Arrhenatherum.elatius,0.5846760728001335,opth,1,False,mlp1,bce,msle
50,0.6618575293056808,0.00986391536231598,0.7142857142857143,0.6158701532912534,0.997080291970803,0.7614269788182831,7.0,Artemisia.absinthium,0.3301558675769676,opth,1,False,mlp1,bce,msle
51,0.847212420606916,0.19681850490563302,0.7692307692307693,0.8110091743119267,0.9932584269662922,0.8929292929292929,26.0,Artemisia.campestris,0.5802399435426959,opth,1,False,mlp1,bce,msle
52,0.5130044843049327,0.001838235294117647,0.0,0.8600896860986547,0.9989583333333333,0.9243373493975904,1.0,Artemisia.vulgaris,-0.13991031390134534,opth,1,False,mlp1,bce,msle
53,0.7913777951371936,0.11899247388150114,0.6842105263157895,0.7625231910946196,0.9856115107913669,0.8598326359832636,38.0,Asperula.cynanchica,0.4467337174104091,opth,1,False,mlp1,bce,msle
54,0.8946100572116832,0.061409616502149336,0.6666666666666666,0.8599819331526649,0.9968586387434555,0.9233753637245393,9.0,Asphodelus.albus,0.5266485998193315,opth,1,False,mlp1,bce,msle
55,0.8522323483383965,0.23473530459870043,0.6274509803921569,0.812206572769953,0.9785067873303167,0.887634684453566,51.0,Aster.alpinus,0.43965755316210986,opth,1,False,mlp1,bce,msle
56,0.826551094890511,0.1212325039753485,0.7,0.8029197080291971,0.9932279909706546,0.887991927346115,20.0,Aster.bellidiastrum,0.5029197080291969,opth,1,False,mlp1,bce,msle
57,0.3276481149012567,0.0019415791875855774,0.0,0.7980251346499102,0.9977553310886644,0.886783042394015,2.0,Aster.linosyris,-0.2019748653500898,opth,1,False,mlp1,bce,msle
58,0.8932184338703635,0.09087762030730834,0.5882352941176471,0.8671519563239308,0.9927083333333333,0.925692083535697,17.0,Astragalus.alpinus,0.4553872504415779,opth,1,False,mlp1,bce,msle
59,0.7631027253668762,0.009816579486612199,0.6666666666666666,0.7996406109613656,0.9988776655443322,0.8882235528942116,3.0,Astragalus.depressus,0.46630727762803215,opth,1,False,mlp1,bce,msle
60,0.7750568181818182,0.039324492919468185,0.5625,0.7845454545454545,0.9919540229885058,0.8761421319796955,16.0,Astragalus.monspessulanus,0.34704545454545466,opth,1,False,mlp1,bce,msle
61,0.9617613636363636,0.47105119778734944,0.875,0.9045454545454545,0.9979939819458375,0.9489747257987602,16.0,Astragalus.onobrychis,0.7795454545454545,opth,1,False,mlp1,bce,msle
62,0.510032943995208,0.03232616660443967,0.6666666666666666,0.31176999101527403,0.9971264367816092,0.4750171115674196,3.0,Astragalus.penduliflorus,-0.021563342318059342,opth,1,False,mlp1,bce,msle
63,0.8537477148080439,0.11659080943414604,0.9545454545454546,0.6325411334552102,0.9985569985569985,0.774482372691662,22.0,Astrantia.major,0.5870865880006648,opth,1,False,mlp1,bce,msle
64,0.816427289048474,0.040967804125698865,0.5,0.9048473967684022,0.9990089197224975,0.9495996231747527,2.0,Astrantia.minor,0.4048473967684023,opth,1,False,mlp1,bce,msle
65,0.7456152095327353,0.09525852307933737,0.5510204081632653,0.7582005623242737,0.97352587244284,0.8524762908324552,49.0,Deschampsia.flexuosa,0.30922097048753905,opth,1,False,mlp1,bce,msle
66,0.7586695782543511,0.1072443147750372,0.5172413793103449,0.7551984877126654,0.966142684401451,0.8477453580901857,58.0,Bartsia.alpina,0.27243986702301015,opth,1,False,mlp1,bce,msle
67,0.8347818548299702,0.14383327752335226,0.8837209302325582,0.6346691519105312,0.9927113702623906,0.7743035815804434,43.0,Bellis.perennis,0.5183900821430893,opth,1,False,mlp1,bce,msle
68,0.7700369645575125,0.08088475472585628,0.7619047619047619,0.680365296803653,0.9933333333333333,0.8075880758807588,21.0,Biscutella.laevigata,0.44227005870841474,opth,1,False,mlp1,bce,msle
69,0.7321266968325792,0.02105620158755485,0.45454545454545453,0.685972850678733,0.9921465968586387,0.8111289459604066,11.0,Blackstonia.perfoliata,0.14051830522418762,opth,1,False,mlp1,bce,msle
70,0.6642707397424379,0.007676529632539059,0.6666666666666666,0.7196765498652291,0.9987531172069826,0.8365535248041776,3.0,Blysmus.compressus,0.38634321653189563,opth,1,False,mlp1,bce,msle
71,0.7205244122965642,0.026529775300878695,0.5,0.8056057866184448,0.9944196428571429,0.8901098901098901,10.0,Bothriochloa.ischaemum,0.30560578661844495,opth,1,False,mlp1,bce,msle
72,0.786441008632883,0.21120080307861666,0.49504950495049505,0.8423645320197044,0.9437086092715232,0.8901613742842269,101.0,Botrychium.lunaria,0.33741403697019945,opth,1,False,mlp1,bce,msle
73,0.7841113105924595,0.010434184375477756,0.5,0.7028725314183124,0.9987244897959183,0.8250790305584826,2.0,Brachypodium.sylvaticum,0.2028725314183124,opth,1,False,mlp1,bce,msle
74,0.7337997503411038,0.3014187007497147,0.7351351351351352,0.6251342642320086,0.9223454833597464,0.7451984635083226,185.0,Briza.media,0.36026939936714375,opth,1,False,mlp1,bce,msle
75,0.8433358773329633,0.6976621711048895,0.7315270935960592,0.7704225352112676,0.8338414634146342,0.8008784773060029,406.0,Bromus.erectus,0.5019496288073269,opth,1,False,mlp1,bce,msle
76,0.8334861316137052,0.21531734032028393,0.8360655737704918,0.7071090047393365,0.9867724867724867,0.8238542241855329,61.0,Bromus.hordeaceus,0.5431745785098283,opth,1,False,mlp1,bce,msle
77,0.4079892280071813,0.0022229286451422676,1.0,0.3590664272890485,1.0,0.5284015852047557,2.0,Bromus.squarrosus,0.3590664272890485,opth,1,False,mlp1,bce,msle
78,0.79491833030853,0.03946584676934894,0.7142857142857143,0.6388384754990926,0.9943502824858758,0.7779005524861878,14.0,Bromus.sterilis,0.35312418978480675,opth,1,False,mlp1,bce,msle
79,0.6834986474301172,0.010805812422836644,0.14285714285714285,0.8088367899008115,0.9933554817275747,0.8916500994035785,7.0,Bromus.tectorum,-0.04830606724204567,opth,1,False,mlp1,bce,msle
80,0.8430667864630129,0.030523406853194084,0.6666666666666666,0.692722371967655,0.9987046632124352,0.8180371352785146,3.0,Bunias.orientalis,0.3593890386343217,opth,1,False,mlp1,bce,msle
81,0.8381091352244119,0.26307811569079387,0.711864406779661,0.7767265846736046,0.9797136038186157,0.8664907651715039,59.0,Bunium.bulbocastanum,0.48859099145326557,opth,1,False,mlp1,bce,msle
82,0.790506329113924,0.09001374037731641,0.9,0.40867992766726946,0.9977924944812362,0.5798588838999359,10.0,Buphthalmum.salicifolium,0.30867992766726937,opth,1,False,mlp1,bce,msle
83,0.770954277215372,0.07596130576832112,0.7368421052631579,0.7538742023701003,0.9939903846153846,0.8574390876101607,19.0,Bupleurum.falcatum,0.49071630763325813,opth,1,False,mlp1,bce,msle
84,0.7504940014114325,0.07981609883026833,0.5,0.789908256880734,0.9851258581235698,0.8767820773930753,26.0,Bupleurum.ranunculoides,0.28990825688073407,opth,1,False,mlp1,bce,msle
85,0.8016274864376131,0.3423250393953922,0.8,0.4719710669077758,0.9961832061068703,0.6404907975460122,10.0,Calamagrostis.varia,0.27197106690777595,opth,1,False,mlp1,bce,msle
86,0.5263039568345323,0.004776492858186005,0.0,0.8723021582733813,0.9958932238193019,0.9300095877277086,4.0,Calluna.vulgaris,-0.1276978417266187,opth,1,False,mlp1,bce,msle
87,0.9081601927130383,0.22148661532865077,0.5555555555555556,0.9629629629629629,0.9962616822429906,0.979329352319706,9.0,Calystegia.sepium,0.5185185185185186,opth,1,False,mlp1,bce,msle
88,0.6572072072072073,0.00866157045115476,0.3333333333333333,0.6747747747747748,0.9946879150066401,0.8040794417606012,6.0,Campanula.barbata,0.008108108108108025,opth,1,False,mlp1,bce,msle
89,0.717045110505601,0.026763945264543204,0.4666666666666667,0.7811080835603996,0.9907834101382489,0.8735398679532758,15.0,Campanula.cochleariifolia,0.2477747502270664,opth,1,False,mlp1,bce,msle
90,0.8238792230507226,0.17550786474740684,0.803921568627451,0.7089201877934272,0.9869281045751634,0.825136612021858,51.0,Campanula.glomerata,0.5128417564208783,opth,1,False,mlp1,bce,msle
91,0.7408218472240113,0.04784274443684524,0.5714285714285714,0.7339945897204689,0.996328029375765,0.8452751817237798,7.0,Campanula.rapunculoides,0.30542316114904033,opth,1,False,mlp1,bce,msle
92,0.8041329739442947,0.012863702547843501,0.6666666666666666,0.683737646001797,0.9986876640419947,0.8117333333333333,3.0,Campanula.rapunculus,0.3504043126684637,opth,1,False,mlp1,bce,msle
93,0.8393613515130061,0.3459081970920924,0.8227848101265823,0.6470588235294118,0.9795620437956204,0.7793263646922184,79.0,Campanula.rhomboidalis,0.46984363365599413,opth,1,False,mlp1,bce,msle
94,0.6356926423743299,0.09668387543816347,0.6721311475409836,0.5393364928909953,0.966044142614601,0.6922141119221411,61.0,Campanula.rotundifolia,0.21146764043197885,opth,1,False,mlp1,bce,msle
95,0.8645218280719699,0.4052572221271308,0.6751592356687898,0.8383733055265902,0.9403508771929825,0.886438809261301,157.0,Campanula.scheuchzeri,0.5135325411953799,opth,1,False,mlp1,bce,msle
96,0.664986498649865,0.013893262576824718,0.0,0.9801980198019802,0.9954296160877514,0.9877551020408163,5.0,Campanula.thyrsoides,-0.01980198019801982,opth,1,False,mlp1,bce,msle
97,0.7118226600985222,0.02803378723599324,0.6428571428571429,0.5852994555353902,0.9923076923076923,0.7363013698630136,14.0,Capsella.bursa.pastoris,0.2281565983925331,opth,1,False,mlp1,bce,msle
98,0.9678678678678679,0.17180996556711384,1.0,0.8594594594594595,1.0,0.9244186046511628,6.0,Cardamine.pratensis,0.8594594594594596,opth,1,False,mlp1,bce,msle
99,0.7940134660421545,0.35660213765858306,0.6642857142857143,0.7735655737704918,0.9413965087281796,0.8492688413948256,140.0,Carduus.defloratus,0.4378512880562062,opth,1,False,mlp1,bce,msle
100,0.6813681368136814,0.011255117447228595,0.4,0.7029702970297029,0.9961734693877551,0.8242744063324539,5.0,Carduus.nutans,0.10297029702970306,opth,1,False,mlp1,bce,msle
101,0.6449197860962568,0.017039509677004246,0.18181818181818182,0.8787330316742081,0.9908163265306122,0.9314148681055155,11.0,Carex.atrata,0.06055121349239001,opth,1,False,mlp1,bce,msle
102,0.8566148266964223,0.06963318983798449,0.38461538461538464,0.9392565729827742,0.9923371647509579,0.9650675360968793,13.0,Carex.capillaris,0.3238719575981588,opth,1,False,mlp1,bce,msle
103,0.710603112840467,0.19847852062060833,0.6022727272727273,0.7071984435797666,0.9540682414698163,0.8122905027932961,88.0,Carex.caryophyllea,0.30947117085249376,opth,1,False,mlp1,bce,msle
104,0.8769735045069653,0.23563989736221322,0.7571428571428571,0.8116634799235182,0.9803695150115473,0.8880753138075314,70.0,Carex.curvula,0.5688063370663752,opth,1,False,mlp1,bce,msle
105,0.5140018066847335,0.012579513310368412,0.2222222222222222,0.8084914182475158,0.9922394678492239,0.8909905425584869,9.0,Carex.davalliana,0.030713640469738124,opth,1,False,mlp1,bce,msle
106,0.5799864620938628,0.008973914760257563,0.625,0.5072202166064982,0.9946902654867257,0.6718469814704124,8.0,Carex.distans,0.1322202166064983,opth,1,False,mlp1,bce,msle
107,0.7846846846846848,0.01392298295840226,1.0,0.5774774774774775,1.0,0.732153055396916,6.0,Carex.divulsa,0.5774774774774776,opth,1,False,mlp1,bce,msle
108,0.8866906474820144,0.05066118607599721,1.0,0.6609712230215827,1.0,0.7958852192744992,4.0,Carex.ericetorum,0.6609712230215827,opth,1,False,mlp1,bce,msle
109,0.6724370503597121,0.0107758329355203,0.5,0.6285971223021583,0.9971469329529244,0.7710976282404853,4.0,Carex.ferruginea,0.12859712230215825,opth,1,False,mlp1,bce,msle
110,0.6751870078740158,0.15299898963205666,0.4,0.7086614173228346,0.9230769230769231,0.8017817371937639,100.0,Carex.flacca,0.10866141732283463,opth,1,False,mlp1,bce,msle
111,0.7975565843621399,0.09940645942382559,0.6111111111111112,0.7657407407407407,0.9833531510107015,0.8610098906819365,36.0,Carex.halleriana,0.376851851851852,opth,1,False,mlp1,bce,msle
112,0.8478122794636556,0.1410223589295545,0.5384615384615384,0.8541284403669724,0.9872746553552492,0.9158878504672897,26.0,Carex.hirta,0.39258997882851077,opth,1,False,mlp1,bce,msle
113,0.9309417040358744,0.01282051282051282,1.0,0.6179372197309417,1.0,0.7638580931263859,1.0,Carex.hostiana,0.6179372197309418,opth,1,False,mlp1,bce,msle
114,0.71812631302521,0.12001827432650847,0.39285714285714285,0.796875,0.9807692307692307,0.8793103448275862,28.0,Carex.humilis,0.1897321428571428,opth,1,False,mlp1,bce,msle
115,0.6407964459669218,0.029718222423133385,0.23529411764705882,0.8571428571428571,0.9863874345549738,0.9172346640701071,17.0,Carex.liparocarpos,0.09243697478991586,opth,1,False,mlp1,bce,msle
116,0.7827326938034742,0.04891274338948892,0.5714285714285714,0.8348457350272233,0.9935205183585313,0.9072978303747534,14.0,Carex.montana,0.40627430645579476,opth,1,False,mlp1,bce,msle
117,0.8121331714227888,0.045149936927490475,0.9444444444444444,0.6429872495446266,0.9985855728429985,0.7822714681440444,18.0,Carex.spicata,0.5874316939890711,opth,1,False,mlp1,bce,msle
118,0.6388695605630788,0.09670587271915934,0.4117647058823529,0.83803457688808,0.9892588614393125,0.9073891625615763,17.0,Carex.nigra,0.24979928277043295,opth,1,False,mlp1,bce,msle
119,0.7806681079573192,0.11724062147379997,0.3076923076923077,0.9174977334542158,0.9911851126346719,0.9529190207156308,13.0,Carex.ornithopoda,0.22519004114652352,opth,1,False,mlp1,bce,msle
120,0.7411422262370772,0.030903846899591268,0.4444444444444444,0.8229448961156278,0.9945414847161572,0.9006426099851705,9.0,Carex.pallescens,0.26738934056007224,opth,1,False,mlp1,bce,msle
121,0.7802332719459791,0.13668164362807128,0.7333333333333333,0.6445672191528545,0.9887005649717514,0.7803790412486065,30.0,Carex.panicea,0.3779005524861878,opth,1,False,mlp1,bce,msle
122,0.7629294755877034,0.04411393131300985,0.9,0.6057866184448463,0.9985096870342772,0.7540799099606078,10.0,Carex.rupestris,0.5057866184448463,opth,1,False,mlp1,bce,msle
123,0.8027242337760346,0.39434659995301197,0.7681159420289855,0.6941694169416942,0.9293078055964654,0.7947103274559194,207.0,Carex.sempervirens,0.4622853589706797,opth,1,False,mlp1,bce,msle
124,0.6564772727272727,0.02031207735353794,0.4375,0.6263636363636363,0.9871060171919771,0.7664071190211346,16.0,Carex.tomentosa,0.06386363636363646,opth,1,False,mlp1,bce,msle
125,0.799587234311741,0.32293105310405973,0.71875,0.7621457489878543,0.9543726235741445,0.8474957794034891,128.0,Carlina.acaulis,0.48089574898785425,opth,1,False,mlp1,bce,msle
126,0.8084296218487395,0.12974876258583706,0.7857142857142857,0.7169117647058824,0.9923664122137404,0.8324439701173959,28.0,Carlina.vulgaris,0.5026260504201681,opth,1,False,mlp1,bce,msle
127,0.7736376889636061,0.1805201458436475,0.7808219178082192,0.6270373921380633,0.9761194029850746,0.7635726795096323,73.0,Carum.carvi,0.4078593099462826,opth,1,False,mlp1,bce,msle
128,0.7089283449587825,0.21955219960257044,0.9819277108433735,0.4305263157894737,0.9927184466019418,0.6005873715124816,166.0,Centaurea.jacea,0.41245402663284714,opth,1,False,mlp1,bce,msle
129,0.8601159506466478,0.12429522615108585,0.9032258064516129,0.7179723502304147,0.9961636828644501,0.8344938403856454,31.0,Centaurea.montana,0.6211981566820275,opth,1,False,mlp1,bce,msle
130,0.8413755691519637,0.35366460990424187,0.8839285714285714,0.6374501992031872,0.9800918836140888,0.7724803862401931,112.0,Centaurea.scabiosa,0.5213787706317587,opth,1,False,mlp1,bce,msle
131,0.805903425262538,0.4471992603658943,0.6782608695652174,0.755079006772009,0.9004037685060565,0.8213627992633518,230.0,Cerastium.arvense,0.4333398763372265,opth,1,False,mlp1,bce,msle
132,0.758025378893353,0.07007484233474139,0.5217391304347826,0.8289112534309241,0.9880043620501636,0.9014925373134328,23.0,Cerastium.brachypetalum,0.3506503838657067,opth,1,False,mlp1,bce,msle
133,0.8078755615962547,0.30282640996424576,0.7925925925925926,0.6860346585117227,0.9600570613409415,0.8002378121284186,135.0,Cerastium.fontanum,0.4786272511043155,opth,1,False,mlp1,bce,msle
134,0.8110706334750051,0.08759650026083349,0.6666666666666666,0.7805100182149363,0.9930475086906141,0.8740438551759306,18.0,Cerastium.glomeratum,0.4471766848816028,opth,1,False,mlp1,bce,msle
135,0.6723345588235294,0.04574087652163995,0.5714285714285714,0.6534926470588235,0.983402489626556,0.7852015461071231,28.0,Cerastium.pumilum,0.224921218487395,opth,1,False,mlp1,bce,msle
136,0.6654676258992805,0.006392576437806389,0.0,0.789568345323741,0.9954648526077098,0.880641925777332,4.0,Cerastium.semidecandrum,-0.21043165467625902,opth,1,False,mlp1,bce,msle
137,0.7940315693518207,0.051656536012840315,0.7368421052631579,0.7046490428441203,0.993573264781491,0.8245333333333333,19.0,Chaerophyllum.aureum,0.4414911481072781,opth,1,False,mlp1,bce,msle
138,0.7648282097649187,0.025119498942599724,1.0,0.515370705244123,1.0,0.6801909307875895,10.0,Chaerophyllum.hirsutum,0.515370705244123,opth,1,False,mlp1,bce,msle
139,0.8593399939448986,0.15229912571280652,0.7333333333333333,0.9064486830154405,0.9960079840319361,0.9491203043271517,15.0,Chaerophyllum.villarsii,0.6397820163487737,opth,1,False,mlp1,bce,msle
140,0.5483677747828691,0.0038509627537361172,0.0,0.7556154537286612,0.9964454976303317,0.85947879407256,3.0,Chenopodium.album,-0.24438454627133877,opth,1,False,mlp1,bce,msle
141,0.5928507194244604,0.007568561665865756,0.25,0.5962230215827338,0.9954954954954955,0.7457817772778402,4.0,Chondrilla.juncea,-0.15377697841726623,opth,1,False,mlp1,bce,msle
142,0.6705670567056706,0.0184700833474827,1.0,0.5022502250225023,1.0,0.6686638705811864,5.0,Cichorium.intybus,0.5022502250225023,opth,1,False,mlp1,bce,msle
143,0.6815759849906191,0.18163401195935508,0.4065934065934066,0.7970731707317074,0.9380022962112514,0.8618143459915611,91.0,Cirsium.acaule,0.20366657732511406,opth,1,False,mlp1,bce,msle
144,0.7642124883504193,0.10035634796662807,0.8372093023255814,0.581547064305685,0.9889064976228209,0.7323943661971831,43.0,Cirsium.arvense,0.41875636663126636,opth,1,False,mlp1,bce,msle
145,0.6823671497584541,0.03426434532954594,0.4166666666666667,0.7038043478260869,0.9910714285714286,0.823093220338983,12.0,Cirsium.eriophorum,0.12047101449275366,opth,1,False,mlp1,bce,msle
146,0.9013349392753187,0.13653486180499078,0.5555555555555556,0.9177958446251129,0.996078431372549,0.9553361542078044,9.0,Cirsium.palustre,0.47335140018066846,opth,1,False,mlp1,bce,msle
147,0.7198499110049228,0.10393305928074427,0.5084745762711864,0.7805108798486282,0.9660421545667447,0.8634222919937206,59.0,Cirsium.spinosissimum,0.28898545611981463,opth,1,False,mlp1,bce,msle
148,0.7146739130434783,0.026169424845089773,0.4166666666666667,0.8152173913043478,0.9922822491730982,0.8950770760815515,12.0,Cirsium.tuberosum,0.2318840579710144,opth,1,False,mlp1,bce,msle
149,0.7592592592592593,0.04330216159747226,0.5,0.8069216757741348,0.9899441340782122,0.8891118916206724,18.0,Cirsium.vulgare,0.30692167577413487,opth,1,False,mlp1,bce,msle
150,0.7174689676052074,0.033818042672550105,0.8,0.51952770208901,0.9947826086956522,0.6825775656324582,15.0,Clinopodium.vulgare,0.31952770208900994,opth,1,False,mlp1,bce,msle
151,0.7982815545566648,0.08559785419527584,0.5217391304347826,0.818847209515096,0.9878587196467992,0.8954477238619309,23.0,Coeloglossum.viride,0.3405863399498785,opth,1,False,mlp1,bce,msle
152,0.8102092284700169,0.2435657501022782,0.839622641509434,0.6663366336633664,0.9753623188405797,0.7917647058823529,106.0,Colchicum.autumnale,0.5059592751728004,opth,1,False,mlp1,bce,msle
153,0.7947127525252525,0.16743991554213877,0.8166666666666667,0.6297348484848485,0.9837278106508875,0.7678983833718245,60.0,Convolvulus.arvensis,0.44640151515151505,opth,1,False,mlp1,bce,msle
154,0.7841726618705036,0.009895209281891524,1.0,0.5620503597122302,1.0,0.7196315486470927,4.0,Conyza.canadensis,0.5620503597122302,opth,1,False,mlp1,bce,msle
155,0.7652702524117879,0.08839436853038267,0.5428571428571428,0.788159111933395,0.9815668202764977,0.8742945100051308,35.0,Coronilla.minima,0.331016254790538,opth,1,False,mlp1,bce,msle
156,0.6839059674502712,0.03899173211521994,0.3,0.8083182640144665,0.9922308546059934,0.890881913303438,10.0,Crepis.aurea,0.10831826401446643,opth,1,False,mlp1,bce,msle
157,0.8619093143949741,0.20137919556762526,0.8428571428571429,0.7523900573613767,0.9862155388471178,0.8535791757049892,70.0,Crepis.biennis,0.5952472002185196,opth,1,False,mlp1,bce,msle
158,0.841169650908154,0.04143865819346815,0.2857142857142857,0.9323715058611362,0.9951876804619827,0.962756052141527,7.0,Crepis.bocconi,0.21808579157542196,opth,1,False,mlp1,bce,msle
159,0.7422445255474452,0.05170011560315931,0.6,0.7554744525547445,0.9904306220095693,0.8571428571428571,20.0,Crepis.conyzifolia,0.3554744525547444,opth,1,False,mlp1,bce,msle
160,0.7174436653642349,0.0395989031442044,0.4117647058823529,0.7743403093721565,0.9883855981416957,0.8683673469387755,17.0,Crepis.foetida,0.1861050152545094,opth,1,False,mlp1,bce,msle
161,0.7268643306379156,0.008907584379282492,0.6666666666666666,0.6873315363881402,0.9986945169712794,0.814262905800958,3.0,Crepis.mollis,0.3539982030548068,opth,1,False,mlp1,bce,msle
162,0.8903421132303967,0.1600326072295296,0.9333333333333333,0.6793823796548593,0.9986648865153538,0.8086486486486486,15.0,Crepis.pyrenaica,0.6127157129881926,opth,1,False,mlp1,bce,msle
163,0.8084080867586021,0.14803191998896265,0.6938775510204082,0.7169634489222118,0.9807692307692307,0.828370330265295,49.0,Crepis.vesicaria,0.4108409999426199,opth,1,False,mlp1,bce,msle
164,0.5387840670859538,0.008506712039657176,0.3333333333333333,0.9478885893980233,0.9981078524124882,0.9723502304147466,3.0,Cruciata.glabra,0.2812219227313566,opth,1,False,mlp1,bce,msle
165,0.83923006416132,0.08392973607334489,0.88,0.6984417965169569,0.996078431372549,0.8211206896551724,25.0,Cruciata.laevipes,0.578441796516957,opth,1,False,mlp1,bce,msle
166,0.7660698183691872,0.015114324555570244,0.8571428571428571,0.6339044183949504,0.9985795454545454,0.7755102040816326,7.0,Cruciata.pedemontana,0.49104727553780747,opth,1,False,mlp1,bce,msle
167,0.6780780780780781,0.010292157607498421,0.8333333333333334,0.5207207207207207,0.998272884283247,0.6844286560094731,6.0,Cuscuta.epithymum,0.3540540540540542,opth,1,False,mlp1,bce,msle
168,0.861830898867936,0.2486715001873796,0.9365079365079365,0.6666666666666666,0.9943342776203966,0.7981807845366685,63.0,Cynosurus.cristatus,0.6031746031746033,opth,1,False,mlp1,bce,msle
169,0.8482367758186398,0.6260375010625479,0.8198757763975155,0.7317380352644837,0.9092331768388107,0.8108862526168876,322.0,Dactylis.glomerata,0.5516138116619991,opth,1,False,mlp1,bce,msle
170,0.8312387791741472,0.010201773434672457,1.0,0.36983842010771995,1.0,0.5399737876802096,2.0,Dactylorhiza.maculata,0.36983842010771983,opth,1,False,mlp1,bce,msle
171,0.6942133815551537,0.01741019696273559,0.6,0.5867992766726944,0.9938744257274119,0.7379192723138147,10.0,Dactylorhiza.majalis,0.18679927667269425,opth,1,False,mlp1,bce,msle
172,0.3542600896860987,0.0013869625520110957,0.0,0.9327354260089686,0.9990393852065321,0.9647495361781077,1.0,Danthonia.decumbens,-0.06726457399103136,opth,1,False,mlp1,bce,msle
173,0.7750360750360751,0.14579275874887873,0.8636363636363636,0.5971428571428572,0.9858490566037735,0.7437722419928826,66.0,Daucus.carota,0.46077922077922073,opth,1,False,mlp1,bce,msle
174,0.6854360308346287,0.08800600835466656,0.7241379310344828,0.6080956761729531,0.9880418535127056,0.7528473804100227,29.0,Deschampsia.cespitosa,0.3322336072074359,opth,1,False,mlp1,bce,msle
175,0.6625922509225093,0.05316157109231632,0.375,0.7333948339483395,0.9754601226993865,0.8372827804107424,32.0,Dianthus.carthusianorum,0.10839483394833938,opth,1,False,mlp1,bce,msle
176,0.6293998194945849,0.011551144018699742,0.75,0.47382671480144406,0.9962049335863378,0.6422018348623854,8.0,Dianthus.deltoides,0.22382671480144412,opth,1,False,mlp1,bce,msle
177,0.7353215284249768,0.14093492058932613,0.46511627906976744,0.8108108108108109,0.9742441209406495,0.8850457782299085,43.0,Dianthus.sylvestris,0.27592708988057835,opth,1,False,mlp1,bce,msle
178,0.7198248099961355,0.02099858009240294,0.42857142857142855,0.9323715058611362,0.9961464354527938,0.9632044713553796,7.0,Dipsacus.fullonum,0.36094293443256475,opth,1,False,mlp1,bce,msle
179,0.8392558355283866,0.1502154965545405,0.8070175438596491,0.7573182247403211,0.986469864698647,0.8568376068376068,57.0,Draba.aizoides,0.5643357685999701,opth,1,False,mlp1,bce,msle
180,0.6018018018018018,0.007374562100697003,0.0,0.9261261261261261,0.9941972920696325,0.9589552238805971,6.0,Draba.siliquosa,-0.0738738738738739,opth,1,False,mlp1,bce,msle
181,0.8338945005611672,0.10171084512848873,0.7407407407407407,0.7539026629935721,0.9915458937198067,0.856546687532603,27.0,Dryas.octopetala,0.4946434037343128,opth,1,False,mlp1,bce,msle
182,0.4438454627133872,0.02032500793614111,0.3333333333333333,0.5031446540880503,0.99644128113879,0.6686567164179105,3.0,Dryopteris.filix.mas,-0.16352201257861632,opth,1,False,mlp1,bce,msle
183,0.7272890946502057,0.08994302491699342,0.7777777777777778,0.5990740740740741,0.9877862595419847,0.745821325648415,36.0,Echium.vulgare,0.376851851851852,opth,1,False,mlp1,bce,msle
184,0.8262952979934113,0.018573692162393386,0.3333333333333333,0.912848158131177,0.9980353634577603,0.9535429375879868,3.0,Epilobium.angustifolium,0.2461814914645104,opth,1,False,mlp1,bce,msle
185,0.6134529147982063,0.0023148148148148147,1.0,0.5443946188340807,1.0,0.7049941927990708,1.0,Epipactis.palustris,0.5443946188340807,opth,1,False,mlp1,bce,msle
186,0.7181394850934004,0.03442458241547515,0.5882352941176471,0.6196542311191993,0.9898255813953488,0.7621712367095691,17.0,Equisetum.arvense,0.20788952523684623,opth,1,False,mlp1,bce,msle
187,0.652582764395208,0.009978427344664252,0.14285714285714285,0.824165915238954,0.9934782608695653,0.9009364218827008,7.0,Equisetum.palustre,-0.03297694190390321,opth,1,False,mlp1,bce,msle
188,0.7196492805755396,0.008581946615908755,0.0,0.960431654676259,0.996268656716418,0.978021978021978,4.0,Equisetum.telmateia,-0.03956834532374098,opth,1,False,mlp1,bce,msle
189,0.7262118491921006,0.005198512813703359,0.5,0.8087971274685817,0.9988913525498891,0.8938492063492064,2.0,Erigeron.acer,0.3087971274685817,opth,1,False,mlp1,bce,msle
190,0.8044202240387526,0.12143936981346064,0.5333333333333333,0.7929155313351499,0.9920454545454546,0.8813730439172135,15.0,Erigeron.alpinus,0.32624886466848313,opth,1,False,mlp1,bce,msle
191,0.7989732763997506,0.12121591108516416,0.8421052631578947,0.6326344576116681,0.9956958393113343,0.7736900780379041,19.0,Erigeron.annuus,0.4747397207695627,opth,1,False,mlp1,bce,msle
192,0.8264578942085716,0.03414226246715029,0.3333333333333333,0.8897922312556459,0.9939455095862765,0.9389895138226882,9.0,Erigeron.glabratus,0.22312556458897914,opth,1,False,mlp1,bce,msle
193,0.7993005415162454,0.019600614928161494,0.25,0.8763537906137184,0.9938587512794268,0.9314148681055155,8.0,Erigeron.neglectus,0.12635379061371843,opth,1,False,mlp1,bce,msle
194,0.8985456988664687,0.20802970464325,0.7674418604651163,0.8322460391425909,0.9889258028792912,0.9038461538461539,43.0,Erigeron.uniflorus,0.5996878996077073,opth,1,False,mlp1,bce,msle
195,0.6774593862815884,0.011686456124421042,0.25,0.720216606498195,0.9925373134328358,0.8347280334728033,8.0,Erodium.cicutarium,-0.029783393501805033,opth,1,False,mlp1,bce,msle
196,0.6854374810778081,0.023118196065520385,0.2,0.8583106267029973,0.987460815047022,0.9183673469387755,15.0,Erophila.verna,0.05831062670299736,opth,1,False,mlp1,bce,msle
197,0.7384311868686868,0.10263883509965008,0.7833333333333333,0.5965909090909091,0.9797822706065319,0.7416127133608005,60.0,Eryngium.campestre,0.3799242424242424,opth,1,False,mlp1,bce,msle
198,0.7517260617895251,0.02377460253836238,0.23076923076923078,0.8059836808703535,0.9888765294771968,0.8881118881118881,13.0,Erysimum.rhaeticum,0.036752911639584385,opth,1,False,mlp1,bce,msle
199,0.9399730215827338,0.04195707070707071,1.0,0.85431654676259,1.0,0.9214354995150339,4.0,Erysimum.virgatum,0.85431654676259,opth,1,False,mlp1,bce,msle
200,0.7247678945792153,0.006608660708825816,0.0,0.8840970350404312,0.9969604863221885,0.9371428571428572,3.0,Eupatorium.cannabinum,-0.11590296495956875,opth,1,False,mlp1,bce,msle
201,0.7552851630214594,0.3201461523320444,0.6942675159235668,0.6934306569343066,0.9326788218793829,0.7954545454545454,157.0,Euphorbia.cyparissias,0.38769817285787345,opth,1,False,mlp1,bce,msle
202,0.6820816694576839,0.01574601403920101,0.42857142857142855,0.8142470694319206,0.9955898566703418,0.8958333333333334,7.0,Euphorbia.dulcis,0.2428184980033492,opth,1,False,mlp1,bce,msle
203,0.5370953237410072,0.0045749167070757105,0.0,0.8273381294964028,0.9956709956709957,0.9037328094302554,4.0,Euphorbia.helioscopia,-0.17266187050359716,opth,1,False,mlp1,bce,msle
204,0.909009009009009,0.08086495586495587,0.8333333333333334,0.7774774774774775,0.9988425925925926,0.8743667679837892,6.0,Euphorbia.seguieriana,0.6108108108108108,opth,1,False,mlp1,bce,msle
205,0.7956903431763767,0.09939376243460943,0.8571428571428571,0.6620111731843575,0.9916317991631799,0.7939698492462312,42.0,Euphorbia.brittingeri,0.5191540303272146,opth,1,False,mlp1,bce,msle
206,0.8723276121650105,0.04628436765390839,0.7777777777777778,0.8148148148148148,0.9977876106194691,0.8970661362506216,9.0,Euphrasia.alpina,0.5925925925925926,opth,1,False,mlp1,bce,msle
207,0.8561417139305415,0.20802245459229016,0.7704918032786885,0.7753554502369668,0.9831730769230769,0.8669846316905141,61.0,Euphrasia.minima,0.5458472535156553,opth,1,False,mlp1,bce,msle
208,0.7930575187561161,0.10106376724079033,0.5294117647058824,0.822550831792976,0.9823399558498896,0.8953722334004024,34.0,Euphrasia.salisburgensis,0.3519625964988582,opth,1,False,mlp1,bce,msle
209,0.6816412099430967,0.005451191229179845,0.3333333333333333,0.7502246181491464,0.997610513739546,0.8564102564102564,3.0,Euphrasia.stricta,0.0835579514824798,opth,1,False,mlp1,bce,msle
210,0.8574233765271435,0.3226192788519342,0.9532710280373832,0.6283448959365708,0.9921752738654147,0.7694174757281553,107.0,Festuca.arundinacea,0.581615923973954,opth,1,False,mlp1,bce,msle
211,0.8298155226857238,0.16920778269886164,0.5454545454545454,0.8948811700182815,0.9898887765419616,0.9399903984637542,22.0,Festuca.ovina,0.4403357154728269,opth,1,False,mlp1,bce,msle
212,0.8536931818181818,0.12102827638350203,0.875,0.7263636363636363,0.9975031210986267,0.8406102051551815,16.0,Festuca.halleri,0.6013636363636363,opth,1,False,mlp1,bce,msle
213,0.7695295611296025,0.3049112720102932,0.6556291390728477,0.7243523316062176,0.9307589880159787,0.8146853146853147,151.0,Festuca.laevigata,0.3799814706790654,opth,1,False,mlp1,bce,msle
214,0.6887145633287609,0.2572795090884215,0.6666666666666666,0.6141975308641975,0.9255813953488372,0.738404452690167,144.0,Festuca.nigrescens,0.2808641975308641,opth,1,False,mlp1,bce,msle
215,0.7893925113529261,0.2066697770656263,0.7636363636363637,0.7398680490103676,0.9837092731829574,0.8445400753093061,55.0,Festuca.paniculata,0.5035044126467314,opth,1,False,mlp1,bce,msle
216,0.8797607023541294,0.2219654150595414,0.9180327868852459,0.7345971563981043,0.9935897435897436,0.8446866485013624,61.0,Festuca.quadriflora,0.6526299432833502,opth,1,False,mlp1,bce,msle
217,0.6588878747152128,0.19699168794647037,0.5874125874125874,0.6310380267214799,0.912332838038633,0.7460510328068044,143.0,Festuca.rubra,0.2184506141340674,opth,1,False,mlp1,bce,msle
218,0.894705437766021,0.15014645694026646,0.9130434782608695,0.6788655077767612,0.9973118279569892,0.8078388677191073,23.0,Festuca.valesiaca,0.5919089860376308,opth,1,False,mlp1,bce,msle
219,0.8312745686831186,0.3334812665884588,0.46710526315789475,0.8506224066390041,0.9100998890122086,0.8793565683646113,152.0,Festuca.violacea,0.3177276697968989,opth,1,False,mlp1,bce,msle
220,0.7688249538745388,0.09306882664260513,0.8125,0.5710332103321033,0.9904,0.724400234055003,32.0,Filipendula.vulgaris,0.3835332103321032,opth,1,False,mlp1,bce,msle
221,0.7622965641952983,0.021342316885823432,1.0,0.566003616636528,1.0,0.7228637413394919,10.0,Fragaria.vesca,0.5660036166365279,opth,1,False,mlp1,bce,msle
222,0.6751163732038049,0.03876892625980839,0.2222222222222222,0.907103825136612,0.9861386138613861,0.9449715370018975,18.0,Fumana.procumbens,0.12932604735883424,opth,1,False,mlp1,bce,msle
223,0.7620162016201619,0.012343280157396235,0.8,0.5985598559855986,0.9984984984984985,0.7484524479459763,5.0,Galeopsis.tetrahit,0.3985598559855985,opth,1,False,mlp1,bce,msle
224,0.7257618552103464,0.06577981971051095,0.6129032258064516,0.7253456221198157,0.9849812265331664,0.8354564755838642,31.0,Galium.anisophyllon,0.3382488479262673,opth,1,False,mlp1,bce,msle
225,0.7110308140118438,0.016986687265487972,0.5555555555555556,0.7335140018066847,0.9950980392156863,0.8445137805512221,9.0,Galium.aparine,0.2890695573622404,opth,1,False,mlp1,bce,msle
226,0.757123161764706,0.0665007570542512,0.8214285714285714,0.5726102941176471,0.9920382165605095,0.7261072261072261,28.0,Galium.boreale,0.39403886554621836,opth,1,False,mlp1,bce,msle
227,0.8374070631970261,0.19030083698859007,0.725,0.7825278810408922,0.9871043376318874,0.8729911871435977,40.0,Galium.corrudifolium,0.5075278810408923,opth,1,False,mlp1,bce,msle
228,0.8324801766536184,0.05471683782568411,0.8888888888888888,0.6196928635953026,0.9985443959243085,0.7647714604236343,9.0,Galium.glaucum,0.5085817524841914,opth,1,False,mlp1,bce,msle
229,0.7826040931545518,0.05917390161651387,0.8076923076923077,0.6403669724770642,0.9928876244665719,0.7785833798103736,26.0,Galium.lucidum,0.4480592801693719,opth,1,False,mlp1,bce,msle
230,0.797328139247541,0.41422171644798556,0.8522167487684729,0.5815991237677984,0.946524064171123,0.7204884667571235,203.0,Galium.mollugo,0.4338158725362713,opth,1,False,mlp1,bce,msle
231,0.7660124301844149,0.23709965123735677,0.6822429906542056,0.7244796828543112,0.9555555555555556,0.8241262683201804,107.0,Galium.pumilum,0.40672267350851676,opth,1,False,mlp1,bce,msle
232,0.7303632059958404,0.38138593706753565,0.8393574297188755,0.5409457900807382,0.9214145383104125,0.6816860465116279,249.0,Galium.verum,0.3803032197996137,opth,1,False,mlp1,bce,msle
233,0.7886931941726463,0.07898078155560183,0.5238095238095238,0.8392694063926941,0.9892357373519914,0.908102766798419,21.0,Genista.pilosa,0.36307893020221793,opth,1,False,mlp1,bce,msle
234,0.7848525001743497,0.04258726305731413,0.6923076923076923,0.7615593834995467,0.995260663507109,0.8628659476117103,13.0,Genista.sagittalis,0.45386707580723895,opth,1,False,mlp1,bce,msle
235,0.8064143114648166,0.06316425940480017,0.6666666666666666,0.7539026629935721,0.9891566265060241,0.8556539864512767,27.0,Genista.tinctoria,0.42056932966023863,opth,1,False,mlp1,bce,msle
236,0.7690879222912649,0.081856317597229,0.358974358974359,0.8207985143918292,0.9724972497249725,0.8902316213494461,39.0,Gentiana.acaulis,0.17977287336618808,opth,1,False,mlp1,bce,msle
237,0.7875138010639365,0.025225249957332545,0.6666666666666666,0.7100271002710027,0.9961977186311787,0.8291139240506329,9.0,Gentiana.alpina,0.3766937669376693,opth,1,False,mlp1,bce,msle
238,0.9158830349091845,0.10045176284597213,0.42857142857142855,0.9612263300270514,0.9962616822429906,0.9784304726938963,7.0,Gentiana.bavarica,0.38979775859848,opth,1,False,mlp1,bce,msle
239,0.8133213321332133,0.025654798328125335,0.8,0.6570657065706571,0.9986320109439124,0.7926167209554832,5.0,Gentiana.cruciata,0.45706570657065715,opth,1,False,mlp1,bce,msle
240,0.8300992635286584,0.2613953658235234,0.8533333333333334,0.6839577329490875,0.9847856154910097,0.8072562358276644,75.0,Gentiana.lutea,0.5372910662824208,opth,1,False,mlp1,bce,msle
241,0.8654805672268908,0.10308834783767479,0.25,0.9448529411764706,0.9799809342230696,0.9620963968179691,28.0,Gentiana.nivalis,0.19485294117647056,opth,1,False,mlp1,bce,msle
242,0.7740847387906211,0.11696940220681186,0.6363636363636364,0.7122171945701358,0.9949431099873578,0.830168776371308,11.0,Gentiana.punctata,0.3485808309337721,opth,1,False,mlp1,bce,msle
243,0.8326962084568575,0.38400826658429965,0.7230769230769231,0.7789046653144016,0.9552238805970149,0.8581005586592179,130.0,Gentiana.verna,0.5019815883913248,opth,1,False,mlp1,bce,msle
244,0.81019248395967,0.1009106026746341,0.76,0.7286892758936755,0.9925093632958801,0.8403805496828752,25.0,Geranium.columbinum,0.4886892758936754,opth,1,False,mlp1,bce,msle
245,0.8295477147062333,0.0797336619124823,0.8260869565217391,0.6532479414455626,0.9944289693593314,0.7885146327995582,23.0,Geranium.dissectum,0.4793348979673018,opth,1,False,mlp1,bce,msle
246,0.7231280193236714,0.03561400059823714,0.5,0.7862318840579711,0.9931350114416476,0.8776541961577351,12.0,Geranium.molle,0.2862318840579712,opth,1,False,mlp1,bce,msle
247,0.8347826086956522,0.1160126893794726,0.8571428571428571,0.7160037002775208,0.993581514762516,0.832258064516129,35.0,Geranium.pyrenaicum,0.5731465574203778,opth,1,False,mlp1,bce,msle
248,0.5623877917414721,0.0029818865345181134,0.0,0.7172351885098743,0.9975031210986267,0.8344647519582246,2.0,Geranium.robertianum,-0.28276481149012567,opth,1,False,mlp1,bce,msle
249,0.772386942198263,0.007915475120056067,0.6666666666666666,0.7133872416891285,0.9987421383647799,0.8322851153039832,3.0,Geranium.rotundifolium,0.3800539083557952,opth,1,False,mlp1,bce,msle
250,0.779853149555584,0.017287592388614537,0.8571428571428571,0.6248872858431019,0.9985590778097982,0.7687188019966722,7.0,Geranium.sanguineum,0.48203014298595903,opth,1,False,mlp1,bce,msle
251,0.7743073653823022,0.3032405589099119,0.7244897959183674,0.6866404715127702,0.9628099173553719,0.801605504587156,98.0,Geranium.sylvaticum,0.4111302674311377,opth,1,False,mlp1,bce,msle
252,0.858965358965359,0.3806709514596203,0.8896103896103896,0.7234927234927235,0.9761570827489481,0.831044776119403,154.0,Geum.montanum,0.6131031131031133,opth,1,False,mlp1,bce,msle
253,0.9008685235100329,0.09415365132967496,1.0,0.6091644204851752,1.0,0.7571189279731994,3.0,Geum.rivale,0.6091644204851752,opth,1,False,mlp1,bce,msle
254,0.7427542754275427,0.016843102224507498,0.6,0.7326732673267327,0.9975490196078431,0.8448365334717177,5.0,Geum.urbanum,0.3326732673267325,opth,1,False,mlp1,bce,msle
255,0.8457622042527703,0.012979127628893434,0.6666666666666666,0.7699910152740341,0.9988344988344988,0.86960933536276,3.0,Glechoma.hederacea,0.43665768194070065,opth,1,False,mlp1,bce,msle
256,0.7580758426966292,0.13139113408715652,0.5208333333333334,0.8108614232209738,0.9741282339707537,0.8850281042411855,48.0,Globularia.bisnagarica,0.33169475655430714,opth,1,False,mlp1,bce,msle
257,0.8196590199750311,0.2076905009386066,0.6041666666666666,0.8342696629213483,0.9791208791208791,0.9009100101112234,48.0,Globularia.cordifolia,0.43843632958801493,opth,1,False,mlp1,bce,msle
258,0.8148691335740073,0.024042587419672592,0.625,0.7427797833935018,0.9963680387409201,0.8510858324715616,8.0,Globularia.nudicaulis,0.3677797833935017,opth,1,False,mlp1,bce,msle
259,0.7413915094339623,0.11250708950448689,0.5714285714285714,0.7264150943396226,0.9697732997481109,0.8306364617044228,56.0,Gymnadenia.conopsea,0.297843665768194,opth,1,False,mlp1,bce,msle
260,0.8240072202166066,0.022934743604235006,1.0,0.6696750902527075,1.0,0.8021621621621622,8.0,Gypsophila.repens,0.6696750902527075,opth,1,False,mlp1,bce,msle
261,0.7327157639994748,0.3286420307691659,0.6825396825396826,0.7055016181229773,0.9159663865546218,0.7970749542961609,189.0,Helianthemum.nummularium,0.38804130066265996,opth,1,False,mlp1,bce,msle
262,0.7523210542078467,0.008497403529551561,0.3333333333333333,0.7466307277628033,0.9975990396158463,0.8540596094552929,3.0,Helleborus.foetidus,0.07996406109613652,opth,1,False,mlp1,bce,msle
263,0.8047219456691793,0.21372418075623908,0.8651685393258427,0.6504381694255112,0.9823529411764705,0.7826596367896895,89.0,Heracleum.sphondylium,0.5156067087513541,opth,1,False,mlp1,bce,msle
264,0.7605105105105106,0.017151077953568877,0.6666666666666666,0.8531531531531531,0.9978925184404637,0.9198640116561437,6.0,Hieracium.bifidum,0.5198198198198196,opth,1,False,mlp1,bce,msle
265,0.6467734657039711,0.012547663713682244,0.125,0.8880866425992779,0.992936427850656,0.9375893282515484,8.0,Hieracium.murorum,0.013086642599277942,opth,1,False,mlp1,bce,msle
266,0.8856431349506142,0.15025748617591977,0.7878787878787878,0.8494921514312096,0.9924487594390508,0.9154228855721394,33.0,Hieracium.piliferum,0.6373709393099976,opth,1,False,mlp1,bce,msle
267,0.8563456345634564,0.020281320910124974,0.6,0.828982898289829,0.9978331527627302,0.9056047197640118,5.0,Hieracium.prenanthoides,0.42898289828982894,opth,1,False,mlp1,bce,msle
268,0.8969641214351426,0.2230836765665441,0.5172413793103449,0.9135234590616376,0.9860973187686196,0.9484240687679083,29.0,Hieracium.villosum,0.43076483837198243,opth,1,False,mlp1,bce,msle
269,0.7144318181818181,0.030820688474331042,0.4375,0.73,0.9889162561576355,0.8399581589958159,16.0,Himantoglossum.hircinum,0.16749999999999998,opth,1,False,mlp1,bce,msle
270,0.6958340863907464,0.15530096621288852,0.5545454545454546,0.6928429423459245,0.9343163538873994,0.795662100456621,110.0,Hippocrepis.comosa,0.24738839689137904,opth,1,False,mlp1,bce,msle
271,0.9213226130042252,0.5899938464264889,0.8582089552238806,0.8309572301425662,0.9772455089820359,0.8981838194826637,134.0,Holcus.lanatus,0.6891661853664468,opth,1,False,mlp1,bce,msle
272,0.837929245772383,0.12635501998366366,0.5333333333333333,0.8543417366946778,0.9775641025641025,0.9118086696562033,45.0,Homogyne.alpina,0.38767507002801116,opth,1,False,mlp1,bce,msle
273,0.6017263876342467,0.012008874666764785,0.3333333333333333,0.7768744354110207,0.9930715935334873,0.8717688798783578,9.0,Hornungia.petraea,0.11020776874435412,opth,1,False,mlp1,bce,msle
274,0.760988336402701,0.1250088068855345,0.7,0.6077348066298343,0.9865470852017937,0.7521367521367521,30.0,Hypericum.maculatum,0.3077348066298342,opth,1,False,mlp1,bce,msle
275,0.7486208438944386,0.11514019133479363,0.8421052631578947,0.5684608120868744,0.9852700490998363,0.7209580838323353,57.0,Hypericum.perforatum,0.41056607524476907,opth,1,False,mlp1,bce,msle
276,0.8836577144721105,0.20896892882615165,0.7941176470588235,0.7929759704251387,0.991907514450867,0.8813559322033898,34.0,Hypericum.richeri,0.587093617483962,opth,1,False,mlp1,bce,msle
277,0.8251077304002095,0.21365830818747253,0.6923076923076923,0.7270194986072424,0.9849056603773585,0.8365384615384616,39.0,Hypochaeris.maculata,0.41932719091493453,opth,1,False,mlp1,bce,msle
278,0.8514461237360008,0.17503976861964782,0.6764705882352942,0.8373382624768947,0.9880043620501636,0.9064532266133066,34.0,Hypochaeris.radicata,0.5138088507121887,opth,1,False,mlp1,bce,msle
279,0.705116696588869,0.005240360443980354,0.5,0.8402154398563735,0.9989327641408752,0.9127254997562165,2.0,Hyssopus.officinalis,0.3402154398563735,opth,1,False,mlp1,bce,msle
280,0.8271604938271605,0.06189986651132502,0.8333333333333334,0.6766848816029144,0.9959785522788204,0.8058568329718004,18.0,Inula.salicina,0.5100182149362478,opth,1,False,mlp1,bce,msle
281,0.5888689407540395,0.004613341611479029,0.0,0.8662477558348295,0.9979317476732161,0.9274387313791447,2.0,Isatis.tinctoria,-0.1337522441651705,opth,1,False,mlp1,bce,msle
282,0.7452914798206278,0.0035087719298245615,0.0,0.8582959641255605,0.9989561586638831,0.9232995658465991,1.0,Juncus.alpinoarticulatus,-0.14170403587443947,opth,1,False,mlp1,bce,msle
283,0.6524024024024024,0.012706139017077052,0.3333333333333333,0.8495495495495495,0.9957761351636748,0.9168692270296548,6.0,Juncus.articulatus,0.1828828828828828,opth,1,False,mlp1,bce,msle
284,0.8890892696122632,0.12288169489399356,0.5714285714285714,0.9449954914337241,0.9971455756422455,0.9703703703703703,7.0,Juncus.effusus,0.5164240628622956,opth,1,False,mlp1,bce,msle
285,0.7840428743961353,0.10580645906741423,0.4166666666666667,0.8731884057971014,0.9927909371781668,0.929156626506024,12.0,Juncus.inflexus,0.28985507246376807,opth,1,False,mlp1,bce,msle
286,0.8384081196581197,0.115220969593619,0.625,0.8195970695970696,0.9900442477876106,0.8967935871743486,24.0,Juncus.jacquinii,0.44459706959706957,opth,1,False,mlp1,bce,msle
287,0.7950568181818182,0.03888032149403428,0.5,0.8,0.990990990990991,0.8853118712273642,16.0,Juncus.trifidus,0.30000000000000004,opth,1,False,mlp1,bce,msle
288,0.8509874326750448,0.008700140087001401,0.5,0.8518850987432675,0.9989473684210526,0.9195736434108527,2.0,Juncus.triglumis,0.35188509874326757,opth,1,False,mlp1,bce,msle
289,0.849709600671767,0.42733766709455345,0.8206521739130435,0.7371244635193133,0.9541666666666667,0.8317191283292978,184.0,Knautia.arvensis,0.5577766374323567,opth,1,False,mlp1,bce,msle
290,0.8578262185891614,0.09968036767185917,0.9333333333333333,0.5540417801998183,0.9983633387888707,0.7126168224299065,15.0,Knautia.dipsacifolia,0.48737511353315166,opth,1,False,mlp1,bce,msle
291,0.7157518450184501,0.051089080673854544,0.4375,0.8007380073800738,0.9796839729119639,0.8812182741116751,32.0,Koeleria.macrantha,0.23823800738007384,opth,1,False,mlp1,bce,msle
292,0.7047506313131313,0.11035632185947619,0.5166666666666667,0.7357954545454546,0.9640198511166254,0.8345864661654135,60.0,Koeleria.pyramidata,0.2524621212121212,opth,1,False,mlp1,bce,msle
293,0.7478489016361385,0.19702503363921084,0.5172413793103449,0.8232514177693762,0.9688542825361512,0.8901379662749106,58.0,Koeleria.vallesiana,0.34049279707972113,opth,1,False,mlp1,bce,msle
294,0.7782948711797726,0.046779999797632844,0.631578947368421,0.7256153144940748,0.9912826899128269,0.8378947368421052,19.0,Lactuca.perennis,0.3571942618624959,opth,1,False,mlp1,bce,msle
295,0.7321088025695073,0.02383231693444146,0.5555555555555556,0.7190605239385727,0.995,0.8348190875721028,9.0,Lactuca.serriola,0.27461607949412814,opth,1,False,mlp1,bce,msle
296,0.8893469019708875,0.04619737730818055,1.0,0.5996393146979261,1.0,0.7497181510710259,7.0,Lamium.purpureum,0.5996393146979262,opth,1,False,mlp1,bce,msle
297,0.7006311992786294,0.012560128827443624,0.5714285714285714,0.6988277727682597,0.9961439588688946,0.8214096449390567,7.0,Lapsana.communis,0.2702563441968311,opth,1,False,mlp1,bce,msle
298,0.8852949985025457,0.020384138785625776,1.0,0.7574123989218329,1.0,0.8619631901840491,3.0,Laserpitium.halleri,0.7574123989218329,opth,1,False,mlp1,bce,msle
299,0.8717135608856088,0.17868233071768128,0.6875,0.8265682656826568,0.9889624724061811,0.9005025125628141,32.0,Laserpitium.latifolium,0.5140682656826567,opth,1,False,mlp1,bce,msle
300,0.7762798061699372,0.04111751938522515,0.6842105263157895,0.6864175022789426,0.9920948616600791,0.8114224137931034,19.0,Laserpitium.siler,0.3706280285947321,opth,1,False,mlp1,bce,msle
301,0.8439652590595986,0.016139933972238417,0.6666666666666666,0.7133872416891285,0.9987421383647799,0.8322851153039832,3.0,Lathyrus.heterophyllus,0.3800539083557952,opth,1,False,mlp1,bce,msle
302,,-0.0,0.0,0.525089605734767,1.0,0.6886016451233843,0.0,Lathyrus.occidentalis,-0.47491039426523296,opth,1,False,mlp1,bce,msle
303,0.8062308305358997,0.45751890060736417,0.7702127659574468,0.6787741203178207,0.9171779141104295,0.7801696020874103,235.0,Lathyrus.pratensis,0.4489868862752675,opth,1,False,mlp1,bce,msle
304,0.8188080263551962,0.013894859274555887,0.3333333333333333,0.862533692722372,0.997920997920998,0.9253012048192771,3.0,Lathyrus.sphaericus,0.19586702605570538,opth,1,False,mlp1,bce,msle
305,,-0.0,0.0,0.7544802867383512,1.0,0.8600612870275791,0.0,Lathyrus.sylvestris,-0.2455197132616488,opth,1,False,mlp1,bce,msle
306,0.9506283662477558,0.029621848739495797,1.0,0.7657091561938959,1.0,0.8673106253177427,2.0,Lathyrus.tuberosus,0.7657091561938958,opth,1,False,mlp1,bce,msle
307,0.7029280462184874,0.10578464095325052,0.6785714285714286,0.6176470588235294,0.986784140969163,0.7597512719050311,28.0,Leontodon.autumnalis,0.29621848739495804,opth,1,False,mlp1,bce,msle
308,0.6761275969715455,0.3170552461009191,0.6175115207373272,0.6507230255839822,0.875748502994012,0.7466496490108487,217.0,Leontodon.hispidus,0.2682345463213094,opth,1,False,mlp1,bce,msle
309,0.7802870621298805,0.02116996376344514,0.7777777777777778,0.6549232158988256,0.9972489683631361,0.7906215921483097,9.0,Leontopodium.alpinum,0.4327009936766033,opth,1,False,mlp1,bce,msle
310,0.9021475256769375,0.2907129937177493,0.6888888888888889,0.8795518207282913,0.9853556485355649,0.9294523926985693,45.0,Leucanthemopsis.alpina,0.5684407096171802,opth,1,False,mlp1,bce,msle
311,0.8424722740210031,0.5146925116930545,0.8434782608695652,0.7054176072234764,0.9455370650529501,0.8080155138978669,230.0,Leucanthemum.vulgare,0.5488958680930416,opth,1,False,mlp1,bce,msle
312,0.8149954170485793,0.08230261671061194,0.76,0.6773602199816682,0.9919463087248322,0.8050108932461874,25.0,Lilium.martagon,0.4373602199816682,opth,1,False,mlp1,bce,msle
313,0.6692100538599641,0.0076902901890256465,1.0,0.3527827648114901,1.0,0.5215660252156602,2.0,Linaria.repens,0.35278276481149007,opth,1,False,mlp1,bce,msle
314,0.8334849863512284,0.06511394707051149,0.6470588235294118,0.8262056414922657,0.9934354485776805,0.9021361152508693,17.0,Linum.alpinum,0.4732644650216775,opth,1,False,mlp1,bce,msle
315,0.6697650589182464,0.10319112124448651,0.5384615384615384,0.6460513796384396,0.9576868829337094,0.7715909090909091,65.0,Linum.catharticum,0.18451291809997805,opth,1,False,mlp1,bce,msle
316,0.8675334644724848,0.11852059690296307,0.7368421052631579,0.8003646308113036,0.9943374858437146,0.8868686868686869,19.0,Linum.tenuifolium,0.5372067360744615,opth,1,False,mlp1,bce,msle
317,0.792870036101083,0.01887564009829379,0.875,0.5866425992779783,0.9984639016897081,0.7390562819783968,8.0,Listera.ovata,0.46164259927797824,opth,1,False,mlp1,bce,msle
318,0.8129496402877697,0.02122071841562989,1.0,0.6321942446043165,1.0,0.7746556473829201,4.0,Lolium.multiflorum,0.6321942446043165,opth,1,False,mlp1,bce,msle
319,0.8691834829070914,0.24642190374734008,0.9324324324324325,0.7034548944337812,0.9932249322493225,0.8235955056179776,74.0,Lolium.perenne,0.6358873268662135,opth,1,False,mlp1,bce,msle
320,0.7440708239496777,0.4724202664046522,0.7822085889570553,0.589873417721519,0.8677839851024208,0.7023360964581763,326.0,Lotus.corniculatus,0.3720820066785744,opth,1,False,mlp1,bce,msle
321,0.6952815829528158,0.036496303029266305,0.42857142857142855,0.765296803652968,0.9858823529411764,0.8616966580976864,21.0,Lotus.maritimus,0.19386823222439653,opth,1,False,mlp1,bce,msle
322,0.7202834572490706,0.07118619805718855,0.25,0.8605947955390335,0.9686192468619247,0.9114173228346457,40.0,Luzula.campestris,0.11059479553903362,opth,1,False,mlp1,bce,msle
323,0.8374189795579192,0.08578194656021906,0.6363636363636364,0.79981718464351,0.9909399773499433,0.885179564997471,22.0,Luzula.lutea,0.4361808210071465,opth,1,False,mlp1,bce,msle
324,0.5600278327891666,0.01856345645470417,0.29411764705882354,0.6842584167424932,0.9842931937172775,0.8073000536768653,17.0,Luzula.multiflora,-0.02162393619868319,opth,1,False,mlp1,bce,msle
325,0.8208967503085149,0.055268417555763415,0.7272727272727273,0.709502262443439,0.9961880559085133,0.828752642706131,11.0,Luzula.sieberi,0.43677498971616613,opth,1,False,mlp1,bce,msle
326,0.8556123102314926,0.20739457900377256,0.8805970149253731,0.7302192564346998,0.9896640826873385,0.8403730115194734,67.0,Luzula.spicata,0.6108162713600729,opth,1,False,mlp1,bce,msle
327,0.6893505972096758,0.0192084865192587,0.3333333333333333,0.7497741644083108,0.992822966507177,0.8543489449305198,9.0,Luzula.sudetica,0.08310749774164417,opth,1,False,mlp1,bce,msle
328,0.9197119711971197,0.2444587386317552,0.6,0.8928892889288929,0.9979879275653923,0.9425178147268408,5.0,Lysimachia.nummularia,0.4928892889288927,opth,1,False,mlp1,bce,msle
329,0.9059646236116824,0.4095767792628123,0.6363636363636364,0.9411764705882353,0.9961685823754789,0.9678920428106096,11.0,Lysimachia.vulgaris,0.5775401069518717,opth,1,False,mlp1,bce,msle
330,0.7589079594499648,0.018966656203713662,1.0,0.5221318879855466,1.0,0.686053412462908,9.0,Malva.moschata,0.5221318879855466,opth,1,False,mlp1,bce,msle
331,0.7163375224416517,0.007835690588440719,0.5,0.7881508078994613,0.9988623435722411,0.8810837932764677,2.0,Malva.sylvestris,0.28815080789946146,opth,1,False,mlp1,bce,msle
332,0.7666014350945858,0.04383823910987227,0.7619047619047619,0.6319634703196347,0.9928263988522238,0.7723214285714286,21.0,Medicago.falcata,0.3938682322243965,opth,1,False,mlp1,bce,msle
333,0.8058079043403991,0.36722263379889714,0.691358024691358,0.7159329140461216,0.931787175989086,0.8097213989330172,162.0,Medicago.lupulina,0.40729093873747946,opth,1,False,mlp1,bce,msle
334,0.6699657640834111,0.06397037659872513,0.4444444444444444,0.7600373482726424,0.9702026221692491,0.8523560209424084,45.0,Medicago.minima,0.20448179271708677,opth,1,False,mlp1,bce,msle
335,0.8366517675741568,0.1671937719321505,0.7391304347826086,0.719626168224299,0.9846547314578005,0.8315334773218143,46.0,Medicago.sativa,0.4587566030069077,opth,1,False,mlp1,bce,msle
336,0.8382068787839753,0.15521953122812912,0.7142857142857143,0.806131650135257,0.9977678571428571,0.8917705735660848,7.0,Melica.ciliata,0.5204173644209713,opth,1,False,mlp1,bce,msle
337,0.7928251121076233,0.004310344827586207,1.0,0.5103139013452915,1.0,0.6757719714964371,1.0,Melilotus.albus,0.5103139013452915,opth,1,False,mlp1,bce,msle
338,0.7929346129837702,0.17355679097614019,0.6875,0.7902621722846442,0.9825378346915018,0.8759730150492995,48.0,Meum.athamanticum,0.4777621722846441,opth,1,False,mlp1,bce,msle
339,0.8855475763016158,0.011779379157427938,1.0,0.6193895870736086,1.0,0.7649667405764967,2.0,Minuartia.laricifolia,0.6193895870736086,opth,1,False,mlp1,bce,msle
340,0.8082371989475815,0.13777784519979874,0.5555555555555556,0.8442622950819673,0.9914438502673797,0.911952779144122,18.0,Minuartia.rostrata,0.39981785063752273,opth,1,False,mlp1,bce,msle
341,0.8506098982208063,0.23744129017840293,0.6885245901639344,0.8473933649289099,0.9791894852135816,0.9085365853658537,61.0,Minuartia.verna,0.5359179550928443,opth,1,False,mlp1,bce,msle
342,0.7184897671136203,0.0426622946700486,0.8461538461538461,0.5229357798165137,0.9930313588850174,0.6850961538461539,26.0,Muscari.comosum,0.36908962597035977,opth,1,False,mlp1,bce,msle
343,0.8169499364088335,0.4186518641390844,0.5752688172043011,0.8118279569892473,0.9052757793764988,0.8560090702947846,186.0,Myosotis.alpestris,0.3870967741935485,opth,1,False,mlp1,bce,msle
344,0.851965398234055,0.31492620425142176,0.8018018018018018,0.7472636815920398,0.9715394566623544,0.8447694038245219,111.0,Myosotis.arvensis,0.5490654833938415,opth,1,False,mlp1,bce,msle
345,0.7721678625788215,0.05433740774521869,0.42857142857142855,0.8118721461187215,0.9866814650388457,0.8907815631262525,21.0,Myosotis.ramosissima,0.2404435746901501,opth,1,False,mlp1,bce,msle
346,0.8881381381381381,0.3988209749567375,0.5,0.9423423423423424,0.9971401334604385,0.9689671144048171,6.0,Myosotis.scorpioides,0.4423423423423425,opth,1,False,mlp1,bce,msle
347,0.8913824057450628,0.03561681222707423,1.0,0.5,1.0,0.6666666666666666,2.0,Myosotis.stricta,0.5,opth,1,False,mlp1,bce,msle
348,0.734130658436214,0.08604703352141038,0.6666666666666666,0.6333333333333333,0.9827586206896551,0.7702702702702703,36.0,Narcissus.poeticus,0.2999999999999998,opth,1,False,mlp1,bce,msle
349,0.7856305606552747,0.29796984948690247,0.863013698630137,0.6154639175257732,0.9675850891410048,0.7523629489603024,146.0,Nardus.stricta,0.4784776161559101,opth,1,False,mlp1,bce,msle
350,0.7168784029038112,0.02311650171125326,0.42857142857142855,0.7513611615245009,0.9904306220095693,0.8544891640866873,14.0,Odontites.luteus,0.17993259009592943,opth,1,False,mlp1,bce,msle
351,0.8393075980392155,0.32162008889677013,0.6458333333333334,0.8441176470588235,0.9620111731843576,0.8992167101827676,96.0,Onobrychis.montana,0.4899509803921569,opth,1,False,mlp1,bce,msle
352,0.8324146082258177,0.2803194718505683,0.7878787878787878,0.6981317600786627,0.9712722298221614,0.8123569794050344,99.0,Onobrychis.viciifolia,0.4860105479574506,opth,1,False,mlp1,bce,msle
353,0.8141960966542751,0.22417618231487718,0.6,0.8197026022304833,0.9821826280623608,0.8936170212765957,40.0,Ononis.natrix,0.4197026022304833,opth,1,False,mlp1,bce,msle
354,0.7615217962184874,0.05982051307615634,0.7142857142857143,0.7022058823529411,0.9896373056994818,0.821505376344086,28.0,Ononis.repens,0.41649159663865554,opth,1,False,mlp1,bce,msle
355,0.662316039839453,0.05121558977208269,0.7419354838709677,0.5124423963133641,0.9858156028368794,0.6743480897513645,31.0,Ononis.spinosa,0.25437788018433194,opth,1,False,mlp1,bce,msle
356,0.6774483378256962,0.005367191348513675,0.6666666666666666,0.5884995507637018,0.9984756097560976,0.7405313736574336,3.0,Ophioglossum.vulgatum,0.2551662174303684,opth,1,False,mlp1,bce,msle
357,0.9427972446840371,0.03027968188178614,1.0,0.7169811320754716,1.0,0.8351648351648352,3.0,Ophrys.apifera,0.7169811320754715,opth,1,False,mlp1,bce,msle
358,0.7592093441150045,0.010051743179163672,0.6666666666666666,0.7547169811320755,0.9988109393579072,0.8597748208802457,3.0,Ophrys.insectifera,0.42138364779874227,opth,1,False,mlp1,bce,msle
359,0.8255395683453237,0.014104651761694778,1.0,0.6600719424460432,1.0,0.7952329360780065,4.0,Orchis.mascula,0.6600719424460433,opth,1,False,mlp1,bce,msle
360,0.7089350180505416,0.015701816139554313,0.375,0.8664259927797834,0.9948186528497409,0.9261939218523878,8.0,Orchis.militaris,0.24142599277978327,opth,1,False,mlp1,bce,msle
361,0.8775603991596639,0.21055601754989248,0.7857142857142857,0.8161764705882353,0.9932885906040269,0.8960645812310797,28.0,Origanum.vulgare,0.6018907563025211,opth,1,False,mlp1,bce,msle
362,0.7700609484168277,0.09891504909152976,0.7096774193548387,0.7207373271889401,0.988621997471555,0.8336886993603412,31.0,Ornithogalum.umbellatum,0.43041474654377887,opth,1,False,mlp1,bce,msle
363,0.7522441651705565,0.005618505070739952,1.0,0.5565529622980251,1.0,0.7151095732410612,2.0,Orobanche.alba,0.5565529622980252,opth,1,False,mlp1,bce,msle
364,0.6386980108499096,0.03746360030033107,0.3,0.7721518987341772,0.991869918699187,0.8683274021352313,10.0,Orobanche.caryophyllacea,0.07215189873417716,opth,1,False,mlp1,bce,msle
365,0.7531711254612545,0.0694951435494531,0.5,0.801660516605166,0.9819209039548022,0.88268156424581,32.0,Oxytropis.campestris,0.301660516605166,opth,1,False,mlp1,bce,msle
366,0.789507299270073,0.07438518205962287,0.5,0.822992700729927,0.9890350877192983,0.898406374501992,20.0,Oxytropis.helvetica,0.32299270072992714,opth,1,False,mlp1,bce,msle
367,0.4426474992512729,0.0032822087489301857,0.0,0.8445642407906558,0.9968186638388123,0.914396887159533,3.0,Oxytropis.pilosa,-0.15543575920934416,opth,1,False,mlp1,bce,msle
368,0.6727272727272728,0.015821104959427807,0.5454545454545454,0.5972850678733032,0.9924812030075187,0.7457627118644068,11.0,Papaver.rhoeas,0.14273961332784868,opth,1,False,mlp1,bce,msle
369,0.8469765528589058,0.10127324073175627,0.7272727272727273,0.853393665158371,0.9968287526427061,0.9195514383227694,11.0,Paradisea.liliastrum,0.5806663924310982,opth,1,False,mlp1,bce,msle
370,0.7166064981949459,0.034688941931744786,0.75,0.6823104693140795,0.9973614775725593,0.8102893890675241,8.0,Parnassia.palustris,0.43231046931407935,opth,1,False,mlp1,bce,msle
371,0.7965465465465467,0.015038171512688556,0.8333333333333334,0.6441441441441441,0.9986033519553073,0.7831325301204819,6.0,Pastinaca.sativa,0.4774774774774775,opth,1,False,mlp1,bce,msle
372,0.5693321353698713,0.003970084444311956,1.0,0.4528301886792453,1.0,0.6233766233766234,3.0,Pedicularis.foliosa,0.4528301886792452,opth,1,False,mlp1,bce,msle
373,0.8636363636363636,0.1502805627715964,0.631578947368421,0.8562152133580705,0.9850586979722519,0.9161290322580645,38.0,Pedicularis.gyroflexa,0.4877941607264915,opth,1,False,mlp1,bce,msle
374,0.8163496376811594,0.07271920326047605,0.5,0.8596014492753623,0.993717277486911,0.9218067022826615,12.0,Pedicularis.tuberosa,0.3596014492753623,opth,1,False,mlp1,bce,msle
375,0.737026945201332,0.03575604070744262,0.4666666666666667,0.7829246139872843,0.9908045977011494,0.8746829020801623,15.0,Pedicularis.verticillata,0.24959128065395086,opth,1,False,mlp1,bce,msle
376,0.7471665654725764,0.04379923359101693,0.7777777777777778,0.6384335154826958,0.9943262411347518,0.7775929007210205,18.0,Petrorhagia.prolifera,0.41621129326047357,opth,1,False,mlp1,bce,msle
377,0.8157670985953813,0.09627855842754056,0.5555555555555556,0.8383838383838383,0.987027027027027,0.9066534260178749,27.0,Petrorhagia.saxifraga,0.39393939393939403,opth,1,False,mlp1,bce,msle
378,0.7638245884773662,0.31037900014784575,0.5925925925925926,0.7648809523809523,0.9460122699386503,0.845858475041141,108.0,Phleum.alpinum,0.3574735449735449,opth,1,False,mlp1,bce,msle
379,0.6268343815513626,0.005004454703884419,0.3333333333333333,0.6720575022461814,0.9973333333333333,0.8030059044551798,3.0,Phleum.hirsutum,0.005390835579514697,opth,1,False,mlp1,bce,msle
380,0.8333244125675748,0.10725616597439182,0.6470588235294118,0.718835304822566,0.992462311557789,0.8337730870712401,17.0,Phleum.phleoides,0.3658941283519779,opth,1,False,mlp1,bce,msle
381,0.8380201649862512,0.08133877273921226,0.6,0.8093492208982584,0.9888017917133258,0.8901209677419355,25.0,Phyteuma.betonicifolium,0.40934922089825854,opth,1,False,mlp1,bce,msle
382,0.815965909090909,0.05111922107635984,0.875,0.6727272727272727,0.9973045822102425,0.8034744842562432,16.0,Phyteuma.hemisphaericum,0.5477272727272728,opth,1,False,mlp1,bce,msle
383,0.7998532400090314,0.24112811427244818,0.6744186046511628,0.7786407766990291,0.9662650602409638,0.8623655913978494,86.0,Phyteuma.orbiculare,0.45305938135019197,opth,1,False,mlp1,bce,msle
384,0.6216276978417266,0.007384701116876382,0.75,0.48651079136690645,0.9981549815498155,0.6541717049576784,4.0,Phyteuma.ovatum,0.23651079136690645,opth,1,False,mlp1,bce,msle
385,0.8541287188828173,0.13906991380860312,0.6111111111111112,0.8843351548269581,0.9928425357873211,0.9354527938342967,18.0,Phyteuma.spicatum,0.4954462659380692,opth,1,False,mlp1,bce,msle
386,0.8257433593233778,0.1284061618847098,0.9142857142857143,0.5753931544865865,0.9952,0.7291910902696366,35.0,Picris.hieracioides,0.4896788687723008,opth,1,False,mlp1,bce,msle
387,0.7929639804639804,0.07003563993190744,0.875,0.6291208791208791,0.9956521739130435,0.7710437710437711,24.0,Pimpinella.major,0.5041208791208791,opth,1,False,mlp1,bce,msle
388,0.7440850754547367,0.10349559170313258,0.6530612244897959,0.6635426429240863,0.976551724137931,0.7901785714285714,49.0,Pimpinella.saxifraga,0.31660386741388225,opth,1,False,mlp1,bce,msle
389,0.8990372454378855,0.6021269842361783,0.9069767441860465,0.7713651498335183,0.972027972027972,0.8601485148514851,215.0,Plantago.alpina,0.6783418940195647,opth,1,False,mlp1,bce,msle
390,0.7757213014119091,0.11843539282153995,0.5333333333333333,0.7725598526703499,0.9835873388042204,0.8653945332645694,30.0,Plantago.atrata,0.3058931860036833,opth,1,False,mlp1,bce,msle
391,0.8475599248496362,0.5568862035852182,0.8780487804878049,0.7044632086851629,0.9434571890145396,0.8066298342541437,287.0,Plantago.lanceolata,0.5825119891729678,opth,1,False,mlp1,bce,msle
392,0.7346391804223129,0.06346782736839243,0.8918918918918919,0.5403151065801668,0.9931856899488927,0.6998799519807923,37.0,Plantago.major,0.4322069984720587,opth,1,False,mlp1,bce,msle
393,0.8049242960237725,0.4217597137990697,0.8167539267015707,0.654054054054054,0.9453125,0.7731629392971247,191.0,Plantago.media,0.4708079807556247,opth,1,False,mlp1,bce,msle
394,0.7875939849624061,0.20655281537700063,0.5769230769230769,0.8374060150375939,0.9759036144578314,0.9013657056145675,52.0,Plantago.maritima,0.4143290919606708,opth,1,False,mlp1,bce,msle
395,0.5713771377137714,0.006624785754939409,0.6,0.5283528352835284,0.9966044142614601,0.6905882352941176,5.0,Platanthera.bifolia,0.12835283528352837,opth,1,False,mlp1,bce,msle
396,0.898955670491251,0.7091922207590328,0.780952380952381,0.8389513108614233,0.9068825910931174,0.8715953307392996,315.0,Poa.alpina,0.6199036918138043,opth,1,False,mlp1,bce,msle
397,0.7508992805755396,0.08996019201498653,0.5,0.8039568345323741,0.9977678571428571,0.8904382470119522,4.0,Poa.annua,0.3039568345323742,opth,1,False,mlp1,bce,msle
398,0.6846663473818646,0.11566006094100875,0.5555555555555556,0.6522988505747126,0.9551192145862553,0.7751849743881616,72.0,Poa.bulbosa,0.2078544061302683,opth,1,False,mlp1,bce,msle
399,0.7945143884892086,0.010672805495161714,0.25,0.7886690647482014,0.9965909090909091,0.8805220883534136,4.0,Poa.cenisia,0.03866906474820153,opth,1,False,mlp1,bce,msle
400,0.7953923357664233,0.05363118248101464,0.8,0.6970802919708029,0.9947916666666666,0.8197424892703863,20.0,Poa.chaixii,0.49708029197080306,opth,1,False,mlp1,bce,msle
401,0.7504950495049505,0.012044729979904049,0.8,0.7542754275427542,0.99880810488677,0.8594871794871795,5.0,Poa.compressa,0.5542754275427542,opth,1,False,mlp1,bce,msle
402,0.9089108910891088,0.2238610543169858,0.8,0.8208820882088209,0.9989047097480832,0.9011857707509882,5.0,Poa.nemoralis,0.6208820882088211,opth,1,False,mlp1,bce,msle
403,0.7776929791744607,0.3943126966128582,0.7422222222222222,0.691358024691358,0.913946587537092,0.787220447284345,225.0,Poa.pratensis,0.4335802469135803,opth,1,False,mlp1,bce,msle
404,0.777250854313411,0.10713753263741135,0.46153846153846156,0.772438803263826,0.9918509895227008,0.8685015290519877,13.0,Poa.supina,0.23397726480228753,opth,1,False,mlp1,bce,msle
405,0.7364819860732668,0.03047573679106802,0.4,0.8001816530426885,0.9898876404494382,0.8849824208940231,15.0,Polygala.alpestris,0.20018165304268853,opth,1,False,mlp1,bce,msle
406,0.5505845323741008,0.005337209198918459,0.0,0.97931654676259,0.9963403476669717,0.9877551020408163,4.0,Polygala.amarella,-0.020683453237410054,opth,1,False,mlp1,bce,msle
407,0.7865918803418803,0.16603180269514087,0.5833333333333334,0.8086080586080586,0.9888017917133258,0.8896725440806046,24.0,Polygala.comosa,0.3919413919413919,opth,1,False,mlp1,bce,msle
408,0.7294337606837606,0.061237233998417774,0.75,0.5375457875457875,0.9898819561551433,0.6967359050445104,24.0,Polygala.vulgaris,0.2875457875457874,opth,1,False,mlp1,bce,msle
409,0.3100269784172662,0.003088248575962577,0.0,0.8669064748201439,0.9958677685950413,0.926923076923077,4.0,Polygonum.aviculare,-0.13309352517985606,opth,1,False,mlp1,bce,msle
410,0.7159661253981819,0.11381677372795648,0.7213114754098361,0.5184834123222749,0.9698581560283688,0.6757257566399012,61.0,Polygonum.bistorta,0.239794887732111,opth,1,False,mlp1,bce,msle
411,0.8149445878245029,0.3604763952151623,0.8285714285714286,0.6663124335812965,0.954337899543379,0.7847309136420526,175.0,Polygonum.viviparum,0.4948838621527252,opth,1,False,mlp1,bce,msle
412,0.622976618705036,0.006041102949740545,0.25,0.8129496402877698,0.9966923925027563,0.895492818226845,4.0,Polystichum.lonchitis,0.06294964028776984,opth,1,False,mlp1,bce,msle
413,0.8077396563721029,0.060351450512599186,0.7058823529411765,0.8125568698817106,0.9944320712694877,0.8943415122684026,17.0,Potentilla.argentea,0.5184392228228871,opth,1,False,mlp1,bce,msle
414,0.8668661097313163,0.3222382642929715,0.7906976744186046,0.7990291262135922,0.9785969084423306,0.8797434526990914,86.0,Potentilla.aurea,0.5897268006321967,opth,1,False,mlp1,bce,msle
415,0.8321150543983602,0.39299587675745634,0.673202614379085,0.7985462097611631,0.938949938949939,0.8630751964085297,153.0,Potentilla.crantzii,0.4717488241402481,opth,1,False,mlp1,bce,msle
416,0.7234490313653137,0.07635385436518714,0.84375,0.4252767527675277,0.9892703862660944,0.5948387096774194,32.0,Potentilla.erecta,0.26902675276752763,opth,1,False,mlp1,bce,msle
417,0.7871138996138997,0.16755197952884998,0.575,0.7818532818532818,0.9597156398104265,0.8617021276595744,80.0,Potentilla.grandiflora,0.3568532818532817,opth,1,False,mlp1,bce,msle
418,0.7515537730518789,0.21105670180770197,0.5981308411214953,0.7175421209117938,0.9439374185136897,0.8153153153153153,107.0,Potentilla.neumanniana,0.3156729620332892,opth,1,False,mlp1,bce,msle
419,0.7753688647997591,0.07004695654976956,0.5555555555555556,0.7678410117434508,0.9953161592505855,0.8669046404895462,9.0,Potentilla.pusilla,0.32339656729900623,opth,1,False,mlp1,bce,msle
420,0.51912920262785,0.006952956997549886,0.42857142857142855,0.5013525698827773,0.9928571428571429,0.6662672258837627,7.0,Potentilla.recta,-0.07007600154579419,opth,1,False,mlp1,bce,msle
421,0.8317906264259174,0.16415592224745784,0.9137931034482759,0.6200378071833649,0.9924357034795764,0.7632344386271088,58.0,Potentilla.reptans,0.5338309106316408,opth,1,False,mlp1,bce,msle
422,0.741681654676259,0.017128062274157564,0.75,0.6357913669064749,0.998587570621469,0.7769230769230769,4.0,Potentilla.rupestris,0.38579136690647475,opth,1,False,mlp1,bce,msle
423,0.7659339556358526,0.041743389710336684,0.7777777777777778,0.4787714543812105,0.9962406015037594,0.6467358145210494,9.0,Potentilla.thuringiaca,0.25654923215898817,opth,1,False,mlp1,bce,msle
424,0.8913824057450628,0.012445887445887446,1.0,0.8204667863554758,1.0,0.9013806706114399,2.0,Primula.elatior,0.8204667863554758,opth,1,False,mlp1,bce,msle
425,0.7737987891279146,0.019664731893077114,0.7142857142857143,0.6925157799819658,0.9974025974025974,0.817456093666844,7.0,Primula.farinosa,0.4068014942676801,opth,1,False,mlp1,bce,msle
426,0.717597939820162,0.19442176206646342,0.4700854700854701,0.7637637637637638,0.9248484848484848,0.8366228070175439,117.0,Primula.veris,0.23384923384923395,opth,1,False,mlp1,bce,msle
427,0.8554300701172188,0.07188622423178642,0.6470588235294118,0.8262056414922657,0.9934354485776805,0.9021361152508693,17.0,Prunella.grandiflora,0.4732644650216775,opth,1,False,mlp1,bce,msle
428,0.7651003649635038,0.06973018775635015,0.6,0.7481751824817519,0.9903381642512077,0.8523908523908524,20.0,Prunella.laciniata,0.34817518248175183,opth,1,False,mlp1,bce,msle
429,0.7619299199751379,0.15908139941272093,0.8852459016393442,0.5402843601895735,0.9878682842287695,0.6985294117647058,61.0,Prunella.vulgaris,0.42553026182891784,opth,1,False,mlp1,bce,msle
430,0.675097862089732,0.013000113410338503,0.0,0.924119241192412,0.9912790697674418,0.9565217391304348,9.0,Prunus.spinosa,-0.07588075880758804,opth,1,False,mlp1,bce,msle
431,0.7071752951861944,0.04420194236402482,0.4666666666666667,0.7901907356948229,0.9908883826879271,0.8792319353208691,15.0,Veronica.spicata,0.2568574023614896,opth,1,False,mlp1,bce,msle
432,0.7753191044151496,0.14852610594345564,0.6296296296296297,0.7928436911487758,0.9767981438515081,0.8752598752598753,54.0,Pulsatilla.alpina,0.4224733207784055,opth,1,False,mlp1,bce,msle
433,0.8904847396768402,0.011971126357918811,1.0,0.8464991023339318,1.0,0.9168692270296548,2.0,Pulsatilla.halleri,0.8464991023339317,opth,1,False,mlp1,bce,msle
434,0.8325320512820513,0.08007131993990659,0.625,0.825091575091575,0.9901098901098901,0.9000999000999002,24.0,Pulsatilla.vernalis,0.45009157509157505,opth,1,False,mlp1,bce,msle
435,,-0.0,0.0,0.7759856630824373,1.0,0.8738647830474269,0.0,Ranunculus.aconitifolius,-0.22401433691756267,opth,1,False,mlp1,bce,msle
436,0.8348999912909688,0.43876958069776,0.7945945945945946,0.7400644468313641,0.9477303988995873,0.8311218335343787,185.0,Ranunculus.acris,0.5346590414259587,opth,1,False,mlp1,bce,msle
437,0.8155459792426947,0.38410208271400204,0.8518518518518519,0.6540880503144654,0.9629629629629629,0.7790262172284644,162.0,Ranunculus.bulbosus,0.5059399021663173,opth,1,False,mlp1,bce,msle
438,0.8749249249249249,0.023964875178965814,0.8333333333333334,0.8072072072072072,0.9988851727982163,0.8928749377179871,6.0,Ranunculus.glacialis,0.6405405405405404,opth,1,False,mlp1,bce,msle
439,0.6858685868586859,0.008074599424861374,0.6,0.6543654365436543,0.9972565157750343,0.7902173913043479,5.0,Ranunculus.gramineus,0.2543654365436543,opth,1,False,mlp1,bce,msle
440,0.8145492471155726,0.1534768016711944,0.7241379310344828,0.7523629489603024,0.9802955665024631,0.8513368983957219,58.0,Ranunculus.kuepferi,0.4765008799947852,opth,1,False,mlp1,bce,msle
441,0.6745988495307297,0.022975372448905747,0.4666666666666667,0.745685740236149,0.9903498190591074,0.8507772020725388,15.0,Ranunculus.montanus,0.21235240690281554,opth,1,False,mlp1,bce,msle
442,0.6507427296185229,0.022588884991471485,0.5384615384615384,0.6953762466001813,0.9922380336351876,0.8176972281449894,13.0,Ranunculus.serpens,0.2338377850617197,opth,1,False,mlp1,bce,msle
443,0.9008404161607504,0.36065060685932454,0.7948717948717948,0.8263695450324977,0.9910913140311804,0.9012658227848102,39.0,Ranunculus.repens,0.6212413399042926,opth,1,False,mlp1,bce,msle
444,0.446588868940754,0.00241711622060441,0.0,0.5727109515260324,0.996875,0.7274800456100342,2.0,Reseda.lutea,-0.42728904847396765,opth,1,False,mlp1,bce,msle
445,0.8339770251534957,0.49014098215073104,0.7272727272727273,0.7363834422657952,0.9260273972602739,0.8203883495145631,198.0,Rhinanthus.alectorolophus,0.4636561695385226,opth,1,False,mlp1,bce,msle
446,0.712012012012012,0.011330934752245779,0.3333333333333333,0.8486486486486486,0.9957716701902748,0.9163424124513618,6.0,Rhinanthus.glacialis,0.1819819819819819,opth,1,False,mlp1,bce,msle
447,0.6777255744592146,0.08184201530516255,0.6610169491525424,0.6234626300851467,0.9705449189985272,0.7592165898617511,59.0,Rhinanthus.minor,0.2844795792376891,opth,1,False,mlp1,bce,msle
448,0.7387387387387387,0.09303794050122136,0.16666666666666666,0.9603603603603603,0.9953314659197012,0.9775332416322787,6.0,Rhododendron.ferrugineum,0.12702702702702706,opth,1,False,mlp1,bce,msle
449,0.8626074387631313,0.5237642430388275,0.8604651162790697,0.7547169811320755,0.9577464788732394,0.8441961514587213,215.0,Rumex.acetosa,0.6151820974111453,opth,1,False,mlp1,bce,msle
450,0.7178119349005425,0.03745205182806686,0.7,0.666365280289331,0.995945945945946,0.7984832069339112,10.0,Rumex.acetosella,0.3663652802893309,opth,1,False,mlp1,bce,msle
451,0.8279743354720439,0.09811982745107793,0.72,0.7103574702108157,0.9910485933503836,0.8275493860117459,25.0,Rumex.crispus,0.4303574702108157,opth,1,False,mlp1,bce,msle
452,0.8583980239943543,0.09127343899406666,0.8076923076923077,0.7587155963302752,0.9939903846153846,0.8605619146722164,26.0,Rumex.obtusifolius,0.5664079040225829,opth,1,False,mlp1,bce,msle
453,0.5618961741594743,0.008049970343007813,0.0,0.9585211902614968,0.9934579439252337,0.9756769160165213,7.0,Rumex.scutatus,-0.04147880973850315,opth,1,False,mlp1,bce,msle
454,0.9318513162038279,0.4811919172252135,0.9156626506024096,0.8160696999031946,0.991764705882353,0.8953797132235793,83.0,Salix.herbacea,0.7317323505056041,opth,1,False,mlp1,bce,msle
455,0.817300772441587,0.06253711652765218,0.5263157894736842,0.7948951686417502,0.9897843359818388,0.8816986855409504,19.0,Salix.reticulata,0.3212109581154343,opth,1,False,mlp1,bce,msle
456,0.8421152809060051,0.11169173509313005,0.5517241379310345,0.8206071757129715,0.9856353591160221,0.8955823293172691,29.0,Salix.retusa,0.37233131364400585,opth,1,False,mlp1,bce,msle
457,0.8894148534150126,0.15880177715837013,0.782608695652174,0.8316559926806953,0.9945295404814004,0.905829596412556,23.0,Salix.serpyllifolia,0.6142646883328693,opth,1,False,mlp1,bce,msle
458,0.8509046795550164,0.4871578676264863,0.958139534883721,0.6459489456159823,0.9847715736040609,0.7801608579088471,215.0,Salvia.pratensis,0.6040884804997031,opth,1,False,mlp1,bce,msle
459,0.7828498385943627,0.34772065724812784,0.9108910891089109,0.5984682713347921,0.968141592920354,0.7396889790398918,202.0,Sanguisorba.minor,0.509359360443703,opth,1,False,mlp1,bce,msle
460,0.8667883211678833,0.13348917450145348,1.0,0.5428832116788321,1.0,0.703725606150207,20.0,Sanguisorba.officinalis,0.542883211678832,opth,1,False,mlp1,bce,msle
461,0.7497282017829963,0.05178153421253338,0.42857142857142855,0.8210045662100457,0.986827661909989,0.8963110667996012,21.0,Saponaria.ocymoides,0.2495759947814742,opth,1,False,mlp1,bce,msle
462,0.8309931727424965,0.2161481368637607,0.5714285714285714,0.8358881875563571,0.9967741935483871,0.9092692496321726,7.0,Saxifraga.aizoides,0.4073167589849285,opth,1,False,mlp1,bce,msle
463,0.7335655362053162,0.06523554442113931,0.36,0.847846012832264,0.9829968119022316,0.9104330708661418,25.0,Saxifraga.granulata,0.20784601283226412,opth,1,False,mlp1,bce,msle
464,0.8265275059795608,0.08292001057050037,0.6190476190476191,0.7926940639269406,0.9908675799086758,0.8807711821410451,21.0,Saxifraga.oppositifolia,0.4117416829745597,opth,1,False,mlp1,bce,msle
465,0.8397189658260853,0.1632834710515703,0.7659574468085106,0.7614593077642656,0.9866666666666667,0.8595564941921858,47.0,Saxifraga.paniculata,0.5274167545727764,opth,1,False,mlp1,bce,msle
466,0.6943942133815552,0.01871400811031463,0.3,0.8209764918625678,0.9923497267759562,0.8985650667986146,10.0,Saxifraga.tridactylites,0.12097649186256776,opth,1,False,mlp1,bce,msle
467,0.7314117007225546,0.17064807310302,0.6721311475409836,0.6739336492890995,0.9726402188782489,0.7961926091825308,61.0,Scabiosa.columbaria,0.34606479683008295,opth,1,False,mlp1,bce,msle
468,0.8223117127923913,0.23139544837921977,0.7272727272727273,0.7408105560791706,0.9812734082397003,0.8442534908700322,55.0,Scabiosa.lucida,0.46808328335189797,opth,1,False,mlp1,bce,msle
469,0.6372637263726373,0.007248638075304416,0.0,0.946894689468947,0.9952696310312205,0.9704797047970479,5.0,Scabiosa.triandra,-0.05310531053105305,opth,1,False,mlp1,bce,msle
470,0.9875787578757875,0.16978260869565218,1.0,0.918091809180918,1.0,0.9572970436414828,5.0,Scorzonera.humilis,0.918091809180918,opth,1,False,mlp1,bce,msle
471,0.7415055532702591,0.03322034346892078,0.6363636363636364,0.632579185520362,0.9943100995732574,0.7732300884955752,11.0,Scorzonera.laciniata,0.2689428218839982,opth,1,False,mlp1,bce,msle
472,0.7862878093492209,0.06989461206450165,0.64,0.7910174152153987,0.9896788990825688,0.8792664289353032,25.0,Scutellaria.alpina,0.4310174152153987,opth,1,False,mlp1,bce,msle
473,0.8918125475698597,0.187986837370633,0.7647058823529411,0.8465804066543438,0.9913419913419913,0.9132602193419741,34.0,Securigera.varia,0.611286289007285,opth,1,False,mlp1,bce,msle
474,0.7556736938588451,0.048503590984494395,0.52,0.773602199816682,0.985981308411215,0.866974833076528,25.0,Sedum.acre,0.293602199816682,opth,1,False,mlp1,bce,msle
475,0.7323377824765429,0.08043076430174893,0.6285714285714286,0.7169287696577243,0.983502538071066,0.8293204922418406,35.0,Sedum.album,0.345500198229153,opth,1,False,mlp1,bce,msle
476,0.8182648401826483,0.07747270199202852,0.5714285714285714,0.8301369863013699,0.9901960784313726,0.9031296572280179,21.0,Sedum.atratum,0.4015655577299413,opth,1,False,mlp1,bce,msle
477,0.6317045454545455,0.027190547854714017,0.1875,0.8036363636363636,0.9855072463768116,0.885327991987982,16.0,Sedum.montanum,-0.008863636363636407,opth,1,False,mlp1,bce,msle
478,0.6986439991904472,0.03389618201010525,0.5,0.7513661202185792,0.9892086330935251,0.8540372670807453,18.0,Sedum.rupestre,0.25136612021857907,opth,1,False,mlp1,bce,msle
479,0.6888523241464418,0.01703062666125849,0.5454545454545454,0.6886877828054299,0.9934725848563969,0.8134687332977018,11.0,Sedum.sexangulare,0.23414232825997527,opth,1,False,mlp1,bce,msle
480,0.81065697850439,0.11676437619288883,0.4,0.9028156221616712,0.9910269192422732,0.9448669201520913,15.0,Selaginella.selaginoides,0.30281562216167135,opth,1,False,mlp1,bce,msle
481,0.840470023777174,0.2910513675061484,0.7282608695652174,0.7744140625,0.969437652811736,0.8610206297502715,92.0,Sempervivum.arachnoideum,0.5026749320652173,opth,1,False,mlp1,bce,msle
482,0.8784165881244108,0.2819035823193995,0.8363636363636363,0.7587181903864278,0.9889434889434889,0.8586666666666667,55.0,Sempervivum.montanum,0.5950818267500642,opth,1,False,mlp1,bce,msle
483,0.8215521699351606,0.26870891965299865,0.6956521739130435,0.7886550777676121,0.9919447640966629,0.8786952089704383,23.0,Sempervivum.tectorum,0.4843072516806557,opth,1,False,mlp1,bce,msle
484,0.8359215941087287,0.2898709416224363,0.7666666666666667,0.7953216374269005,0.974910394265233,0.8760064412238325,90.0,Senecio.doronicum,0.5619883040935671,opth,1,False,mlp1,bce,msle
485,0.8201970443349753,0.04405996332806773,0.7857142857142857,0.6833030852994555,0.996031746031746,0.8105489773950484,14.0,Senecio.erucifolius,0.4690173710137411,opth,1,False,mlp1,bce,msle
486,0.884921003717472,0.16976411550380968,0.975,0.7555762081784386,0.9987714987714987,0.8603174603174604,40.0,Senecio.incanus,0.7305762081784386,opth,1,False,mlp1,bce,msle
487,0.9034687904812166,0.11303039522863914,1.0,0.5989061075660893,1.0,0.7491448118586089,19.0,Senecio.jacobaea,0.5989061075660893,opth,1,False,mlp1,bce,msle
488,0.7235454691430713,0.061333283435384384,0.6470588235294118,0.5532302092811647,0.990228013029316,0.7098657326328079,17.0,Serratula.tinctoria,0.20028903281057664,opth,1,False,mlp1,bce,msle
489,0.7742369838420107,0.0061281596865964,1.0,0.5870736086175943,1.0,0.7398190045248869,2.0,Seseli.annuum,0.5870736086175943,opth,1,False,mlp1,bce,msle
490,0.8084164920629283,0.38589844994075356,0.7172413793103448,0.7239958805355304,0.9448924731182796,0.8198250728862974,145.0,Sesleria.caerulea,0.44123725984587514,opth,1,False,mlp1,bce,msle
491,0.7004148957700871,0.026938372805048922,0.6666666666666666,0.6475409836065574,0.9916317991631799,0.7834710743801653,18.0,Sherardia.arvensis,0.31420765027322406,opth,1,False,mlp1,bce,msle
492,0.8285456653355661,0.03614957899256606,0.7142857142857143,0.6492335437330928,0.997229916897507,0.7864554888039322,7.0,Sideritis.hyssopifolia,0.36351925801880713,opth,1,False,mlp1,bce,msle
493,0.8654910703103474,0.16480218252817114,0.7837837837837838,0.7775718257645968,0.9905548996458088,0.8712357217030114,37.0,Silaum.silaus,0.5613556095483805,opth,1,False,mlp1,bce,msle
494,0.8831679040456681,0.2689992223675801,0.8135593220338984,0.7842951750236519,0.986904761904762,0.8740115972588297,59.0,Silene.acaulis,0.5978544970575501,opth,1,False,mlp1,bce,msle
495,0.6836294288868814,0.01624269250728911,0.3333333333333333,0.7678410117434508,0.9929906542056075,0.8660213958227203,9.0,Silene.dioica,0.10117434507678413,opth,1,False,mlp1,bce,msle
496,0.9323463760504203,0.2530909746365911,0.8214285714285714,0.8575367647058824,0.9946695095948828,0.9210266535044422,28.0,Silene.flos.cuculi,0.6789653361344539,opth,1,False,mlp1,bce,msle
497,0.6597597597597598,0.010642463368669182,0.8333333333333334,0.3792792792792793,0.9976303317535545,0.5496083550913838,6.0,Silene.flos.jovis,0.21261261261261266,opth,1,False,mlp1,bce,msle
498,0.8090057851732569,0.2455900443801858,0.5432098765432098,0.8492753623188406,0.9596069868995634,0.9010763710917479,81.0,Silene.nutans,0.39248523886205033,opth,1,False,mlp1,bce,msle
499,0.8925128801728436,0.19780138040487336,0.8636363636363636,0.7632541133455211,0.9964200477326969,0.8643892339544513,22.0,Silene.otites,0.6268904769818846,opth,1,False,mlp1,bce,msle
500,0.8801895306859205,0.039782141349127866,0.75,0.8366425992779783,0.9978471474703983,0.9101620029455081,8.0,Silene.rupestris,0.5866425992779782,opth,1,False,mlp1,bce,msle
501,0.7663925537682993,0.2543577234441609,0.7727272727272727,0.6361829025844931,0.9624060150375939,0.7660083782166367,110.0,Silene.vulgaris,0.40891017531176566,opth,1,False,mlp1,bce,msle
502,0.4932614555256065,0.004003596363469985,0.0,0.889487870619946,0.9969788519637462,0.9401709401709402,3.0,Sinapis.arvensis,-0.11051212938005395,opth,1,False,mlp1,bce,msle
503,0.8136438594538813,0.23040799598219344,0.4329896907216495,0.8537782139352306,0.9405405405405406,0.8950617283950617,97.0,Soldanella.alpina,0.28676790465688007,opth,1,False,mlp1,bce,msle
504,0.9064794538193995,0.07603209097880827,0.7142857142857143,0.8223624887285843,0.9978118161925602,0.9016312407315867,7.0,Solidago.gigantea,0.5366482030142987,opth,1,False,mlp1,bce,msle
505,0.7232180663373324,0.05579981268947747,0.34615384615384615,0.9055045871559633,0.9830677290836654,0.9426934097421203,26.0,Solidago.virgaurea,0.2516584333098093,opth,1,False,mlp1,bce,msle
506,0.7055571025100441,0.03527064894935558,0.6956521739130435,0.6303751143641354,0.9899425287356322,0.7702627166014533,23.0,Stachys.officinalis,0.32602728827717886,opth,1,False,mlp1,bce,msle
507,0.6913290559120073,0.09793811387701838,0.56,0.7433547204399633,0.98661800486618,0.8478829064296916,25.0,Stachys.pradica,0.30335472043996337,opth,1,False,mlp1,bce,msle
508,0.8298458533863431,0.15311385839554614,0.8518518518518519,0.699623352165725,0.9893475366178429,0.8196359624931053,54.0,Stachys.recta,0.551475204017577,opth,1,False,mlp1,bce,msle
509,0.8600862197116099,0.1503871496081158,0.8709677419354839,0.6534562211981567,0.9943899018232819,0.7886540600667408,31.0,Stellaria.graminea,0.5244239631336405,opth,1,False,mlp1,bce,msle
510,0.8031362815884476,0.030269759691427797,0.375,0.894404332129964,0.9949799196787149,0.9420152091254753,8.0,Stipa.capillata,0.26940433212996395,opth,1,False,mlp1,bce,msle
511,0.8215442218174459,0.1293600195553973,0.6111111111111112,0.8788706739526412,0.992798353909465,0.9323671497584541,18.0,Stipa.eriocaulis,0.48998178506375245,opth,1,False,mlp1,bce,msle
512,0.7980517047583363,0.12898620529067154,0.6470588235294118,0.805277525022748,0.9932659932659933,0.8894472361809045,17.0,Succisa.pratensis,0.4523363485521599,opth,1,False,mlp1,bce,msle
513,0.7569945848375451,0.029726953468343875,0.375,0.881768953068592,0.994908350305499,0.9349282296650717,8.0,Symphytum.officinale,0.25676895306859215,opth,1,False,mlp1,bce,msle
514,0.8853633285766249,0.1737294732432095,0.5454545454545454,0.9095106186518929,0.985,0.9457513202112338,33.0,Taraxacum.alpinum,0.4549651641064383,opth,1,False,mlp1,bce,msle
515,0.8159805994279318,0.39202901143500857,0.8294117647058824,0.6511627906976745,0.9550387596899225,0.7743557510999372,170.0,Taraxacum.officinale,0.48057455540355676,opth,1,False,mlp1,bce,msle
516,0.582210242587601,0.005835384874324393,0.3333333333333333,0.8751123090745733,0.9979508196721312,0.932503590234562,3.0,Tephroseris.integrifolia,0.20844564240790664,opth,1,False,mlp1,bce,msle
517,0.7692998204667862,0.014912563029717841,0.5,0.8330341113105925,0.9989235737351991,0.9084679393049437,2.0,Teucrium.botrys,0.33303411131059235,opth,1,False,mlp1,bce,msle
518,0.8241156692570603,0.3034041958125133,0.719626168224299,0.7601585728444004,0.9623588456712673,0.8493909191583611,107.0,Teucrium.chamaedrys,0.4797847410686993,opth,1,False,mlp1,bce,msle
519,0.7512602880658436,0.10140069318009763,0.5277777777777778,0.7777777777777778,0.9801633605600933,0.8673205988642231,36.0,Teucrium.montanum,0.3055555555555556,opth,1,False,mlp1,bce,msle
520,0.7335733573357335,0.010556567782259128,1.0,0.5310531053105311,1.0,0.6937095825984715,5.0,Thalictrum.alpinum,0.531053105310531,opth,1,False,mlp1,bce,msle
521,0.7559149445941898,0.02659833767012958,0.3333333333333333,0.876010781671159,0.9979529170931423,0.9330143540669856,3.0,Thalictrum.aquilegiifolium,0.20934411500449235,opth,1,False,mlp1,bce,msle
522,0.7265963710324894,0.046625879797317034,0.6470588235294118,0.7070063694267515,0.9923371647509579,0.8257173219978746,17.0,Thalictrum.minus,0.35406519295616334,opth,1,False,mlp1,bce,msle
523,0.9219730941704035,0.011363636363636364,1.0,0.672645739910314,1.0,0.8042895442359249,1.0,Thalictrum.simplex,0.6726457399103141,opth,1,False,mlp1,bce,msle
524,0.7556471306471306,0.09174221895268363,0.625,0.8095238095238095,0.9899216125419933,0.8906801007556675,24.0,Thesium.alpinum,0.43452380952380953,opth,1,False,mlp1,bce,msle
525,0.8590785907859078,0.058489559116311984,0.6666666666666666,0.8238482384823849,0.9967213114754099,0.9020771513353115,9.0,Thesium.linophyllon,0.4905149051490514,opth,1,False,mlp1,bce,msle
526,0.7263944351410537,0.035981241769148346,1.0,0.46528403967538323,1.0,0.6350769230769231,7.0,Thesium.pyrenaicum,0.46528403967538323,opth,1,False,mlp1,bce,msle
527,0.72262118491921,0.004694734575212663,0.0,0.9021543985637342,0.9980139026812314,0.9476661951909476,2.0,Tofieldia.calyculata,-0.09784560143626575,opth,1,False,mlp1,bce,msle
528,0.6030344202898551,0.013418075185341525,0.0,0.8523550724637681,0.9874081846799581,0.9149246475449684,12.0,Tragopogon.dubius,-0.14764492753623193,opth,1,False,mlp1,bce,msle
529,0.8269539943965857,0.4838162455035196,0.7867298578199052,0.7270718232044199,0.9359886201991465,0.818407960199005,211.0,Tragopogon.pratensis,0.5138016810243251,opth,1,False,mlp1,bce,msle
530,0.8228409090909091,0.07820143063597924,0.875,0.7118181818181818,0.9974522292993631,0.8307692307692308,16.0,Traunsteinera.globosa,0.5868181818181819,opth,1,False,mlp1,bce,msle
531,0.8281800391389432,0.09227743240819206,0.8571428571428571,0.7141552511415525,0.9961783439490446,0.8319148936170213,21.0,Trifolium.alpestre,0.5712981082844095,opth,1,False,mlp1,bce,msle
532,0.8326083295913785,0.23527079610180895,0.8235294117647058,0.7251908396946565,0.9844559585492227,0.8351648351648352,68.0,Trifolium.alpinum,0.5487202514593623,opth,1,False,mlp1,bce,msle
533,0.7173478655767483,0.029869148512710275,0.6,0.6221616712079927,0.9913169319826338,0.7645089285714286,15.0,Trifolium.arvense,0.22216167120799257,opth,1,False,mlp1,bce,msle
534,0.9157515751575158,0.07409093385638009,1.0,0.5265526552655265,1.0,0.6898584905660378,5.0,Trifolium.aureum,0.5265526552655264,opth,1,False,mlp1,bce,msle
535,0.7301658300614615,0.10611608824508688,0.38596491228070173,0.8583569405099151,0.9629237288135594,0.9076385421867199,57.0,Trifolium.badium,0.2443218527906168,opth,1,False,mlp1,bce,msle
536,0.7931861804222649,0.2094866157974198,0.7702702702702703,0.6641074856046065,0.9760225669957687,0.7904054825813821,74.0,Trifolium.campestre,0.4343777558748769,opth,1,False,mlp1,bce,msle
537,0.8777006172839507,0.19552492397540988,0.8333333333333334,0.7703703703703704,0.9928400954653938,0.867570385818561,36.0,Trifolium.dubium,0.6037037037037036,opth,1,False,mlp1,bce,msle
538,0.7397308041007045,0.02339926562138881,0.9230769230769231,0.5503173164097914,0.9983552631578947,0.7095265926358855,13.0,Trifolium.medium,0.47339423948671455,opth,1,False,mlp1,bce,msle
539,0.7481185592964319,0.290401122598339,0.5483870967741935,0.7804370447450573,0.9146341463414634,0.8422234699606962,155.0,Trifolium.montanum,0.32882414151925077,opth,1,False,mlp1,bce,msle
540,0.6639235651021689,0.018228305007165834,0.46153846153846156,0.7262012692656392,0.9913366336633663,0.8383045525902669,13.0,Trifolium.ochroleucon,0.1877397308041009,opth,1,False,mlp1,bce,msle
541,0.7485830656450665,0.6581233716513749,0.7074148296593187,0.6612641815235009,0.7364620938628159,0.6968403074295474,499.0,Trifolium.pratense,0.36867901118281954,opth,1,False,mlp1,bce,msle
542,0.7486579414374446,0.31314163767635045,0.7959183673469388,0.6010869565217392,0.9325463743676222,0.7309980171844018,196.0,Trifolium.repens,0.39700532386867793,opth,1,False,mlp1,bce,msle
543,0.8311219889218086,0.10836541517331368,0.8571428571428571,0.6952209197475203,0.9987046632124352,0.8197767145135566,7.0,Trifolium.rubens,0.5523637768903775,opth,1,False,mlp1,bce,msle
544,0.7764264264264265,0.014930839788230028,1.0,0.3837837837837838,1.0,0.5546875,6.0,Trifolium.scabrum,0.38378378378378386,opth,1,False,mlp1,bce,msle
545,0.674924924924925,0.009497535798972135,0.6666666666666666,0.6189189189189189,0.9970972423802612,0.763757643135075,6.0,Trifolium.striatum,0.28558558558558556,opth,1,False,mlp1,bce,msle
546,0.8642507345739471,0.3402960439981366,0.6105263157894737,0.8648383937316356,0.9597826086956521,0.9098402885110768,95.0,Trifolium.thalii,0.4753647095211093,opth,1,False,mlp1,bce,msle
547,0.8261617100371748,0.21401748746326282,0.625,0.7946096654275093,0.9827586206896551,0.8787255909558068,40.0,Trinia.glauca,0.41960966542750944,opth,1,False,mlp1,bce,msle
548,0.8653153153153154,0.024494484787655174,0.3333333333333333,0.8900900900900901,0.9959677419354839,0.9400570884871551,6.0,Trisetum.distichophyllum,0.22342342342342336,opth,1,False,mlp1,bce,msle
549,0.8080788474810213,0.5538479580192097,0.7608695652173914,0.7166666666666667,0.9011976047904192,0.7984084880636605,276.0,Trisetum.flavescens,0.4775362318840579,opth,1,False,mlp1,bce,msle
550,0.7605574324324325,0.19963381703809222,0.65,0.7075289575289575,0.9632063074901446,0.8158041179744018,80.0,Trollius.europaeus,0.3575289575289575,opth,1,False,mlp1,bce,msle
551,,-0.0,0.0,0.4946236559139785,1.0,0.6618705035971223,0.0,Turritis.glabra,-0.5053763440860215,opth,1,False,mlp1,bce,msle
552,0.5210669077757686,0.009946980632592237,0.1,0.7640144665461122,0.9894613583138173,0.8622448979591837,10.0,Tussilago.farfara,-0.13598553345388786,opth,1,False,mlp1,bce,msle
553,0.5478648046954058,0.022247773075948905,0.2222222222222222,0.8797814207650273,0.9857142857142858,0.9297401347449471,18.0,Urtica.dioica,0.10200364298724951,opth,1,False,mlp1,bce,msle
554,0.7635379061371842,0.14240156765308412,0.75,0.5983754512635379,0.9969924812030075,0.7478849407783418,8.0,Valeriana.dioica,0.34837545126353797,opth,1,False,mlp1,bce,msle
555,0.7461503623188406,0.037161745637978146,0.5,0.7554347826086957,0.9928571428571429,0.8580246913580247,12.0,Valeriana.montana,0.2554347826086958,opth,1,False,mlp1,bce,msle
556,0.7979560774081322,0.060825725075493796,0.7619047619047619,0.719634703196347,0.9936948297604036,0.8347457627118644,21.0,Valeriana.officinalis,0.4815394651011089,opth,1,False,mlp1,bce,msle
557,0.7779264572070865,0.038098775528585295,0.8235294117647058,0.5204731574158326,0.9947826086956522,0.6833930704898447,17.0,Valerianella.dentata,0.3440025691805384,opth,1,False,mlp1,bce,msle
558,0.788688193039961,0.036123889956741664,0.46153846153846156,0.7987307343608341,0.9921171171171171,0.8849824208940231,13.0,Valerianella.locusta,0.26026919589929554,opth,1,False,mlp1,bce,msle
559,0.7241596046728365,0.10957092621191082,0.5348837209302325,0.7847157502329916,0.9767981438515081,0.8702842377260982,43.0,Veratrum.album,0.3195994711632242,opth,1,False,mlp1,bce,msle
560,0.822621240024555,0.09305953647549163,0.5333333333333333,0.850828729281768,0.9850746268656716,0.9130434782608695,30.0,Verbascum.lychnitis,0.38416206261510144,opth,1,False,mlp1,bce,msle
561,0.818884451887157,0.03516323782342107,0.8571428571428571,0.6591523895401262,0.9986338797814208,0.7941336230309615,7.0,Verbascum.nigrum,0.5162952466829833,opth,1,False,mlp1,bce,msle
562,0.5800300300300301,0.007611988257052315,0.5,0.5900900900900901,0.9954407294832827,0.7409502262443439,6.0,Verbascum.thapsus,0.09009009009009006,opth,1,False,mlp1,bce,msle
563,0.6706384892086331,0.007048191728053128,0.75,0.5935251798561151,0.9984871406959153,0.7445008460236887,4.0,Verbena.officinalis,0.34352517985611497,opth,1,False,mlp1,bce,msle
564,0.8868014785823005,0.14389360649975705,0.5238095238095238,0.8794520547945206,0.9897225077081192,0.9313346228239845,21.0,Veronica.aphylla,0.4032615786040443,opth,1,False,mlp1,bce,msle
565,0.7700609611516074,0.2824326454410842,0.6992481203007519,0.6968463886063072,0.9448275862068966,0.8021077283372365,133.0,Veronica.arvensis,0.3960945089070591,opth,1,False,mlp1,bce,msle
566,0.8170260608856088,0.1013330387109593,0.65625,0.7767527675276753,0.9871043376318874,0.8693856479091379,32.0,Veronica.bellidioides,0.4330027675276753,opth,1,False,mlp1,bce,msle
567,0.7887121622184285,0.21403352798806635,0.776595744680851,0.6545988258317026,0.9695652173913043,0.7815420560747663,94.0,Veronica.chamaedrys,0.4311945705125537,opth,1,False,mlp1,bce,msle
568,0.8166860561741731,0.06621858656496403,0.6818181818181818,0.7705667276051188,0.991764705882353,0.8672839506172839,22.0,Veronica.fruticans,0.45238490942330056,opth,1,False,mlp1,bce,msle
569,0.7268643306379156,0.006315225590253069,0.3333333333333333,0.7960467205750225,0.9977477477477478,0.8855572213893054,3.0,Veronica.fruticulosa,0.12938005390835583,opth,1,False,mlp1,bce,msle
570,0.7734752415458938,0.035625591214236904,0.5,0.8251811594202898,0.9934569247546347,0.9015338941118258,12.0,Veronica.officinalis,0.3251811594202898,opth,1,False,mlp1,bce,msle
571,0.7415909090909091,0.03161440176695602,0.6875,0.6836363636363636,0.9933949801849405,0.8099084544964997,16.0,Veronica.persica,0.3711363636363636,opth,1,False,mlp1,bce,msle
572,0.47853345554537124,0.023899750548271086,0.36,0.6278643446379468,0.9771754636233951,0.7645089285714286,25.0,Veronica.serpyllifolia,-0.012135655362053188,opth,1,False,mlp1,bce,msle
573,0.7979063240140589,0.2304758526151352,0.7899159663865546,0.7151454363089268,0.9661246612466124,0.8219020172910663,119.0,Vicia.cracca,0.5050614026954814,opth,1,False,mlp1,bce,msle
574,0.8593413357956294,0.26055192835538105,0.3939393939393939,0.9372114496768237,0.9806763285024155,0.9584513692162417,33.0,Vicia.hirsuta,0.3311508436162176,opth,1,False,mlp1,bce,msle
575,0.7018970189701897,0.0432724684498803,0.3333333333333333,0.8256549232158988,0.9934782608695653,0.9018253576714356,9.0,Vicia.onobrychioides,0.1589882565492322,opth,1,False,mlp1,bce,msle
576,0.8287310979618672,0.28815973032095493,0.6176470588235294,0.8392504930966469,0.9561797752808989,0.8939075630252101,102.0,Vicia.sativa,0.45689755192017634,opth,1,False,mlp1,bce,msle
577,0.8206261510128914,0.11387546554842559,0.5,0.8959484346224678,0.9848178137651822,0.9382835101253616,30.0,Vicia.sepium,0.39594843462246776,opth,1,False,mlp1,bce,msle
578,0.6579814315663373,0.007484052033127107,0.3333333333333333,0.651392632524708,0.9972489683631361,0.7880434782608695,3.0,Vicia.tetrasperma,-0.015274034141958603,opth,1,False,mlp1,bce,msle
579,0.7130198915009042,0.03351078942721513,0.4,0.786618444846293,0.9931506849315068,0.8779011099899092,10.0,Vincetoxicum.hirundinaria,0.18661844484629286,opth,1,False,mlp1,bce,msle
580,0.7111941259822234,0.012960216929744438,1.0,0.45175834084761046,1.0,0.622360248447205,7.0,Viola.arvensis,0.45175834084761046,opth,1,False,mlp1,bce,msle
581,0.9964125560538116,0.2,1.0,0.8708520179372198,1.0,0.9309683604985618,1.0,Viola.biflora,0.8708520179372199,opth,1,False,mlp1,bce,msle
582,0.8459921984790975,0.21842412183551146,0.684931506849315,0.8398849472674976,0.9744160177975528,0.90216271884655,73.0,Viola.calcarata,0.5248164541168125,opth,1,False,mlp1,bce,msle
583,0.7235081374321881,0.021468830621311514,0.4,0.7251356238698011,0.9925742574257426,0.8380355276907001,10.0,Viola.hirta,0.12513562386980115,opth,1,False,mlp1,bce,msle
584,0.5675351901766996,0.004445576425084634,0.3333333333333333,0.6298292902066487,0.9971550497866287,0.7720264317180616,3.0,Viola.rupestris,-0.036837376460018056,opth,1,False,mlp1,bce,msle
585,0.48699551569506727,0.0017452006980802793,0.0,0.662780269058296,0.9986486486486487,0.7967654986522911,1.0,Vulpia.myuros,-0.337219730941704,opth,1,False,mlp1,bce,msle
586,0.6349349478294474,0.009546341460554756,0.0,0.8115419296663661,0.9922822491730982,0.8928571428571429,7.0,Athamanta.cretensis,-0.18845807033363393,opth,1,False,mlp1,bce,msle
587,0.6675254411954141,0.014056339369051497,0.7142857142857143,0.6681695220919748,0.9973082099596231,0.8002159827213823,7.0,Bupleurum.baldense,0.3824552363776892,opth,1,False,mlp1,bce,msle
588,0.5353929841690495,0.014884664645822509,0.3076923076923077,0.6690843155031732,0.9879518072289156,0.7978378378378378,13.0,Imperatoria.ostruthium,-0.023223376804519136,opth,1,False,mlp1,bce,msle
589,0.8268202385849445,0.050377426641546284,0.6363636363636364,0.7900452488687782,0.9954389965792474,0.8809283551967709,11.0,Laserpitium.gallicum,0.4264088852324146,opth,1,False,mlp1,bce,msle
590,0.9220442238267148,0.07264794820334271,0.75,0.9052346570397112,0.9980099502487563,0.9493610979649787,8.0,Oenanthe.silaifolia,0.6552346570397112,opth,1,False,mlp1,bce,msle
591,0.9061482820976492,0.056150415446060864,0.9,0.7911392405063291,0.9988584474885844,0.8829465186680121,10.0,Seseli.galloprovinciale,0.6911392405063292,opth,1,False,mlp1,bce,msle
592,0.4885341726618705,0.004188492361198992,0.75,0.3857913669064748,0.9976744186046511,0.556420233463035,4.0,Torilis.leptophylla,0.13579136690647475,opth,1,False,mlp1,bce,msle
593,0.8964350180505415,0.05133767900127094,0.75,0.8050541516245487,0.9977628635346756,0.8911088911088911,8.0,Achillea.ptarmica,0.5550541516245486,opth,1,False,mlp1,bce,msle
594,0.9982062780269059,0.3333333333333333,1.0,0.7515695067264574,1.0,0.8581669226830517,1.0,Artemisia.alba,0.7515695067264574,opth,1,False,mlp1,bce,msle
595,0.6388172117999861,0.01853606627421702,0.7692307692307693,0.5240253853127833,0.9948364888123924,0.6864608076009501,13.0,Bombycilaena.erecta,0.2932561545435526,opth,1,False,mlp1,bce,msle
596,0.6252244165170557,0.0037217095143924415,0.5,0.5987432675044884,0.9985029940119761,0.7485970819304153,2.0,Cacalia.alliariae,0.09874326750448836,opth,1,False,mlp1,bce,msle
597,0.46333483754512633,0.009177459644859711,0.375,0.601985559566787,0.9925595238095238,0.749438202247191,8.0,Cacalia.alpina,-0.02301444043321299,opth,1,False,mlp1,bce,msle
598,0.6056654676258992,0.006994108035116415,0.75,0.4784172661870504,0.99812382739212,0.6468085106382979,4.0,Carduus.nigrescens,0.2284172661870505,opth,1,False,mlp1,bce,msle
599,0.7482517482517482,0.023352620524537536,0.8181818181818182,0.6280542986425339,0.9971264367816092,0.7706829539144919,11.0,Catananche.caerulea,0.44623611682435227,opth,1,False,mlp1,bce,msle
600,0.695865000644081,0.02976347352598106,0.5714285714285714,0.7385031559963932,0.9963503649635036,0.8482651475919213,7.0,Centaurea.alpestris,0.30993172742496444,opth,1,False,mlp1,bce,msle
601,0.665158371040724,0.021218097057946278,0.5454545454545454,0.7004524886877828,0.993581514762516,0.821656050955414,11.0,Centaurea.paniculata,0.24590703414232817,opth,1,False,mlp1,bce,msle
602,0.5276528776978417,0.02816000549147398,0.25,0.6564748201438849,0.9959072305593452,0.7913279132791328,4.0,Centaurea.triumfetti,-0.09352517985611508,opth,1,False,mlp1,bce,msle
603,0.8183793800539084,0.2753586379669857,0.7857142857142857,0.7650943396226415,0.9854191980558931,0.8613913967073819,56.0,Centaurea.uniflora,0.5508086253369271,opth,1,False,mlp1,bce,msle
604,0.9708258527827649,0.04777777777777778,1.0,0.7809694793536804,1.0,0.8770161290322581,2.0,Cirsium.ferox,0.7809694793536806,opth,1,False,mlp1,bce,msle
605,0.8615226072394692,0.07061426637838598,0.8571428571428571,0.7195671776375113,0.9987484355444305,0.8364779874213837,7.0,Cirsium.morisianum,0.5767100347803684,opth,1,False,mlp1,bce,msle
606,0.9316816816816816,0.06049112852518425,1.0,0.6567567567567567,1.0,0.7928221859706363,6.0,Cirsium.rivulare,0.6567567567567567,opth,1,False,mlp1,bce,msle
607,0.7423423423423423,0.029953617026955495,0.5,0.7450450450450451,0.9963855421686747,0.8525773195876288,6.0,Crepis.albida,0.2450450450450452,opth,1,False,mlp1,bce,msle
608,0.8469989924674951,0.11605628018510646,0.8421052631578947,0.7064721969006381,0.9961439588688946,0.8266666666666667,19.0,Crepis.nicaeensis,0.5485774600585329,opth,1,False,mlp1,bce,msle
609,0.7022804937582816,0.02458891065003839,0.38461538461538464,0.8195829555757026,0.9912280701754386,0.8972704714640198,13.0,Doronicum.grandiflorum,0.20419834019108718,opth,1,False,mlp1,bce,msle
610,0.7461483522089583,0.06162696716235379,0.6666666666666666,0.6317722681359045,0.9870875179340028,0.7704367301231803,27.0,Echinops.ritro,0.2984389348025711,opth,1,False,mlp1,bce,msle
611,0.7511241007194245,0.01352017416570848,0.75,0.6915467625899281,0.9987012987012988,0.8172157279489904,4.0,Erigeron.atticus,0.4415467625899281,opth,1,False,mlp1,bce,msle
612,0.7951482479784366,0.01624183810070213,0.3333333333333333,0.7861635220125787,0.9977194982896237,0.8793969849246231,3.0,Filago.vulgaris,0.11949685534591192,opth,1,False,mlp1,bce,msle
613,0.7785778577857786,0.022813745885289834,0.6,0.7542754275427542,0.9976190476190476,0.859046642747309,5.0,Helichrysum.stoechas,0.3542754275427542,opth,1,False,mlp1,bce,msle
614,0.7473070017953323,0.006240981240981241,0.5,0.8375224416517055,0.9989293361884368,0.9111328125,2.0,Hieracium.glanduliferum,0.33752244165170553,opth,1,False,mlp1,bce,msle
615,0.8125241066364152,0.11234716967498318,0.6341463414634146,0.7897674418604651,0.9826388888888888,0.8757091284167097,41.0,Pilosella.peleteriana,0.42391378332387974,opth,1,False,mlp1,bce,msle
616,0.6577623815566443,0.1380917799453612,0.45794392523364486,0.707631318136769,0.9248704663212435,0.8017967434025828,107.0,Pilosella.officinarum,0.16557524337041385,opth,1,False,mlp1,bce,msle
617,0.8649790059564495,0.3334205650196952,0.5789473684210527,0.9174397031539888,0.9840796019900497,0.9495919347095535,38.0,Hieracium.rionii,0.49638707157504136,opth,1,False,mlp1,bce,msle
618,0.9072838639201,0.319791812587695,0.7708333333333334,0.8539325842696629,0.9880823401950163,0.9161225514816675,48.0,Pilosella.corymbuloides,0.6247659176029963,opth,1,False,mlp1,bce,msle
619,0.7835993174746562,0.06483221543374543,0.5555555555555556,0.9331526648599819,0.996142719382835,0.9636194029850746,9.0,Inula.montana,0.4887082204155375,opth,1,False,mlp1,bce,msle
620,0.8818734252260264,0.31810274295692426,0.8333333333333334,0.8188824662813102,0.984936268829664,0.8942661756970016,78.0,Leontodon.pyrenaicus,0.6522157996146436,opth,1,False,mlp1,bce,msle
621,0.7866408230207246,0.15763022684757513,0.7017543859649122,0.7233238904627006,0.9782886334610472,0.8317046688382194,57.0,Leucanthemum.adustum,0.42507827642761287,opth,1,False,mlp1,bce,msle
622,0.913452820977753,0.12276704858332196,0.6153846153846154,0.8694469628286491,0.9948132780082988,0.9279148524431543,13.0,Leucanthemum.atratum,0.4848315782132646,opth,1,False,mlp1,bce,msle
623,0.9176315596867453,0.3936877616970869,0.8461538461538461,0.8430066603235015,0.9888392857142857,0.9101181304571135,65.0,Omalotheca.supina,0.6891605064773476,opth,1,False,mlp1,bce,msle
624,0.6944694244604317,0.012843185903363922,0.5,0.6816546762589928,0.9973684210526316,0.8098290598290598,4.0,Omalotheca.sylvatica,0.1816546762589928,opth,1,False,mlp1,bce,msle
625,0.8310871518418689,0.026672765803200583,0.6666666666666666,0.8427672955974843,0.9989350372736954,0.9142300194931774,3.0,Pulicaria.dysenterica,0.509433962264151,opth,1,False,mlp1,bce,msle
626,0.6587659410021898,0.01655337919623239,0.42857142857142855,0.866546438232642,0.9958549222797928,0.926711668273867,7.0,Scorzonera.hispanica,0.2951178668040706,opth,1,False,mlp1,bce,msle
627,0.9320485797450567,0.06294572103058342,0.4444444444444444,0.924119241192412,0.995136186770428,0.9583138173302108,9.0,Senecio.aquaticus,0.3685636856368564,opth,1,False,mlp1,bce,msle
628,0.5894784172661871,0.005427360738750961,0.0,0.9037769784172662,0.9960356788899901,0.9476661951909476,4.0,Senecio.vulgaris,-0.09622302158273377,opth,1,False,mlp1,bce,msle
629,0.9819494584837545,0.6696401515151515,1.0,0.8655234657039711,1.0,0.9279148524431543,8.0,Serratula.lycopifolia,0.865523465703971,opth,1,False,mlp1,bce,msle
630,0.7502246181491464,0.07126897389192471,0.6666666666666666,0.6684636118598383,0.9986577181208054,0.8008611410118407,3.0,Serratula.nudicaulis,0.3351302785265049,opth,1,False,mlp1,bce,msle
631,0.7788288288288289,0.01922068098298028,0.6666666666666666,0.7765765765765765,0.9976851851851852,0.8733535967578521,6.0,Sonchus.asper,0.44324324324324316,opth,1,False,mlp1,bce,msle
632,0.684752774573372,0.0855217202556834,0.5652173913043478,0.6477584629460201,0.9860724233983287,0.781888459414688,23.0,Taraxacum.erythrospermum,0.2129758542503679,opth,1,False,mlp1,bce,msle
633,0.5459459459459459,0.009563521064586385,0.16666666666666666,0.7522522522522522,0.9940476190476191,0.8564102564102564,6.0,Taraxacum.palustre,-0.08108108108108114,opth,1,False,mlp1,bce,msle
634,0.8639838129496402,0.020858064435600385,0.5,0.8597122302158273,0.9979123173277662,0.923671497584541,4.0,Tolpis.staticifolia,0.3597122302158273,opth,1,False,mlp1,bce,msle
635,0.3725666367175801,0.0027364247436581,0.0,0.5759209344115005,0.9953416149068323,0.7296528173022196,3.0,Tragopogon.crocifolius,-0.4240790655884995,opth,1,False,mlp1,bce,msle
636,0.8932804175274546,0.16915442073698936,0.8235294117647058,0.8049907578558225,0.9931584948688712,0.8892291985706994,34.0,Cerinthe.minor,0.6285201696205283,opth,1,False,mlp1,bce,msle
637,0.7181790955375862,0.006065691680652122,1.0,0.6397124887690926,1.0,0.7802739726027397,3.0,Cynoglossum.officinale,0.6397124887690926,opth,1,False,mlp1,bce,msle
638,0.6840215439856373,0.0042259608458324665,1.0,0.5224416517055656,1.0,0.6863207547169812,2.0,Lithospermum.arvense,0.5224416517055657,opth,1,False,mlp1,bce,msle
639,0.7162748643761302,0.023922016072652524,0.7,0.546112115732369,0.9950576606260296,0.705195563339171,10.0,Myosotis.decumbens,0.2461121157323689,opth,1,False,mlp1,bce,msle
640,0.6959641255605381,0.0029411764705882353,0.0,0.8556053811659193,0.9989528795811519,0.9217391304347826,1.0,Myosotis.discolor,-0.14439461883408067,opth,1,False,mlp1,bce,msle
641,0.8707216701796648,0.03470712230438951,0.7777777777777778,0.8084914182475158,0.9977703455964325,0.8932135728542914,9.0,Pulmonaria.angustifolia,0.5862691960252935,opth,1,False,mlp1,bce,msle
642,0.8390287769784173,0.020669015106532504,0.75,0.7158273381294964,0.998745294855709,0.8339444735463594,4.0,Alyssum.alpestre,0.4658273381294964,opth,1,False,mlp1,bce,msle
643,0.7704204204204204,0.017858604171860745,0.3333333333333333,0.8423423423423423,0.9957401490947817,0.9126403123474865,6.0,Alyssum.montanum,0.17567567567567566,opth,1,False,mlp1,bce,msle
644,0.6300630063006301,0.00836151036040276,0.2,0.6696669666966697,0.9946524064171123,0.8004303388918773,5.0,Arabis.alpina,-0.13033303330333035,opth,1,False,mlp1,bce,msle
645,0.6192192192192192,0.021971036621413427,0.5,0.7738738738738739,0.9965197215777262,0.8711967545638946,6.0,Arabis.auriculata,0.27387387387387374,opth,1,False,mlp1,bce,msle
646,0.88625678119349,0.05761893538080415,0.8,0.8128390596745028,0.9977802441731409,0.8958644743398106,10.0,Cardamine.bellidifolia,0.6128390596745028,opth,1,False,mlp1,bce,msle
647,0.8354470802919708,0.07298352251957106,0.4,0.9242700729927007,0.9882926829268293,0.9552098066949553,20.0,Cardamine.resedifolia,0.3242700729927006,opth,1,False,mlp1,bce,msle
648,0.6987987987987988,0.013289973650893249,0.16666666666666666,0.945045045045045,0.9952561669829222,0.9695009242144177,6.0,Iberis.pinnata,0.11171171171171168,opth,1,False,mlp1,bce,msle
649,0.713459447706023,0.037115422153966945,0.7142857142857143,0.5242009132420091,0.9896551724137931,0.6853731343283582,21.0,Kandis.perfoliata,0.23848662752772354,opth,1,False,mlp1,bce,msle
650,0.746745027124774,0.03990778298890743,0.8,0.546112115732369,0.9966996699669967,0.705607476635514,10.0,Noccaea.brachypetala,0.346112115732369,opth,1,False,mlp1,bce,msle
651,0.7526552655265526,0.014117648116873533,0.2,0.9414941494149415,0.9961904761904762,0.968070337806571,5.0,Pritzelago.alpina,0.14149414941494154,opth,1,False,mlp1,bce,msle
652,0.49327354260089684,0.0017667844522968198,0.0,0.7623318385650224,0.9988249118683902,0.8646998982706002,1.0,Sisymbrium.austriacum,-0.2376681614349776,opth,1,False,mlp1,bce,msle
653,0.6137589928057554,0.005774912745493233,0.0,0.8174460431654677,0.9956188389923329,0.8977777777777778,4.0,Campanula.alpestris,-0.18255395683453235,opth,1,False,mlp1,bce,msle
654,0.8562846580406654,0.10327289490116252,0.6764705882352942,0.8262476894639557,0.9878453038674033,0.8998490186210367,34.0,Phyteuma.globulariifolium,0.5027182776992498,opth,1,False,mlp1,bce,msle
655,0.8545736766043996,0.06564021631268599,0.5882352941176471,0.835304822565969,0.9924324324324324,0.9071146245059288,17.0,Phyteuma.michelii,0.42354011668361613,opth,1,False,mlp1,bce,msle
656,0.8429481080289833,0.2464863312671509,0.7384615384615385,0.8230256898192198,0.9807256235827665,0.8949818934299018,65.0,Arenaria.gothica,0.5614872282807584,opth,1,False,mlp1,bce,msle
657,0.8594504830917875,0.07564514928639418,0.25,0.9538043478260869,0.9915254237288136,0.9722991689750693,12.0,Cerastium.cerastoides,0.20380434782608692,opth,1,False,mlp1,bce,msle
658,0.9212711352657005,0.11695732686084649,1.0,0.6077898550724637,1.0,0.756056338028169,12.0,Dianthus.hyssopifolius,0.6077898550724639,opth,1,False,mlp1,bce,msle
659,0.8149808071376698,0.16497516280484864,0.5111111111111111,0.803921568627451,0.9750849377123443,0.8812691914022518,45.0,Dianthus.pavonius,0.3150326797385621,opth,1,False,mlp1,bce,msle
660,0.6761020531400966,0.016697869251586367,0.8333333333333334,0.5987318840579711,0.9969834087481146,0.7481607243916242,12.0,Minuartia.hybrida,0.43206521739130443,opth,1,False,mlp1,bce,msle
661,0.7463546354635464,0.016381351848917806,0.8,0.49144914491449143,0.9981718464351006,0.6586248492159228,5.0,Minuartia.rupestris,0.2914491449144916,opth,1,False,mlp1,bce,msle
662,0.897790235317124,0.24797887448883885,0.6551724137931034,0.888468809073724,0.9791666666666666,0.931615460852329,58.0,Minuartia.sedoides,0.5436412228668275,opth,1,False,mlp1,bce,msle
663,0.8727849927849929,0.27442773741962095,0.5303030303030303,0.8819047619047619,0.96760710553814,0.9227703039362232,66.0,Sagina.glabra,0.41220779220779225,opth,1,False,mlp1,bce,msle
664,0.8876687668766876,0.024955143709803566,1.0,0.8010801080108011,1.0,0.8895552223888056,5.0,Sagina.saginoides,0.801080108010801,opth,1,False,mlp1,bce,msle
665,0.7523508137432189,0.01967233323928048,0.8,0.6374321880650995,0.9971711456859972,0.7777164920022063,10.0,Silene.italica,0.43743218806509954,opth,1,False,mlp1,bce,msle
666,0.782218148487626,0.10723283107136614,0.92,0.5490375802016498,0.9966722129783694,0.7080378250591016,25.0,Silene.latifolia,0.46903758020165,opth,1,False,mlp1,bce,msle
667,0.5292529252925293,0.005625957213781344,0.2,0.8496849684968497,0.9957805907172996,0.9169499757163672,5.0,Silene.suecica,0.04968496849684967,opth,1,False,mlp1,bce,msle
668,0.49397350729941525,0.02597978480505117,0.30434782608695654,0.6340347666971637,0.9774330042313117,0.7691453940066593,23.0,Chenopodium.bonus.henricus,-0.061617407215879716,opth,1,False,mlp1,bce,msle
669,0.7844360216859376,0.096312083486687,0.47368421052631576,0.837739288969918,0.9892357373519914,0.9072063178677197,19.0,Helianthemum.apenninum,0.3114234994962337,opth,1,False,mlp1,bce,msle
670,0.7649011877006457,0.24155654720881745,0.5316455696202531,0.7945998071359691,0.9570267131242741,0.8682824025289779,79.0,Helianthemum.oelandicum,0.32624537675622234,opth,1,False,mlp1,bce,msle
671,0.4154815481548155,0.0043220944460012345,0.0,0.8550855085508551,0.9947643979057592,0.9196515004840271,5.0,Convolvulus.cantabricus,-0.14491449144914492,opth,1,False,mlp1,bce,msle
672,0.839064041084243,0.11990183559239079,0.7407407407407407,0.7548209366391184,0.991556091676719,0.8571428571428571,27.0,Sedum.alpestre,0.49556167737985923,opth,1,False,mlp1,bce,msle
673,0.7186343068696011,0.03148000823692999,0.45454545454545453,0.8027149321266969,0.9932810750279956,0.8878878878878879,11.0,Sedum.anacampseros,0.25726038667215145,opth,1,False,mlp1,bce,msle
674,0.7178965336134454,0.05999061106001899,0.5357142857142857,0.7527573529411765,0.984375,0.853125,28.0,Sedum.ochroleucum,0.2884716386554622,opth,1,False,mlp1,bce,msle
675,0.89000900090009,0.434983498349835,0.8,0.9027902790279028,0.999003984063745,0.9484633569739953,5.0,Sedum.sediforme,0.7027902790279028,opth,1,False,mlp1,bce,msle
676,0.7894894894894895,0.03750661779185269,0.6666666666666666,0.781981981981982,0.9977011494252873,0.8767676767676768,6.0,Sempervivum.calcareum,0.4486486486486485,opth,1,False,mlp1,bce,msle
677,0.8154332129963898,0.029133595425416263,0.75,0.7833935018050542,0.9977011494252873,0.8776541961577351,8.0,Euphorbia.esula,0.5333935018050542,opth,1,False,mlp1,bce,msle
678,0.8339870251017639,0.19678079743956162,0.6136363636363636,0.8013059701492538,0.980593607305936,0.8819301848049281,44.0,Anthyllis.montana,0.4149423337856173,opth,1,False,mlp1,bce,msle
679,0.8007404360345537,0.06808223325989418,0.45454545454545453,0.9194570135746606,0.9941291585127201,0.9553361542078044,11.0,Argyrolobium.zanonii,0.37400246812011506,opth,1,False,mlp1,bce,msle
680,0.8675354251012146,0.31599589502193737,0.75,0.8045112781954887,0.9850402761795167,0.8856699430936368,52.0,Astragalus.danicus,0.5545112781954886,opth,1,False,mlp1,bce,msle
681,0.8735003528581511,0.22465378265535682,0.8076923076923077,0.7990825688073394,0.9942922374429224,0.8860630722278738,26.0,Astragalus.sempervirens,0.6067748764996472,opth,1,False,mlp1,bce,msle
682,0.5357891584306679,0.0037734601296062304,0.0,0.7448337825696316,0.9963942307692307,0.8524421593830335,3.0,Astragalus.vesicarius,-0.2551662174303684,opth,1,False,mlp1,bce,msle
683,0.7648996705600478,0.010543840553911048,0.6666666666666666,0.6774483378256964,0.9986754966887417,0.8072805139186295,3.0,Bituminaria.bituminosa,0.3441150044923629,opth,1,False,mlp1,bce,msle
684,0.9174910071942447,0.2714356624665903,0.75,0.829136690647482,0.9989165763813651,0.9061425061425061,4.0,Dorycnium.pentaphyllum,0.579136690647482,opth,1,False,mlp1,bce,msle
685,0.7362364620938628,0.020328180691594123,0.5,0.8537906137184116,0.9957894736842106,0.9193391642371235,8.0,Genista.cinerea,0.3537906137184117,opth,1,False,mlp1,bce,msle
686,0.8878923766816144,0.007936507936507936,0.0,0.8968609865470852,0.999000999000999,0.945179584120983,1.0,Lathyrus.hirsutus,-0.10313901345291476,opth,1,False,mlp1,bce,msle
687,0.8857902929107118,0.5849051275151577,0.7801047120418848,0.812972972972973,0.947103274559194,0.8749272833042466,191.0,Lotus.alpinus,0.5930776850148578,opth,1,False,mlp1,bce,msle
688,0.6787453835037199,0.024095984753318818,0.7647058823529411,0.5577797998180164,0.993517017828201,0.7144522144522144,17.0,Lotus.delortii,0.3224856821709574,opth,1,False,mlp1,bce,msle
689,0.9044624138963762,0.03095177718608681,0.6666666666666666,0.8104222821203954,0.9988925802879292,0.8948412698412699,3.0,Lotus.pedunculatus,0.477088948787062,opth,1,False,mlp1,bce,msle
690,0.7666966696669667,0.013861154657758657,0.8,0.7461746174617462,0.9987951807228915,0.854198866563627,5.0,Medicago.arabica,0.5461746174617463,opth,1,False,mlp1,bce,msle
691,0.9964061096136567,0.5769230769230769,1.0,0.8499550763701708,1.0,0.9188926663428849,3.0,Melilotus.neapolitanus,0.8499550763701706,opth,1,False,mlp1,bce,msle
692,0.7976720109684099,0.11520379663387524,0.5454545454545454,0.8467220683287165,0.9839055793991416,0.9101736972704715,33.0,Ononis.cristata,0.3921766137832621,opth,1,False,mlp1,bce,msle
693,0.9205120420967416,0.13479737207413156,0.7777777777777778,0.8642987249544627,0.9958027282266527,0.9254022428083861,18.0,Oxytropis.lapponica,0.6420765027322406,opth,1,False,mlp1,bce,msle
694,0.8045004500450046,0.021042852404464896,0.4,0.8325832583258326,0.9967672413793104,0.9073075036782736,5.0,Trifolium.incarnatum,0.2325832583258327,opth,1,False,mlp1,bce,msle
695,0.8557168784029039,0.06493378487669431,0.8571428571428571,0.7740471869328494,0.9976608187134502,0.8717424629535002,14.0,Trifolium.pallescens,0.6311900440757063,opth,1,False,mlp1,bce,msle
696,0.8585058505850585,0.02332653639863807,0.6,0.8226822682268227,0.9978165938864629,0.9018253576714356,5.0,Vicia.pannonica,0.42268226822682253,opth,1,False,mlp1,bce,msle
697,0.8170391378332389,0.15118575239926013,0.9512195121951219,0.5562790697674419,0.9966666666666667,0.7140298507462687,41.0,Vicia.tenuifolia,0.5074985819625639,opth,1,False,mlp1,bce,msle
698,0.8025,0.0626823345221184,0.8125,0.759090909090909,0.9964200477326969,0.8617131062951496,16.0,Gentiana.angustifolia,0.571590909090909,opth,1,False,mlp1,bce,msle
699,0.8342559426896776,0.1075447599695338,0.7027027027027027,0.7822057460611678,0.9871345029239766,0.8728024819027922,37.0,Gentiana.brachyphylla,0.4849084487638704,opth,1,False,mlp1,bce,msle
700,0.7200642376794139,0.015735138590089445,0.2222222222222222,0.7831978319783198,0.9919908466819222,0.8753154972236245,9.0,Gentiana.orbicularis,0.005420054200542035,opth,1,False,mlp1,bce,msle
701,0.7893727436823104,0.020340071477244967,0.5,0.8303249097472925,0.9956709956709957,0.905511811023622,8.0,Gentiana.rostanii,0.33032490974729245,opth,1,False,mlp1,bce,msle
702,0.7390024381387145,0.14413097873953176,0.5540540540540541,0.7476007677543186,0.9593596059113301,0.8403451995685005,74.0,Gentianella.campestris,0.30165482180837255,opth,1,False,mlp1,bce,msle
703,0.6415094339622641,0.010441607543243506,0.3333333333333333,0.8580413297394429,0.9979101358411703,0.9227053140096618,3.0,Gentianella.ciliata,0.19137466307277617,opth,1,False,mlp1,bce,msle
704,0.6401440144014401,0.007203552437480341,0.0,0.8658865886588659,0.9948293691830403,0.9258902791145333,5.0,Gentianella.tenella,-0.13411341134113408,opth,1,False,mlp1,bce,msle
705,0.7598920863309353,0.012011638015614903,0.75,0.5323741007194245,0.9983136593591906,0.6944281524926686,4.0,Hypericum.tetrapterum,0.2823741007194245,opth,1,False,mlp1,bce,msle
706,0.6184486373165619,0.004829680468960493,0.3333333333333333,0.734052111410602,0.9975579975579976,0.8457556935817805,3.0,Herniaria.incana,0.06738544474393526,opth,1,False,mlp1,bce,msle
707,0.5139013452914798,0.001841620626151013,1.0,0.5121076233183857,1.0,0.6773428232502966,1.0,Calamintha.nepeta,0.5121076233183857,opth,1,False,mlp1,bce,msle
708,0.8975697569756976,0.05082402160838226,0.6,0.9477947794779478,0.9981042654028436,0.9722991689750693,5.0,Mentha.aquatica,0.5477947794779476,opth,1,False,mlp1,bce,msle
709,0.6731464737793852,0.013862833745028292,0.0,0.8670886075949367,0.9896800825593395,0.9243373493975904,10.0,Mentha.longifolia,-0.13291139240506333,opth,1,False,mlp1,bce,msle
710,0.4758909853249476,0.00329964905671932,0.0,0.7969451931716083,0.996629213483146,0.8856714927608587,3.0,Nepeta.nepetella,-0.20305480682839172,opth,1,False,mlp1,bce,msle
711,0.9236983842010772,0.017086571964620746,1.0,0.6472172351885098,1.0,0.7858310626702997,2.0,Prunella.hyssopifolia,0.6472172351885099,opth,1,False,mlp1,bce,msle
712,0.7592176258992805,0.012974951449148509,0.25,0.8920863309352518,0.9969849246231156,0.9416231608922638,4.0,Teucrium.polium,0.1420863309352518,opth,1,False,mlp1,bce,msle
713,0.8687951263537905,0.03192871347765172,1.0,0.6191335740072202,1.0,0.7647714604236343,8.0,Linum.bienne,0.6191335740072201,opth,1,False,mlp1,bce,msle
714,0.8428369795342272,0.09467897686458009,0.5384615384615384,0.8724770642201835,0.9875389408099688,0.9264490988796883,26.0,Linum.suffruticosum,0.4109386026817219,opth,1,False,mlp1,bce,msle
715,0.8510849909584087,0.167870119174676,0.5,0.9249547920433996,0.995136186770428,0.9587628865979382,10.0,Lythrum.salicaria,0.4249547920433996,opth,1,False,mlp1,bce,msle
716,0.6816143497757847,0.0028089887640449437,0.0,0.7022421524663677,0.9987244897959183,0.8246445497630331,1.0,Althaea.hirsuta,-0.2977578475336323,opth,1,False,mlp1,bce,msle
717,0.8087971274685818,0.008614369501466275,0.5,0.8285457809694794,0.9989177489177489,0.9057899901864573,2.0,Epilobium.parviflorum,0.3285457809694794,opth,1,False,mlp1,bce,msle
718,0.6536036036036036,0.011523213307045657,0.5,0.7117117117117117,0.9962168978562421,0.8302679978980557,6.0,Plantago.sempervirens,0.21171171171171155,opth,1,False,mlp1,bce,msle
719,0.8746756616502335,0.3011272394399492,0.7560975609756098,0.7882011605415861,0.9760479041916168,0.8721241305510968,82.0,Armeria.alpina,0.5442987215171957,opth,1,False,mlp1,bce,msle
720,0.8497934333550772,0.09444415880434989,0.6190476190476191,0.8529680365296803,0.9915074309978769,0.917034855179185,21.0,Polygala.calcarea,0.4720156555772994,opth,1,False,mlp1,bce,msle
721,0.6256414336290226,0.03300653162464124,0.5652173913043478,0.6239707227813358,0.9855491329479769,0.7641456582633053,23.0,Rumex.arifolius,0.1891881140856837,opth,1,False,mlp1,bce,msle
722,0.9577717879604671,0.05952380952380952,1.0,0.7349505840071878,1.0,0.8472294148109788,3.0,Rumex.conglomeratus,0.7349505840071879,opth,1,False,mlp1,bce,msle
723,0.6343115774907749,0.07481996547156032,0.5625,0.683579335793358,0.9814569536423841,0.8058727569331158,32.0,Rumex.nebroides,0.24607933579335795,opth,1,False,mlp1,bce,msle
724,0.6403240324032403,0.0433294861198733,0.4,0.9081908190819082,0.9970355731225297,0.9505416862929816,5.0,Rumex.pseudalpinus,0.30819081908190826,opth,1,False,mlp1,bce,msle
725,0.8562031097096879,0.13367589262852375,0.7647058823529411,0.8049907578558225,0.9908987485779295,0.8883222845486997,34.0,Androsace.adfinis,0.5696966402087638,opth,1,False,mlp1,bce,msle
726,0.8398042929292929,0.1698515332124191,0.8166666666666667,0.7206439393939394,0.9857512953367875,0.8326039387308534,60.0,Androsace.vitaliana,0.5373106060606061,opth,1,False,mlp1,bce,msle
727,0.5546570829589698,0.0039746828805539685,0.6666666666666666,0.5723270440251572,0.9984326018808778,0.7275842375785265,3.0,Primula.vulgaris,0.23899371069182385,opth,1,False,mlp1,bce,msle
728,0.9092542677448338,0.019161271353570694,1.0,0.6999101527403414,1.0,0.8234672304439746,3.0,Aconitum.anthora,0.6999101527403413,opth,1,False,mlp1,bce,msle
729,0.8848818195332244,0.16493306157540336,0.6129032258064516,0.8737327188940092,0.9875,0.9271393643031784,31.0,Anemone.baldensis,0.4866359447004607,opth,1,False,mlp1,bce,msle
730,0.8038131768953068,0.047615586212803034,0.75,0.7879061371841155,0.9977142857142857,0.8804841149773072,8.0,Anemone.narcissifolia,0.5379061371841156,opth,1,False,mlp1,bce,msle
731,0.968132854578097,0.5136986301369864,1.0,0.9353680430879713,1.0,0.9666048237476809,2.0,Caltha.palustris,0.9353680430879714,opth,1,False,mlp1,bce,msle
732,0.6396540902433921,0.02318491757943282,0.6923076923076923,0.6083408884859474,0.9940740740740741,0.7547806524184477,13.0,Ranunculus.aduncus,0.30064858079363965,opth,1,False,mlp1,bce,msle
733,0.8575634057971014,0.14109870260027155,0.8333333333333334,0.7246376811594203,0.9975062344139651,0.8394543546694648,12.0,Ranunculus.carinthiacus,0.5579710144927537,opth,1,False,mlp1,bce,msle
734,0.7546623179031186,0.2333997346278809,0.5229357798165137,0.7845084409136047,0.9382422802850356,0.8545159545700378,109.0,Ranunculus.sartorianus,0.30744422073011846,opth,1,False,mlp1,bce,msle
735,0.5508179827386319,0.008016979551493312,0.14285714285714285,0.8034265103697025,0.9933110367892977,0.8883349950149552,7.0,Reseda.phyteuma,-0.05371634677315473,opth,1,False,mlp1,bce,msle
736,0.8520871143375681,0.06653095365084644,0.42857142857142855,0.9029038112522686,0.9920239282153539,0.9453681710213777,14.0,Alchemilla.fissa,0.3314752398236971,opth,1,False,mlp1,bce,msle
737,0.8567810790033012,0.269263744870873,0.6984126984126984,0.8414055080721747,0.9790055248618784,0.9050051072522982,63.0,Alchemilla.flabellata,0.5398182064848731,opth,1,False,mlp1,bce,msle
738,0.6884539072039072,0.0771748752943092,0.5833333333333334,0.652014652014652,0.9861495844875346,0.7850055126791621,24.0,Alchemilla.glabra,0.2353479853479854,opth,1,False,mlp1,bce,msle
739,0.8201312576312576,0.0649870665461142,0.75,0.7573260073260073,0.992797118847539,0.8592207792207792,24.0,Alchemilla.glaucescens,0.5073260073260073,opth,1,False,mlp1,bce,msle
740,0.6761982440147771,0.03256311751058782,0.7368421052631579,0.5670009115770283,0.9920255183413078,0.7215777262180975,19.0,Alchemilla.monticola,0.3038430168401862,opth,1,False,mlp1,bce,msle
741,0.9437966417910448,0.3461980320045925,0.8636363636363636,0.8899253731343284,0.99375,0.9389763779527559,44.0,Alchemilla.pentaphyllea,0.7535617367706919,opth,1,False,mlp1,bce,msle
742,0.9275402747750889,0.1034103341912642,0.6923076923076923,0.9020852221214869,0.995995995995996,0.9467174119885823,13.0,Filipendula.ulmaria,0.5943929144291791,opth,1,False,mlp1,bce,msle
743,0.6551258992805756,0.00616448198301983,0.75,0.6142086330935251,0.9985380116959064,0.7605790645879733,4.0,Potentilla.brauneana,0.36420863309352525,opth,1,False,mlp1,bce,msle
744,0.841255605381166,0.0056179775280898875,1.0,0.6233183856502242,1.0,0.7679558011049724,1.0,Potentilla.neglecta,0.6233183856502242,opth,1,False,mlp1,bce,msle
745,0.9165605011886155,0.3952581880242168,0.8356164383561644,0.8571428571428571,0.9867549668874173,0.9173935351462288,73.0,Sibbaldia.procumbens,0.6927592954990214,opth,1,False,mlp1,bce,msle
746,0.7436936936936938,0.013370065583633305,0.6666666666666666,0.7675675675675676,0.9976580796252927,0.8676171079429735,6.0,Galium.megalospermum,0.43423423423423424,opth,1,False,mlp1,bce,msle
747,0.8141172506738544,0.28539123861266597,0.625,0.809433962264151,0.9761092150170648,0.8849922640536358,56.0,Galium.obliquum,0.4344339622641509,opth,1,False,mlp1,bce,msle
748,0.8410441044104411,0.14865156395026183,0.6,0.9090909090909091,0.9980237154150198,0.9514837494112105,5.0,Galium.palustre,0.509090909090909,opth,1,False,mlp1,bce,msle
749,0.8048285198555957,0.021179788770702805,0.5,0.7924187725631769,0.9954648526077098,0.8824120603015075,8.0,Galium.pseudohelveticum,0.29241877256317705,opth,1,False,mlp1,bce,msle
750,0.8065529622980252,0.007914008977084809,0.0,0.9946140035906643,0.9981981981981982,0.9964028776978417,2.0,Galium.uliginosum,-0.0053859964093356805,opth,1,False,mlp1,bce,msle
751,,-0.0,0.0,0.6299283154121864,1.0,0.7729521715228147,0.0,Salix.foetida,-0.3700716845878136,opth,1,False,mlp1,bce,msle
752,0.6032319582455083,0.013334378667075479,0.1111111111111111,0.8925022583559169,0.9919678714859438,0.9396100808368997,9.0,Thesium.divaricatum,0.0036133694670279493,opth,1,False,mlp1,bce,msle
753,0.7826401446654612,0.02337843787437779,0.8,0.6844484629294756,0.997364953886693,0.8117962466487936,10.0,Saxifraga.bryoides,0.48444846292947563,opth,1,False,mlp1,bce,msle
754,0.8628485130111524,0.14089578160906463,0.75,0.7983271375464684,0.9884925201380897,0.8832904884318766,40.0,Saxifraga.exarata,0.5483271375464684,opth,1,False,mlp1,bce,msle
755,0.8554455445544554,0.06841530834186894,0.6,0.8514851485148515,0.9978902953586498,0.9188926663428849,5.0,Digitalis.grandiflora,0.45148514851485144,opth,1,False,mlp1,bce,msle
756,0.6805807622504538,0.025110086373793684,0.5,0.6442831215970962,0.9902370990237099,0.7806487080813634,14.0,Euphrasia.officinalis,0.1442831215970961,opth,1,False,mlp1,bce,msle
757,0.5892535971223021,0.0060121505110828435,0.5,0.6285971223021583,0.9971469329529244,0.7710976282404853,4.0,Linaria.simplex,0.12859712230215825,opth,1,False,mlp1,bce,msle
758,0.7612410071942446,0.00941464065888029,1.0,0.6942446043165468,1.0,0.8195329087048833,4.0,Pedicularis.cenisia,0.6942446043165469,opth,1,False,mlp1,bce,msle
759,0.8559330680542802,0.13560087563570286,0.7037037037037037,0.8705234159779615,0.9916317991631799,0.9271393643031784,27.0,Pedicularis.comosa,0.5742271196816651,opth,1,False,mlp1,bce,msle
760,0.8457802064359441,0.07688959174590929,0.7222222222222222,0.7723132969034608,0.9941383352872216,0.8692977960020503,18.0,Pedicularis.kerneri,0.49453551912568305,opth,1,False,mlp1,bce,msle
761,0.6593093093093093,0.011285058861418501,0.16666666666666666,0.9045045045045045,0.9950445986124876,0.9476168003775366,6.0,Pedicularis.rosea,0.07117117117117111,opth,1,False,mlp1,bce,msle
762,0.7924726277372263,0.090776444749401,0.7,0.7317518248175182,0.9925742574257426,0.842436974789916,20.0,Pedicularis.rostratospicata,0.43175182481751806,opth,1,False,mlp1,bce,msle
763,0.731149012567325,0.004918111927779186,0.5,0.729802513464991,0.9987714987714987,0.8433609958506224,2.0,Verbascum.chaixii,0.22980251346499103,opth,1,False,mlp1,bce,msle
764,0.8420485175202157,0.1672888342492374,0.6785714285714286,0.8018867924528302,0.9792626728110599,0.8817427385892116,56.0,Veronica.allionii,0.48045822102425895,opth,1,False,mlp1,bce,msle
765,0.8607566970450152,0.23537968811504018,0.45098039215686275,0.8807511737089202,0.9710144927536232,0.9236829148202855,51.0,Veronica.alpina,0.3317315658657829,opth,1,False,mlp1,bce,msle
766,0.774648563066737,0.05600265804141906,0.47368421052631576,0.8596171376481313,0.9895068205666316,0.92,19.0,Veronica.austriaca,0.3333013481744471,opth,1,False,mlp1,bce,msle
767,0.781081081081081,0.014264745271127623,0.8333333333333334,0.7279279279279279,0.9987639060568603,0.8421052631578947,6.0,Veronica.verna,0.5612612612612613,opth,1,False,mlp1,bce,msle
768,0.8173357664233577,0.06887181159808677,0.85,0.7509124087591241,0.9963680387409201,0.8563995837669095,20.0,Valeriana.tuberosa,0.600912408759124,opth,1,False,mlp1,bce,msle
769,0.8520119952576888,0.05166040545347166,1.0,0.5584768812330009,1.0,0.716695753344968,13.0,Viola.saxatilis,0.558476881233001,opth,1,False,mlp1,bce,msle
770,0.848294434470377,0.07442258340461932,0.5,0.7872531418312387,0.9988610478359908,0.8805220883534136,2.0,Carex.acutiformis,0.28725314183123873,opth,1,False,mlp1,bce,msle
771,0.8629395852119026,0.041164042037131865,0.8571428571428571,0.757439134355275,0.9988109393579072,0.8615384615384616,7.0,Carex.bicolor,0.6145819914981321,opth,1,False,mlp1,bce,msle
772,0.48874887488748875,0.005084607248803291,0.2,0.7695769576957696,0.9953434225844005,0.868020304568528,5.0,Carex.cuprina,-0.03042304230423043,opth,1,False,mlp1,bce,msle
773,0.9802158273381295,0.12484230087288598,1.0,0.914568345323741,1.0,0.9553781117895725,4.0,Carex.disticha,0.914568345323741,opth,1,False,mlp1,bce,msle
774,0.9086244911804613,0.2499631572525966,0.9318181818181818,0.7658582089552238,0.9963592233009708,0.8660337552742616,44.0,Carex.foetida,0.6976763907734056,opth,1,False,mlp1,bce,msle
775,0.7495813474172355,0.017489373388879563,0.5714285714285714,0.7835888187556357,0.9965596330275229,0.8773346794548208,7.0,Carex.frigida,0.3550173901842071,opth,1,False,mlp1,bce,msle
776,0.9666064981949458,0.10694117807219149,1.0,0.9115523465703971,1.0,0.9537299338999056,8.0,Carex.melanostachya,0.9115523465703972,opth,1,False,mlp1,bce,msle
777,0.794959495949595,0.028235061625246614,0.4,0.8991899189918992,0.9970059880239521,0.9455750118315192,5.0,Carex.ovalis,0.2991899189918992,opth,1,False,mlp1,bce,msle
778,0.7451332734351603,0.059461460266949526,0.3333333333333333,0.8418688230008985,0.9978700745473909,0.9132553606237817,3.0,Carex.paniculata,0.17520215633423186,opth,1,False,mlp1,bce,msle
779,0.8738837103187536,0.21491592421234074,0.8103448275862069,0.7911153119092628,0.9870283018867925,0.8782791185729276,58.0,Carex.parviflora,0.6014601394954697,opth,1,False,mlp1,bce,msle
780,0.5431143114311432,0.0067395111744512955,0.2,0.9072907290729073,0.9960474308300395,0.9495996231747527,5.0,Carex.viridula,0.10729072907290726,opth,1,False,mlp1,bce,msle
781,0.7513464991023339,0.005233908865304398,0.0,0.8052064631956912,0.9977753058954394,0.8912071535022354,2.0,Eleocharis.quinqueflora,-0.19479353680430878,opth,1,False,mlp1,bce,msle
782,0.9955156950672646,0.16666666666666666,1.0,0.9820627802690582,1.0,0.9909502262443439,1.0,Eriophorum.polystachion,0.9820627802690582,opth,1,False,mlp1,bce,msle
783,0.8947186403833802,0.32541146335428073,0.8589743589743589,0.7678227360308285,0.9863861386138614,0.8634886240520043,78.0,Kobresia.myosuroides,0.6267970950051875,opth,1,False,mlp1,bce,msle
784,0.8571428571428571,0.012295521653949438,1.0,0.559748427672956,1.0,0.717741935483871,3.0,Schoenus.nigricans,0.5597484276729561,opth,1,False,mlp1,bce,msle
785,0.8666965888689407,0.012380821729885451,0.5,0.8788150807899462,0.9989795918367347,0.9350525310410697,2.0,Scirpoides.holoschoenus,0.3788150807899462,opth,1,False,mlp1,bce,msle
786,0.7706913744390893,0.059015475511203286,0.8636363636363636,0.5594149908592322,0.9951219512195122,0.7162083089526039,22.0,Muscari.neglectum,0.42305135449559583,opth,1,False,mlp1,bce,msle
787,0.8318946656589363,0.10006853670128213,0.6086956521739131,0.8664226898444648,0.9905857740585774,0.9243533430941923,23.0,Crocus.vernus,0.47511834201837777,opth,1,False,mlp1,bce,msle
788,0.8819569120287253,0.02585435677223117,0.5,0.9245960502692998,0.9990300678952473,0.9603729603729604,2.0,Juncus.conglomeratus,0.4245960502692998,opth,1,False,mlp1,bce,msle
789,0.6455676988463874,0.021753858950157426,0.0,0.9116575591985429,0.9823356231599607,0.9456778460085026,18.0,Luzula.alpinopilosa,-0.08834244080145714,opth,1,False,mlp1,bce,msle
790,0.8148864333947207,0.10757634185973904,0.6333333333333333,0.8112338858195212,0.9876681614349776,0.890798786653185,30.0,Luzula.nutans,0.44456721915285446,opth,1,False,mlp1,bce,msle
791,0.9036903690369037,0.04821236590608999,0.8,0.8226822682268227,0.9989071038251366,0.9022704837117473,5.0,Gagea.fragifera,0.6226822682268227,opth,1,False,mlp1,bce,msle
792,0.8124624624624625,0.027322773584518092,0.16666666666666666,0.8738738738738738,0.9948717948717949,0.9304556354916067,6.0,Tulipa.australis,0.04054054054054057,opth,1,False,mlp1,bce,msle
793,0.8147644927536232,0.056898840036457975,0.5833333333333334,0.7871376811594203,0.994279176201373,0.8786653185035389,12.0,Dactylorhiza.latifolia,0.37047101449275366,opth,1,False,mlp1,bce,msle
794,0.8462310549031415,0.14191601205413462,0.7777777777777778,0.6711833785004516,0.9973154362416108,0.8023758099352052,9.0,Ophrys.fuciflora,0.4489611562782294,opth,1,False,mlp1,bce,msle
795,0.7723375451263538,0.07921485173658563,0.625,0.7608303249097473,0.9964539007092199,0.8628454452405322,8.0,Orchis.purpurea,0.38583032490974745,opth,1,False,mlp1,bce,msle
796,0.7828209764918626,0.03896665596249536,0.6,0.7567811934900542,0.995243757431629,0.8597842835130971,10.0,Orchis.simia,0.3567811934900542,opth,1,False,mlp1,bce,msle
797,0.9096374777956464,0.4455054955903978,0.8494623655913979,0.8250244379276638,0.9836829836829837,0.8973950026581605,93.0,Alopecurus.alpinus,0.6744868035190617,opth,1,False,mlp1,bce,msle
798,0.988020365378856,0.23412698412698413,1.0,0.862533692722372,1.0,0.9261939218523878,3.0,Alopecurus.rendlei,0.8625336927223719,opth,1,False,mlp1,bce,msle
799,0.8075480277367284,0.4108726227407826,0.6578947368421053,0.7483801295896328,0.9142480211081794,0.8230403800475059,190.0,Avenula.pubescens,0.40627486643173816,opth,1,False,mlp1,bce,msle
800,0.7781435369271885,0.19403510201490876,0.46551724137931033,0.8431001890359168,0.9664138678223185,0.900555275113579,58.0,Avenula.versicolor,0.30861743041522716,opth,1,False,mlp1,bce,msle
801,0.7415848646445433,0.2269106928420745,0.8220338983050848,0.5220440881763527,0.9612546125461254,0.6766233766233766,118.0,Brachypodium.rupestre,0.3440779864814374,opth,1,False,mlp1,bce,msle
802,0.7355113636363635,0.030811459190965673,0.6875,0.6954545454545454,0.9935064935064936,0.8181818181818182,16.0,Bromus.commutatus,0.3829545454545453,opth,1,False,mlp1,bce,msle
803,0.9290548583477877,0.360055433797511,0.8518518518518519,0.790633608815427,0.9953757225433526,0.8812691914022518,27.0,Bromus.racemosus,0.6424854606672787,opth,1,False,mlp1,bce,msle
804,0.75197328476017,0.044174950937101366,0.7222222222222222,0.5846994535519126,0.9922720247295209,0.7358166189111748,18.0,Elytrigia.repens,0.30692167577413487,opth,1,False,mlp1,bce,msle
805,0.8037623322653301,0.09612427542392933,0.7241379310344828,0.6743330266789328,0.9892037786774629,0.8019693654266958,29.0,Festuca.cinerea,0.39847095771341556,opth,1,False,mlp1,bce,msle
806,0.7378185724050386,0.10436216348101879,0.5526315789473685,0.8051948051948052,0.9807909604519774,0.8843606724401426,38.0,Festuca.marginata,0.3578263841421738,opth,1,False,mlp1,bce,msle
807,0.832864968696642,0.27723217320168253,0.8660714285714286,0.6992031872509961,0.9790794979079498,0.8158047646717025,112.0,Festuca.pratensis,0.5652746158224247,opth,1,False,mlp1,bce,msle
808,0.758235559566787,0.02456362807058029,1.0,0.49097472924187724,1.0,0.6585956416464891,8.0,Festuca.trichophylla,0.49097472924187713,opth,1,False,mlp1,bce,msle
809,0.8144625603864735,0.03414582479423192,0.8333333333333334,0.7273550724637681,0.9975155279503105,0.8412781561026715,12.0,Gaudinia.fragilis,0.5606884057971016,opth,1,False,mlp1,bce,msle
810,0.7991772932949404,0.0536568383043078,0.7272727272727273,0.7683257918552037,0.9964788732394366,0.8676545733265202,11.0,Helictotrichon.parlatorei,0.49559851912793107,opth,1,False,mlp1,bce,msle
811,0.841087357396836,0.32568412735606883,0.8230088495575221,0.7148554336989033,0.9728629579375848,0.8241379310344827,113.0,Helictotrichon.sedenense,0.5378642832564253,opth,1,False,mlp1,bce,msle
812,0.8621062106210622,0.03268083297504677,0.8,0.7011701170117012,0.9987179487179487,0.8239026969857218,5.0,Helictotrichon.sempervirens,0.5011701170117013,opth,1,False,mlp1,bce,msle
813,0.6124588200059898,0.006105832805502772,0.3333333333333333,0.559748427672956,0.9968,0.716915995397008,3.0,Hordeum.murinum,-0.10691823899371067,opth,1,False,mlp1,bce,msle
814,0.8983812949640289,0.029281096496569643,0.75,0.7787769784172662,0.9988465974625144,0.875189489641233,4.0,Hordeum.secalinum,0.5287769784172662,opth,1,False,mlp1,bce,msle
815,0.7810251798561151,0.013060928600682996,0.5,0.7886690647482014,0.9977246871444824,0.8809643395278755,4.0,Koeleria.cenisia,0.28866906474820153,opth,1,False,mlp1,bce,msle
816,0.7952143719806763,0.038617193922279344,0.25,0.8478260869565217,0.9904761904761905,0.9136163982430454,12.0,Molinia.caerulea,0.09782608695652173,opth,1,False,mlp1,bce,msle
817,0.6948511136411013,0.08682063484542396,0.8305084745762712,0.4900662251655629,0.9810606060606061,0.6536277602523659,59.0,Phleum.pratense,0.32057469974183417,opth,1,False,mlp1,bce,msle
818,0.8507729499921269,0.3152790716624034,0.8411214953271028,0.709613478691774,0.9768076398362893,0.8220436280137773,107.0,Poa.trivialis,0.5507349740188769,opth,1,False,mlp1,bce,msle
819,0.7687930518119198,0.00951727554090015,0.6666666666666666,0.6226415094339622,0.9985590778097982,0.7670171555063642,3.0,Vulpia.bromoides,0.28930817610062887,opth,1,False,mlp1,bce,msle
820,0.6292715827338129,0.00583148140325295,0.25,0.7823741007194245,0.9965635738831615,0.8765743073047859,4.0,Vulpia.ciliata,0.03237410071942448,opth,1,False,mlp1,bce,msle
821,0.7484205776173285,0.1756519059229505,0.5,0.7689530685920578,0.9953271028037384,0.8676171079429735,8.0,Equisetum.variegatum,0.2689530685920578,opth,1,False,mlp1,bce,msle
822,0.8738564092099446,0.12074545695352118,0.5185185185185185,0.8824609733700642,0.9866529774127311,0.9316529326223946,27.0,Pachypleurum.mutellinoides,0.40097949188858273,opth,1,False,mlp1,bce,msle
823,0.6596096096096096,0.009571058911312836,0.6666666666666666,0.6324324324324324,0.9971590909090909,0.7739801543550165,6.0,Libanotis.pyrenaica,0.29909909909909915,opth,1,False,mlp1,bce,msle
824,0.8141803743618832,0.1454333263341984,0.6341463414634146,0.8083720930232559,0.9830316742081447,0.8871873404798366,41.0,Alchemilla.alpigena,0.4425184344866704,opth,1,False,mlp1,bce,msle
825,0.7400381411221519,0.017756657013612676,0.4444444444444444,0.7579042457091237,0.9940758293838863,0.8600717580727832,9.0,Anacamptis.morio,0.20234869015356827,opth,1,False,mlp1,bce,msle
826,0.5803303303303303,0.009875540817123449,0.16666666666666666,0.7567567567567568,0.9940828402366864,0.8593350383631714,6.0,Mutellina.adonidifolia,-0.07657657657657657,opth,1,False,mlp1,bce,msle
827,0.8253758634701341,0.22810655135009103,0.6739130434782609,0.8401869158878504,0.9835886214442013,0.90625,46.0,Avenula.pratensis,0.5140999593661113,opth,1,False,mlp1,bce,msle
828,0.8231035442937268,0.077147835823408,0.6086956521739131,0.8234217749313815,0.9900990099009901,0.8991008991008991,23.0,Gymnadenia.nigra,0.43211742710529455,opth,1,False,mlp1,bce,msle
829,0.21006006006006006,0.003715059376094031,0.0,0.5468468468468468,0.9902120717781403,0.7045850261172374,6.0,Murbeckiella.pinnatifida,-0.4531531531531532,opth,1,False,mlp1,bce,msle
830,0.5813848920863309,0.0051945307935448055,0.5,0.4892086330935252,0.9963369963369964,0.6562123039806996,4.0,Silene.conica,-0.010791366906474753,opth,1,False,mlp1,bce,msle
