,auc,prauc,sensitivity,specificity,precision,f1,support,species,tss,postprocess,fold,prr,archi,species_loss,func_loss
0,0.8776869512564336,0.16395911265966448,0.6,0.935513169845595,0.9942084942084942,0.9639681796911558,15.0,Aceras.anthropophorum,0.5355131698455948,opth,2,False,mlp1,bce,msle
1,0.8561507936507937,0.1680857247822051,0.7083333333333334,0.8525641025641025,0.9925373134328358,0.9172413793103448,24.0,Achillea.collina,0.5608974358974359,opth,2,False,mlp1,bce,msle
2,0.7341188524590163,0.43286591606868563,0.7540983606557377,0.5802752293577982,0.8939929328621908,0.7037552155771906,244.0,Achillea.millefolium,0.33437359001353584,opth,2,False,mlp1,bce,msle
3,0.9420461677941279,0.26331076703097434,0.9230769230769231,0.7960108794197642,0.9988623435722411,0.8859737638748738,13.0,Achillea.nana,0.7190878024966874,opth,2,False,mlp1,bce,msle
4,0.9326380855986119,0.5532081091404779,0.8846153846153846,0.8928571428571429,0.9937238493723849,0.9405940594059405,52.0,Achillea.roseo.alba,0.7774725274725274,opth,2,False,mlp1,bce,msle
5,0.9941651705565531,0.18253968253968253,1.0,0.9452423698384201,1.0,0.9718504845408399,2.0,Achnatherum.calamagrostis,0.9452423698384202,opth,2,False,mlp1,bce,msle
6,0.8510038459031354,0.23009250532715264,0.6896551724137931,0.777882797731569,0.9785969084423306,0.8667719852553976,58.0,Acinos.alpinus,0.46753797014536214,opth,2,False,mlp1,bce,msle
7,0.8431818181818183,0.17459140119339706,0.75,0.7090909090909091,0.9948979591836735,0.8280254777070064,16.0,Acinos.arvensis,0.459090909090909,opth,2,False,mlp1,bce,msle
8,0.820818345323741,0.012916575520634615,0.5,0.8309352517985612,0.9978401727861771,0.9067713444553483,4.0,Aconitum.lycoctonum,0.3309352517985613,opth,2,False,mlp1,bce,msle
9,0.8237623762376237,0.019125680407849472,0.0,0.9783978397839784,0.9954212454212454,0.9868361325465275,5.0,Cacalia.leucophylla,-0.02160216021602157,opth,2,False,mlp1,bce,msle
10,0.7871956717763751,0.03070503646274505,0.42857142857142855,0.9359783588818755,0.9961612284069098,0.9651324965132496,7.0,Aegopodium.podagraria,0.36454978745330413,opth,2,False,mlp1,bce,msle
11,0.8849477996564027,0.2136397681359081,0.8285714285714286,0.7909343200740055,0.9930313588850174,0.8805355303810505,35.0,Agrimonia.eupatoria,0.6195057486454343,opth,2,False,mlp1,bce,msle
12,0.8783137691714507,0.25158628539509864,0.7454545454545455,0.824693685202639,0.984251968503937,0.8974358974358975,55.0,Agrostis.alpina,0.5701482306571846,opth,2,False,mlp1,bce,msle
13,0.8335139174294789,0.3774935651477002,0.8113207547169812,0.7099009900990099,0.9728629579375848,0.8208357183743561,106.0,Agrostis.capillaris,0.521221744815991,opth,2,False,mlp1,bce,msle
14,0.8945909186022181,0.2964117911101485,0.6481481481481481,0.8785310734463276,0.9800420168067226,0.9265143992055611,54.0,Agrostis.rupestris,0.5266792215944758,opth,2,False,mlp1,bce,msle
15,0.8191645163539996,0.07738414311275355,0.7692307692307693,0.7896645512239348,0.9965675057208238,0.8811330298431967,13.0,Agrostis.agrostiflora,0.558895320454704,opth,2,False,mlp1,bce,msle
16,0.829536834348382,0.26586636501853067,0.6744186046511628,0.8229263746505125,0.9843924191750278,0.8964467005076142,43.0,Agrostis.stolonifera,0.4973449793016753,opth,2,False,mlp1,bce,msle
17,0.8843965259059599,0.18098724973116903,0.3333333333333333,0.954177897574124,0.9981203007518797,0.975654570509876,3.0,Ajuga.chamaepitys,0.2875112309074572,opth,2,False,mlp1,bce,msle
18,0.8801529686284677,0.09011704378846944,1.0,0.6578947368421053,1.0,0.7936507936507936,14.0,Ajuga.genevensis,0.6578947368421053,opth,2,False,mlp1,bce,msle
19,0.8736313280948087,0.043087696658439804,0.5714285714285714,0.8476104598737602,0.9968186638388123,0.9161793372319688,7.0,Ajuga.pyramidalis,0.41903903130233155,opth,2,False,mlp1,bce,msle
20,0.8542815963421301,0.2189491827960804,0.7192982456140351,0.773371104815864,0.9808383233532935,0.8648363252375924,57.0,Ajuga.reptans,0.4926693504298991,opth,2,False,mlp1,bce,msle
21,0.9054941682013504,0.37027037671651225,0.7333333333333333,0.8406998158379374,0.991313789359392,0.9098156452416543,30.0,Alchemilla.alpina,0.5740331491712707,opth,2,False,mlp1,bce,msle
22,0.8435238902287987,0.2230315750535642,0.7241379310344828,0.7892249527410208,0.981198589894242,0.8748035620743845,58.0,Alchemilla.xanthochlora,0.5133628837755035,opth,2,False,mlp1,bce,msle
23,0.8758258258258258,0.09356258161062057,0.8333333333333334,0.9063063063063063,0.9990069513406157,0.9504015115729806,6.0,Allium.lusitanicum,0.7396396396396396,opth,2,False,mlp1,bce,msle
24,0.8397493961352658,0.04399727362726924,0.9166666666666666,0.6902173913043478,0.9986893840104849,0.8162828066416711,12.0,Allium.oleraceum,0.6068840579710144,opth,2,False,mlp1,bce,msle
25,0.8296699969724494,0.2763838609466976,0.8,0.8328792007266121,0.9967391304347826,0.9074715487382484,15.0,Allium.schoenoprasum,0.6328792007266122,opth,2,False,mlp1,bce,msle
26,0.9887387387387387,0.2941017316017316,1.0,0.9657657657657658,1.0,0.9825847846012832,6.0,Allium.scorodoprasum,0.9657657657657657,opth,2,False,mlp1,bce,msle
27,0.8767451902317325,0.23303168787260997,0.5263157894736842,0.9115770282588879,0.9910802775024777,0.949667616334283,19.0,Allium.sphaerocephalon,0.43789281773257205,opth,2,False,mlp1,bce,msle
28,0.8084503413628752,0.02668051146461973,0.8571428571428571,0.5852119026149685,0.9984615384615385,0.7379192723138147,7.0,Allium.vineale,0.44235475975782546,opth,2,False,mlp1,bce,msle
29,0.9649186256781194,0.4571254816296203,0.9,0.9312839059674503,0.9990300678952473,0.9639681796911558,10.0,Alopecurus.pratensis,0.8312839059674504,opth,2,False,mlp1,bce,msle
30,0.8950795302512263,0.3060852261656887,0.6774193548387096,0.8516129032258064,0.9892933618843683,0.9153046062407132,31.0,Alyssum.alyssoides,0.5290322580645159,opth,2,False,mlp1,bce,msle
31,0.8663924310983135,0.19792888638240572,0.5454545454545454,0.8561085972850678,0.9947423764458465,0.9202334630350194,11.0,Anacamptis.pyramidalis,0.40156314273961335,opth,2,False,mlp1,bce,msle
32,0.8988256549232159,0.07804944183082752,0.6666666666666666,0.9033423667570009,0.9970089730807578,0.9478672985781991,9.0,Androsace.obtusifolia,0.5700090334236676,opth,2,False,mlp1,bce,msle
33,0.9766187050359711,0.2855723370429253,1.0,0.8516187050359713,1.0,0.9198640116561437,4.0,Angelica.sylvestris,0.8516187050359711,opth,2,False,mlp1,bce,msle
34,0.897064010789501,0.24773950220200625,0.8,0.834733893557423,0.9900332225913622,0.9057750759878419,45.0,Antennaria.carpatica,0.6347338935574229,opth,2,False,mlp1,bce,msle
35,0.8574408447949937,0.1829140013093646,0.7586206896551724,0.7977315689981096,0.9836829836829837,0.8810020876826722,58.0,Antennaria.dioica,0.5563522586532819,opth,2,False,mlp1,bce,msle
36,0.9554856115107914,0.46348797250859103,0.75,0.9892086330935251,0.9990917347865577,0.9941256213285133,4.0,Anthemis.arvensis,0.7392086330935252,opth,2,False,mlp1,bce,msle
37,0.8811900440757066,0.12434825019788777,0.7857142857142857,0.7822141560798548,0.9965317919075144,0.8764616166751398,14.0,Anthericum.liliago,0.5679284417941406,opth,2,False,mlp1,bce,msle
38,0.6900198128401107,0.45308035014579234,0.6504559270516718,0.5921219822109276,0.802065404475043,0.6812865497076024,329.0,Anthoxanthum.odoratum,0.24257790926259926,opth,2,False,mlp1,bce,msle
39,0.9108775137111518,0.1937792958888073,0.8181818181818182,0.8190127970749543,0.9955555555555555,0.8986960882647944,22.0,Anthriscus.sylvestris,0.6371946152567727,opth,2,False,mlp1,bce,msle
40,0.7626235692352601,0.42935226637858703,0.6010362694300518,0.7703141928494042,0.9022842639593909,0.831092928112215,193.0,Anthyllis.vulneraria,0.3713504622794561,opth,2,False,mlp1,bce,msle
41,0.9708258527827648,0.07250470809792843,0.5,0.9488330341113106,0.999054820415879,0.9732965009208103,2.0,Aphanes.arvensis,0.4488330341113107,opth,2,False,mlp1,bce,msle
42,0.8821942446043166,0.026537755277509376,0.5,0.8642086330935251,0.9979231568016614,0.9262650602409639,4.0,Aquilegia.vulgaris,0.36420863309352525,opth,2,False,mlp1,bce,msle
43,0.7388888888888889,0.05775156511375108,0.5,0.8396396396396396,0.9967914438502674,0.9114914425427872,6.0,Arabidopsis.thaliana,0.3396396396396395,opth,2,False,mlp1,bce,msle
44,0.8467612024957458,0.17877804274553258,0.7560975609756098,0.8176744186046512,0.9887514060742407,0.895112016293279,41.0,Arabis.ciliata,0.5737719795802609,opth,2,False,mlp1,bce,msle
45,0.801361579275905,0.16326115361172036,0.7916666666666666,0.7228464419475655,0.9872122762148338,0.8345945945945946,48.0,Arabis.hirsuta,0.5145131086142323,opth,2,False,mlp1,bce,msle
46,0.8516633858267717,0.39140184578792203,0.6,0.8582677165354331,0.956140350877193,0.9045643153526971,100.0,Arenaria.serpyllifolia,0.45826771653543297,opth,2,False,mlp1,bce,msle
47,0.9638039568345323,0.05820234575912707,0.5,0.9676258992805755,0.9981447124304267,0.982648401826484,4.0,Armeria.arenaria,0.4676258992805755,opth,2,False,mlp1,bce,msle
48,0.8283522727272727,0.06232585482584707,0.75,0.7954545454545454,0.9954493742889647,0.8842849924204144,16.0,Arnica.montana,0.5454545454545454,opth,2,False,mlp1,bce,msle
49,0.8702473380656611,0.5583496755891988,0.8775510204081632,0.7282608695652174,0.9654178674351584,0.8302354399008675,196.0,Arrhenatherum.elatius,0.6058118899733806,opth,2,False,mlp1,bce,msle
50,0.9300809352517986,0.15840034302065018,0.75,0.9676258992805755,0.9990714948932219,0.983097304705345,4.0,Artemisia.absinthium,0.7176258992805755,opth,2,False,mlp1,bce,msle
51,0.8859540952305184,0.31848173282288506,0.6086956521739131,0.9194876486733761,0.9911242603550295,0.9539629805410537,23.0,Artemisia.campestris,0.5281833008472891,opth,2,False,mlp1,bce,msle
52,0.7741741741741741,0.017072129446050903,0.16666666666666666,0.9144144144144144,0.9950980392156863,0.9530516431924883,6.0,Artemisia.vulgaris,0.08108108108108114,opth,2,False,mlp1,bce,msle
53,0.846897418669672,0.19608107129937175,0.6744186046511628,0.8126747437092264,0.9841986455981941,0.8902501276161306,43.0,Asperula.cynanchica,0.4870933483603892,opth,2,False,mlp1,bce,msle
54,0.9115732368896926,0.2279906555149273,0.9,0.8544303797468354,0.9989429175475687,0.9210526315789473,10.0,Asphodelus.albus,0.7544303797468355,opth,2,False,mlp1,bce,msle
55,0.9058692485648188,0.29197339507609243,0.8,0.825636192271442,0.9875986471251409,0.8993839835728953,55.0,Aster.alpinus,0.625636192271442,opth,2,False,mlp1,bce,msle
56,0.843961500527157,0.133206826953428,0.6296296296296297,0.8549127640036731,0.9893730074388948,0.9172413793103448,27.0,Aster.bellidiastrum,0.48454239363330265,opth,2,False,mlp1,bce,msle
57,0.9887791741472173,0.10427807486631016,1.0,0.9829443447037702,1.0,0.9913988229968311,2.0,Aster.linosyris,0.9829443447037702,opth,2,False,mlp1,bce,msle
58,0.8989071038251366,0.2247535753991955,0.6666666666666666,0.8861566484517304,0.9938712972420838,0.9369282619162254,18.0,Astragalus.alpinus,0.552823315118397,opth,2,False,mlp1,bce,msle
59,0.5130278526504941,0.0056196417464087,0.0,0.9137466307277629,0.9970588235294118,0.9535864978902954,3.0,Astragalus.depressus,-0.08625336927223715,opth,2,False,mlp1,bce,msle
60,0.7612804240184113,0.05980594932757888,0.38461538461538464,0.9120580235720761,0.9921104536489151,0.9504015115729806,13.0,Astragalus.monspessulanus,0.2966734081874607,opth,2,False,mlp1,bce,msle
61,0.932349693867309,0.1524886373808615,0.6666666666666666,0.957542908762421,0.9971777986829727,0.9769585253456221,9.0,Astragalus.onobrychis,0.6242095754290875,opth,2,False,mlp1,bce,msle
62,0.7093075539568345,0.016865210689477717,0.5,0.7940647482014388,0.9977401129943503,0.8843264897346019,4.0,Astragalus.penduliflorus,0.2940647482014387,opth,2,False,mlp1,bce,msle
63,0.910573232243124,0.23792493615888774,0.8620689655172413,0.797608095676173,0.9954075774971297,0.8855975485188968,29.0,Astrantia.major,0.6596770611934142,opth,2,False,mlp1,bce,msle
64,0.8273627362736274,0.08288262445560104,0.6,0.8928892889288929,0.9979879275653923,0.9425178147268408,5.0,Astrantia.minor,0.4928892889288927,opth,2,False,mlp1,bce,msle
65,0.8747136118598383,0.20574420402518223,0.9285714285714286,0.7603773584905661,0.9950617283950617,0.8620320855614974,56.0,Deschampsia.flexuosa,0.6889487870619946,opth,2,False,mlp1,bce,msle
66,0.8556772237196766,0.26362890724572413,0.5357142857142857,0.879245283018868,0.9728601252609603,0.9236868186323092,56.0,Bartsia.alpina,0.41495956873315354,opth,2,False,mlp1,bce,msle
67,0.8990412061772671,0.3101347632596255,0.8307692307692308,0.796384395813511,0.9870283018867925,0.8815165876777251,65.0,Bellis.perennis,0.6271536265827418,opth,2,False,mlp1,bce,msle
68,0.8526136363636363,0.05705446037871832,0.625,0.8327272727272728,0.9934924078091106,0.9060336300692384,16.0,Biscutella.laevigata,0.45772727272727276,opth,2,False,mlp1,bce,msle
69,0.9321489511191408,0.1372530576564439,0.6666666666666666,0.9060523938572719,0.9970178926441352,0.9493610979649787,9.0,Blackstonia.perfoliata,0.5727190605239385,opth,2,False,mlp1,bce,msle
70,0.9285071942446042,0.11936222764968055,0.75,0.8219424460431655,0.9989071038251366,0.9018253576714356,4.0,Blysmus.compressus,0.5719424460431655,opth,2,False,mlp1,bce,msle
71,0.8888888888888888,0.03974927631910021,0.1111111111111111,0.953026196928636,0.9924741298212606,0.9723502304147466,9.0,Bothriochloa.ischaemum,0.06413730803974715,opth,2,False,mlp1,bce,msle
72,0.8370936089896629,0.21645667250079884,0.6233766233766234,0.8190567853705486,0.9670454545454545,0.8869202709744659,77.0,Botrychium.lunaria,0.44243340874717196,opth,2,False,mlp1,bce,msle
73,0.8775947653429603,0.0504703399980467,0.625,0.9196750902527075,0.99706457925636,0.9568075117370892,8.0,Brachypodium.sylvaticum,0.5446750902527075,opth,2,False,mlp1,bce,msle
74,0.7634733739558038,0.3902389050935615,0.6894977168949772,0.7045707915273133,0.9028571428571428,0.7914840325610519,219.0,Briza.media,0.39406850842229035,opth,2,False,mlp1,bce,msle
75,0.8958769967146256,0.7880338447012639,0.7757731958762887,0.8502747252747253,0.876770538243626,0.8633193863319386,388.0,Bromus.erectus,0.6260479211510139,opth,2,False,mlp1,bce,msle
76,0.8809778233184513,0.34493552143044637,0.9076923076923077,0.7126546146527117,0.9920529801324504,0.8294573643410853,65.0,Bromus.hordeaceus,0.6203469223450195,opth,2,False,mlp1,bce,msle
77,0.917340521114106,0.36029009304871373,0.6666666666666666,0.9371069182389937,0.9990421455938697,0.9670839128419101,3.0,Bromus.squarrosus,0.6037735849056602,opth,2,False,mlp1,bce,msle
78,0.8694720216606497,0.04313504408715574,0.875,0.6750902527075813,0.9986648865153538,0.8056004308023694,8.0,Bromus.sterilis,0.5500902527075813,opth,2,False,mlp1,bce,msle
79,0.8960216998191681,0.10831216443022734,0.5,0.953887884267631,0.9952830188679245,0.974145891043398,10.0,Bromus.tectorum,0.45388788426763105,opth,2,False,mlp1,bce,msle
80,0.8203054806828391,0.012612556472970868,0.3333333333333333,0.7753818508535489,0.9976878612716763,0.8725985844287159,3.0,Bunias.orientalis,0.10871518418688231,opth,2,False,mlp1,bce,msle
81,0.9004866254514292,0.385146229072792,0.7741935483870968,0.825426944971537,0.9841628959276018,0.8978328173374613,62.0,Bunium.bulbocastanum,0.5996204933586338,opth,2,False,mlp1,bce,msle
82,0.9475718150199666,0.25824792677202313,0.7142857142857143,0.9026149684400361,0.9980059820538385,0.9479166666666666,7.0,Buphthalmum.salicifolium,0.6169006827257504,opth,2,False,mlp1,bce,msle
83,0.8583583234535184,0.23203879940506292,0.6923076923076923,0.7615593834995467,0.995260663507109,0.8628659476117103,13.0,Bupleurum.falcatum,0.45386707580723895,opth,2,False,mlp1,bce,msle
84,0.9034800195271637,0.131168866051168,0.7692307692307693,0.7914777878513146,0.9965753424657534,0.8822637695805963,13.0,Bupleurum.ranunculoides,0.560708557082084,opth,2,False,mlp1,bce,msle
85,0.9526136363636364,0.5130946595062353,0.9375,0.7836363636363637,0.9988412514484357,0.8782475802343352,16.0,Calamagrostis.varia,0.7211363636363637,opth,2,False,mlp1,bce,msle
86,,-0.0,0.0,0.7455197132616488,1.0,0.8542094455852156,0.0,Calluna.vulgaris,-0.2544802867383512,opth,2,False,mlp1,bce,msle
87,0.9343401607466943,0.29292874114589684,0.7857142857142857,0.9382940108892922,0.9971070395371263,0.9668069191210846,14.0,Calystegia.sepium,0.7240082966035779,opth,2,False,mlp1,bce,msle
88,0.9407540394973071,0.03788634097706879,1.0,0.8913824057450629,1.0,0.9425723777883246,2.0,Campanula.barbata,0.891382405745063,opth,2,False,mlp1,bce,msle
89,0.7614973262032085,0.07183734809840257,0.45454545454545453,0.7502262443438914,0.9928143712574851,0.8546391752577319,11.0,Campanula.cochleariifolia,0.204771698889346,opth,2,False,mlp1,bce,msle
90,0.8613248871217737,0.24927836552794497,0.8169014084507042,0.7272727272727273,0.9831824062095731,0.8360836083608361,71.0,Campanula.glomerata,0.5441741357234315,opth,2,False,mlp1,bce,msle
91,0.8594314079422383,0.047217858165626514,0.25,0.9422382671480144,0.9942857142857143,0.9675625579240037,8.0,Campanula.rapunculoides,0.1922382671480145,opth,2,False,mlp1,bce,msle
92,0.9527877697841727,0.43303929430633514,0.5,0.9307553956834532,0.9980713596914176,0.9632387156817124,4.0,Campanula.rapunculus,0.4307553956834531,opth,2,False,mlp1,bce,msle
93,0.9134601708915462,0.5307124881227536,0.898876404494382,0.8179162609542356,0.9893992932862191,0.8955223880597015,89.0,Campanula.rhomboidalis,0.7167926654486176,opth,2,False,mlp1,bce,msle
94,0.7852566967611214,0.28892432751428965,0.6868686868686869,0.7345132743362832,0.9601542416452442,0.8323119777158774,99.0,Campanula.rotundifolia,0.42138196120497007,opth,2,False,mlp1,bce,msle
95,0.8691818338122959,0.3899438041516835,0.7317073170731707,0.7995971802618328,0.9600967351874244,0.8725274725274725,123.0,Campanula.scheuchzeri,0.5313044973350034,opth,2,False,mlp1,bce,msle
96,,-0.0,0.0,0.8835125448028673,1.0,0.9381541389153187,0.0,Campanula.thyrsoides,-0.11648745519713266,opth,2,False,mlp1,bce,msle
97,0.7079294232512727,0.03579503841394726,0.46153846153846156,0.7062556663644606,0.9910941475826972,0.8247750132345156,13.0,Capsella.bursa.pastoris,0.16779412790292225,opth,2,False,mlp1,bce,msle
98,0.9640144665461121,0.17030017372950837,0.9,0.879746835443038,0.9989733059548255,0.9355769230769231,10.0,Cardamine.pratensis,0.7797468354430381,opth,2,False,mlp1,bce,msle
99,0.8622905177491033,0.4718947237449128,0.8195488721804511,0.7609359104781281,0.9689119170984456,0.8524216524216525,133.0,Carduus.defloratus,0.5804847826585793,opth,2,False,mlp1,bce,msle
100,0.7628147482014389,0.09612600906660067,0.5,0.8039568345323741,0.9977678571428571,0.8904382470119522,4.0,Carduus.nutans,0.3039568345323742,opth,2,False,mlp1,bce,msle
101,0.9339028776978417,0.15797304999185796,1.0,0.7428057553956835,1.0,0.8524251805985552,4.0,Carex.atrata,0.7428057553956835,opth,2,False,mlp1,bce,msle
102,0.976017630282603,0.4216012009613603,0.7142857142857143,0.9736842105263158,0.9962859795728877,0.9848554382744378,14.0,Carex.capillaris,0.6879699248120301,opth,2,False,mlp1,bce,msle
103,0.7878682769421582,0.2735598826275613,0.5376344086021505,0.841642228739003,0.952433628318584,0.8936170212765957,93.0,Carex.caryophyllea,0.3792766373411536,opth,2,False,mlp1,bce,msle
104,0.9257559634654606,0.2525025806443756,0.8571428571428571,0.845437616387337,0.9934354485776805,0.9134808853118712,42.0,Carex.curvula,0.7025804735301941,opth,2,False,mlp1,bce,msle
105,0.7809222423146474,0.05378277449730538,0.4,0.9701627486437613,0.9944392956441149,0.9821510297482837,10.0,Carex.davalliana,0.3701627486437613,opth,2,False,mlp1,bce,msle
106,0.8168761220825853,0.007164750957854406,0.0,0.9236983842010772,0.9980601357904947,0.9594405594405594,2.0,Carex.distans,-0.0763016157989228,opth,2,False,mlp1,bce,msle
107,0.9760407307577118,0.22965367965367967,1.0,0.8014375561545373,1.0,0.8897755610972569,3.0,Carex.divulsa,0.8014375561545373,opth,2,False,mlp1,bce,msle
108,0.8635341726618705,0.022686779096625642,0.5,0.8462230215827338,0.9978791092258749,0.9158150851581508,4.0,Carex.ericetorum,0.34622302158273377,opth,2,False,mlp1,bce,msle
109,0.9689748201438849,0.17820065736732404,1.0,0.8408273381294964,1.0,0.9135319980459209,4.0,Carex.ferruginea,0.8408273381294964,opth,2,False,mlp1,bce,msle
110,0.809615401582862,0.354254580693339,0.5486725663716814,0.8773678963110668,0.9452201933404941,0.9100310237849017,113.0,Carex.flacca,0.4260404626827481,opth,2,False,mlp1,bce,msle
111,0.8953518907563025,0.26183573902628127,0.6785714285714286,0.8602941176470589,0.9904761904761905,0.9208066896212493,28.0,Carex.halleriana,0.5388655462184875,opth,2,False,mlp1,bce,msle
112,0.8867619926199262,0.1716601375020363,0.84375,0.7915129151291513,0.9942062572421785,0.8813559322033898,32.0,Carex.hirta,0.6352629151291513,opth,2,False,mlp1,bce,msle
113,0.9231115107913669,0.06106464737793851,0.5,0.9847122302158273,0.9981768459434822,0.9913988229968311,4.0,Carex.hostiana,0.4847122302158273,opth,2,False,mlp1,bce,msle
114,0.8976168592436975,0.2884480434417122,0.6785714285714286,0.8814338235294118,0.9907024793388429,0.9328793774319066,28.0,Carex.humilis,0.5600052521008405,opth,2,False,mlp1,bce,msle
115,0.894984745490553,0.26178133406406395,0.35294117647058826,0.9745222929936306,0.9898336414048059,0.9821182943603851,17.0,Carex.liparocarpos,0.3274634694642189,opth,2,False,mlp1,bce,msle
116,0.8781588447653429,0.038551013214732276,0.75,0.8528880866425993,0.9978880675818373,0.9197080291970803,8.0,Carex.montana,0.6028880866425994,opth,2,False,mlp1,bce,msle
117,0.8719121683440073,0.11815718714252407,0.782608695652174,0.7731015553522416,0.9941176470588236,0.8697889861039629,23.0,Carex.spicata,0.5557102510044154,opth,2,False,mlp1,bce,msle
118,0.8815398716773603,0.28204794060545413,0.64,0.9074243813015582,0.990990990990991,0.9473684210526315,25.0,Carex.nigra,0.5474243813015582,opth,2,False,mlp1,bce,msle
119,0.7502712477396022,0.050946509792947535,0.3,0.8535262206148282,0.9926393270241851,0.9178415167719981,10.0,Carex.ornithopoda,0.15352622061482823,opth,2,False,mlp1,bce,msle
120,0.9716998191681735,0.277459474126257,0.9,0.9358047016274864,0.999034749034749,0.9663865546218487,10.0,Carex.pallescens,0.8358047016274863,opth,2,False,mlp1,bce,msle
121,0.9100600660328573,0.16475094357103284,0.6956521739130435,0.8719121683440073,0.9927083333333333,0.9283974671212859,23.0,Carex.panicea,0.5675643422570507,opth,2,False,mlp1,bce,msle
122,0.881981981981982,0.044980147108032206,0.3333333333333333,0.9693693693693693,0.9962962962962963,0.982648401826484,6.0,Carex.rupestris,0.3027027027027027,opth,2,False,mlp1,bce,msle
123,0.8629419120154599,0.45529847063807555,0.8789473684210526,0.7203023758099352,0.9666666666666667,0.8254950495049505,190.0,Carex.sempervirens,0.5992497442309879,opth,2,False,mlp1,bce,msle
124,0.909718437783833,0.21435900254010667,0.6666666666666666,0.8873751135331517,0.994908350305499,0.9380700912145943,15.0,Carex.tomentosa,0.5540417801998183,opth,2,False,mlp1,bce,msle
125,0.8497204005272682,0.38561570898517344,0.8373983739837398,0.7472306143001007,0.973753280839895,0.8455840455840455,123.0,Carlina.acaulis,0.5846289882838405,opth,2,False,mlp1,bce,msle
126,0.873608110353997,0.30460168395278997,0.5,0.9305301645338209,0.989310009718173,0.959020254357042,22.0,Carlina.vulgaris,0.43053016453382087,opth,2,False,mlp1,bce,msle
127,0.8789545392047798,0.4048755841348961,0.8311688311688312,0.7343599615014437,0.9832474226804123,0.840771349862259,77.0,Carum.carvi,0.5655287926702748,opth,2,False,mlp1,bce,msle
128,0.8555721580346849,0.4789494974639452,0.8626373626373627,0.7237687366167024,0.9643366619115549,0.8269113149847095,182.0,Centaurea.jacea,0.5864060992540652,opth,2,False,mlp1,bce,msle
129,0.8890968499191068,0.2466571081409091,0.7241379310344828,0.8500459981600736,0.9914163090128756,0.9153046062407132,29.0,Centaurea.montana,0.5741839291945565,opth,2,False,mlp1,bce,msle
130,0.8380688380688381,0.36662087644168484,0.7606837606837606,0.7407407407407407,0.9635416666666666,0.8375778155065082,117.0,Centaurea.scabiosa,0.5014245014245013,opth,2,False,mlp1,bce,msle
131,0.8667155388154403,0.6038181653599961,0.7873303167420814,0.7642458100558659,0.9357045143638851,0.8413284132841329,221.0,Cerastium.arvense,0.5515761267979473,opth,2,False,mlp1,bce,msle
132,0.8795620437956204,0.14185096869593705,0.65,0.8677007299270073,0.9926931106471816,0.9259980525803311,20.0,Cerastium.brachypetalum,0.5177007299270073,opth,2,False,mlp1,bce,msle
133,0.8117460317460317,0.35543390409499503,0.78,0.7028985507246377,0.9536516853932584,0.8092967818831943,150.0,Cerastium.fontanum,0.4828985507246377,opth,2,False,mlp1,bce,msle
134,0.9405682859761686,0.338777621584394,0.68,0.9358386801099908,0.9922254616132167,0.9632075471698113,25.0,Cerastium.glomeratum,0.6158386801099909,opth,2,False,mlp1,bce,msle
135,0.8792613636363635,0.14204257826778025,0.625,0.9036363636363637,0.994,0.9466666666666667,16.0,Cerastium.pumilum,0.5286363636363638,opth,2,False,mlp1,bce,msle
136,0.9365974729241877,0.09559816418216528,0.625,0.9431407942238267,0.9971374045801527,0.9693877551020408,8.0,Cerastium.semidecandrum,0.5681407942238268,opth,2,False,mlp1,bce,msle
137,0.8416742493175613,0.11882546635780339,0.7058823529411765,0.7770700636942676,0.9941792782305006,0.8723186925434117,17.0,Chaerophyllum.aureum,0.48295241663544397,opth,2,False,mlp1,bce,msle
138,0.8947447447447447,0.2441754355005509,0.6666666666666666,0.8873873873873874,0.9979736575481256,0.9394372913686219,6.0,Chaerophyllum.hirsutum,0.554054054054054,opth,2,False,mlp1,bce,msle
139,0.9231751824817519,0.3217761601299158,0.75,0.9124087591240876,0.9950248756218906,0.9519276534983341,20.0,Chaerophyllum.villarsii,0.6624087591240877,opth,2,False,mlp1,bce,msle
140,0.5650224215246638,0.00205761316872428,0.0,0.7623318385650224,0.9988249118683902,0.8646998982706002,1.0,Chenopodium.album,-0.2376681614349776,opth,2,False,mlp1,bce,msle
141,0.8382386363636364,0.29678002930454783,0.625,0.8227272727272728,0.9934138309549945,0.9000497265042268,16.0,Chondrilla.juncea,0.44772727272727275,opth,2,False,mlp1,bce,msle
142,0.8331830477908025,0.03645288296328374,0.2857142857142857,0.9323715058611362,0.9951876804619827,0.962756052141527,7.0,Cichorium.intybus,0.21808579157542196,opth,2,False,mlp1,bce,msle
143,0.7330643611911623,0.18855692811214456,0.4,0.8731988472622478,0.9528301886792453,0.9112781954887218,75.0,Cirsium.acaule,0.27319884726224775,opth,2,False,mlp1,bce,msle
144,0.804098584096339,0.1570271072520089,0.8135593220338984,0.6764427625354777,0.9848484848484849,0.802019068984857,59.0,Cirsium.arvense,0.490002084569376,opth,2,False,mlp1,bce,msle
145,0.9252030685920578,0.06321329977005309,0.75,0.8998194945848376,0.997997997997998,0.9463692453725676,8.0,Cirsium.eriophorum,0.6498194945848375,opth,2,False,mlp1,bce,msle
146,0.9842057761732852,0.2889668112208158,0.875,0.9593862815884476,0.9990601503759399,0.9788213627992634,8.0,Cirsium.palustre,0.8343862815884475,opth,2,False,mlp1,bce,msle
147,0.8668266229712859,0.21694949143105577,0.6041666666666666,0.8848314606741573,0.9802904564315352,0.9301181102362205,48.0,Cirsium.spinosissimum,0.48899812734082393,opth,2,False,mlp1,bce,msle
148,0.8523537087222725,0.03597915652432191,0.7777777777777778,0.8066847335140018,0.9977653631284916,0.8921078921078921,9.0,Cirsium.tuberosum,0.5844625112917796,opth,2,False,mlp1,bce,msle
149,0.8313047371219117,0.190183090500471,0.6363636363636364,0.840258541089566,0.9869848156182213,0.9077306733167082,33.0,Cirsium.vulgare,0.47662217745320223,opth,2,False,mlp1,bce,msle
150,0.7826901461221432,0.11378965331042078,0.6470588235294118,0.7361237488626023,0.992638036809816,0.845350052246604,17.0,Clinopodium.vulgare,0.38318257239201414,opth,2,False,mlp1,bce,msle
151,0.8142335766423356,0.06801729220730159,0.65,0.7636861313868614,0.9917061611374408,0.8628865979381444,20.0,Coeloglossum.viride,0.4136861313868614,opth,2,False,mlp1,bce,msle
152,0.8703541419660806,0.3319157736554906,0.8,0.7639569049951028,0.9762202753441802,0.8571428571428571,95.0,Colchicum.autumnale,0.563956904995103,opth,2,False,mlp1,bce,msle
153,0.85,0.2289463935880497,0.6607142857142857,0.8084905660377358,0.978310502283105,0.8853305785123967,56.0,Convolvulus.arvensis,0.46920485175202153,opth,2,False,mlp1,bce,msle
154,0.8399639963996399,0.015640947993997505,1.0,0.7506750675067507,1.0,0.8575835475578406,5.0,Conyza.canadensis,0.7506750675067506,opth,2,False,mlp1,bce,msle
155,0.8656446953781513,0.22758961013790371,0.6071428571428571,0.8970588235294118,0.9888551165146909,0.9407228915662651,28.0,Coronilla.minima,0.5042016806722689,opth,2,False,mlp1,bce,msle
156,0.796996996996997,0.05180546996231521,0.6666666666666666,0.8432432432432433,0.997867803837953,0.9140625,6.0,Crepis.aurea,0.50990990990991,opth,2,False,mlp1,bce,msle
157,0.8924667300380227,0.32525868820088066,0.859375,0.7775665399239544,0.9891172914147521,0.8706758914316126,64.0,Crepis.biennis,0.6369415399239544,opth,2,False,mlp1,bce,msle
158,0.946996996996997,0.09312010985934745,0.8333333333333334,0.8684684684684685,0.9989637305699481,0.929156626506024,6.0,Crepis.bocconi,0.701801801801802,opth,2,False,mlp1,bce,msle
159,0.8995320048309179,0.14630349913131566,0.5833333333333334,0.9112318840579711,0.9950544015825915,0.9513002364066194,12.0,Crepis.conyzifolia,0.49456521739130443,opth,2,False,mlp1,bce,msle
160,0.9362477231329691,0.27407974606651564,0.8333333333333334,0.8834244080145719,0.9969167523124358,0.9367455335586673,18.0,Crepis.foetida,0.7167577413479052,opth,2,False,mlp1,bce,msle
161,0.9995511669658887,0.8333333333333333,1.0,0.9685816876122083,1.0,0.9840401276789785,2.0,Crepis.mollis,0.9685816876122084,opth,2,False,mlp1,bce,msle
162,0.9268872697834447,0.24562169884312082,0.8888888888888888,0.8506375227686703,0.9978632478632479,0.9183874139626352,18.0,Crepis.pyrenaica,0.7395264116575593,opth,2,False,mlp1,bce,msle
163,0.8576560395150427,0.2892860476861523,0.7205882352941176,0.8101145038167938,0.978110599078341,0.8862212943632568,68.0,Crepis.vesicaria,0.5307027391109114,opth,2,False,mlp1,bce,msle
164,0.8932735426008969,0.008333333333333333,1.0,0.8439461883408071,1.0,0.9153696498054474,1.0,Cruciata.glabra,0.8439461883408073,opth,2,False,mlp1,bce,msle
165,0.826499647141849,0.15535197505573778,0.8461538461538461,0.7036697247706422,0.9948119325551232,0.8242880171950564,26.0,Cruciata.laevipes,0.5498235709244883,opth,2,False,mlp1,bce,msle
166,0.8534653465346534,0.344233900066747,0.6,0.8541854185418541,0.9978969505783386,0.9204655674102813,5.0,Cruciata.pedemontana,0.4541854185418541,opth,2,False,mlp1,bce,msle
167,0.9371069182389937,0.036961986578354866,1.0,0.8472596585804133,1.0,0.9173151750972762,3.0,Cuscuta.epithymum,0.8472596585804133,opth,2,False,mlp1,bce,msle
168,0.8966122318283701,0.3008312387083134,0.8666666666666667,0.7780979827089337,0.9878048780487805,0.8704997313272435,75.0,Cynosurus.cristatus,0.6447646493756003,opth,2,False,mlp1,bce,msle
169,0.8339714084971537,0.6831497588548937,0.798941798941799,0.7235772357723578,0.8754098360655738,0.7922848664688428,378.0,Dactylis.glomerata,0.5225190347141568,opth,2,False,mlp1,bce,msle
170,0.9982062780269059,0.3333333333333333,1.0,0.873542600896861,1.0,0.932503590234562,1.0,Dactylorhiza.maculata,0.873542600896861,opth,2,False,mlp1,bce,msle
171,0.8000602228244504,0.06309647046540102,0.4444444444444444,0.8762420957542909,0.9948717948717949,0.9317963496637848,9.0,Dactylorhiza.majalis,0.3206865401987353,opth,2,False,mlp1,bce,msle
172,0.9389587073608617,0.023058884835852007,0.0,0.9919210053859964,0.998193315266486,0.995047276001801,2.0,Danthonia.decumbens,-0.008078994614003632,opth,2,False,mlp1,bce,msle
173,0.8510950576674854,0.26894786152779715,0.9148936170212766,0.6868884540117417,0.9887323943661972,0.8106235565819861,94.0,Daucus.carota,0.6017820710330182,opth,2,False,mlp1,bce,msle
174,0.7794919410518296,0.1949879273802277,0.6666666666666666,0.766016713091922,0.9844868735083532,0.8616187989556136,39.0,Deschampsia.cespitosa,0.4326833797585885,opth,2,False,mlp1,bce,msle
175,0.8388907546898239,0.06985617650580707,0.7894736842105263,0.7438468550592525,0.9951219512195122,0.8513302034428795,19.0,Dianthus.carthusianorum,0.5333205392697788,opth,2,False,mlp1,bce,msle
176,0.9399716604405514,0.18951873484328094,1.0,0.8683498647430117,1.0,0.9295366795366795,7.0,Dianthus.deltoides,0.8683498647430117,opth,2,False,mlp1,bce,msle
177,0.8812324929971989,0.29677687200454655,0.6,0.9066293183940243,0.9817997977755308,0.9427184466019417,45.0,Dianthus.sylvestris,0.5066293183940243,opth,2,False,mlp1,bce,msle
178,0.8449053201082056,0.055389966662174044,0.5714285714285714,0.9197475202885482,0.9970674486803519,0.9568480300187617,7.0,Dipsacus.fullonum,0.4911760917171195,opth,2,False,mlp1,bce,msle
179,0.8692866161616162,0.24708616134455622,0.65,0.8304924242424242,0.9766146993318485,0.8976458546571137,60.0,Draba.aizoides,0.4804924242424242,opth,2,False,mlp1,bce,msle
180,0.8484712230215827,0.015583217965027813,0.0,0.9586330935251799,0.9962616822429906,0.9770852428964253,4.0,Draba.siliquosa,-0.04136690647482011,opth,2,False,mlp1,bce,msle
181,0.851689502291912,0.1429719922144681,0.5675675675675675,0.8378127896200185,0.9826086956521739,0.9044522261130565,37.0,Dryas.octopetala,0.405380357187586,opth,2,False,mlp1,bce,msle
182,0.8972571942446043,0.10780179541696196,0.75,0.966726618705036,0.9990706319702602,0.9826325411334552,4.0,Dryopteris.filix.mas,0.7167266187050361,opth,2,False,mlp1,bce,msle
183,0.8273985647723021,0.11553205575238885,0.6666666666666666,0.8080808080808081,0.9898762654668166,0.8897876643073812,27.0,Echium.vulgare,0.4747474747474747,opth,2,False,mlp1,bce,msle
184,0.9228699551569507,0.011494252873563218,1.0,0.9031390134529148,1.0,0.9491046182846371,1.0,Epilobium.angustifolium,0.9031390134529147,opth,2,False,mlp1,bce,msle
185,0.7891584306678646,0.011242316726711457,0.0,0.9793351302785265,0.9972552607502287,0.9882139619220308,3.0,Epipactis.palustris,-0.020664869721473522,opth,2,False,mlp1,bce,msle
186,0.8211543816380922,0.08564224173695001,0.782608695652174,0.656907593778591,0.9930843706777317,0.7907488986784141,23.0,Equisetum.arvense,0.43951628943076493,opth,2,False,mlp1,bce,msle
187,0.8718135028761732,0.1589624774339607,0.4,0.9464123524069028,0.9914367269267365,0.9684014869888475,15.0,Equisetum.palustre,0.3464123524069027,opth,2,False,mlp1,bce,msle
188,0.9596050269299821,0.046153846153846156,0.5,0.9694793536804309,0.9990749306197965,0.9840546697038725,2.0,Equisetum.telmateia,0.4694793536804309,opth,2,False,mlp1,bce,msle
189,0.9632132132132133,0.16496107903815813,1.0,0.8567567567567568,1.0,0.9228529839883551,6.0,Erigeron.acer,0.8567567567567567,opth,2,False,mlp1,bce,msle
190,0.8542525290370926,0.07406023670743965,0.8235294117647058,0.7707006369426752,0.9964705882352941,0.8691636736788096,17.0,Erigeron.alpinus,0.594230048707381,opth,2,False,mlp1,bce,msle
191,0.9095330408461721,0.17931165693581896,0.7777777777777778,0.869605142332415,0.993704092339979,0.9275220372184133,27.0,Erigeron.annuus,0.6473829201101928,opth,2,False,mlp1,bce,msle
192,0.8957388939256573,0.10500543199419943,0.7692307692307693,0.8730734360834089,0.9968944099378882,0.930884485258579,13.0,Erigeron.glabratus,0.6423042053141783,opth,2,False,mlp1,bce,msle
193,0.8884451887157028,0.08845229813520049,0.7142857142857143,0.8638412984670875,0.9979166666666667,0.9260512324794586,7.0,Erigeron.neglectus,0.5781270127528018,opth,2,False,mlp1,bce,msle
194,0.8804682295466802,0.2641080415923807,0.7931034482758621,0.8095676172953082,0.9932279909706546,0.8920425747592499,29.0,Erigeron.uniflorus,0.6026710655711702,opth,2,False,mlp1,bce,msle
195,0.9617585064739537,0.13265873489951946,1.0,0.9042457091237579,1.0,0.9497153700189753,9.0,Erodium.cicutarium,0.9042457091237579,opth,2,False,mlp1,bce,msle
196,0.8338271286873632,0.024279277304535756,0.2857142857142857,0.8999098286744815,0.9950149551345963,0.9450757575757576,7.0,Erophila.verna,0.18562411438876714,opth,2,False,mlp1,bce,msle
197,0.9088390587315038,0.36653656539910917,0.603448275862069,0.9177693761814745,0.9768611670020121,0.9463937621832359,58.0,Eryngium.campestre,0.5212176520435434,opth,2,False,mlp1,bce,msle
198,0.8569254185692542,0.26354196389901646,0.5714285714285714,0.8557077625570776,0.9904862579281184,0.9181773640372366,21.0,Erysimum.rhaeticum,0.4271363339856489,opth,2,False,mlp1,bce,msle
199,0.9514824797843666,0.1344891871737509,0.6666666666666666,0.9353099730458221,0.9990403071017274,0.9661252900232019,3.0,Erysimum.virgatum,0.6019766397124888,opth,2,False,mlp1,bce,msle
200,0.835965703971119,0.03678589446698954,0.625,0.8312274368231047,0.9967532467532467,0.906496062992126,8.0,Eupatorium.cannabinum,0.45622743682310474,opth,2,False,mlp1,bce,msle
201,0.787215025991864,0.3964624857273792,0.6792452830188679,0.7178683385579937,0.9308943089430894,0.8106194690265487,159.0,Euphorbia.cyparissias,0.3971136215768616,opth,2,False,mlp1,bce,msle
202,0.8338433843384339,0.08103958534803363,0.8,0.8631863186318632,0.9989583333333333,0.9261226460647031,5.0,Euphorbia.dulcis,0.6631863186318632,opth,2,False,mlp1,bce,msle
203,0.7669961066187482,0.020419326161873214,0.0,0.9820305480682839,0.9972627737226277,0.9895880488909009,3.0,Euphorbia.helioscopia,-0.017969451931716063,opth,2,False,mlp1,bce,msle
204,0.857057057057057,0.3133359814073145,0.5,0.9837837837837838,0.9972602739726028,0.9904761904761905,6.0,Euphorbia.seguieriana,0.48378378378378395,opth,2,False,mlp1,bce,msle
205,0.8502079891726211,0.29293335469403603,0.7872340425531915,0.7362020579981291,0.9874529485570891,0.8435155412647374,47.0,Euphorbia.brittingeri,0.5234361005513206,opth,2,False,mlp1,bce,msle
206,0.9311823104693141,0.08401430668154193,0.75,0.9007220216606499,0.998,0.9468690702087287,8.0,Euphrasia.alpina,0.6507220216606497,opth,2,False,mlp1,bce,msle
207,0.9337834477746112,0.35797622109683963,0.8163265306122449,0.8753514526710403,0.9904559915164369,0.9293532338308458,49.0,Euphrasia.minima,0.6916779832832853,opth,2,False,mlp1,bce,msle
208,0.8253778406001957,0.15714689977923887,0.7352941176470589,0.7920517560073937,0.9896073903002309,0.8798767967145791,34.0,Euphrasia.salisburgensis,0.5273458736544527,opth,2,False,mlp1,bce,msle
209,0.8568856885688569,0.030286676515141473,0.6,0.8181818181818182,0.9978046103183315,0.8991097922848664,5.0,Euphrasia.stricta,0.4181818181818182,opth,2,False,mlp1,bce,msle
210,0.878508243697828,0.4394404200880784,0.8512396694214877,0.7608040201005025,0.9767741935483871,0.8553672316384181,121.0,Festuca.arundinacea,0.6120436895219901,opth,2,False,mlp1,bce,msle
211,0.897784090909091,0.32024924190401005,0.5625,0.9754545454545455,0.9935185185185185,0.9844036697247707,16.0,Festuca.ovina,0.5379545454545456,opth,2,False,mlp1,bce,msle
212,0.8994130742764622,0.11210653150915818,0.8333333333333334,0.8378870673952641,0.9967497291440953,0.9104403760514597,18.0,Festuca.halleri,0.6712204007285973,opth,2,False,mlp1,bce,msle
213,0.8437295260974012,0.4197900326464729,0.7236842105263158,0.779045643153527,0.9470365699873896,0.85486624928856,152.0,Festuca.laevigata,0.5027298536798428,opth,2,False,mlp1,bce,msle
214,0.8678156375998103,0.4559914099916667,0.7482517482517482,0.7862281603288798,0.9550561797752809,0.8624577226606539,143.0,Festuca.nigrescens,0.534479908580628,opth,2,False,mlp1,bce,msle
215,0.9041384628566531,0.40946295011082257,0.8363636363636363,0.8388312912346843,0.9899888765294772,0.9081632653061225,55.0,Festuca.paniculata,0.6751949275983207,opth,2,False,mlp1,bce,msle
216,0.9198932155021632,0.32726268742567893,0.803921568627451,0.8469483568075117,0.9890350877192983,0.9124936772888215,51.0,Festuca.quadriflora,0.6508699254349626,opth,2,False,mlp1,bce,msle
217,0.7160612545912023,0.24836843799594582,0.5985915492957746,0.6878850102669405,0.921595598349381,0.78777189888301,142.0,Festuca.rubra,0.2864765595627152,opth,2,False,mlp1,bce,msle
218,0.9523043592436975,0.3919536111925162,0.8214285714285714,0.9053308823529411,0.9949494949494949,0.9480269489894129,28.0,Festuca.valesiaca,0.7267594537815125,opth,2,False,mlp1,bce,msle
219,0.8760714310501586,0.4298672095198688,0.7449664429530202,0.796277145811789,0.9529702970297029,0.8676056338028169,149.0,Festuca.violacea,0.541243588764809,opth,2,False,mlp1,bce,msle
220,0.8295071931435567,0.14909197709672528,0.5925925925925926,0.8806244260789715,0.988659793814433,0.9315201554152501,27.0,Filipendula.vulgaris,0.47321701867156407,opth,2,False,mlp1,bce,msle
221,0.9134208937198067,0.10086056979595324,0.9166666666666666,0.6304347826086957,0.9985652797704447,0.7729039422543031,12.0,Fragaria.vesca,0.5471014492753623,opth,2,False,mlp1,bce,msle
222,0.883422459893048,0.17246547817039654,0.2727272727272727,0.9701357466063348,0.9925925925925926,0.9812356979405035,11.0,Fumana.procumbens,0.24286301933360743,opth,2,False,mlp1,bce,msle
223,0.8115974729241877,0.05064803593873426,0.75,0.7779783393501805,0.9976851851851852,0.8742393509127789,8.0,Galeopsis.tetrahit,0.5279783393501805,opth,2,False,mlp1,bce,msle
224,0.8364955357142857,0.15554285217421837,0.8214285714285714,0.7536764705882353,0.9939393939393939,0.8572922111866179,28.0,Galium.anisophyllon,0.5751050420168067,opth,2,False,mlp1,bce,msle
225,0.7533723021582734,0.2699154167487276,0.5,0.6007194244604317,0.9970149253731343,0.7497194163860831,4.0,Galium.aparine,0.1007194244604317,opth,2,False,mlp1,bce,msle
226,0.8731737262124003,0.17684969310538695,0.8,0.7366482504604052,0.9925558312655087,0.8456659619450317,30.0,Galium.boreale,0.5366482504604053,opth,2,False,mlp1,bce,msle
227,0.9252479243542435,0.3033718496071384,0.65625,0.9280442804428044,0.9891838741396264,0.9576392194193242,32.0,Galium.corrudifolium,0.5842942804428044,opth,2,False,mlp1,bce,msle
228,0.8548629930743752,0.05198743099035005,0.4444444444444444,0.8708220415537489,0.9948400412796697,0.928709055876686,9.0,Galium.glaucum,0.3152664859981933,opth,2,False,mlp1,bce,msle
229,0.8137504198052103,0.19880127968340294,0.7894736842105263,0.6216955332725616,0.9941690962099126,0.765002804262479,19.0,Galium.lucidum,0.4111692174830879,opth,2,False,mlp1,bce,msle
230,0.8501566073381724,0.5457794122683359,0.9026548672566371,0.6539325842696629,0.9635761589403974,0.7791164658634538,226.0,Galium.mollugo,0.5565874515263001,opth,2,False,mlp1,bce,msle
231,0.7825740271605964,0.297321230621449,0.7107438016528925,0.7336683417085427,0.954248366013072,0.8295454545454546,121.0,Galium.pumilum,0.4444121433614352,opth,2,False,mlp1,bce,msle
232,0.8182042764565496,0.5469288934913542,0.7715355805243446,0.7031802120141343,0.9072948328267477,0.7923025879230259,267.0,Galium.verum,0.47471579253847884,opth,2,False,mlp1,bce,msle
233,0.8825642582473183,0.10747585688111744,0.7222222222222222,0.8597449908925319,0.9947312961011591,0.9223253541768441,18.0,Genista.pilosa,0.581967213114754,opth,2,False,mlp1,bce,msle
234,0.8778157472627102,0.2396141587776522,0.6153846153846154,0.85766092475068,0.9947423764458465,0.9211295034079844,13.0,Genista.sagittalis,0.47304554013529554,opth,2,False,mlp1,bce,msle
235,0.872410632447296,0.1484128234382939,0.44,0.9367552703941339,0.9864864864864865,0.9609779031499764,25.0,Genista.tinctoria,0.3767552703941339,opth,2,False,mlp1,bce,msle
236,0.8835018382352942,0.23522259226220152,0.8214285714285714,0.7463235294117647,0.9938800489596084,0.85249343832021,28.0,Gentiana.acaulis,0.5677521008403361,opth,2,False,mlp1,bce,msle
237,0.948168331819558,0.2743088267695997,0.6666666666666666,0.9782016348773842,0.9953789279112755,0.9867155290884104,15.0,Gentiana.alpina,0.6448683015440508,opth,2,False,mlp1,bce,msle
238,0.9560674619498148,0.18121829873378217,0.6363636363636364,0.934841628959276,0.996142719382835,0.9645191409897292,11.0,Gentiana.bavarica,0.5712052653229125,opth,2,False,mlp1,bce,msle
239,0.9132699275362319,0.10444003288684221,0.75,0.8777173913043478,0.9969135802469136,0.9335260115606936,12.0,Gentiana.cruciata,0.6277173913043477,opth,2,False,mlp1,bce,msle
240,0.92168127820719,0.433573623781738,0.9324324324324325,0.7975047984644914,0.9940191387559809,0.8849840255591054,74.0,Gentiana.lutea,0.7299372308969239,opth,2,False,mlp1,bce,msle
241,0.858985982286073,0.07445733249560064,0.3076923076923077,0.9637352674524026,0.9916044776119403,0.9774712643678161,13.0,Gentiana.nivalis,0.27142757514471016,opth,2,False,mlp1,bce,msle
242,0.9146357272491573,0.1494090570264601,0.7857142857142857,0.8303085299455535,0.9967320261437909,0.905940594059406,14.0,Gentiana.punctata,0.6160228156598393,opth,2,False,mlp1,bce,msle
243,0.8845485335160851,0.4434802181787057,0.7474747474747475,0.7895771878072763,0.9698067632850241,0.870460704607046,99.0,Gentiana.verna,0.5370519352820238,opth,2,False,mlp1,bce,msle
244,0.8891498151772125,0.15489639520427798,0.8095238095238095,0.782648401826484,0.9953542392566783,0.876278118609407,21.0,Geranium.columbinum,0.5921722113502934,opth,2,False,mlp1,bce,msle
245,0.9165142900082659,0.29205847985180466,0.8108108108108109,0.8257645968489342,0.9922048997772829,0.9013657056145675,37.0,Geranium.dissectum,0.6365754076597452,opth,2,False,mlp1,bce,msle
246,0.9452574005661374,0.3170668343207016,0.8947368421052632,0.8568824065633546,0.9978768577494692,0.9220205983325159,19.0,Geranium.molle,0.7516192486686177,opth,2,False,mlp1,bce,msle
247,0.8449766228117864,0.18418363829099563,0.7941176470588235,0.722735674676525,0.991128010139417,0.8359166221272047,34.0,Geranium.pyrenaicum,0.5168533217353484,opth,2,False,mlp1,bce,msle
248,0.9060251798561151,0.03415245689491113,0.75,0.8570143884892086,0.9989517819706499,0.9225556631171346,4.0,Geranium.robertianum,0.6070143884892087,opth,2,False,mlp1,bce,msle
249,0.9164716471647165,0.0454893113033521,0.8,0.8667866786678667,0.9989626556016598,0.9281927710843374,5.0,Geranium.rotundifolium,0.6667866786678669,opth,2,False,mlp1,bce,msle
250,0.9919282511210762,0.1,1.0,0.8690582959641255,1.0,0.9299424184261037,1.0,Geranium.sanguineum,0.8690582959641255,opth,2,False,mlp1,bce,msle
251,0.8738930056027472,0.5121099955239836,0.8,0.8101391650099403,0.973715651135006,0.8844275637547477,110.0,Geranium.sylvaticum,0.6101391650099404,opth,2,False,mlp1,bce,msle
252,0.9139271077283372,0.5035000365686353,0.9214285714285714,0.819672131147541,0.9864364981504316,0.8953553441522104,140.0,Geum.montanum,0.7411007025761123,opth,2,False,mlp1,bce,msle
253,0.8675541516245487,0.08065331295108998,0.875,0.7879061371841155,0.9988558352402745,0.8809283551967709,8.0,Geum.rivale,0.6629061371841156,opth,2,False,mlp1,bce,msle
254,,-0.0,0.0,0.8243727598566308,1.0,0.9037328094302554,0.0,Geum.urbanum,-0.17562724014336917,opth,2,False,mlp1,bce,msle
255,0.9596759675967597,0.14031017861897696,1.0,0.864986498649865,1.0,0.9276061776061776,5.0,Glechoma.hederacea,0.864986498649865,opth,2,False,mlp1,bce,msle
256,0.8717234483251196,0.34237870873629644,0.5897435897435898,0.9182915506035283,0.9840796019900497,0.9500480307396734,39.0,Globularia.bisnagarica,0.5080351403471179,opth,2,False,mlp1,bce,msle
257,0.874681987788331,0.2667135110415893,0.6590909090909091,0.8889925373134329,0.984504132231405,0.9343137254901961,44.0,Globularia.cordifolia,0.548083446404342,opth,2,False,mlp1,bce,msle
258,0.922972972972973,0.22908126152807004,0.8333333333333334,0.9432432432432433,0.9990458015267175,0.9703429101019463,6.0,Globularia.nudicaulis,0.7765765765765766,opth,2,False,mlp1,bce,msle
259,0.7828825310028318,0.10214624115292482,0.6842105263157895,0.7068645640074211,0.9844961240310077,0.8228941684665226,38.0,Gymnadenia.conopsea,0.39107509032321053,opth,2,False,mlp1,bce,msle
260,0.8577898550724636,0.06219273740907382,0.25,0.9311594202898551,0.991321118611379,0.9602989257356376,12.0,Gypsophila.repens,0.181159420289855,opth,2,False,mlp1,bce,msle
261,0.8162396956246036,0.38597132211465096,0.8373493975903614,0.6842105263157895,0.9601181683899557,0.7990165949600492,166.0,Helianthemum.nummularium,0.521559923906151,opth,2,False,mlp1,bce,msle
262,0.8780269058295964,0.0072992700729927005,0.0,0.905829596412556,0.9990108803165183,0.9501411100658513,1.0,Helleborus.foetidus,-0.094170403587444,opth,2,False,mlp1,bce,msle
263,0.8686585779460193,0.3681720712419833,0.797752808988764,0.7711781888997079,0.9777777777777777,0.8622754491017964,89.0,Heracleum.sphondylium,0.5689309978884718,opth,2,False,mlp1,bce,msle
264,0.741594744299884,0.02660308278498838,0.7142857142857143,0.7376014427412083,0.9975609756097561,0.8481078278900985,7.0,Hieracium.bifidum,0.4518871570269227,opth,2,False,mlp1,bce,msle
265,0.7755696075479273,0.0250654379534474,0.4444444444444444,0.7886178861788617,0.9943052391799544,0.8795969773299748,9.0,Hieracium.murorum,0.23306233062330617,opth,2,False,mlp1,bce,msle
266,0.8637860082304527,0.17852969458506815,0.5555555555555556,0.8712962962962963,0.9832810867293625,0.9239077074128621,36.0,Hieracium.piliferum,0.4268518518518518,opth,2,False,mlp1,bce,msle
267,0.8948948948948949,0.04938293959590088,0.6666666666666666,0.8729729729729729,0.9979402677651905,0.9312830370014417,6.0,Hieracium.prenanthoides,0.5396396396396397,opth,2,False,mlp1,bce,msle
268,0.9101419413919414,0.2827684488156957,0.7083333333333334,0.9166666666666666,0.9930555555555556,0.9533333333333334,24.0,Hieracium.villosum,0.625,opth,2,False,mlp1,bce,msle
269,0.9497727272727272,0.2158939196233792,0.9375,0.8636363636363636,0.9989484752891693,0.9263773768893223,16.0,Himantoglossum.hircinum,0.8011363636363638,opth,2,False,mlp1,bce,msle
270,0.7825051651083798,0.3263081798355909,0.5964912280701754,0.8063872255489022,0.9461358313817331,0.8706896551724138,114.0,Hippocrepis.comosa,0.4028784536190777,opth,2,False,mlp1,bce,msle
271,0.926010721465267,0.6065197585107028,0.8783783783783784,0.8409090909090909,0.9783653846153846,0.9044444444444445,148.0,Holcus.lanatus,0.7192874692874693,opth,2,False,mlp1,bce,msle
272,0.8500812677773264,0.19360018359025033,0.6304347826086957,0.8523364485981308,0.9817007534983854,0.912456228114057,46.0,Homogyne.alpina,0.48277123120682663,opth,2,False,mlp1,bce,msle
273,0.8855855855855856,0.3888272257458304,0.5,0.9873873873873874,0.997270245677889,0.9923042100497963,6.0,Hornungia.petraea,0.4873873873873875,opth,2,False,mlp1,bce,msle
274,0.9055545371219065,0.3337532185326619,0.92,0.7827681026581118,0.9976635514018691,0.8772470467385721,25.0,Hypericum.maculatum,0.7027681026581118,opth,2,False,mlp1,bce,msle
275,0.8145317453517265,0.1509913419654994,0.8545454545454545,0.6776625824693685,0.9889958734525447,0.8042505592841164,55.0,Hypericum.perforatum,0.532208037014823,opth,2,False,mlp1,bce,msle
276,0.9400347939545505,0.29653104936915065,0.9117647058823529,0.8271719038817006,0.9966592427616926,0.9040404040404041,34.0,Hypericum.richeri,0.7389366097640535,opth,2,False,mlp1,bce,msle
277,0.8536381457564576,0.18452847615380594,0.5625,0.8523985239852399,0.9850746268656716,0.913946587537092,32.0,Hypochaeris.maculata,0.41489852398523985,opth,2,False,mlp1,bce,msle
278,0.9257667286245352,0.3238131268939027,0.725,0.8828996282527881,0.9885535900104059,0.9327442317133039,40.0,Hypochaeris.radicata,0.6078996282527882,opth,2,False,mlp1,bce,msle
279,0.9525629496402879,0.13309484633014043,0.75,0.9811151079136691,0.9990842490842491,0.9900181488203267,4.0,Hyssopus.officinalis,0.7311151079136691,opth,2,False,mlp1,bce,msle
280,0.8812289246908954,0.17906318320075307,0.7058823529411765,0.7898089171974523,0.9942726231386025,0.8803245436105477,17.0,Inula.salicina,0.4956912701386287,opth,2,False,mlp1,bce,msle
281,0.852925292529253,0.032255635026085874,0.0,0.9801980198019802,0.9954296160877514,0.9877551020408163,5.0,Isatis.tinctoria,-0.01980198019801982,opth,2,False,mlp1,bce,msle
282,0.7105105105105105,0.06606695426873366,0.5,0.8855855855855855,0.9969574036511156,0.9379770992366412,6.0,Juncus.alpinoarticulatus,0.38558558558558564,opth,2,False,mlp1,bce,msle
283,0.8243508454106281,0.06302334044605225,0.3333333333333333,0.9565217391304348,0.9924812030075187,0.974169741697417,12.0,Juncus.articulatus,0.28985507246376807,opth,2,False,mlp1,bce,msle
284,0.9418998194945849,0.08132887162050415,0.5,0.9323104693140795,0.996142719382835,0.9631701631701631,8.0,Juncus.effusus,0.43231046931407935,opth,2,False,mlp1,bce,msle
285,0.8327272727272726,0.05452494725789865,0.25,0.9354545454545454,0.9884726224783862,0.9612330686595049,16.0,Juncus.inflexus,0.18545454545454554,opth,2,False,mlp1,bce,msle
286,0.9664541590771099,0.49286870981001196,0.7777777777777778,0.9389799635701275,0.996135265700483,0.96671354899203,18.0,Juncus.jacquinii,0.7167577413479052,opth,2,False,mlp1,bce,msle
287,0.8249184605348989,0.08114316002022619,0.3333333333333333,0.9351598173515981,0.9865125240847784,0.9601500234411627,21.0,Juncus.trifidus,0.2684931506849315,opth,2,False,mlp1,bce,msle
288,0.927992799279928,0.2463728470111449,0.4,0.9882988298829883,0.997275204359673,0.9927667269439421,5.0,Juncus.triglumis,0.38829882988298836,opth,2,False,mlp1,bce,msle
289,0.872454012650148,0.521385381968173,0.8755980861244019,0.7420066152149944,0.9628040057224606,0.838107098381071,209.0,Knautia.arvensis,0.6176047013393964,opth,2,False,mlp1,bce,msle
290,0.937728102189781,0.2909531947711622,0.95,0.7700729927007299,0.9988165680473373,0.8696548171045853,20.0,Knautia.dipsacifolia,0.7200729927007299,opth,2,False,mlp1,bce,msle
291,0.80073929115025,0.0639014541060169,0.7142857142857143,0.7315068493150685,0.9925650557620818,0.8422712933753943,21.0,Koeleria.macrantha,0.4457925636007829,opth,2,False,mlp1,bce,msle
292,0.7983580007376169,0.2209737637859545,0.576271186440678,0.7918637653736992,0.9709976798143851,0.8723293381969776,59.0,Koeleria.pyramidata,0.36813495181437705,opth,2,False,mlp1,bce,msle
293,0.8116194625998548,0.2597451482468251,0.5333333333333333,0.9178338001867413,0.9790836653386454,0.9474698795180723,45.0,Koeleria.vallesiana,0.45116713352007465,opth,2,False,mlp1,bce,msle
294,0.8864376130198914,0.20633738452918315,0.8,0.8110307414104883,0.9977753058954394,0.8947630922693267,10.0,Lactuca.perennis,0.6110307414104883,opth,2,False,mlp1,bce,msle
295,0.9031390134529148,0.009174311926605505,0.0,0.9031390134529148,0.9990079365079365,0.9486575600565238,1.0,Lactuca.serriola,-0.09686098654708519,opth,2,False,mlp1,bce,msle
296,0.9359262589928058,0.032932785299806575,0.75,0.9046762589928058,0.9990069513406157,0.9495044832468146,4.0,Lamium.purpureum,0.6546762589928057,opth,2,False,mlp1,bce,msle
297,0.7805206463195691,0.1687116564417178,0.5,0.8608617594254937,0.9989583333333333,0.9247830279652844,2.0,Lapsana.communis,0.3608617594254937,opth,2,False,mlp1,bce,msle
298,0.6776276276276276,0.05298308659508518,0.6666666666666666,0.836036036036036,0.9978494623655914,0.9098039215686274,6.0,Laserpitium.halleri,0.5027027027027027,opth,2,False,mlp1,bce,msle
299,0.9143150082999707,0.2707575606468926,0.8947368421052632,0.7940630797773655,0.9953488372093023,0.8833849329205367,38.0,Laserpitium.latifolium,0.6887999218826286,opth,2,False,mlp1,bce,msle
300,0.9341563786008231,0.11595516624018815,0.7777777777777778,0.8644986449864499,0.9979144942648592,0.9264278799612778,9.0,Laserpitium.siler,0.6422764227642277,opth,2,False,mlp1,bce,msle
301,0.7936151079136691,0.017158903356092343,0.0,0.9838129496402878,0.9963570127504554,0.9900452488687783,4.0,Lathyrus.heterophyllus,-0.01618705035971224,opth,2,False,mlp1,bce,msle
302,0.8469601677148847,0.011167488536006038,0.0,0.9083557951482479,0.9970414201183432,0.9506346967559943,3.0,Lathyrus.occidentalis,-0.09164420485175206,opth,2,False,mlp1,bce,msle
303,0.812668528505393,0.47953741936965383,0.8771186440677966,0.6295454545454545,0.9502572898799314,0.7573479152426521,236.0,Lathyrus.pratensis,0.5066640986132511,opth,2,False,mlp1,bce,msle
304,0.9126126126126126,0.044957603063165985,0.5,0.945045045045045,0.997148288973384,0.9703977798334875,6.0,Lathyrus.sphaericus,0.44504504504504494,opth,2,False,mlp1,bce,msle
305,0.9949086552860138,0.2619047619047619,1.0,0.9748427672955975,1.0,0.9872611464968153,3.0,Lathyrus.sylvestris,0.9748427672955975,opth,2,False,mlp1,bce,msle
306,0.7875449640287769,0.034848141381508116,0.25,0.9649280575539568,0.9972118959107806,0.9808043875685558,4.0,Lathyrus.tuberosus,0.21492805755395672,opth,2,False,mlp1,bce,msle
307,0.7259016760401802,0.10056765492045598,0.45454545454545453,0.8134810710987996,0.9799777530589544,0.8890010090817356,33.0,Leontodon.autumnalis,0.2680265256442542,opth,2,False,mlp1,bce,msle
308,0.7115908991489217,0.3740462057238285,0.592274678111588,0.6896942242355606,0.8650568181818182,0.7674858223062382,233.0,Leontodon.hispidus,0.28196890234714855,opth,2,False,mlp1,bce,msle
309,0.8879299239984542,0.06694696528422685,0.5714285714285714,0.9179440937781785,0.9970617042115573,0.955868544600939,7.0,Leontopodium.alpinum,0.48937266520675005,opth,2,False,mlp1,bce,msle
310,0.9258990357345434,0.3876026467308434,0.7804878048780488,0.8883720930232558,0.9906639004149378,0.9367336929867582,41.0,Leucanthemopsis.alpina,0.6688598979013047,opth,2,False,mlp1,bce,msle
311,0.8673158304031908,0.6083251124149895,0.8535564853556485,0.7331812998859749,0.948377581120944,0.8270096463022508,239.0,Leucanthemum.vulgare,0.5867377852416236,opth,2,False,mlp1,bce,msle
312,0.9444906099385075,0.30528263557417695,0.9090909090909091,0.8336380255941499,0.9978118161925602,0.9083665338645418,22.0,Lilium.martagon,0.742728934685059,opth,2,False,mlp1,bce,msle
313,0.5750225631768953,0.017484084781166837,0.375,0.9133574007220217,0.9950835791543756,0.9524705882352941,8.0,Linaria.repens,0.28835740072202176,opth,2,False,mlp1,bce,msle
314,0.8439758068832629,0.0548140757517159,0.7058823529411765,0.7989080982711556,0.9943374858437146,0.8859737638748738,17.0,Linum.alpinum,0.5047904512123322,opth,2,False,mlp1,bce,msle
315,0.7851582771146861,0.21770152906593115,0.6219512195121951,0.7678916827852998,0.9624242424242424,0.8542227003765466,82.0,Linum.catharticum,0.38984290229749496,opth,2,False,mlp1,bce,msle
316,0.9298029556650247,0.3090340809950852,0.7857142857142857,0.9001814882032668,0.9969849246231156,0.9461134954697187,14.0,Linum.tenuifolium,0.6858957739175526,opth,2,False,mlp1,bce,msle
317,0.6580485611510791,0.007238464512710214,0.5,0.7715827338129496,0.9976744186046511,0.8701825557809331,4.0,Listera.ovata,0.2715827338129495,opth,2,False,mlp1,bce,msle
318,0.726564839772387,0.00659468952151879,0.3333333333333333,0.7987421383647799,0.9977553310886644,0.8872255489021956,3.0,Lolium.multiflorum,0.13207547169811318,opth,2,False,mlp1,bce,msle
319,0.8943999690606026,0.4599953177759689,0.9117647058823529,0.7199211045364892,0.9878213802435724,0.8328579577866515,102.0,Lolium.perenne,0.6316858104188421,opth,2,False,mlp1,bce,msle
320,0.7811650776968695,0.5810590031723943,0.7976878612716763,0.6142857142857143,0.8710865561694291,0.7204874333587205,346.0,Lotus.corniculatus,0.4119735755573908,opth,2,False,mlp1,bce,msle
321,0.8124809741248097,0.051488406069100864,0.3333333333333333,0.8904109589041096,0.9858442871587462,0.935700575815739,21.0,Lotus.maritimus,0.22374429223744285,opth,2,False,mlp1,bce,msle
322,0.8092033395755306,0.18695943449745409,0.3958333333333333,0.9213483146067416,0.9713721618953604,0.9456991830850553,48.0,Luzula.campestris,0.31718164794007486,opth,2,False,mlp1,bce,msle
323,0.9012467087523396,0.16897726158657406,0.9310344827586207,0.7709291628334867,0.9976190476190476,0.869745718733783,29.0,Luzula.lutea,0.7019636455921074,opth,2,False,mlp1,bce,msle
324,0.7906934306569343,0.06913627094684292,0.65,0.7700729927007299,0.9917743830787309,0.866974833076528,20.0,Luzula.multiflora,0.42007299270072984,opth,2,False,mlp1,bce,msle
325,0.8531495555841814,0.0683830059767235,0.8571428571428571,0.7484220018034266,0.9987966305655837,0.8556701030927835,7.0,Luzula.sieberi,0.6055648589462836,opth,2,False,mlp1,bce,msle
326,0.8918258262173262,0.25202836805293727,0.8275862068965517,0.7986767485822306,0.9883040935672515,0.8834291688447464,58.0,Luzula.spicata,0.6262629554787824,opth,2,False,mlp1,bce,msle
327,0.8348168331819558,0.16082421298182614,0.4666666666666667,0.888283378746594,0.9918864097363083,0.9372304743651174,15.0,Luzula.sudetica,0.3549500454132608,opth,2,False,mlp1,bce,msle
328,0.9703237410071943,0.17350652610441766,0.75,0.9343525179856115,0.9990384615384615,0.9656133828996283,4.0,Lysimachia.nummularia,0.6843525179856114,opth,2,False,mlp1,bce,msle
329,0.9791290613718411,0.3097267316017316,0.625,0.9747292418772563,0.997229916897507,0.985851209493382,8.0,Lysimachia.vulgaris,0.5997292418772564,opth,2,False,mlp1,bce,msle
330,0.8111444312713578,0.0842015136734419,0.6153846153846154,0.743427017225748,0.9939393939393939,0.8506224066390041,13.0,Malva.moschata,0.3588116326103634,opth,2,False,mlp1,bce,msle
331,0.9242288110212639,0.36787365177195686,0.6666666666666666,0.8014375561545373,0.9988801791713325,0.8893320039880359,3.0,Malva.sylvestris,0.468104222821204,opth,2,False,mlp1,bce,msle
332,0.7805250305250306,0.04916368651287101,0.625,0.7554945054945055,0.9892086330935251,0.8566978193146417,24.0,Medicago.falcata,0.3804945054945055,opth,2,False,mlp1,bce,msle
333,0.8500911769716626,0.4243660384434316,0.8263473053892215,0.7323498419388831,0.9599447513812155,0.830842797369994,167.0,Medicago.lupulina,0.5586971473281046,opth,2,False,mlp1,bce,msle
334,0.9093755479297647,0.2920610904557263,0.5405405405405406,0.9323447636700649,0.9833822091886608,0.9571836346336822,37.0,Medicago.minima,0.4728853042106054,opth,2,False,mlp1,bce,msle
335,0.8507962809536961,0.18544453390131901,0.7254901960784313,0.7859154929577464,0.9835487661574618,0.8736951983298539,51.0,Medicago.sativa,0.5114056890361778,opth,2,False,mlp1,bce,msle
336,0.8929475587703437,0.048555252314497956,0.3,0.9204339963833634,0.9931707317073171,0.9554199906147348,10.0,Melica.ciliata,0.22043399638336347,opth,2,False,mlp1,bce,msle
337,0.8705670567056706,0.019942298959272742,0.2,0.9036903690369037,0.996031746031746,0.9476168003775366,5.0,Melilotus.albus,0.10369036903690376,opth,2,False,mlp1,bce,msle
338,0.8563372717508055,0.272929257262267,0.7894736842105263,0.8311688311688312,0.9911504424778761,0.9041372351160444,38.0,Meum.athamanticum,0.6206425153793576,opth,2,False,mlp1,bce,msle
339,0.8714714714714715,0.09400349688267755,0.5,0.8504504504504504,0.996832101372756,0.9178415167719981,6.0,Minuartia.laricifolia,0.3504504504504504,opth,2,False,mlp1,bce,msle
340,0.8864314411870002,0.19311284072377344,0.782608695652174,0.8380603842634949,0.99457111834962,0.9096325719960278,23.0,Minuartia.rostrata,0.6206690799156689,opth,2,False,mlp1,bce,msle
341,0.8814353099730459,0.27855072798722996,0.7142857142857143,0.8377358490566038,0.9823008849557522,0.9042769857433809,56.0,Minuartia.verna,0.552021563342318,opth,2,False,mlp1,bce,msle
342,0.8883787368635854,0.1809030122390181,0.7777777777777778,0.8126721763085399,0.9932659932659933,0.8939393939393939,27.0,Muscari.comosum,0.5904499540863177,opth,2,False,mlp1,bce,msle
343,0.8441939579789655,0.4788726513299557,0.7528089887640449,0.746268656716418,0.9408602150537635,0.8323424494649228,178.0,Myosotis.alpestris,0.49907764548046285,opth,2,False,mlp1,bce,msle
344,0.8479177865036488,0.37462450634799443,0.7889908256880734,0.7547169811320755,0.9706257982120051,0.8491620111731844,109.0,Myosotis.arvensis,0.5437078068201489,opth,2,False,mlp1,bce,msle
345,0.8518391330891331,0.1858681774414462,0.6666666666666666,0.8287545787545788,0.9912376779846659,0.9027431421446384,24.0,Myosotis.ramosissima,0.49542124542124544,opth,2,False,mlp1,bce,msle
346,0.9635791366906475,0.1640516950826912,0.75,0.9505395683453237,0.999054820415879,0.9741935483870968,4.0,Myosotis.scorpioides,0.7005395683453237,opth,2,False,mlp1,bce,msle
347,0.893177737881508,0.014085170529489353,0.5,0.9308797127468582,0.9990366088631984,0.9637546468401487,2.0,Myosotis.stricta,0.4308797127468582,opth,2,False,mlp1,bce,msle
348,0.852366255144033,0.16658455726542695,0.75,0.7814814814814814,0.9894490035169988,0.8732540093119503,36.0,Narcissus.poeticus,0.5314814814814814,opth,2,False,mlp1,bce,msle
349,0.9096351856132058,0.4899568709492119,0.8540145985401459,0.8212461695607763,0.9757281553398058,0.891846921797005,137.0,Nardus.stricta,0.6752607681009222,opth,2,False,mlp1,bce,msle
350,0.9064764492753623,0.09206366550927426,0.4166666666666667,0.9465579710144928,0.9933460076045627,0.9693877551020408,12.0,Odontites.luteus,0.3632246376811594,opth,2,False,mlp1,bce,msle
351,0.8898418886722981,0.3912355133513013,0.7888888888888889,0.8489278752436648,0.9786516853932584,0.9091858037578288,90.0,Onobrychis.montana,0.6378167641325536,opth,2,False,mlp1,bce,msle
352,0.9038950554994954,0.49981708401883207,0.832,0.8203834510595358,0.9748201438848921,0.890958904109589,125.0,Onobrychis.viciifolia,0.6523834510595359,opth,2,False,mlp1,bce,msle
353,0.8699331275720165,0.20318615278732344,0.6388888888888888,0.8555555555555555,0.9861259338313767,0.9162121963311849,36.0,Ononis.natrix,0.49444444444444446,opth,2,False,mlp1,bce,msle
354,0.8641804788213627,0.1251196364558136,0.6666666666666666,0.8047882136279927,0.9886877828054299,0.8873096446700508,30.0,Ononis.repens,0.47145488029465943,opth,2,False,mlp1,bce,msle
355,0.8602646968297938,0.16413799651311786,0.7272727272727273,0.8245614035087719,0.9900221729490022,0.8997481108312343,33.0,Ononis.spinosa,0.5518341307814993,opth,2,False,mlp1,bce,msle
356,0.8814016172506739,0.04545646835766767,0.3333333333333333,0.9568733153638814,0.9981255857544518,0.9770642201834863,3.0,Ophioglossum.vulgatum,0.2902066486972148,opth,2,False,mlp1,bce,msle
357,0.8457245724572457,0.05278601725991951,0.2,0.9297929792979298,0.996142719382835,0.9618249534450651,5.0,Ophrys.apifera,0.12979297929792977,opth,2,False,mlp1,bce,msle
358,0.7569694244604316,0.009169265509093041,0.0,0.920863309352518,0.9961089494163424,0.9570093457943926,4.0,Ophrys.insectifera,-0.07913669064748197,opth,2,False,mlp1,bce,msle
359,,-0.0,0.0,0.7204301075268817,1.0,0.8375,0.0,Orchis.mascula,-0.27956989247311825,opth,2,False,mlp1,bce,msle
360,0.8777534458327966,0.03140446249291676,0.42857142857142855,0.8755635707844905,0.9958974358974358,0.9318618042226487,7.0,Orchis.militaris,0.30413499935591903,opth,2,False,mlp1,bce,msle
361,0.8823529411764706,0.1349996888294822,0.8571428571428571,0.8446691176470589,0.9956663055254604,0.9139731476877175,28.0,Origanum.vulgare,0.7018119747899161,opth,2,False,mlp1,bce,msle
362,0.8189009978991597,0.1349304532392803,0.5714285714285714,0.8639705882352942,0.9873949579831933,0.9215686274509803,28.0,Ornithogalum.umbellatum,0.43539915966386555,opth,2,False,mlp1,bce,msle
363,0.8181818181818182,0.1112538288919246,0.2,0.8928892889288929,0.9959839357429718,0.9416231608922638,5.0,Orobanche.alba,0.09288928892889281,opth,2,False,mlp1,bce,msle
364,0.8614966176162913,0.07203706369065785,0.7692307692307693,0.772438803263826,0.9964912280701754,0.8702757916241062,13.0,Orobanche.caryophyllacea,0.5416695724945952,opth,2,False,mlp1,bce,msle
365,0.8331278093798481,0.08609554511455678,0.782608695652174,0.7301006404391582,0.9937733499377335,0.8417721518987342,23.0,Oxytropis.campestris,0.5127093360913322,opth,2,False,mlp1,bce,msle
366,0.8916956920256647,0.16690552293649077,0.52,0.9083409715857012,0.9880358923230309,0.9465138490926457,25.0,Oxytropis.helvetica,0.42834097158570117,opth,2,False,mlp1,bce,msle
367,0.9991031390134529,0.5,1.0,0.8224215246636771,1.0,0.9025590551181102,1.0,Oxytropis.pilosa,0.8224215246636772,opth,2,False,mlp1,bce,msle
368,0.8115419296663662,0.028114783059838003,0.42857142857142855,0.8935978358881875,0.9959798994974874,0.9420152091254753,7.0,Papaver.rhoeas,0.32216926445961613,opth,2,False,mlp1,bce,msle
369,0.879062114356232,0.08392234014585759,0.45454545454545453,0.893212669683258,0.9939577039274925,0.9408960915157293,11.0,Paradisea.liliastrum,0.34775812422871244,opth,2,False,mlp1,bce,msle
370,0.8180580762250453,0.19543048329208676,0.7142857142857143,0.7568058076225045,0.9952267303102625,0.8597938144329897,14.0,Parnassia.palustris,0.4710915219082188,opth,2,False,mlp1,bce,msle
371,0.9224033816425121,0.09415210925675399,1.0,0.802536231884058,1.0,0.8904522613065327,12.0,Pastinaca.sativa,0.8025362318840581,opth,2,False,mlp1,bce,msle
372,0.9426708633093526,0.06029926693680889,0.75,0.8705035971223022,0.9989680082559339,0.9303219605958674,4.0,Pedicularis.foliosa,0.6205035971223021,opth,2,False,mlp1,bce,msle
373,0.9259402408205738,0.20310721443890675,0.9032258064516129,0.8792626728110599,0.9968652037617555,0.9343780607247796,31.0,Pedicularis.gyroflexa,0.7824884792626727,opth,2,False,mlp1,bce,msle
374,0.6951721369065542,0.03186892692254932,0.3333333333333333,0.8102981029810298,0.9933554817275747,0.8925373134328358,9.0,Pedicularis.tuberosa,0.14363143631436315,opth,2,False,mlp1,bce,msle
375,0.8504237992354994,0.17519698280802545,0.6363636363636364,0.8318098720292505,0.9912854030501089,0.904572564612326,22.0,Pedicularis.verticillata,0.46817350839288685,opth,2,False,mlp1,bce,msle
376,0.8725693544205341,0.1669869940944498,0.7857142857142857,0.7967332123411979,0.996594778660613,0.8855269793242562,14.0,Petrorhagia.prolifera,0.5824474980554837,opth,2,False,mlp1,bce,msle
377,0.8829310719721679,0.13363039922907385,0.3333333333333333,0.960730593607306,0.9868667917448405,0.973623322535863,21.0,Petrorhagia.saxifraga,0.2940639269406393,opth,2,False,mlp1,bce,msle
378,0.8777700348432055,0.3900299143368886,0.6813186813186813,0.8390243902439024,0.9673790776152981,0.8986415882967607,91.0,Phleum.alpinum,0.5203430715625839,opth,2,False,mlp1,bce,msle
379,0.9825825825825826,0.2319627192982456,1.0,0.9387387387387387,1.0,0.9684014869888475,6.0,Phleum.hirsutum,0.9387387387387387,opth,2,False,mlp1,bce,msle
380,0.8117468967605208,0.0856249765403307,0.6,0.8365122615803815,0.9935275080906149,0.908284023668639,15.0,Phleum.phleoides,0.43651226158038137,opth,2,False,mlp1,bce,msle
381,0.8907594463150018,0.20653289853010515,0.7777777777777778,0.8319559228650137,0.993421052631579,0.9055472263868066,27.0,Phyteuma.betonicifolium,0.6097337006427916,opth,2,False,mlp1,bce,msle
382,0.9181253922867703,0.13482963070557868,0.9230769230769231,0.8640072529465095,0.9989517819706499,0.926592124453087,13.0,Phyteuma.hemisphaericum,0.7870841760234326,opth,2,False,mlp1,bce,msle
383,0.8491105747742916,0.3334989915868669,0.7676767676767676,0.8043264503441495,0.9726516052318668,0.8805166846071044,99.0,Phyteuma.orbiculare,0.5720032180209171,opth,2,False,mlp1,bce,msle
384,0.9142728904847397,0.015022397028296733,0.0,0.9308797127468582,0.9980750721847931,0.9633070134695774,2.0,Phyteuma.ovatum,-0.06912028725314179,opth,2,False,mlp1,bce,msle
385,0.8954159077109897,0.2679476947703205,0.7222222222222222,0.912568306010929,0.9950347567030785,0.9520190023752969,18.0,Phyteuma.spicatum,0.6347905282331512,opth,2,False,mlp1,bce,msle
386,0.8514760147601477,0.22232862041226592,0.8125,0.6494464944649446,0.9915492957746479,0.7848383500557413,32.0,Picris.hieracioides,0.46194649446494473,opth,2,False,mlp1,bce,msle
387,0.8727897449451566,0.28889234507003864,0.7142857142857143,0.8732654949121184,0.989517819706499,0.9277641277641278,35.0,Pimpinella.major,0.5875512091978328,opth,2,False,mlp1,bce,msle
388,0.8252574906367041,0.1601087943473435,0.625,0.8183520599250936,0.9798206278026906,0.8918367346938776,48.0,Pimpinella.saxifraga,0.44335205992509374,opth,2,False,mlp1,bce,msle
389,0.9218356589876932,0.6348363220428086,0.9285714285714286,0.7708779443254818,0.9822646657571623,0.8638272345530894,182.0,Plantago.alpina,0.6994493728969104,opth,2,False,mlp1,bce,msle
390,0.850663187649489,0.16437237851984143,0.6190476190476191,0.8328767123287671,0.991304347826087,0.9052109181141439,21.0,Plantago.atrata,0.4519243313763863,opth,2,False,mlp1,bce,msle
391,0.863229575150105,0.6335809025613062,0.8576158940397351,0.7076167076167076,0.9305331179321487,0.8039078855547802,302.0,Plantago.lanceolata,0.5652326016564428,opth,2,False,mlp1,bce,msle
392,0.7696259649885832,0.0783435343168149,0.8235294117647058,0.5924214417744916,0.990726429675425,0.741469057258531,34.0,Plantago.major,0.4159508535391976,opth,2,False,mlp1,bce,msle
393,0.8454634037695927,0.5222985107859895,0.717948717948718,0.8067318132464713,0.931077694235589,0.8644560791157649,195.0,Plantago.media,0.5246805311951892,opth,2,False,mlp1,bce,msle
394,0.8999727402466207,0.4460544851422028,0.7796610169491526,0.8666035950804163,0.9860064585575888,0.9224572004028198,59.0,Plantago.maritima,0.6462646120295688,opth,2,False,mlp1,bce,msle
395,0.7002910769848439,0.013842984477831862,0.3333333333333333,0.8066847335140018,0.9933259176863182,0.8903290129611167,9.0,Platanthera.bifolia,0.1400180668473352,opth,2,False,mlp1,bce,msle
396,0.9201962975809662,0.7284542752625366,0.8924731182795699,0.8327359617682198,0.9587345254470426,0.8913043478260869,279.0,Poa.alpina,0.7252090800477897,opth,2,False,mlp1,bce,msle
397,0.7855645402815213,0.04846000993541977,0.6666666666666666,0.637915543575921,0.9985935302390999,0.7785087719298246,3.0,Poa.annua,0.3045822102425877,opth,2,False,mlp1,bce,msle
398,0.8686838735763864,0.2740015568133892,0.7464788732394366,0.8172248803827751,0.9793577981651376,0.8909754825247783,71.0,Poa.bulbosa,0.5637037536222116,opth,2,False,mlp1,bce,msle
399,0.8388888888888889,0.18526101634327646,0.16666666666666666,0.9333333333333333,0.9951969260326609,0.9632728963272896,6.0,Poa.cenisia,0.10000000000000009,opth,2,False,mlp1,bce,msle
400,0.9091277069419146,0.12356002226809912,0.3333333333333333,0.9489981785063752,0.9886148007590133,0.9684014869888475,18.0,Poa.chaixii,0.2823315118397085,opth,2,False,mlp1,bce,msle
401,0.8039259927797835,0.056224141776386814,0.5,0.9205776173285198,0.99609375,0.9568480300187617,8.0,Poa.compressa,0.42057761732851984,opth,2,False,mlp1,bce,msle
402,0.8454280839104686,0.12992081059967808,0.6666666666666666,0.8816621499548328,0.9969356486210419,0.9357622243528284,9.0,Poa.nemoralis,0.5483288166214995,opth,2,False,mlp1,bce,msle
403,0.8291859567901235,0.5248564323648071,0.7420634920634921,0.7615740740740741,0.9100968188105117,0.8292375551354757,252.0,Poa.pratensis,0.503637566137566,opth,2,False,mlp1,bce,msle
404,0.8334834834834834,0.04888123957279405,0.16666666666666666,0.9288288288288288,0.9951737451737451,0.9608574091332712,6.0,Poa.supina,0.09549549549549541,opth,2,False,mlp1,bce,msle
405,0.8298863636363636,0.08818204450990827,0.75,0.8127272727272727,0.9955456570155902,0.8948948948948949,16.0,Polygala.alpestris,0.5627272727272727,opth,2,False,mlp1,bce,msle
406,,-0.0,0.0,0.9614695340501792,1.0,0.9803563270899954,0.0,Polygala.amarella,-0.03853046594982079,opth,2,False,mlp1,bce,msle
407,0.8586727169597278,0.2915062355293586,0.3902439024390244,0.9413953488372093,0.9758919961427194,0.9583333333333334,41.0,Polygala.comosa,0.3316392512762336,opth,2,False,mlp1,bce,msle
408,0.7473068636503539,0.06084450564502507,0.6666666666666666,0.6999076638965835,0.9856957087126138,0.8185745140388769,33.0,Polygala.vulgaris,0.36657433056325006,opth,2,False,mlp1,bce,msle
409,0.6324190647482015,0.010188282169554677,0.25,0.8687050359712231,0.9969040247678018,0.9283998077847189,4.0,Polygonum.aviculare,0.11870503597122317,opth,2,False,mlp1,bce,msle
410,0.9001901140684411,0.43983278520603597,0.828125,0.8374524714828897,0.9876681614349776,0.9063786008230452,64.0,Polygonum.bistorta,0.6655774714828897,opth,2,False,mlp1,bce,msle
411,0.8783504138746551,0.48151817366490707,0.8313953488372093,0.7552966101694916,0.9609164420485176,0.8457888493475683,172.0,Polygonum.viviparum,0.5866919590067008,opth,2,False,mlp1,bce,msle
412,0.9087230215827338,0.03128824969400244,0.0,0.9802158273381295,0.9963436928702011,0.9882139619220308,4.0,Polystichum.lonchitis,-0.01978417266187049,opth,2,False,mlp1,bce,msle
413,0.8994853163790493,0.25465740085451527,0.8666666666666667,0.8501362397820164,0.997867803837953,0.918097106424718,15.0,Potentilla.argentea,0.7168029064486832,opth,2,False,mlp1,bce,msle
414,0.8708549471661864,0.3209100783750656,0.64,0.8578290105667628,0.9706521739130435,0.9107598164201938,75.0,Potentilla.aurea,0.4978290105667629,opth,2,False,mlp1,bce,msle
415,0.8538608701388659,0.37438987325138084,0.7213114754098361,0.7806841046277666,0.9580246913580247,0.8603104212860311,122.0,Potentilla.crantzii,0.5019955800376028,opth,2,False,mlp1,bce,msle
416,0.8960990375131789,0.22871683017413683,0.8518518518518519,0.8181818181818182,0.9955307262569832,0.8981854838709677,27.0,Potentilla.erecta,0.67003367003367,opth,2,False,mlp1,bce,msle
417,0.875734580932276,0.27858361376367546,0.788235294117647,0.7837051406401552,0.9782082324455206,0.8702207862143242,85.0,Potentilla.grandiflora,0.5719404347578023,opth,2,False,mlp1,bce,msle
418,0.8047408516536324,0.30888163457384077,0.4845360824742268,0.8822374877330716,0.9473129610115911,0.9136178861788617,97.0,Potentilla.neumanniana,0.3667735702072985,opth,2,False,mlp1,bce,msle
419,0.9656108597285068,0.516081060409276,0.8181818181818182,0.9058823529411765,0.9980059820538385,0.9497153700189753,11.0,Potentilla.pusilla,0.7240641711229947,opth,2,False,mlp1,bce,msle
420,0.8348375451263539,0.027087531991006927,0.875,0.7346570397111913,0.9987730061349693,0.8465938637545501,8.0,Potentilla.recta,0.6096570397111913,opth,2,False,mlp1,bce,msle
421,0.8754592695601259,0.3279791835409136,0.8461538461538461,0.7240723120837298,0.9870298313878081,0.8353457738748628,65.0,Potentilla.reptans,0.5702261582375758,opth,2,False,mlp1,bce,msle
422,0.9474347434743474,0.09998222200375222,1.0,0.8334833483348335,1.0,0.9091801669121257,5.0,Potentilla.rupestris,0.8334833483348336,opth,2,False,mlp1,bce,msle
423,0.9730774185237666,0.17697265612012156,1.0,0.8746618575293057,1.0,0.9331409331409332,7.0,Potentilla.thuringiaca,0.8746618575293057,opth,2,False,mlp1,bce,msle
424,0.7747828691224918,0.013136361664280446,0.3333333333333333,0.949685534591195,0.9981114258734656,0.9732965009208103,3.0,Primula.elatior,0.28301886792452824,opth,2,False,mlp1,bce,msle
425,0.8767985611510791,0.017559223974061212,0.5,0.8812949640287769,0.9979633401221996,0.936007640878701,4.0,Primula.farinosa,0.38129496402877683,opth,2,False,mlp1,bce,msle
426,0.8299410521632744,0.35544550361732363,0.8461538461538461,0.6756756756756757,0.974025974025974,0.7978723404255319,117.0,Primula.veris,0.5218295218295217,opth,2,False,mlp1,bce,msle
427,0.8440934065934067,0.0759016637750832,0.375,0.8818681318681318,0.9846625766871165,0.9304347826086956,24.0,Prunella.grandiflora,0.25686813186813184,opth,2,False,mlp1,bce,msle
428,0.8590328467153285,0.08833981845203899,0.25,0.9178832116788321,0.9853085210577864,0.9504015115729806,20.0,Prunella.laciniata,0.16788321167883202,opth,2,False,mlp1,bce,msle
429,0.8287920705371894,0.19944654155408167,0.8085106382978723,0.7240411599625819,0.9885057471264368,0.8358531317494601,47.0,Prunella.vulgaris,0.5325517982604542,opth,2,False,mlp1,bce,msle
430,0.8419580419580419,0.062030917929344564,0.09090909090909091,0.9828054298642533,0.9908759124087592,0.9868241708314403,11.0,Prunus.spinosa,0.07371452077334428,opth,2,False,mlp1,bce,msle
431,0.8703977272727272,0.14218739865541988,0.5625,0.8927272727272727,0.9929221435793731,0.9401627573001436,16.0,Veronica.spicata,0.4552272727272726,opth,2,False,mlp1,bce,msle
432,0.8859431096382215,0.3110670384687622,0.8627450980392157,0.7380281690140845,0.9911727616645649,0.8460710441334769,51.0,Pulsatilla.alpina,0.6007732670533001,opth,2,False,mlp1,bce,msle
433,0.9032644504342617,0.01750345065562457,0.3333333333333333,0.9020664869721473,0.9980119284294234,0.9476168003775366,3.0,Pulsatilla.halleri,0.23539982030548057,opth,2,False,mlp1,bce,msle
434,0.8974397895162922,0.11471770494223865,0.3888888888888889,0.9453551912568307,0.9895138226882746,0.9669306008383791,18.0,Pulsatilla.vernalis,0.3342440801457196,opth,2,False,mlp1,bce,msle
435,0.7999100719424461,0.019096231226313577,0.5,0.9019784172661871,0.9980099502487563,0.9475673122342938,4.0,Ranunculus.aconitifolius,0.4019784172661871,opth,2,False,mlp1,bce,msle
436,0.8668059506875296,0.5893056701201874,0.8070175438596491,0.759009009009009,0.9387186629526463,0.8393524283935243,228.0,Ranunculus.acris,0.5660265528686581,opth,2,False,mlp1,bce,msle
437,0.861089205229014,0.48575979464721236,0.8823529411764706,0.7158234660925726,0.9679767103347889,0.823019801980198,187.0,Ranunculus.bulbosus,0.5981764072690432,opth,2,False,mlp1,bce,msle
438,0.8662466246624663,0.041023886572214244,0.4,0.9225922592259226,0.9970817120622568,0.9583917718560074,5.0,Ranunculus.glacialis,0.3225922592259227,opth,2,False,mlp1,bce,msle
439,0.832667783073554,0.12268741364467867,0.5714285714285714,0.9035166816952209,0.9970149253731343,0.9479659413434248,7.0,Ranunculus.gramineus,0.4749452531237923,opth,2,False,mlp1,bce,msle
440,0.8924909676789375,0.18946389176684222,0.7631578947368421,0.8144712430426716,0.9898534385569335,0.8936386768447837,38.0,Ranunculus.kuepferi,0.5776291377795137,opth,2,False,mlp1,bce,msle
441,0.9069207300754698,0.1742431115029271,0.7058823529411765,0.8826205641492265,0.9948717948717949,0.9353905496624879,17.0,Ranunculus.montanus,0.588502917090403,opth,2,False,mlp1,bce,msle
442,0.7529761904761905,0.12545439242172005,0.75,0.6410256410256411,0.9915014164305949,0.778642936596218,24.0,Ranunculus.serpens,0.39102564102564097,opth,2,False,mlp1,bce,msle
443,0.9125,0.485576514571885,0.775,0.8327137546468402,0.9900552486187846,0.9045936395759717,40.0,Ranunculus.repens,0.6077137546468401,opth,2,False,mlp1,bce,msle
444,0.6858340820604971,0.33649296196466005,0.3333333333333333,0.8751123090745733,0.9979508196721312,0.932503590234562,3.0,Reseda.lutea,0.20844564240790664,opth,2,False,mlp1,bce,msle
445,0.8247822721610801,0.5218002107028546,0.7511520737327189,0.7486095661846496,0.9257221458046767,0.8277982779827798,217.0,Rhinanthus.alectorolophus,0.4997616399173683,opth,2,False,mlp1,bce,msle
446,0.8675067506750674,0.07209216505105655,0.4,0.8748874887488749,0.9969230769230769,0.9319271332694151,5.0,Rhinanthus.glacialis,0.2748874887488748,opth,2,False,mlp1,bce,msle
447,0.8202176113360324,0.14851390803783515,0.75,0.7781954887218046,0.9845422116527943,0.8692913385826772,52.0,Rhinanthus.minor,0.5281954887218046,opth,2,False,mlp1,bce,msle
448,0.9203519855595668,0.2727244694001848,0.5,0.9494584837545126,0.9962121212121212,0.9722735674676525,8.0,Rhododendron.ferrugineum,0.4494584837545126,opth,2,False,mlp1,bce,msle
449,0.838659661026835,0.5422385227996729,0.8197424892703863,0.7372593431483578,0.9393939393939394,0.8261421319796954,233.0,Rumex.acetosa,0.5570018324187442,opth,2,False,mlp1,bce,msle
450,0.7185973748473748,0.15000455387939698,0.5,0.8131868131868132,0.9866666666666667,0.891566265060241,24.0,Rumex.acetosella,0.3131868131868132,opth,2,False,mlp1,bce,msle
451,0.8899082568807339,0.21706585309925763,0.8846153846153846,0.7376146788990826,0.9962825278810409,0.8476541908276226,26.0,Rumex.crispus,0.6222300635144671,opth,2,False,mlp1,bce,msle
452,0.8576310907137975,0.23105649460075176,0.5789473684210527,0.8719851576994434,0.9832635983263598,0.9242871189773845,38.0,Rumex.obtusifolius,0.45093252612049595,opth,2,False,mlp1,bce,msle
453,0.6491862567811935,0.018952347978481242,0.1,0.9195298372513563,0.9912280701754386,0.9540337711069419,10.0,Rumex.scutatus,0.019529837251356374,opth,2,False,mlp1,bce,msle
454,0.9398876901308808,0.5496042835950095,0.8522727272727273,0.8861867704280155,0.9859307359307359,0.9334016393442623,88.0,Salix.herbacea,0.7384594977007428,opth,2,False,mlp1,bce,msle
455,0.8965751794034622,0.18219983131961473,0.4444444444444444,0.9017447199265382,0.9849548645937813,0.9415148609779482,27.0,Salix.reticulata,0.34618916437098246,opth,2,False,mlp1,bce,msle
456,0.8920196439533457,0.19061941530294618,0.5666666666666667,0.85451197053407,0.9861849096705633,0.9156388751850024,30.0,Salix.retusa,0.42117863720073667,opth,2,False,mlp1,bce,msle
457,0.930192390730701,0.3350511133259887,0.8947368421052632,0.8550592525068368,0.997872340425532,0.9209621993127147,19.0,Salix.serpyllifolia,0.7497960946120998,opth,2,False,mlp1,bce,msle
458,0.8889543033361368,0.6345006946729596,0.8577235772357723,0.7804597701149425,0.9509803921568627,0.8573232323232324,246.0,Salvia.pratensis,0.6381833473507148,opth,2,False,mlp1,bce,msle
459,0.8653485700465566,0.5654834968470183,0.8738738738738738,0.685682326621924,0.9563182527301092,0.7986970684039087,222.0,Sanguisorba.minor,0.5595562004957979,opth,2,False,mlp1,bce,msle
460,0.8881622767181351,0.2856284314989584,0.7333333333333333,0.8610354223433242,0.9957983193277311,0.9235265465172917,15.0,Sanguisorba.officinalis,0.5943687556766575,opth,2,False,mlp1,bce,msle
461,0.9077651024112003,0.1879650794423954,0.7857142857142857,0.8629764065335753,0.9968553459119497,0.9250972762645915,14.0,Saponaria.ocymoides,0.648690692247861,opth,2,False,mlp1,bce,msle
462,0.8586336530982629,0.08012067818987949,0.6428571428571429,0.8883847549909256,0.9949186991869918,0.9386385426653883,14.0,Saxifraga.aizoides,0.5312418978480684,opth,2,False,mlp1,bce,msle
463,0.8806600267578416,0.1930067427537303,0.6451612903225806,0.8838709677419355,0.988659793814433,0.9333333333333333,31.0,Saxifraga.granulata,0.5290322580645161,opth,2,False,mlp1,bce,msle
464,0.8282235268536638,0.07206125287212511,0.5238095238095238,0.8465753424657534,0.9893276414087513,0.9124015748031497,21.0,Saxifraga.oppositifolia,0.37038486627527734,opth,2,False,mlp1,bce,msle
465,0.8486356308341461,0.17919495708727132,0.6382978723404256,0.8381665107577175,0.9813800657174151,0.9041372351160444,47.0,Saxifraga.paniculata,0.476464383098143,opth,2,False,mlp1,bce,msle
466,0.8574423480083858,0.013631079914278033,0.0,0.9928122192273136,0.9972924187725631,0.995047276001801,3.0,Saxifraga.tridactylites,-0.007187780772686447,opth,2,False,mlp1,bce,msle
467,0.7771550982154811,0.13779862162767365,0.5510204081632653,0.7741330834114339,0.9740566037735849,0.8626631853785901,49.0,Scabiosa.columbaria,0.3251534915746992,opth,2,False,mlp1,bce,msle
468,0.8199672220704726,0.206831180771861,0.6714285714285714,0.7992351816443595,0.9732246798603027,0.8776902887139107,70.0,Scabiosa.lucida,0.47066375307293074,opth,2,False,mlp1,bce,msle
469,0.9408723021582734,0.278978978978979,0.5,0.9631294964028777,0.9981360671015843,0.9803203661327231,4.0,Scabiosa.triandra,0.4631294964028778,opth,2,False,mlp1,bce,msle
470,0.9942942942942943,0.49170227920227916,1.0,0.8576576576576577,1.0,0.9233753637245393,6.0,Scorzonera.humilis,0.8576576576576578,opth,2,False,mlp1,bce,msle
471,0.9024003623188407,0.08638892311537862,0.3333333333333333,0.9565217391304348,0.9924812030075187,0.974169741697417,12.0,Scorzonera.laciniata,0.28985507246376807,opth,2,False,mlp1,bce,msle
472,0.9073454797047971,0.348767816282074,0.8125,0.8127306273062731,0.9932356257046223,0.8939624556062912,32.0,Scutellaria.alpina,0.6252306273062731,opth,2,False,mlp1,bce,msle
473,0.8384601283226397,0.14066682700824962,0.6,0.847846012832264,0.9893048128342246,0.9131293188548865,25.0,Securigera.varia,0.4478460128322639,opth,2,False,mlp1,bce,msle
474,0.8275507114744173,0.09270381934869325,0.7333333333333333,0.784741144414169,0.9953917050691244,0.877602844083291,15.0,Sedum.acre,0.5180744777475024,opth,2,False,mlp1,bce,msle
475,0.7700277520814062,0.13809714575870616,0.5714285714285714,0.8094357076780758,0.9831460674157303,0.8878741755454084,35.0,Sedum.album,0.3808642791066472,opth,2,False,mlp1,bce,msle
476,0.9031313201757445,0.13153037845789808,0.6923076923076923,0.85766092475068,0.9957894736842106,0.9215781782756941,13.0,Sedum.atratum,0.5499686170583722,opth,2,False,mlp1,bce,msle
477,0.8739963503649635,0.08503410775792898,0.5,0.9151459854014599,0.9901283316880553,0.9511616880037933,20.0,Sedum.montanum,0.41514598540145986,opth,2,False,mlp1,bce,msle
478,0.7509536784741144,0.06346739524870809,0.5333333333333333,0.8728428701180745,0.9927685950413223,0.9289511841469309,15.0,Sedum.rupestre,0.4061762034514078,opth,2,False,mlp1,bce,msle
479,0.8569385884509624,0.2598993933548878,0.44,0.8872593950504125,0.9857433808553971,0.9339122045344911,25.0,Sedum.sexangulare,0.32725939505041257,opth,2,False,mlp1,bce,msle
480,0.871441605839416,0.2575440412579039,0.4,0.9078467153284672,0.9880834160873883,0.9462672372800761,20.0,Selaginella.selaginoides,0.3078467153284672,opth,2,False,mlp1,bce,msle
481,0.8594511325383694,0.3468391253393609,0.7058823529411765,0.7943743937924346,0.9703791469194313,0.8736,85.0,Sempervivum.arachnoideum,0.5002567467336112,opth,2,False,mlp1,bce,msle
482,0.8599959366111337,0.21163788222305507,0.5434782608695652,0.8672897196261682,0.9778714436248683,0.9192669638434868,46.0,Sempervivum.montanum,0.4107679804957334,opth,2,False,mlp1,bce,msle
483,0.8724690719599029,0.22568030682318785,0.6521739130434783,0.8700823421774931,0.9916579770594369,0.9269005847953217,23.0,Sempervivum.tectorum,0.5222562552209715,opth,2,False,mlp1,bce,msle
484,0.8766771399456522,0.3528099921017921,0.717391304347826,0.8115234375,0.969661610268378,0.8835725677830941,92.0,Senecio.doronicum,0.5289147418478262,opth,2,False,mlp1,bce,msle
485,0.8536166365280289,0.054515154911001715,0.7,0.7423146473779385,0.9963592233009708,0.8507772020725388,10.0,Senecio.erucifolius,0.44231464737793846,opth,2,False,mlp1,bce,msle
486,0.936515231092437,0.2017720769138446,0.8928571428571429,0.8501838235294118,0.9967672413793104,0.9176587301587301,28.0,Senecio.incanus,0.7430409663865547,opth,2,False,mlp1,bce,msle
487,0.9352505292872265,0.25774094374177503,0.9230769230769231,0.8513761467889909,0.9978494623655914,0.9188118811881189,26.0,Senecio.jacobaea,0.774453069865914,opth,2,False,mlp1,bce,msle
488,0.8627222868539138,0.23907787001168634,0.5454545454545454,0.8729433272394881,0.9896373056994818,0.9276347741622146,22.0,Serratula.tinctoria,0.4183978726940336,opth,2,False,mlp1,bce,msle
489,0.895143630039933,0.05884510045128372,0.5714285714285714,0.8809738503155996,0.996938775510204,0.935375777884155,7.0,Seseli.annuum,0.4524024217441709,opth,2,False,mlp1,bce,msle
490,0.8909975496288929,0.5807308531292517,0.7793103448275862,0.8527291452111225,0.9627906976744186,0.9044238121245222,145.0,Sesleria.caerulea,0.6320394900387087,opth,2,False,mlp1,bce,msle
491,0.9038777372262773,0.10885741061107898,0.95,0.8120437956204379,0.9988776655443322,0.8958228485153498,20.0,Sherardia.arvensis,0.7620437956204378,opth,2,False,mlp1,bce,msle
492,0.9545863309352518,0.07369913191831,1.0,0.8660071942446043,1.0,0.9281927710843374,4.0,Sideritis.hyssopifolia,0.8660071942446042,opth,2,False,mlp1,bce,msle
493,0.9494637915129152,0.37148770051272445,0.90625,0.834870848708487,0.9966960352422908,0.9086345381526104,32.0,Silaum.silaus,0.741120848708487,opth,2,False,mlp1,bce,msle
494,0.9190428032939755,0.3911609458028865,0.8493150684931506,0.8533077660594439,0.9877913429522752,0.9156378600823045,73.0,Silene.acaulis,0.7026228345525944,opth,2,False,mlp1,bce,msle
495,0.8227067050596462,0.08330097930106595,0.6363636363636364,0.8660633484162896,0.9958376690946931,0.9264278799612778,11.0,Silene.dioica,0.5024269847799259,opth,2,False,mlp1,bce,msle
496,0.9613360950408304,0.3771574854626229,0.9743589743589743,0.8681522748375116,0.9989316239316239,0.9289617486338798,39.0,Silene.flos.cuculi,0.8425112491964859,opth,2,False,mlp1,bce,msle
497,0.9428571428571428,0.07860070219178701,1.0,0.8056057866184448,1.0,0.8923385077616425,10.0,Silene.flos.jovis,0.805605786618445,opth,2,False,mlp1,bce,msle
498,0.83379895700298,0.2633109479821762,0.7916666666666666,0.7385057471264368,0.9809160305343512,0.8426229508196721,72.0,Silene.nutans,0.5301724137931034,opth,2,False,mlp1,bce,msle
499,0.914157916441963,0.21915115299384855,0.6551724137931034,0.9116835326586936,0.99000999000999,0.9492337164750958,29.0,Silene.otites,0.566855946451797,opth,2,False,mlp1,bce,msle
500,0.8905800082270671,0.0889254860929326,0.45454545454545453,0.9113122171945701,0.9940769990128332,0.9508970727101038,11.0,Silene.rupestris,0.3658576717400246,opth,2,False,mlp1,bce,msle
501,0.7988349580516966,0.425919530668179,0.7627118644067796,0.6783567134268537,0.9602836879432625,0.7950675278919553,118.0,Silene.vulgaris,0.4410685778336334,opth,2,False,mlp1,bce,msle
502,0.6636717580113808,0.005093227828946539,0.0,1.0,0.9973118279569892,0.9986541049798116,3.0,Sinapis.arvensis,0.0,opth,2,False,mlp1,bce,msle
503,0.8477534432151728,0.3308492805939778,0.6395348837209303,0.8019417475728156,0.9638273045507585,0.8754636989931107,86.0,Soldanella.alpina,0.4414766312937459,opth,2,False,mlp1,bce,msle
504,0.8660071942446043,0.0226529244176303,0.0,0.9892086330935251,0.9963768115942029,0.9927797833935018,4.0,Solidago.gigantea,-0.010791366906474864,opth,2,False,mlp1,bce,msle
505,0.8696609606116005,0.1795616915299712,0.8181818181818182,0.7961608775137111,0.9954285714285714,0.8847130523108176,22.0,Solidago.virgaurea,0.6143426956955294,opth,2,False,mlp1,bce,msle
506,0.8198738856273102,0.10452421154772733,0.7142857142857143,0.8392694063926941,0.9935135135135135,0.9099009900990099,21.0,Stachys.officinalis,0.5535551206784084,opth,2,False,mlp1,bce,msle
507,0.9050799433313094,0.16021160051555267,0.8333333333333334,0.8397085610200364,0.9967567567567568,0.9115175481957489,18.0,Stachys.pradica,0.6730418943533698,opth,2,False,mlp1,bce,msle
508,0.8339988004455487,0.3574448061485468,0.6363636363636364,0.820923656927427,0.9775533108866442,0.8924180327868853,55.0,Stachys.recta,0.45728729329106343,opth,2,False,mlp1,bce,msle
509,0.8900013130252101,0.19213314558993375,0.7857142857142857,0.8520220588235294,0.9935691318327974,0.917367639782286,28.0,Stellaria.graminea,0.637736344537815,opth,2,False,mlp1,bce,msle
510,0.96996996996997,0.16935383538131488,0.8333333333333334,0.9396396396396396,0.9990421455938697,0.968430826369545,6.0,Stipa.capillata,0.7729729729729731,opth,2,False,mlp1,bce,msle
511,0.9117081562436753,0.35040873564433817,0.7222222222222222,0.9335154826958105,0.9951456310679612,0.9633458646616542,18.0,Stipa.eriocaulis,0.6557377049180326,opth,2,False,mlp1,bce,msle
512,0.8563066737034016,0.11477958201255185,0.47368421052631576,0.9380127620783957,0.9903753609239654,0.9634831460674157,19.0,Succisa.pratensis,0.4116969726047115,opth,2,False,mlp1,bce,msle
513,0.9769392033542977,0.09846431797651309,1.0,0.9469901168014375,1.0,0.972773419473927,3.0,Symphytum.officinale,0.9469901168014374,opth,2,False,mlp1,bce,msle
514,0.871669736034377,0.11782870868059471,0.6666666666666666,0.8922651933701657,0.9897854954034729,0.938498789346247,30.0,Taraxacum.alpinum,0.5589318600368323,opth,2,False,mlp1,bce,msle
515,0.8228542390481819,0.5139713373083601,0.766497461928934,0.690968443960827,0.9324522760646109,0.79375,197.0,Taraxacum.officinale,0.457465905889761,opth,2,False,mlp1,bce,msle
516,0.9401978417266187,0.04118021700691633,0.75,0.8902877697841727,0.9989909182643795,0.9415121255349501,4.0,Tephroseris.integrifolia,0.6402877697841727,opth,2,False,mlp1,bce,msle
517,0.9832285115303983,0.16157407407407406,0.6666666666666666,0.9910152740341419,0.9990942028985508,0.9950383400992332,3.0,Teucrium.botrys,0.6576819407008085,opth,2,False,mlp1,bce,msle
518,0.8791748526522594,0.48351727707551106,0.7142857142857143,0.8683693516699411,0.9692982456140351,0.9160621761658031,98.0,Teucrium.chamaedrys,0.5826550659556555,opth,2,False,mlp1,bce,msle
519,0.8407626208378088,0.19867789390191412,0.4473684210526316,0.911873840445269,0.9790836653386454,0.9442843419788665,38.0,Teucrium.montanum,0.3592422614979005,opth,2,False,mlp1,bce,msle
520,0.9532397269096998,0.3380509783614161,0.42857142857142855,0.9747520288548241,0.9963133640552996,0.9854147675478578,7.0,Thalictrum.alpinum,0.40332345742625275,opth,2,False,mlp1,bce,msle
521,0.9236983842010772,0.017245989304812834,1.0,0.8734290843806104,1.0,0.9324389075227599,2.0,Thalictrum.aquilegiifolium,0.8734290843806103,opth,2,False,mlp1,bce,msle
522,0.8869560563078736,0.09231982245070902,0.7647058823529411,0.8434940855323021,0.9957035445757251,0.9133004926108375,17.0,Thalictrum.minus,0.6081999678852432,opth,2,False,mlp1,bce,msle
523,0.8527428057553956,0.016773739633669613,0.5,0.8327338129496403,0.9978448275862069,0.907843137254902,4.0,Thalictrum.simplex,0.3327338129496402,opth,2,False,mlp1,bce,msle
524,0.8132781733561398,0.2159759908469743,0.6521739130434783,0.7740164684354987,0.990632318501171,0.8690292758089369,23.0,Thesium.alpinum,0.4261903814789769,opth,2,False,mlp1,bce,msle
525,0.8543546931407943,0.029738329396067336,0.5,0.8501805054151624,0.9957716701902748,0.9172346640701071,8.0,Thesium.linophyllon,0.35018050541516255,opth,2,False,mlp1,bce,msle
526,0.883235559566787,0.09752272680742559,0.625,0.8691335740072202,0.9968944099378882,0.9286403085824494,8.0,Thesium.pyrenaicum,0.49413357400722013,opth,2,False,mlp1,bce,msle
527,0.8213644524236985,0.007330947548338853,0.0,0.8752244165170556,0.9979529170931423,0.9325681492109039,2.0,Tofieldia.calyculata,-0.12477558348294437,opth,2,False,mlp1,bce,msle
528,0.8967734657039711,0.055969996478845464,0.75,0.8167870036101083,0.9977949283351709,0.8982630272952854,8.0,Tragopogon.dubius,0.5667870036101084,opth,2,False,mlp1,bce,msle
529,0.8497942386831276,0.5452016619170694,0.8472222222222222,0.7122222222222222,0.9510385756676558,0.8144853875476493,216.0,Tragopogon.pratensis,0.5594444444444444,opth,2,False,mlp1,bce,msle
530,0.8926704545454545,0.19134423096323688,0.875,0.8345454545454546,0.9978260869565218,0.9089108910891089,16.0,Traunsteinera.globosa,0.7095454545454545,opth,2,False,mlp1,bce,msle
531,0.8230621331714227,0.13576925366153178,0.7777777777777778,0.7896174863387978,0.9954075774971297,0.8806500761808025,18.0,Trifolium.alpestre,0.5673952641165756,opth,2,False,mlp1,bce,msle
532,0.9063319338531401,0.32074563342734835,0.7818181818181819,0.8077285579641847,0.9861910241657077,0.8880829015544042,55.0,Trifolium.alpinum,0.5895467397823666,opth,2,False,mlp1,bce,msle
533,0.8348295454545455,0.15040216004369344,0.8125,0.7854545454545454,0.9965397923875432,0.8784951703101169,16.0,Trifolium.arvense,0.5979545454545454,opth,2,False,mlp1,bce,msle
534,0.82012012012012,0.09640264675443248,0.5,0.8351351351351352,0.9967741935483871,0.9088235294117647,6.0,Trifolium.aureum,0.33513513513513526,opth,2,False,mlp1,bce,msle
535,0.8704473304473304,0.3118655134288798,0.7121212121212122,0.8238095238095238,0.9785067873303167,0.8945191313340227,66.0,Trifolium.badium,0.5359307359307359,opth,2,False,mlp1,bce,msle
536,0.8250504437887075,0.2172896664586138,0.6506024096385542,0.7967086156824782,0.965962441314554,0.8732095490716181,83.0,Trifolium.campestre,0.4473110253210324,opth,2,False,mlp1,bce,msle
537,0.913451791213205,0.2860256143996066,0.9387755102040817,0.7994376757263355,0.9964953271028038,0.8871554862194487,49.0,Trifolium.dubium,0.7382131859304173,opth,2,False,mlp1,bce,msle
538,0.8698104693140793,0.10533280593616742,0.875,0.7075812274368231,0.9987261146496815,0.8283148441627047,8.0,Trifolium.medium,0.582581227436823,opth,2,False,mlp1,bce,msle
539,0.7951960448102424,0.337054378172009,0.6666666666666666,0.7613168724279835,0.9390862944162437,0.8409090909090909,144.0,Trifolium.montanum,0.42798353909465003,opth,2,False,mlp1,bce,msle
540,0.8071450196790797,0.04887569062484154,0.6,0.8319709355131698,0.9934924078091106,0.9055857637172516,15.0,Trifolium.ochroleucon,0.4319709355131698,opth,2,False,mlp1,bce,msle
541,0.7759205426356589,0.7219659882011186,0.7906976744186046,0.6183333333333333,0.7745302713987474,0.6876737720111215,516.0,Trifolium.pratense,0.4090310077519379,opth,2,False,mlp1,bce,msle
542,0.7932703945775841,0.4215117506500791,0.7777777777777778,0.6721132897603486,0.9334341906202723,0.7815072830905636,198.0,Trifolium.repens,0.44989106753812624,opth,2,False,mlp1,bce,msle
543,0.870728417266187,0.5059832208384828,0.75,0.7239208633093526,0.9987593052109182,0.8394160583941606,4.0,Trifolium.rubens,0.47392086330935257,opth,2,False,mlp1,bce,msle
544,0.8866906474820144,0.2910806625193585,0.5,0.9829136690647482,0.9981735159817352,0.9904848210240145,4.0,Trifolium.scabrum,0.4829136690647482,opth,2,False,mlp1,bce,msle
545,0.9415613718411552,0.1007184573924439,0.0,0.9945848375451264,0.9927927927927928,0.9936880072137061,8.0,Trifolium.striatum,-0.005415162454873612,opth,2,False,mlp1,bce,msle
546,0.8791906130268199,0.32973248314632625,0.5555555555555556,0.8946360153256705,0.9668737060041408,0.9293532338308458,72.0,Trifolium.thalii,0.4501915708812261,opth,2,False,mlp1,bce,msle
547,0.8408095018450185,0.27871582684985075,0.59375,0.9271217712177122,0.9872298624754421,0.956232159847764,32.0,Trinia.glauca,0.5208717712177122,opth,2,False,mlp1,bce,msle
548,0.8294223826714802,0.07011900827253752,0.375,0.9169675090252708,0.9951028403525954,0.9544387036167215,8.0,Trisetum.distichophyllum,0.2919675090252709,opth,2,False,mlp1,bce,msle
549,0.8159549966369769,0.598587843620157,0.7541528239202658,0.758282208588957,0.8930635838150289,0.8201725282017253,301.0,Trisetum.flavescens,0.5124350325092228,opth,2,False,mlp1,bce,msle
550,0.8627133424691666,0.25098256887669046,0.8405797101449275,0.7793696275071633,0.9866989117291415,0.8708644610458911,69.0,Trollius.europaeus,0.6199493376520908,opth,2,False,mlp1,bce,msle
551,0.8604372566636718,0.03196751324154214,0.6666666666666666,0.7601078167115903,0.9988193624557261,0.863265306122449,3.0,Turritis.glabra,0.42677448337825696,opth,2,False,mlp1,bce,msle
552,0.7367253750815395,0.08868869940898917,0.5238095238095238,0.8073059360730593,0.9888143176733781,0.8888888888888888,21.0,Tussilago.farfara,0.3311154598825832,opth,2,False,mlp1,bce,msle
553,0.7403635785035204,0.06769369761532976,0.34782608695652173,0.898444647758463,0.9849548645937813,0.939712918660287,23.0,Urtica.dioica,0.24627073471498484,opth,2,False,mlp1,bce,msle
554,0.945193171608266,0.0399104497710746,1.0,0.8930817610062893,1.0,0.9435215946843853,3.0,Valeriana.dioica,0.8930817610062893,opth,2,False,mlp1,bce,msle
555,0.8821640068252534,0.2631333297035407,0.6666666666666666,0.8202348690153568,0.9967069154774972,0.8999008919722498,9.0,Valeriana.montana,0.48690153568202343,opth,2,False,mlp1,bce,msle
556,0.827650805545148,0.10238830122625452,0.7647058823529411,0.7870791628753412,0.9953970080552359,0.8790650406504065,17.0,Valeriana.officinalis,0.5517850452282822,opth,2,False,mlp1,bce,msle
557,0.9024280575539569,0.022632798757017725,1.0,0.7949640287769785,1.0,0.8857715430861723,4.0,Valerianella.dentata,0.7949640287769784,opth,2,False,mlp1,bce,msle
558,0.8613134992916414,0.1390057541992781,0.7222222222222222,0.819672131147541,0.994475138121547,0.8986520219670494,18.0,Valerianella.locusta,0.5418943533697633,opth,2,False,mlp1,bce,msle
559,0.8475823155488893,0.35440596343133224,0.5641025641025641,0.9201485608170845,0.9831349206349206,0.950599520383693,39.0,Veratrum.album,0.4842511249196486,opth,2,False,mlp1,bce,msle
560,0.825291589932474,0.112394811767142,0.6,0.8471454880294659,0.9871244635193133,0.9117938553022795,30.0,Verbascum.lychnitis,0.44714548802946585,opth,2,False,mlp1,bce,msle
561,0.7136445242369838,0.004561683828460962,0.0,0.874326750448833,0.9979508196721312,0.9320574162679426,2.0,Verbascum.nigrum,-0.125673249551167,opth,2,False,mlp1,bce,msle
562,0.7895143630039932,0.031023315203407405,0.7142857142857143,0.7935076645626691,0.9977324263038548,0.8839779005524862,7.0,Verbascum.thapsus,0.5077933788483833,opth,2,False,mlp1,bce,msle
563,0.838837445806348,0.06348723716190739,0.8235294117647058,0.7825295723384895,0.996523754345307,0.8766564729867482,17.0,Verbena.officinalis,0.6060589841031954,opth,2,False,mlp1,bce,msle
564,0.9336672738312083,0.2751310034693091,0.7222222222222222,0.8624772313296903,0.9947478991596639,0.9239024390243903,18.0,Veronica.aphylla,0.5846994535519126,opth,2,False,mlp1,bce,msle
565,0.8497676781808943,0.45726022213255474,0.6762589928057554,0.804503582395087,0.9458483754512635,0.8694690265486725,139.0,Veronica.arvensis,0.4807625752008424,opth,2,False,mlp1,bce,msle
566,0.864492280930637,0.1412991090108398,0.23809523809523808,0.958904109589041,0.9849906191369606,0.971772327626099,21.0,Veronica.bellidioides,0.19699934768427907,opth,2,False,mlp1,bce,msle
567,0.8397628397628398,0.38045284097018994,0.7777777777777778,0.7597597597597597,0.9668789808917198,0.850896860986547,117.0,Veronica.chamaedrys,0.5375375375375375,opth,2,False,mlp1,bce,msle
568,0.8825728947054378,0.15422595856363933,0.6956521739130435,0.8673376029277219,0.9926701570680628,0.92578125,23.0,Veronica.fruticans,0.5629897768407655,opth,2,False,mlp1,bce,msle
569,0.9524663677130045,0.018518518518518517,1.0,0.8170403587443946,1.0,0.8993089832181639,1.0,Veronica.fruticulosa,0.8170403587443946,opth,2,False,mlp1,bce,msle
570,0.8602102102102102,0.05497452620103403,0.8333333333333334,0.8045045045045045,0.9988814317673378,0.8912175648702595,6.0,Veronica.officinalis,0.637837837837838,opth,2,False,mlp1,bce,msle
571,0.8802919708029198,0.31788829119103523,0.8,0.7928832116788321,0.995418098510882,0.88268156424581,20.0,Veronica.persica,0.5928832116788323,opth,2,False,mlp1,bce,msle
572,0.7609090909090909,0.12797998218576662,0.5,0.82,0.9912087912087912,0.8975124378109453,16.0,Veronica.serpyllifolia,0.31999999999999984,opth,2,False,mlp1,bce,msle
573,0.8828352672117731,0.5113484097503854,0.7593984962406015,0.8128179043743642,0.9614921780986763,0.8809261300992283,133.0,Vicia.cracca,0.5722164006149657,opth,2,False,mlp1,bce,msle
574,0.9049204697487736,0.30482577829940105,0.7096774193548387,0.8709677419354839,0.9905660377358491,0.9269249632172634,31.0,Vicia.hirsuta,0.5806451612903225,opth,2,False,mlp1,bce,msle
575,0.8647337545126355,0.05703255009052388,0.375,0.9115523465703971,0.9950738916256158,0.9514837494112105,8.0,Vicia.onobrychioides,0.2865523465703972,opth,2,False,mlp1,bce,msle
576,0.8809237803696671,0.456902963118909,0.6412213740458015,0.8558375634517766,0.9471910112359551,0.8992,131.0,Vicia.sativa,0.49705893749757823,opth,2,False,mlp1,bce,msle
577,0.8163753539693389,0.27030395158623,0.47368421052631576,0.9461966604823747,0.9807692307692307,0.9631728045325779,38.0,Vicia.sepium,0.41988087100869054,opth,2,False,mlp1,bce,msle
578,0.9001798561151079,0.32170315103772157,1.0,0.7140287769784173,1.0,0.8331584470094439,4.0,Vicia.tetrasperma,0.7140287769784173,opth,2,False,mlp1,bce,msle
579,0.7444720216606499,0.024084378031772907,0.125,0.9503610108303249,0.9933962264150943,0.9714022140221402,8.0,Vincetoxicum.hirundinaria,0.07536101083032487,opth,2,False,mlp1,bce,msle
580,0.5237881508078994,0.0027396020062650517,0.0,0.7755834829443446,0.9976905311778291,0.8727272727272727,2.0,Viola.arvensis,-0.22441651705565535,opth,2,False,mlp1,bce,msle
581,0.7268768768768769,0.02660836356577058,0.3333333333333333,0.9495495495495495,0.996219281663516,0.9723247232472325,6.0,Viola.biflora,0.2828828828828829,opth,2,False,mlp1,bce,msle
582,0.8171039307741876,0.13541479975578094,0.5294117647058824,0.8225352112676056,0.9733333333333334,0.8916030534351145,51.0,Viola.calcarata,0.3519469759734881,opth,2,False,mlp1,bce,msle
583,0.7688194158782394,0.05392583020968,0.45454545454545453,0.8796380090497737,0.9938650306748467,0.9332693230916946,11.0,Viola.hirta,0.3341834635952283,opth,2,False,mlp1,bce,msle
584,0.4539118705035971,0.0039793533992911806,0.0,0.8696043165467626,0.995880535530381,0.928468554968795,4.0,Viola.rupestris,-0.13039568345323738,opth,2,False,mlp1,bce,msle
585,0.9197392086330936,0.02590535515707534,0.25,0.9487410071942446,0.997164461247637,0.9723502304147466,4.0,Vulpia.myuros,0.1987410071942446,opth,2,False,mlp1,bce,msle
586,0.9303057553956835,0.16454329628947423,0.5,0.9010791366906474,0.99800796812749,0.947069943289225,4.0,Athamanta.cretensis,0.40107913669064743,opth,2,False,mlp1,bce,msle
587,0.9679544773884396,0.06252017895853512,1.0,0.9353099730458221,1.0,0.9665738161559888,3.0,Bupleurum.baldense,0.9353099730458221,opth,2,False,mlp1,bce,msle
588,0.7705935877535727,0.21862290214349922,0.29411764705882354,0.913557779799818,0.9881889763779528,0.9494089834515367,17.0,Imperatoria.ostruthium,0.2076754268586416,opth,2,False,mlp1,bce,msle
589,0.8412720552339773,0.08300831720008775,0.6153846153846154,0.8495013599274706,0.994692144373673,0.9163814180929095,13.0,Laserpitium.gallicum,0.464885975312086,opth,2,False,mlp1,bce,msle
590,0.9965796579657966,0.5088888888888888,0.8,0.9936993699369937,0.9990950226244344,0.9963898916967509,5.0,Oenanthe.silaifolia,0.7936993699369936,opth,2,False,mlp1,bce,msle
591,0.9611111111111111,0.2840702001656714,0.6666666666666666,0.954954954954955,0.9981167608286252,0.9760589318600368,6.0,Seseli.galloprovinciale,0.6216216216216215,opth,2,False,mlp1,bce,msle
592,0.9808325846061695,0.42407407407407405,0.6666666666666666,0.9901168014375562,0.99909338168631,0.9945848375451264,3.0,Torilis.leptophylla,0.6567834681042228,opth,2,False,mlp1,bce,msle
593,0.9905575539568345,0.22045454545454546,1.0,0.9568345323741008,1.0,0.9779411764705882,4.0,Achillea.ptarmica,0.9568345323741008,opth,2,False,mlp1,bce,msle
594,0.989237668161435,0.07692307692307693,1.0,0.9219730941704036,1.0,0.9594027064862343,1.0,Artemisia.alba,0.9219730941704036,opth,2,False,mlp1,bce,msle
595,0.9175675675675675,0.17921131374920724,0.6666666666666666,0.9495495495495495,0.9981060606060606,0.9732225300092336,6.0,Bombycilaena.erecta,0.6162162162162161,opth,2,False,mlp1,bce,msle
596,0.7996406109613657,0.07299107142857142,0.6666666666666666,0.8238993710691824,0.9989106753812637,0.9030034465780403,3.0,Cacalia.alliariae,0.49056603773584895,opth,2,False,mlp1,bce,msle
597,0.9072653429602889,0.14327037779391028,0.75,0.8646209386281588,0.9979166666666667,0.9264990328820116,8.0,Cacalia.alpina,0.6146209386281587,opth,2,False,mlp1,bce,msle
598,0.9327787769784173,0.19453441295546559,0.75,0.814748201438849,0.9988974641675854,0.8974739970282318,4.0,Carduus.nigrescens,0.564748201438849,opth,2,False,mlp1,bce,msle
599,0.9411273320338915,0.4060255886546422,0.6521739130434783,0.959743824336688,0.9924314096499527,0.9758139534883721,23.0,Catananche.caerulea,0.6119177373801663,opth,2,False,mlp1,bce,msle
600,0.7516424062862294,0.03190905907312152,0.7142857142857143,0.8151487826871056,0.9977924944812362,0.8972704714640198,7.0,Centaurea.alpestris,0.52943449697282,opth,2,False,mlp1,bce,msle
601,0.9398295454545454,0.3132343088622463,0.6875,0.9590909090909091,0.9952830188679245,0.9768518518518519,16.0,Centaurea.paniculata,0.646590909090909,opth,2,False,mlp1,bce,msle
602,0.7642148014440433,0.0657679757544118,0.625,0.7572202166064982,0.996437054631829,0.8605128205128205,8.0,Centaurea.triumfetti,0.3822202166064983,opth,2,False,mlp1,bce,msle
603,0.9071898496240601,0.36929890172887647,0.7692307692307693,0.8223684210526315,0.9864712514092446,0.8969759097898513,52.0,Centaurea.uniflora,0.5915991902834008,opth,2,False,mlp1,bce,msle
604,0.962016201620162,0.07831677831677833,0.8,0.9333933393339334,0.9990366088631984,0.9651000465332713,5.0,Cirsium.ferox,0.7333933393339334,opth,2,False,mlp1,bce,msle
605,0.9038345410628019,0.26103488053083523,0.8333333333333334,0.8278985507246377,0.9978165938864629,0.904950495049505,12.0,Cirsium.morisianum,0.6612318840579712,opth,2,False,mlp1,bce,msle
606,0.9951951951951952,0.5642496392496392,1.0,0.9162162162162162,1.0,0.9562764456981664,6.0,Cirsium.rivulare,0.9162162162162162,opth,2,False,mlp1,bce,msle
607,0.7958595859585958,0.026462510639329875,0.4,0.8532853285328533,0.9968454258675079,0.9194956353055286,5.0,Crepis.albida,0.25328532853285335,opth,2,False,mlp1,bce,msle
608,0.9236865942028986,0.09138502725871424,0.8333333333333334,0.8523550724637681,0.9978791092258749,0.9193942354665364,12.0,Crepis.nicaeensis,0.6856884057971016,opth,2,False,mlp1,bce,msle
609,0.8345634563456346,0.2185242342111443,0.4,0.9054905490549054,0.9970267591674926,0.9490566037735849,5.0,Doronicum.grandiflorum,0.30549054905490536,opth,2,False,mlp1,bce,msle
610,0.9271008470006027,0.3079065161864196,0.6206896551724138,0.9457221711131555,0.9894128970163619,0.967074317968015,29.0,Echinops.ritro,0.5664118262855693,opth,2,False,mlp1,bce,msle
611,0.9735188509874326,0.08961038961038961,1.0,0.8536804308797128,1.0,0.9210653753026634,2.0,Erigeron.atticus,0.8536804308797128,opth,2,False,mlp1,bce,msle
612,0.9295332136445242,0.024874967096604368,0.5,0.9569120287253142,0.9990627928772259,0.9775332416322787,2.0,Filago.vulgaris,0.4569120287253141,opth,2,False,mlp1,bce,msle
613,0.9469901168014376,0.1030920490168139,0.3333333333333333,0.9658580413297394,0.9981429897864438,0.9817351598173516,3.0,Helichrysum.stoechas,0.2991913746630728,opth,2,False,mlp1,bce,msle
614,0.9959605026929982,0.35,1.0,0.8868940754039497,1.0,0.9400570884871551,2.0,Hieracium.glanduliferum,0.8868940754039496,opth,2,False,mlp1,bce,msle
615,0.840158820192853,0.14744220933027852,0.6829268292682927,0.815813953488372,0.9853932584269663,0.8926208651399491,41.0,Pilosella.peleteriana,0.4987407827566648,opth,2,False,mlp1,bce,msle
616,0.8091215361735277,0.33033548251824446,0.7422680412371134,0.7409224730127576,0.967948717948718,0.839355197331851,97.0,Pilosella.officinarum,0.48319051424987114,opth,2,False,mlp1,bce,msle
617,0.8924276463591913,0.395079274203145,0.8571428571428571,0.8482886216466234,0.9945770065075922,0.9156265601597604,35.0,Hieracium.rionii,0.7054314787894804,opth,2,False,mlp1,bce,msle
618,0.9311546840958607,0.3852218820346158,0.6444444444444445,0.9467787114845938,0.9844660194174757,0.9652546406473108,45.0,Pilosella.corymbuloides,0.5912231559290384,opth,2,False,mlp1,bce,msle
619,0.8566003616636528,0.0782726946023245,0.4,0.9556962025316456,0.9943555973659455,0.9746426924850161,10.0,Inula.montana,0.3556962025316457,opth,2,False,mlp1,bce,msle
620,0.9124754306856283,0.4084866093697869,0.8064516129032258,0.8621700879765396,0.98,0.9173166926677067,93.0,Leontodon.pyrenaicus,0.6686217008797652,opth,2,False,mlp1,bce,msle
621,0.8568667917448405,0.34347123344839947,0.74,0.8161350844277674,0.9852774631936579,0.8927655207798871,50.0,Leucanthemum.adustum,0.5561350844277673,opth,2,False,mlp1,bce,msle
622,0.9167692554728899,0.24238793470240771,0.5294117647058824,0.9490445859872612,0.9923882017126546,0.9702325581395349,17.0,Leucanthemum.atratum,0.4784563506931434,opth,2,False,mlp1,bce,msle
623,0.9566789478193813,0.4500542430671588,0.9272727272727272,0.8953817153628653,0.9958071278825996,0.9429280397022333,55.0,Omalotheca.supina,0.8226544426355926,opth,2,False,mlp1,bce,msle
624,0.9495495495495495,0.21785231138061392,1.0,0.8306306306306306,1.0,0.90748031496063,6.0,Omalotheca.sylvatica,0.8306306306306306,opth,2,False,mlp1,bce,msle
625,0.9478885893980235,0.04490307051782461,0.3333333333333333,0.9748427672955975,0.9981600735970562,0.9863636363636363,3.0,Pulicaria.dysenterica,0.30817610062893075,opth,2,False,mlp1,bce,msle
626,0.9549143372407575,0.23568701335094777,1.0,0.8259693417493237,1.0,0.9046913580246914,7.0,Scorzonera.hispanica,0.8259693417493237,opth,2,False,mlp1,bce,msle
627,0.9956456456456456,0.5824074074074074,1.0,0.918018018018018,1.0,0.9572569281352747,6.0,Senecio.aquaticus,0.918018018018018,opth,2,False,mlp1,bce,msle
628,0.9820466786355476,0.12631578947368421,1.0,0.9631956912028725,1.0,0.9812528577960676,2.0,Senecio.vulgaris,0.9631956912028725,opth,2,False,mlp1,bce,msle
629,0.9825135379061372,0.613875399292066,0.875,0.9377256317689531,0.9990384615384615,0.9674115456238361,8.0,Serratula.lycopifolia,0.8127256317689531,opth,2,False,mlp1,bce,msle
630,0.8657823741007195,0.08674970862470863,0.75,0.8309352517985612,0.9989189189189189,0.9072164948453608,4.0,Serratula.nudicaulis,0.5809352517985613,opth,2,False,mlp1,bce,msle
631,0.8798510830324909,0.09163354176588002,0.875,0.7364620938628159,0.9987760097919217,0.8477922077922078,8.0,Sonchus.asper,0.6114620938628159,opth,2,False,mlp1,bce,msle
632,0.789346850589995,0.14470626380080645,0.45454545454545453,0.9259597806215722,0.9882926829268293,0.9561113732892874,22.0,Taraxacum.erythrospermum,0.38050523516702683,opth,2,False,mlp1,bce,msle
633,0.9547768793051812,0.03659517949919919,1.0,0.903863432165319,1.0,0.9495044832468146,3.0,Taraxacum.palustre,0.903863432165319,opth,2,False,mlp1,bce,msle
634,0.8544675090252708,0.031248506315166298,0.75,0.7951263537906137,0.9977349943374858,0.8849824208940231,8.0,Tolpis.staticifolia,0.5451263537906137,opth,2,False,mlp1,bce,msle
635,0.945994599459946,0.13869382649870454,0.6,0.9567956795679567,0.9981220657276996,0.9770220588235294,5.0,Tragopogon.crocifolius,0.5567956795679567,opth,2,False,mlp1,bce,msle
636,0.9285583941605839,0.15705097367649962,0.8,0.8585766423357665,0.9957671957671957,0.9220970112689858,20.0,Cerinthe.minor,0.6585766423357664,opth,2,False,mlp1,bce,msle
637,0.9829443447037701,0.07107843137254902,1.0,0.8985637342908438,1.0,0.9465721040189126,2.0,Cynoglossum.officinale,0.8985637342908439,opth,2,False,mlp1,bce,msle
638,0.76056654676259,0.012221081528365409,0.5,0.8255395683453237,0.9978260869565218,0.9035433070866141,4.0,Lithospermum.arvense,0.3255395683453237,opth,2,False,mlp1,bce,msle
639,0.8965909090909091,0.2275650472482274,0.8125,0.8563636363636363,0.9968253968253968,0.9212713936430318,16.0,Myosotis.decumbens,0.6688636363636364,opth,2,False,mlp1,bce,msle
640,0.7580558055805581,0.029315627476430572,0.2,0.9567956795679567,0.9962511715089035,0.9761248852157943,5.0,Myosotis.discolor,0.1567956795679568,opth,2,False,mlp1,bce,msle
641,0.9508550855085509,0.363300051203277,1.0,0.7704770477047704,1.0,0.8703609557702084,5.0,Pulmonaria.angustifolia,0.7704770477047704,opth,2,False,mlp1,bce,msle
642,0.9811320754716981,0.13351648351648351,1.0,0.9523809523809523,1.0,0.975609756097561,3.0,Alyssum.alpestre,0.9523809523809523,opth,2,False,mlp1,bce,msle
643,0.7036036036036036,0.017223770118355654,0.5,0.8567567567567568,0.9968553459119497,0.9215116279069767,6.0,Alyssum.montanum,0.35675675675675667,opth,2,False,mlp1,bce,msle
644,0.7911420863309353,0.013522986500896443,0.5,0.8318345323741008,0.9978425026968716,0.9073075036782736,4.0,Arabis.alpina,0.33183453237410077,opth,2,False,mlp1,bce,msle
645,0.9808902877697842,0.5424107142857143,1.0,0.8705035971223022,1.0,0.9307692307692308,4.0,Arabis.auriculata,0.8705035971223021,opth,2,False,mlp1,bce,msle
646,0.9451951951951951,0.08408702389208185,0.3333333333333333,0.972972972972973,0.996309963099631,0.9845031905195989,6.0,Cardamine.bellidifolia,0.3063063063063063,opth,2,False,mlp1,bce,msle
647,0.9386260798025504,0.11058242596249654,0.6363636363636364,0.9266968325791856,0.9961089494163424,0.9601500234411627,11.0,Cardamine.resedifolia,0.563060468942822,opth,2,False,mlp1,bce,msle
648,,-0.0,0.0,0.8862007168458781,1.0,0.939667458432304,0.0,Iberis.pinnata,-0.11379928315412191,opth,2,False,mlp1,bce,msle
649,0.8067192875936046,0.09972481337237989,0.8333333333333334,0.7085610200364298,0.9961587708066582,0.8281000532197977,18.0,Kandis.perfoliata,0.5418943533697633,opth,2,False,mlp1,bce,msle
650,0.8758348512446873,0.10082111245264336,0.7777777777777778,0.7950819672131147,0.9954389965792474,0.8840506329113924,18.0,Noccaea.brachypetala,0.5728597449908925,opth,2,False,mlp1,bce,msle
651,0.940658844765343,0.14666669537359192,0.75,0.9296028880866426,0.998062015503876,0.9626168224299065,8.0,Pritzelago.alpina,0.6796028880866425,opth,2,False,mlp1,bce,msle
652,0.8954776879305182,0.10080720418066443,0.3333333333333333,0.9883198562443846,0.9981851179673321,0.9932279909706546,3.0,Sisymbrium.austriacum,0.32165318957771794,opth,2,False,mlp1,bce,msle
653,0.9910313901345291,0.09090909090909091,1.0,0.9426008968609866,1.0,0.9704524469067405,1.0,Campanula.alpestris,0.9426008968609865,opth,2,False,mlp1,bce,msle
654,0.9461028455413507,0.31144336065812617,0.6206896551724138,0.954001839926403,0.9895038167938931,0.9714285714285714,29.0,Phyteuma.globulariifolium,0.5746914950988167,opth,2,False,mlp1,bce,msle
655,0.8331826401446655,0.24919497568000704,0.5,0.8580470162748643,0.9947589098532494,0.9213592233009709,10.0,Phyteuma.michelii,0.35804701627486435,opth,2,False,mlp1,bce,msle
656,0.8850629033309432,0.39276272360585873,0.7068965517241379,0.8412098298676749,0.9812568908489526,0.905852417302799,58.0,Arenaria.gothica,0.5481063815918128,opth,2,False,mlp1,bce,msle
657,0.9626891693981449,0.20335427675648424,0.6153846153846154,0.958295557570263,0.995291902071563,0.9764434180138568,13.0,Cerastium.cerastoides,0.5736801729548784,opth,2,False,mlp1,bce,msle
658,0.9275204359673024,0.32109281139769363,0.8666666666666667,0.849227974568574,0.9978655282817502,0.9175662414131501,15.0,Dianthus.hyssopifolius,0.7158946412352407,opth,2,False,mlp1,bce,msle
659,0.9134883720930231,0.3036212596177733,0.8048780487804879,0.8697674418604651,0.9915164369034994,0.9266600594648167,41.0,Dianthus.pavonius,0.6746454906409529,opth,2,False,mlp1,bce,msle
660,0.9655911552346571,0.2628009215566819,0.75,0.9602888086642599,0.99812382739212,0.9788408463661453,8.0,Minuartia.hybrida,0.7102888086642598,opth,2,False,mlp1,bce,msle
661,0.8671312949640289,0.06950662626967175,0.5,0.9685251798561151,0.9981464318813716,0.9831127339114559,4.0,Minuartia.rupestris,0.46852517985611497,opth,2,False,mlp1,bce,msle
662,0.9272628389402533,0.309768772847925,0.7049180327868853,0.909952606635071,0.9815950920245399,0.9444171175602558,61.0,Minuartia.sedoides,0.6148706394219563,opth,2,False,mlp1,bce,msle
663,0.8944529586211014,0.33812282712275865,0.6382978723404256,0.8802619270346118,0.9822546972860126,0.9284657128761716,47.0,Sagina.glabra,0.5185597993750375,opth,2,False,mlp1,bce,msle
664,0.926491862567812,0.10073218100776127,0.5,0.9412296564195298,0.9952198852772467,0.9674721189591078,10.0,Sagina.saginoides,0.4412296564195297,opth,2,False,mlp1,bce,msle
665,0.8822706705059645,0.09825408702310662,0.7272727272727273,0.7954751131221719,0.9965986394557823,0.8847508807247106,11.0,Silene.italica,0.5227478403948993,opth,2,False,mlp1,bce,msle
666,0.8364684136131347,0.10443744712095111,0.7058823529411765,0.789279112754159,0.9884259259259259,0.8776978417266187,34.0,Silene.latifolia,0.4951614656953356,opth,2,False,mlp1,bce,msle
667,0.9730941704035875,0.03225806451612903,0.0,0.9955156950672646,0.9990999099909991,0.9973045822102425,1.0,Silene.suecica,-0.004484304932735439,opth,2,False,mlp1,bce,msle
668,0.6835868157175071,0.0626968980616698,0.47368421052631576,0.854147675478578,0.989440337909187,0.9168297455968689,19.0,Chenopodium.bonus.henricus,0.32783188600489366,opth,2,False,mlp1,bce,msle
669,0.9226788432267884,0.3513996738158875,0.8095238095238095,0.8986301369863013,0.9959514170040485,0.9447911665866539,21.0,Helianthemum.apenninum,0.708153946510111,opth,2,False,mlp1,bce,msle
670,0.8167771464646464,0.26636600752459827,0.5833333333333334,0.8598484848484849,0.9732047159699893,0.9130216189039718,60.0,Helianthemum.oelandicum,0.44318181818181834,opth,2,False,mlp1,bce,msle
671,0.9878815080789947,0.11490683229813664,1.0,0.8509874326750448,1.0,0.9194956353055286,2.0,Convolvulus.cantabricus,0.8509874326750448,opth,2,False,mlp1,bce,msle
672,0.939212205536631,0.20776210621735114,0.8421052631578947,0.8842297174111212,0.9969167523124358,0.9371980676328503,19.0,Sedum.alpestre,0.7263349805690158,opth,2,False,mlp1,bce,msle
673,0.8034553681612505,0.05983878602830535,0.5454545454545454,0.8524886877828054,0.9947201689545935,0.9181286549707602,11.0,Sedum.anacampseros,0.3979432332373509,opth,2,False,mlp1,bce,msle
674,0.8799878897971541,0.16622816676643287,0.6,0.8946412352406903,0.9939455095862765,0.9416826003824091,15.0,Sedum.ochroleucum,0.49464123524069015,opth,2,False,mlp1,bce,msle
675,0.978677797833935,0.40544212581524847,0.75,0.9593862815884476,0.9981220657276996,0.9783709157846295,8.0,Sedum.sediforme,0.7093862815884475,opth,2,False,mlp1,bce,msle
676,0.9721223021582732,0.11434356351236147,1.0,0.9109712230215827,1.0,0.9534117647058824,4.0,Sempervivum.calcareum,0.9109712230215827,opth,2,False,mlp1,bce,msle
677,0.9901079136690648,0.1800125313283208,1.0,0.9001798561151079,1.0,0.9474680548982489,4.0,Euphorbia.esula,0.9001798561151078,opth,2,False,mlp1,bce,msle
678,0.9475491858887382,0.536713491417556,0.8181818181818182,0.9281716417910447,0.9920239282153539,0.9590361445783132,44.0,Anthyllis.montana,0.746353459972863,opth,2,False,mlp1,bce,msle
679,0.9533033033033033,0.3831646977769636,0.6666666666666666,0.9387387387387387,0.9980842911877394,0.9675023212627669,6.0,Argyrolobium.zanonii,0.6054054054054054,opth,2,False,mlp1,bce,msle
680,0.8851325757575756,0.3273995263256496,0.7,0.865530303030303,0.98068669527897,0.9195171026156942,60.0,Astragalus.danicus,0.5655303030303029,opth,2,False,mlp1,bce,msle
681,0.9120627572016461,0.3896597479998687,0.8055555555555556,0.8675925925925926,0.9925847457627118,0.9258893280632411,36.0,Astragalus.sempervirens,0.6731481481481483,opth,2,False,mlp1,bce,msle
682,0.9611061151079137,0.287421557770395,0.75,0.9325539568345323,0.9990366088631984,0.9646511627906976,4.0,Astragalus.vesicarius,0.6825539568345325,opth,2,False,mlp1,bce,msle
683,0.9825382538253825,0.17937053937053937,1.0,0.9153915391539154,1.0,0.9558270676691729,5.0,Bituminaria.bituminosa,0.9153915391539154,opth,2,False,mlp1,bce,msle
684,0.9916691759510188,0.5946426359469839,0.7777777777777778,0.980126467931346,0.9981600735970562,0.9890610756608933,9.0,Dorycnium.pentaphyllum,0.7579042457091236,opth,2,False,mlp1,bce,msle
685,0.9793536804308797,0.05964912280701754,1.0,0.9434470377019749,1.0,0.9709006928406466,2.0,Genista.cinerea,0.9434470377019748,opth,2,False,mlp1,bce,msle
686,0.9323291366906474,0.2751033887306284,0.75,0.9064748201438849,0.9990089197224975,0.9504950495049505,4.0,Lathyrus.hirsutus,0.656474820143885,opth,2,False,mlp1,bce,msle
687,0.9279232052669553,0.7021131720821786,0.9114583333333334,0.8376623376623377,0.9785082174462706,0.9026239067055394,192.0,Lotus.alpinus,0.749120670995671,opth,2,False,mlp1,bce,msle
688,0.8883605072463767,0.11851186733061597,0.5833333333333334,0.8577898550724637,0.9947478991596639,0.9212062256809338,12.0,Lotus.delortii,0.4411231884057971,opth,2,False,mlp1,bce,msle
689,0.9727463312368972,0.06094052866155537,1.0,0.954177897574124,1.0,0.976551724137931,3.0,Lotus.pedunculatus,0.954177897574124,opth,2,False,mlp1,bce,msle
690,0.9794238683127572,0.2776634604220811,1.0,0.8699186991869918,1.0,0.9304347826086956,9.0,Medicago.arabica,0.8699186991869918,opth,2,False,mlp1,bce,msle
691,,-0.0,0.0,0.9937275985663082,1.0,0.9968539325842697,0.0,Melilotus.neapolitanus,-0.006272401433691788,opth,2,False,mlp1,bce,msle
692,0.8894382582682401,0.15797039528069126,0.5909090909090909,0.8738574040219378,0.9906735751295337,0.9286061194754736,22.0,Ononis.cristata,0.4647664949310286,opth,2,False,mlp1,bce,msle
693,0.9007395712148911,0.1808208878412686,0.6818181818181818,0.906764168190128,0.992992992992993,0.9479216435738175,22.0,Oxytropis.lapponica,0.5885823500083096,opth,2,False,mlp1,bce,msle
694,0.8936724190130185,0.08665238313853357,0.8666666666666667,0.860127157129882,0.9978925184404637,0.9239024390243903,15.0,Trifolium.incarnatum,0.7267938237965486,opth,2,False,mlp1,bce,msle
695,0.8894318181818182,0.08997505574851929,0.6875,0.8809090909090909,0.9948665297741273,0.9344262295081968,16.0,Trifolium.pallescens,0.5684090909090909,opth,2,False,mlp1,bce,msle
696,,-0.0,0.0,0.9480286738351255,1.0,0.9733210671573137,0.0,Vicia.pannonica,-0.05197132616487454,opth,2,False,mlp1,bce,msle
697,0.8781580804516584,0.21906150432862526,0.9230769230769231,0.6944954128440367,0.997364953886693,0.8188209843158464,26.0,Vicia.tenuifolia,0.61757233592096,opth,2,False,mlp1,bce,msle
698,0.9492753623188406,0.09975396681468462,0.8333333333333334,0.9230072463768116,0.9980411361410382,0.9590588235294117,12.0,Gentiana.angustifolia,0.756340579710145,opth,2,False,mlp1,bce,msle
699,0.8895092472163182,0.2601443613594965,0.8275862068965517,0.8215271389144434,0.9944320712694877,0.8997481108312343,29.0,Gentiana.brachyphylla,0.6491133458109952,opth,2,False,mlp1,bce,msle
700,0.8470216606498194,0.024741358715437665,0.0,0.9774368231046932,0.9926672777268561,0.984993178717599,8.0,Gentiana.orbicularis,-0.022563176895306847,opth,2,False,mlp1,bce,msle
701,0.952260397830018,0.1885215726792788,0.7,0.9349005424954792,0.9971070395371263,0.9650023331777882,10.0,Gentiana.rostanii,0.6349005424954792,opth,2,False,mlp1,bce,msle
702,0.8345166493314642,0.22193471214330476,0.7301587301587301,0.768281101614435,0.9794188861985472,0.8610963278339542,63.0,Gentianella.campestris,0.4984398317731651,opth,2,False,mlp1,bce,msle
703,0.767894579215334,0.038108426189859206,0.6666666666666666,0.7960467205750225,0.9988726042841037,0.886,3.0,Gentianella.ciliata,0.4627133872416891,opth,2,False,mlp1,bce,msle
704,0.900359066427289,0.05465116279069768,0.5,0.9425493716337523,0.9990485252140818,0.9699769053117783,2.0,Gentianella.tenella,0.4425493716337523,opth,2,False,mlp1,bce,msle
705,0.8594874100719425,0.03381104679284551,0.0,0.9865107913669064,0.9963669391462306,0.991414369633981,4.0,Hypericum.tetrapterum,-0.013489208633093552,opth,2,False,mlp1,bce,msle
706,0.8952724462192451,0.10677340335906435,0.2857142857142857,0.9594229035166817,0.9953227315247896,0.9770431588613406,7.0,Herniaria.incana,0.2451371892309675,opth,2,False,mlp1,bce,msle
707,0.9398023360287511,0.031464776107240355,1.0,0.8526504941599281,1.0,0.9204655674102813,3.0,Calamintha.nepeta,0.8526504941599282,opth,2,False,mlp1,bce,msle
708,0.9582582582582584,0.09399534644099862,0.8333333333333334,0.8900900900900901,0.9989888776541962,0.9414006669842783,6.0,Mentha.aquatica,0.7234234234234234,opth,2,False,mlp1,bce,msle
709,0.8263477229932352,0.052121725895278005,0.6153846153846154,0.8232094288304623,0.9945235487404163,0.9007936507936508,13.0,Mentha.longifolia,0.43859404421507775,opth,2,False,mlp1,bce,msle
710,0.9408071748878923,0.014925373134328358,1.0,0.8941704035874439,1.0,0.9441287878787878,1.0,Nepeta.nepetella,0.8941704035874438,opth,2,False,mlp1,bce,msle
711,0.8702872531418312,0.009982200413720114,0.0,0.9048473967684022,0.998019801980198,0.9491525423728814,2.0,Prunella.hyssopifolia,-0.0951526032315978,opth,2,False,mlp1,bce,msle
712,0.9690305206463196,0.06612903225806452,0.5,0.9622980251346499,0.9990680335507922,0.9803383630544125,2.0,Teucrium.polium,0.46229802513465,opth,2,False,mlp1,bce,msle
713,0.9913147648996706,0.3134920634920635,1.0,0.9308176100628931,1.0,0.9641693811074918,3.0,Linum.bienne,0.9308176100628931,opth,2,False,mlp1,bce,msle
714,0.8526459854014599,0.07631076988252651,0.5,0.8895985401459854,0.9898477157360406,0.937049495434887,20.0,Linum.suffruticosum,0.3895985401459854,opth,2,False,mlp1,bce,msle
715,0.9765554553651938,0.18479574547645516,1.0,0.9404869251577999,1.0,0.9693308550185874,7.0,Lythrum.salicaria,0.9404869251577999,opth,2,False,mlp1,bce,msle
716,0.9768435251798562,0.20128223703274412,1.0,0.710431654676259,1.0,0.8307045215562566,4.0,Althaea.hirsuta,0.710431654676259,opth,2,False,mlp1,bce,msle
717,0.914721723518851,0.015420159037180314,0.0,0.9838420107719928,0.9981785063752276,0.9909584086799277,2.0,Epilobium.parviflorum,-0.016157989228007152,opth,2,False,mlp1,bce,msle
718,0.8887488748874888,0.039014601568674374,0.8,0.8757875787578758,0.9989733059548255,0.9333333333333333,5.0,Plantago.sempervirens,0.675787578757876,opth,2,False,mlp1,bce,msle
719,0.9315227772933017,0.44622729171665587,0.8695652173913043,0.8710601719197708,0.990228013029316,0.926829268292683,69.0,Armeria.alpina,0.740625389311075,opth,2,False,mlp1,bce,msle
720,0.8384498940357251,0.0790586584848657,0.4666666666666667,0.9182561307901907,0.9921491658488715,0.9537735849056603,15.0,Polygala.calcarea,0.3849227974568574,opth,2,False,mlp1,bce,msle
721,0.8785334555453712,0.2429000228576515,0.72,0.8203483043079743,0.9922394678492239,0.8981435022579026,25.0,Rumex.arifolius,0.5403483043079742,opth,2,False,mlp1,bce,msle
722,0.8316861335729261,0.014974771558906553,0.3333333333333333,0.9505840071877808,0.9981132075471698,0.9737689829728486,3.0,Rumex.conglomeratus,0.28391734052111417,opth,2,False,mlp1,bce,msle
723,0.763901549680948,0.07723933070636838,0.7894736842105263,0.715587967183227,0.9949302915082383,0.8324496288441146,19.0,Rumex.nebroides,0.5050616513937534,opth,2,False,mlp1,bce,msle
724,0.8673863636363636,0.16766321046652383,0.625,0.9181818181818182,0.9940944881889764,0.9546313799621928,16.0,Rumex.pseudalpinus,0.5431818181818182,opth,2,False,mlp1,bce,msle
725,0.8834830430797435,0.10855041900810697,0.72,0.8194317140238313,0.9922308546059934,0.8975903614457831,25.0,Androsace.adfinis,0.5394317140238312,opth,2,False,mlp1,bce,msle
726,0.9073545966228893,0.3392461141056714,0.86,0.8217636022514071,0.9920724801812004,0.8989225243714726,50.0,Androsace.vitaliana,0.6817636022514071,opth,2,False,mlp1,bce,msle
727,0.693069306930693,0.011629722867603736,0.4,0.7200720072007201,0.9962640099626401,0.8359456635318704,5.0,Primula.vulgaris,0.12007200720071998,opth,2,False,mlp1,bce,msle
728,0.9069069069069069,0.11579047652549129,0.6666666666666666,0.8414414414414414,0.9978632478632479,0.9130009775171065,6.0,Aconitum.anthora,0.508108108108108,opth,2,False,mlp1,bce,msle
729,0.9103102189781022,0.2678629374174668,0.65,0.9224452554744526,0.9931237721021611,0.956480605487228,20.0,Anemone.baldensis,0.5724452554744526,opth,2,False,mlp1,bce,msle
730,0.9616561656165616,0.11283741009389134,0.8,0.8856885688568857,0.9989847715736041,0.9389312977099237,5.0,Anemone.narcissifolia,0.6856885688568859,opth,2,False,mlp1,bce,msle
731,0.9115798922800719,0.0766099185788305,0.5,0.9425493716337523,0.9990485252140818,0.9699769053117783,2.0,Caltha.palustris,0.4425493716337523,opth,2,False,mlp1,bce,msle
732,0.7810235507246377,0.06707234503057834,0.8333333333333334,0.6748188405797102,0.9973226238286479,0.8049702863317126,12.0,Ranunculus.aduncus,0.5081521739130435,opth,2,False,mlp1,bce,msle
733,0.9611414693381906,0.32551224453827976,0.8888888888888888,0.8979963570127505,0.9979757085020243,0.9453499520613614,18.0,Ranunculus.carinthiacus,0.7868852459016393,opth,2,False,mlp1,bce,msle
734,0.847783436076119,0.3145047642316707,0.6593406593406593,0.8302439024390244,0.9648526077097506,0.8925013109596225,91.0,Ranunculus.sartorianus,0.4895845617796837,opth,2,False,mlp1,bce,msle
735,0.9138938848920863,0.32189413283811624,0.5,0.9010791366906474,0.99800796812749,0.947069943289225,4.0,Reseda.phyteuma,0.40107913669064743,opth,2,False,mlp1,bce,msle
736,0.8632401143733872,0.04639680663105284,0.6153846153846154,0.8703535811423391,0.9948186528497409,0.9284332688588007,13.0,Alchemilla.fissa,0.4857381965269545,opth,2,False,mlp1,bce,msle
737,0.8839359592324564,0.4367955253921464,0.6986301369863014,0.8868648130393096,0.9767687434002112,0.9296482412060302,73.0,Alchemilla.flabellata,0.585494950025611,opth,2,False,mlp1,bce,msle
738,0.8601247936427993,0.20432103084970213,0.7272727272727273,0.7691597414589104,0.9893111638954869,0.8654545454545455,33.0,Alchemilla.glabra,0.4964324687316377,opth,2,False,mlp1,bce,msle
739,0.9037644201578628,0.14046593771020457,0.9444444444444444,0.761384335154827,0.998805256869773,0.8640826873385012,18.0,Alchemilla.glaucescens,0.7058287795992713,opth,2,False,mlp1,bce,msle
740,0.867437508995826,0.1846698255471551,0.7368421052631579,0.8742023701002735,0.9948132780082988,0.9306162057253761,19.0,Alchemilla.monticola,0.6110444753634314,opth,2,False,mlp1,bce,msle
741,0.9610594795539034,0.45084052970158467,0.875,0.921003717472119,0.9949799196787149,0.9565637065637066,40.0,Alchemilla.pentaphyllea,0.7960037174721188,opth,2,False,mlp1,bce,msle
742,0.9638173740833913,0.3124206759822029,0.9411764705882353,0.8944494995450409,0.9989837398373984,0.943831012962074,17.0,Filipendula.ulmaria,0.8356259701332762,opth,2,False,mlp1,bce,msle
743,0.9425493716337522,0.02254305977710233,1.0,0.8931777378815081,1.0,0.9435751541014699,2.0,Potentilla.brauneana,0.893177737881508,opth,2,False,mlp1,bce,msle
744,0.9366007194244603,0.06722164287953761,1.0,0.6339928057553957,1.0,0.7760044028618602,4.0,Potentilla.neglecta,0.6339928057553958,opth,2,False,mlp1,bce,msle
745,0.9435324620509806,0.4611326346716291,0.873015873015873,0.8746438746438746,0.9913885898815931,0.929364278506559,63.0,Sibbaldia.procumbens,0.7476597476597475,opth,2,False,mlp1,bce,msle
746,0.8373764600179694,0.016014497097583152,0.3333333333333333,0.9101527403414196,0.9980295566502463,0.9520676691729323,3.0,Galium.megalospermum,0.24348607367475283,opth,2,False,mlp1,bce,msle
747,0.8660807700355723,0.42853120975608716,0.7962962962962963,0.7796610169491526,0.9868891537544696,0.8711204629142556,54.0,Galium.obliquum,0.575957313245449,opth,2,False,mlp1,bce,msle
748,0.9559748427672956,0.04177782697736204,1.0,0.7897574123989218,1.0,0.8825301204819277,3.0,Galium.palustre,0.7897574123989219,opth,2,False,mlp1,bce,msle
749,0.9686186186186186,0.09891000356362598,1.0,0.8324324324324325,1.0,0.9085545722713865,6.0,Galium.pseudohelveticum,0.8324324324324324,opth,2,False,mlp1,bce,msle
750,0.9083557951482479,0.18231514226937567,0.3333333333333333,0.9667565139263252,0.9981447124304267,0.9821999087174806,3.0,Galium.uliginosum,0.3000898472596585,opth,2,False,mlp1,bce,msle
751,0.8866906474820144,0.020253103870125147,0.5,0.8983812949640287,0.998001998001998,0.9455750118315192,4.0,Salix.foetida,0.39838129496402885,opth,2,False,mlp1,bce,msle
752,0.8905062475846965,0.10696568233217646,0.42857142857142855,0.9810640216411182,0.9963369963369964,0.9886415265788278,7.0,Thesium.divaricatum,0.40963545021254677,opth,2,False,mlp1,bce,msle
753,0.877124773960217,0.09246017822240239,0.6,0.8553345388788427,0.9957894736842106,0.9202334630350194,10.0,Saxifraga.bryoides,0.45533453887884257,opth,2,False,mlp1,bce,msle
754,0.8715968549763564,0.1892540429961727,0.7272727272727273,0.8079409048938134,0.9898190045248869,0.8896797153024911,33.0,Saxifraga.exarata,0.5352136321665406,opth,2,False,mlp1,bce,msle
755,0.9073811670745846,0.15261242165441824,0.7142857142857143,0.866546438232642,0.9979231568016614,0.9276061776061776,7.0,Digitalis.grandiflora,0.5808321525183562,opth,2,False,mlp1,bce,msle
756,0.7680417544916189,0.06872608390815653,0.5555555555555556,0.7759710930442638,0.9953650057937428,0.8720812182741117,9.0,Euphrasia.officinalis,0.3315266485998194,opth,2,False,mlp1,bce,msle
757,0.9528528528528528,0.08453258534666976,0.5,0.9432432432432433,0.9971428571428571,0.9694444444444444,6.0,Linaria.simplex,0.44324324324324316,opth,2,False,mlp1,bce,msle
758,,-0.0,0.0,0.7625448028673835,1.0,0.8652770716827657,0.0,Pedicularis.cenisia,-0.23745519713261654,opth,2,False,mlp1,bce,msle
759,0.9157882175106409,0.23981321180110082,1.0,0.7419945105215004,1.0,0.851890756302521,23.0,Pedicularis.comosa,0.7419945105215004,opth,2,False,mlp1,bce,msle
760,0.8478113718411553,0.026543086347430578,0.625,0.8122743682310469,0.9966777408637874,0.8950770760815515,8.0,Pedicularis.kerneri,0.43727436823104693,opth,2,False,mlp1,bce,msle
761,0.7023060796645703,0.007092693766926532,0.0,0.9766397124887691,0.9972477064220183,0.9868361325465275,3.0,Pedicularis.rosea,-0.02336028751123087,opth,2,False,mlp1,bce,msle
762,0.8658478460128323,0.11050002975302213,0.6,0.8285976168652612,0.9890590809628009,0.9017456359102244,25.0,Pedicularis.rostratospicata,0.4285976168652612,opth,2,False,mlp1,bce,msle
763,0.8190819081908192,0.014068663570601617,0.0,0.9531953195319532,0.9953007518796992,0.9737931034482759,5.0,Verbascum.chaixii,-0.046804680468046755,opth,2,False,mlp1,bce,msle
764,0.8983497705302217,0.1811328596647161,0.7631578947368421,0.8506493506493507,0.990280777537797,0.9151696606786427,38.0,Veronica.allionii,0.6138072453861927,opth,2,False,mlp1,bce,msle
765,0.9298572315332092,0.38157766771063956,0.7619047619047619,0.8938547486033519,0.9896907216494846,0.9393346379647749,42.0,Veronica.alpina,0.6557595105081138,opth,2,False,mlp1,bce,msle
766,0.8068886861313869,0.08349018895136653,0.5,0.8813868613138686,0.9897540983606558,0.9324324324324325,20.0,Veronica.austriaca,0.3813868613138687,opth,2,False,mlp1,bce,msle
767,0.853003003003003,0.06483070870624671,0.6666666666666666,0.8108108108108109,0.9977827050997783,0.8946322067594433,6.0,Veronica.verna,0.4774774774774775,opth,2,False,mlp1,bce,msle
768,0.9615035916033196,0.4108499145703882,0.9230769230769231,0.9383499546690843,0.999034749034749,0.967741935483871,13.0,Valeriana.tuberosa,0.8614268777460075,opth,2,False,mlp1,bce,msle
769,0.885,0.2301784459772913,0.8125,0.8372727272727273,0.9967532467532467,0.9100790513833992,16.0,Viola.saxatilis,0.6497727272727274,opth,2,False,mlp1,bce,msle
770,0.9674010791366906,0.09407675657675657,1.0,0.9280575539568345,1.0,0.9626865671641791,4.0,Carex.acutiformis,0.9280575539568345,opth,2,False,mlp1,bce,msle
771,0.9925541516245487,0.5773809523809523,1.0,0.9422382671480144,1.0,0.9702602230483272,8.0,Carex.bicolor,0.9422382671480145,opth,2,False,mlp1,bce,msle
772,0.9587443946188341,0.02127659574468085,1.0,0.9004484304932735,1.0,0.9476168003775366,1.0,Carex.cuprina,0.9004484304932734,opth,2,False,mlp1,bce,msle
773,0.983033033033033,0.18580165531385043,0.6666666666666666,0.9819819819819819,0.9981684981684982,0.9900090826521344,6.0,Carex.disticha,0.6486486486486487,opth,2,False,mlp1,bce,msle
774,0.9462419350998738,0.349112117945411,0.8717948717948718,0.851439182915506,0.9945770065075922,0.9174587293646823,39.0,Carex.foetida,0.7232340547103777,opth,2,False,mlp1,bce,msle
775,0.8533370527930819,0.13298857980524512,0.5384615384615384,0.8902991840435177,0.9939271255060729,0.9392635102821616,13.0,Carex.frigida,0.42876072250505626,opth,2,False,mlp1,bce,msle
776,0.9942394239423942,0.5045454545454546,0.6,0.9927992799279928,0.9981900452488688,0.9954873646209387,5.0,Carex.melanostachya,0.5927992799279926,opth,2,False,mlp1,bce,msle
777,0.8902877697841727,0.13839030549822942,0.25,0.9244604316546763,0.997090203685742,0.9594027064862343,4.0,Carex.ovalis,0.17446043165467628,opth,2,False,mlp1,bce,msle
778,0.9108108108108108,0.0827258833548699,0.6666666666666666,0.8684684684684685,0.9979296066252588,0.928709055876686,6.0,Carex.paniculata,0.535135135135135,opth,2,False,mlp1,bce,msle
779,0.9167341010478265,0.2611743163411958,0.7555555555555555,0.8674136321195145,0.9882978723404255,0.9239184485330681,45.0,Carex.parviflora,0.62296918767507,opth,2,False,mlp1,bce,msle
780,0.6919891989198921,0.01205650435426596,0.2,0.7425742574257426,0.9951749095295537,0.8505154639175257,5.0,Carex.viridula,-0.05742574257425748,opth,2,False,mlp1,bce,msle
781,0.70818345323741,0.0072262537794901445,0.0,0.9505395683453237,0.9962299717247879,0.9728485964104924,4.0,Eleocharis.quinqueflora,-0.049460431654676285,opth,2,False,mlp1,bce,msle
782,0.6252248201438848,0.007572570705389158,0.25,0.8848920863309353,0.9969604863221885,0.9375893282515484,4.0,Eriophorum.polystachion,0.1348920863309353,opth,2,False,mlp1,bce,msle
783,0.9065311162067252,0.296864598825367,0.711864406779661,0.8647114474929044,0.9817400644468314,0.9195171026156942,59.0,Kobresia.myosuroides,0.5765758542725654,opth,2,False,mlp1,bce,msle
784,0.78770197486535,0.011973875181422351,0.0,0.9721723518850988,0.9981566820276497,0.984993178717599,2.0,Schoenus.nigricans,-0.027827648114901238,opth,2,False,mlp1,bce,msle
785,0.9636445242369839,0.036062378167641324,0.0,0.9982046678635548,0.9982046678635548,0.9982046678635548,2.0,Scirpoides.holoschoenus,-0.0017953321364452268,opth,2,False,mlp1,bce,msle
786,0.823537878424411,0.052411841459711374,0.6842105263157895,0.7793983591613491,0.9930313588850174,0.8733401430030644,19.0,Muscari.neglectum,0.4636088854771385,opth,2,False,mlp1,bce,msle
787,0.8890967153284672,0.15535776487860423,0.7,0.8822992700729927,0.9938335046248715,0.9347510874818753,20.0,Crocus.vernus,0.5822992700729928,opth,2,False,mlp1,bce,msle
788,0.9445544554455446,0.10817656591277391,0.6,0.9684968496849685,0.9981447124304267,0.983097304705345,5.0,Juncus.conglomeratus,0.5684968496849685,opth,2,False,mlp1,bce,msle
789,0.9176222232883942,0.2240259988601993,0.7894736842105263,0.8632634457611669,0.9957939011566772,0.9248046875,19.0,Luzula.alpinopilosa,0.6527371299716931,opth,2,False,mlp1,bce,msle
790,0.9074475992269957,0.2169579102409575,0.8064516129032258,0.8451612903225807,0.9934994582881906,0.9133466135458167,31.0,Luzula.nutans,0.6516129032258065,opth,2,False,mlp1,bce,msle
791,0.6654708520179372,0.00267379679144385,0.0,0.9228699551569507,0.9990291262135922,0.9594405594405594,1.0,Gagea.fragifera,-0.0771300448430493,opth,2,False,mlp1,bce,msle
792,0.9192895683453237,0.11446093998094632,0.5,0.9370503597122302,0.9980842911877394,0.9666048237476809,4.0,Tulipa.australis,0.43705035971223016,opth,2,False,mlp1,bce,msle
793,0.8938517179023509,0.151064124036785,0.8,0.7956600361663653,0.9977324263038548,0.8853118712273642,10.0,Dactylorhiza.latifolia,0.5956600361663653,opth,2,False,mlp1,bce,msle
794,0.9165162454873647,0.06086283821889988,0.625,0.898014440433213,0.996993987975952,0.9449192782526116,8.0,Ophrys.fuciflora,0.5230144404332129,opth,2,False,mlp1,bce,msle
795,0.8261261261261261,0.01996162820630906,0.3333333333333333,0.8972972972972973,0.996,0.9440758293838862,6.0,Orchis.purpurea,0.23063063063063072,opth,2,False,mlp1,bce,msle
796,0.8640035906642729,0.009529521524723444,0.5,0.8833034111310593,0.9989847715736041,0.9375893282515484,2.0,Orchis.simia,0.38330341113105915,opth,2,False,mlp1,bce,msle
797,0.9388751683879659,0.47036294212831503,0.8529411764705882,0.8959923664122137,0.9894625922023182,0.9404106159238859,68.0,Alopecurus.alpinus,0.7489335428828019,opth,2,False,mlp1,bce,msle
798,0.9928925992779783,0.3511121553884712,1.0,0.983754512635379,1.0,0.991810737033667,8.0,Alopecurus.rendlei,0.983754512635379,opth,2,False,mlp1,bce,msle
799,0.8128975437909776,0.4191815394822532,0.8128342245989305,0.6759956942949408,0.947209653092006,0.7889447236180904,187.0,Avenula.pubescens,0.4888299188938712,opth,2,False,mlp1,bce,msle
800,0.8351900170164492,0.16857095443222964,0.6829268292682927,0.838139534883721,0.9857768052516411,0.905982905982906,41.0,Avenula.versicolor,0.5210663641520137,opth,2,False,mlp1,bce,msle
801,0.8005668454850559,0.3514297087745686,0.8037974683544303,0.6482254697286013,0.9524539877300614,0.7714285714285715,158.0,Brachypodium.rupestre,0.4520229380830316,opth,2,False,mlp1,bce,msle
802,0.9043192102015631,0.18801754424415587,0.8181818181818182,0.8389140271493213,0.9978471474703983,0.911504424778761,11.0,Bromus.commutatus,0.6570958453311395,opth,2,False,mlp1,bce,msle
803,0.9804288321167883,0.4173652994135286,1.0,0.7965328467153284,1.0,0.8867445403758253,20.0,Bromus.racemosus,0.7965328467153285,opth,2,False,mlp1,bce,msle
804,0.7822835299983381,0.11739617603288502,0.5909090909090909,0.7696526508226691,0.9894242068155111,0.8658097686375321,22.0,Elytrigia.repens,0.36056174173176014,opth,2,False,mlp1,bce,msle
805,0.9395618232183329,0.3289569062161343,0.8787878787878788,0.850415512465374,0.9956756756756757,0.9173306772908366,33.0,Festuca.cinerea,0.7292033912532527,opth,2,False,mlp1,bce,msle
806,0.8431327160493827,0.15958484831647,0.5833333333333334,0.8675925925925926,0.9842436974789915,0.922244094488189,36.0,Festuca.marginata,0.45092592592592595,opth,2,False,mlp1,bce,msle
807,0.8578257726369058,0.37348669963025816,0.8545454545454545,0.7385685884691849,0.9789196310935442,0.8419263456090652,110.0,Festuca.pratensis,0.5931140430146393,opth,2,False,mlp1,bce,msle
808,0.8981064021641119,0.2333284269665531,0.5714285714285714,0.9486023444544635,0.9971563981042654,0.9722735674676525,7.0,Festuca.trichophylla,0.520030915883035,opth,2,False,mlp1,bce,msle
809,0.9093381686310062,0.2853098881432214,0.6923076923076923,0.9093381686310064,0.9960278053624627,0.9507109004739337,13.0,Gaudinia.fragilis,0.6016458609386985,opth,2,False,mlp1,bce,msle
810,0.9553270259152612,0.1306683477588682,0.9090909090909091,0.893212669683258,0.9989878542510121,0.9431438127090301,11.0,Helictotrichon.parlatorei,0.802303578774167,opth,2,False,mlp1,bce,msle
811,0.9221819518857023,0.5655745263805709,0.9298245614035088,0.781437125748503,0.9898862199747156,0.8733965421081985,114.0,Helictotrichon.sedenense,0.7112616871520117,opth,2,False,mlp1,bce,msle
812,0.923740821847224,0.31720217287765184,0.8571428571428571,0.8701532912533815,0.9989648033126294,0.9301204819277108,7.0,Helictotrichon.sempervirens,0.7272961483962386,opth,2,False,mlp1,bce,msle
813,0.9424460431654675,0.15168689122272405,0.25,0.9802158273381295,0.9972552607502287,0.9886621315192744,4.0,Hordeum.murinum,0.2302158273381294,opth,2,False,mlp1,bce,msle
814,0.9867867867867868,0.5700396825396825,1.0,0.8990990990990991,1.0,0.9468690702087287,6.0,Hordeum.secalinum,0.8990990990990992,opth,2,False,mlp1,bce,msle
815,0.8186714542190305,0.007826139305279634,0.5,0.8680430879712747,0.9989669421487604,0.9289145052833814,2.0,Koeleria.cenisia,0.36804308797127483,opth,2,False,mlp1,bce,msle
816,0.8304466727438469,0.11527312853389832,0.5263157894736842,0.9124886052871468,0.9910891089108911,0.9501661129568106,19.0,Molinia.caerulea,0.4388043947608309,opth,2,False,mlp1,bce,msle
817,0.8209922028960671,0.19146101807492388,0.8363636363636363,0.6644674835061263,0.9873949579831933,0.7943661971830986,55.0,Phleum.pratense,0.5008311198697626,opth,2,False,mlp1,bce,msle
818,0.8823451396473709,0.42944530165610567,0.8769230769230769,0.7545638945233266,0.9789473684210527,0.852233676975945,130.0,Poa.trivialis,0.6314869714464035,opth,2,False,mlp1,bce,msle
819,0.971908844765343,0.19936370708627904,0.875,0.9287003610108303,0.9990291262135922,0.9625818521983162,8.0,Vulpia.bromoides,0.8037003610108302,opth,2,False,mlp1,bce,msle
820,0.9825382538253825,0.4182012578616352,1.0,0.9486948694869487,1.0,0.9736720554272518,5.0,Vulpia.ciliata,0.9486948694869488,opth,2,False,mlp1,bce,msle
821,0.9622115633912367,0.33131983897449796,0.7142857142857143,0.9637023593466425,0.9962476547842402,0.9797047970479705,14.0,Equisetum.variegatum,0.6779880736323567,opth,2,False,mlp1,bce,msle
822,0.9381687242798353,0.2999621001188277,0.6388888888888888,0.9314814814814815,0.9872423945044161,0.9585516912815627,36.0,Pachypleurum.mutellinoides,0.5703703703703704,opth,2,False,mlp1,bce,msle
823,0.9544773884396526,0.07027400498190876,1.0,0.8373764600179695,1.0,0.9114914425427872,3.0,Libanotis.pyrenaica,0.8373764600179694,opth,2,False,mlp1,bce,msle
824,0.8514055354472354,0.2390047015203123,0.7441860465116279,0.7744641192917054,0.9869358669833729,0.8678851174934726,43.0,Alchemilla.alpigena,0.5186501658033333,opth,2,False,mlp1,bce,msle
825,0.9637861010830324,0.2992198016220665,0.75,0.9467509025270758,0.9980970504281637,0.9717461787864752,8.0,Anacamptis.morio,0.6967509025270759,opth,2,False,mlp1,bce,msle
826,0.9792605951307485,0.37838571351028605,1.0,0.8584310189359784,1.0,0.9238233867054828,7.0,Mutellina.adonidifolia,0.8584310189359785,opth,2,False,mlp1,bce,msle
827,0.9107430516165627,0.3499962826827782,0.7804878048780488,0.8753488372093023,0.9905263157894737,0.9293827160493827,41.0,Avenula.pratensis,0.6558366420873512,opth,2,False,mlp1,bce,msle
828,0.8797814207650274,0.11338397794257438,0.7777777777777778,0.8032786885245902,0.9954853273137697,0.8891129032258065,18.0,Gymnadenia.nigra,0.5810564663023681,opth,2,False,mlp1,bce,msle
829,0.9497757847533632,0.017543859649122806,0.0,0.9668161434977578,0.9990732159406858,0.9826800364630811,1.0,Murbeckiella.pinnatifida,-0.033183856502242204,opth,2,False,mlp1,bce,msle
830,0.9850254567235699,0.11018014243820695,1.0,0.9658580413297394,1.0,0.9826325411334552,3.0,Silene.conica,0.9658580413297395,opth,2,False,mlp1,bce,msle
