,auc,prauc,sensitivity,specificity,precision,f1,support,species,tss,postprocess,fold,prr,archi,species_loss,func_loss
0,0.6587344838026037,0.020404451736111315,0.6,0.5640326975476839,0.9904306220095693,0.71875,15.0,Aceras.anthropophorum,0.1640326975476838,opth,2,False,mlp1,bce,msle
1,0.8252823565323565,0.15870302094529787,0.75,0.7646520146520146,0.9928656361474435,0.8639420589756854,24.0,Achillea.collina,0.5146520146520146,opth,2,False,mlp1,bce,msle
2,0.6620027447736502,0.33670634597903104,0.7295081967213115,0.49655963302752293,0.8677354709418837,0.6316557257476295,244.0,Achillea.millefolium,0.22606782974883455,opth,2,False,mlp1,bce,msle
3,0.8827672780528628,0.06113588328692617,0.8461538461538461,0.7996373526745241,0.997737556561086,0.8877705083039759,13.0,Achillea.nana,0.6457911988283702,opth,2,False,mlp1,bce,msle
4,0.8098792654713707,0.1590536207643659,0.8076923076923077,0.6090225563909775,0.9848024316109423,0.7526132404181185,52.0,Achillea.roseo.alba,0.4167148640832852,opth,2,False,mlp1,bce,msle
5,0.7957809694793536,0.009817070898997802,0.5,0.7459605026929982,0.9987980769230769,0.8540596094552929,2.0,Achnatherum.calamagrostis,0.24596050269299807,opth,2,False,mlp1,bce,msle
6,0.7400593181670034,0.12538401783008973,0.7241379310344828,0.6465028355387523,0.9771428571428571,0.7781569965870307,58.0,Acinos.alpinus,0.37064076657323497,opth,2,False,mlp1,bce,msle
7,0.7178409090909091,0.030877631404863333,0.75,0.5790909090909091,0.9937597503900156,0.7317633543940264,16.0,Acinos.arvensis,0.3290909090909091,opth,2,False,mlp1,bce,msle
8,0.5233812949640289,0.004707183297741411,0.25,0.6097122302158273,0.9955947136563876,0.7562744004461796,4.0,Aconitum.lycoctonum,-0.14028776978417268,opth,2,False,mlp1,bce,msle
9,0.5146714671467147,0.005880155515299756,0.0,0.9288928892889289,0.9951783992285439,0.9608938547486033,5.0,Cacalia.leucophylla,-0.07110711071107112,opth,2,False,mlp1,bce,msle
10,0.6421486538709261,0.009513582759803995,0.0,0.9215509467989179,0.9931972789115646,0.9560336763330215,7.0,Aegopodium.podagraria,-0.07844905320108209,opth,2,False,mlp1,bce,msle
11,0.7992599444958373,0.09692520966941838,0.8,0.6197964847363552,0.9896602658788775,0.7622298065984073,35.0,Agrimonia.eupatoria,0.41979648473635534,opth,2,False,mlp1,bce,msle
12,0.8373575529089196,0.1496558007389202,0.5818181818181818,0.820923656927427,0.9742729306487695,0.8910485933503837,55.0,Agrostis.alpina,0.40274183874560876,opth,2,False,mlp1,bce,msle
13,0.7920511862507006,0.2353331440063168,0.8773584905660378,0.5801980198019802,0.9782971619365609,0.728402734617775,106.0,Agrostis.capillaris,0.4575565103680179,opth,2,False,mlp1,bce,msle
14,0.8413719746111459,0.23248139856926675,0.6851851851851852,0.7984934086629002,0.9803468208092485,0.8801245459263103,54.0,Agrostis.rupestris,0.4836785938480854,opth,2,False,mlp1,bce,msle
15,0.6757793430504219,0.05305639567585822,0.5384615384615384,0.7488667271078876,0.9927884615384616,0.8537467700258398,13.0,Agrostis.agrostiflora,0.28732826556942603,opth,2,False,mlp1,bce,msle
16,0.7126942499837448,0.16158468111409355,0.4883720930232558,0.8033550792171482,0.9751131221719457,0.8809402146142055,43.0,Agrostis.stolonifera,0.291727172240404,opth,2,False,mlp1,bce,msle
17,0.6343216531895777,0.006552663691222439,0.6666666666666666,0.7358490566037735,0.998780487804878,0.8473874806001035,3.0,Ajuga.chamaepitys,0.40251572327044016,opth,2,False,mlp1,bce,msle
18,0.8009463313456053,0.03512420125204257,0.8571428571428571,0.6243194192377496,0.9971014492753624,0.7678571428571429,14.0,Ajuga.genevensis,0.4814622763806067,opth,2,False,mlp1,bce,msle
19,0.8653870926188328,0.04079290753704469,0.5714285714285714,0.7899008115419297,0.9965870307167235,0.8812877263581489,7.0,Ajuga.pyramidalis,0.3613293829705011,opth,2,False,mlp1,bce,msle
20,0.7862763613471828,0.12538377849762086,0.7192982456140351,0.6968838526912181,0.9787798408488063,0.8141202426916713,57.0,Ajuga.reptans,0.4161820983052533,opth,2,False,mlp1,bce,msle
21,0.8324432166973603,0.09566807683584483,0.7666666666666667,0.7440147329650092,0.9914110429447853,0.8500789058390321,30.0,Alchemilla.alpina,0.5106813996316759,opth,2,False,mlp1,bce,msle
22,0.5931327814353693,0.0743159936263984,0.5517241379310345,0.5897920604914934,0.96,0.7306791569086651,58.0,Alchemilla.xanthochlora,0.14151619842252794,opth,2,False,mlp1,bce,msle
23,0.6741741741741741,0.019943971924515476,0.5,0.5657657657657658,0.9952456418383518,0.7214244686961516,6.0,Allium.lusitanicum,0.06576576576576576,opth,2,False,mlp1,bce,msle
24,0.7730223429951691,0.1367182103118049,0.5833333333333334,0.8387681159420289,0.9946294307196563,0.9100737100737101,12.0,Allium.oleraceum,0.4221014492753623,opth,2,False,mlp1,bce,msle
25,0.6509234029669997,0.07179510736361559,0.4666666666666667,0.8946412352406903,0.9919436052366566,0.9407831900668577,15.0,Allium.schoenoprasum,0.36130790190735684,opth,2,False,mlp1,bce,msle
26,0.5274774774774774,0.0067279773568344435,0.16666666666666666,0.818018018018018,0.9945235487404163,0.897676717745922,6.0,Allium.scorodoprasum,-0.015315315315315381,opth,2,False,mlp1,bce,msle
27,0.7864031089574438,0.0801439784734438,0.6842105263157895,0.8076572470373746,0.9932735426008968,0.8908999497234792,19.0,Allium.sphaerocephalon,0.49186777335316423,opth,2,False,mlp1,bce,msle
28,0.5956460131392504,0.008309199756650992,1.0,0.43913435527502254,1.0,0.6102756892230576,7.0,Allium.vineale,0.4391343552750224,opth,2,False,mlp1,bce,msle
29,0.9025316455696203,0.231589552469325,0.9,0.755877034358047,0.998805256869773,0.8605249613998971,10.0,Alopecurus.pratensis,0.6558770343580469,opth,2,False,mlp1,bce,msle
30,0.6444180169466329,0.04042391564612289,0.41935483870967744,0.6995391705069124,0.9768339768339769,0.8152524167561761,31.0,Alyssum.alyssoides,0.11889400921658977,opth,2,False,mlp1,bce,msle
31,0.7307280954339778,0.019449886455938373,0.6363636363636364,0.6841628959276018,0.9947368421052631,0.8107238605898124,11.0,Anacamptis.pyramidalis,0.3205265322912383,opth,2,False,mlp1,bce,msle
32,0.863796045367861,0.041975790441204974,0.7777777777777778,0.8310749774164409,0.9978308026030369,0.9068506653523903,9.0,Androsace.obtusifolia,0.6088527551942187,opth,2,False,mlp1,bce,msle
33,0.8444244604316546,0.017655187249598536,1.0,0.5989208633093526,1.0,0.749156355455568,4.0,Angelica.sylvestris,0.5989208633093526,opth,2,False,mlp1,bce,msle
34,0.8690320572673513,0.18193137890006242,0.7333333333333333,0.8151260504201681,0.9864406779661017,0.8926380368098159,45.0,Antennaria.carpatica,0.5484593837535012,opth,2,False,mlp1,bce,msle
35,0.8436379636268823,0.16489051777334687,0.7068965517241379,0.7901701323251418,0.9800703399765534,0.8749345892203035,58.0,Antennaria.dioica,0.4970666840492797,opth,2,False,mlp1,bce,msle
36,0.622976618705036,0.010478355264016638,0.5,0.6303956834532374,0.9971550497866287,0.7724517906336088,4.0,Anthemis.arvensis,0.13039568345323738,opth,2,False,mlp1,bce,msle
37,0.7533056779880736,0.03872473403914513,0.6428571428571429,0.6733212341197822,0.9933065595716198,0.8025959978366685,14.0,Anthericum.liliago,0.3161783769769251,opth,2,False,mlp1,bce,msle
38,0.5684431278797172,0.3337055556571529,0.6048632218844985,0.5400254129606099,0.7657657657657657,0.6333830104321908,329.0,Anthoxanthum.odoratum,0.1448886348451084,opth,2,False,mlp1,bce,msle
39,0.8249542961608776,0.11277494172037962,0.8636363636363636,0.6471663619744058,0.9957805907172996,0.7844875346260388,22.0,Anthriscus.sylvestris,0.5108027256107694,opth,2,False,mlp1,bce,msle
40,0.6996053643503107,0.32623403649967564,0.6010362694300518,0.6728060671722643,0.8896848137535817,0.7661937075879087,193.0,Anthyllis.vulneraria,0.27384233660231616,opth,2,False,mlp1,bce,msle
41,0.6072710951526032,0.0038599920675392372,0.5,0.5825852782764811,0.9984615384615385,0.735827664399093,2.0,Aphanes.arvensis,0.0825852782764811,opth,2,False,mlp1,bce,msle
42,0.6090377697841727,0.00543756127854177,0.0,0.9037769784172662,0.9960356788899901,0.9476661951909476,4.0,Aquilegia.vulgaris,-0.09622302158273377,opth,2,False,mlp1,bce,msle
43,0.5183183183183183,0.006386906001481301,0.5,0.5864864864864865,0.9954128440366973,0.7380952380952381,6.0,Arabidopsis.thaliana,0.08648648648648649,opth,2,False,mlp1,bce,msle
44,0.8039251276233692,0.1516156018008542,0.6341463414634146,0.8669767441860465,0.9841605068637803,0.9218595450049456,41.0,Arabis.ciliata,0.5011230856494611,opth,2,False,mlp1,bce,msle
45,0.7183403558052435,0.07647564962008699,0.6875,0.6601123595505618,0.9791666666666666,0.7885906040268457,48.0,Arabis.hirsuta,0.3476123595505618,opth,2,False,mlp1,bce,msle
46,0.7030708661417323,0.1795762647993785,0.56,0.6594488188976378,0.938375350140056,0.7745664739884393,100.0,Arenaria.serpyllifolia,0.219448818897638,opth,2,False,mlp1,bce,msle
47,0.7052607913669064,0.008322239177177459,0.75,0.7239208633093526,0.9987593052109182,0.8394160583941606,4.0,Armeria.arenaria,0.47392086330935257,opth,2,False,mlp1,bce,msle
48,0.7210227272727273,0.07458059874641652,0.5625,0.8254545454545454,0.9923497267759562,0.9012406947890819,16.0,Arnica.montana,0.38795454545454544,opth,2,False,mlp1,bce,msle
49,0.8322704081632653,0.4308574285945591,0.9030612244897959,0.6565217391304348,0.9695024077046549,0.7828904731043422,196.0,Arrhenatherum.elatius,0.5595829636202305,opth,2,False,mlp1,bce,msle
50,0.724820143884892,0.01173138820017645,0.75,0.6618705035971223,0.9986431478968792,0.7961060032449973,4.0,Artemisia.absinthium,0.4118705035971222,opth,2,False,mlp1,bce,msle
51,0.7460519511515971,0.07485738169628602,0.34782608695652173,0.8737419945105215,0.9845360824742269,0.9258361609306834,23.0,Artemisia.campestris,0.22156808146704332,opth,2,False,mlp1,bce,msle
52,0.6192192192192192,0.008851033438375447,0.16666666666666666,0.8765765765765766,0.9948875255623721,0.9319923371647509,6.0,Artemisia.vulgaris,0.043243243243243246,opth,2,False,mlp1,bce,msle
53,0.7689156678731659,0.13911893831343453,0.5348837209302325,0.7343895619757689,0.9752475247524752,0.837852206273259,43.0,Asperula.cynanchica,0.2692732829060014,opth,2,False,mlp1,bce,msle
54,0.8783905967450272,0.11778358852490232,0.7,0.8860759493670886,0.9969481180061037,0.9382479655337482,10.0,Asphodelus.albus,0.5860759493670886,opth,2,False,mlp1,bce,msle
55,0.8780909947733698,0.22677526743632834,0.7636363636363637,0.8077285579641847,0.9850574712643678,0.887622993267737,55.0,Aster.alpinus,0.5713649216005483,opth,2,False,mlp1,bce,msle
56,0.769887426453083,0.07918135424623236,0.6296296296296297,0.7520661157024794,0.9879372738238842,0.8540145985401459,27.0,Aster.bellidiastrum,0.38169574533210904,opth,2,False,mlp1,bce,msle
57,0.8177737881508078,0.04098679098679099,1.0,0.5457809694793537,1.0,0.7061556329849012,2.0,Aster.linosyris,0.5457809694793538,opth,2,False,mlp1,bce,msle
58,0.8679417122040073,0.07810128117713876,0.6666666666666666,0.8579234972677595,0.9936708860759493,0.9208211143695014,18.0,Astragalus.alpinus,0.5245901639344261,opth,2,False,mlp1,bce,msle
59,0.4444444444444444,0.003844471280810964,0.3333333333333333,0.6846361185983828,0.9973821989528796,0.8119339371337241,3.0,Astragalus.depressus,0.017969451931716174,opth,2,False,mlp1,bce,msle
60,0.6515098681916451,0.01725864967049043,0.3076923076923077,0.7751586582048957,0.9895833333333334,0.8693441789527199,13.0,Astragalus.monspessulanus,0.08285096589720342,opth,2,False,mlp1,bce,msle
61,0.7913279132791328,0.024906062372200305,0.5555555555555556,0.8274616079494128,0.9956521739130435,0.9037987173162308,9.0,Astragalus.onobrychis,0.3830171635049684,opth,2,False,mlp1,bce,msle
62,0.4743705035971223,0.0064577289997118726,0.25,0.8372302158273381,0.9967880085653105,0.9100684261974584,4.0,Astragalus.penduliflorus,0.08723021582733814,opth,2,False,mlp1,bce,msle
63,0.7829838530596707,0.09341739126779966,0.8275862068965517,0.5722171113155474,0.9920255183413078,0.7257876312718786,29.0,Astrantia.major,0.39980331821209925,opth,2,False,mlp1,bce,msle
64,0.7242124212421241,0.0207392757758597,0.4,0.810981098109811,0.9966814159292036,0.8942928039702234,5.0,Astrantia.minor,0.21098109810981103,opth,2,False,mlp1,bce,msle
65,0.8056435309973047,0.16588435751090186,0.6785714285714286,0.7424528301886792,0.977639751552795,0.8439678284182306,56.0,Deschampsia.flexuosa,0.42102425876010785,opth,2,False,mlp1,bce,msle
66,0.7667452830188679,0.10832908332500074,0.6607142857142857,0.6962264150943396,0.9749009247027741,0.8123280132085856,56.0,Bartsia.alpina,0.35694070080862517,opth,2,False,mlp1,bce,msle
67,0.7959306155309962,0.15730847396720804,0.8,0.6089438629876308,0.9800918836140888,0.7511737089201878,65.0,Bellis.perennis,0.40894386298763097,opth,2,False,mlp1,bce,msle
68,0.775,0.04196916594289746,0.625,0.7563636363636363,0.9928400954653938,0.8586171310629515,16.0,Biscutella.laevigata,0.38136363636363635,opth,2,False,mlp1,bce,msle
69,0.724781692261367,0.01712374134760762,0.5555555555555556,0.7326106594399278,0.9950920245398773,0.8439125910509886,9.0,Blackstonia.perfoliata,0.28816621499548334,opth,2,False,mlp1,bce,msle
70,0.8111510791366906,0.011222302666044291,0.5,0.8048561151079137,0.9977703455964325,0.8909905425584869,4.0,Blysmus.compressus,0.30485611510791366,opth,2,False,mlp1,bce,msle
71,0.6258155174144334,0.011222065593801494,0.2222222222222222,0.7994579945799458,0.992152466367713,0.8854427213606804,9.0,Bothriochloa.ischaemum,0.02168021680216814,opth,2,False,mlp1,bce,msle
72,0.8315063185130557,0.24236268093653476,0.5844155844155844,0.8421559191530318,0.9647188533627343,0.8992805755395683,77.0,Botrychium.lunaria,0.4265715035686162,opth,2,False,mlp1,bce,msle
73,0.6947202166064983,0.013441257204998095,0.75,0.5938628158844765,0.996969696969697,0.744343891402715,8.0,Brachypodium.sylvaticum,0.34386281588447654,opth,2,False,mlp1,bce,msle
74,0.7205499814195466,0.34123984132523827,0.776255707762557,0.5429208472686734,0.9085820895522388,0.6796929518492673,219.0,Briza.media,0.31917655503123044,opth,2,False,mlp1,bce,msle
75,0.8413532343944716,0.6692172708966452,0.8505154639175257,0.6909340659340659,0.8966131907308378,0.7804499612102405,388.0,Bromus.erectus,0.5414495298515916,opth,2,False,mlp1,bce,msle
76,0.8199663324306521,0.17652204706549834,0.8153846153846154,0.6565176022835395,0.9829059829059829,0.7872219053051911,65.0,Bromus.hordeaceus,0.4719022176681549,opth,2,False,mlp1,bce,msle
77,0.43575920934411494,0.0030701559237359248,0.6666666666666666,0.46810422282120395,0.9980842911877394,0.637308868501529,3.0,Bromus.squarrosus,0.13477088948787053,opth,2,False,mlp1,bce,msle
78,0.6774593862815885,0.012377627525453676,0.75,0.592057761732852,0.9969604863221885,0.7429218573046432,8.0,Bromus.sterilis,0.34205776173285196,opth,2,False,mlp1,bce,msle
79,0.7275768535262206,0.019183579530371142,0.9,0.35804701627486435,0.9974811083123426,0.5269461077844312,10.0,Bromus.tectorum,0.2580470162748645,opth,2,False,mlp1,bce,msle
80,0.8155136268343817,0.014933942925829335,1.0,0.6639712488769093,1.0,0.7980561555075594,3.0,Bunias.orientalis,0.6639712488769094,opth,2,False,mlp1,bce,msle
81,0.827003121748179,0.23948330950634292,0.7096774193548387,0.7571157495256167,0.9779411764705882,0.853475935828877,62.0,Bunium.bulbocastanum,0.4667931688804554,opth,2,False,mlp1,bce,msle
82,0.8342135772252995,0.02079668409565477,1.0,0.6474301172227231,1.0,0.7859879584017515,7.0,Buphthalmum.salicifolium,0.647430117222723,opth,2,False,mlp1,bce,msle
83,0.7550735755631495,0.0489497167901434,0.6153846153846154,0.7679057116953762,0.994131455399061,0.8664961636828644,13.0,Bupleurum.falcatum,0.38329032707999167,opth,2,False,mlp1,bce,msle
84,0.8041007043726899,0.039922779150164435,0.6153846153846154,0.7452402538531279,0.9939540507859734,0.8518134715025907,13.0,Bupleurum.ranunculoides,0.3606248692377432,opth,2,False,mlp1,bce,msle
85,0.6924431818181819,0.05710198425298137,0.5625,0.65,0.9903047091412742,0.7848518111964874,16.0,Calamagrostis.varia,0.2124999999999999,opth,2,False,mlp1,bce,msle
86,,-0.0,0.0,0.5492831541218638,1.0,0.7090803932909197,0.0,Calluna.vulgaris,-0.4507168458781362,opth,2,False,mlp1,bce,msle
87,0.8851438942183045,0.15171771351354035,0.14285714285714285,0.9927404718693285,0.9891500904159132,0.9909420289855072,14.0,Calystegia.sepium,0.13559761472647125,opth,2,False,mlp1,bce,msle
88,0.7827648114901257,0.00605937510578518,0.0,0.8563734290843806,0.997907949790795,0.9217391304347826,2.0,Campanula.barbata,-0.14362657091561937,opth,2,False,mlp1,bce,msle
89,0.6900041135335253,0.01858246273452963,0.36363636363636365,0.8,0.9921436588103255,0.8857715430861723,11.0,Campanula.cochleariifolia,0.16363636363636358,opth,2,False,mlp1,bce,msle
90,0.8172787923714536,0.20354442012190585,0.7464788732394366,0.7196172248803828,0.9766233766233766,0.8286501377410468,71.0,Campanula.glomerata,0.46609609811981945,opth,2,False,mlp1,bce,msle
91,0.6831001805054151,0.012960616080667469,0.25,0.8023465703971119,0.9932960893854749,0.8876684972541188,8.0,Campanula.rapunculoides,0.05234657039711177,opth,2,False,mlp1,bce,msle
92,0.4858363309352518,0.004152974772992877,0.0,0.7419064748201439,0.9951749095295537,0.8500772797527048,4.0,Campanula.rapunculus,-0.25809352517985606,opth,2,False,mlp1,bce,msle
93,0.8129601873023863,0.2803206329553694,0.8651685393258427,0.5511197663096398,0.9792387543252595,0.7052959501557632,89.0,Campanula.rhomboidalis,0.41628830563548247,opth,2,False,mlp1,bce,msle
94,0.6824786706792607,0.1533980145505717,0.7272727272727273,0.5270403146509341,0.9520426287744227,0.6784810126582278,99.0,Campanula.rotundifolia,0.25431304192366144,opth,2,False,mlp1,bce,msle
95,0.8513578791377038,0.38509910671997377,0.6666666666666666,0.8187311178247734,0.9519906323185011,0.8803465078505684,123.0,Campanula.scheuchzeri,0.4853977844914401,opth,2,False,mlp1,bce,msle
96,,-0.0,0.0,0.7159498207885304,1.0,0.8344647519582246,0.0,Campanula.thyrsoides,-0.2840501792114696,opth,2,False,mlp1,bce,msle
97,0.6496966315642653,0.026544516019420046,0.5384615384615384,0.6464188576609248,0.9916550764951322,0.7826564215148188,13.0,Capsella.bursa.pastoris,0.1848803961224632,opth,2,False,mlp1,bce,msle
98,0.8415913200723328,0.04084590568164055,0.6,0.8110307414104883,0.9955604883462819,0.8938714499252616,10.0,Cardamine.pratensis,0.41103074141048834,opth,2,False,mlp1,bce,msle
99,0.80428946221097,0.34391766333116786,0.6842105263157895,0.7934893184130214,0.948905109489051,0.8642659279778393,133.0,Carduus.defloratus,0.4776998447288108,opth,2,False,mlp1,bce,msle
100,0.5780125899280576,0.005099395576291884,0.5,0.5,0.996415770609319,0.665868263473054,4.0,Carduus.nutans,0.0,opth,2,False,mlp1,bce,msle
101,0.7526978417266187,0.009090134007382442,0.75,0.585431654676259,0.9984662576687117,0.7380952380952381,4.0,Carex.atrata,0.335431654676259,opth,2,False,mlp1,bce,msle
102,0.8933108633653097,0.12702561246790556,0.42857142857142855,0.9373865698729582,0.9923150816522575,0.9640690620625292,14.0,Carex.capillaris,0.3659579984443868,opth,2,False,mlp1,bce,msle
103,0.6721533755872986,0.13436113415548767,0.5591397849462365,0.6529814271749755,0.9421720733427362,0.7713625866050808,93.0,Carex.caryophyllea,0.21212121212121193,opth,2,False,mlp1,bce,msle
104,0.8647468298306288,0.1281714733561218,0.7380952380952381,0.7905027932960894,0.9872093023255814,0.8779731127197518,42.0,Carex.curvula,0.5285980313913274,opth,2,False,mlp1,bce,msle
105,0.4902350813743219,0.010032585773845065,0.2,0.6925858951175407,0.9896640826873385,0.8148936170212766,10.0,Carex.davalliana,-0.10741410488245928,opth,2,False,mlp1,bce,msle
106,0.32944344703770195,0.001996679638687565,0.0,0.5718132854578097,0.9968701095461658,0.7267541357672561,2.0,Carex.distans,-0.42818671454219026,opth,2,False,mlp1,bce,msle
107,0.9448936807427374,0.08544539856015265,1.0,0.7035040431266847,1.0,0.8259493670886076,3.0,Carex.divulsa,0.7035040431266846,opth,2,False,mlp1,bce,msle
108,0.9019784172661871,0.029123647052081963,0.75,0.762589928057554,0.9988221436984688,0.8648648648648649,4.0,Carex.ericetorum,0.5125899280575541,opth,2,False,mlp1,bce,msle
109,0.6697392086330936,0.016001915533562675,0.5,0.8507194244604317,0.9978902953586498,0.9184466019417475,4.0,Carex.ferruginea,0.3507194244604317,opth,2,False,mlp1,bce,msle
110,0.7066940770608527,0.17148463947166515,0.6460176991150443,0.67098703888335,0.9438990182328191,0.7843822843822844,113.0,Carex.flacca,0.31700473799839424,opth,2,False,mlp1,bce,msle
111,0.7789522058823529,0.06755237686593692,0.6071428571428571,0.7821691176470589,0.9872389791183295,0.8728205128205129,28.0,Carex.halleriana,0.3893119747899161,opth,2,False,mlp1,bce,msle
112,0.784709409594096,0.09405864816739502,0.59375,0.731549815498155,0.9838709677419355,0.8391534391534392,32.0,Carex.hirta,0.325299815498155,opth,2,False,mlp1,bce,msle
113,0.5701438848920863,0.005133540718949943,0.0,0.7383093525179856,0.9951515151515151,0.8477026329375322,4.0,Carex.hostiana,-0.2616906474820144,opth,2,False,mlp1,bce,msle
114,0.7946756827731092,0.06562845513331358,0.6428571428571429,0.7150735294117647,0.9873096446700508,0.8294243070362474,28.0,Carex.humilis,0.35793067226890773,opth,2,False,mlp1,bce,msle
115,0.6458277578547342,0.022782472261899146,0.23529411764705882,0.8116469517743403,0.9856353591160221,0.8902195608782435,17.0,Carex.liparocarpos,0.046941069421399195,opth,2,False,mlp1,bce,msle
116,0.77572202166065,0.02081438019612979,0.75,0.5902527075812274,0.9969512195121951,0.7414965986394558,8.0,Carex.montana,0.3402527075812274,opth,2,False,mlp1,bce,msle
117,0.7228211146028084,0.050727459761700164,0.6956521739130435,0.6010978956999085,0.9894578313253012,0.7478656801365965,23.0,Carex.spicata,0.2967500696129519,opth,2,False,mlp1,bce,msle
118,0.5900274977085243,0.08175206014610276,0.16,0.854262144821265,0.9779643231899265,0.9119373776908023,25.0,Carex.nigra,0.014262144821264977,opth,2,False,mlp1,bce,msle
119,0.7751356238698011,0.038310327820541785,0.5,0.8264014466546112,0.9945593035908596,0.9027160493827161,10.0,Carex.ornithopoda,0.32640144665461124,opth,2,False,mlp1,bce,msle
120,0.7690777576853527,0.024233911792875963,0.8,0.7088607594936709,0.9974554707379135,0.828752642706131,10.0,Carex.pallescens,0.5088607594936709,opth,2,False,mlp1,bce,msle
121,0.7136322049405307,0.0459848210396066,0.6086956521739131,0.6852698993595608,0.9881266490765171,0.8092922744462453,23.0,Carex.panicea,0.29396555153347403,opth,2,False,mlp1,bce,msle
122,0.783933933933934,0.02193625986243935,0.5,0.7882882882882883,0.9965831435079726,0.8802816901408451,6.0,Carex.rupestris,0.28828828828828845,opth,2,False,mlp1,bce,msle
123,0.842167784471979,0.4188982091003515,0.8789473684210526,0.7181425485961123,0.9665697674418605,0.8240396530359355,190.0,Carex.sempervirens,0.5970899170171649,opth,2,False,mlp1,bce,msle
124,0.8011504692703604,0.054984193910595225,0.4666666666666667,0.8029064486830154,0.9910313901345291,0.8871048670346212,15.0,Carex.tomentosa,0.2695731153496821,opth,2,False,mlp1,bce,msle
125,0.8144163616862754,0.3295087637977115,0.7479674796747967,0.7633434038267876,0.9607097591888466,0.8507295173961841,123.0,Carlina.acaulis,0.5113108835015843,opth,2,False,mlp1,bce,msle
126,0.798113677912581,0.06925396298853226,0.6363636363636364,0.7787934186471663,0.9906976744186047,0.872057318321392,22.0,Carlina.vulgaris,0.4151570550108028,opth,2,False,mlp1,bce,msle
127,0.7729585140557229,0.20762975461693847,0.8051948051948052,0.563041385948027,0.975,0.713849908480781,77.0,Carum.carvi,0.36823619114283224,opth,2,False,mlp1,bce,msle
128,0.8373061627879615,0.42081147995635426,0.9615384615384616,0.5963597430406852,0.9875886524822695,0.7436582109479306,182.0,Centaurea.jacea,0.5578982045791467,opth,2,False,mlp1,bce,msle
129,0.791580750563081,0.14161057207189962,0.8620689655172413,0.5032198712051518,0.9927404718693285,0.6678876678876678,29.0,Centaurea.montana,0.3652888367223932,opth,2,False,mlp1,bce,msle
130,0.8018360240582463,0.2866294545027907,0.8632478632478633,0.5765765765765766,0.972972972972973,0.7240729101194218,117.0,Centaurea.scabiosa,0.43982443982443975,opth,2,False,mlp1,bce,msle
131,0.82764983948027,0.506010456961658,0.8054298642533937,0.6893854748603352,0.9348484848484848,0.7935691318327974,221.0,Cerastium.arvense,0.4948153391137289,opth,2,False,mlp1,bce,msle
132,0.7083941605839417,0.03616404434667055,0.5,0.7372262773722628,0.9877750611246944,0.8443051201671892,20.0,Cerastium.brachypetalum,0.23722627737226265,opth,2,False,mlp1,bce,msle
133,0.745879917184265,0.26137391755933614,0.6733333333333333,0.6532091097308489,0.9279411764705883,0.7667071688942891,150.0,Cerastium.fontanum,0.3265424430641821,opth,2,False,mlp1,bce,msle
134,0.764839596700275,0.13711318101235995,0.64,0.7167736021998167,0.988621997471555,0.8310308182784272,25.0,Cerastium.glomeratum,0.3567736021998167,opth,2,False,mlp1,bce,msle
135,0.7090340909090909,0.027890016128422967,0.625,0.6527272727272727,0.9917127071823204,0.7872807017543859,16.0,Cerastium.pumilum,0.2777272727272728,opth,2,False,mlp1,bce,msle
136,0.6046931407942239,0.012734613235164595,0.375,0.5830324909747292,0.9923195084485407,0.7345082433200683,8.0,Cerastium.semidecandrum,-0.0419675090252708,opth,2,False,mlp1,bce,msle
137,0.7351603061606808,0.036505491903657795,0.8235294117647058,0.5131938125568699,0.9947089947089947,0.6770708283313326,17.0,Chaerophyllum.aureum,0.33672322432157564,opth,2,False,mlp1,bce,msle
138,0.5956456456456457,0.00741135735186812,0.8333333333333334,0.45495495495495497,0.9980237154150198,0.625,6.0,Chaerophyllum.hirsutum,0.28828828828828845,opth,2,False,mlp1,bce,msle
139,0.8800182481751825,0.19603697347898608,0.65,0.8868613138686131,0.992849846782431,0.9368674698795181,20.0,Chaerophyllum.villarsii,0.5368613138686131,opth,2,False,mlp1,bce,msle
140,0.3668161434977578,0.0014144271570014145,0.0,0.6708520179372197,0.9986648865153538,0.8025751072961373,1.0,Chenopodium.album,-0.3291479820627803,opth,2,False,mlp1,bce,msle
141,0.6670454545454545,0.022514440913287234,0.625,0.5727272727272728,0.9905660377358491,0.7258064516129032,16.0,Chondrilla.juncea,0.19772727272727275,opth,2,False,mlp1,bce,msle
142,0.6114904031946413,0.008851011407909233,0.8571428571428571,0.4508566275924256,0.998003992015968,0.6211180124223602,7.0,Cichorium.intybus,0.3079994847352827,opth,2,False,mlp1,bce,msle
143,0.6838936919628562,0.12133622111068676,0.41333333333333333,0.7569644572526417,0.9471153846153846,0.8414308595835558,75.0,Cirsium.acaule,0.17029779058597505,opth,2,False,mlp1,bce,msle
144,0.7315716049580681,0.10017475782632485,0.864406779661017,0.5591296121097445,0.986644407345576,0.7137681159420289,59.0,Cirsium.arvense,0.4235363917707615,opth,2,False,mlp1,bce,msle
145,0.7413131768953067,0.015567390507125618,0.625,0.7292418772563177,0.9963008631319359,0.8421052631578947,8.0,Cirsium.eriophorum,0.35424187725631784,opth,2,False,mlp1,bce,msle
146,0.8801895306859207,0.08613954953652381,0.875,0.7897111913357401,0.9988584474885844,0.8820564516129032,8.0,Cirsium.palustre,0.6647111913357402,opth,2,False,mlp1,bce,msle
147,0.7633817103620474,0.15047563357031635,0.4791666666666667,0.852996254681648,0.9732905982905983,0.909181636726547,48.0,Cirsium.spinosissimum,0.3321629213483146,opth,2,False,mlp1,bce,msle
148,0.618187292984041,0.01089103356712965,0.4444444444444444,0.6567299006323396,0.9931693989071039,0.790647090810223,9.0,Cirsium.tuberosum,0.10117434507678391,opth,2,False,mlp1,bce,msle
149,0.7669772517417947,0.10075601780101323,0.5151515151515151,0.7746999076638966,0.9812865497076023,0.8658410732714138,33.0,Cirsium.vulgare,0.28985142281541165,opth,2,False,mlp1,bce,msle
150,0.6868811218755018,0.029176168820132162,0.8823529411764706,0.4322111010009099,0.9958071278825996,0.6027918781725888,17.0,Clinopodium.vulgare,0.31456404217738054,opth,2,False,mlp1,bce,msle
151,0.7628649635036496,0.09947250397430792,0.6,0.7627737226277372,0.990521327014218,0.8618556701030928,20.0,Coeloglossum.viride,0.3627737226277372,opth,2,False,mlp1,bce,msle
152,0.7901128924171348,0.23801177378741015,0.8315789473684211,0.6150832517140059,0.9751552795031055,0.7543543543543544,95.0,Colchicum.autumnale,0.4466621990824269,opth,2,False,mlp1,bce,msle
153,0.7328672506738545,0.10760187730981227,0.5,0.7358490566037735,0.9653465346534653,0.8351177730192719,56.0,Convolvulus.arvensis,0.23584905660377364,opth,2,False,mlp1,bce,msle
154,0.513051305130513,0.005258853624966043,0.6,0.49054905490549056,0.9963436928702011,0.6574185765983113,5.0,Conyza.canadensis,0.09054905490549059,opth,2,False,mlp1,bce,msle
155,0.7080488445378151,0.057464842820070014,0.42857142857142855,0.8106617647058824,0.9821826280623608,0.8882175226586103,28.0,Coronilla.minima,0.23923319327731085,opth,2,False,mlp1,bce,msle
156,0.55,0.007475933670507622,0.16666666666666666,0.7468468468468469,0.9940047961630696,0.852880658436214,6.0,Crepis.aurea,-0.08648648648648649,opth,2,False,mlp1,bce,msle
157,0.8708412547528517,0.25279238622774364,0.84375,0.7281368821292775,0.9871134020618557,0.838074398249453,64.0,Crepis.biennis,0.5718868821292775,opth,2,False,mlp1,bce,msle
158,0.9184684684684684,0.05160457565407076,1.0,0.5981981981981982,1.0,0.7485907553551296,6.0,Crepis.bocconi,0.5981981981981983,opth,2,False,mlp1,bce,msle
159,0.7145984299516908,0.02348013829440319,0.5,0.7726449275362319,0.9930151338766007,0.869077941925624,12.0,Crepis.conyzifolia,0.27264492753623193,opth,2,False,mlp1,bce,msle
160,0.774488969844161,0.04788960504236951,0.5,0.8014571948998178,0.9898762654668166,0.8857574232511324,18.0,Crepis.foetida,0.3014571948998177,opth,2,False,mlp1,bce,msle
161,0.697935368043088,0.004413000840571588,1.0,0.5323159784560144,1.0,0.6947861745752782,2.0,Crepis.mollis,0.5323159784560145,opth,2,False,mlp1,bce,msle
162,0.8702185792349727,0.13196228480623282,0.8888888888888888,0.6666666666666666,0.997275204359673,0.7991266375545851,18.0,Crepis.pyrenaica,0.5555555555555554,opth,2,False,mlp1,bce,msle
163,0.7178238661876966,0.10399674194200588,0.6617647058823529,0.6269083969465649,0.9661764705882353,0.7604166666666666,68.0,Crepis.vesicaria,0.2886731028289178,opth,2,False,mlp1,bce,msle
164,0.7847533632286996,0.004149377593360996,0.0,0.8771300448430494,0.9989785495403473,0.9340974212034384,1.0,Cruciata.glabra,-0.12286995515695065,opth,2,False,mlp1,bce,msle
165,0.7416372618207481,0.0648222553403767,0.7307692307692307,0.634862385321101,0.9899856938483548,0.7736165455561766,26.0,Cruciata.laevipes,0.3656316160903317,opth,2,False,mlp1,bce,msle
166,0.6129612961296129,0.007385209633237844,0.8,0.5337533753375338,0.9983164983164983,0.6956011730205278,5.0,Cruciata.pedemontana,0.3337533753375337,opth,2,False,mlp1,bce,msle
167,0.8652291105121294,0.013308129778718014,1.0,0.6154537286612758,1.0,0.7619577308120133,3.0,Cuscuta.epithymum,0.6154537286612758,opth,2,False,mlp1,bce,msle
168,0.7947102145373038,0.17297559142681676,0.8,0.6407300672430355,0.9780058651026393,0.7742309924550204,75.0,Cynosurus.cristatus,0.44073006724303543,opth,2,False,mlp1,bce,msle
169,0.8197186733772099,0.6396521649727794,0.8544973544973545,0.6761517615176151,0.9007220216606499,0.7724458204334366,378.0,Dactylis.glomerata,0.5306491160149696,opth,2,False,mlp1,bce,msle
170,0.5452914798206279,0.001968503937007874,1.0,0.336322869955157,1.0,0.5033557046979866,1.0,Dactylorhiza.maculata,0.33632286995515703,opth,2,False,mlp1,bce,msle
171,0.5420054200542005,0.021606180970068018,0.3333333333333333,0.6964769647696477,0.9922779922779923,0.8184713375796179,9.0,Dactylorhiza.majalis,0.02981029810298108,opth,2,False,mlp1,bce,msle
172,0.31552962298025133,0.0019380716749137802,0.0,0.5610412926391383,0.9968102073365231,0.7179781734635267,2.0,Danthonia.decumbens,-0.43895870736086173,opth,2,False,mlp1,bce,msle
173,0.7651142940417205,0.17651328304751074,0.8936170212765957,0.5283757338551859,0.9818181818181818,0.6870229007633588,94.0,Daucus.carota,0.42199275513178147,opth,2,False,mlp1,bce,msle
174,0.6411446801418947,0.08411647811842467,0.6410256410256411,0.5673166202414113,0.9776,0.717978848413631,39.0,Deschampsia.cespitosa,0.20834226126705246,opth,2,False,mlp1,bce,msle
175,0.716403588734827,0.03138265546525071,0.5263157894736842,0.7164995442114859,0.9886792452830189,0.8308668076109936,19.0,Dianthus.carthusianorum,0.24281533368516994,opth,2,False,mlp1,bce,msle
176,0.8197861651423418,0.03333828518744062,0.8571428571428571,0.5770964833183048,0.9984399375975039,0.7314285714285714,7.0,Dianthus.deltoides,0.43423934046116175,opth,2,False,mlp1,bce,msle
177,0.8101877788152299,0.15636169099728647,0.6222222222222222,0.7964519140989729,0.9804597701149426,0.8789283874291602,45.0,Dianthus.sylvestris,0.418674136321195,opth,2,False,mlp1,bce,msle
178,0.6905835372922839,0.011536604953551764,0.42857142857142855,0.7953110910730388,0.9954853273137697,0.8842105263157894,7.0,Dipsacus.fullonum,0.22388251964446737,opth,2,False,mlp1,bce,msle
179,0.8297664141414142,0.16905324776607392,0.6,0.7973484848484849,0.9722863741339491,0.8761706555671176,60.0,Draba.aizoides,0.39734848484848495,opth,2,False,mlp1,bce,msle
180,0.7027877697841727,0.015183742622062022,0.5,0.7257194244604317,0.9975278121137207,0.8401874023945861,4.0,Draba.siliquosa,0.2257194244604317,opth,2,False,mlp1,bce,msle
181,0.80402274378178,0.09864051287622068,0.40540540540540543,0.8572752548656163,0.9767687434002112,0.9131293188548865,37.0,Dryas.octopetala,0.26268066027102166,opth,2,False,mlp1,bce,msle
182,0.6857014388489209,0.02366222129806087,0.5,0.6348920863309353,0.9971751412429378,0.7758241758241758,4.0,Dryopteris.filix.mas,0.1348920863309353,opth,2,False,mlp1,bce,msle
183,0.7650239771451892,0.06566938954790072,0.7407407407407407,0.6685032139577594,0.9904761904761905,0.7982456140350878,27.0,Echium.vulgare,0.40924395469850006,opth,2,False,mlp1,bce,msle
184,0.9632286995515695,0.023809523809523808,1.0,0.5174887892376682,1.0,0.682033096926714,1.0,Epilobium.angustifolium,0.5174887892376683,opth,2,False,mlp1,bce,msle
185,0.6858340820604971,0.009088834979495178,0.3333333333333333,0.6666666666666666,0.9973118279569892,0.7991383952611739,3.0,Epipactis.palustris,0.0,opth,2,False,mlp1,bce,msle
186,0.6901229165837941,0.034540243342927116,0.8695652173913043,0.4958828911253431,0.9944954128440368,0.6617826617826618,23.0,Equisetum.arvense,0.36544810851664744,opth,2,False,mlp1,bce,msle
187,0.701544050862852,0.028472839909602785,0.6,0.662125340599455,0.9918367346938776,0.7941176470588235,15.0,Equisetum.palustre,0.262125340599455,opth,2,False,mlp1,bce,msle
188,0.8029622980251346,0.009831029185867896,1.0,0.6131059245960503,1.0,0.760155815247635,2.0,Equisetum.telmateia,0.6131059245960504,opth,2,False,mlp1,bce,msle
189,0.8716216216216216,0.02983831270735243,0.6666666666666666,0.8531531531531531,0.9978925184404637,0.9198640116561437,6.0,Erigeron.acer,0.5198198198198196,opth,2,False,mlp1,bce,msle
190,0.8289889204089279,0.07768193664904573,0.35294117647058826,0.902638762511374,0.9890329012961117,0.9438629876308278,17.0,Erigeron.alpinus,0.2555799389819622,opth,2,False,mlp1,bce,msle
191,0.7783559500731217,0.054804264538693345,0.9259259259259259,0.6437098255280074,0.9971550497866287,0.7823660714285714,27.0,Erigeron.annuus,0.5696357514539332,opth,2,False,mlp1,bce,msle
192,0.8489434409651999,0.05115234057356319,0.6153846153846154,0.8241160471441523,0.9945295404814004,0.9013386217154189,13.0,Erigeron.glabratus,0.4395006625287676,opth,2,False,mlp1,bce,msle
193,0.8074198119283782,0.06216518063506403,0.42857142857142855,0.8863841298467088,0.9959473150962512,0.9379770992366412,7.0,Erigeron.neglectus,0.3149555584181374,opth,2,False,mlp1,bce,msle
194,0.828315832883926,0.133954304087592,0.6206896551724138,0.7672493100275989,0.98698224852071,0.8633540372670807,29.0,Erigeron.uniflorus,0.3879389652000127,opth,2,False,mlp1,bce,msle
195,0.714744554852956,0.019422779190454223,0.7777777777777778,0.6287262872628726,0.997134670487106,0.771191135734072,9.0,Erodium.cicutarium,0.4065040650406504,opth,2,False,mlp1,bce,msle
196,0.5922967924771351,0.008354673145498127,0.14285714285714285,0.8007213706041478,0.9932885906040269,0.8866699950074888,7.0,Erophila.verna,-0.056421486538709376,opth,2,False,mlp1,bce,msle
197,0.7051365621537058,0.08451177413912876,0.6551724137931034,0.6427221172022685,0.9714285714285714,0.7736063708759955,58.0,Eryngium.campestre,0.297894530995372,opth,2,False,mlp1,bce,msle
198,0.728462709284627,0.05201694824464533,0.47619047619047616,0.7853881278538812,0.9873708381171068,0.8748728382502543,21.0,Erysimum.rhaeticum,0.2615786040443573,opth,2,False,mlp1,bce,msle
199,0.8667265648397724,0.023088023088023088,0.3333333333333333,0.9011680143755616,0.9980099502487563,0.947119924457035,3.0,Erysimum.virgatum,0.23450134770889486,opth,2,False,mlp1,bce,msle
200,0.6582806859205776,0.011282019064010333,0.25,0.7166064981949458,0.9925,0.8322851153039832,8.0,Eupatorium.cannabinum,-0.03339350180505418,opth,2,False,mlp1,bce,msle
201,0.7295531765278024,0.2932442562427983,0.610062893081761,0.7168234064785789,0.9171122994652406,0.804692082111437,159.0,Euphorbia.cyparissias,0.3268862995603399,opth,2,False,mlp1,bce,msle
202,0.8126012601260126,0.05926936709163395,0.8,0.7317731773177317,0.9987714987714987,0.8446753246753247,5.0,Euphorbia.dulcis,0.5317731773177319,opth,2,False,mlp1,bce,msle
203,0.49475890985324944,0.003419277768376426,0.0,0.8364779874213837,0.9967880085653105,0.9096238397655105,3.0,Euphorbia.helioscopia,-0.16352201257861632,opth,2,False,mlp1,bce,msle
204,0.6255255255255255,0.0097619574588408,0.3333333333333333,0.8387387387387387,0.9957219251336898,0.9105134474327629,6.0,Euphorbia.seguieriana,0.1720720720720721,opth,2,False,mlp1,bce,msle
205,0.7975439364687618,0.12025349089336107,0.7659574468085106,0.6641721234798877,0.984743411927878,0.7932960893854749,47.0,Euphorbia.brittingeri,0.43012957028839827,opth,2,False,mlp1,bce,msle
206,0.860221119133574,0.039068208101749366,0.5,0.8492779783393501,0.9957671957671957,0.9167072576716999,8.0,Euphrasia.alpina,0.34927797833935026,opth,2,False,mlp1,bce,msle
207,0.878851634374462,0.29288413993697116,0.7755102040816326,0.7844423617619494,0.9870283018867925,0.8741514360313316,49.0,Euphrasia.minima,0.559952565843582,opth,2,False,mlp1,bce,msle
208,0.7522833532673698,0.07036107160630886,0.5294117647058824,0.7828096118299446,0.981460023174971,0.8709511568123394,34.0,Euphrasia.salisburgensis,0.31222137653582704,opth,2,False,mlp1,bce,msle
209,0.8131413141314132,0.015040248707882854,0.4,0.855985598559856,0.9968553459119497,0.9210653753026634,5.0,Euphrasia.stricta,0.25598559855985603,opth,2,False,mlp1,bce,msle
210,0.8100834752273766,0.2883472611262793,0.7851239669421488,0.664321608040201,0.9621542940320232,0.7859690844233056,121.0,Festuca.arundinacea,0.4494455749823498,opth,2,False,mlp1,bce,msle
211,0.76625,0.0939071833888141,0.5625,0.8181818181818182,0.9922822491730982,0.8968609865470852,16.0,Festuca.ovina,0.38068181818181834,opth,2,False,mlp1,bce,msle
212,0.8022161505768064,0.04063568986873196,0.6666666666666666,0.7531876138433515,0.992797118847539,0.8565510098394614,18.0,Festuca.halleri,0.4198542805100183,opth,2,False,mlp1,bce,msle
213,0.7642088884035816,0.3480822585548957,0.7039473684210527,0.7313278008298755,0.94,0.822637106184364,152.0,Festuca.laevigata,0.43527516925092824,opth,2,False,mlp1,bce,msle
214,0.6518086230316446,0.21415808352953347,0.6573426573426573,0.5416238437821171,0.9149305555555556,0.6804389928986443,143.0,Festuca.nigrescens,0.19896650112477454,opth,2,False,mlp1,bce,msle
215,0.813160825978922,0.18791944778832798,0.8,0.7360980207351555,0.9861111111111112,0.8429573664328116,55.0,Festuca.paniculata,0.5360980207351556,opth,2,False,mlp1,bce,msle
216,0.9019239620730921,0.27658953087990773,0.9215686274509803,0.7624413145539906,0.9950980392156863,0.8633705475810739,51.0,Festuca.quadriflora,0.684009942004971,opth,2,False,mlp1,bce,msle
217,0.6595352401885647,0.19764303938216915,0.5774647887323944,0.6242299794661191,0.9101796407185628,0.7405602923264312,142.0,Festuca.rubra,0.2016947681985135,opth,2,False,mlp1,bce,msle
218,0.8207392331932774,0.10470471893371855,0.7857142857142857,0.6856617647058824,0.9920212765957447,0.8108695652173913,28.0,Festuca.valesiaca,0.47137605042016806,opth,2,False,mlp1,bce,msle
219,0.8682079079419501,0.3951651793705879,0.7651006711409396,0.7942088934850051,0.9564134495641345,0.8677966101694915,149.0,Festuca.violacea,0.5593095646259447,opth,2,False,mlp1,bce,msle
220,0.724211815120906,0.049827119898641775,0.7407407407407407,0.6033057851239669,0.9894578313253012,0.7495721620079863,27.0,Filipendula.vulgaris,0.34404652586470763,opth,2,False,mlp1,bce,msle
221,0.79068538647343,0.037897099282855944,0.8333333333333334,0.5661231884057971,0.9968102073365231,0.7221259387637204,12.0,Fragaria.vesca,0.3994565217391304,opth,2,False,mlp1,bce,msle
222,0.5967091731797614,0.015957184954365024,0.2727272727272727,0.8479638009049774,0.9915343915343915,0.9141463414634147,11.0,Fumana.procumbens,0.12069107363224996,opth,2,False,mlp1,bce,msle
223,0.6832129963898916,0.014831018686872978,0.875,0.45577617328519854,0.9980237154150198,0.6257744733581165,8.0,Galeopsis.tetrahit,0.3307761732851986,opth,2,False,mlp1,bce,msle
224,0.7589613970588236,0.06465450606079157,0.8214285714285714,0.6911764705882353,0.9933949801849405,0.8151761517615176,28.0,Galium.anisophyllon,0.5126050420168067,opth,2,False,mlp1,bce,msle
225,0.7012140287769784,0.011220459709498426,1.0,0.4118705035971223,1.0,0.5834394904458599,4.0,Galium.aparine,0.4118705035971222,opth,2,False,mlp1,bce,msle
226,0.7138121546961327,0.1068311603210082,0.7333333333333333,0.567219152854512,0.9871794871794872,0.7204678362573099,30.0,Galium.boreale,0.30055248618784525,opth,2,False,mlp1,bce,msle
227,0.786439114391144,0.07560131373457395,0.625,0.7675276752767528,0.985781990521327,0.8630705394190872,32.0,Galium.corrudifolium,0.3925276752767528,opth,2,False,mlp1,bce,msle
228,0.7516812205159089,0.023387721579924577,0.7777777777777778,0.5176151761517616,0.9965217391304347,0.6813317479191439,9.0,Galium.glaucum,0.29539295392953946,opth,2,False,mlp1,bce,msle
229,0.7435110108909466,0.040107460069196924,0.42105263157894735,0.8268003646308113,0.9880174291938998,0.9002481389578164,19.0,Galium.lucidum,0.24785299620975865,opth,2,False,mlp1,bce,msle
230,0.8020234662424183,0.4229909185291503,0.9026548672566371,0.5662921348314607,0.9581749049429658,0.711864406779661,226.0,Galium.mollugo,0.4689470020880977,opth,2,False,mlp1,bce,msle
231,0.7363262593961544,0.2607781310951652,0.7107438016528925,0.6231155778894473,0.9465648854961832,0.7515151515151515,121.0,Galium.pumilum,0.3338593795423397,opth,2,False,mlp1,bce,msle
232,0.7445860518874374,0.4456309919576182,0.8052434456928839,0.5547703180212014,0.9005736137667304,0.6865889212827988,267.0,Galium.verum,0.3600137637140852,opth,2,False,mlp1,bce,msle
233,0.7400829791540173,0.03606896032297986,0.3333333333333333,0.7978142076502732,0.9864864864864865,0.8821752265861027,18.0,Genista.pilosa,0.13114754098360648,opth,2,False,mlp1,bce,msle
234,0.7050003486993515,0.023544652478934464,0.7692307692307693,0.6110607434270172,0.9955686853766618,0.7573033707865169,13.0,Genista.sagittalis,0.3802915126577866,opth,2,False,mlp1,bce,msle
235,0.7005682859761686,0.04472832813747921,0.52,0.6773602199816682,0.9840213049267643,0.8023887079261672,25.0,Genista.tinctoria,0.1973602199816682,opth,2,False,mlp1,bce,msle
236,0.8308167016806722,0.11013555444816021,0.6785714285714286,0.7987132352941176,0.989749430523918,0.884028484231943,28.0,Gentiana.acaulis,0.47728466386554613,opth,2,False,mlp1,bce,msle
237,0.7443536179231003,0.029528959020430144,0.6666666666666666,0.6557674841053588,0.9931224209078404,0.7899343544857768,15.0,Gentiana.alpina,0.3224341507720254,opth,2,False,mlp1,bce,msle
238,0.8726450020567669,0.057680699811125086,0.2727272727272727,0.9556561085972851,0.9924812030075187,0.9737206085753803,11.0,Gentiana.bavarica,0.2283833813245577,opth,2,False,mlp1,bce,msle
239,0.7186745169082125,0.022567245957190427,0.6666666666666666,0.5543478260869565,0.9935064935064936,0.7116279069767442,12.0,Gentiana.cruciata,0.22101449275362306,opth,2,False,mlp1,bce,msle
240,0.8703377081496083,0.28895283742048866,0.9324324324324325,0.5690978886756238,0.9916387959866221,0.723170731707317,74.0,Gentiana.lutea,0.5015303211080564,opth,2,False,mlp1,bce,msle
241,0.8501290187600252,0.057253952473519096,0.38461538461538464,0.9347234814143246,0.9923002887391723,0.9626517273576097,13.0,Gentiana.nivalis,0.3193388660297092,opth,2,False,mlp1,bce,msle
242,0.7945294270158154,0.0672948831168014,0.7142857142857143,0.7341197822141561,0.995079950799508,0.8449086161879895,14.0,Gentiana.punctata,0.44840549649987027,opth,2,False,mlp1,bce,msle
243,0.8709216054348797,0.42280171544646705,0.6767676767676768,0.799410029498525,0.9621301775147929,0.8732545649838883,99.0,Gentiana.verna,0.4761777062662018,opth,2,False,mlp1,bce,msle
244,0.7501630789302023,0.04375887964747385,0.6190476190476191,0.6995433789954338,0.9896640826873385,0.8196896736222579,21.0,Geranium.columbinum,0.318590998043053,opth,2,False,mlp1,bce,msle
245,0.8053002028905643,0.13991005369874485,0.8378378378378378,0.6181649675625579,0.9910846953937593,0.7614155251141552,37.0,Geranium.dissectum,0.4560028054003957,opth,2,False,mlp1,bce,msle
246,0.7207695629228038,0.08596379982808858,0.6842105263157895,0.6353691886964449,0.9914651493598862,0.7744444444444445,19.0,Geranium.molle,0.31957971501223437,opth,2,False,mlp1,bce,msle
247,0.8108894204631945,0.09433961495417678,0.9117647058823529,0.5988909426987061,0.9953917050691244,0.7478361223312175,34.0,Geranium.pyrenaicum,0.5106556485810589,opth,2,False,mlp1,bce,msle
248,0.745728417266187,0.01407494119623219,1.0,0.24820143884892087,1.0,0.3976945244956772,4.0,Geranium.robertianum,0.24820143884892087,opth,2,False,mlp1,bce,msle
249,0.6131413141314132,0.006545048562218074,0.8,0.43294329432943296,0.9979253112033195,0.6038920276208412,5.0,Geranium.rotundifolium,0.23294329432943295,opth,2,False,mlp1,bce,msle
250,0.9901345291479821,0.08333333333333333,1.0,0.6493273542600897,1.0,0.7873844480696031,1.0,Geranium.sanguineum,0.6493273542600897,opth,2,False,mlp1,bce,msle
251,0.8017350442797759,0.40274663960999174,0.8181818181818182,0.6053677932405567,0.9682034976152624,0.744954128440367,110.0,Geranium.sylvaticum,0.4235496114223749,opth,2,False,mlp1,bce,msle
252,0.8792081381733022,0.4264207108050763,0.8785714285714286,0.7622950819672131,0.9776609724047306,0.8566493955094991,140.0,Geum.montanum,0.6408665105386415,opth,2,False,mlp1,bce,msle
253,0.6077391696750902,0.009963419378789437,0.75,0.3989169675090253,0.9954954954954955,0.5695876288659794,8.0,Geum.rivale,0.14891696750902517,opth,2,False,mlp1,bce,msle
254,,-0.0,0.0,0.6111111111111112,1.0,0.7586206896551724,0.0,Geum.urbanum,-0.38888888888888884,opth,2,False,mlp1,bce,msle
255,0.763996399639964,0.0226852117335083,0.2,0.8748874887488749,0.9959016393442623,0.9314805941542884,5.0,Glechoma.hederacea,0.07488748874887485,opth,2,False,mlp1,bce,msle
256,0.7843249291717258,0.16538346766985743,0.6410256410256411,0.7948003714020427,0.9839080459770115,0.879301489470981,39.0,Globularia.bisnagarica,0.4358260124276838,opth,2,False,mlp1,bce,msle
257,0.8245420624151968,0.1442699582307163,0.7045454545454546,0.7611940298507462,0.9843184559710495,0.8584955286691215,44.0,Globularia.cordifolia,0.46573948439620083,opth,2,False,mlp1,bce,msle
258,0.7572072072072072,0.017201515969099686,0.3333333333333333,0.8171171171171171,0.995609220636663,0.8975754576942108,6.0,Globularia.nudicaulis,0.15045045045045047,opth,2,False,mlp1,bce,msle
259,0.7535641050678645,0.09388957611818757,0.868421052631579,0.5918367346938775,0.9922239502332815,0.7414294015107495,38.0,Gymnadenia.conopsea,0.4602577873254565,opth,2,False,mlp1,bce,msle
260,0.7311292270531401,0.031680669776632336,0.6666666666666666,0.6521739130434783,0.994475138121547,0.787746170678337,12.0,Gypsophila.repens,0.318840579710145,opth,2,False,mlp1,bce,msle
261,0.7607863031071656,0.3092994885831064,0.5843373493975904,0.7705263157894737,0.9138576779026217,0.836093660765277,166.0,Helianthemum.nummularium,0.354863665187064,opth,2,False,mlp1,bce,msle
262,0.8322869955156951,0.005319148936170213,1.0,0.568609865470852,1.0,0.7249857061177816,1.0,Helleborus.foetidus,0.568609865470852,opth,2,False,mlp1,bce,msle
263,0.7479951423913876,0.15215387600805164,0.9213483146067416,0.45472249269717624,0.9852320675105485,0.6222518321119254,89.0,Heracleum.sphondylium,0.37607080730391784,opth,2,False,mlp1,bce,msle
264,0.7306453690583536,0.023765107596970775,0.7142857142857143,0.6952209197475203,0.9974126778783958,0.8193411264612115,7.0,Hieracium.bifidum,0.40950663403323473,opth,2,False,mlp1,bce,msle
265,0.5500351299809294,0.00982108037676718,0.2222222222222222,0.7055103884372177,0.9911167512690355,0.8242744063324539,9.0,Hieracium.murorum,-0.0722673893405601,opth,2,False,mlp1,bce,msle
266,0.8471707818930041,0.11757054783142981,0.3611111111111111,0.8944444444444445,0.9767441860465116,0.9337844369260513,36.0,Hieracium.piliferum,0.25555555555555554,opth,2,False,mlp1,bce,msle
267,0.756006006006006,0.014359917352875099,0.8333333333333334,0.6252252252252253,0.9985611510791367,0.7689750692520776,6.0,Hieracium.prenanthoides,0.45855855855855854,opth,2,False,mlp1,bce,msle
268,0.8998015873015873,0.2038211568223616,0.5416666666666666,0.923992673992674,0.9892156862745098,0.9554924242424242,24.0,Hieracium.villosum,0.4656593406593408,opth,2,False,mlp1,bce,msle
269,0.5752272727272727,0.01760470420591089,0.375,0.6236363636363637,0.985632183908046,0.7639198218262806,16.0,Himantoglossum.hircinum,-0.0013636363636363447,opth,2,False,mlp1,bce,msle
270,0.7041355884721785,0.16320667888543317,0.5,0.7564870259481038,0.9300613496932515,0.8343423225096313,114.0,Hippocrepis.comosa,0.2564870259481038,opth,2,False,mlp1,bce,msle
271,0.8908448737994192,0.5342532782348483,0.8175675675675675,0.7820247933884298,0.9655612244897959,0.8641552511415526,148.0,Holcus.lanatus,0.5995923609559974,opth,2,False,mlp1,bce,msle
272,0.8129012596505486,0.11295850969093552,0.5869565217391305,0.7841121495327102,0.9778554778554779,0.8703319502074689,46.0,Homogyne.alpina,0.37106867127184073,opth,2,False,mlp1,bce,msle
273,0.6280780780780781,0.010184137637382774,0.16666666666666666,0.872072072072072,0.9948612538540597,0.9294287085933749,6.0,Hornungia.petraea,0.03873873873873879,opth,2,False,mlp1,bce,msle
274,0.8275343721356554,0.12435278248485841,0.72,0.7644362969752521,0.9916765755053508,0.8633540372670807,25.0,Hypericum.maculatum,0.48443629697525203,opth,2,False,mlp1,bce,msle
275,0.7619912603889983,0.11065062749914858,0.9272727272727272,0.5089538171536286,0.9926470588235294,0.6728971962616822,55.0,Hypericum.perforatum,0.436226544426356,opth,2,False,mlp1,bce,msle
276,0.8786832662824834,0.15956115617966526,0.6764705882352942,0.8539741219963032,0.9882352941176471,0.9162121963311849,34.0,Hypericum.richeri,0.5304447102315972,opth,2,False,mlp1,bce,msle
277,0.8206007841328414,0.19173358887544578,0.78125,0.6512915129151291,0.9901823281907434,0.7857540345019477,32.0,Hypochaeris.maculata,0.4325415129151291,opth,2,False,mlp1,bce,msle
278,0.8230018587360595,0.1460022203841002,0.7,0.7936802973977695,0.9861431870669746,0.8795056642636457,40.0,Hypochaeris.radicata,0.4936802973977694,opth,2,False,mlp1,bce,msle
279,0.6454586330935252,0.006740277108087075,0.25,0.835431654676259,0.9967811158798283,0.9090019569471625,4.0,Hyssopus.officinalis,0.08543165467625902,opth,2,False,mlp1,bce,msle
280,0.7609056361398062,0.03342195296679356,0.47058823529411764,0.7643312101910829,0.9893992932862191,0.8624229979466119,17.0,Inula.salicina,0.23491944548520038,opth,2,False,mlp1,bce,msle
281,0.5103510351035103,0.006428352493343332,0.4,0.5337533753375338,0.9949664429530202,0.6947861745752782,5.0,Isatis.tinctoria,-0.06624662466246622,opth,2,False,mlp1,bce,msle
282,0.5548048048048048,0.011580349748310292,0.3333333333333333,0.8486486486486486,0.9957716701902748,0.9163424124513618,6.0,Juncus.alpinoarticulatus,0.1819819819819819,opth,2,False,mlp1,bce,msle
283,0.6227355072463768,0.016583167101350535,0.25,0.7889492753623188,0.9897727272727272,0.8780241935483871,12.0,Juncus.articulatus,0.03894927536231885,opth,2,False,mlp1,bce,msle
284,0.8841380866425994,0.056346909661258514,0.625,0.9106498194945848,0.9970355731225297,0.9518867924528301,8.0,Juncus.effusus,0.5356498194945849,opth,2,False,mlp1,bce,msle
285,0.7330113636363637,0.03778154626999984,0.4375,0.8190909090909091,0.9901098901098901,0.8965174129353234,16.0,Juncus.inflexus,0.2565909090909091,opth,2,False,mlp1,bce,msle
286,0.8319672131147541,0.055916303351888574,0.8888888888888888,0.7085610200364298,0.9974358974358974,0.8285410010649628,18.0,Juncus.jacquinii,0.5974499089253187,opth,2,False,mlp1,bce,msle
287,0.7301587301587302,0.03501400357299071,0.38095238095238093,0.8328767123287671,0.985945945945946,0.902970297029703,21.0,Juncus.trifidus,0.21382909328114819,opth,2,False,mlp1,bce,msle
288,0.7794779477947795,0.01152421061792877,0.0,0.8901890189018902,0.9949698189134809,0.939667458432304,5.0,Juncus.triglumis,-0.10981098109810983,opth,2,False,mlp1,bce,msle
289,0.8557207893945549,0.48218836614115,0.8995215311004785,0.6780595369349504,0.9669811320754716,0.7971484121840571,209.0,Knautia.arvensis,0.5775810680354287,opth,2,False,mlp1,bce,msle
290,0.8466697080291972,0.10996696296202134,0.75,0.7445255474452555,0.9939098660170523,0.8513302034428795,20.0,Knautia.dipsacifolia,0.49452554744525545,opth,2,False,mlp1,bce,msle
291,0.7011524244400956,0.03741200095771857,0.6666666666666666,0.6237442922374429,0.9898550724637681,0.765266106442577,21.0,Koeleria.macrantha,0.2904109589041095,opth,2,False,mlp1,bce,msle
292,0.7007520484902908,0.10417298336435597,0.4067796610169492,0.7521286660359509,0.9578313253012049,0.8426073131955485,59.0,Koeleria.pyramidata,0.15890832705290014,opth,2,False,mlp1,bce,msle
293,0.7571324826226786,0.15964163715058913,0.5333333333333333,0.842203548085901,0.9772481040086674,0.9047141424272819,45.0,Koeleria.vallesiana,0.37553688141923436,opth,2,False,mlp1,bce,msle
294,0.746745027124774,0.024331654696755516,0.4,0.7269439421338155,0.9925925925925926,0.8392484342379958,10.0,Lactuca.perennis,0.12694394213381566,opth,2,False,mlp1,bce,msle
295,0.6852017937219731,0.002840909090909091,1.0,0.4672645739910314,1.0,0.636919315403423,1.0,Lactuca.serriola,0.4672645739910313,opth,2,False,mlp1,bce,msle
296,0.6553507194244604,0.006150183563909022,0.25,0.6528776978417267,0.9958847736625515,0.7887017925040739,4.0,Lamium.purpureum,-0.09712230215827333,opth,2,False,mlp1,bce,msle
297,0.7939856373429084,0.006309209504581456,1.0,0.5305206463195691,1.0,0.6932551319648094,2.0,Lapsana.communis,0.5305206463195691,opth,2,False,mlp1,bce,msle
298,0.5761261261261261,0.012754385305466055,0.6666666666666666,0.6882882882882883,0.9973890339425587,0.814498933901919,6.0,Laserpitium.halleri,0.3549549549549549,opth,2,False,mlp1,bce,msle
299,0.8403964456596036,0.20407841718308375,0.7631578947368421,0.6771799628942486,0.9878213802435724,0.8035222894881673,38.0,Laserpitium.latifolium,0.4403378576310908,opth,2,False,mlp1,bce,msle
300,0.7299006323396567,0.025937543038989624,0.5555555555555556,0.7154471544715447,0.9949748743718593,0.8323699421965318,9.0,Laserpitium.siler,0.2710027100271004,opth,2,False,mlp1,bce,msle
301,0.6497302158273381,0.006479261796042617,0.75,0.6330935251798561,0.9985815602836879,0.7749036873968079,4.0,Lathyrus.heterophyllus,0.3830935251798562,opth,2,False,mlp1,bce,msle
302,0.5843066786463013,0.005373910296480013,0.3333333333333333,0.5354896675651393,0.9966555183946488,0.6966686148451198,3.0,Lathyrus.occidentalis,-0.13117699910152747,opth,2,False,mlp1,bce,msle
303,0.7835756933744221,0.4114013614031889,0.8347457627118644,0.6238636363636364,0.9336734693877551,0.7479564032697548,236.0,Lathyrus.pratensis,0.4586093990755007,opth,2,False,mlp1,bce,msle
304,0.5256756756756756,0.006386890785036398,0.16666666666666666,0.7702702702702703,0.9941860465116279,0.868020304568528,6.0,Lathyrus.sphaericus,-0.06306306306306309,opth,2,False,mlp1,bce,msle
305,0.7139862234201857,0.006051959954878737,0.0,0.8571428571428571,0.9968652037617555,0.9217391304347826,3.0,Lathyrus.sylvestris,-0.1428571428571429,opth,2,False,mlp1,bce,msle
306,0.6108363309352518,0.008072181643010042,0.5,0.6205035971223022,0.9971098265895953,0.7649667405764967,4.0,Lathyrus.tuberosus,0.12050359712230208,opth,2,False,mlp1,bce,msle
307,0.5628864825540726,0.04100063121605041,0.5151515151515151,0.6518928901200369,0.9778393351800554,0.7822714681440444,33.0,Leontodon.autumnalis,0.16704440527155207,opth,2,False,mlp1,bce,msle
308,0.6626551115734013,0.32202223703598737,0.7253218884120172,0.5209513023782559,0.8778625954198473,0.6538734896943852,233.0,Leontodon.hispidus,0.2462731907902731,opth,2,False,mlp1,bce,msle
309,0.7593713770449568,0.022130712055710412,0.42857142857142855,0.8313796212804329,0.9956803455723542,0.9061425061425061,7.0,Leontopodium.alpinum,0.25995104985186135,opth,2,False,mlp1,bce,msle
310,0.8423823028927964,0.14221074829759373,0.6585365853658537,0.7888372093023256,0.9837587006960556,0.8755807950438823,41.0,Leucanthemopsis.alpina,0.4473737946681793,opth,2,False,mlp1,bce,msle
311,0.8477836672185036,0.5656361501920797,0.8410041841004184,0.6727480045610034,0.9394904458598726,0.7840531561461794,239.0,Leucanthemum.vulgare,0.5137521886614218,opth,2,False,mlp1,bce,msle
312,0.8330563403689546,0.14360330777208735,0.7272727272727273,0.6755027422303473,0.9919463087248322,0.8036976617727025,22.0,Lilium.martagon,0.40277546950307475,opth,2,False,mlp1,bce,msle
313,0.5780685920577617,0.01193744895371726,0.125,0.8925992779783394,0.9929718875502008,0.9401140684410646,8.0,Linaria.repens,0.017599277978339378,opth,2,False,mlp1,bce,msle
314,0.8107905582615211,0.0539389888227098,0.5294117647058824,0.8525932666060054,0.9915343915343915,0.9168297455968689,17.0,Linum.alpinum,0.3820050313118877,opth,2,False,mlp1,bce,msle
315,0.7032481011463886,0.14872184926269186,0.6707317073170732,0.6112185686653772,0.9590288315629742,0.7466036621382162,82.0,Linum.catharticum,0.28195027598245037,opth,2,False,mlp1,bce,msle
316,0.7471480425200934,0.030193543489226756,0.5,0.7595281306715064,0.9917061611374408,0.8602261048304214,14.0,Linum.tenuifolium,0.2595281306715065,opth,2,False,mlp1,bce,msle
317,0.7441546762589928,0.01147328164448346,0.75,0.5989208633093526,0.9985007496251874,0.7487352445193929,4.0,Listera.ovata,0.34892086330935257,opth,2,False,mlp1,bce,msle
318,0.7005091344713986,0.005852183002165277,1.0,0.5911949685534591,1.0,0.7430830039525692,3.0,Lolium.multiflorum,0.591194968553459,opth,2,False,mlp1,bce,msle
319,0.8384189967900374,0.2620681867851262,0.9215686274509803,0.6538461538461539,0.9880774962742176,0.7869436201780415,102.0,Lolium.perenne,0.5754147812971342,opth,2,False,mlp1,bce,msle
320,0.7623076345619698,0.5315548272024377,0.7658959537572254,0.6441558441558441,0.8596187175043327,0.7364513734224202,346.0,Lotus.corniculatus,0.41005179791306956,opth,2,False,mlp1,bce,msle
321,0.6623613829093281,0.02832697663502337,0.38095238095238093,0.7534246575342466,0.9844868735083532,0.8535954474909467,21.0,Lotus.maritimus,0.1343770384866274,opth,2,False,mlp1,bce,msle
322,0.7115129525593009,0.117913726138391,0.375,0.7930711610486891,0.9657924743443558,0.8709511568123394,48.0,Luzula.campestris,0.16807116104868913,opth,2,False,mlp1,bce,msle
323,0.844177267392063,0.10633349509791047,0.7241379310344828,0.7884084636614536,0.9907514450867052,0.8780737704918032,29.0,Luzula.lutea,0.5125463946959363,opth,2,False,mlp1,bce,msle
324,0.7300638686131387,0.043881376186377045,0.6,0.6213503649635036,0.988388969521045,0.7630252100840336,20.0,Luzula.multiflora,0.22135036496350358,opth,2,False,mlp1,bce,msle
325,0.7889990982867449,0.02852284312602486,0.8571428571428571,0.7376014427412083,0.9987789987789988,0.8485477178423236,7.0,Luzula.sieberi,0.5947442998840655,opth,2,False,mlp1,bce,msle
326,0.8631608108988984,0.20606587605012505,0.8275862068965517,0.7410207939508506,0.9874055415617129,0.8466522678185745,58.0,Luzula.spicata,0.5686070008474022,opth,2,False,mlp1,bce,msle
327,0.7203754162882229,0.0675519069575158,0.5333333333333333,0.7947320617620345,0.9920634920634921,0.8825012607160867,15.0,Luzula.sudetica,0.3280653950953678,opth,2,False,mlp1,bce,msle
328,0.8037320143884892,0.014470460810167464,0.5,0.8210431654676259,0.9978142076502732,0.900838677849038,4.0,Lysimachia.nummularia,0.3210431654676258,opth,2,False,mlp1,bce,msle
329,0.8606723826714802,0.163658607303538,0.75,0.8303249097472925,0.9978308026030369,0.9064039408866995,8.0,Lysimachia.vulgaris,0.5803249097472925,opth,2,False,mlp1,bce,msle
330,0.750889183346119,0.026936454987663783,0.9230769230769231,0.5203989120580236,0.9982608695652174,0.6841477949940405,13.0,Malva.moschata,0.4434758351349468,opth,2,False,mlp1,bce,msle
331,0.5528601377657981,0.003835014116215883,0.3333333333333333,0.6235399820305481,0.9971264367816092,0.7672747374239911,3.0,Malva.sylvestris,-0.043126684636118684,opth,2,False,mlp1,bce,msle
332,0.691735347985348,0.040491159078062916,0.4166666666666667,0.7564102564102564,0.9833333333333333,0.855072463768116,24.0,Medicago.falcata,0.17307692307692313,opth,2,False,mlp1,bce,msle
333,0.7715969536164762,0.31337332679318397,0.7125748502994012,0.6765015806111696,0.9304347826086956,0.7834045149481391,167.0,Medicago.lupulina,0.38907643091057076,opth,2,False,mlp1,bce,msle
334,0.7679783583398041,0.0985879819635403,0.5135135135135135,0.8081556997219648,0.9797752808988764,0.8857287963433215,37.0,Medicago.minima,0.32166921323547815,opth,2,False,mlp1,bce,msle
335,0.7704133296511092,0.10358880057420378,0.6666666666666666,0.6676056338028169,0.9766483516483516,0.7930842163970998,51.0,Medicago.sativa,0.3342723004694834,opth,2,False,mlp1,bce,msle
336,0.7759493670886076,0.025613690864214462,0.4,0.8065099457504521,0.9933184855233853,0.8902195608782435,10.0,Melica.ciliata,0.20650994575045223,opth,2,False,mlp1,bce,msle
337,0.7434743474347434,0.01074035380432154,1.0,0.44104410441044106,1.0,0.6121174266083698,5.0,Melilotus.albus,0.44104410441044095,opth,2,False,mlp1,bce,msle
338,0.7633775998437653,0.18425276483929806,0.6578947368421053,0.8098330241187384,0.9853273137697517,0.8890020366598778,38.0,Meum.athamanticum,0.4677277609608437,opth,2,False,mlp1,bce,msle
339,0.7019519519519519,0.012251871410467751,0.6666666666666666,0.6,0.9970059880239521,0.749156355455568,6.0,Minuartia.laricifolia,0.2666666666666666,opth,2,False,mlp1,bce,msle
340,0.8100560881498866,0.08567923738957654,0.6086956521739131,0.8197621225983531,0.9900552486187846,0.8968968968968969,23.0,Minuartia.rostrata,0.4284577747722662,opth,2,False,mlp1,bce,msle
341,0.8596866576819406,0.2337847381800802,0.6071428571428571,0.8481132075471698,0.9761129207383279,0.9076224129227662,56.0,Minuartia.verna,0.455256064690027,opth,2,False,mlp1,bce,msle
342,0.7347549569771793,0.06628965070716539,0.7037037037037037,0.6097337006427915,0.9880952380952381,0.7541169789892107,27.0,Muscari.comosum,0.31343740434649536,opth,2,False,mlp1,bce,msle
343,0.8414089264751683,0.46640398731579513,0.6235955056179775,0.8081023454157783,0.9187878787878788,0.8598979013045944,178.0,Myosotis.alpestris,0.4316978510337557,opth,2,False,mlp1,bce,msle
344,0.7938103003744431,0.3060407543618872,0.7798165137614679,0.6305858987090367,0.9635811836115327,0.7623049219687875,109.0,Myosotis.arvensis,0.4104024124705046,opth,2,False,mlp1,bce,msle
345,0.6783424908424909,0.04758507091239665,0.5,0.7133699633699634,0.9848293299620733,0.8274030801911842,24.0,Myosotis.ramosissima,0.2133699633699635,opth,2,False,mlp1,bce,msle
346,0.8325089928057554,0.13384424971778638,0.25,0.8489208633093526,0.996832101372756,0.9169499757163672,4.0,Myosotis.scorpioides,0.09892086330935257,opth,2,False,mlp1,bce,msle
347,0.5605924596050269,0.003032084971884303,0.0,0.7369838420107719,0.9975698663426489,0.8477026329375322,2.0,Myosotis.stricta,-0.26301615798922806,opth,2,False,mlp1,bce,msle
348,0.7787294238683128,0.12261416303856183,0.75,0.6407407407407407,0.9871611982881597,0.7770915216170691,36.0,Narcissus.poeticus,0.39074074074074083,opth,2,False,mlp1,bce,msle
349,0.8228118965427257,0.31866611686092694,0.9051094890510949,0.6527068437180796,0.9800613496932515,0.7835683629675047,137.0,Nardus.stricta,0.5578163327691745,opth,2,False,mlp1,bce,msle
350,0.6616847826086957,0.0992154234920084,0.5,0.7038043478260869,0.9923371647509579,0.8235294117647058,12.0,Odontites.luteus,0.20380434782608692,opth,2,False,mlp1,bce,msle
351,0.8109378384232185,0.26243518002569527,0.8111111111111111,0.6890838206627681,0.9765193370165746,0.808,90.0,Onobrychis.montana,0.5001949317738792,opth,2,False,mlp1,bce,msle
352,0.8701190716448032,0.3996062801341236,0.928,0.6881937436932392,0.9869753979739508,0.8109393579072532,125.0,Onobrychis.viciifolia,0.6161937436932392,opth,2,False,mlp1,bce,msle
353,0.763451646090535,0.15096821158671075,0.5833333333333334,0.787962962962963,0.9826789838337182,0.8746145940390545,36.0,Ononis.natrix,0.37129629629629646,opth,2,False,mlp1,bce,msle
354,0.7394106813996316,0.06224422061769479,0.7,0.6215469613259669,0.9868421052631579,0.7627118644067796,30.0,Ononis.repens,0.32154696132596694,opth,2,False,mlp1,bce,msle
355,0.6729623100814237,0.04761417288659713,0.42424242424242425,0.7119113573407202,0.9759493670886076,0.8232781633742658,33.0,Ononis.spinosa,0.1361537815831444,opth,2,False,mlp1,bce,msle
356,0.788858939802336,0.010025758116192336,1.0,0.6477987421383647,1.0,0.7862595419847328,3.0,Ophioglossum.vulgatum,0.6477987421383649,opth,2,False,mlp1,bce,msle
357,0.52997299729973,0.0055744026622021724,0.0,0.8613861386138614,0.9948024948024948,0.9232995658465991,5.0,Ophrys.apifera,-0.13861386138613863,opth,2,False,mlp1,bce,msle
358,0.7039118705035972,0.00718290081515303,0.75,0.6384892086330936,0.9985935302390999,0.7789358200767965,4.0,Ophrys.insectifera,0.38848920863309355,opth,2,False,mlp1,bce,msle
359,,-0.0,0.0,0.7329749103942652,1.0,0.8459152016546019,0.0,Orchis.mascula,-0.2670250896057348,opth,2,False,mlp1,bce,msle
360,0.6397011464639959,0.009476647923608182,0.2857142857142857,0.7258791704238052,0.9938271604938271,0.8389786347055758,7.0,Orchis.militaris,0.011593456138090819,opth,2,False,mlp1,bce,msle
361,0.8009453781512605,0.08324451743690847,0.5357142857142857,0.8069852941176471,0.9854096520763187,0.8873168266801414,28.0,Origanum.vulgare,0.3426995798319328,opth,2,False,mlp1,bce,msle
362,0.7192095588235294,0.06960587954654623,0.6785714285714286,0.59375,0.9862595419847329,0.7412507171543317,28.0,Ornithogalum.umbellatum,0.2723214285714286,opth,2,False,mlp1,bce,msle
363,0.8315031503150314,0.015526080491378633,0.8,0.7767776777677767,0.9988425925925926,0.8739240506329113,5.0,Orobanche.alba,0.5767776777677769,opth,2,False,mlp1,bce,msle
364,0.6781504986400726,0.020773684568284427,0.6923076923076923,0.5557570262919311,0.993517017828201,0.7127906976744186,13.0,Orobanche.caryophyllacea,0.24806471859962342,opth,2,False,mlp1,bce,msle
365,0.7884959624487847,0.051543172688766216,0.6956521739130435,0.7310155535224153,0.9913151364764268,0.841495523959979,23.0,Oxytropis.campestris,0.42666772743545867,opth,2,False,mlp1,bce,msle
366,0.8335838680109992,0.09266367487803859,0.56,0.8368469294225481,0.9880952380952381,0.9062034739454095,25.0,Oxytropis.helvetica,0.3968469294225483,opth,2,False,mlp1,bce,msle
367,0.5031390134529148,0.0018018018018018018,0.0,0.7040358744394619,0.9987277353689568,0.8258811152025249,1.0,Oxytropis.pilosa,-0.2959641255605381,opth,2,False,mlp1,bce,msle
368,0.6163854180085019,0.009773192113045334,0.5714285714285714,0.5906221821460775,0.9954407294832827,0.7413695529145444,7.0,Papaver.rhoeas,0.16205075357464893,opth,2,False,mlp1,bce,msle
369,0.8193336075689017,0.03525515557596972,0.6363636363636364,0.8217194570135746,0.9956140350877193,0.9003470500743679,11.0,Paradisea.liliastrum,0.4580830933772111,opth,2,False,mlp1,bce,msle
370,0.6869328493647913,0.02229343945395643,0.35714285714285715,0.7450090744101633,0.9891566265060241,0.849896480331263,14.0,Parnassia.palustris,0.10215193155302038,opth,2,False,mlp1,bce,msle
371,0.7132397342995169,0.019503157752157132,0.75,0.6177536231884058,0.9956204379562044,0.7624371157070989,12.0,Pastinaca.sativa,0.36775362318840576,opth,2,False,mlp1,bce,msle
372,0.8390287769784173,0.03618119603430269,0.5,0.9163669064748201,0.9980411361410382,0.9554617909048289,4.0,Pedicularis.foliosa,0.4163669064748201,opth,2,False,mlp1,bce,msle
373,0.8790842872008325,0.13652558608754145,0.7741935483870968,0.8110599078341014,0.992108229988726,0.8924949290060852,31.0,Pedicularis.gyroflexa,0.5852534562211982,opth,2,False,mlp1,bce,msle
374,0.48770450667469634,0.010359160290883277,0.1111111111111111,0.8048780487804879,0.9911012235817576,0.8883349950149552,9.0,Pedicularis.tuberosa,-0.08401084010840099,opth,2,False,mlp1,bce,msle
375,0.7256523184311119,0.051608738940563656,0.4090909090909091,0.8528336380255942,0.9862579281183932,0.9147058823529411,22.0,Pedicularis.verticillata,0.26192454711650326,opth,2,False,mlp1,bce,msle
376,0.6503111226341716,0.022183540087643585,0.5714285714285714,0.5807622504537205,0.9907120743034056,0.7322654462242563,14.0,Petrorhagia.prolifera,0.15219082188229205,opth,2,False,mlp1,bce,msle
377,0.7680365296803653,0.04714776946320065,0.2857142857142857,0.9105022831050228,0.9851778656126482,0.9463692453725676,21.0,Petrorhagia.saxifraga,0.1962165688193085,opth,2,False,mlp1,bce,msle
378,0.714425087108014,0.21876371455846993,0.6593406593406593,0.64,0.9548762736535662,0.7663551401869159,91.0,Phleum.alpinum,0.29934065934065934,opth,2,False,mlp1,bce,msle
379,0.837087087087087,0.036440177913534585,0.8333333333333334,0.6927927927927928,0.9987012987012988,0.8180851063829787,6.0,Phleum.hirsutum,0.5261261261261261,opth,2,False,mlp1,bce,msle
380,0.7160157432636997,0.047197766400810186,0.4666666666666667,0.7556766575840145,0.9904761904761905,0.8572900566718187,15.0,Phleum.phleoides,0.22234332425068115,opth,2,False,mlp1,bce,msle
381,0.7926742169166412,0.08223489457974334,0.7037037037037037,0.783287419651056,0.9907084785133565,0.8748717948717949,27.0,Phyteuma.betonicifolium,0.4869911233547597,opth,2,False,mlp1,bce,msle
382,0.8061929004812052,0.04374492072800831,0.46153846153846156,0.8884859474161378,0.9929078014184397,0.937799043062201,13.0,Phyteuma.hemisphaericum,0.3500244089545994,opth,2,False,mlp1,bce,msle
383,0.7827339272767001,0.2512412848910815,0.6767676767676768,0.7581120943952803,0.9601494396014943,0.8472527472527472,99.0,Phyteuma.orbiculare,0.43487977116295706,opth,2,False,mlp1,bce,msle
384,0.7957809694793536,0.007710949548358669,1.0,0.40933572710951527,1.0,0.5808917197452229,2.0,Phyteuma.ovatum,0.40933572710951527,opth,2,False,mlp1,bce,msle
385,0.8573669297713014,0.16993507313252187,0.7777777777777778,0.7814207650273224,0.9953596287703016,0.8755102040816326,18.0,Phyteuma.spicatum,0.5591985428051003,opth,2,False,mlp1,bce,msle
386,0.7819995387453874,0.0874511969800641,0.78125,0.6125461254612546,0.9895678092399404,0.7566951566951567,32.0,Picris.hieracioides,0.39379612546125475,opth,2,False,mlp1,bce,msle
387,0.7637108497423021,0.10687919516040197,0.8571428571428571,0.5115633672525439,0.9910394265232975,0.6748017083587553,35.0,Pimpinella.major,0.3687062243954009,opth,2,False,mlp1,bce,msle
388,0.7476591760299626,0.09089004912436674,0.9375,0.4859550561797753,0.9942528735632183,0.6528301886792452,48.0,Pimpinella.saxifraga,0.4234550561797752,opth,2,False,mlp1,bce,msle
389,0.9010577217215334,0.5350178936625347,0.9065934065934066,0.7880085653104925,0.9774236387782205,0.8725548310610551,182.0,Plantago.alpina,0.6946019719038992,opth,2,False,mlp1,bce,msle
390,0.740291367688628,0.11901371376506983,0.5238095238095238,0.7817351598173516,0.9884526558891455,0.87302396736359,21.0,Plantago.atrata,0.30554468362687537,opth,2,False,mlp1,bce,msle
391,0.8168963665652408,0.5151955722470961,0.9271523178807947,0.5909090909090909,0.9562624254473161,0.7304479878511769,302.0,Plantago.lanceolata,0.5180614087898856,opth,2,False,mlp1,bce,msle
392,0.7411112319234533,0.07099519959350156,0.8529411764705882,0.47966728280961185,0.9904580152671756,0.6463262764632628,34.0,Plantago.major,0.3326084592802001,opth,2,False,mlp1,bce,msle
393,0.8055458114090035,0.43364264239449035,0.7692307692307693,0.6894679695982627,0.9338235294117647,0.7932542161149282,195.0,Plantago.media,0.458698738829032,opth,2,False,mlp1,bce,msle
394,0.8507127623751263,0.2865211615784892,0.7796610169491526,0.7663197729422895,0.9842041312272175,0.8617021276595744,59.0,Plantago.maritima,0.5459807898914422,opth,2,False,mlp1,bce,msle
395,0.7556960754792733,0.02715861724750011,0.8888888888888888,0.47696476964769646,0.998109640831758,0.6454767726161369,9.0,Platanthera.bifolia,0.36585365853658525,opth,2,False,mlp1,bce,msle
396,0.9036369008620136,0.7071895520577672,0.8745519713261649,0.8172043010752689,0.9513212795549374,0.8791773778920309,279.0,Poa.alpina,0.6917562724014337,opth,2,False,mlp1,bce,msle
397,0.7595088349805331,0.007560465698774091,1.0,0.605570530098832,1.0,0.7543368774482373,3.0,Poa.annua,0.6055705300988321,opth,2,False,mlp1,bce,msle
398,0.6773232697621133,0.09719579119911882,0.5915492957746479,0.6325358851674641,0.9579710144927536,0.7619596541786744,71.0,Poa.bulbosa,0.22408518094211205,opth,2,False,mlp1,bce,msle
399,0.7879879879879879,0.02078814791309739,0.5,0.8432432432432433,0.9968051118210862,0.9136163982430454,6.0,Poa.cenisia,0.3432432432432433,opth,2,False,mlp1,bce,msle
400,0.6707650273224044,0.03630064024695743,0.6666666666666666,0.5364298724954463,0.9899159663865547,0.6958062610750148,18.0,Poa.chaixii,0.2030965391621129,opth,2,False,mlp1,bce,msle
401,0.7545126353790614,0.03693258242195676,0.75,0.5938628158844765,0.996969696969697,0.744343891402715,8.0,Poa.compressa,0.34386281588447654,opth,2,False,mlp1,bce,msle
402,0.789721971293787,0.0450021493027,0.6666666666666666,0.7145438121047877,0.9962216624685138,0.8321935823250921,9.0,Poa.nemoralis,0.3812104787714543,opth,2,False,mlp1,bce,msle
403,0.7874090608465608,0.41282620991037,0.7777777777777778,0.6701388888888888,0.9118110236220472,0.7725150100066711,252.0,Poa.pratensis,0.4479166666666665,opth,2,False,mlp1,bce,msle
404,0.8127627627627627,0.027409165508511107,0.16666666666666666,0.8783783783783784,0.9948979591836735,0.9330143540669856,6.0,Poa.supina,0.04504504504504503,opth,2,False,mlp1,bce,msle
405,0.7955681818181818,0.04070000574257028,0.75,0.7972727272727272,0.9954597048808173,0.8854114083796063,16.0,Polygala.alpestris,0.5472727272727274,opth,2,False,mlp1,bce,msle
406,,-0.0,0.0,0.7159498207885304,1.0,0.8344647519582246,0.0,Polygala.amarella,-0.2840501792114696,opth,2,False,mlp1,bce,msle
407,0.7901304594441293,0.19924819069294128,0.4634146341463415,0.8446511627906976,0.9763440860215054,0.9057356608478803,41.0,Polygala.comosa,0.30806579693703906,opth,2,False,mlp1,bce,msle
408,0.7309661714093847,0.05898084118074344,0.8181818181818182,0.566943674976916,0.9903225806451613,0.721080446271286,33.0,Polygala.vulgaris,0.38512549315873423,opth,2,False,mlp1,bce,msle
409,0.5193345323741008,0.0049325013551790465,0.25,0.7913669064748201,0.9966024915062288,0.8822055137844611,4.0,Polygonum.aviculare,0.04136690647482011,opth,2,False,mlp1,bce,msle
410,0.7131653992395437,0.13103919854798385,0.703125,0.5437262357414449,0.9678510998307953,0.6962872793670115,64.0,Polygonum.bistorta,0.24685123574144496,opth,2,False,mlp1,bce,msle
411,0.8368767244777295,0.41885589602803613,0.8255813953488372,0.711864406779661,0.9572649572649573,0.8165249088699879,172.0,Polygonum.viviparum,0.5374458021284982,opth,2,False,mlp1,bce,msle
412,0.79181654676259,0.017559626416700058,0.25,0.9055755395683454,0.997029702970297,0.9491046182846371,4.0,Polystichum.lonchitis,0.15557553956834536,opth,2,False,mlp1,bce,msle
413,0.7026945201332122,0.025715672077985075,0.4,0.7938237965485921,0.9898074745186863,0.8810483870967742,15.0,Potentilla.argentea,0.19382379654859205,opth,2,False,mlp1,bce,msle
414,0.7905603586295229,0.16537627751500297,0.5466666666666666,0.8155619596541787,0.9614949037372593,0.8825363825363826,75.0,Potentilla.aurea,0.3622286263208454,opth,2,False,mlp1,bce,msle
415,0.8419038823102549,0.40425360914889896,0.6967213114754098,0.7816901408450704,0.9545454545454546,0.8595132743362832,122.0,Potentilla.crantzii,0.4784114523204801,opth,2,False,mlp1,bce,msle
416,0.7194844063530932,0.05137306252980122,0.7777777777777778,0.4701561065197429,0.9884169884169884,0.6372121966397013,27.0,Potentilla.erecta,0.24793388429752072,opth,2,False,mlp1,bce,msle
417,0.7995663832943458,0.2656675004420247,0.611764705882353,0.7643064985451018,0.9598051157125457,0.8509719222462203,85.0,Potentilla.grandiflora,0.3760712044274548,opth,2,False,mlp1,bce,msle
418,0.7173497364507351,0.17100309505838607,0.6391752577319587,0.6555446516192346,0.9502133712660028,0.775842044134727,97.0,Potentilla.neumanniana,0.2947199093511932,opth,2,False,mlp1,bce,msle
419,0.8110242698477992,0.027403695098119317,0.9090909090909091,0.7411764705882353,0.998780487804878,0.850909090909091,11.0,Potentilla.pusilla,0.6502673796791445,opth,2,False,mlp1,bce,msle
420,0.7020532490974729,0.014353463140492725,0.75,0.6868231046931408,0.9973787680209698,0.8134687332977018,8.0,Potentilla.recta,0.4368231046931408,opth,2,False,mlp1,bce,msle
421,0.7983166215326063,0.2181616577987003,0.8153846153846154,0.6070409134157945,0.9815384615384616,0.7501469723691946,65.0,Potentilla.reptans,0.42242552880040973,opth,2,False,mlp1,bce,msle
422,0.7697569756975697,0.011603296801522101,1.0,0.39423942394239425,1.0,0.565526145900581,5.0,Potentilla.rupestris,0.3942394239423943,opth,2,False,mlp1,bce,msle
423,0.8474816436944481,0.16519658432596845,0.8571428571428571,0.7466185752930569,0.9987937273823885,0.8544891640866873,7.0,Potentilla.thuringiaca,0.603761432435914,opth,2,False,mlp1,bce,msle
424,0.7064989517819706,0.007855831018149143,0.0,0.8885893980233602,0.9969758064516129,0.939667458432304,3.0,Primula.elatior,-0.11141060197663977,opth,2,False,mlp1,bce,msle
425,0.6393884892086331,0.007009429416634552,0.5,0.75,0.9976076555023924,0.8562628336755647,4.0,Primula.farinosa,0.25,opth,2,False,mlp1,bce,msle
426,0.7682982127426572,0.25625312302599906,0.7777777777777778,0.6096096096096096,0.9590551181102362,0.7454100367197063,117.0,Primula.veris,0.3873873873873874,opth,2,False,mlp1,bce,msle
427,0.7663308913308913,0.050602388741932555,0.7916666666666666,0.6510989010989011,0.9930167597765364,0.786504424778761,24.0,Prunella.grandiflora,0.44276556776556775,opth,2,False,mlp1,bce,msle
428,0.6785127737226277,0.029356023983141424,0.5,0.6751824817518248,0.9866666666666667,0.8017334777898159,20.0,Prunella.laciniata,0.17518248175182483,opth,2,False,mlp1,bce,msle
429,0.7235435782098999,0.08738542551698135,0.8085106382978723,0.5622076707202993,0.9852459016393442,0.7159023228111971,47.0,Prunella.vulgaris,0.3707183090181716,opth,2,False,mlp1,bce,msle
430,0.776635129576306,0.02981622359660529,0.5454545454545454,0.8389140271493213,0.9946351931330472,0.9101620029455081,11.0,Prunus.spinosa,0.3843685726038668,opth,2,False,mlp1,bce,msle
431,0.70875,0.03230841261149872,0.375,0.7981818181818182,0.9887387387387387,0.8832997987927566,16.0,Veronica.spicata,0.17318181818181833,opth,2,False,mlp1,bce,msle
432,0.8163306637208875,0.24724803818172553,0.7450980392156863,0.8037558685446009,0.9850402761795167,0.8852119958634953,51.0,Pulsatilla.alpina,0.5488539077602872,opth,2,False,mlp1,bce,msle
433,0.7574123989218329,0.01254174917351509,0.6666666666666666,0.7879604672057502,0.9988610478359908,0.8809643395278755,3.0,Pulsatilla.halleri,0.4546271338724168,opth,2,False,mlp1,bce,msle
434,0.865411859947379,0.0691678377812845,0.6111111111111112,0.8661202185792349,0.9926931106471816,0.9250972762645915,18.0,Pulsatilla.vernalis,0.4772313296903461,opth,2,False,mlp1,bce,msle
435,0.6611960431654677,0.007757081069820904,0.5,0.6681654676258992,0.9973154362416108,0.8002154011847065,4.0,Ranunculus.aconitifolius,0.16816546762589923,opth,2,False,mlp1,bce,msle
436,0.8321084242136874,0.5303011398340862,0.8508771929824561,0.6880630630630631,0.9472868217054263,0.7971298108284409,228.0,Ranunculus.acris,0.5389402560455192,opth,2,False,mlp1,bce,msle
437,0.8035378159483776,0.37094644973821717,0.8288770053475936,0.6447793326157158,0.9492868462757528,0.767948717948718,187.0,Ranunculus.bulbosus,0.4736563379633094,opth,2,False,mlp1,bce,msle
438,0.6118811881188119,0.00668800684456582,0.0,0.7029702970297029,0.9936386768447837,0.823405376910912,5.0,Ranunculus.glacialis,-0.29702970297029707,opth,2,False,mlp1,bce,msle
439,0.5184851217312894,0.007329294920426701,0.2857142857142857,0.7285843101893598,0.993849938499385,0.8407908428720083,7.0,Ranunculus.gramineus,0.014298595903645461,opth,2,False,mlp1,bce,msle
440,0.8687872278097842,0.16864642826802217,0.7894736842105263,0.7977736549165121,0.9907834101382489,0.8838643371017472,38.0,Ranunculus.kuepferi,0.5872473391270385,opth,2,False,mlp1,bce,msle
441,0.7643312101910829,0.1728900358663436,0.5882352941176471,0.7625113739763422,0.991715976331361,0.8621399176954733,17.0,Ranunculus.montanus,0.35074666809398924,opth,2,False,mlp1,bce,msle
442,0.6189331501831502,0.042162958179864915,0.5,0.6245421245421245,0.9827089337175793,0.7637178051511758,24.0,Ranunculus.serpens,0.12454212454212454,opth,2,False,mlp1,bce,msle
443,0.8628949814126394,0.329005773768439,0.775,0.6942379182156134,0.9880952380952381,0.8155021834061136,40.0,Ranunculus.repens,0.46923791821561345,opth,2,False,mlp1,bce,msle
444,0.3462114405510632,0.0026394068957776174,0.0,0.5031446540880503,0.9946714031971581,0.6682577565632458,3.0,Reseda.lutea,-0.4968553459119497,opth,2,False,mlp1,bce,msle
445,0.7991777858655034,0.45625662457381033,0.7788018433179723,0.6529477196885428,0.9244094488188976,0.7653194263363755,217.0,Rhinanthus.alectorolophus,0.4317495630065151,opth,2,False,mlp1,bce,msle
446,0.6889288928892889,0.009433453044855863,0.6,0.6417641764176417,0.9972027972027973,0.7809419496166484,5.0,Rhinanthus.glacialis,0.2417641764176417,opth,2,False,mlp1,bce,msle
447,0.7125144592249856,0.09108509823247246,0.7884615384615384,0.5648496240601504,0.9820261437908496,0.7171837708830548,52.0,Rhinanthus.minor,0.3533111625216887,opth,2,False,mlp1,bce,msle
448,0.8850406137184116,0.06795076692993579,0.375,0.9720216606498195,0.9953789279112755,0.9835616438356164,8.0,Rhododendron.ferrugineum,0.34702166064981954,opth,2,False,mlp1,bce,msle
449,0.8282824355129558,0.4963408242559042,0.8884120171673819,0.637599093997735,0.9558573853989814,0.7649456521739131,233.0,Rumex.acetosa,0.5260111111651169,opth,2,False,mlp1,bce,msle
450,0.5534188034188035,0.02717398479091173,0.75,0.38095238095238093,0.985781990521327,0.5495376486129459,24.0,Rumex.acetosella,0.13095238095238093,opth,2,False,mlp1,bce,msle
451,0.795165843330981,0.06922648293723374,0.8846153846153846,0.5954128440366973,0.995398773006135,0.7451205510907003,26.0,Rumex.crispus,0.48002822865208183,opth,2,False,mlp1,bce,msle
452,0.7749731471535982,0.1617725731557756,0.47368421052631576,0.7680890538033395,0.9764150943396226,0.8598130841121495,38.0,Rumex.obtusifolius,0.2417732643296553,opth,2,False,mlp1,bce,msle
453,0.6112115732368897,0.01506519944490481,0.1,0.9647377938517179,0.991635687732342,0.9780018331805683,10.0,Rumex.scutatus,0.06473779385171796,opth,2,False,mlp1,bce,msle
454,0.921029359745313,0.49398534011546896,0.8181818181818182,0.8570038910505836,0.9821627647714605,0.9153246753246753,88.0,Salix.herbacea,0.6751857092324018,opth,2,False,mlp1,bce,msle
455,0.8123660850933578,0.079507528419362,0.5185185185185185,0.8255280073461891,0.9857456140350878,0.8985507246376812,27.0,Salix.reticulata,0.34404652586470763,opth,2,False,mlp1,bce,msle
456,0.8406691221608349,0.09539942243020876,0.7333333333333333,0.7633517495395948,0.9904420549581839,0.8621944877795111,30.0,Salix.retusa,0.4966850828729281,opth,2,False,mlp1,bce,msle
457,0.8664779542292376,0.17689914191235387,0.8421052631578947,0.7392889699179581,0.9963144963144963,0.848770277341706,19.0,Salix.serpyllifolia,0.5813942330758528,opth,2,False,mlp1,bce,msle
458,0.8469629006634894,0.5506594605613717,0.8658536585365854,0.6885057471264368,0.9477848101265823,0.7976031957390146,246.0,Salvia.pratensis,0.5543594056630221,opth,2,False,mlp1,bce,msle
459,0.7738325573896044,0.3491420258075769,0.8558558558558559,0.5995525727069351,0.9436619718309859,0.7332421340629275,222.0,Sanguisorba.minor,0.45540842856279085,opth,2,False,mlp1,bce,msle
460,0.691250378443839,0.022534836417634586,0.6666666666666666,0.5903723887375113,0.9923664122137404,0.7403189066059226,15.0,Sanguisorba.officinalis,0.25703905540417793,opth,2,False,mlp1,bce,msle
461,0.7644542390458906,0.06962035008821905,0.6428571428571429,0.7295825771324864,0.9938195302843016,0.8414442700156985,14.0,Saponaria.ocymoides,0.3724397199896292,opth,2,False,mlp1,bce,msle
462,0.7896033186414312,0.03505233721720074,0.6428571428571429,0.7123411978221416,0.9936708860759493,0.8298097251585623,14.0,Saxifraga.aizoides,0.35519834067928446,opth,2,False,mlp1,bce,msle
463,0.6610970715028988,0.05329246216170522,0.7096774193548387,0.5253456221198156,0.9844559585492227,0.6850961538461539,31.0,Saxifraga.granulata,0.23502304147465436,opth,2,False,mlp1,bce,msle
464,0.7808654055229398,0.04814544086765632,0.6666666666666666,0.7378995433789954,0.9914110429447853,0.8460732984293193,21.0,Saxifraga.oppositifolia,0.4045662100456622,opth,2,False,mlp1,bce,msle
465,0.8358975379654877,0.1592960246947112,0.6170212765957447,0.8372310570626754,0.9802847754654983,0.9031281533804238,47.0,Saxifraga.paniculata,0.4542523336584201,opth,2,False,mlp1,bce,msle
466,0.6451033243486074,0.006197722426867658,0.0,0.9020664869721473,0.997020854021847,0.9471698113207547,3.0,Saxifraga.tridactylites,-0.09793351302785269,opth,2,False,mlp1,bce,msle
467,0.7396285599525658,0.09514311578054907,0.4489795918367347,0.788191190253046,0.9688940092165899,0.869250645994832,49.0,Scabiosa.columbaria,0.2371707820897806,opth,2,False,mlp1,bce,msle
468,0.7481835564053537,0.1731168907338942,0.6142857142857143,0.7590822179732314,0.9671132764920828,0.850562399571505,70.0,Scabiosa.lucida,0.3733679322589456,opth,2,False,mlp1,bce,msle
469,0.8032823741007195,0.042791392965799986,0.5,0.7230215827338129,0.9975186104218362,0.8383733055265902,4.0,Scabiosa.triandra,0.2230215827338129,opth,2,False,mlp1,bce,msle
470,0.9133633633633634,0.048297816337818364,0.8333333333333334,0.8657657657657658,0.998960498960499,0.9276061776061776,6.0,Scorzonera.humilis,0.6990990990990991,opth,2,False,mlp1,bce,msle
471,0.6569293478260869,0.01824366366073144,0.6666666666666666,0.6204710144927537,0.9941944847605225,0.7640825432236475,12.0,Scorzonera.laciniata,0.2871376811594204,opth,2,False,mlp1,bce,msle
472,0.8220998616236163,0.09027855240300904,0.78125,0.7232472324723247,0.9911504424778761,0.8362666666666667,32.0,Scutellaria.alpina,0.5044972324723247,opth,2,False,mlp1,bce,msle
473,0.7616131989000917,0.07615303616934105,0.48,0.7910174152153987,0.9851598173515982,0.8774783934926284,25.0,Securigera.varia,0.27101741521539857,opth,2,False,mlp1,bce,msle
474,0.7620345140781108,0.046421900810868534,0.8,0.6875567665758402,0.9960526315789474,0.8135411069317571,15.0,Sedum.acre,0.48755676657584024,opth,2,False,mlp1,bce,msle
475,0.7115105061451036,0.08410728495312977,0.4857142857142857,0.7992599444958371,0.9795918367346939,0.8802852776362711,35.0,Sedum.album,0.2849742302101228,opth,2,False,mlp1,bce,msle
476,0.84622358602413,0.059284907513825875,0.5384615384615384,0.8712601994560291,0.9937952430196484,0.9285024154589372,13.0,Sedum.atratum,0.4097217379175675,opth,2,False,mlp1,bce,msle
477,0.8174270072992702,0.06944611460372507,0.45,0.8640510948905109,0.988517745302714,0.9221032132424537,20.0,Sedum.montanum,0.31405109489051086,opth,2,False,mlp1,bce,msle
478,0.4772630941568271,0.012712577557234624,0.2,0.7320617620345141,0.9853300733496333,0.8400208441896821,15.0,Sedum.rupestre,-0.06793823796548581,opth,2,False,mlp1,bce,msle
479,0.633473877176902,0.0290560851051337,0.36,0.6535288725939505,0.9780521262002744,0.7835164835164835,25.0,Sedum.sexangulare,0.013528872593950414,opth,2,False,mlp1,bce,msle
480,0.8336678832116787,0.08226460967359632,0.35,0.916058394160584,0.9872173058013766,0.9503076194983436,20.0,Selaginella.selaginoides,0.26605839416058386,opth,2,False,mlp1,bce,msle
481,0.8381696810635021,0.2914828173309972,0.7176470588235294,0.7895247332686712,0.9713603818615751,0.8710540395933655,85.0,Sempervivum.arachnoideum,0.5071717920922008,opth,2,False,mlp1,bce,msle
482,0.8454490044697278,0.1796556240418555,0.6956521739130435,0.7757009345794392,0.9834123222748815,0.8672936259143156,46.0,Sempervivum.montanum,0.4713531084924827,opth,2,False,mlp1,bce,msle
483,0.8312979832133339,0.09083233114757938,0.6086956521739131,0.7804208600182982,0.9895591647331786,0.8726342710997442,23.0,Sempervivum.tectorum,0.38911651219221133,opth,2,False,mlp1,bce,msle
484,0.8510848335597827,0.32893759715238025,0.7608695652173914,0.7890625,0.9734939759036144,0.8716289104638619,92.0,Senecio.doronicum,0.5499320652173914,opth,2,False,mlp1,bce,msle
485,0.7470162748643762,0.024383403227689344,0.6,0.6835443037974683,0.9947368421052631,0.8102893890675241,10.0,Senecio.erucifolius,0.2835443037974683,opth,2,False,mlp1,bce,msle
486,0.8508075105042017,0.09146306439488289,0.75,0.7693014705882353,0.9917061611374408,0.8664596273291926,28.0,Senecio.incanus,0.5193014705882353,opth,2,False,mlp1,bce,msle
487,0.815984474241355,0.10930210793832644,0.9230769230769231,0.5403669724770642,0.9966159052453468,0.7007733491969066,26.0,Senecio.jacobaea,0.46344389555398724,opth,2,False,mlp1,bce,msle
488,0.7485873358816686,0.08442296627424928,0.7272727272727273,0.5228519195612431,0.9896193771626297,0.6842105263157895,22.0,Serratula.tinctoria,0.2501246468339704,opth,2,False,mlp1,bce,msle
489,0.7937652969212933,0.035028646740800425,0.8571428571428571,0.527502254283138,0.9982935153583617,0.6902654867256637,7.0,Seseli.annuum,0.384645111425995,opth,2,False,mlp1,bce,msle
490,0.8587520863667034,0.46785242361416896,0.8275862068965517,0.6797116374871267,0.9635036496350365,0.7971014492753623,145.0,Sesleria.caerulea,0.5072978443836784,opth,2,False,mlp1,bce,msle
491,0.6773266423357664,0.02822057783747587,0.65,0.5857664233576643,0.9892141756548536,0.7358166189111748,20.0,Sherardia.arvensis,0.2357664233576644,opth,2,False,mlp1,bce,msle
492,0.7664118705035972,0.009567823258182576,0.75,0.5953237410071942,0.9984917043740573,0.7459154929577465,4.0,Sideritis.hyssopifolia,0.3453237410071943,opth,2,False,mlp1,bce,msle
493,0.8588560885608856,0.12714962009033742,0.75,0.7638376383763837,0.9904306220095693,0.8625,32.0,Silaum.silaus,0.5138376383763839,opth,2,False,mlp1,bce,msle
494,0.8895047216275497,0.29131976322306097,0.821917808219178,0.8101629913710451,0.9848484848484849,0.8890057864281957,73.0,Silene.acaulis,0.6320807995902231,opth,2,False,mlp1,bce,msle
495,0.6939531057178117,0.02523619931949582,0.5454545454545454,0.7013574660633484,0.9935897435897436,0.8222811671087533,11.0,Silene.dioica,0.24681201151789378,opth,2,False,mlp1,bce,msle
496,0.8825322000809467,0.2417737970077602,0.8205128205128205,0.7270194986072424,0.9911392405063291,0.8387787895018747,39.0,Silene.flos.cuculi,0.5475323191200627,opth,2,False,mlp1,bce,msle
497,0.8335443037974684,0.0337521897166245,0.8,0.7323688969258589,0.9975369458128078,0.8446298227320125,10.0,Silene.flos.jovis,0.5323688969258589,opth,2,False,mlp1,bce,msle
498,0.7936888037462749,0.20703830709514573,0.6805555555555556,0.7021072796934866,0.9695767195767195,0.8144444444444444,72.0,Silene.nutans,0.3826628352490422,opth,2,False,mlp1,bce,msle
499,0.8097896773784221,0.10419040400427644,0.7241379310344828,0.7838086476540939,0.9906976744186047,0.8751926040061633,29.0,Silene.otites,0.5079465786885766,opth,2,False,mlp1,bce,msle
500,0.7656931303990128,0.030722811141781818,0.45454545454545453,0.7058823529411765,0.9923664122137404,0.8249603384452671,11.0,Silene.rupestris,0.160427807486631,opth,2,False,mlp1,bce,msle
501,0.7281512176896165,0.2811842096583829,0.7627118644067796,0.5380761523046093,0.9504424778761061,0.6871401151631478,118.0,Silene.vulgaris,0.300788016711389,opth,2,False,mlp1,bce,msle
502,0.47888589398023357,0.01269476848277586,0.3333333333333333,0.7780772686433064,0.9976958525345622,0.8743059061080263,3.0,Sinapis.arvensis,0.11141060197663966,opth,2,False,mlp1,bce,msle
503,0.8096071347934071,0.2471691654088889,0.6744186046511628,0.7407766990291262,0.9646017699115044,0.8380010982976387,86.0,Soldanella.alpina,0.4151953036802891,opth,2,False,mlp1,bce,msle
504,0.7048111510791366,0.007175900814906444,0.0,0.85431654676259,0.9958071278825996,0.9196515004840271,4.0,Solidago.gigantea,-0.14568345323741005,opth,2,False,mlp1,bce,msle
505,0.7725195280039887,0.06523315358419716,0.4090909090909091,0.8372943327239488,0.9860064585575888,0.9055857637172516,22.0,Solidago.virgaurea,0.246385241814858,opth,2,False,mlp1,bce,msle
506,0.6529245488149598,0.02801163628721241,0.5238095238095238,0.6493150684931507,0.986130374479889,0.7830396475770925,21.0,Stachys.officinalis,0.17312459230267452,opth,2,False,mlp1,bce,msle
507,0.8025703298927344,0.07048513654772265,0.8333333333333334,0.7641165755919854,0.996437054631829,0.8649484536082475,18.0,Stachys.pradica,0.5974499089253187,opth,2,False,mlp1,bce,msle
508,0.7472710136235113,0.1415954610424883,0.6,0.763430725730443,0.9735576923076923,0.8557844690966719,55.0,Stachys.recta,0.363430725730443,opth,2,False,mlp1,bce,msle
509,0.7723542542016807,0.0955093856653641,0.8928571428571429,0.5680147058823529,0.9951690821256038,0.7232299590403745,28.0,Stellaria.graminea,0.4608718487394958,opth,2,False,mlp1,bce,msle
510,0.7830330330330331,0.016101572495863477,0.5,0.818018018018018,0.9967069154774972,0.8985650667986146,6.0,Stipa.capillata,0.3180180180180181,opth,2,False,mlp1,bce,msle
511,0.8323719894758146,0.07100887674669014,0.6111111111111112,0.8788706739526412,0.992798353909465,0.9323671497584541,18.0,Stipa.eriocaulis,0.48998178506375245,opth,2,False,mlp1,bce,msle
512,0.7617425514561244,0.042445624602695575,0.5263157894736842,0.7948951686417502,0.9897843359818388,0.8816986855409504,19.0,Succisa.pratensis,0.3212109581154343,opth,2,False,mlp1,bce,msle
513,0.7651991614255765,0.010335069925777568,0.3333333333333333,0.9245283018867925,0.9980601357904947,0.9598880597014925,3.0,Symphytum.officinale,0.25786163522012573,opth,2,False,mlp1,bce,msle
514,0.8006752608962554,0.07508506301179509,0.4666666666666667,0.8480662983425414,0.9829242262540021,0.9105289174493326,30.0,Taraxacum.alpinum,0.3147329650092081,opth,2,False,mlp1,bce,msle
515,0.7835541832603303,0.4124565196192943,0.8020304568527918,0.6267682263329706,0.9365853658536586,0.7509778357235984,197.0,Taraxacum.officinale,0.4287986831857624,opth,2,False,mlp1,bce,msle
516,0.7967625899280575,0.024364248774190262,0.5,0.8696043165467626,0.9979360165118679,0.9293608841902932,4.0,Tephroseris.integrifolia,0.3696043165467626,opth,2,False,mlp1,bce,msle
517,0.6939203354297694,0.006605661668590752,0.6666666666666666,0.7978436657681941,0.9988751406074241,0.8871128871128872,3.0,Teucrium.botrys,0.46451033243486073,opth,2,False,mlp1,bce,msle
518,0.8039874102882804,0.3161152325768947,0.6326530612244898,0.7956777996070727,0.9574468085106383,0.869098712446352,98.0,Teucrium.chamaedrys,0.4283308608315626,opth,2,False,mlp1,bce,msle
519,0.7834928229665071,0.09814880959719406,0.5526315789473685,0.7949907235621522,0.9805491990846682,0.8780737704918032,38.0,Teucrium.montanum,0.34762230250952064,opth,2,False,mlp1,bce,msle
520,0.7321911632100992,0.01649936093698339,0.7142857142857143,0.5707844905320109,0.9968503937007874,0.7259174311926605,7.0,Thalictrum.alpinum,0.28507020481772516,opth,2,False,mlp1,bce,msle
521,0.8747755834829443,0.010338345864661654,1.0,0.6463195691202872,1.0,0.7851690294438386,2.0,Thalictrum.aquilegiifolium,0.6463195691202872,opth,2,False,mlp1,bce,msle
522,0.8160359685275383,0.05899923259017682,0.7058823529411765,0.7834394904458599,0.9942263279445728,0.8763358778625954,17.0,Thalictrum.minus,0.48932184338703655,opth,2,False,mlp1,bce,msle
523,0.6315197841726619,0.006445725733419289,0.75,0.5476618705035972,0.9983606557377049,0.7073170731707317,4.0,Thalictrum.simplex,0.29766187050359716,opth,2,False,mlp1,bce,msle
524,0.7879390588328892,0.09141910604316264,0.5652173913043478,0.7895699908508692,0.9885452462772051,0.8779247202441506,23.0,Thesium.alpinum,0.354787382155217,opth,2,False,mlp1,bce,msle
525,0.7501128158844765,0.016716786962089177,0.25,0.8844765342960289,0.9939148073022313,0.936007640878701,8.0,Thesium.linophyllon,0.13447653429602902,opth,2,False,mlp1,bce,msle
526,0.664485559566787,0.011377195845416858,0.5,0.6642599277978339,0.9945945945945946,0.7965367965367965,8.0,Thesium.pyrenaicum,0.16425992779783405,opth,2,False,mlp1,bce,msle
527,0.7791741472172351,0.005998300209205021,0.0,0.7998204667863554,0.9977603583426652,0.8878923766816144,2.0,Tofieldia.calyculata,-0.20017953321364457,opth,2,False,mlp1,bce,msle
528,0.8109205776173285,0.02877721887749515,0.875,0.6606498194945848,0.9986357435197817,0.795219989136339,8.0,Tragopogon.dubius,0.5356498194945849,opth,2,False,mlp1,bce,msle
529,0.8236754115226337,0.4701812252426,0.8611111111111112,0.6522222222222223,0.9513776337115073,0.7738958470665788,216.0,Tragopogon.pratensis,0.5133333333333334,opth,2,False,mlp1,bce,msle
530,0.8554545454545455,0.1918836000951656,0.75,0.73,0.9950433705080545,0.8421604614577871,16.0,Traunsteinera.globosa,0.48,opth,2,False,mlp1,bce,msle
531,0.7776765836875126,0.06845606116528564,0.7222222222222222,0.7349726775956285,0.9938423645320197,0.8450261780104712,18.0,Trifolium.alpestre,0.4571948998178508,opth,2,False,mlp1,bce,msle
532,0.8426698654785365,0.20324787697454733,0.8,0.7351555136663525,0.9860935524652339,0.8423326133909287,55.0,Trifolium.alpinum,0.5351555136663526,opth,2,False,mlp1,bce,msle
533,0.6071590909090908,0.024447979347866057,0.3125,0.7381818181818182,0.9866342648845686,0.8445137805512221,16.0,Trifolium.arvense,0.05068181818181827,opth,2,False,mlp1,bce,msle
534,0.6600600600600601,0.010014512618445959,0.6666666666666666,0.5162162162162162,0.9965217391304347,0.6801186943620178,6.0,Trifolium.aureum,0.1828828828828828,opth,2,False,mlp1,bce,msle
535,0.6609235209235209,0.10165241999857251,0.5909090909090909,0.6847619047619048,0.9638069705093834,0.8006681514476615,66.0,Trifolium.badium,0.27567099567099573,opth,2,False,mlp1,bce,msle
536,0.6870152439379978,0.14971150179513976,0.4939759036144578,0.6834462729912875,0.9438502673796791,0.7928130263896688,83.0,Trifolium.campestre,0.17742217660574533,opth,2,False,mlp1,bce,msle
537,0.769753074613163,0.12477150071923226,0.6938775510204082,0.6541705716963448,0.9789621318373072,0.7842696629213484,49.0,Trifolium.dubium,0.3480481227167531,opth,2,False,mlp1,bce,msle
538,0.835063176895307,0.09616132605666916,0.75,0.7283393501805054,0.9975278121137207,0.8419405320813772,8.0,Trifolium.medium,0.47833935018050555,opth,2,False,mlp1,bce,msle
539,0.7616026520347509,0.2816053922132902,0.5763888888888888,0.7705761316872428,0.9246913580246914,0.8406285072951739,144.0,Trifolium.montanum,0.34696502057613166,opth,2,False,mlp1,bce,msle
540,0.6559491371480473,0.020883583124623184,0.6,0.592188919164396,0.9908814589665653,0.7413303013075612,15.0,Trifolium.ochroleucon,0.19218891916439595,opth,2,False,mlp1,bce,msle
541,0.7307170542635659,0.6779606126226629,0.7209302325581395,0.61,0.7176470588235294,0.6594594594594595,516.0,Trifolium.pratense,0.33093023255813936,opth,2,False,mlp1,bce,msle
542,0.7457692392332915,0.33119445639052103,0.7929292929292929,0.5816993464052288,0.928695652173913,0.7153382451440053,198.0,Trifolium.repens,0.37462863933452173,opth,2,False,mlp1,bce,msle
543,0.7830485611510791,0.05231339004234847,1.0,0.4523381294964029,1.0,0.6229102167182663,4.0,Trifolium.rubens,0.45233812949640284,opth,2,False,mlp1,bce,msle
544,0.6989658273381295,0.032745788657823884,0.5,0.6160071942446043,0.9970887918486172,0.7615341856586992,4.0,Trifolium.scabrum,0.11600719424460415,opth,2,False,mlp1,bce,msle
545,0.6699007220216606,0.0127870016969439,0.375,0.805956678700361,0.9944320712694877,0.8903290129611167,8.0,Trifolium.striatum,0.18095667870036092,opth,2,False,mlp1,bce,msle
546,0.8505747126436782,0.23406594818191204,0.4583333333333333,0.8850574712643678,0.9595015576323987,0.9207772795216741,72.0,Trifolium.thalii,0.3433908045977012,opth,2,False,mlp1,bce,msle
547,0.714195110701107,0.07845677074948285,0.5,0.7749077490774908,0.9813084112149533,0.865979381443299,32.0,Trinia.glauca,0.27490774907749094,opth,2,False,mlp1,bce,msle
548,0.7181859205776173,0.014366731614769309,0.375,0.7770758122743683,0.9942263279445728,0.8723404255319149,8.0,Trisetum.distichophyllum,0.15207581227436817,opth,2,False,mlp1,bce,msle
549,0.7949534272262193,0.5613466073867175,0.7740863787375415,0.6773006134969325,0.8903225806451613,0.7693379790940766,301.0,Trisetum.flavescens,0.451386992234474,opth,2,False,mlp1,bce,msle
550,0.7663995127555611,0.24069857866095754,0.7681159420289855,0.6389684813753582,0.9766423357664233,0.7725173210161663,69.0,Trollius.europaeus,0.4070844234043438,opth,2,False,mlp1,bce,msle
551,0.6037735849056604,0.0043155668843530785,0.6666666666666666,0.5345911949685535,0.9983221476510067,0.6963136337039204,3.0,Turritis.glabra,0.20125786163522008,opth,2,False,mlp1,bce,msle
552,0.635225048923679,0.03701241695922877,0.42857142857142855,0.7351598173515982,0.98531211750306,0.8420502092050209,21.0,Tussilago.farfara,0.16373124592302668,opth,2,False,mlp1,bce,msle
553,0.7228211146028083,0.06720489911538928,0.2608695652173913,0.8966148215919487,0.9829488465396189,0.937799043062201,23.0,Urtica.dioica,0.15748438680934007,opth,2,False,mlp1,bce,msle
554,0.7038035339922132,0.010687869192925114,0.3333333333333333,0.8508535489667565,0.9978925184404637,0.918525703200776,3.0,Valeriana.dioica,0.18418688230008984,opth,2,False,mlp1,bce,msle
555,0.7502760212787313,0.05476721866824089,0.5555555555555556,0.8021680216802168,0.9955156950672646,0.8884442221110556,9.0,Valeriana.montana,0.3577235772357725,opth,2,False,mlp1,bce,msle
556,0.7725204731574158,0.04550200589892385,0.7647058823529411,0.6551410373066424,0.994475138121547,0.7899067471201316,17.0,Valeriana.officinalis,0.41984691965958354,opth,2,False,mlp1,bce,msle
557,0.6848021582733812,0.0067155182474094985,0.5,0.7158273381294964,0.9974937343358395,0.8335078534031414,4.0,Valerianella.dentata,0.2158273381294964,opth,2,False,mlp1,bce,msle
558,0.7340113337381097,0.030076891875886577,0.6111111111111112,0.692167577413479,0.9908735332464146,0.8150134048257373,18.0,Valerianella.locusta,0.30327868852459017,opth,2,False,mlp1,bce,msle
559,0.6974977977763492,0.11699909976379248,0.5897435897435898,0.7353760445682451,0.9801980198019802,0.8403183023872679,39.0,Veratrum.album,0.325119634311835,opth,2,False,mlp1,bce,msle
560,0.7488336402701042,0.05999538800877545,0.6333333333333333,0.6887661141804788,0.9855072463768116,0.810840108401084,30.0,Verbascum.lychnitis,0.32209944751381214,opth,2,False,mlp1,bce,msle
561,0.6166965888689407,0.003460783244245664,0.0,0.7540394973070018,0.997624703087886,0.8588957055214724,2.0,Verbascum.nigrum,-0.24596050269299818,opth,2,False,mlp1,bce,msle
562,0.7888702821074327,0.027123009073375306,0.7142857142857143,0.6537421100090172,0.9972489683631361,0.789760348583878,7.0,Verbascum.thapsus,0.36802782429473146,opth,2,False,mlp1,bce,msle
563,0.6885403843065888,0.027698309348970065,0.8235294117647058,0.4840764331210191,0.994392523364486,0.6511627906976745,17.0,Verbena.officinalis,0.30760584488572507,opth,2,False,mlp1,bce,msle
564,0.8912163529649869,0.12175461994689304,0.6666666666666666,0.8506375227686703,0.9936170212765958,0.9165848871442591,18.0,Veronica.aphylla,0.517304189435337,opth,2,False,mlp1,bce,msle
565,0.7701818074711163,0.28600157837889423,0.7985611510791367,0.631525076765609,0.9565891472868217,0.7607891491985204,139.0,Veronica.arvensis,0.4300862278447457,opth,2,False,mlp1,bce,msle
566,0.7567297238530115,0.04168527845843575,0.5238095238095238,0.771689497716895,0.9883040935672515,0.8666666666666667,21.0,Veronica.bellidioides,0.2954990215264188,opth,2,False,mlp1,bce,msle
567,0.7867097867097868,0.26123510092664426,0.8034188034188035,0.6416416416416416,0.9653614457831325,0.7708959711365003,117.0,Veronica.chamaedrys,0.4450604450604452,opth,2,False,mlp1,bce,msle
568,0.8048052826285851,0.05343284494640273,0.8260869565217391,0.6724611161939615,0.9945872801082544,0.8024017467248908,23.0,Veronica.fruticans,0.49854807271570056,opth,2,False,mlp1,bce,msle
569,0.7991031390134529,0.0044444444444444444,0.0,0.8071748878923767,0.9988901220865705,0.8928571428571429,1.0,Veronica.fruticulosa,-0.19282511210762332,opth,2,False,mlp1,bce,msle
570,0.6651651651651651,0.009045939588788287,0.16666666666666666,0.7297297297297297,0.9938650306748467,0.8415584415584415,6.0,Veronica.officinalis,-0.10360360360360366,opth,2,False,mlp1,bce,msle
571,0.7713047445255474,0.044516323207247646,0.85,0.573905109489051,0.995253164556962,0.7280092592592593,20.0,Veronica.persica,0.42390510948905114,opth,2,False,mlp1,bce,msle
572,0.47250000000000003,0.0234125580713273,0.3125,0.58,0.9830508474576272,0.7295597484276729,16.0,Veronica.serpyllifolia,-0.10750000000000004,opth,2,False,mlp1,bce,msle
573,0.7920513389271755,0.2630099959899349,0.8045112781954887,0.6378433367243134,0.9601837672281777,0.7665036674816625,133.0,Vicia.cracca,0.4423546149198021,opth,2,False,mlp1,bce,msle
574,0.845012635647391,0.1476640935679072,0.5161290322580645,0.904147465437788,0.9849397590361446,0.9428159538683325,31.0,Vicia.hirsuta,0.4202764976958524,opth,2,False,mlp1,bce,msle
575,0.7612815884476535,0.026607193992487867,0.25,0.8745487364620939,0.9938461538461538,0.9303888622179549,8.0,Vicia.onobrychioides,0.12454873646209386,opth,2,False,mlp1,bce,msle
576,0.7826558685627931,0.27550367759613753,0.4198473282442748,0.8761421319796955,0.919062832800852,0.8970893970893971,131.0,Vicia.sativa,0.2959894602239703,opth,2,False,mlp1,bce,msle
577,0.7434820818279465,0.1005603041123301,0.5,0.7671614100185529,0.9775413711583925,0.8596673596673596,38.0,Vicia.sepium,0.26716141001855287,opth,2,False,mlp1,bce,msle
578,0.8091276978417266,0.02044410511404878,0.5,0.7311151079136691,0.9975460122699387,0.843798650752465,4.0,Vicia.tetrasperma,0.23111510791366907,opth,2,False,mlp1,bce,msle
579,0.6377481949458483,0.012494012063562893,0.5,0.7382671480144405,0.9951338199513382,0.8476683937823835,8.0,Vincetoxicum.hirundinaria,0.2382671480144405,opth,2,False,mlp1,bce,msle
580,0.33572710951526036,0.0020154615734424737,0.0,0.526032315978456,0.9965986394557823,0.6886016451233843,2.0,Viola.arvensis,-0.473967684021544,opth,2,False,mlp1,bce,msle
581,0.6045045045045045,0.012484773627763273,0.3333333333333333,0.7693693693693694,0.9953379953379954,0.8678861788617886,6.0,Viola.biflora,0.10270270270270276,opth,2,False,mlp1,bce,msle
582,0.790702384240081,0.11691557402942325,0.5882352941176471,0.7821596244131456,0.9754098360655737,0.8681605002605524,51.0,Viola.calcarata,0.37039491853079265,opth,2,False,mlp1,bce,msle
583,0.6647470176881942,0.015044772896140202,0.36363636363636365,0.7493212669683258,0.9916167664670659,0.8536082474226804,11.0,Viola.hirta,0.11295763060468955,opth,2,False,mlp1,bce,msle
584,0.2751798561151079,0.0029344249841977725,0.0,0.6942446043165468,0.9948453608247423,0.8177966101694916,4.0,Viola.rupestris,-0.3057553956834532,opth,2,False,mlp1,bce,msle
585,0.5989208633093526,0.005815057493693818,0.75,0.47032374100719426,0.9980916030534351,0.6393643031784841,4.0,Vulpia.myuros,0.22032374100719432,opth,2,False,mlp1,bce,msle
586,0.8540917266187051,0.015489386047244029,1.0,0.7032374100719424,1.0,0.8257655755015839,4.0,Athamanta.cretensis,0.7032374100719423,opth,2,False,mlp1,bce,msle
587,0.7535190176699611,0.011796379515435954,0.6666666666666666,0.6352201257861635,0.998587570621469,0.7764964305326744,3.0,Bupleurum.baldense,0.3018867924528301,opth,2,False,mlp1,bce,msle
588,0.5745865225070921,0.05922214976440673,0.5294117647058824,0.6742493175614195,0.9893190921228304,0.801948051948052,17.0,Imperatoria.ostruthium,0.20366108226730173,opth,2,False,mlp1,bce,msle
589,0.7707650463770137,0.030730242745483135,0.6923076923076923,0.7207615593834995,0.9949937421777222,0.8359621451104101,13.0,Laserpitium.gallicum,0.4130692516911918,opth,2,False,mlp1,bce,msle
590,0.8633663366336635,0.021668011862041148,0.4,0.8334833483348335,0.9967707212055974,0.907843137254902,5.0,Oenanthe.silaifolia,0.23348334833483353,opth,2,False,mlp1,bce,msle
591,0.8162162162162162,0.043256937966672696,0.6666666666666666,0.8765765765765766,0.997948717948718,0.9333333333333333,6.0,Seseli.galloprovinciale,0.5432432432432432,opth,2,False,mlp1,bce,msle
592,0.5666367175801138,0.0070498629559350625,0.3333333333333333,0.8014375561545373,0.9977628635346756,0.8888888888888888,3.0,Torilis.leptophylla,0.13477088948787053,opth,2,False,mlp1,bce,msle
593,0.9143435251798562,0.031086860168157798,1.0,0.7841726618705036,1.0,0.8790322580645161,4.0,Achillea.ptarmica,0.7841726618705036,opth,2,False,mlp1,bce,msle
594,0.7721973094170403,0.00392156862745098,1.0,0.7695067264573991,1.0,0.8697415103902686,1.0,Artemisia.alba,0.7695067264573991,opth,2,False,mlp1,bce,msle
595,0.7025525525525526,0.019245670744524157,0.6666666666666666,0.6747747747747748,0.9973368841544608,0.8049435787211177,6.0,Bombycilaena.erecta,0.3414414414414413,opth,2,False,mlp1,bce,msle
596,0.6034740940401317,0.00588994338994339,0.6666666666666666,0.35669362084456424,0.9974874371859297,0.5254798146922568,3.0,Cacalia.alliariae,0.02336028751123087,opth,2,False,mlp1,bce,msle
597,0.7311597472924187,0.03223351309993644,0.5,0.6841155234657039,0.994750656167979,0.8106951871657754,8.0,Cacalia.alpina,0.18411552346570392,opth,2,False,mlp1,bce,msle
598,0.5526079136690647,0.004928769592414956,0.75,0.5404676258992805,0.9983388704318937,0.7012835472578763,4.0,Carduus.nigrescens,0.29046762589928043,opth,2,False,mlp1,bce,msle
599,0.7618043677155019,0.04172321336197117,0.8260869565217391,0.6157365050320219,0.9940915805022157,0.7604519774011299,23.0,Catananche.caerulea,0.44182346155376107,opth,2,False,mlp1,bce,msle
600,0.6880072137060415,0.01579383708108367,0.5714285714285714,0.7619477006311993,0.9964622641509434,0.8635666836995401,7.0,Centaurea.alpestris,0.3333762720597706,opth,2,False,mlp1,bce,msle
601,0.7112499999999999,0.03391592927131445,0.5,0.7354545454545455,0.9902080783353733,0.8440271257172666,16.0,Centaurea.paniculata,0.23545454545454536,opth,2,False,mlp1,bce,msle
602,0.778091155234657,0.028752368943607238,0.875,0.5622743682310469,0.9983974358974359,0.7193995381062356,8.0,Centaurea.triumfetti,0.43727436823104693,opth,2,False,mlp1,bce,msle
603,0.8245011567379988,0.21216711331755322,0.75,0.7791353383458647,0.9845605700712589,0.869884575026233,52.0,Centaurea.uniflora,0.5291353383458648,opth,2,False,mlp1,bce,msle
604,0.7276327632763276,0.010874139043497622,0.2,0.900990099009901,0.9960199004975124,0.946124763705104,5.0,Cirsium.ferox,0.10099009900990108,opth,2,False,mlp1,bce,msle
605,0.829483695652174,0.06833894043307165,0.9166666666666666,0.6458333333333334,0.9985994397759104,0.7843784378437844,12.0,Cirsium.morisianum,0.5625,opth,2,False,mlp1,bce,msle
606,0.7671171171171172,0.036976380108962946,0.8333333333333334,0.581081081081081,0.9984520123839009,0.734624145785877,6.0,Cirsium.rivulare,0.4144144144144144,opth,2,False,mlp1,bce,msle
607,0.6835283528352836,0.010719982249032053,0.4,0.6804680468046804,0.9960474308300395,0.8085561497326204,5.0,Crepis.albida,0.08046804680468034,opth,2,False,mlp1,bce,msle
608,0.8257850241545893,0.05278858794767552,0.9166666666666666,0.6494565217391305,0.9986072423398329,0.7870472008781558,12.0,Crepis.nicaeensis,0.5661231884057971,opth,2,False,mlp1,bce,msle
609,0.7573357335733574,0.03029103200490038,0.8,0.8820882088208821,0.9989806320081549,0.9369024856596558,5.0,Doronicum.grandiflorum,0.6820882088208822,opth,2,False,mlp1,bce,msle
610,0.7102433144053548,0.0546059199565844,0.5862068965517241,0.7166513339466422,0.9848293299620733,0.8296059637912673,29.0,Echinops.ritro,0.30285823049836624,opth,2,False,mlp1,bce,msle
611,0.8810592459605027,0.011673414304993253,1.0,0.696588868940754,1.0,0.8211640211640212,2.0,Erigeron.atticus,0.696588868940754,opth,2,False,mlp1,bce,msle
612,0.8599640933572711,0.011494944631680309,1.0,0.7396768402154399,1.0,0.8503611971104231,2.0,Filago.vulgaris,0.7396768402154399,opth,2,False,mlp1,bce,msle
613,0.5247079964061097,0.003640078877224226,0.0,0.77088948787062,0.9965156794425087,0.8693009118541033,3.0,Helichrysum.stoechas,-0.22911051212938005,opth,2,False,mlp1,bce,msle
614,0.7055655296229804,0.004843688805952958,0.5,0.729802513464991,0.9987714987714987,0.8433609958506224,2.0,Hieracium.glanduliferum,0.22980251346499103,opth,2,False,mlp1,bce,msle
615,0.7786954055587068,0.10113490063656161,0.6585365853658537,0.7013953488372093,0.9817708333333334,0.8182311448724905,41.0,Pilosella.peleteriana,0.3599319342030629,opth,2,False,mlp1,bce,msle
616,0.7072326821322703,0.1380514789805956,0.711340206185567,0.6486751717369971,0.9593613933236574,0.7740046838407494,97.0,Pilosella.officinarum,0.3600153779225641,opth,2,False,mlp1,bce,msle
617,0.8694066340689838,0.28222785509461107,0.7714285714285715,0.8621646623496763,0.9914893617021276,0.9223156853043047,35.0,Hieracium.rionii,0.6335932337782477,opth,2,False,mlp1,bce,msle
618,0.878929349517585,0.2153032382635548,0.7555555555555555,0.8263305322128851,0.9877232142857143,0.8998474834773768,45.0,Pilosella.corymbuloides,0.5818860877684406,opth,2,False,mlp1,bce,msle
619,0.709493670886076,0.022230126144637978,0.2,0.9041591320072333,0.9920634920634921,0.9460737937559129,10.0,Inula.montana,0.10415913200723326,opth,2,False,mlp1,bce,msle
620,0.8580392898811213,0.3164249082847083,0.7419354838709677,0.8035190615835777,0.9716312056737588,0.8796147672552167,93.0,Leontodon.pyrenaicus,0.5454545454545454,opth,2,False,mlp1,bce,msle
621,0.8264165103189492,0.20266878489533632,0.78,0.7701688555347092,0.9867788461538461,0.8651211801896733,50.0,Leucanthemum.adustum,0.5501688555347091,opth,2,False,mlp1,bce,msle
622,0.8405502328319863,0.06303047475356616,0.6470588235294118,0.8589626933575978,0.9936842105263158,0.9214250854075159,17.0,Leucanthemum.atratum,0.5060215168870097,opth,2,False,mlp1,bce,msle
623,0.9152086367920487,0.3107887642684072,0.6545454545454545,0.8925541941564562,0.9803312629399586,0.9343857918105575,55.0,Omalotheca.supina,0.5470996487019106,opth,2,False,mlp1,bce,msle
624,0.8294294294294294,0.017263900925371334,0.3333333333333333,0.8729729729729729,0.9958890030832477,0.9303888622179549,6.0,Omalotheca.sylvatica,0.2063063063063062,opth,2,False,mlp1,bce,msle
625,0.787361485474693,0.008299294394766534,0.3333333333333333,0.8301886792452831,0.9978401727861771,0.9063266307013241,3.0,Pulicaria.dysenterica,0.16352201257861632,opth,2,False,mlp1,bce,msle
626,0.8562411438876723,0.18592874353964373,1.0,0.6041478809738503,1.0,0.7532321528948848,7.0,Scorzonera.hispanica,0.6041478809738503,opth,2,False,mlp1,bce,msle
627,0.9105105105105105,0.13547066141405764,0.5,0.9225225225225225,0.997078870496592,0.9583528310715957,6.0,Senecio.aquaticus,0.4225225225225224,opth,2,False,mlp1,bce,msle
628,0.47262118491921,0.00247745575541303,0.0,0.940754039497307,0.9980952380952381,0.9685767097966729,2.0,Senecio.vulgaris,-0.05924596050269304,opth,2,False,mlp1,bce,msle
629,0.8924864620938628,0.09631808497922137,0.75,0.7608303249097473,0.9976331360946745,0.8632872503840245,8.0,Serratula.lycopifolia,0.5108303249097474,opth,2,False,mlp1,bce,msle
630,0.591501798561151,0.010787456008044243,0.5,0.6483812949640287,0.9972337482710927,0.7858310626702997,4.0,Serratula.nudicaulis,0.14838129496402885,opth,2,False,mlp1,bce,msle
631,0.8038131768953068,0.0366318114247395,1.0,0.48465703971119134,1.0,0.652887537993921,8.0,Sonchus.asper,0.48465703971119134,opth,2,False,mlp1,bce,msle
632,0.6396460029915241,0.031017918124408014,0.5454545454545454,0.7120658135283364,0.9873257287705957,0.8274030801911842,22.0,Taraxacum.erythrospermum,0.25752035898288184,opth,2,False,mlp1,bce,msle
633,0.7460317460317462,0.006891346576944955,0.6666666666666666,0.6540880503144654,0.9986282578875172,0.7904451682953312,3.0,Taraxacum.palustre,0.320754716981132,opth,2,False,mlp1,bce,msle
634,0.756317689530686,0.021740639354720023,0.625,0.8005415162454874,0.996629213483146,0.8878878878878879,8.0,Tolpis.staticifolia,0.4255415162454874,opth,2,False,mlp1,bce,msle
635,0.6948694869486949,0.009432340810401329,0.2,0.8073807380738074,0.9955604883462819,0.8916500994035785,5.0,Tragopogon.crocifolius,0.007380738073807347,opth,2,False,mlp1,bce,msle
636,0.8819799270072992,0.1578672480714134,0.85,0.677007299270073,0.9959731543624161,0.8060836501901141,20.0,Cerinthe.minor,0.527007299270073,opth,2,False,mlp1,bce,msle
637,0.8797127468581687,0.010899256993006992,1.0,0.3500897666068223,1.0,0.5186170212765957,2.0,Cynoglossum.officinale,0.35008976660682234,opth,2,False,mlp1,bce,msle
638,0.735386690647482,0.01831879643958746,0.5,0.6807553956834532,0.997364953886693,0.809192944949225,4.0,Lithospermum.arvense,0.1807553956834531,opth,2,False,mlp1,bce,msle
639,0.6952272727272727,0.03112818878321063,0.9375,0.43272727272727274,0.9979035639412998,0.6036778693722258,16.0,Myosotis.decumbens,0.3702272727272726,opth,2,False,mlp1,bce,msle
640,0.7274527452745275,0.014654036618054608,0.6,0.738973897389739,0.9975698663426489,0.8490175801447777,5.0,Myosotis.discolor,0.33897389738973893,opth,2,False,mlp1,bce,msle
641,0.9467146714671468,0.049335892743308296,1.0,0.7794779477947795,1.0,0.876074860900354,5.0,Pulmonaria.angustifolia,0.7794779477947795,opth,2,False,mlp1,bce,msle
642,0.8966756513926326,0.016852374199379763,1.0,0.7601078167115903,1.0,0.8637059724349158,3.0,Alyssum.alpestre,0.7601078167115904,opth,2,False,mlp1,bce,msle
643,0.5657657657657658,0.008051272798313233,0.3333333333333333,0.6549549549549549,0.9945280437756497,0.7897881586094514,6.0,Alyssum.montanum,-0.011711711711711814,opth,2,False,mlp1,bce,msle
644,0.6868255395683454,0.008088448516196573,0.25,0.802158273381295,0.9966480446927374,0.8888888888888888,4.0,Arabis.alpina,0.05215827338129486,opth,2,False,mlp1,bce,msle
645,0.5705935251798561,0.00506864811615458,0.25,0.7437050359712231,0.9963855421686747,0.8516992790937178,4.0,Arabis.auriculata,-0.006294964028776939,opth,2,False,mlp1,bce,msle
646,0.7424924924924925,0.014600351768205778,0.16666666666666666,0.845945945945946,0.9947033898305084,0.9143135345666992,6.0,Cardamine.bellidifolia,0.012612612612612706,opth,2,False,mlp1,bce,msle
647,0.8475524475524475,0.04965965703071991,0.45454545454545453,0.8769230769230769,0.9938461538461538,0.9317307692307693,11.0,Cardamine.resedifolia,0.3314685314685315,opth,2,False,mlp1,bce,msle
648,,-0.0,0.0,0.6872759856630825,1.0,0.8146574614976102,0.0,Iberis.pinnata,-0.31272401433691754,opth,2,False,mlp1,bce,msle
649,0.690902651285165,0.04318646459086202,0.5555555555555556,0.5938069216757741,0.9878787878787879,0.7417519908987485,18.0,Kandis.perfoliata,0.14936247723132956,opth,2,False,mlp1,bce,msle
650,0.8031774944343251,0.08699939053617828,0.5555555555555556,0.8342440801457195,0.9913419913419913,0.9060336300692384,18.0,Noccaea.brachypetala,0.3897996357012752,opth,2,False,mlp1,bce,msle
651,0.8147563176895306,0.02092048087367995,0.875,0.6326714801444043,0.9985754985754985,0.7745856353591161,8.0,Pritzelago.alpina,0.5076714801444044,opth,2,False,mlp1,bce,msle
652,0.6412099430967355,0.006231667875503491,0.3333333333333333,0.7672955974842768,0.9976635514018691,0.867445403758253,3.0,Sisymbrium.austriacum,0.10062893081761004,opth,2,False,mlp1,bce,msle
653,0.9067264573991032,0.009523809523809525,1.0,0.8376681614349776,1.0,0.9116642264519278,1.0,Campanula.alpestris,0.8376681614349777,opth,2,False,mlp1,bce,msle
654,0.8349776353773435,0.09155544646284774,0.4827586206896552,0.8666053357865685,0.9843260188087775,0.9217221135029354,29.0,Phyteuma.globulariifolium,0.34936395647622365,opth,2,False,mlp1,bce,msle
655,0.6670886075949367,0.0208835307297041,0.4,0.8707052441229657,0.9938080495356038,0.9281927710843374,10.0,Phyteuma.michelii,0.2707052441229658,opth,2,False,mlp1,bce,msle
656,0.8290039762727331,0.22349797170429503,0.6206896551724138,0.8279773156899811,0.9755011135857461,0.8957055214723927,58.0,Arenaria.gothica,0.44866697086239493,opth,2,False,mlp1,bce,msle
657,0.8697259223097845,0.0651081848175062,0.23076923076923078,0.970988213961922,0.9907493061979649,0.9807692307692307,13.0,Cerastium.cerastoides,0.20175744473115276,opth,2,False,mlp1,bce,msle
658,0.8635785649409629,0.07449361052228426,0.8666666666666667,0.7148047229791099,0.9974651457541192,0.8328042328042328,15.0,Dianthus.hyssopifolius,0.5814713896457766,opth,2,False,mlp1,bce,msle
659,0.8501191151446399,0.15057647630929674,0.8780487804878049,0.7376744186046512,0.993734335839599,0.8467698878804057,41.0,Dianthus.pavonius,0.6157231990924561,opth,2,False,mlp1,bce,msle
660,0.6884025270758123,0.014825822047608848,0.75,0.5992779783393501,0.996996996996997,0.7485907553551296,8.0,Minuartia.hybrida,0.34927797833935026,opth,2,False,mlp1,bce,msle
661,0.6357913669064748,0.007120797563797104,0.75,0.6007194244604317,0.9985052316890882,0.7501403705783268,4.0,Minuartia.rupestris,0.3507194244604317,opth,2,False,mlp1,bce,msle
662,0.8952995105275425,0.268271017052268,0.5409836065573771,0.8834123222748815,0.9708333333333333,0.9250620347394541,61.0,Minuartia.sedoides,0.42439592883225874,opth,2,False,mlp1,bce,msle
663,0.8476006607885676,0.1817915093328902,0.46808510638297873,0.8886810102899907,0.9743589743589743,0.9295499021526419,47.0,Sagina.glabra,0.3567661166729694,opth,2,False,mlp1,bce,msle
664,0.7916817359855335,0.024528125451022453,0.8,0.6645569620253164,0.9972862957937585,0.7976125881714595,10.0,Sagina.saginoides,0.4645569620253165,opth,2,False,mlp1,bce,msle
665,0.6542986425339368,0.02319539879973534,0.2727272727272727,0.7683257918552037,0.9906651108518086,0.8654434250764526,11.0,Silene.italica,0.041053064582476484,opth,2,False,mlp1,bce,msle
666,0.7336903338045014,0.05778791377997966,0.7647058823529411,0.6229205175600739,0.9882697947214076,0.764172335600907,34.0,Silene.latifolia,0.3876263999130152,opth,2,False,mlp1,bce,msle
667,0.5937219730941704,0.0022026431718061676,0.0,0.9641255605381166,0.9990706319702602,0.9812870835235052,1.0,Silene.suecica,-0.0358744394618834,opth,2,False,mlp1,bce,msle
668,0.5418605766924147,0.04738163101267434,0.42105263157894735,0.6371923427529627,0.9845070422535211,0.7736579966795795,19.0,Chenopodium.bonus.henricus,0.058244974331910004,opth,2,False,mlp1,bce,msle
669,0.7814307458143074,0.09484747028117556,0.5714285714285714,0.8200913242009132,0.9900771775082691,0.8971028971028971,21.0,Helianthemum.apenninum,0.3915198956294845,opth,2,False,mlp1,bce,msle
670,0.7579545454545454,0.1665452845586756,0.5333333333333333,0.8020833333333334,0.968,0.8772656654583117,60.0,Helianthemum.oelandicum,0.3354166666666667,opth,2,False,mlp1,bce,msle
671,0.7921903052064632,0.007110851353984025,0.5,0.8105924596050269,0.9988938053097345,0.8949454905847374,2.0,Convolvulus.cantabricus,0.3105924596050269,opth,2,False,mlp1,bce,msle
672,0.859233315741496,0.07388680761345755,0.631578947368421,0.8286235186873291,0.99235807860262,0.9031296572280179,19.0,Sedum.alpestre,0.4602024660557502,opth,2,False,mlp1,bce,msle
673,0.6779103249691485,0.026183051293677526,0.6363636363636364,0.6470588235294118,0.9944367176634215,0.7839912280701754,11.0,Sedum.anacampseros,0.28342245989304815,opth,2,False,mlp1,bce,msle
674,0.7725703905540418,0.06227359905202656,0.6,0.776566757493188,0.9930313588850174,0.8715596330275229,15.0,Sedum.ochroleucum,0.37656675749318813,opth,2,False,mlp1,bce,msle
675,0.8690207581227436,0.09930991173599928,0.625,0.871841155234657,0.9969040247678018,0.9301877708233028,8.0,Sedum.sediforme,0.496841155234657,opth,2,False,mlp1,bce,msle
676,0.8981564748201438,0.023076179829734332,0.75,0.8462230215827338,0.9989384288747346,0.9162609542356378,4.0,Sempervivum.calcareum,0.5962230215827338,opth,2,False,mlp1,bce,msle
677,0.8902877697841727,0.021187369249570206,0.75,0.8381294964028777,0.9989281886387996,0.9114914425427872,4.0,Euphorbia.esula,0.5881294964028778,opth,2,False,mlp1,bce,msle
678,0.8361601085481682,0.15320345078413375,0.6818181818181818,0.7994402985074627,0.983926521239954,0.8821410190427175,44.0,Anthyllis.montana,0.48125848032564456,opth,2,False,mlp1,bce,msle
679,0.7654654654654653,0.01914461271992328,0.3333333333333333,0.8513513513513513,0.9957850368809273,0.917921321029626,6.0,Argyrolobium.zanonii,0.18468468468468457,opth,2,False,mlp1,bce,msle
680,0.8051294191919193,0.18066466566438752,0.6166666666666667,0.8134469696969697,0.9739229024943311,0.8864809081527347,60.0,Astragalus.danicus,0.4301136363636364,opth,2,False,mlp1,bce,msle
681,0.8450617283950617,0.1392721068803361,0.75,0.7592592592592593,0.9891435464414958,0.859088528025144,36.0,Astragalus.sempervirens,0.5092592592592593,opth,2,False,mlp1,bce,msle
682,0.5267535971223022,0.004472712047155172,0.0,0.7491007194244604,0.995221027479092,0.8547973319651103,4.0,Astragalus.vesicarius,-0.25089928057553956,opth,2,False,mlp1,bce,msle
683,0.686948694869487,0.009144598430604747,0.4,0.7983798379837984,0.996629213483146,0.8865567216391804,5.0,Bituminaria.bituminosa,0.19837983798379843,opth,2,False,mlp1,bce,msle
684,0.7506775067750677,0.017447372900654356,0.1111111111111111,0.8726287262872628,0.9917864476386037,0.9283998077847189,9.0,Dorycnium.pentaphyllum,-0.016260162601626105,opth,2,False,mlp1,bce,msle
685,0.8460502692998205,0.009208333333333332,0.5,0.8186714542190305,0.9989047097480832,0.8998519980266404,2.0,Genista.cinerea,0.31867145421903054,opth,2,False,mlp1,bce,msle
686,0.7794514388489209,0.02138066997480047,0.75,0.4739208633093525,0.9981060606060606,0.6426829268292683,4.0,Lathyrus.hirsutus,0.22392086330935257,opth,2,False,mlp1,bce,msle
687,0.9196766774891775,0.6728180445177914,0.8854166666666666,0.8257575757575758,0.9719745222929936,0.892919836161498,192.0,Lotus.alpinus,0.7111742424242424,opth,2,False,mlp1,bce,msle
688,0.7618508454106281,0.03241022907773156,0.9166666666666666,0.529891304347826,0.9982935153583617,0.6923076923076923,12.0,Lotus.delortii,0.4465579710144927,opth,2,False,mlp1,bce,msle
689,0.5648397723869423,0.003953964150428201,0.3333333333333333,0.6073674752920036,0.9970501474926253,0.7548855388051368,3.0,Lotus.pedunculatus,-0.059299191374662996,opth,2,False,mlp1,bce,msle
690,0.8542607648298705,0.039744037155903404,1.0,0.5411020776874436,1.0,0.7022274325908558,9.0,Medicago.arabica,0.5411020776874436,opth,2,False,mlp1,bce,msle
691,,-0.0,0.0,0.764336917562724,1.0,0.8664296597257491,0.0,Melilotus.neapolitanus,-0.23566308243727596,opth,2,False,mlp1,bce,msle
692,0.7986122652484627,0.05026835252292697,0.5,0.8263254113345521,0.9879781420765027,0.8999502239920358,22.0,Ononis.cristata,0.32632541133455195,opth,2,False,mlp1,bce,msle
693,0.8900614924380921,0.1557088950955697,0.7272727272727273,0.8519195612431444,0.9936034115138592,0.9173228346456693,22.0,Oxytropis.lapponica,0.5791922885158716,opth,2,False,mlp1,bce,msle
694,0.760702391765062,0.028617937245106105,0.9333333333333333,0.5395095367847411,0.9983193277310924,0.7004716981132075,15.0,Trifolium.incarnatum,0.47284287011807447,opth,2,False,mlp1,bce,msle
695,0.8376704545454545,0.05223167173549905,0.875,0.6981818181818182,0.9974025974025974,0.8213903743315508,16.0,Trifolium.pallescens,0.5731818181818182,opth,2,False,mlp1,bce,msle
696,,-0.0,0.0,0.9301075268817204,1.0,0.9637883008356546,0.0,Vicia.pannonica,-0.06989247311827962,opth,2,False,mlp1,bce,msle
697,0.7731122088920255,0.09204778958005083,0.9230769230769231,0.5091743119266054,0.9964093357271095,0.6739526411657559,26.0,Vicia.tenuifolia,0.4322512350035286,opth,2,False,mlp1,bce,msle
698,0.8090277777777778,0.049871571847186075,0.5,0.8278985507246377,0.9934782608695653,0.9031620553359684,12.0,Gentiana.angustifolia,0.3278985507246377,opth,2,False,mlp1,bce,msle
699,0.8342480093899692,0.08386012454245191,0.7586206896551724,0.7552897884084636,0.9915458937198067,0.8574412532637076,29.0,Gentiana.brachyphylla,0.5139104780636359,opth,2,False,mlp1,bce,msle
700,0.6909972924187725,0.01202811192415313,0.0,0.8835740072202166,0.9918946301925026,0.9346062052505967,8.0,Gentiana.orbicularis,-0.11642599277978338,opth,2,False,mlp1,bce,msle
701,0.74376130198915,0.021626430510226134,0.7,0.6916817359855335,0.99609375,0.816435432230523,10.0,Gentiana.rostanii,0.3916817359855336,opth,2,False,mlp1,bce,msle
702,0.7929423114608299,0.18404959065737664,0.6825396825396826,0.761633428300095,0.975669099756691,0.8554666666666667,63.0,Gentianella.campestris,0.4441731108397775,opth,2,False,mlp1,bce,msle
703,0.9059598682240192,0.017996764373575967,1.0,0.7583108715184187,1.0,0.8625447112927951,3.0,Gentianella.ciliata,0.7583108715184186,opth,2,False,mlp1,bce,msle
704,0.8231597845601436,0.008574416172882538,0.5,0.7495511669658886,0.9988038277511961,0.8564102564102564,2.0,Gentianella.tenella,0.24955116696588853,opth,2,False,mlp1,bce,msle
705,0.5254046762589928,0.004676710506221657,0.25,0.7077338129496403,0.9962025316455696,0.8275499474237644,4.0,Hypericum.tetrapterum,-0.04226618705035967,opth,2,False,mlp1,bce,msle
706,0.861264974880845,0.03144079146104338,0.7142857142857143,0.8656447249774571,0.997920997920998,0.9270883631096088,7.0,Herniaria.incana,0.5799304392631714,opth,2,False,mlp1,bce,msle
707,0.7454327643006889,0.007259747033099175,0.6666666666666666,0.6460017969451932,0.9986111111111111,0.784506273867976,3.0,Calamintha.nepeta,0.31266846361185996,opth,2,False,mlp1,bce,msle
708,0.7108108108108109,0.015036184773255842,0.6666666666666666,0.7225225225225225,0.9975124378109452,0.8380355276907001,6.0,Mentha.aquatica,0.3891891891891892,opth,2,False,mlp1,bce,msle
709,0.6961433851733037,0.029896342838129652,0.5384615384615384,0.6627379873073436,0.9918588873812755,0.7945652173913044,13.0,Mentha.longifolia,0.20119952576888211,opth,2,False,mlp1,bce,msle
710,0.4260089686098655,0.0015600624024961,0.0,0.8914798206278027,0.9989949748743718,0.9421800947867298,1.0,Nepeta.nepetella,-0.10852017937219727,opth,2,False,mlp1,bce,msle
711,0.5623877917414721,0.0029798147136150636,0.0,0.86983842010772,0.9979402677651905,0.9294964028776979,2.0,Prunella.hyssopifolia,-0.13016157989228005,opth,2,False,mlp1,bce,msle
712,0.8473967684021544,0.02940220922677063,0.5,0.8321364452423698,0.9989224137931034,0.9079333986287953,2.0,Teucrium.polium,0.33213644524236985,opth,2,False,mlp1,bce,msle
713,0.9071578316861336,0.07878658709860756,0.6666666666666666,0.7852650494159928,0.9988571428571429,0.8792756539235412,3.0,Linum.bienne,0.4519317160826595,opth,2,False,mlp1,bce,msle
714,0.7604470802919708,0.04024744867360259,0.25,0.8667883211678832,0.9844559585492227,0.9218825812712276,20.0,Linum.suffruticosum,0.11678832116788307,opth,2,False,mlp1,bce,msle
715,0.9278629395852118,0.3001725990321856,0.7142857142857143,0.9206492335437331,0.9980449657869013,0.9577861163227017,7.0,Lythrum.salicaria,0.6349349478294473,opth,2,False,mlp1,bce,msle
716,0.7929406474820144,0.016570819074562003,0.5,0.8201438848920863,0.9978118161925602,0.9002961500493584,4.0,Althaea.hirsuta,0.32014388489208634,opth,2,False,mlp1,bce,msle
717,0.9385098743267505,0.022961816305469555,1.0,0.8393177737881508,1.0,0.9126403123474865,2.0,Epilobium.parviflorum,0.8393177737881508,opth,2,False,mlp1,bce,msle
718,0.7008100810081007,0.009980541204338578,0.2,0.8343834383438344,0.9957035445757251,0.9079333986287953,5.0,Plantago.sempervirens,0.034383438343834394,opth,2,False,mlp1,bce,msle
719,0.9129050565452709,0.39327859050379,0.855072463768116,0.8204393505253104,0.9884925201380897,0.8966597077244259,69.0,Armeria.alpina,0.6755118142934262,opth,2,False,mlp1,bce,msle
720,0.7639115955192248,0.0705366344442574,0.6666666666666666,0.737511353315168,0.9938800489596084,0.8467153284671532,15.0,Polygala.calcarea,0.4041780199818348,opth,2,False,mlp1,bce,msle
721,0.697268560953254,0.13085511221149237,0.72,0.5288725939505041,0.988013698630137,0.688955223880597,25.0,Rumex.arifolius,0.2488725939505041,opth,2,False,mlp1,bce,msle
722,0.787361485474693,0.014665032679738562,0.3333333333333333,0.7825696316262354,0.997709049255441,0.877139979859013,3.0,Rumex.conglomeratus,0.11590296495956864,opth,2,False,mlp1,bce,msle
723,0.7133809912200738,0.037042671201789515,0.7368421052631579,0.5897903372835005,0.9923312883435583,0.7398513436249285,19.0,Rumex.nebroides,0.32663244254665846,opth,2,False,mlp1,bce,msle
724,0.7270454545454546,0.053585542918819395,0.25,0.9381818181818182,0.9885057471264368,0.9626865671641791,16.0,Rumex.pseudalpinus,0.18818181818181823,opth,2,False,mlp1,bce,msle
725,0.8258478460128322,0.06731550966127349,0.76,0.7506874427131073,0.9927272727272727,0.8549060542797495,25.0,Androsace.adfinis,0.5106874427131074,opth,2,False,mlp1,bce,msle
726,0.8677110694183865,0.17670498547859928,0.92,0.7457786116322702,0.9949937421777222,0.8525469168900804,50.0,Androsace.vitaliana,0.6657786116322701,opth,2,False,mlp1,bce,msle
727,0.6304230423042304,0.00782787350072139,0.6,0.6993699369936993,0.9974326059050064,0.8222222222222222,5.0,Primula.vulgaris,0.2993699369936993,opth,2,False,mlp1,bce,msle
728,0.759009009009009,0.015616820540213338,0.8333333333333334,0.609009009009009,0.9985228951255539,0.7565752658086178,6.0,Aconitum.anthora,0.4423423423423425,opth,2,False,mlp1,bce,msle
729,0.8469434306569343,0.0979274570385489,0.5,0.8613138686131386,0.989517819706499,0.9209756097560976,20.0,Anemone.baldensis,0.36131386861313874,opth,2,False,mlp1,bce,msle
730,0.9384338433843384,0.04533993196232285,1.0,0.7335733573357336,1.0,0.8463136033229491,5.0,Anemone.narcissifolia,0.7335733573357337,opth,2,False,mlp1,bce,msle
731,0.8940754039497307,0.012201340326340326,0.5,0.8788150807899462,0.9989795918367347,0.9350525310410697,2.0,Caltha.palustris,0.3788150807899462,opth,2,False,mlp1,bce,msle
732,0.7149003623188406,0.047928137617956675,0.6666666666666666,0.6014492753623188,0.9940119760479041,0.7494356659142212,12.0,Ranunculus.aduncus,0.26811594202898537,opth,2,False,mlp1,bce,msle
733,0.8475511030155838,0.1362780866421589,0.7222222222222222,0.773224043715847,0.9941451990632318,0.8698770491803278,18.0,Ranunculus.carinthiacus,0.4954462659380692,opth,2,False,mlp1,bce,msle
734,0.7784722594478692,0.25656635843739517,0.6263736263736264,0.7687804878048781,0.9586374695863747,0.8532755820249053,91.0,Ranunculus.sartorianus,0.39515411417850443,opth,2,False,mlp1,bce,msle
735,0.4928057553956835,0.004404871388964006,0.0,0.8534172661870504,0.9958027282266527,0.9191283292978208,4.0,Reseda.phyteuma,-0.14658273381294962,opth,2,False,mlp1,bce,msle
736,0.750470744124416,0.02864684112720627,0.3076923076923077,0.85766092475068,0.9905759162303664,0.9193391642371235,13.0,Alchemilla.fissa,0.1653532324429876,opth,2,False,mlp1,bce,msle
737,0.8443767320295775,0.28923616162064353,0.6438356164383562,0.8302972195589645,0.9708520179372198,0.8950904392764858,73.0,Alchemilla.flabellata,0.4741328359973207,opth,2,False,mlp1,bce,msle
738,0.7076303198186855,0.07484522164866574,0.6666666666666666,0.6805170821791321,0.9852941176470589,0.8050245767340252,33.0,Alchemilla.glabra,0.3471837488457987,opth,2,False,mlp1,bce,msle
739,0.8781117182756527,0.0905441155797024,0.8888888888888888,0.7695810564663024,0.9976387249114522,0.8688946015424165,18.0,Alchemilla.glaucescens,0.6584699453551912,opth,2,False,mlp1,bce,msle
740,0.6921748308784723,0.03435627166564965,0.7894736842105263,0.5341841385597083,0.9932203389830508,0.6947243627741553,19.0,Alchemilla.monticola,0.32365782277023447,opth,2,False,mlp1,bce,msle
741,0.9119656133828996,0.2938835191912275,0.625,0.9089219330855018,0.9848942598187311,0.9453842435959401,40.0,Alchemilla.pentaphyllea,0.5339219330855018,opth,2,False,mlp1,bce,msle
742,0.8891505646844726,0.08821768963198134,0.7647058823529411,0.7961783439490446,0.9954493742889647,0.884732052578362,17.0,Filipendula.ulmaria,0.5608842263019858,opth,2,False,mlp1,bce,msle
743,0.9425493716337523,0.07949308755760368,1.0,0.6364452423698385,1.0,0.777838727372463,2.0,Potentilla.brauneana,0.6364452423698386,opth,2,False,mlp1,bce,msle
744,0.5195593525179856,0.004415005414492524,0.5,0.6007194244604317,0.9970149253731343,0.7497194163860831,4.0,Potentilla.neglecta,0.1007194244604317,opth,2,False,mlp1,bce,msle
745,0.9285488174377063,0.3921619359509723,0.8253968253968254,0.8879392212725546,0.9883720930232558,0.9354677338669335,63.0,Sibbaldia.procumbens,0.7133360466693799,opth,2,False,mlp1,bce,msle
746,0.7720874513327343,0.008249633048182605,0.6666666666666666,0.6190476190476191,0.9985507246376811,0.764281752634498,3.0,Galium.megalospermum,0.2857142857142856,opth,2,False,mlp1,bce,msle
747,0.8304212875775965,0.24443076602942976,0.7777777777777778,0.7617702448210922,0.9853836784409257,0.8592671269251195,54.0,Galium.obliquum,0.53954802259887,opth,2,False,mlp1,bce,msle
748,0.8823000898472595,0.023946909192810832,1.0,0.6612758310871518,1.0,0.7961060032449973,3.0,Galium.palustre,0.6612758310871518,opth,2,False,mlp1,bce,msle
749,0.8803303303303304,0.030794317426940773,0.8333333333333334,0.8648648648648649,0.9989594172736732,0.9270883631096088,6.0,Galium.pseudohelveticum,0.6981981981981984,opth,2,False,mlp1,bce,msle
750,0.5375861036238394,0.00446233763829198,0.0,0.8562443845462714,0.9968619246861925,0.9212179797003384,3.0,Galium.uliginosum,-0.1437556154537286,opth,2,False,mlp1,bce,msle
751,0.36173561151079137,0.003754367389313965,0.25,0.3408273381294964,0.9921465968586387,0.5073627844712182,4.0,Salix.foetida,-0.4091726618705036,opth,2,False,mlp1,bce,msle
752,0.6207651681051141,0.009015297065979264,0.0,0.8557258791704238,0.9926778242677824,0.9191283292978208,7.0,Thesium.divaricatum,-0.14427412082957625,opth,2,False,mlp1,bce,msle
753,0.7883363471971068,0.02392985942444774,0.4,0.8417721518987342,0.9935965848452508,0.911404796867352,10.0,Saxifraga.bryoides,0.24177215189873413,opth,2,False,mlp1,bce,msle
754,0.8420493018830969,0.128476957706973,0.6363636363636364,0.8051708217913204,0.9864253393665159,0.8866293848500254,33.0,Saxifraga.exarata,0.44153445815495673,opth,2,False,mlp1,bce,msle
755,0.7493237150586114,0.028898271741425022,0.2857142857142857,0.8476104598737602,0.9947089947089947,0.9152872444011685,7.0,Digitalis.grandiflora,0.13332474558804597,opth,2,False,mlp1,bce,msle
756,0.6878450265984141,0.029021916520144433,0.7777777777777778,0.5907859078590786,0.9969512195121951,0.7419171866137266,9.0,Euphrasia.officinalis,0.3685636856368564,opth,2,False,mlp1,bce,msle
757,0.6009009009009009,0.007553065532633067,0.0,0.8234234234234235,0.9934782608695653,0.9004926108374385,6.0,Linaria.simplex,-0.17657657657657655,opth,2,False,mlp1,bce,msle
758,,-0.0,0.0,0.7553763440860215,1.0,0.8606431852986217,0.0,Pedicularis.cenisia,-0.2446236559139785,opth,2,False,mlp1,bce,msle
759,0.8586658180516329,0.2516355450229291,0.6086956521739131,0.868252516010979,0.9906054279749478,0.9254022428083861,23.0,Pedicularis.comosa,0.47694816818489194,opth,2,False,mlp1,bce,msle
760,0.7854241877256318,0.024776356517140885,0.5,0.7653429602888087,0.9953051643192489,0.8653061224489796,8.0,Pedicularis.kerneri,0.26534296028880866,opth,2,False,mlp1,bce,msle
761,0.5516621743036837,0.0038205267483449592,0.0,0.9101527403414196,0.9970472440944882,0.9516204790981682,3.0,Pedicularis.rosea,-0.08984725965858043,opth,2,False,mlp1,bce,msle
762,0.8331072410632447,0.07351150598050366,0.6,0.8130155820348305,0.9888517279821628,0.892354124748491,25.0,Pedicularis.rostratospicata,0.41301558203483046,opth,2,False,mlp1,bce,msle
763,0.7816381638163816,0.01949909849389233,0.8,0.6795679567956796,0.9986772486772487,0.80878414568827,5.0,Verbascum.chaixii,0.47956795679567965,opth,2,False,mlp1,bce,msle
764,0.8722536861634607,0.1239932201640125,0.7894736842105263,0.8079777365491652,0.9908987485779295,0.8901379662749106,38.0,Veronica.allionii,0.5974514207596915,opth,2,False,mlp1,bce,msle
765,0.8821716768644143,0.2344324731411667,0.6666666666666666,0.8417132216014898,0.9847494553376906,0.9076305220883534,42.0,Veronica.alpina,0.5083798882681565,opth,2,False,mlp1,bce,msle
766,0.6661496350364964,0.05053689855633464,0.5,0.6970802919708029,0.9870801033591732,0.8171122994652407,20.0,Veronica.austriaca,0.1970802919708028,opth,2,False,mlp1,bce,msle
767,0.6552552552552553,0.013648402890496155,0.5,0.7315315315315315,0.996319018404908,0.8436363636363636,6.0,Veronica.verna,0.2315315315315316,opth,2,False,mlp1,bce,msle
768,0.8493618801869028,0.04706703213424263,0.8461538461538461,0.7932910244786945,0.9977194982896237,0.8838383838383839,13.0,Valeriana.tuberosa,0.6394448706325406,opth,2,False,mlp1,bce,msle
769,0.7079545454545454,0.024734231391858583,0.9375,0.509090909090909,0.9982174688057041,0.6742925948223961,16.0,Viola.saxatilis,0.44659090909090904,opth,2,False,mlp1,bce,msle
770,0.7754046762589928,0.010060064173891239,1.0,0.6276978417266187,1.0,0.7712707182320442,4.0,Carex.acutiformis,0.6276978417266186,opth,2,False,mlp1,bce,msle
771,0.9147111913357402,0.09714725480483376,0.625,0.9557761732851986,0.9971751412429378,0.976036866359447,8.0,Carex.bicolor,0.5807761732851986,opth,2,False,mlp1,bce,msle
772,0.8035874439461883,0.004545454545454545,1.0,0.5650224215246636,1.0,0.7220630372492837,1.0,Carex.cuprina,0.5650224215246635,opth,2,False,mlp1,bce,msle
773,0.8941441441441441,0.18945548664204345,1.0,0.772972972972973,1.0,0.8719512195121951,6.0,Carex.disticha,0.7729729729729731,opth,2,False,mlp1,bce,msle
774,0.864200176177892,0.1747024264615481,0.8461538461538461,0.7743732590529248,0.9928571428571429,0.8701095461658842,39.0,Carex.foetida,0.6205271052067709,opth,2,False,mlp1,bce,msle
775,0.6677592579677802,0.020742488693604014,0.15384615384615385,0.7669990933816863,0.9871645274212368,0.863265306122449,13.0,Carex.frigida,-0.07915475277215989,opth,2,False,mlp1,bce,msle
776,0.7630963096309631,0.011999512907160986,0.2,0.8883888388838884,0.9959636730575177,0.9391056137012369,5.0,Carex.melanostachya,0.08838883888388849,opth,2,False,mlp1,bce,msle
777,0.8102517985611511,0.05811119021251912,0.5,0.7562949640287769,0.9976275207591934,0.8603580562659846,4.0,Carex.ovalis,0.25629496402877683,opth,2,False,mlp1,bce,msle
778,0.7219219219219218,0.022817376925162815,0.6666666666666666,0.7387387387387387,0.9975669099756691,0.8488612836438924,6.0,Carex.paniculata,0.40540540540540526,opth,2,False,mlp1,bce,msle
779,0.8704014939309056,0.1553737821229697,0.5333333333333333,0.8599439775910365,0.9777070063694268,0.9150521609538003,45.0,Carex.parviflora,0.3932773109243697,opth,2,False,mlp1,bce,msle
780,0.5152115211521152,0.005328393837864903,0.0,0.8037803780378038,0.9944320712694877,0.8889995022399204,5.0,Carex.viridula,-0.19621962196219622,opth,2,False,mlp1,bce,msle
781,0.29631294964028776,0.003045666177902917,0.0,0.6654676258992805,0.9946236559139785,0.7974137931034483,4.0,Eleocharis.quinqueflora,-0.33453237410071945,opth,2,False,mlp1,bce,msle
782,0.36870503597122306,0.0037098920782650214,0.0,0.8507194244604317,0.9957894736842106,0.9175557710960233,4.0,Eriophorum.polystachion,-0.1492805755395683,opth,2,False,mlp1,bce,msle
783,0.8818850921219312,0.21411060101251983,0.8305084745762712,0.8060548722800378,0.988399071925754,0.8879624804585722,59.0,Kobresia.myosuroides,0.636563346856309,opth,2,False,mlp1,bce,msle
784,0.6795332136445242,0.004416995097568009,0.5,0.6211849192100538,0.9985569985569985,0.7659103486441616,2.0,Schoenus.nigricans,0.12118491921005381,opth,2,False,mlp1,bce,msle
785,0.77737881508079,0.006145303971390928,0.5,0.7199281867145422,0.9987546699875467,0.8367240479916537,2.0,Scirpoides.holoschoenus,0.21992818671454217,opth,2,False,mlp1,bce,msle
786,0.6537926402149403,0.02605302186001998,0.631578947368421,0.6107566089334548,0.9896602658788775,0.7553551296505073,19.0,Muscari.neglectum,0.24233555630187587,opth,2,False,mlp1,bce,msle
787,0.7463959854014598,0.05545719652425629,0.6,0.7536496350364964,0.9904076738609112,0.8559585492227979,20.0,Crocus.vernus,0.3536496350364964,opth,2,False,mlp1,bce,msle
788,0.8583258325832583,0.0393081291198754,0.6,0.8964896489648965,0.9979959919839679,0.9445234708392604,5.0,Juncus.conglomeratus,0.49648964896489645,opth,2,False,mlp1,bce,msle
789,0.7615986182411361,0.042865392673659644,0.42105263157894735,0.8505013673655424,0.9883474576271186,0.9142577168054875,19.0,Luzula.alpinopilosa,0.2715539989444897,opth,2,False,mlp1,bce,msle
790,0.8413259997026906,0.15421161841917638,0.6451612903225806,0.8331797235023042,0.9879781420765027,0.904,31.0,Luzula.nutans,0.4783410138248847,opth,2,False,mlp1,bce,msle
791,0.9390134529147982,0.014492753623188406,1.0,0.8547085201793722,1.0,0.9216634429400387,1.0,Gagea.fragifera,0.854708520179372,opth,2,False,mlp1,bce,msle
792,0.764613309352518,0.012452096511493142,0.75,0.5710431654676259,0.9984276729559748,0.7265446224256293,4.0,Tulipa.australis,0.3210431654676258,opth,2,False,mlp1,bce,msle
793,0.7332730560578662,0.08023095042054151,0.6,0.7974683544303798,0.9954853273137697,0.8855421686746988,10.0,Dactylorhiza.latifolia,0.39746835443037964,opth,2,False,mlp1,bce,msle
794,0.6920126353790613,0.01346792808239393,0.75,0.7084837545126353,0.9974587039390089,0.8284960422163589,8.0,Ophrys.fuciflora,0.45848375451263523,opth,2,False,mlp1,bce,msle
795,0.7927927927927927,0.01408452946109764,0.3333333333333333,0.8288288288288288,0.9956709956709957,0.904621435594887,6.0,Orchis.purpurea,0.16216216216216206,opth,2,False,mlp1,bce,msle
796,0.7414721723518851,0.005065697646435963,0.0,0.7854578096947935,0.9977194982896237,0.8789552988448016,2.0,Orchis.simia,-0.2145421903052065,opth,2,False,mlp1,bce,msle
797,0.9295156039515042,0.425204733107968,0.8823529411764706,0.8272900763358778,0.9908571428571429,0.9017160686427457,68.0,Alopecurus.alpinus,0.7096430175123483,opth,2,False,mlp1,bce,msle
798,0.9495712996389891,0.11541168865509785,0.875,0.8736462093862816,0.9989680082559339,0.9321136254212807,8.0,Alopecurus.rendlei,0.7486462093862816,opth,2,False,mlp1,bce,msle
799,0.7774503088249685,0.35955353352803454,0.8021390374331551,0.6027987082884823,0.9380234505862647,0.7339449541284404,187.0,Avenula.pubescens,0.4049377457216372,opth,2,False,mlp1,bce,msle
800,0.8205558706749858,0.16366515215625516,0.5365853658536586,0.8520930232558139,0.9796791443850268,0.9114427860696518,41.0,Avenula.versicolor,0.3886783891094725,opth,2,False,mlp1,bce,msle
801,0.7162205015723686,0.24012828688002646,0.7974683544303798,0.5605427974947808,0.9437609841827768,0.7033398821218074,158.0,Brachypodium.rupestre,0.35801115192516053,opth,2,False,mlp1,bce,msle
802,0.7407651172357054,0.02203738166844259,0.6363636363636364,0.6343891402714932,0.9943262411347518,0.7745856353591161,11.0,Bromus.commutatus,0.2707527766351294,opth,2,False,mlp1,bce,msle
803,0.9102189781021898,0.18281744490658947,0.85,0.7791970802919708,0.9964994165694282,0.8745519713261649,20.0,Bromus.racemosus,0.6291970802919709,opth,2,False,mlp1,bce,msle
804,0.6389812198770151,0.02727822498127727,0.5,0.6261425959780622,0.9841954022988506,0.7653631284916201,22.0,Elytrigia.repens,0.1261425959780622,opth,2,False,mlp1,bce,msle
805,0.7259576373149781,0.058053041866001104,0.696969696969697,0.6472760849492152,0.9859353023909986,0.7814938684503902,33.0,Festuca.cinerea,0.3442457819189122,opth,2,False,mlp1,bce,msle
806,0.7067901234567902,0.07294018128108612,0.5,0.7361111111111112,0.977859778597786,0.8399366085578447,36.0,Festuca.marginata,0.23611111111111116,opth,2,False,mlp1,bce,msle
807,0.7703777335984096,0.234300963205711,0.5818181818181818,0.7256461232604374,0.9407216494845361,0.819304152637486,110.0,Festuca.pratensis,0.3074643050786192,opth,2,False,mlp1,bce,msle
808,0.691742882906093,0.010812563304319959,1.0,0.5022542831379622,1.0,0.6686674669867947,7.0,Festuca.trichophylla,0.5022542831379622,opth,2,False,mlp1,bce,msle
809,0.7053490480507707,0.024354772291545493,0.38461538461538464,0.7679057116953762,0.9906432748538012,0.8651685393258427,13.0,Gaudinia.fragilis,0.15252109631076083,opth,2,False,mlp1,bce,msle
810,0.867708761826409,0.07283952018534073,0.9090909090909091,0.56289592760181,0.9983948635634029,0.7199074074074074,11.0,Helictotrichon.parlatorei,0.4719868366927189,opth,2,False,mlp1,bce,msle
811,0.8910337220296249,0.44724834372696143,0.868421052631579,0.7265469061876247,0.9798115746971736,0.8343839541547278,114.0,Helictotrichon.sedenense,0.5949679588192036,opth,2,False,mlp1,bce,msle
812,0.882390828288033,0.030640140644469353,1.0,0.6438232642019838,1.0,0.7833241908941305,7.0,Helictotrichon.sempervirens,0.6438232642019837,opth,2,False,mlp1,bce,msle
813,0.585431654676259,0.007195386523267297,1.0,0.3579136690647482,1.0,0.5271523178807948,4.0,Hordeum.murinum,0.3579136690647482,opth,2,False,mlp1,bce,msle
814,0.8198198198198199,0.018214812732584608,1.0,0.6288288288288288,1.0,0.7721238938053098,6.0,Hordeum.secalinum,0.6288288288288288,opth,2,False,mlp1,bce,msle
815,0.5080789946140036,0.0032622805219648834,0.5,0.6885098743267505,0.9986979166666666,0.8150903294367694,2.0,Koeleria.cenisia,0.18850987432675037,opth,2,False,mlp1,bce,msle
816,0.6778774648563067,0.032349799244986835,0.3157894736842105,0.7338195077484048,0.9841075794621027,0.8407310704960835,19.0,Molinia.caerulea,0.04960898143261527,opth,2,False,mlp1,bce,msle
817,0.6858538257218747,0.08192473680291182,0.9636363636363636,0.3459000942507069,0.994579945799458,0.5132867132867133,55.0,Phleum.pratense,0.3095364578870705,opth,2,False,mlp1,bce,msle
818,0.8417771883289126,0.3485014036806892,0.9076923076923077,0.6217038539553753,0.9808,0.7610180012414649,130.0,Poa.trivialis,0.529396161647683,opth,2,False,mlp1,bce,msle
819,0.7424413357400722,0.01498071467363591,1.0,0.44133574007220217,1.0,0.6123982467125861,8.0,Vulpia.bromoides,0.4413357400722022,opth,2,False,mlp1,bce,msle
820,0.6797479747974797,0.009827231967136531,0.6,0.47074707470747074,0.9961904761904762,0.6393643031784841,5.0,Vulpia.ciliata,0.07074707470747077,opth,2,False,mlp1,bce,msle
821,0.8099559242934924,0.10400983720600065,0.7142857142857143,0.7595281306715064,0.995243757431629,0.8615542974781266,14.0,Equisetum.variegatum,0.4738138449572207,opth,2,False,mlp1,bce,msle
822,0.8801183127572016,0.17750216680611472,0.6388888888888888,0.8342592592592593,0.9857768052516411,0.9037111334002006,36.0,Pachypleurum.mutellinoides,0.4731481481481481,opth,2,False,mlp1,bce,msle
823,0.6385145253069782,0.005305465250564077,0.6666666666666666,0.518418688230009,0.9982698961937716,0.6824364281490243,3.0,Libanotis.pyrenaica,0.18508535489667555,opth,2,False,mlp1,bce,msle
824,0.7814213572032337,0.1440965284362559,0.627906976744186,0.7455731593662628,0.9803921568627451,0.8470089994706194,43.0,Alchemilla.alpigena,0.37348013611044895,opth,2,False,mlp1,bce,msle
825,0.8128384476534296,0.027459940188299455,0.75,0.6083032490974729,0.9970414201183432,0.7556053811659192,8.0,Anacamptis.morio,0.3583032490974729,opth,2,False,mlp1,bce,msle
826,0.6080123663532139,0.008660620763483557,0.2857142857142857,0.6275924256086565,0.992867332382311,0.7690607734806629,7.0,Mutellina.adonidifolia,-0.08669328867705783,opth,2,False,mlp1,bce,msle
827,0.8386840612592174,0.16706070125944217,0.7804878048780488,0.7758139534883721,0.9893238434163701,0.8696558915537018,41.0,Avenula.pratensis,0.5563017583664209,opth,2,False,mlp1,bce,msle
828,0.8028739121635297,0.07656657451719642,0.6666666666666666,0.7650273224043715,0.9929078014184397,0.8641975308641975,18.0,Gymnadenia.nigra,0.43169398907103806,opth,2,False,mlp1,bce,msle
829,0.6726457399103138,0.00273224043715847,0.0,0.7174887892376681,0.9987515605493134,0.8350730688935282,1.0,Murbeckiella.pinnatifida,-0.2825112107623319,opth,2,False,mlp1,bce,msle
830,0.4276729559748428,0.00302455460925878,0.3333333333333333,0.5157232704402516,0.9965277777777778,0.679692125518058,3.0,Silene.conica,-0.15094339622641506,opth,2,False,mlp1,bce,msle
