,auc,prauc,sensitivity,specificity,precision,f1,support,species,tss,postprocess,fold,prr,archi,species_loss,func_loss
0,0.8471410941999177,0.033559858171501075,0.8181818181818182,0.7601809954751131,0.997624703087886,0.8628659476117103,11.0,Aceras.anthropophorum,0.5783628136569314,opth,1,False,mlp1,bce,msle
1,0.8850828729281768,0.18815910626290341,0.8333333333333334,0.7983425414364641,0.9942660550458715,0.8855975485188968,30.0,Achillea.collina,0.6316758747697975,opth,1,False,mlp1,bce,msle
2,0.7686495933319889,0.45700255044208327,0.8007662835249042,0.5847953216374269,0.9057971014492754,0.7107320540156361,261.0,Achillea.millefolium,0.38556160516233096,opth,1,False,mlp1,bce,msle
3,0.9445454545454546,0.13603764232188567,1.0,0.7163636363636363,1.0,0.8347457627118644,16.0,Achillea.nana,0.7163636363636363,opth,1,False,mlp1,bce,msle
4,0.9100944081336239,0.3926909069734983,0.8444444444444444,0.7647058823529411,0.9915254237288136,0.8634686346863468,45.0,Achillea.roseo.alba,0.6091503267973857,opth,1,False,mlp1,bce,msle
5,0.9339028776978417,0.09428351184680299,0.75,0.8588129496402878,0.9989539748953975,0.9235976789168279,4.0,Achnatherum.calamagrostis,0.6088129496402876,opth,1,False,mlp1,bce,msle
6,0.8349341757131633,0.15591505256379257,0.7966101694915254,0.7663197729422895,0.9854014598540146,0.8621607237892496,59.0,Acinos.alpinus,0.562929942433815,opth,1,False,mlp1,bce,msle
7,0.8590002306273062,0.15429883540987327,0.8125,0.7952029520295203,0.9930875576036866,0.8831967213114754,32.0,Acinos.arvensis,0.6077029520295203,opth,1,False,mlp1,bce,msle
8,0.9614349775784753,0.022727272727272728,1.0,0.8762331838565023,1.0,0.9340344168260039,1.0,Aconitum.lycoctonum,0.8762331838565023,opth,1,False,mlp1,bce,msle
9,0.842168313866427,0.012538931359462848,0.0,0.9919137466307277,0.997289972899729,0.9945945945945946,3.0,Cacalia.leucophylla,-0.008086253369272267,opth,1,False,mlp1,bce,msle
10,0.8358744394618834,0.005434782608695652,1.0,0.6878923766816144,1.0,0.8150903294367694,1.0,Aegopodium.podagraria,0.6878923766816145,opth,1,False,mlp1,bce,msle
11,0.8804135687732342,0.22394363503077896,0.85,0.7843866171003717,0.9929411764705882,0.8764278296988577,40.0,Agrimonia.eupatoria,0.6343866171003718,opth,1,False,mlp1,bce,msle
12,0.858192836609432,0.2386565557378569,0.7213114754098361,0.8104265402843602,0.9805045871559633,0.8873897249610794,61.0,Agrostis.alpina,0.5317380156941964,opth,1,False,mlp1,bce,msle
13,0.7970345803053211,0.2916143829479924,0.7029702970297029,0.7064039408866996,0.9598393574297188,0.8138479001135074,101.0,Agrostis.capillaris,0.4093742379164025,opth,1,False,mlp1,bce,msle
14,0.8700746519982038,0.22785381256210266,0.6911764705882353,0.8425572519083969,0.9767699115044248,0.9047131147540983,68.0,Agrostis.rupestris,0.5337337224966321,opth,1,False,mlp1,bce,msle
15,0.8062832480176654,0.04623047032289368,0.3333333333333333,0.8491418247515808,0.9936575052854123,0.9157330735509012,9.0,Agrostis.agrostiflora,0.1824751580849142,opth,1,False,mlp1,bce,msle
16,0.8574088853418462,0.31176310803617413,0.7857142857142857,0.7718808193668529,0.9892601431980907,0.8671548117154811,42.0,Agrostis.stolonifera,0.5575951050811385,opth,1,False,mlp1,bce,msle
17,0.9063291139240506,0.11748292873987708,0.8,0.8679927667269439,0.997920997920998,0.9284332688588007,10.0,Ajuga.chamaepitys,0.6679927667269441,opth,1,False,mlp1,bce,msle
18,0.802379695821139,0.08495444010996424,0.631578947368421,0.772105742935278,0.9918032786885246,0.8682726806765761,19.0,Ajuga.genevensis,0.403684690303699,opth,1,False,mlp1,bce,msle
19,0.8249547920433996,0.04986530419697861,0.3,0.8716094032549728,0.9927909371781668,0.928261916225325,10.0,Ajuga.pyramidalis,0.17160940325497287,opth,1,False,mlp1,bce,msle
20,0.8901259650548558,0.2397287494941149,0.7608695652173914,0.8439252336448598,0.9879649890590809,0.9102822580645161,46.0,Ajuga.reptans,0.6047947988622511,opth,1,False,mlp1,bce,msle
21,0.8430123641813414,0.1163093175821507,0.7647058823529411,0.7797998180163785,0.9953542392566783,0.8744897959183674,17.0,Alchemilla.alpina,0.5445057003693197,opth,1,False,mlp1,bce,msle
22,0.7939492876526458,0.2104573714456097,0.6818181818181818,0.7453358208955224,0.982779827798278,0.8477453580901857,44.0,Alchemilla.xanthochlora,0.4271540027137042,opth,1,False,mlp1,bce,msle
23,0.8284653216902539,0.05570442095708805,0.4444444444444444,0.912375790424571,0.9950738916256158,0.9519321394910462,9.0,Allium.lusitanicum,0.35682023486901526,opth,1,False,mlp1,bce,msle
24,0.7702694520133212,0.07100190745317293,0.6,0.7157129881925522,0.9924433249370277,0.8316622691292876,15.0,Allium.oleraceum,0.3157129881925522,opth,1,False,mlp1,bce,msle
25,0.7964772727272726,0.1581428963247695,0.6875,0.7227272727272728,0.99375,0.8368421052631579,16.0,Allium.schoenoprasum,0.41022727272727266,opth,1,False,mlp1,bce,msle
26,0.8255625562556256,0.07652046607852464,0.4,0.9684968496849685,0.9972196478220574,0.982648401826484,5.0,Allium.scorodoprasum,0.36849684968496854,opth,1,False,mlp1,bce,msle
27,0.8239040839265642,0.05386180201359264,0.4117647058823529,0.9099181073703366,0.9900990099009901,0.948316737790422,17.0,Allium.sphaerocephalon,0.32168281325268966,opth,1,False,mlp1,bce,msle
28,0.846984698469847,0.02312876665817842,0.8,0.7002700270027002,0.9987163029525032,0.8232804232804233,5.0,Allium.vineale,0.5002700270027003,opth,1,False,mlp1,bce,msle
29,0.9336966394187103,0.30638666864760605,0.8,0.9682107175295186,0.9971936389148737,0.9824884792626728,15.0,Alopecurus.pratensis,0.7682107175295187,opth,1,False,mlp1,bce,msle
30,0.868610594795539,0.20723844142643272,0.725,0.8280669144981413,0.9878048780487805,0.9009100101112234,40.0,Alyssum.alyssoides,0.5530669144981413,opth,1,False,mlp1,bce,msle
31,0.8067851048880859,0.060482882494068,0.5555555555555556,0.7678410117434508,0.9953161592505855,0.8669046404895462,9.0,Anacamptis.pyramidalis,0.32339656729900623,opth,1,False,mlp1,bce,msle
32,0.9064772727272727,0.14531025883100374,1.0,0.7545454545454545,1.0,0.8601036269430051,16.0,Androsace.obtusifolia,0.7545454545454544,opth,1,False,mlp1,bce,msle
33,0.792041366906475,0.025220019627977135,0.5,0.829136690647482,0.9978354978354979,0.9056974459724951,4.0,Angelica.sylvestris,0.32913669064748197,opth,1,False,mlp1,bce,msle
34,0.8636868973340895,0.2162188139952546,0.7073170731707317,0.8083720930232559,0.9863791146424518,0.8885480572597138,41.0,Antennaria.carpatica,0.5156891661939875,opth,1,False,mlp1,bce,msle
35,0.8429867070297719,0.22296627493457258,0.7974683544303798,0.7608486017357763,0.9801242236024845,0.8566775244299675,79.0,Antennaria.dioica,0.5583169561661561,opth,1,False,mlp1,bce,msle
36,0.8916967509025271,0.11875087307399204,0.625,0.9503610108303249,0.9971590909090909,0.9731977818853974,8.0,Anthemis.arvensis,0.5753610108303249,opth,1,False,mlp1,bce,msle
37,0.7791584704697021,0.08534741623949718,0.5789473684210527,0.7830446672743847,0.9907727797001153,0.8747454175152749,19.0,Anthericum.liliago,0.36199203569543736,opth,1,False,mlp1,bce,msle
38,0.6676935425306247,0.45383913253388064,0.6149253731343284,0.6222791293213829,0.7902439024390244,0.6962750716332379,335.0,Anthoxanthum.odoratum,0.23720450245571123,opth,1,False,mlp1,bce,msle
39,0.9023173247613108,0.21013482609908454,0.8947368421052632,0.7830446672743847,0.9976771196283392,0.8774259448416751,19.0,Anthriscus.sylvestris,0.6777815093796478,opth,1,False,mlp1,bce,msle
40,0.7060585827503121,0.31162239309780504,0.518918918918919,0.7293233082706767,0.8841145833333334,0.7992937021777516,185.0,Anthyllis.vulneraria,0.24824222718959565,opth,1,False,mlp1,bce,msle
41,0.9542190305206463,0.027818717759764185,1.0,0.8366247755834829,1.0,0.9110459433040078,2.0,Aphanes.arvensis,0.8366247755834828,opth,1,False,mlp1,bce,msle
42,0.677737881508079,0.004060550430169423,0.0,0.9066427289048474,0.9980237154150198,0.9501411100658513,2.0,Aquilegia.vulgaris,-0.09335727109515257,opth,1,False,mlp1,bce,msle
43,0.8939802336028752,0.030462962962962963,1.0,0.7987421383647799,1.0,0.8881118881118881,3.0,Arabidopsis.thaliana,0.7987421383647799,opth,1,False,mlp1,bce,msle
44,0.8212757973733583,0.15407361305605646,0.58,0.8536585365853658,0.9774436090225563,0.9113670505758638,50.0,Arabis.ciliata,0.4336585365853658,opth,1,False,mlp1,bce,msle
45,0.7249234259784458,0.06712199336655901,0.6341463414634146,0.6837209302325581,0.98,0.8054794520547945,41.0,Arabis.hirsuta,0.31786727169597273,opth,1,False,mlp1,bce,msle
46,0.7992293810661854,0.2770063512237817,0.6039603960396039,0.7507389162561576,0.9501246882793017,0.8387451843698404,101.0,Arenaria.serpyllifolia,0.35469931229576157,opth,1,False,mlp1,bce,msle
47,0.7225719424460432,0.01114570088117073,0.5,0.7473021582733813,0.9975990396158463,0.8544987146529563,4.0,Armeria.arenaria,0.24730215827338142,opth,1,False,mlp1,bce,msle
48,0.8494003690036901,0.15703534607983122,0.71875,0.8025830258302583,0.9897610921501706,0.8863983698420784,32.0,Arnica.montana,0.5213330258302582,opth,1,False,mlp1,bce,msle
49,0.881407580564368,0.5777642625505373,0.8349056603773585,0.7721238938053098,0.9522510231923602,0.8527794746487477,212.0,Arrhenatherum.elatius,0.6070295541826682,opth,1,False,mlp1,bce,msle
50,0.8446476877495813,0.06043924224013574,0.2857142857142857,0.9125338142470695,0.9950835791543756,0.9520225776105362,7.0,Artemisia.absinthium,0.19824809996135517,opth,1,False,mlp1,bce,msle
51,0.9170430486944248,0.23396270599746977,0.8846153846153846,0.8394495412844036,0.9967320261437909,0.9113545816733067,26.0,Artemisia.campestris,0.7240649258997882,opth,1,False,mlp1,bce,msle
52,0.6170403587443947,0.002336448598130841,0.0,0.885201793721973,0.9989878542510121,0.9386590584878745,1.0,Artemisia.vulgaris,-0.11479820627802695,opth,1,False,mlp1,bce,msle
53,0.8407137974807148,0.14586625488914937,0.7105263157894737,0.8367346938775511,0.9879518072289156,0.9060773480662984,38.0,Asperula.cynanchica,0.5472610096670247,opth,1,False,mlp1,bce,msle
54,0.9087624209575429,0.19022129157982515,0.7777777777777778,0.8464317976513098,0.9978700745473909,0.9159335288367546,9.0,Asphodelus.albus,0.6242095754290875,opth,1,False,mlp1,bce,msle
55,0.8648623768756328,0.2652073862166519,0.7058823529411765,0.8431924882629108,0.9835706462212487,0.9079878665318504,51.0,Aster.alpinus,0.5490748412040873,opth,1,False,mlp1,bce,msle
56,0.8585310218978102,0.19214810590368037,0.7,0.7947080291970803,0.9931584948688712,0.8829194120628484,20.0,Aster.bellidiastrum,0.49470802919708023,opth,1,False,mlp1,bce,msle
57,0.6238779174147218,0.005993886109847911,0.0,0.9443447037701975,0.9981024667931688,0.9704797047970479,2.0,Aster.linosyris,-0.055655296229802476,opth,1,False,mlp1,bce,msle
58,0.8948241717068993,0.07946947737762332,0.7647058823529411,0.8626023657870792,0.9957983193277311,0.92442710872745,17.0,Astragalus.alpinus,0.6273082481400203,opth,1,False,mlp1,bce,msle
59,0.8966756513926325,0.018811002661934337,1.0,0.6675651392632524,1.0,0.8006465517241379,3.0,Astragalus.depressus,0.6675651392632524,opth,1,False,mlp1,bce,msle
60,0.8827840909090909,0.08758378384762812,0.5625,0.8636363636363636,0.9926854754440961,0.9236752552260573,16.0,Astragalus.monspessulanus,0.42613636363636376,opth,1,False,mlp1,bce,msle
61,0.9839204545454545,0.5993192299842754,1.0,0.91,1.0,0.9528795811518325,16.0,Astragalus.onobrychis,0.9100000000000001,opth,1,False,mlp1,bce,msle
62,0.8289907157831686,0.07256207518379804,0.6666666666666666,0.7322551662174304,0.9987745098039216,0.844997407983411,3.0,Astragalus.penduliflorus,0.3989218328840969,opth,1,False,mlp1,bce,msle
63,0.9051437593485125,0.15709293270988764,0.9090909090909091,0.773308957952468,0.9976415094339622,0.8712667353244078,22.0,Astrantia.major,0.6823998670433771,opth,1,False,mlp1,bce,msle
64,0.8936265709156194,0.022574123989218327,0.5,0.874326750448833,0.9989743589743589,0.932503590234562,2.0,Astrantia.minor,0.374326750448833,opth,1,False,mlp1,bce,msle
65,0.7793164126006542,0.09885475472923352,0.5918367346938775,0.7507029053420806,0.9756394640682094,0.8485169491525424,49.0,Deschampsia.flexuosa,0.34253964003595816,opth,1,False,mlp1,bce,msle
66,0.7987256371814093,0.15911111164311825,0.43103448275862066,0.8355387523629489,0.9640130861504908,0.8951898734177215,58.0,Bartsia.alpina,0.2665732351215695,opth,1,False,mlp1,bce,msle
67,0.8977437742473829,0.2625603922614844,0.8604651162790697,0.8145386766076421,0.9931818181818182,0.8950332821300563,43.0,Bellis.perennis,0.6750037928867119,opth,1,False,mlp1,bce,msle
68,0.8419221569906501,0.14227994379736786,0.5238095238095238,0.8703196347031964,0.9896157840083074,0.9261418853255587,21.0,Biscutella.laevigata,0.39412915851272023,opth,1,False,mlp1,bce,msle
69,0.8954339777869189,0.05200595243301941,0.8181818181818182,0.8497737556561086,0.997874601487779,0.9178885630498533,11.0,Blackstonia.perfoliata,0.6679555738379268,opth,1,False,mlp1,bce,msle
70,0.7259658580413297,0.011204776043512629,0.6666666666666666,0.7457322551662174,0.9987966305655837,0.8539094650205762,3.0,Blysmus.compressus,0.41239892183288407,opth,1,False,mlp1,bce,msle
71,0.8812839059674502,0.05794004140506388,0.3,0.9448462929475587,0.9933460076045627,0.9684893419833179,10.0,Bothriochloa.ischaemum,0.24484629294755877,opth,1,False,mlp1,bce,msle
72,0.7994342291371994,0.21537795924102257,0.5247524752475248,0.8315270935960591,0.9461883408071748,0.8851599370739381,101.0,Botrychium.lunaria,0.356279568843584,opth,1,False,mlp1,bce,msle
73,0.8406642728904847,0.009194181104936253,0.5,0.8967684021543986,0.999,0.945127719962157,2.0,Brachypodium.sylvaticum,0.39676840215439846,opth,1,False,mlp1,bce,msle
74,0.7474845414695039,0.32210670666498803,0.6054054054054054,0.6981740064446831,0.8990318118948825,0.7859733978234583,185.0,Briza.media,0.3035794118500885,opth,1,False,mlp1,bce,msle
75,0.9088323041698466,0.7992024723539035,0.7684729064039408,0.8732394366197183,0.8683473389355743,0.8707865168539326,406.0,Bromus.erectus,0.6417123430236591,opth,1,False,mlp1,bce,msle
76,0.8779426617978401,0.31067932895539907,0.8524590163934426,0.7535545023696683,0.9888059701492538,0.8552985476062399,61.0,Bromus.hordeaceus,0.6060135187631108,opth,1,False,mlp1,bce,msle
77,0.9017055655296229,0.013198757763975156,1.0,0.8752244165170556,1.0,0.9334609861177597,2.0,Bromus.squarrosus,0.8752244165170557,opth,1,False,mlp1,bce,msle
78,0.8909126263935702,0.12328847019101759,0.9285714285714286,0.7041742286751361,0.9987129987129987,0.8259712613092071,14.0,Bromus.sterilis,0.6327456572465646,opth,1,False,mlp1,bce,msle
79,0.931083344068015,0.10455308088138035,0.7142857142857143,0.8701532912533815,0.9979317476732161,0.9296724470134875,7.0,Bromus.tectorum,0.5844390055390958,opth,1,False,mlp1,bce,msle
80,0.8706199460916442,0.017157490396927016,1.0,0.7070979335130279,1.0,0.828421052631579,3.0,Bunias.orientalis,0.7070979335130279,opth,1,False,mlp1,bce,msle
81,0.8937350672674502,0.36688639695154135,0.8135593220338984,0.7994323557237465,0.9871495327102804,0.8834291688447464,59.0,Bunium.bulbocastanum,0.6129916777576447,opth,1,False,mlp1,bce,msle
82,0.8695298372513562,0.05668494806037812,0.9,0.8544303797468354,0.9989429175475687,0.9210526315789473,10.0,Buphthalmum.salicifolium,0.7544303797468355,opth,1,False,mlp1,bce,msle
83,0.7953749460250443,0.09283712046427821,0.5789473684210527,0.9015496809480401,0.9919759277833501,0.944603629417383,19.0,Bupleurum.falcatum,0.48049704936909277,opth,1,False,mlp1,bce,msle
84,0.7917078334509526,0.1368706573573727,0.5384615384615384,0.8036697247706422,0.9864864864864865,0.8857431749241659,26.0,Bupleurum.ranunculoides,0.3421312632321807,opth,1,False,mlp1,bce,msle
85,0.8989150090415913,0.09293503501031412,0.8,0.8119349005424955,0.9977777777777778,0.8953140578265204,10.0,Calamagrostis.varia,0.6119349005424954,opth,1,False,mlp1,bce,msle
86,0.5420413669064748,0.004672706748625873,0.0,0.9127697841726619,0.9960745829244357,0.9526044110746129,4.0,Calluna.vulgaris,-0.08723021582733814,opth,1,False,mlp1,bce,msle
87,0.9365652915788417,0.2621832045288926,0.6666666666666666,0.941282746160795,0.9971291866028709,0.9684014869888475,9.0,Calystegia.sepium,0.6079494128274616,opth,1,False,mlp1,bce,msle
88,0.8298798798798799,0.03409063961276491,0.3333333333333333,0.8531531531531531,0.9957939011566772,0.9189713731198448,6.0,Campanula.barbata,0.18648648648648636,opth,1,False,mlp1,bce,msle
89,0.7485316379049349,0.042454782556604474,0.4,0.7593097184377838,0.9893491124260355,0.8591983556012333,15.0,Campanula.cochleariifolia,0.15930971843778385,opth,1,False,mlp1,bce,msle
90,0.8518825370523797,0.20324044739252364,0.8431372549019608,0.7305164319248826,0.989821882951654,0.8406266882766072,51.0,Campanula.glomerata,0.5736536868268434,opth,1,False,mlp1,bce,msle
91,0.8111554811284297,0.09455406822057832,0.42857142857142855,0.9206492335437331,0.9960975609756098,0.9568884723523898,7.0,Campanula.rapunculoides,0.3492206621151617,opth,1,False,mlp1,bce,msle
92,0.9395028451632225,0.11666666666666665,1.0,0.8041329739442947,1.0,0.8914342629482072,3.0,Campanula.rapunculus,0.8041329739442946,opth,1,False,mlp1,bce,msle
93,0.894901309766488,0.5043833008760539,0.8734177215189873,0.789778206364513,0.9879372738238842,0.8778135048231511,79.0,Campanula.rhomboidalis,0.6631959278835002,opth,1,False,mlp1,bce,msle
94,0.6911817263615879,0.1591275090278489,0.5901639344262295,0.7270142180094786,0.9684343434343434,0.8305360043313481,61.0,Campanula.rotundifolia,0.31717815243570824,opth,1,False,mlp1,bce,msle
95,0.8722660945916328,0.4303360686277038,0.802547770700637,0.8227320125130344,0.9621951219512195,0.8870151770657673,157.0,Campanula.scheuchzeri,0.6252797832136714,opth,1,False,mlp1,bce,msle
96,0.8396039603960396,0.02879478530638492,0.2,0.9135913591359136,0.9960745829244357,0.9530516431924883,5.0,Campanula.thyrsoides,0.11359135913591367,opth,1,False,mlp1,bce,msle
97,0.7141560798548094,0.038943236050072876,0.5,0.7023593466424682,0.9910371318822023,0.8220924057355284,14.0,Capsella.bursa.pastoris,0.20235934664246824,opth,1,False,mlp1,bce,msle
98,0.97012012012012,0.12310174865280152,1.0,0.8648648648648649,1.0,0.927536231884058,6.0,Cardamine.pratensis,0.8648648648648649,opth,1,False,mlp1,bce,msle
99,0.8521516393442624,0.4227744945408477,0.75,0.7694672131147541,0.955470737913486,0.8524404086265607,140.0,Carduus.defloratus,0.519467213114754,opth,1,False,mlp1,bce,msle
100,0.7483348334833484,0.01288365108572289,0.6,0.7542754275427542,0.9976190476190476,0.859046642747309,5.0,Carduus.nutans,0.3542754275427542,opth,1,False,mlp1,bce,msle
101,0.7449609214315097,0.02500377680607614,0.7272727272727273,0.6398190045248868,0.995774647887324,0.7790633608815427,11.0,Carex.atrata,0.3670917317976141,opth,1,False,mlp1,bce,msle
102,0.8915545017086268,0.12378045045029032,0.6923076923076923,0.85766092475068,0.9957894736842106,0.9215781782756941,13.0,Carex.capillaris,0.5499686170583722,opth,1,False,mlp1,bce,msle
103,0.7584895649097984,0.21349800777162364,0.5113636363636364,0.8463035019455253,0.9529025191675794,0.8964451313755796,88.0,Carex.caryophyllea,0.35766713830916164,opth,1,False,mlp1,bce,msle
104,0.8894700901393062,0.28267607680222023,0.7285714285714285,0.8288718929254302,0.9785553047404063,0.8975155279503105,70.0,Carex.curvula,0.5574433214968586,opth,1,False,mlp1,bce,msle
105,0.5810498845729198,0.01801756201488802,0.2222222222222222,0.8915989159891599,0.9929577464788732,0.9395525940028557,9.0,Carex.davalliana,0.11382113821138207,opth,1,False,mlp1,bce,msle
106,0.8348375451263538,0.1789318272034362,0.5,0.907942238267148,0.996039603960396,0.9499527856468366,8.0,Carex.distans,0.40794223826714804,opth,1,False,mlp1,bce,msle
107,0.8641141141141141,0.035378016807830016,0.8333333333333334,0.7018018018018019,0.9987179487179487,0.8243386243386244,6.0,Carex.divulsa,0.5351351351351352,opth,1,False,mlp1,bce,msle
108,0.8399280575539568,0.017663312637871496,0.5,0.8129496402877698,0.9977924944812362,0.8959365708622399,4.0,Carex.ericetorum,0.31294964028776984,opth,1,False,mlp1,bce,msle
109,0.8907374100719425,0.03795597762398567,1.0,0.7401079136690647,1.0,0.8506459948320414,4.0,Carex.ferruginea,0.7401079136690647,opth,1,False,mlp1,bce,msle
110,0.7343503937007874,0.1800336376536726,0.46,0.812992125984252,0.9386363636363636,0.8713080168776371,100.0,Carex.flacca,0.27299212598425204,opth,1,False,mlp1,bce,msle
111,0.8802983539094651,0.17027144580734885,0.7222222222222222,0.8564814814814815,0.9893048128342246,0.9181141439205955,36.0,Carex.halleriana,0.5787037037037037,opth,1,False,mlp1,bce,msle
112,0.886908962597036,0.18018411423970834,0.9230769230769231,0.7238532110091743,0.9974715549936789,0.8389154704944178,26.0,Carex.hirta,0.6469301340860976,opth,1,False,mlp1,bce,msle
113,0.9937219730941704,0.125,1.0,0.7964125560538117,1.0,0.8866699950074888,1.0,Carex.hostiana,0.7964125560538116,opth,1,False,mlp1,bce,msle
114,0.8563550420168067,0.2615123783382364,0.6071428571428571,0.8933823529411765,0.9888097660223805,0.938676967648479,28.0,Carex.humilis,0.5005252100840336,opth,1,False,mlp1,bce,msle
115,0.7978911309746829,0.18266465312468116,0.7058823529411765,0.8407643312101911,0.9946178686759957,0.9112426035502958,17.0,Carex.liparocarpos,0.5466466841513675,opth,1,False,mlp1,bce,msle
116,0.8014648690692248,0.043046125516555185,0.7857142857142857,0.5716878402903811,0.995260663507109,0.7262247838616714,14.0,Carex.montana,0.3574021260046667,opth,1,False,mlp1,bce,msle
117,0.864602307225258,0.08214829157620653,0.8888888888888888,0.7213114754098361,0.9974811083123426,0.8372093023255814,18.0,Carex.spicata,0.6102003642987248,opth,1,False,mlp1,bce,msle
118,0.8437617085050582,0.14545124278624716,0.47058823529411764,0.8989990900818926,0.9909729187562688,0.9427480916030534,17.0,Carex.nigra,0.36958732537601025,opth,1,False,mlp1,bce,msle
119,0.8037520050212708,0.13828651647584234,0.5384615384615384,0.8268359020852222,0.9934640522875817,0.9025235032162295,13.0,Carex.ornithopoda,0.3652974405467606,opth,1,False,mlp1,bce,msle
120,0.8133092442035531,0.07144620442691493,0.4444444444444444,0.9232158988256549,0.9951314508276533,0.9578256794751641,9.0,Carex.pallescens,0.36766034327009933,opth,1,False,mlp1,bce,msle
121,0.842694904849601,0.22534020691145762,0.5333333333333333,0.8793738489871087,0.9855521155830753,0.9294403892944039,30.0,Carex.panicea,0.412707182320442,opth,1,False,mlp1,bce,msle
122,0.8293851717902351,0.05200082450288294,0.6,0.8417721518987342,0.9957219251336898,0.912297893189613,10.0,Carex.rupestris,0.4417721518987343,opth,1,False,mlp1,bce,msle
123,0.8281330548513789,0.42343976093960145,0.7874396135265701,0.7029702970297029,0.9355783308931186,0.8027638190954773,207.0,Carex.sempervirens,0.49040991055627314,opth,1,False,mlp1,bce,msle
124,0.9125568181818181,0.18110984900182953,0.8125,0.7345454545454545,0.9963008631319359,0.8456305599162742,16.0,Carex.tomentosa,0.5470454545454544,opth,1,False,mlp1,bce,msle
125,0.834743484311741,0.35965831440578494,0.71875,0.7955465587044535,0.9562043795620438,0.8685082872928177,128.0,Carlina.acaulis,0.5142965587044535,opth,1,False,mlp1,bce,msle
126,0.8851102941176471,0.19528622578229338,0.5357142857142857,0.9053308823529411,0.9869739478957916,0.9443911792905082,28.0,Carlina.vulgaris,0.4410451680672267,opth,1,False,mlp1,bce,msle
127,0.8687006658873901,0.3343431646762389,0.8356164383561644,0.7833173537871524,0.985524728588661,0.8728632478632479,73.0,Carum.carvi,0.6189337921433169,opth,1,False,mlp1,bce,msle
128,0.8457958148383006,0.395891586039704,0.963855421686747,0.6168421052631579,0.9898648648648649,0.7600518806744487,166.0,Centaurea.jacea,0.5806975269499048,opth,1,False,mlp1,bce,msle
129,0.9283781774936822,0.3603609931819919,0.8387096774193549,0.8672811059907835,0.9947145877378436,0.9266371245691778,31.0,Centaurea.montana,0.7059907834101384,opth,1,False,mlp1,bce,msle
130,0.8533900113830393,0.39889615251474564,0.7678571428571429,0.7430278884462151,0.966321243523316,0.8400900900900901,112.0,Centaurea.scabiosa,0.5108850313033582,opth,1,False,mlp1,bce,msle
131,0.8124055353812935,0.4866427760123369,0.7478260869565218,0.7325056433408578,0.917963224893918,0.8148148148148148,230.0,Cerastium.arvense,0.4803317302973795,opth,1,False,mlp1,bce,msle
132,0.8744182346155376,0.16092869472295585,0.782608695652174,0.8023787740164684,0.9943310657596371,0.8881012658227848,23.0,Cerastium.brachypetalum,0.5849874696686423,opth,1,False,mlp1,bce,msle
133,0.8312681692905954,0.3763676654880644,0.7925925925925926,0.709480122324159,0.9613259668508287,0.8164222873900293,135.0,Cerastium.fontanum,0.5020727149167517,opth,1,False,mlp1,bce,msle
134,0.9022971058490183,0.18824837038169992,0.6666666666666666,0.8989071038251366,0.9939577039274925,0.9440459110473458,18.0,Cerastium.glomeratum,0.5655737704918034,opth,1,False,mlp1,bce,msle
135,0.8689929096638656,0.16950588290445653,0.6428571428571429,0.859375,0.9894179894179894,0.9198229217904574,28.0,Cerastium.pumilum,0.5022321428571428,opth,1,False,mlp1,bce,msle
136,0.8293615107913669,0.01232722696282414,0.0,0.8857913669064749,0.9959555106167847,0.9376487386958591,4.0,Cerastium.semidecandrum,-0.11420863309352514,opth,1,False,mlp1,bce,msle
137,0.9295686801324186,0.2899448944464819,0.8421052631578947,0.8350045578851413,0.9967355821545157,0.9087301587301587,19.0,Chaerophyllum.aureum,0.677109821043036,opth,1,False,mlp1,bce,msle
138,0.9298372513562387,0.15615435897666963,1.0,0.7884267631103075,1.0,0.8816986855409504,10.0,Chaerophyllum.hirsutum,0.7884267631103075,opth,1,False,mlp1,bce,msle
139,0.9151074780502574,0.19576040922217203,0.6666666666666666,0.9400544959128065,0.9951923076923077,0.966837926202709,15.0,Chaerophyllum.villarsii,0.6067211625794733,opth,1,False,mlp1,bce,msle
140,0.7073974243785565,0.006074594221250144,0.3333333333333333,0.8059299191374663,0.9977753058954394,0.8916500994035785,3.0,Chenopodium.album,0.13926325247079951,opth,1,False,mlp1,bce,msle
141,0.8518435251798562,0.04795263023051303,0.75,0.7922661870503597,0.9988662131519275,0.8836509528585758,4.0,Chondrilla.juncea,0.5422661870503598,opth,1,False,mlp1,bce,msle
142,0.8968496849684969,0.02512169998037069,1.0,0.7776777677767777,1.0,0.8749367088607595,5.0,Cichorium.intybus,0.7776777677767777,opth,1,False,mlp1,bce,msle
143,0.6925864379522916,0.17708326847396716,0.3956043956043956,0.8,0.9371428571428572,0.8631578947368421,91.0,Cirsium.acaule,0.19560439560439558,opth,1,False,mlp1,bce,msle
144,0.7650144129695051,0.0942832626228135,0.6744186046511628,0.6589002795899348,0.9805825242718447,0.7881828316610925,43.0,Cirsium.arvense,0.33331888424109746,opth,1,False,mlp1,bce,msle
145,0.8160477053140097,0.0691700181665107,0.4166666666666667,0.9103260869565217,0.9930830039525692,0.9499054820415879,12.0,Cirsium.eriophorum,0.32699275362318847,opth,1,False,mlp1,bce,msle
146,0.9442938873833183,0.2459076543718471,0.5555555555555556,0.94579945799458,0.9961941008563273,0.9703429101019463,9.0,Cirsium.palustre,0.5013550135501355,opth,1,False,mlp1,bce,msle
147,0.8095344996231739,0.14449736245239717,0.576271186440678,0.8353831598864712,0.9724669603524229,0.8987277353689568,59.0,Cirsium.spinosissimum,0.41165434632714915,opth,1,False,mlp1,bce,msle
148,0.7449426328502415,0.03426523521690074,0.6666666666666666,0.6295289855072463,0.994277539341917,0.7709373266777593,12.0,Cirsium.tuberosum,0.2961956521739131,opth,1,False,mlp1,bce,msle
149,0.797965998785671,0.06334256558935021,0.3888888888888889,0.8734061930783242,0.988659793814433,0.9274661508704062,18.0,Cirsium.vulgare,0.2622950819672132,opth,1,False,mlp1,bce,msle
150,0.7418104753254617,0.10333228464866503,0.7333333333333333,0.5731153496821072,0.9937007874015747,0.7269585253456221,15.0,Clinopodium.vulgare,0.3064486830154405,opth,1,False,mlp1,bce,msle
151,0.8268825331158758,0.09540846961822355,0.43478260869565216,0.8655077767612077,0.986444212721585,0.9220272904483431,23.0,Coeloglossum.viride,0.30029038545685993,opth,1,False,mlp1,bce,msle
152,0.851615916308612,0.3216886322955671,0.7169811320754716,0.805940594059406,0.9644549763033176,0.8781014023732471,106.0,Colchicum.autumnale,0.5229217261348778,opth,1,False,mlp1,bce,msle
153,0.8540561868686869,0.2514443742393499,0.7333333333333333,0.7604166666666666,0.9804639804639804,0.8565333333333334,60.0,Convolvulus.arvensis,0.4937499999999999,opth,1,False,mlp1,bce,msle
154,0.9031025179856116,0.021754171754171756,1.0,0.7742805755395683,1.0,0.8727825646224024,4.0,Conyza.canadensis,0.7742805755395683,opth,1,False,mlp1,bce,msle
155,0.8907096603673847,0.22523514112468196,0.5428571428571428,0.9296947271045328,0.9843290891283056,0.956232159847764,35.0,Coronilla.minima,0.47255186996167575,opth,1,False,mlp1,bce,msle
156,0.8280289330922243,0.09186755491442253,0.4,0.879746835443038,0.9938712972420838,0.9333333333333333,10.0,Crepis.aurea,0.27974683544303813,opth,1,False,mlp1,bce,msle
157,0.8795274515159792,0.2728030464019034,0.8142857142857143,0.8240917782026769,0.9851428571428571,0.8974492451847996,70.0,Crepis.biennis,0.6383774924883912,opth,1,False,mlp1,bce,msle
158,0.9348190132680665,0.13391706575400633,0.8571428571428571,0.8575293056807936,0.9989495798319328,0.9228529839883551,7.0,Crepis.bocconi,0.7146721628236508,opth,1,False,mlp1,bce,msle
159,0.8720802919708028,0.11306903796275246,0.8,0.8467153284671532,0.9957081545064378,0.9151873767258383,20.0,Crepis.conyzifolia,0.6467153284671534,opth,1,False,mlp1,bce,msle
160,0.8745383503719959,0.10604479734319158,0.7058823529411765,0.83803457688808,0.9946004319654428,0.9096296296296297,17.0,Crepis.foetida,0.5439169298292565,opth,1,False,mlp1,bce,msle
161,0.9287211740041929,0.18054653484400182,1.0,0.8265947888589398,1.0,0.9050664043285784,3.0,Crepis.mollis,0.8265947888589398,opth,1,False,mlp1,bce,msle
162,0.9000302755071148,0.13353056832936064,0.8666666666666667,0.8555858310626703,0.9978813559322034,0.9212713936430318,15.0,Crepis.pyrenaica,0.722252497729337,opth,1,False,mlp1,bce,msle
163,0.87565747948664,0.32285522901055846,0.7346938775510204,0.8031865042174321,0.9850574712643678,0.8848735157459989,49.0,Crepis.vesicaria,0.5378803817684525,opth,1,False,mlp1,bce,msle
164,0.7939502845163222,0.008750238640170736,0.3333333333333333,0.8427672955974843,0.997872340425532,0.9137847053093034,3.0,Cruciata.glabra,0.17610062893081757,opth,1,False,mlp1,bce,msle
165,0.8356736938588452,0.14542686906929694,0.92,0.6562786434463794,0.9972144846796658,0.7915975677169707,25.0,Cruciata.laevipes,0.5762786434463796,opth,1,False,mlp1,bce,msle
166,0.8423289965219631,0.033556711229153206,0.5714285714285714,0.7691614066726781,0.9964953271028038,0.8681933842239186,7.0,Cruciata.pedemontana,0.34058997810124936,opth,1,False,mlp1,bce,msle
167,0.828978978978979,0.04032580657100748,0.8333333333333334,0.6324324324324324,0.9985775248933144,0.7744070601213459,6.0,Cuscuta.epithymum,0.46576576576576567,opth,1,False,mlp1,bce,msle
168,0.8901701864664828,0.30423593177492186,0.873015873015873,0.7597340930674265,0.9900990099009901,0.8597528210639441,63.0,Cynosurus.cristatus,0.6327499660832996,opth,1,False,mlp1,bce,msle
169,0.8521441869925059,0.6354709222971331,0.8105590062111802,0.7556675062972292,0.9077155824508321,0.8247422680412371,322.0,Dactylis.glomerata,0.5662265125084094,opth,1,False,mlp1,bce,msle
170,0.8815080789946139,0.011060452549814252,1.0,0.5798922800718133,1.0,0.7340909090909091,2.0,Dactylorhiza.maculata,0.5798922800718134,opth,1,False,mlp1,bce,msle
171,0.7636528028933093,0.07929832304749473,0.7,0.6735985533453888,0.9959893048128342,0.8036677454153183,10.0,Dactylorhiza.majalis,0.3735985533453887,opth,1,False,mlp1,bce,msle
172,0.474439461883408,0.0017035775127768314,0.0,0.9874439461883409,0.9990925589836661,0.993234100135318,1.0,Danthonia.decumbens,-0.01255605381165914,opth,1,False,mlp1,bce,msle
173,0.8378066378066378,0.1880479943002732,0.8636363636363636,0.7171428571428572,0.9881889763779528,0.8311258278145696,66.0,Daucus.carota,0.5807792207792208,opth,1,False,mlp1,bce,msle
174,0.7847286108555658,0.1764111164161908,0.6206896551724138,0.7571297148114076,0.986810551558753,0.8568453930244664,29.0,Deschampsia.cespitosa,0.3778193699838215,opth,1,False,mlp1,bce,msle
175,0.70096286900369,0.05383237873899296,0.375,0.8035055350553506,0.9775533108866442,0.8820253164556962,32.0,Dianthus.carthusianorum,0.1785055350553506,opth,1,False,mlp1,bce,msle
176,0.7083709386281588,0.0355415575124001,0.5,0.7084837545126353,0.9949302915082383,0.8276225619399051,8.0,Dianthus.deltoides,0.20848375451263523,opth,1,False,mlp1,bce,msle
177,0.8210407681137432,0.22146991868696037,0.5116279069767442,0.9040074557315937,0.9788092835519677,0.939922480620155,43.0,Dianthus.sylvestris,0.415635362708338,opth,1,False,mlp1,bce,msle
178,0.7959551719695994,0.02438749873655798,0.2857142857142857,0.9242560865644724,0.9951456310679612,0.9583917718560074,7.0,Dipsacus.fullonum,0.20997037227875825,opth,1,False,mlp1,bce,msle
179,0.8560210725113064,0.1859842821065062,0.8070175438596491,0.7488196411709159,0.986318407960199,0.8513150831991412,57.0,Draba.aizoides,0.555837185030565,opth,1,False,mlp1,bce,msle
180,0.7015015015015015,0.009855402303080175,0.0,0.8891891891891892,0.9939577039274925,0.9386590584878745,6.0,Draba.siliquosa,-0.11081081081081079,opth,1,False,mlp1,bce,msle
181,0.8487909397000306,0.15144448488154288,0.5925925925925926,0.830119375573921,0.9879781420765027,0.9021956087824351,27.0,Dryas.octopetala,0.4227119681665137,opth,1,False,mlp1,bce,msle
182,0.45432764300688827,0.0240457906538557,0.3333333333333333,0.9029649595687331,0.9980139026812314,0.9481132075471698,3.0,Dryopteris.filix.mas,0.2362982929020665,opth,1,False,mlp1,bce,msle
183,0.8099794238683127,0.12174149433958806,0.8055555555555556,0.6944444444444444,0.9907529722589168,0.8165487207403375,36.0,Echium.vulgare,0.5,opth,1,False,mlp1,bce,msle
184,0.873914345612459,0.0673377366290752,0.6666666666666666,0.9002695417789758,0.9990029910269193,0.947069943289225,3.0,Epilobium.angustifolium,0.5669362084456424,opth,1,False,mlp1,bce,msle
185,0.537219730941704,0.0019342359767891683,0.0,0.831390134529148,0.9989224137931034,0.9074889867841409,1.0,Epipactis.palustris,-0.168609865470852,opth,1,False,mlp1,bce,msle
186,0.771449981266392,0.045766872836236525,0.8235294117647058,0.5787079162875342,0.9953051643192489,0.7318757192174914,17.0,Equisetum.arvense,0.40223732805224,opth,1,False,mlp1,bce,msle
187,0.6923869638026536,0.011676085437173108,0.14285714285714285,0.8575293056807936,0.9937304075235109,0.920619554695063,7.0,Equisetum.palustre,0.0003864485379363458,opth,1,False,mlp1,bce,msle
188,0.8322841726618705,0.04185400778638483,0.25,0.987410071942446,0.997275204359673,0.9923181201988251,4.0,Equisetum.telmateia,0.2374100719424459,opth,1,False,mlp1,bce,msle
189,0.7728904847396769,0.0058743357946311504,0.0,0.8806104129263914,0.9979654120040692,0.9356223175965666,2.0,Erigeron.acer,-0.11938958707360858,opth,1,False,mlp1,bce,msle
190,0.8078716318498335,0.14437931690616806,0.6,0.7829246139872843,0.9930875576036866,0.8755713560182834,15.0,Erigeron.alpinus,0.38292461398728417,opth,1,False,mlp1,bce,msle
191,0.8760735018951207,0.15388675965096466,0.6842105263157895,0.8277119416590701,0.9934354485776805,0.9030333167578319,19.0,Erigeron.annuus,0.5119224679748595,opth,1,False,mlp1,bce,msle
192,0.8568704205560573,0.04469398081162746,0.3333333333333333,0.9159891598915989,0.9941176470588236,0.9534555712270804,9.0,Erigeron.glabratus,0.24932249322493227,opth,1,False,mlp1,bce,msle
193,0.858528880866426,0.027484613208948818,0.75,0.779783393501805,0.9976905311778291,0.8753799392097265,8.0,Erigeron.neglectus,0.529783393501805,opth,1,False,mlp1,bce,msle
194,0.9055679576930579,0.28573551185564516,0.8604651162790697,0.7586206896551724,0.9926829268292683,0.8600105652403592,43.0,Erigeron.uniflorus,0.6190858059342421,opth,1,False,mlp1,bce,msle
195,0.9139214801444043,0.07620261371639464,0.75,0.8880866425992779,0.9979716024340771,0.9398280802292264,8.0,Erodium.cicutarium,0.6380866425992779,opth,1,False,mlp1,bce,msle
196,0.8604904632152589,0.11936903896829418,0.3333333333333333,0.9082652134423251,0.9900990099009901,0.9474182851729038,15.0,Erophila.verna,0.2415985467756585,opth,1,False,mlp1,bce,msle
197,0.8951862373737374,0.334336968914252,0.7666666666666667,0.8636363636363636,0.9848812095032398,0.9202825428859738,60.0,Eryngium.campestre,0.6303030303030304,opth,1,False,mlp1,bce,msle
198,0.908152590836181,0.1036333386323249,0.8461538461538461,0.8204895738893926,0.9977949283351709,0.900497512437811,13.0,Erysimum.rhaeticum,0.6666434200432387,opth,1,False,mlp1,bce,msle
199,0.9390737410071943,0.0364182503313341,1.0,0.8758992805755396,1.0,0.9338446788111218,4.0,Erysimum.virgatum,0.8758992805755397,opth,1,False,mlp1,bce,msle
200,0.7789757412398922,0.007984938190887848,0.0,0.9514824797843666,0.9971751412429378,0.9737931034482759,3.0,Eupatorium.cannabinum,-0.04851752021563338,opth,1,False,mlp1,bce,msle
201,0.78373836865631,0.3483582687301687,0.7515923566878981,0.694473409801877,0.9446808510638298,0.8004807692307693,157.0,Euphorbia.cyparissias,0.44606576648977514,opth,1,False,mlp1,bce,msle
202,0.7862939585211903,0.019970957766354613,0.42857142857142855,0.842200180342651,0.9957356076759062,0.9125549584758182,7.0,Euphorbia.dulcis,0.2707716089140795,opth,1,False,mlp1,bce,msle
203,0.716501798561151,0.00791141236761305,0.0,0.9550359712230215,0.9962476547842402,0.9752066115702479,4.0,Euphorbia.helioscopia,-0.04496402877697847,opth,1,False,mlp1,bce,msle
204,0.9716216216216216,0.23229337712096332,0.8333333333333334,0.9558558558558559,0.9990583804143126,0.9769797421731123,6.0,Euphorbia.seguieriana,0.7891891891891891,opth,1,False,mlp1,bce,msle
205,0.8150882326859981,0.14641315103551122,0.7857142857142857,0.7513966480446927,0.9889705882352942,0.8539682539682539,42.0,Euphorbia.brittingeri,0.5371109337589783,opth,1,False,mlp1,bce,msle
206,0.9393756900531969,0.09519152259344162,1.0,0.7958446251129178,1.0,0.886317907444668,9.0,Euphrasia.alpina,0.7958446251129176,opth,1,False,mlp1,bce,msle
207,0.8757206122290421,0.2679635925332397,0.8360655737704918,0.7753554502369668,0.9879227053140096,0.8688263409453001,61.0,Euphrasia.minima,0.6114210240074587,opth,1,False,mlp1,bce,msle
208,0.832554093726215,0.18659233980443135,0.7352941176470589,0.7467652495378928,0.988984088127295,0.8509741969457609,34.0,Euphrasia.salisburgensis,0.4820593671849518,opth,1,False,mlp1,bce,msle
209,0.7346510931416592,0.00664474286322462,0.3333333333333333,0.7232704402515723,0.9975216852540273,0.8385416666666666,3.0,Euphrasia.stricta,0.05660377358490565,opth,1,False,mlp1,bce,msle
210,0.8995026073747487,0.4126732538509595,0.8504672897196262,0.7829534192269574,0.9801488833746899,0.8705234159779615,107.0,Festuca.arundinacea,0.6334207089465835,opth,1,False,mlp1,bce,msle
211,0.9218048861558917,0.24806079596388703,0.6818181818181818,0.943327239488117,0.9932627526467758,0.9676511954992968,22.0,Festuca.ovina,0.6251454213062988,opth,1,False,mlp1,bce,msle
212,0.8855681818181818,0.10895774661873883,0.8125,0.7763636363636364,0.9964994165694282,0.8727644353602453,16.0,Festuca.halleri,0.5888636363636364,opth,1,False,mlp1,bce,msle
213,0.8108087705452425,0.40236909516404323,0.7417218543046358,0.7181347150259068,0.9467213114754098,0.8167354154390101,151.0,Festuca.laevigata,0.45985656933054253,opth,1,False,mlp1,bce,msle
214,0.8270461819844537,0.39551850620596324,0.7013888888888888,0.7736625514403292,0.9459119496855346,0.8511601584606678,144.0,Festuca.nigrescens,0.4750514403292181,opth,1,False,mlp1,bce,msle
215,0.8976608688201524,0.3910369098579027,0.7818181818181819,0.8039585296889726,0.9861271676300578,0.885773624091381,55.0,Festuca.paniculata,0.5857767115071546,opth,1,False,mlp1,bce,msle
216,0.905772667236423,0.3476766552350901,0.819672131147541,0.8322274881516588,0.9876265466816648,0.9032921810699589,61.0,Festuca.quadriflora,0.6518996192991997,opth,1,False,mlp1,bce,msle
217,0.6960449622320125,0.26107156036016554,0.5384615384615384,0.6927029804727647,0.9108108108108108,0.7869235259778167,143.0,Festuca.rubra,0.23116451893430323,opth,1,False,mlp1,bce,msle
218,0.944985878515454,0.3140337428494537,0.8695652173913043,0.8618481244281794,0.9968253968253968,0.9244357212953876,23.0,Festuca.valesiaca,0.7314133418194837,opth,1,False,mlp1,bce,msle
219,0.846786962218825,0.37474880405610234,0.7105263157894737,0.7800829875518672,0.9447236180904522,0.8545454545454545,152.0,Festuca.violacea,0.490609303341341,opth,1,False,mlp1,bce,msle
220,0.8072820571955719,0.17592478629174718,0.6875,0.727859778597786,0.9874843554443054,0.838024429102496,32.0,Filipendula.vulgaris,0.41535977859778583,opth,1,False,mlp1,bce,msle
221,0.7667269439421338,0.0527008851894928,0.9,0.5361663652802894,0.9983164983164983,0.6976470588235294,10.0,Fragaria.vesca,0.4361663652802894,opth,1,False,mlp1,bce,msle
222,0.8490690143695608,0.11851905590415027,0.3888888888888889,0.9508196721311475,0.9895734597156398,0.969809568044589,18.0,Fumana.procumbens,0.3397085610200363,opth,1,False,mlp1,bce,msle
223,0.781098109810981,0.01652700421877224,0.4,0.882988298829883,0.9969512195121951,0.9365155131264916,5.0,Galeopsis.tetrahit,0.2829882988298831,opth,1,False,mlp1,bce,msle
224,0.7826668648729003,0.08550729957519068,0.6129032258064516,0.7705069124423963,0.9858490566037735,0.8649767201241594,31.0,Galium.anisophyllon,0.38341013824884795,opth,1,False,mlp1,bce,msle
225,0.7466626518117032,0.02538269018743965,0.6666666666666666,0.7091237579042458,0.9961928934010152,0.8284960422163589,9.0,Galium.aparine,0.3757904245709125,opth,1,False,mlp1,bce,msle
226,0.8292738970588236,0.10741247345081126,0.8571428571428571,0.6884191176470589,0.9946879150066401,0.8136882129277566,28.0,Galium.boreale,0.5455619747899161,opth,1,False,mlp1,bce,msle
227,0.9035083643122677,0.3766540410543053,0.725,0.8828996282527881,0.9885535900104059,0.9327442317133039,40.0,Galium.corrudifolium,0.6078996282527882,opth,1,False,mlp1,bce,msle
228,0.8779484091137209,0.044441523618588316,0.8888888888888888,0.8012646793134598,0.9988738738738738,0.8892230576441102,9.0,Galium.glaucum,0.6901535682023487,opth,1,False,mlp1,bce,msle
229,0.8040931545518701,0.11310126510548078,0.8076923076923077,0.689908256880734,0.9933949801849405,0.8142934488359502,26.0,Galium.lucidum,0.4976005645730417,opth,1,False,mlp1,bce,msle
230,0.8343791646658285,0.4922666002134586,0.7931034482758621,0.723986856516977,0.9402560455192034,0.818069306930693,203.0,Galium.mollugo,0.517090304792839,opth,1,False,mlp1,bce,msle
231,0.7990237396144976,0.27722669699211605,0.719626168224299,0.7433102081268583,0.9615384615384616,0.8384572386808273,107.0,Galium.pumilum,0.46293637635115736,opth,1,False,mlp1,bce,msle
232,0.7634042513769032,0.4546375620498999,0.7630522088353414,0.6274509803921569,0.9021558872305141,0.7401360544217687,249.0,Galium.verum,0.3905031892274984,opth,1,False,mlp1,bce,msle
233,0.8872363557295064,0.1452874943629383,0.9047619047619048,0.8082191780821918,0.9977452085682075,0.893037336024218,21.0,Genista.pilosa,0.7129810828440966,opth,1,False,mlp1,bce,msle
234,0.7811562870493061,0.07661034760812625,0.46153846153846156,0.8458748866727108,0.9925531914893617,0.9133627019089574,13.0,Genista.sagittalis,0.3074133482111723,opth,1,False,mlp1,bce,msle
235,0.8498452538856579,0.16682630673436238,0.7777777777777778,0.751147842056933,0.9927184466019418,0.8552012545739676,27.0,Genista.tinctoria,0.5289256198347108,opth,1,False,mlp1,bce,msle
236,0.8068709377901578,0.10493258320074225,0.5384615384615384,0.807799442896936,0.9797297297297297,0.8854961832061069,39.0,Gentiana.acaulis,0.3462609813584745,opth,1,False,mlp1,bce,msle
237,0.8829669778179263,0.062067320888798815,0.7777777777777778,0.7497741644083108,0.9975961538461539,0.8561113976276431,9.0,Gentiana.alpina,0.5275519421860886,opth,1,False,mlp1,bce,msle
238,0.9553007857786939,0.12323839115863847,0.7142857142857143,0.9431920649233544,0.9980916030534351,0.9698655540101994,7.0,Gentiana.bavarica,0.6574777792090687,opth,1,False,mlp1,bce,msle
239,0.8648064806480649,0.026218820861678007,1.0,0.7092709270927092,1.0,0.8299104791995787,5.0,Gentiana.cruciata,0.7092709270927093,opth,1,False,mlp1,bce,msle
240,0.877950688440602,0.2936155884497819,0.9066666666666666,0.7598463016330451,0.9912280701754386,0.8602501359434476,75.0,Gentiana.lutea,0.6665129682997117,opth,1,False,mlp1,bce,msle
241,0.9006696428571428,0.16693612552030715,0.35714285714285715,0.9568014705882353,0.9830028328611898,0.9697251979506288,28.0,Gentiana.nivalis,0.3139443277310925,opth,1,False,mlp1,bce,msle
242,0.8245989304812834,0.05533023924845718,0.7272727272727273,0.7538461538461538,0.9964114832535885,0.8583204533745492,11.0,Gentiana.punctata,0.4811188811188811,opth,1,False,mlp1,bce,msle
243,0.8428303947573723,0.40400429348488,0.7230769230769231,0.781947261663286,0.9553903345724907,0.8600111544896821,130.0,Gentiana.verna,0.505024184740209,opth,1,False,mlp1,bce,msle
244,0.8924656278643446,0.2169344763653589,0.84,0.7158570119156737,0.9949044585987261,0.8326226012793176,25.0,Geranium.columbinum,0.5558570119156738,opth,1,False,mlp1,bce,msle
245,0.9307848363101158,0.18164350336972926,0.9130434782608695,0.8124428179322964,0.9977528089887641,0.8956127080181543,23.0,Geranium.dissectum,0.7254862961931661,opth,1,False,mlp1,bce,msle
246,0.8641304347826086,0.12708470988588683,0.5833333333333334,0.8577898550724637,0.9947478991596639,0.9212062256809338,12.0,Geranium.molle,0.4411231884057971,opth,1,False,mlp1,bce,msle
247,0.8744284392758028,0.24540115404270166,0.8571428571428571,0.7178538390379279,0.9935979513444302,0.8335123523093448,35.0,Geranium.pyrenaicum,0.5749966961807851,opth,1,False,mlp1,bce,msle
248,0.6678635547576303,0.003993470297818124,0.0,0.8267504488330341,0.9978331527627302,0.9042709867452136,2.0,Geranium.robertianum,-0.17324955116696594,opth,1,False,mlp1,bce,msle
249,0.9011680143755616,0.06065771771037182,0.6666666666666666,0.8283917340521114,0.9989165763813651,0.9056974459724951,3.0,Geranium.rotundifolium,0.49505840071877794,opth,1,False,mlp1,bce,msle
250,0.7703207522864872,0.016366045647479774,0.7142857142857143,0.7917042380522994,0.9977272727272727,0.8828557063851181,7.0,Geranium.sanguineum,0.5059899523380138,opth,1,False,mlp1,bce,msle
251,0.8607513732408485,0.41438835387879824,0.7448979591836735,0.8408644400785854,0.9716231555051078,0.9015271195365983,98.0,Geranium.sylvaticum,0.5857623992622589,opth,1,False,mlp1,bce,msle
252,0.8908051408051407,0.4633049336510102,0.9545454545454546,0.7349272349272349,0.9901960784313726,0.8436754176610979,154.0,Geum.montanum,0.6894726894726895,opth,1,False,mlp1,bce,msle
253,0.9772386942198263,0.1926559356136821,1.0,0.8230008984725966,1.0,0.9029078363725973,3.0,Geum.rivale,0.8230008984725967,opth,1,False,mlp1,bce,msle
254,0.7234923492349234,0.012529994624112271,0.6,0.8505850585058505,0.9978880675818373,0.9183673469387755,5.0,Geum.urbanum,0.4505850585058506,opth,1,False,mlp1,bce,msle
255,0.9005690326445043,0.018558594006164338,1.0,0.8454627133872417,1.0,0.9162609542356378,3.0,Glechoma.hederacea,0.8454627133872417,opth,1,False,mlp1,bce,msle
256,0.8686797752808988,0.29339003293703075,0.6666666666666666,0.8642322097378277,0.9829605963791267,0.9197807673143996,48.0,Globularia.bisnagarica,0.5308988764044944,opth,1,False,mlp1,bce,msle
257,0.8443937265917604,0.2612305296445207,0.6458333333333334,0.849250936329588,0.9816017316017316,0.9106425702811245,48.0,Globularia.cordifolia,0.4950842696629214,opth,1,False,mlp1,bce,msle
258,0.8859431407942238,0.03559707306880071,0.625,0.871841155234657,0.9969040247678018,0.9301877708233028,8.0,Globularia.nudicaulis,0.496841155234657,opth,1,False,mlp1,bce,msle
259,0.738544474393531,0.10985273391394722,0.625,0.680188679245283,0.9716981132075472,0.8002219755826859,56.0,Gymnadenia.conopsea,0.3051886792452829,opth,1,False,mlp1,bce,msle
260,0.8812048736462094,0.039735874533252016,0.5,0.8592057761732852,0.99581589958159,0.9224806201550387,8.0,Gypsophila.repens,0.3592057761732852,opth,1,False,mlp1,bce,msle
261,0.7697470933716889,0.37689998035542027,0.6455026455026455,0.7659115426105717,0.9137709137709138,0.8333333333333334,189.0,Helianthemum.nummularium,0.41141418811321717,opth,1,False,mlp1,bce,msle
262,0.8849955076370172,0.016219922615674176,1.0,0.6702605570530099,1.0,0.8025820333512641,3.0,Helleborus.foetidus,0.6702605570530098,opth,1,False,mlp1,bce,msle
263,0.87182039976806,0.3935270403300245,0.8539325842696629,0.7517039922103214,0.9834394904458599,0.8520971302428256,89.0,Heracleum.sphondylium,0.6056365764799843,opth,1,False,mlp1,bce,msle
264,0.8537537537537538,0.04874486880700479,0.5,0.9441441441441442,0.9971455756422455,0.9699213327163351,6.0,Hieracium.bifidum,0.44414414414414427,opth,1,False,mlp1,bce,msle
265,0.6806182310469314,0.015653765807767096,0.25,0.9007220216606499,0.9940239043824701,0.9450757575757576,8.0,Hieracium.murorum,0.15072202166064974,opth,1,False,mlp1,bce,msle
266,0.8853633285766249,0.14532549656154048,0.8787878787878788,0.7534626038781164,0.9951219512195122,0.8575932737782449,33.0,Hieracium.piliferum,0.6322504826659952,opth,1,False,mlp1,bce,msle
267,0.9427542754275428,0.0464470524125143,0.8,0.8973897389738974,0.998997995991984,0.9454717875770507,5.0,Hieracium.prenanthoides,0.6973897389738974,opth,1,False,mlp1,bce,msle
268,0.9085746914950988,0.24547412561813972,0.4482758620689655,0.9264029438822448,0.9843597262952102,0.9545023696682464,29.0,Hieracium.villosum,0.3746788059512103,opth,1,False,mlp1,bce,msle
269,0.8664772727272728,0.08506085790119575,0.5625,0.8436363636363636,0.9925133689839573,0.912039312039312,16.0,Himantoglossum.hircinum,0.40613636363636374,opth,1,False,mlp1,bce,msle
270,0.7394270739201158,0.1954216923315847,0.5272727272727272,0.7783300198807157,0.9377245508982036,0.850624660510592,110.0,Hippocrepis.comosa,0.30560274715344304,opth,1,False,mlp1,bce,msle
271,0.9441210444721404,0.6917189335652584,0.835820895522388,0.8869653767820774,0.975363941769317,0.9290666666666667,134.0,Holcus.lanatus,0.7227862723044653,opth,1,False,mlp1,bce,msle
272,0.8563751426496524,0.18062053570077197,0.5777777777777777,0.8860877684407096,0.9803719008264463,0.9308484551250613,45.0,Homogyne.alpina,0.4638655462184873,opth,1,False,mlp1,bce,msle
273,0.9125765331727391,0.06191076999892105,0.4444444444444444,0.926829268292683,0.9951503394762367,0.9597754911131899,9.0,Hornungia.petraea,0.3712737127371275,opth,1,False,mlp1,bce,msle
274,0.8385512584407613,0.26007135260887043,0.6333333333333333,0.861878453038674,0.9883843717001056,0.9208066896212493,30.0,Hypericum.maculatum,0.49521178637200736,opth,1,False,mlp1,bce,msle
275,0.80128555572122,0.1870718208741175,0.8421052631578947,0.6610009442870632,0.9873060648801129,0.7918552036199095,57.0,Hypericum.perforatum,0.5031062074449579,opth,1,False,mlp1,bce,msle
276,0.9197564423181471,0.2293188617455577,0.8529411764705882,0.8271719038817006,0.9944444444444445,0.9031281533804238,34.0,Hypericum.richeri,0.6801130803522888,opth,1,False,mlp1,bce,msle
277,0.8418922457919672,0.22749335794242467,0.717948717948718,0.7836583101207056,0.9871345029239766,0.8737060041407867,39.0,Hypochaeris.maculata,0.5016070280694236,opth,1,False,mlp1,bce,msle
278,0.9076601065564858,0.32782673624701447,0.7941176470588235,0.8687615526802218,0.9926082365364308,0.9265648102513554,34.0,Hypochaeris.radicata,0.6628791997390453,opth,1,False,mlp1,bce,msle
279,0.8141831238779174,0.02178831398780248,0.5,0.9317773788150808,0.9990375360923965,0.9642359498374361,2.0,Hyssopus.officinalis,0.43177737881508094,opth,1,False,mlp1,bce,msle
280,0.8704715644606356,0.09636391717952271,0.8333333333333334,0.7659380692167578,0.9964454976303317,0.8661174047373842,18.0,Inula.salicina,0.5992714025500911,opth,1,False,mlp1,bce,msle
281,0.8411131059245961,0.02473314241083051,0.5,0.7998204667863554,0.9988789237668162,0.8883349950149552,2.0,Isatis.tinctoria,0.2998204667863553,opth,1,False,mlp1,bce,msle
282,0.8035874439461883,0.004545454545454545,1.0,0.6977578475336322,1.0,0.8219756999471738,1.0,Juncus.alpinoarticulatus,0.6977578475336323,opth,1,False,mlp1,bce,msle
283,0.6783783783783783,0.014309912739547279,0.3333333333333333,0.9036036036036036,0.9960278053624627,0.9475673122342938,6.0,Juncus.articulatus,0.23693693693693696,opth,1,False,mlp1,bce,msle
284,0.9246425351024088,0.126971784075425,0.5714285714285714,0.9323715058611362,0.9971070395371263,0.9636533084808947,7.0,Juncus.effusus,0.5038000772897075,opth,1,False,mlp1,bce,msle
285,0.8109148550724637,0.0930060903090413,0.3333333333333333,0.9103260869565217,0.9921026653504442,0.949456778460085,12.0,Juncus.inflexus,0.243659420289855,opth,1,False,mlp1,bce,msle
286,0.9125076312576312,0.36690402486617474,0.5416666666666666,0.9111721611721612,0.989065606361829,0.9485224022878932,24.0,Juncus.jacquinii,0.4528388278388278,opth,1,False,mlp1,bce,msle
287,0.8371590909090909,0.050148686252730314,0.1875,0.9327272727272727,0.987487969201155,0.9593267882187938,16.0,Juncus.trifidus,0.12022727272727263,opth,1,False,mlp1,bce,msle
288,0.973967684021544,0.048924731182795694,1.0,0.9614003590664273,1.0,0.9803203661327231,2.0,Juncus.triglumis,0.9614003590664273,opth,1,False,mlp1,bce,msle
289,0.8620369938421348,0.45565823839772274,0.8695652173913043,0.7585836909871244,0.9671682626538988,0.8502705953096813,184.0,Knautia.arvensis,0.6281489083784288,opth,1,False,mlp1,bce,msle
290,0.8806539509536784,0.11032338084561269,0.8666666666666667,0.810172570390554,0.9977628635346756,0.894235588972431,15.0,Knautia.dipsacifolia,0.6768392370572207,opth,1,False,mlp1,bce,msle
291,0.7795491236162362,0.06907374128549779,0.75,0.7398523985239852,0.9901234567901235,0.8468848996832101,32.0,Koeleria.macrantha,0.4898523985239853,opth,1,False,mlp1,bce,msle
292,0.7495107323232324,0.1303885234125871,0.43333333333333335,0.8333333333333334,0.962800875273523,0.8934010152284264,60.0,Koeleria.pyramidata,0.2666666666666666,opth,1,False,mlp1,bce,msle
293,0.8515253242943747,0.3231090054064909,0.5,0.9054820415879017,0.9706180344478217,0.936919315403423,58.0,Koeleria.vallesiana,0.4054820415879017,opth,1,False,mlp1,bce,msle
294,0.8842776951494506,0.12902579621232846,0.7368421052631579,0.853236098450319,0.9946865037194474,0.9185475956820413,19.0,Lactuca.perennis,0.5900782037134769,opth,1,False,mlp1,bce,msle
295,0.8341864900130482,0.043394646968160026,0.4444444444444444,0.8744354110207768,0.9948612538540597,0.9307692307692308,9.0,Lactuca.serriola,0.31887985546522124,opth,1,False,mlp1,bce,msle
296,0.916269483447121,0.1812727469185987,0.8571428571428571,0.842200180342651,0.9989304812834224,0.913894324853229,7.0,Lamium.purpureum,0.6993430374855081,opth,1,False,mlp1,bce,msle
297,0.8184980033492206,0.0335752562312627,0.42857142857142855,0.8133453561767358,0.9955849889624724,0.8952853598014888,7.0,Lapsana.communis,0.24191678474816425,opth,1,False,mlp1,bce,msle
298,0.9098532494758911,0.0563386524822695,0.6666666666666666,0.8787061994609164,0.9989785495403473,0.9349904397705545,3.0,Laserpitium.halleri,0.545372866127583,opth,1,False,mlp1,bce,msle
299,0.8963041974169742,0.14842462788042934,0.71875,0.8459409594095941,0.990280777537797,0.9124378109452737,32.0,Laserpitium.latifolium,0.5646909594095941,opth,1,False,mlp1,bce,msle
300,0.8470469702058246,0.09239378514149212,0.47368421052631576,0.8596171376481313,0.9895068205666316,0.92,19.0,Laserpitium.siler,0.3333013481744471,opth,1,False,mlp1,bce,msle
301,0.9451931716082659,0.04652605459057072,0.6666666666666666,0.9532794249775381,0.9990583804143126,0.975632183908046,3.0,Lathyrus.heterophyllus,0.6199460916442048,opth,1,False,mlp1,bce,msle
302,,-0.0,0.0,0.8055555555555556,1.0,0.8923076923076924,0.0,Lathyrus.occidentalis,-0.19444444444444442,opth,1,False,mlp1,bce,msle
303,0.8227352863042482,0.5062785979476049,0.7617021276595745,0.7253121452894438,0.9194244604316547,0.8109137055837563,235.0,Lathyrus.pratensis,0.48701427294901833,opth,1,False,mlp1,bce,msle
304,0.9538784067085955,0.05107962213225371,1.0,0.8975741239892183,1.0,0.9460227272727273,3.0,Lathyrus.sphaericus,0.8975741239892183,opth,1,False,mlp1,bce,msle
305,,-0.0,0.0,0.9372759856630825,1.0,0.967622571692877,0.0,Lathyrus.sylvestris,-0.06272401433691754,opth,1,False,mlp1,bce,msle
306,0.9905745062836625,0.29545454545454547,1.0,0.9488330341113106,1.0,0.9737448180561953,2.0,Lathyrus.tuberosus,0.9488330341113107,opth,1,False,mlp1,bce,msle
307,0.8126641281512605,0.1882448849940847,0.7142857142857143,0.7545955882352942,0.9903498190591074,0.856546687532603,28.0,Leontodon.autumnalis,0.46888130252100835,opth,1,False,mlp1,bce,msle
308,0.7410486818431129,0.38619813713440554,0.6175115207373272,0.7152391546162402,0.8856749311294766,0.7913846153846154,217.0,Leontodon.hispidus,0.3327506753535674,opth,1,False,mlp1,bce,msle
309,0.7909264277827963,0.03586460579858908,0.8888888888888888,0.6675700090334237,0.9986486486486487,0.8002165674066053,9.0,Leontopodium.alpinum,0.5564588979223126,opth,1,False,mlp1,bce,msle
310,0.9321921361137047,0.33923966529179295,0.7555555555555555,0.896358543417367,0.9886714727085479,0.940254652301665,45.0,Leucanthemopsis.alpina,0.6519140989729224,opth,1,False,mlp1,bce,msle
311,0.85824418490529,0.565346240506291,0.782608695652174,0.7765237020316027,0.9322493224932249,0.8472906403940886,230.0,Leucanthemum.vulgare,0.5591323976837765,opth,1,False,mlp1,bce,msle
312,0.8977818515123739,0.11474037050869773,0.76,0.8524289642529789,0.9935897435897436,0.9176122348297977,25.0,Lilium.martagon,0.6124289642529788,opth,1,False,mlp1,bce,msle
313,0.6898563734290843,0.0115527950310559,0.5,0.7091561938958707,0.9987357774968394,0.8293963254593176,2.0,Linaria.repens,0.2091561938958706,opth,1,False,mlp1,bce,msle
314,0.892843761708505,0.08326199007117918,0.7647058823529411,0.8307552320291174,0.9956379498364231,0.9057539682539683,17.0,Linum.alpinum,0.5954611143820585,opth,1,False,mlp1,bce,msle
315,0.7259313474346776,0.12610838673758976,0.5076923076923077,0.7649857278782112,0.9617224880382775,0.8521462639109698,65.0,Linum.catharticum,0.27267803557051895,opth,1,False,mlp1,bce,msle
316,0.9576836347934559,0.19647395940223478,1.0,0.8896991795806746,1.0,0.9416304872165943,19.0,Linum.tenuifolium,0.8896991795806746,opth,1,False,mlp1,bce,msle
317,0.8044900722021662,0.01974888287602911,0.625,0.7870036101083032,0.9965714285714286,0.8794755421079173,8.0,Listera.ovata,0.41200361010830333,opth,1,False,mlp1,bce,msle
318,0.860611510791367,0.02905006846871728,0.75,0.7014388489208633,0.998719590268886,0.8240887480190174,4.0,Lolium.multiflorum,0.4514388489208634,opth,1,False,mlp1,bce,msle
319,0.904510556621881,0.3539053277178176,0.9459459459459459,0.7389635316698656,0.9948320413436692,0.8480176211453745,74.0,Lolium.perenne,0.6849094776158116,opth,1,False,mlp1,bce,msle
320,0.7643239885066397,0.5098835051028029,0.7423312883435583,0.6468354430379747,0.8588235294117647,0.7379061371841156,326.0,Lotus.corniculatus,0.389166731381533,opth,1,False,mlp1,bce,msle
321,0.7409436834094367,0.057356452165077794,0.6666666666666666,0.6474885844748859,0.9902234636871509,0.7829928216454998,21.0,Lotus.maritimus,0.3141552511415524,opth,1,False,mlp1,bce,msle
322,0.7687732342007435,0.09612385262277937,0.4,0.8382899628252788,0.9740820734341252,0.9010989010989011,40.0,Luzula.campestris,0.2382899628252788,opth,1,False,mlp1,bce,msle
323,0.8698687053348846,0.11187802270968655,0.8636363636363636,0.7632541133455211,0.9964200477326969,0.8643892339544513,22.0,Luzula.lutea,0.6268904769818846,opth,1,False,mlp1,bce,msle
324,0.6436332494781352,0.02336310897826273,0.47058823529411764,0.7333939945404914,0.9889570552147239,0.8422152560083594,17.0,Luzula.multiflora,0.203982229834609,opth,1,False,mlp1,bce,msle
325,0.8686960098724804,0.19113955976143543,0.8181818181818182,0.8090497737556561,0.9977678571428571,0.8935532233883059,11.0,Luzula.sieberi,0.6272315919374742,opth,1,False,mlp1,bce,msle
326,0.8522260005975841,0.18441932228349583,0.8805970149253731,0.7302192564346998,0.9896640826873385,0.8403730115194734,67.0,Luzula.spicata,0.6108162713600729,opth,1,False,mlp1,bce,msle
327,0.7612165010538995,0.07845469416758591,0.4444444444444444,0.8337850045167118,0.9946120689655172,0.9071253071253071,9.0,Luzula.sudetica,0.2782294489611563,opth,1,False,mlp1,bce,msle
328,0.918091809180918,0.05127867301780345,0.6,0.9486948694869487,0.9981060606060606,0.972773419473927,5.0,Lysimachia.nummularia,0.5486948694869487,opth,1,False,mlp1,bce,msle
329,0.9400246812011517,0.544786738042595,0.8181818181818182,0.9031674208144796,0.998,0.9482185273159145,11.0,Lysimachia.vulgaris,0.7213492389962979,opth,1,False,mlp1,bce,msle
330,0.8486399678811604,0.038383071097009135,0.8888888888888888,0.7009936766034327,0.9987129987129987,0.8237791932059448,9.0,Malva.moschata,0.5898825654923217,opth,1,False,mlp1,bce,msle
331,0.8429084380610412,0.032387955182072825,0.5,0.874326750448833,0.9989743589743589,0.932503590234562,2.0,Malva.sylvestris,0.374326750448833,opth,1,False,mlp1,bce,msle
332,0.8366166557947379,0.05856645978301015,0.9047619047619048,0.6602739726027397,0.9972413793103448,0.7945054945054945,21.0,Medicago.falcata,0.5650358773646444,opth,1,False,mlp1,bce,msle
333,0.8375714988223724,0.4047688303094138,0.8641975308641975,0.70020964360587,0.9681159420289855,0.8126520681265207,162.0,Medicago.lupulina,0.5644071744700674,opth,1,False,mlp1,bce,msle
334,0.8829754123871771,0.2765151077314391,0.5111111111111111,0.9066293183940243,0.9778449144008057,0.9408914728682171,45.0,Medicago.minima,0.41774042950513524,opth,1,False,mlp1,bce,msle
335,0.8865908167411621,0.2911439234626861,0.8260869565217391,0.7728971962616823,0.9904191616766467,0.8682414698162729,46.0,Medicago.sativa,0.5989841527834214,opth,1,False,mlp1,bce,msle
336,0.9306968955300785,0.14294787751930613,0.8571428571428571,0.8692515779981965,0.9989637305699481,0.9296046287367405,7.0,Melica.ciliata,0.7263944351410536,opth,1,False,mlp1,bce,msle
337,0.9641255605381166,0.024390243902439025,1.0,0.6260089686098654,1.0,0.7699944842801986,1.0,Melilotus.albus,0.6260089686098653,opth,1,False,mlp1,bce,msle
338,0.8915613295880149,0.27937907619663915,0.7916666666666666,0.8305243445692884,0.9888517279821628,0.9027989821882951,48.0,Meum.athamanticum,0.622191011235955,opth,1,False,mlp1,bce,msle
339,0.9654398563734291,0.03653719552337063,1.0,0.7666068222621185,1.0,0.8678861788617886,2.0,Minuartia.laricifolia,0.7666068222621185,opth,1,False,mlp1,bce,msle
340,0.878415300546448,0.1431173450261452,0.8333333333333334,0.7513661202185792,0.9963768115942029,0.8566978193146417,18.0,Minuartia.rostrata,0.5846994535519126,opth,1,False,mlp1,bce,msle
341,0.8580996037603915,0.2498151904674141,0.7540983606557377,0.8056872037914692,0.9826589595375722,0.8854166666666666,61.0,Minuartia.verna,0.559785564447207,opth,1,False,mlp1,bce,msle
342,0.8563867325335215,0.08418189794963604,0.7307692307692307,0.7972477064220184,0.9920091324200914,0.884028484231943,26.0,Muscari.comosum,0.5280169371912491,opth,1,False,mlp1,bce,msle
343,0.8269395305815701,0.4495609520464553,0.7634408602150538,0.7430107526881721,0.9401360544217687,0.8300300300300301,186.0,Myosotis.alpestris,0.5064516129032257,opth,1,False,mlp1,bce,msle
344,0.8848998251983327,0.4315765426089263,0.9009009009009009,0.7482587064676617,0.9855832241153342,0.8506787330316742,111.0,Myosotis.arvensis,0.6491596073685626,opth,1,False,mlp1,bce,msle
345,0.8975864318330071,0.17349873240110855,0.6666666666666666,0.8821917808219178,0.9928057553956835,0.9342359767891683,21.0,Myosotis.ramosissima,0.5488584474885845,opth,1,False,mlp1,bce,msle
346,0.948048048048048,0.48002583433629775,0.5,0.9585585585585585,0.9971883786316776,0.977491961414791,6.0,Myosotis.scorpioides,0.45855855855855854,opth,1,False,mlp1,bce,msle
347,0.8990125673249552,0.07595345830639948,0.5,0.8043087971274686,0.9988851727982163,0.8910989557434112,2.0,Myosotis.stricta,0.3043087971274687,opth,1,False,mlp1,bce,msle
348,0.8145576131687242,0.13057601744181757,0.7777777777777778,0.7546296296296297,0.9902794653705954,0.8565423016290068,36.0,Narcissus.poeticus,0.5324074074074074,opth,1,False,mlp1,bce,msle
349,0.8731676316904392,0.46174437935415896,0.9246575342465754,0.677319587628866,0.9835329341317365,0.8021978021978022,146.0,Nardus.stricta,0.6019771218754415,opth,1,False,mlp1,bce,msle
350,0.925265750583355,0.12793443728014972,0.7857142857142857,0.8747731397459165,0.9968976215098242,0.931851135814403,14.0,Odontites.luteus,0.6604874254602022,opth,1,False,mlp1,bce,msle
351,0.8776552287581699,0.34826580963465087,0.8541666666666666,0.7990196078431373,0.9831121833534379,0.8815575987020011,96.0,Onobrychis.montana,0.653186274509804,opth,1,False,mlp1,bce,msle
352,0.8560432247747883,0.3450193044724746,0.7777777777777778,0.7846607669616519,0.973170731707317,0.8688078388677191,99.0,Onobrychis.viciifolia,0.5624385447394298,opth,1,False,mlp1,bce,msle
353,0.8890799256505577,0.28691593165594165,0.7,0.8364312267657993,0.9868421052631579,0.9054325955734407,40.0,Ononis.natrix,0.5364312267657994,opth,1,False,mlp1,bce,msle
354,0.8336068802521008,0.07553386447987437,0.8571428571428571,0.7435661764705882,0.995079950799508,0.8511309836927933,28.0,Ononis.repens,0.6007090336134453,opth,1,False,mlp1,bce,msle
355,0.8015460086219712,0.09740060096051102,0.5806451612903226,0.8129032258064516,0.9854748603351955,0.8909090909090909,31.0,Ononis.spinosa,0.3935483870967742,opth,1,False,mlp1,bce,msle
356,0.9502845163222521,0.04853892353892354,1.0,0.867026055705301,1.0,0.9287776708373436,3.0,Ophioglossum.vulgatum,0.8670260557053009,opth,1,False,mlp1,bce,msle
357,0.9724468403713686,0.07956259426847662,1.0,0.7969451931716083,1.0,0.887,3.0,Ophrys.apifera,0.7969451931716083,opth,1,False,mlp1,bce,msle
358,0.8882899071578316,0.06020641628950234,0.6666666666666666,0.9442946990116802,0.9990494296577946,0.9709006928406466,3.0,Ophrys.insectifera,0.6109613656783468,opth,1,False,mlp1,bce,msle
359,0.8597122302158273,0.02452002905770029,1.0,0.6402877697841727,1.0,0.7807017543859649,4.0,Orchis.mascula,0.6402877697841727,opth,1,False,mlp1,bce,msle
360,0.7078068592057762,0.012882554514750712,0.5,0.7057761732851986,0.9949109414758269,0.8257655755015839,8.0,Orchis.militaris,0.2057761732851986,opth,1,False,mlp1,bce,msle
361,0.9109112394957983,0.23683144823268487,0.8928571428571429,0.7527573529411765,0.9963503649635036,0.8575916230366493,28.0,Origanum.vulgare,0.6456144957983194,opth,1,False,mlp1,bce,msle
362,0.8382339824587484,0.1630607062195521,0.5806451612903226,0.8608294930875576,0.986272439281943,0.9192913385826772,31.0,Ornithogalum.umbellatum,0.44147465437788025,opth,1,False,mlp1,bce,msle
363,0.7042190305206463,0.0044509841671479785,1.0,0.6615798922800719,1.0,0.7963263101026472,2.0,Orobanche.alba,0.6615798922800717,opth,1,False,mlp1,bce,msle
364,0.7103074141048825,0.03174555910922764,0.6,0.7070524412296564,0.9949109414758269,0.8266384778012685,10.0,Orobanche.caryophyllacea,0.30705244122965647,opth,1,False,mlp1,bce,msle
365,0.7720249077490775,0.06805056226075078,0.78125,0.6669741697416974,0.9904109589041096,0.7971334068357222,32.0,Oxytropis.campestris,0.4482241697416973,opth,1,False,mlp1,bce,msle
366,0.8251824817518248,0.10615902101390495,0.55,0.833941605839416,0.9902491874322861,0.9053987122337791,20.0,Oxytropis.helvetica,0.38394160583941606,opth,1,False,mlp1,bce,msle
367,0.5929919137466307,0.005544782149876541,0.0,0.9308176100628931,0.9971126082771896,0.9628252788104089,3.0,Oxytropis.pilosa,-0.0691823899371069,opth,1,False,mlp1,bce,msle
368,0.8406417112299466,0.040897450297601334,0.6363636363636364,0.7800904977375566,0.9953810623556582,0.8746829020801623,11.0,Papaver.rhoeas,0.4164541341011929,opth,1,False,mlp1,bce,msle
369,0.8959276018099548,0.07662540906213847,0.8181818181818182,0.8190045248868778,0.9977949283351709,0.8996023856858847,11.0,Paradisea.liliastrum,0.6371863430686959,opth,1,False,mlp1,bce,msle
370,0.8263763537906137,0.03287664970971498,0.75,0.805956678700361,0.9977653631284916,0.891662506240639,8.0,Parnassia.palustris,0.5559566787003609,opth,1,False,mlp1,bce,msle
371,0.8321321321321321,0.026349469833913598,0.6666666666666666,0.7261261261261261,0.9975247524752475,0.8404588112617309,6.0,Pastinaca.sativa,0.3927927927927928,opth,1,False,mlp1,bce,msle
372,0.9110512129380054,0.02648285928337079,0.6666666666666666,0.8409703504043127,0.9989327641408752,0.9131707317073171,3.0,Pedicularis.foliosa,0.5076370170709792,opth,1,False,mlp1,bce,msle
373,0.8931989063568011,0.25300509407094446,0.7105263157894737,0.8747680890538033,0.9884696016771488,0.9281496062992126,38.0,Pedicularis.gyroflexa,0.5852944048432769,opth,1,False,mlp1,bce,msle
374,0.8873037439613526,0.15033635865615272,0.8333333333333334,0.7880434782608695,0.9977064220183486,0.8805668016194332,12.0,Pedicularis.tuberosa,0.6213768115942029,opth,1,False,mlp1,bce,msle
375,0.7933999394489858,0.1120603545609226,0.5333333333333333,0.776566757493188,0.9918793503480279,0.8711156393275599,15.0,Pedicularis.verticillata,0.30990009082652126,opth,1,False,mlp1,bce,msle
376,0.9352863792754504,0.30974483621209653,0.8333333333333334,0.8351548269581056,0.9967391304347826,0.908820614469772,18.0,Petrorhagia.prolifera,0.668488160291439,opth,1,False,mlp1,bce,msle
377,0.9144985205591266,0.21841693887233019,0.7407407407407407,0.8668503213957759,0.9926393270241851,0.9254901960784314,27.0,Petrorhagia.saxifraga,0.6075910621365166,opth,1,False,mlp1,bce,msle
378,0.861166225749559,0.4244813589793238,0.6759259259259259,0.8472222222222222,0.9606299212598425,0.9003690036900369,108.0,Phleum.alpinum,0.5231481481481481,opth,1,False,mlp1,bce,msle
379,0.8697214734950584,0.020297457736482127,0.6666666666666666,0.8688230008984726,0.9989669421487604,0.9293608841902932,3.0,Phleum.hirsutum,0.5354896675651393,opth,1,False,mlp1,bce,msle
380,0.9023711395386179,0.27847596488561527,0.8235294117647058,0.7707006369426752,0.9964705882352941,0.8691636736788096,17.0,Phleum.phleoides,0.594230048707381,opth,1,False,mlp1,bce,msle
381,0.8916590284142988,0.12251029105567228,0.76,0.84967919340055,0.9935691318327974,0.91600790513834,25.0,Phyteuma.betonicifolium,0.6096791934005501,opth,1,False,mlp1,bce,msle
382,0.9127272727272727,0.1481272287868776,0.875,0.7336363636363636,0.9975278121137207,0.8454688318491357,16.0,Phyteuma.hemisphaericum,0.6086363636363636,opth,1,False,mlp1,bce,msle
383,0.8454391510498984,0.2741905482548172,0.7325581395348837,0.7932038834951456,0.9726190476190476,0.8737967914438503,86.0,Phyteuma.orbiculare,0.5257620230300293,opth,1,False,mlp1,bce,msle
384,0.7045863309352518,0.010941794362906288,0.75,0.6007194244604317,0.9985052316890882,0.7501403705783268,4.0,Phyteuma.ovatum,0.3507194244604317,opth,1,False,mlp1,bce,msle
385,0.889799635701275,0.2191262052095511,0.6666666666666666,0.9280510018214936,0.9941463414634146,0.9599623174752708,18.0,Phyteuma.spicatum,0.5947176684881601,opth,1,False,mlp1,bce,msle
386,0.8779437029205762,0.2923659202201186,0.9428571428571428,0.6512488436632747,0.9971671388101983,0.7879127028539452,35.0,Picris.hieracioides,0.5941059865204177,opth,1,False,mlp1,bce,msle
387,0.8640491452991453,0.15348306641344145,0.75,0.8305860805860806,0.9934282584884995,0.9047381546134663,24.0,Pimpinella.major,0.5805860805860807,opth,1,False,mlp1,bce,msle
388,0.7785322188856799,0.12469907768406095,0.6326530612244898,0.7160262417994376,0.9769820971867008,0.826392644672796,49.0,Pimpinella.saxifraga,0.34867930302392747,opth,1,False,mlp1,bce,msle
389,0.9083240843507214,0.6407446947384758,0.9441860465116279,0.7624861265260822,0.9828326180257511,0.85875,215.0,Plantago.alpina,0.7066721730377101,opth,1,False,mlp1,bce,msle
390,0.8549723756906077,0.11480489399619923,0.8333333333333334,0.7412523020257827,0.9938271604938271,0.8491561181434599,30.0,Plantago.atrata,0.5745856353591161,opth,1,False,mlp1,bce,msle
391,0.8910571907718042,0.6977210771184457,0.8466898954703833,0.7768395657418576,0.936046511627907,0.8490441661173368,287.0,Plantago.lanceolata,0.6235294612122408,opth,1,False,mlp1,bce,msle
392,0.7645718007163791,0.08487021234396241,0.9459459459459459,0.5199258572752549,0.9964476021314387,0.6833130328867235,37.0,Plantago.major,0.4658718032212008,opth,1,False,mlp1,bce,msle
393,0.8257535021932927,0.45764696339823685,0.6596858638743456,0.8021621621621622,0.919454770755886,0.8568129330254042,191.0,Plantago.media,0.4618480260365079,opth,1,False,mlp1,bce,msle
394,0.7994505494505495,0.2898414944710633,0.5961538461538461,0.806390977443609,0.9761092150170648,0.883170355120947,52.0,Plantago.maritima,0.40254482359745514,opth,1,False,mlp1,bce,msle
395,0.6122412241224122,0.007639924028978449,0.4,0.6993699369936993,0.9961538461538462,0.8217874140666314,5.0,Platanthera.bifolia,0.09936993699369934,opth,1,False,mlp1,bce,msle
396,0.9084358837167825,0.7222056006424749,0.8888888888888888,0.7915106117353309,0.9476831091180867,0.8625850340136054,315.0,Poa.alpina,0.6803995006242198,opth,1,False,mlp1,bce,msle
397,0.7304406474820144,0.013314988599581669,0.25,0.9451438848920863,0.9971537001897534,0.9704524469067405,4.0,Poa.annua,0.19514388489208634,opth,1,False,mlp1,bce,msle
398,0.8098126862494679,0.17349620483858624,0.7083333333333334,0.7787356321839081,0.9748201438848921,0.865814696485623,72.0,Poa.bulbosa,0.48706896551724155,opth,1,False,mlp1,bce,msle
399,0.8938848920863309,0.021608842293587803,0.25,0.9262589928057554,0.9970958373668926,0.9603729603729604,4.0,Poa.cenisia,0.1762589928057554,opth,1,False,mlp1,bce,msle
400,0.90625,0.16661448391376077,0.85,0.8448905109489051,0.9967707212055974,0.9145679012345679,20.0,Poa.chaixii,0.694890510948905,opth,1,False,mlp1,bce,msle
401,0.7256525652565257,0.010873755415510545,0.6,0.7002700270027002,0.9974358974358974,0.8228450555261766,5.0,Poa.compressa,0.30027002700270033,opth,1,False,mlp1,bce,msle
402,0.9526552655265527,0.08240854160742378,0.6,0.9270927092709271,0.998062015503876,0.9612692487167522,5.0,Poa.nemoralis,0.527092709270927,opth,1,False,mlp1,bce,msle
403,0.8061054994388328,0.4592024301232539,0.7422222222222222,0.7081930415263749,0.9158200290275762,0.7987341772151899,225.0,Poa.pratensis,0.4504152637485972,opth,1,False,mlp1,bce,msle
404,0.8096101541251133,0.055728095037480906,0.38461538461538464,0.8721668177697189,0.9917525773195877,0.9281234925229137,13.0,Poa.supina,0.25678220238510363,opth,1,False,mlp1,bce,msle
405,0.7940660006055101,0.03297774957283886,0.7333333333333333,0.7811080835603996,0.9953703703703703,0.8753180661577609,15.0,Polygala.alpestris,0.514441416893733,opth,1,False,mlp1,bce,msle
406,0.6931205035971223,0.009570957024147179,0.25,0.810251798561151,0.9966814159292036,0.8938492063492064,4.0,Polygala.amarella,0.06025179856115104,opth,1,False,mlp1,bce,msle
407,0.8353174603174603,0.2001655291204549,0.625,0.8214285714285714,0.9900662251655629,0.8978978978978979,24.0,Polygala.comosa,0.4464285714285714,opth,1,False,mlp1,bce,msle
408,0.7426358363858363,0.07889401880708037,0.7083333333333334,0.6318681318681318,0.9899569583931134,0.7713806595863612,24.0,Polygala.vulgaris,0.3402014652014653,opth,1,False,mlp1,bce,msle
409,0.3302607913669065,0.0032865974728681557,0.0,0.9532374100719424,0.9962406015037594,0.9742647058823529,4.0,Polygonum.aviculare,-0.046762589928057596,opth,1,False,mlp1,bce,msle
410,0.8760469272006837,0.47757239277804026,0.7868852459016393,0.818957345971564,0.9851767388825542,0.8944099378881988,61.0,Polygonum.bistorta,0.6058425918732033,opth,1,False,mlp1,bce,msle
411,0.8625778047669651,0.46802951368485174,0.8514285714285714,0.7268862911795961,0.9633802816901409,0.8285887341005451,175.0,Polygonum.viviparum,0.5783148626081676,opth,1,False,mlp1,bce,msle
412,0.73943345323741,0.015413808668908093,0.25,0.7814748201438849,0.9965596330275229,0.876008064516129,4.0,Polystichum.lonchitis,0.03147482014388503,opth,1,False,mlp1,bce,msle
413,0.8645292511909223,0.25506994397001037,0.5294117647058824,0.8680618744313012,0.9916839916839917,0.925764192139738,17.0,Potentilla.argentea,0.3974736391371836,opth,1,False,mlp1,bce,msle
414,0.8896139083314517,0.34663883554704616,0.7906976744186046,0.8252427184466019,0.9792626728110599,0.8956796628029505,86.0,Potentilla.aurea,0.6159403928652065,opth,1,False,mlp1,bce,msle
415,0.8451055049918894,0.4227714916986507,0.7908496732026143,0.7175493250259606,0.9557399723374828,0.8196915776986952,153.0,Potentilla.crantzii,0.508398998228575,opth,1,False,mlp1,bce,msle
416,0.8180350553505535,0.14432518629055355,0.75,0.7361623616236163,0.9900744416873449,0.8444444444444444,32.0,Potentilla.erecta,0.48616236162361615,opth,1,False,mlp1,bce,msle
417,0.836932915057915,0.21878953435919446,0.85,0.722007722007722,0.9842105263157894,0.8329621380846325,80.0,Potentilla.grandiflora,0.572007722007722,opth,1,False,mlp1,bce,msle
418,0.8337022868945843,0.32513687660456514,0.7009345794392523,0.8166501486620417,0.9626168224299065,0.8836461126005362,107.0,Potentilla.neumanniana,0.517584728101294,opth,1,False,mlp1,bce,msle
419,0.91528656027301,0.17824515178584788,0.7777777777777778,0.8690153568202349,0.9979253112033195,0.9290197971994205,9.0,Potentilla.pusilla,0.6467931345980127,opth,1,False,mlp1,bce,msle
420,0.7293572072652325,0.15640575253275513,0.42857142857142855,0.8458070333633905,0.9957537154989384,0.9146757679180887,7.0,Potentilla.recta,0.2743784619348191,opth,1,False,mlp1,bce,msle
421,0.8724333485431197,0.2155252323754301,0.8793103448275862,0.7107750472589792,0.9907773386034255,0.8277380297193175,58.0,Potentilla.reptans,0.5900853920865654,opth,1,False,mlp1,bce,msle
422,0.7774280575539569,0.016101490900898296,0.75,0.7275179856115108,0.9987654320987654,0.841831425598335,4.0,Potentilla.rupestris,0.4775179856115108,opth,1,False,mlp1,bce,msle
423,0.8529559369667771,0.09401024951757987,0.6666666666666666,0.8030713640469738,0.9966367713004485,0.8894447223611806,9.0,Potentilla.thuringiaca,0.4697380307136405,opth,1,False,mlp1,bce,msle
424,0.8846499102333931,0.014943418125544056,1.0,0.7836624775583483,1.0,0.8787116255661802,2.0,Primula.elatior,0.7836624775583483,opth,1,False,mlp1,bce,msle
425,0.8431018935978359,0.0563924039744477,0.8571428571428571,0.6988277727682597,0.9987113402061856,0.8222811671087533,7.0,Primula.farinosa,0.5559706299111169,opth,1,False,mlp1,bce,msle
426,0.7656117656117656,0.2569481464691167,0.5213675213675214,0.7877877877877878,0.933570581257414,0.8545059717698155,117.0,Primula.veris,0.3091553091553092,opth,1,False,mlp1,bce,msle
427,0.8673660547021356,0.09029600861557414,0.5882352941176471,0.8662420382165605,0.9927007299270073,0.9251700680272109,17.0,Prunella.grandiflora,0.4544773323342075,opth,1,False,mlp1,bce,msle
428,0.8320255474452556,0.15913413934211817,0.55,0.7974452554744526,0.9898074745186863,0.8832743810005053,20.0,Prunella.laciniata,0.3474452554744527,opth,1,False,mlp1,bce,msle
429,0.7789604537331987,0.19276154398781978,0.5901639344262295,0.6947867298578199,0.9670184696569921,0.8086045228902372,61.0,Prunella.vulgaris,0.28495066428404936,opth,1,False,mlp1,bce,msle
430,0.8115025594700391,0.026999224331162086,0.0,0.997289972899729,0.9919137466307277,0.9945945945945946,9.0,Prunus.spinosa,-0.0027100271002710175,opth,1,False,mlp1,bce,msle
431,0.7984862246442628,0.07411055697269804,0.4,0.8428701180744778,0.9903948772678762,0.9106967615309126,15.0,Veronica.spicata,0.24287011807447767,opth,1,False,mlp1,bce,msle
432,0.8289565459998606,0.208295915522352,0.7407407407407407,0.7448210922787194,0.9826086956521739,0.8473486877343331,54.0,Pulsatilla.alpina,0.4855618330194602,opth,1,False,mlp1,bce,msle
433,0.9789048473967684,0.06066176470588235,1.0,0.8635547576301615,1.0,0.9267822736030829,2.0,Pulsatilla.halleri,0.8635547576301614,opth,1,False,mlp1,bce,msle
434,0.848519536019536,0.11007808071533023,0.75,0.7847985347985348,0.9930475086906141,0.8767263427109975,24.0,Pulsatilla.vernalis,0.5347985347985347,opth,1,False,mlp1,bce,msle
435,,-0.0,0.0,0.8933691756272402,1.0,0.9436819687647894,0.0,Ranunculus.aconitifolius,-0.10663082437275984,opth,1,False,mlp1,bce,msle
436,0.8481319127935669,0.4732371096584971,0.8486486486486486,0.7218045112781954,0.96,0.8240343347639485,185.0,Ranunculus.acris,0.5704531599268441,opth,1,False,mlp1,bce,msle
437,0.8537088800890338,0.4405460203559463,0.845679012345679,0.6939203354297694,0.9636098981077147,0.8068251066422912,162.0,Ranunculus.bulbosus,0.5395993477754484,opth,1,False,mlp1,bce,msle
438,0.9103603603603604,0.03205389475093938,1.0,0.8405405405405405,1.0,0.9133627019089574,6.0,Ranunculus.glacialis,0.8405405405405406,opth,1,False,mlp1,bce,msle
439,0.852925292529253,0.021914689705367366,0.6,0.8685868586858686,0.9979317476732161,0.9287776708373436,5.0,Ranunculus.gramineus,0.4685868586858686,opth,1,False,mlp1,bce,msle
440,0.8338439475914217,0.1641374917818291,0.7586206896551724,0.7551984877126654,0.982779827798278,0.8540887226082309,58.0,Ranunculus.kuepferi,0.5138191773678378,opth,1,False,mlp1,bce,msle
441,0.7820768997880714,0.03878989555525501,0.6666666666666666,0.7756584922797457,0.9941792782305006,0.8714285714285714,15.0,Ranunculus.montanus,0.44232515894641233,opth,1,False,mlp1,bce,msle
442,0.6852639654090243,0.06503809334230415,0.46153846153846156,0.7642792384406165,0.991764705882353,0.8632872503840245,13.0,Ranunculus.serpens,0.22581769997907797,opth,1,False,mlp1,bce,msle
443,0.9169821203247387,0.4980318133783256,0.8974358974358975,0.8087279480037141,0.9954285714285714,0.8924180327868853,39.0,Ranunculus.repens,0.7061638454396115,opth,1,False,mlp1,bce,msle
444,0.8487432675044884,0.009269865512706293,0.5,0.8204667863554758,0.9989071038251366,0.9009364218827008,2.0,Reseda.lutea,0.32046678635547576,opth,1,False,mlp1,bce,msle
445,0.847307497634295,0.5230311690789008,0.7878787878787878,0.7483660130718954,0.9423868312757202,0.8342440801457195,198.0,Rhinanthus.alectorolophus,0.5362448009506833,opth,1,False,mlp1,bce,msle
446,0.8127627627627627,0.015651309303758514,0.8333333333333334,0.7468468468468469,0.9987951807228915,0.8546391752577319,6.0,Rhinanthus.glacialis,0.5801801801801802,opth,1,False,mlp1,bce,msle
447,0.7456023603739397,0.10359288064677569,0.559322033898305,0.7672658467360454,0.9689366786140979,0.856388595564942,59.0,Rhinanthus.minor,0.3265878806343503,opth,1,False,mlp1,bce,msle
448,0.8112612612612613,0.03067741360351818,0.16666666666666666,0.9801801801801802,0.9954254345837146,0.9877439854743532,6.0,Rhododendron.ferrugineum,0.1468468468468469,opth,1,False,mlp1,bce,msle
449,0.8654673102237823,0.5230355511223288,0.8744186046511628,0.7413984461709212,0.9611510791366906,0.8370927318295739,215.0,Rumex.acetosa,0.6158170508220842,opth,1,False,mlp1,bce,msle
450,0.7751356238698012,0.11249371664157182,0.8,0.6880650994575045,0.9973787680209698,0.8143392188336008,10.0,Rumex.acetosella,0.48806509945750465,opth,1,False,mlp1,bce,msle
451,0.8912190650779102,0.1453825920061739,0.88,0.7204399633363886,0.9961977186311787,0.8361702127659575,25.0,Rumex.crispus,0.6004399633363886,opth,1,False,mlp1,bce,msle
452,0.8859915314043755,0.11999069745306223,0.8076923076923077,0.8229357798165138,0.9944567627494457,0.9006024096385542,26.0,Rumex.obtusifolius,0.6306280875088215,opth,1,False,mlp1,bce,msle
453,0.6532268452917687,0.010414474223962359,0.0,0.9287646528403968,0.9932497589199615,0.9599254426840633,7.0,Rumex.scutatus,-0.07123534715960322,opth,1,False,mlp1,bce,msle
454,0.9433046804837938,0.5134744847915831,0.927710843373494,0.8576960309777347,0.9932735426008968,0.9205194805194805,83.0,Salix.herbacea,0.7854068743512288,opth,1,False,mlp1,bce,msle
455,0.8535239648802956,0.10008463617509214,0.3684210526315789,0.9225159525979946,0.98828125,0.9542668552569543,19.0,Salix.reticulata,0.29093700522957344,opth,1,False,mlp1,bce,msle
456,0.8679059734162358,0.1589745694869834,0.6551724137931034,0.8049678012879485,0.9887005649717514,0.8874239350912779,29.0,Salix.retusa,0.4601402150810521,opth,1,False,mlp1,bce,msle
457,0.912247901666733,0.23780986992628012,0.7391304347826086,0.8664226898444648,0.993704092339979,0.9257086999022482,23.0,Salix.serpyllifolia,0.6055531246270736,opth,1,False,mlp1,bce,msle
458,0.8782954340138864,0.548660373122039,0.8744186046511628,0.7647058823529411,0.9622905027932961,0.852195423623995,215.0,Salvia.pratensis,0.639124487004104,opth,1,False,mlp1,bce,msle
459,0.8347217106831033,0.4460169085134354,0.8366336633663366,0.7013129102844639,0.9510385756676558,0.8073047858942065,202.0,Sanguisorba.minor,0.5379465736508005,opth,1,False,mlp1,bce,msle
460,0.9004562043795621,0.20940161415752026,0.9,0.8065693430656934,0.9977426636568849,0.8920282542885973,20.0,Sanguisorba.officinalis,0.7065693430656934,opth,1,False,mlp1,bce,msle
461,0.8587084148727984,0.13851475307237385,0.7619047619047619,0.7844748858447489,0.9942129629629629,0.8769780500255232,21.0,Saponaria.ocymoides,0.5463796477495109,opth,1,False,mlp1,bce,msle
462,0.8097385031559963,0.14187984002409773,0.5714285714285714,0.806131650135257,0.9966555183946488,0.8913260219341974,7.0,Saxifraga.aizoides,0.3775602215638285,opth,1,False,mlp1,bce,msle
463,0.8471127406049496,0.1778871808510836,0.44,0.8707607699358387,0.9854771784232366,0.9245742092457421,25.0,Saxifraga.granulata,0.3107607699358388,opth,1,False,mlp1,bce,msle
464,0.8612741900413133,0.1331919163115467,0.9047619047619048,0.7159817351598173,0.9974554707379135,0.8335991493886231,21.0,Saxifraga.oppositifolia,0.6207436399217221,opth,1,False,mlp1,bce,msle
465,0.8469836594152419,0.18831152763352646,0.7021276595744681,0.8026192703461179,0.9839449541284404,0.884080370942813,47.0,Saxifraga.paniculata,0.504746929920586,opth,1,False,mlp1,bce,msle
466,0.8591320072332731,0.1277824282008814,0.3,0.9746835443037974,0.9935483870967742,0.9840255591054313,10.0,Saxifraga.tridactylites,0.2746835443037974,opth,1,False,mlp1,bce,msle
467,0.7658612384430115,0.19019617594351199,0.6557377049180327,0.6938388625592417,0.9721115537848606,0.8097345132743363,61.0,Scabiosa.columbaria,0.3495765674772744,opth,1,False,mlp1,bce,msle
468,0.8580241624539455,0.23098079784166928,0.8181818181818182,0.764373232799246,0.9878197320341048,0.8618490967056323,55.0,Scabiosa.lucida,0.5825550509810642,opth,1,False,mlp1,bce,msle
469,0.7317731773177318,0.01104144024357806,0.4,0.7785778577857786,0.9965437788018433,0.8741788782213239,5.0,Scabiosa.triandra,0.17857785778577862,opth,1,False,mlp1,bce,msle
470,0.9897389738973897,0.3962765957446809,1.0,0.9387938793879388,1.0,0.968430826369545,5.0,Scorzonera.humilis,0.9387938793879389,opth,1,False,mlp1,bce,msle
471,0.8807075277663514,0.40098935091064086,0.6363636363636364,0.9312217194570136,0.9961277831558567,0.9625818521983162,11.0,Scorzonera.laciniata,0.5675853558206501,opth,1,False,mlp1,bce,msle
472,0.846526122823098,0.181980264899045,0.64,0.8084326306141155,0.98989898989899,0.8900100908173562,25.0,Scutellaria.alpina,0.44843263061411553,opth,1,False,mlp1,bce,msle
473,0.9013537022942263,0.21268276751943088,0.7352941176470589,0.8456561922365989,0.9902597402597403,0.9122632103688934,34.0,Securigera.varia,0.5809503098836579,opth,1,False,mlp1,bce,msle
474,0.8484692942254812,0.08039446769243017,0.68,0.7827681026581118,0.9907192575406032,0.8745519713261649,25.0,Sedum.acre,0.46276810265811186,opth,1,False,mlp1,bce,msle
475,0.8054182635126206,0.12263010902990486,0.6285714285714286,0.816836262719704,0.9854910714285714,0.8932726353060192,35.0,Sedum.album,0.44540769129113267,opth,1,False,mlp1,bce,msle
476,0.8440095672972385,0.1580563921625328,0.38095238095238093,0.8575342465753425,0.9863445378151261,0.9174401563263312,21.0,Sedum.atratum,0.23848662752772354,opth,1,False,mlp1,bce,msle
477,0.7780113636363637,0.04501715946199765,0.375,0.850909090909091,0.9894291754756871,0.9149560117302052,16.0,Sedum.montanum,0.22590909090909106,opth,1,False,mlp1,bce,msle
478,0.835003035822708,0.08288739956959305,0.8333333333333334,0.7176684881602914,0.9962073324905183,0.8343038644785601,18.0,Sedum.rupestre,0.5510018214936248,opth,1,False,mlp1,bce,msle
479,0.844097079391197,0.08084281838037279,0.8181818181818182,0.7248868778280543,0.9975093399750934,0.839622641509434,11.0,Sedum.sexangulare,0.5430686960098725,opth,1,False,mlp1,bce,msle
480,0.8374205267938238,0.12606179162717826,0.6666666666666666,0.8664850136239782,0.9947862356621481,0.9262135922330097,15.0,Selaginella.selaginoides,0.5331516802906449,opth,1,False,mlp1,bce,msle
481,0.8474651834239131,0.29456886171016583,0.7391304347826086,0.7900390625,0.9711884753901561,0.8712977921378567,92.0,Sempervivum.arachnoideum,0.5291694972826086,opth,1,False,mlp1,bce,msle
482,0.8931539713820581,0.3208895246437806,0.8,0.8133836003770029,0.9874141876430206,0.8919896640826873,55.0,Sempervivum.montanum,0.613383600377003,opth,1,False,mlp1,bce,msle
483,0.8939098611718843,0.17722234695297284,0.782608695652174,0.818847209515096,0.9944444444444445,0.8981435022579026,23.0,Sempervivum.tectorum,0.6014559051672701,opth,1,False,mlp1,bce,msle
484,0.8740632445310809,0.34664169967494923,0.7333333333333333,0.817738791423002,0.9721900347624566,0.8883006881948121,90.0,Senecio.doronicum,0.5510721247563353,opth,1,False,mlp1,bce,msle
485,0.8390588540316308,0.0433917139791746,0.5,0.8457350272232305,0.9925452609158679,0.9132778049975502,14.0,Senecio.erucifolius,0.34573502722323046,opth,1,False,mlp1,bce,msle
486,0.905878252788104,0.2170859502709536,0.925,0.7881040892193308,0.9964747356051704,0.8801245459263103,40.0,Senecio.incanus,0.713104089219331,opth,1,False,mlp1,bce,msle
487,0.9524540613155495,0.382101559524872,0.9473684210526315,0.8240656335460347,0.9988950276243094,0.903096903096903,19.0,Senecio.jacobaea,0.7714340545986662,opth,1,False,mlp1,bce,msle
488,0.778301129368945,0.08166852913435542,0.6470588235294118,0.6960873521383075,0.9922178988326849,0.8181818181818182,17.0,Serratula.tinctoria,0.34314617566771943,opth,1,False,mlp1,bce,msle
489,0.7576301615798923,0.006315888554216867,0.5,0.7989228007181328,0.9988776655443322,0.8877805486284289,2.0,Seseli.annuum,0.2989228007181328,opth,1,False,mlp1,bce,msle
490,0.8364359529812848,0.4319093661676373,0.7172413793103448,0.8043254376930999,0.9501216545012166,0.8711656441717791,145.0,Sesleria.caerulea,0.5215668170034449,opth,1,False,mlp1,bce,msle
491,0.9015887472171624,0.09100887293390443,0.6666666666666666,0.8934426229508197,0.993920972644377,0.9410071942446043,18.0,Sherardia.arvensis,0.5601092896174862,opth,1,False,mlp1,bce,msle
492,0.8325389668942419,0.05605443037542593,0.42857142857142855,0.8620378719567178,0.9958333333333333,0.9241179313678105,7.0,Sideritis.hyssopifolia,0.29060930052814626,opth,1,False,mlp1,bce,msle
493,0.9245798161460812,0.2577937067084312,0.8378378378378378,0.8572752548656163,0.9935553168635876,0.9203980099502488,37.0,Silaum.silaus,0.6951130927034541,opth,1,False,mlp1,bce,msle
494,0.8815804242900438,0.23931597793103565,0.8135593220338984,0.8070009460737938,0.9872685185185185,0.888079125455492,59.0,Silene.acaulis,0.6205602681076923,opth,1,False,mlp1,bce,msle
495,0.7989561377095252,0.049953635481824646,0.3333333333333333,0.9015356820234869,0.9940239043824701,0.945523448602558,9.0,Silene.dioica,0.23486901535682025,opth,1,False,mlp1,bce,msle
496,0.9464942226890756,0.23641602116666405,0.8928571428571429,0.8704044117647058,0.9968421052631579,0.929342492639843,28.0,Silene.flos.cuculi,0.7632615546218489,opth,1,False,mlp1,bce,msle
497,0.8516516516516517,0.02420743513239719,0.8333333333333334,0.7045045045045045,0.9987228607918263,0.8262017960908611,6.0,Silene.flos.jovis,0.5378378378378379,opth,1,False,mlp1,bce,msle
498,0.8414146836046997,0.26440567935444015,0.7283950617283951,0.7971014492753623,0.974025974025974,0.8767268862911796,81.0,Silene.nutans,0.5254965110037575,opth,1,False,mlp1,bce,msle
499,0.9394216386903773,0.26924115743758764,0.9090909090909091,0.8043875685557587,0.9977324263038548,0.8906882591093117,22.0,Silene.otites,0.7134784776466678,opth,1,False,mlp1,bce,msle
500,0.8602211191335739,0.06432828256842976,0.25,0.9503610108303249,0.9943342776203966,0.9718504845408399,8.0,Silene.rupestris,0.20036101083032487,opth,1,False,mlp1,bce,msle
501,0.7982107355864811,0.31284214485376743,0.6818181818181818,0.7395626242544732,0.9550706033376123,0.8336134453781513,110.0,Silene.vulgaris,0.42138080607265493,opth,1,False,mlp1,bce,msle
502,0.6217430368373765,0.004726905202024397,0.0,0.9227313566936208,0.9970873786407767,0.9584694353709753,3.0,Sinapis.arvensis,-0.07726864330637917,opth,1,False,mlp1,bce,msle
503,0.8377932681120566,0.27772679215490437,0.6391752577319587,0.8204121687929342,0.9598163030998852,0.8846560846560847,97.0,Soldanella.alpina,0.45958742652489293,opth,1,False,mlp1,bce,msle
504,0.9706299111168363,0.5177085297567225,0.7142857142857143,0.9404869251577999,0.9980861244019139,0.968430826369545,7.0,Solidago.gigantea,0.654772639443514,opth,1,False,mlp1,bce,msle
505,0.8293225123500353,0.10615234782071557,0.6538461538461539,0.8431192660550458,0.990301724137931,0.910802775024777,26.0,Solidago.virgaurea,0.4969654199011997,opth,1,False,mlp1,bce,msle
506,0.7717092963125025,0.07633224203775087,0.782608695652174,0.6294602012808783,0.9927849927849928,0.7704367301231803,23.0,Stachys.officinalis,0.4120688969330524,opth,1,False,mlp1,bce,msle
507,0.8043996333638863,0.13700659461278028,0.56,0.8331805682859762,0.9880434782608696,0.904027846842367,25.0,Stachys.pradica,0.39318056828597614,opth,1,False,mlp1,bce,msle
508,0.8662725814326568,0.22499671674151334,0.7037037037037037,0.8455743879472694,0.9824945295404814,0.9089068825910931,54.0,Stachys.recta,0.5492780916509732,opth,1,False,mlp1,bce,msle
509,0.8952876467964916,0.35444430058078374,0.8387096774193549,0.744700460829493,0.993849938499385,0.8514225500526871,31.0,Stellaria.graminea,0.5834101382488479,opth,1,False,mlp1,bce,msle
510,0.9356949458483755,0.10719724385184005,0.875,0.8745487364620939,0.9989690721649485,0.9326275264677575,8.0,Stipa.capillata,0.7495487364620939,opth,1,False,mlp1,bce,msle
511,0.8501821493624772,0.18341864537935113,0.6666666666666666,0.9061930783242259,0.994005994005994,0.9480705097665555,18.0,Stipa.eriocaulis,0.5728597449908925,opth,1,False,mlp1,bce,msle
512,0.8547342503880533,0.1736977414738382,0.7058823529411765,0.8462238398544131,0.9946524064171123,0.9144542772861357,17.0,Succisa.pratensis,0.5521061927955895,opth,1,False,mlp1,bce,msle
513,0.8734205776173285,0.41391682375425165,0.625,0.8826714801444043,0.9969418960244648,0.9363331737673528,8.0,Symphytum.officinale,0.5076714801444044,opth,1,False,mlp1,bce,msle
514,0.8988220151655055,0.17170216043619013,0.9090909090909091,0.8079409048938134,0.9965831435079726,0.8924018357980622,33.0,Taraxacum.alpinum,0.7170318139847225,opth,1,False,mlp1,bce,msle
515,0.8364817808730256,0.4711977763176392,0.8352941176470589,0.6913319238900634,0.9589442815249267,0.8034398034398035,170.0,Taraxacum.officinale,0.5266260415371222,opth,1,False,mlp1,bce,msle
516,0.6828391734052112,0.005853597958861117,0.0,0.9011680143755616,0.9970178926441352,0.9466729589428976,3.0,Tephroseris.integrifolia,-0.0988319856244384,opth,1,False,mlp1,bce,msle
517,0.9174147217235189,0.5053763440860215,0.5,0.9138240574506283,0.9990186457311089,0.9545241443975622,2.0,Teucrium.botrys,0.4138240574506282,opth,1,False,mlp1,bce,msle
518,0.902790770912257,0.4951179335876099,0.794392523364486,0.846382556987116,0.9748858447488584,0.9061007957559681,107.0,Teucrium.chamaedrys,0.6407750803516019,opth,1,False,mlp1,bce,msle
519,0.8535493827160494,0.1972997542233527,0.6666666666666666,0.85,0.9870967741935484,0.9134328358208955,36.0,Teucrium.montanum,0.5166666666666666,opth,1,False,mlp1,bce,msle
520,0.8754275427542754,0.024685370004793126,1.0,0.7470747074707471,1.0,0.8552292632663575,5.0,Thalictrum.alpinum,0.7470747074707471,opth,1,False,mlp1,bce,msle
521,0.9445941898772087,0.07650533969552374,1.0,0.7232704402515723,1.0,0.8394160583941606,3.0,Thalictrum.aquilegiifolium,0.7232704402515724,opth,1,False,mlp1,bce,msle
522,0.8492212171492801,0.09362282251143235,0.6470588235294118,0.8444040036396724,0.9935760171306209,0.9129365469749139,17.0,Thalictrum.minus,0.4914628271690842,opth,1,False,mlp1,bce,msle
523,0.9847533632286996,0.05555555555555555,1.0,0.5982062780269058,1.0,0.7485970819304153,1.0,Thalictrum.simplex,0.5982062780269057,opth,1,False,mlp1,bce,msle
524,0.7691544566544567,0.07927625295667567,0.375,0.8525641025641025,0.9841437632135307,0.9136408243375859,24.0,Thesium.alpinum,0.22756410256410264,opth,1,False,mlp1,bce,msle
525,0.8478369968884873,0.03910506063204954,0.8888888888888888,0.7741644083107497,0.9988344988344988,0.872264631043257,9.0,Thesium.linophyllon,0.6630532971996386,opth,1,False,mlp1,bce,msle
526,0.7261368027824294,0.16693878310724664,0.5714285714285714,0.7348963029756538,0.9963325183374083,0.8458744161909704,7.0,Thesium.pyrenaicum,0.30632487440422507,opth,1,False,mlp1,bce,msle
527,0.7612208258527827,0.005532212885154061,0.0,0.9622980251346499,0.9981378026070763,0.979890310786106,2.0,Tofieldia.calyculata,-0.037701974865350096,opth,1,False,mlp1,bce,msle
528,0.7744565217391304,0.02713285401983071,0.16666666666666666,0.8804347826086957,0.9898167006109979,0.9319271332694151,12.0,Tragopogon.dubius,0.047101449275362306,opth,1,False,mlp1,bce,msle
529,0.837312455814197,0.5131611832564057,0.7914691943127962,0.7392265193370166,0.938288920056101,0.826946847960445,211.0,Tragopogon.pratensis,0.5306957136498127,opth,1,False,mlp1,bce,msle
530,0.866875,0.13822484364906326,0.75,0.8309090909090909,0.9956427015250545,0.9058473736372646,16.0,Traunsteinera.globosa,0.580909090909091,opth,1,False,mlp1,bce,msle
531,0.8311372037399434,0.10126310465448621,0.6190476190476191,0.828310502283105,0.9912568306010929,0.9024875621890547,21.0,Trifolium.alpestre,0.44735812133072406,opth,1,False,mlp1,bce,msle
532,0.851243264481365,0.3062015660485393,0.8235294117647058,0.7347328244274809,0.9846547314578005,0.8415300546448088,68.0,Trifolium.alpinum,0.5582622361921867,opth,1,False,mlp1,bce,msle
533,0.8695731153496822,0.1932254613358192,0.8666666666666667,0.7538601271571299,0.9975961538461539,0.8587687532333161,15.0,Trifolium.arvense,0.6205267938237966,opth,1,False,mlp1,bce,msle
534,0.958955895589559,0.4169255581020287,1.0,0.6597659765976598,1.0,0.7950108459869848,5.0,Trifolium.aureum,0.6597659765976598,opth,1,False,mlp1,bce,msle
535,0.8337392111061411,0.22461462462801157,0.6666666666666666,0.8224740321057602,0.9786516853932584,0.8937916880451514,57.0,Trifolium.badium,0.48914069877242694,opth,1,False,mlp1,bce,msle
536,0.8769388390309696,0.3124719854223215,0.6621621621621622,0.8416506717850288,0.9722838137472284,0.9022633744855967,74.0,Trifolium.campestre,0.503812833947191,opth,1,False,mlp1,bce,msle
537,0.9145318930041151,0.22524786539427402,0.8611111111111112,0.812962962962963,0.9943374858437146,0.8945491594498217,36.0,Trifolium.dubium,0.674074074074074,opth,1,False,mlp1,bce,msle
538,0.7688123300090661,0.0656922396154394,0.7692307692307693,0.6600181323662738,0.9958960328317373,0.7938931297709924,13.0,Trifolium.medium,0.4292489015970431,opth,1,False,mlp1,bce,msle
539,0.7735154912557485,0.3300821723058975,0.6,0.7741935483870968,0.9230769230769231,0.8421052631578947,155.0,Trifolium.montanum,0.3741935483870966,opth,1,False,mlp1,bce,msle
540,0.7506102238649837,0.02596808123128372,0.3076923076923077,0.814143245693563,0.9900771775082691,0.8935323383084577,13.0,Trifolium.ochroleucon,0.12183555338587082,opth,1,False,mlp1,bce,msle
541,0.7822029797033289,0.700191388029464,0.7054108216432866,0.7179902755267423,0.7508474576271187,0.7340513670256835,499.0,Trifolium.pratense,0.42340109717002905,opth,1,False,mlp1,bce,msle
542,0.7756765749778172,0.36399717556808564,0.7602040816326531,0.6597826086956522,0.9281345565749235,0.7712833545108005,196.0,Trifolium.repens,0.4199866903283054,opth,1,False,mlp1,bce,msle
543,0.8237794667010176,0.07088353458284748,0.8571428571428571,0.5500450856627592,0.9983633387888707,0.7093023255813954,7.0,Trifolium.rubens,0.4071879428056162,opth,1,False,mlp1,bce,msle
544,0.9512012012012012,0.38334872399858977,0.8333333333333334,0.9018018018018018,0.999001996007984,0.9479166666666666,6.0,Trifolium.scabrum,0.7351351351351352,opth,1,False,mlp1,bce,msle
545,0.895945945945946,0.19351096269545465,0.8333333333333334,0.7873873873873873,0.9988571428571429,0.8806045340050378,6.0,Trifolium.striatum,0.6207207207207208,opth,1,False,mlp1,bce,msle
546,0.8776431774833754,0.3378784105770415,0.7789473684210526,0.8168462291870715,0.9754385964912281,0.8891257995735607,95.0,Trifolium.thalii,0.5957935976081241,opth,1,False,mlp1,bce,msle
547,0.9267657992565056,0.35978385994889356,0.775,0.9172862453531598,0.9909638554216867,0.9527027027027027,40.0,Trinia.glauca,0.6922862453531597,opth,1,False,mlp1,bce,msle
548,0.9513513513513514,0.06921721940001327,1.0,0.7702702702702703,1.0,0.8702290076335878,6.0,Trisetum.distichophyllum,0.7702702702702702,opth,1,False,mlp1,bce,msle
549,0.8240942028985506,0.5863313638945006,0.7427536231884058,0.7476190476190476,0.8984263233190272,0.816114359974009,276.0,Trisetum.flavescens,0.4903726708074534,opth,1,False,mlp1,bce,msle
550,0.8712958494208494,0.32706866245694133,0.825,0.8137065637065637,0.9836639439906651,0.8906497622820919,80.0,Trollius.europaeus,0.6387065637065636,opth,1,False,mlp1,bce,msle
551,,-0.0,0.0,0.7992831541218638,1.0,0.8884462151394422,0.0,Turritis.glabra,-0.2007168458781362,opth,1,False,mlp1,bce,msle
552,0.6012658227848102,0.013570791522651744,0.2,0.8670886075949367,0.9917269906928645,0.9252291365171249,10.0,Tussilago.farfara,0.06708860759493662,opth,1,False,mlp1,bce,msle
553,0.5776664642784861,0.021938920293661946,0.1111111111111111,0.900728597449909,0.9840796019900497,0.9405611031859249,18.0,Urtica.dioica,0.011839708561020013,opth,1,False,mlp1,bce,msle
554,0.8579648014440433,0.13653910562062838,0.625,0.8212996389891697,0.9967141292442497,0.9005442850074221,8.0,Valeriana.dioica,0.4462996389891698,opth,1,False,mlp1,bce,msle
555,0.8414100241545894,0.06860811868334443,0.6666666666666666,0.7952898550724637,0.9954648526077098,0.8841893252769386,12.0,Valeriana.montana,0.4619565217391304,opth,1,False,mlp1,bce,msle
556,0.8566644922809308,0.0977036468512033,0.7142857142857143,0.7981735159817351,0.9931818181818182,0.8850632911392405,21.0,Valeriana.officinalis,0.5124592302674493,opth,1,False,mlp1,bce,msle
557,0.8994272868383022,0.26407928499622796,0.7647058823529411,0.8434940855323021,0.9957035445757251,0.9133004926108375,17.0,Valerianella.dentata,0.6081999678852432,opth,1,False,mlp1,bce,msle
558,0.8621242764488458,0.07230018174684177,0.6153846153846154,0.8522212148685403,0.9947089947089947,0.91796875,13.0,Valerianella.locusta,0.46760583025315583,opth,1,False,mlp1,bce,msle
559,0.8454452848999762,0.2022668401744815,0.4883720930232558,0.934762348555452,0.9785365853658536,0.9561487130600572,43.0,Veratrum.album,0.42313444157870794,opth,1,False,mlp1,bce,msle
560,0.8585635359116023,0.16016664268338585,0.7666666666666667,0.8305709023941068,0.9922992299229924,0.9042606516290727,30.0,Verbascum.lychnitis,0.5972375690607734,opth,1,False,mlp1,bce,msle
561,0.8411696509081541,0.023564173239467523,0.7142857142857143,0.7853922452660054,0.997709049255441,0.8789101917255298,7.0,Verbascum.nigrum,0.49967795955171956,opth,1,False,mlp1,bce,msle
562,0.7015015015015015,0.010235321841839212,0.5,0.7693693693693694,0.9964994165694282,0.8683274021352313,6.0,Verbascum.thapsus,0.2693693693693695,opth,1,False,mlp1,bce,msle
563,0.8246402877697842,0.016374153390429285,0.75,0.7266187050359713,0.9987639060568603,0.8412285268089537,4.0,Verbena.officinalis,0.47661870503597115,opth,1,False,mlp1,bce,msle
564,0.9000652315720808,0.14022822498232126,0.6666666666666666,0.8410958904109589,0.9924568965517241,0.9105289174493326,21.0,Veronica.aphylla,0.5077625570776254,opth,1,False,mlp1,bce,msle
565,0.8257750174010816,0.38541001623675786,0.7744360902255639,0.7222787385554426,0.9594594594594594,0.824143934997098,133.0,Veronica.arvensis,0.49671482878100637,opth,1,False,mlp1,bce,msle
566,0.8759801660516604,0.1798451177534658,0.375,0.9418819188191881,0.9807877041306436,0.9609411764705882,32.0,Veronica.bellidioides,0.31688191881918826,opth,1,False,mlp1,bce,msle
567,0.8269559062330849,0.28977524104336166,0.7127659574468085,0.7426614481409002,0.9656488549618321,0.8396017699115044,94.0,Veronica.chamaedrys,0.45542740558770856,opth,1,False,mlp1,bce,msle
568,0.8227522020940669,0.06349191833750067,0.5909090909090909,0.7806215722120659,0.9895712630359212,0.8727644353602453,22.0,Veronica.fruticans,0.3715306631211568,opth,1,False,mlp1,bce,msle
569,0.6804432464809823,0.006385891229898926,0.6666666666666666,0.7205750224618149,0.9987546699875467,0.837160751565762,3.0,Veronica.fruticulosa,0.38724168912848156,opth,1,False,mlp1,bce,msle
570,0.8322765700483092,0.05173048363709212,0.75,0.782608695652174,0.9965397923875432,0.8767123287671232,12.0,Veronica.officinalis,0.5326086956521738,opth,1,False,mlp1,bce,msle
571,0.8375568181818182,0.0558953391403609,0.75,0.7790909090909091,0.9953542392566783,0.8740438551759306,16.0,Veronica.persica,0.5290909090909091,opth,1,False,mlp1,bce,msle
572,0.5701924839596699,0.033273045612730055,0.32,0.7818515123739689,0.9804597701149426,0.8699643039265681,25.0,Veronica.serpyllifolia,0.10185151237396894,opth,1,False,mlp1,bce,msle
573,0.8467671923333024,0.34350631202741394,0.8235294117647058,0.7362086258776329,0.9721854304635762,0.8378995433789954,119.0,Vicia.cracca,0.5597380376423389,opth,1,False,mlp1,bce,msle
574,0.9165617392764207,0.36536840184111996,0.6363636363636364,0.9168975069252078,0.9880597014925373,0.9511494252873564,33.0,Vicia.hirsuta,0.5532611432888441,opth,1,False,mlp1,bce,msle
575,0.7655324701395162,0.0366882625562075,0.2222222222222222,0.8943089430894309,0.9929789368104313,0.94106463878327,9.0,Vicia.onobrychioides,0.11653116531165297,opth,1,False,mlp1,bce,msle
576,0.8825463124105659,0.3689763322536828,0.6274509803921569,0.8895463510848126,0.9595744680851064,0.9232343909928352,102.0,Vicia.sativa,0.5169973314769694,opth,1,False,mlp1,bce,msle
577,0.8664825046040516,0.1686543269944352,0.5666666666666667,0.927255985267035,0.9872549019607844,0.956315289648623,30.0,Vicia.sepium,0.49392265193370166,opth,1,False,mlp1,bce,msle
578,0.708595387840671,0.006233601434963887,1.0,0.46451033243486073,1.0,0.6343558282208589,3.0,Vicia.tetrasperma,0.46451033243486073,opth,1,False,mlp1,bce,msle
579,0.7514466546112116,0.0889196982779896,0.4,0.8878842676311031,0.9939271255060729,0.9379178605539638,10.0,Vincetoxicum.hirundinaria,0.2878842676311031,opth,1,False,mlp1,bce,msle
580,0.82635579028726,0.027806807733735027,0.7142857142857143,0.7006311992786294,0.9974326059050064,0.823093220338983,7.0,Viola.arvensis,0.41491691356434357,opth,1,False,mlp1,bce,msle
581,1.0,1.0,1.0,0.9928251121076234,1.0,0.9963996399639964,1.0,Viola.biflora,0.9928251121076235,opth,1,False,mlp1,bce,msle
582,0.8675711527600836,0.28162780413930927,0.7534246575342466,0.8197507190795782,0.979381443298969,0.8924843423799582,73.0,Viola.calcarata,0.5731753766138248,opth,1,False,mlp1,bce,msle
583,0.7949367088607595,0.07269715327952689,0.4,0.85623869801085,0.993704092339979,0.9198640116561437,10.0,Viola.hirta,0.25623869801085,opth,1,False,mlp1,bce,msle
584,0.5971847858640311,0.005593499744349648,0.3333333333333333,0.5462713387241689,0.9967213114754099,0.705745792222867,3.0,Viola.rupestris,-0.12039532794249785,opth,1,False,mlp1,bce,msle
585,0.8134529147982063,0.004784688995215311,0.0,0.9165919282511211,0.9990224828934506,0.9560336763330215,1.0,Vulpia.myuros,-0.08340807174887888,opth,1,False,mlp1,bce,msle
586,0.80510112070076,0.02124599088124902,0.7142857142857143,0.7511271415689811,0.9976047904191617,0.8569958847736625,7.0,Athamanta.cretensis,0.4654128558546953,opth,1,False,mlp1,bce,msle
587,0.9173000128816179,0.08486899257579268,0.5714285714285714,0.9296663660955816,0.9970986460348162,0.9622025198320112,7.0,Bupleurum.baldense,0.5010949375241531,opth,1,False,mlp1,bce,msle
588,0.7931515447381269,0.05440994927520408,0.46153846153846156,0.9075249320036265,0.9930555555555556,0.9483657034580767,13.0,Imperatoria.ostruthium,0.36906339354208795,opth,1,False,mlp1,bce,msle
589,0.8736322501028383,0.0643051722589426,0.8181818181818182,0.8497737556561086,0.997874601487779,0.9178885630498533,11.0,Laserpitium.gallicum,0.6679555738379268,opth,1,False,mlp1,bce,msle
590,0.9895081227436824,0.46667017458348103,1.0,0.9729241877256317,1.0,0.9862763037511436,8.0,Oenanthe.silaifolia,0.9729241877256318,opth,1,False,mlp1,bce,msle
591,0.9779385171790235,0.19788611655316463,1.0,0.8734177215189873,1.0,0.9324324324324325,10.0,Seseli.galloprovinciale,0.8734177215189873,opth,1,False,mlp1,bce,msle
592,0.8929856115107914,0.022003079056734164,0.0,0.9532374100719424,0.9962406015037594,0.9742647058823529,4.0,Torilis.leptophylla,-0.046762589928057596,opth,1,False,mlp1,bce,msle
593,0.9801444043321299,0.2842935303181742,1.0,0.9503610108303249,1.0,0.974548819990745,8.0,Achillea.ptarmica,0.9503610108303249,opth,1,False,mlp1,bce,msle
594,1.0,1.0,1.0,0.8923766816143498,1.0,0.943127962085308,1.0,Artemisia.alba,0.8923766816143499,opth,1,False,mlp1,bce,msle
595,0.9216123858009624,0.18741339148583017,0.6153846153846154,0.9365367180417045,0.9951830443159922,0.9649696403549743,13.0,Bombycilaena.erecta,0.55192133342632,opth,1,False,mlp1,bce,msle
596,0.9596050269299821,0.0830564784053156,1.0,0.7737881508078994,1.0,0.8724696356275303,2.0,Cacalia.alliariae,0.7737881508078994,opth,1,False,mlp1,bce,msle
597,0.6782490974729242,0.03382622052627631,0.5,0.8249097472924187,0.9956427015250545,0.9022704837117473,8.0,Cacalia.alpina,0.3249097472924187,opth,1,False,mlp1,bce,msle
598,0.9487410071942446,0.06517433520909191,0.5,0.9568345323741008,0.99812382739212,0.9770431588613406,4.0,Carduus.nigrescens,0.45683453237410077,opth,1,False,mlp1,bce,msle
599,0.9104072398190044,0.08279736678732352,0.6363636363636364,0.8678733031674208,0.995846313603323,0.9274661508704062,11.0,Catananche.caerulea,0.5042369395310571,opth,1,False,mlp1,bce,msle
600,0.8290609300528147,0.049474255461438216,0.7142857142857143,0.763751127141569,0.9976442873969376,0.8651685393258427,7.0,Centaurea.alpestris,0.4780368414272833,opth,1,False,mlp1,bce,msle
601,0.8343891402714931,0.08299694526388024,0.5454545454545454,0.8841628959276018,0.994908350305499,0.9362721609966459,11.0,Centaurea.paniculata,0.4296174413821472,opth,1,False,mlp1,bce,msle
602,0.649955035971223,0.1293563157999113,0.25,0.9046762589928058,0.9970267591674926,0.9486091466289486,4.0,Centaurea.triumfetti,0.15467625899280568,opth,1,False,mlp1,bce,msle
603,0.8889487870619945,0.3114949097283243,0.6964285714285714,0.8632075471698113,0.9817596566523605,0.9186746987951807,56.0,Centaurea.uniflora,0.5596361185983827,opth,1,False,mlp1,bce,msle
604,0.9331238779174147,0.04880952380952381,0.5,0.9605026929982047,0.9990662931839402,0.9794050343249427,2.0,Cirsium.ferox,0.46050269299820457,opth,1,False,mlp1,bce,msle
605,0.9212933144402937,0.05240852309093398,1.0,0.7853922452660054,1.0,0.8797979797979798,7.0,Cirsium.morisianum,0.7853922452660054,opth,1,False,mlp1,bce,msle
606,0.9902402402402403,0.4118971306471306,1.0,0.9603603603603603,1.0,0.9797794117647058,6.0,Cirsium.rivulare,0.9603603603603603,opth,1,False,mlp1,bce,msle
607,0.8951951951951951,0.03774998646164677,1.0,0.7297297297297297,1.0,0.84375,6.0,Crepis.albida,0.7297297297297298,opth,1,False,mlp1,bce,msle
608,0.9103775848006525,0.1447387539270844,1.0,0.6873290793072014,1.0,0.8146947595894112,19.0,Crepis.nicaeensis,0.6873290793072013,opth,1,False,mlp1,bce,msle
609,0.7884789734291094,0.037181258280499986,0.07692307692307693,0.9628286491387126,0.9888268156424581,0.975654570509876,13.0,Doronicum.grandiflorum,0.03975172606178945,opth,1,False,mlp1,bce,msle
610,0.8851817841716831,0.199615929824583,0.7037037037037037,0.8650137741046832,0.991578947368421,0.9239823442864149,27.0,Echinops.ritro,0.568717477808387,opth,1,False,mlp1,bce,msle
611,0.8531924460431655,0.02170867677196791,0.5,0.8156474820143885,0.9977997799779978,0.8975754576942108,4.0,Erigeron.atticus,0.31564748201438864,opth,1,False,mlp1,bce,msle
612,0.8960766696615752,0.3681005131156188,0.6666666666666666,0.8930817610062893,0.9989949748743718,0.9430740037950665,3.0,Filago.vulgaris,0.5597484276729561,opth,1,False,mlp1,bce,msle
613,0.8905490549054906,0.05093951409933304,0.4,0.9522952295229523,0.9971724787935909,0.9742173112338858,5.0,Helichrysum.stoechas,0.35229522952295245,opth,1,False,mlp1,bce,msle
614,0.8622082585278276,0.011068724351193573,0.0,0.9685816876122083,0.9981498612395929,0.9831435079726651,2.0,Hieracium.glanduliferum,-0.03141831238779169,opth,1,False,mlp1,bce,msle
615,0.8239137833238797,0.12540953716462094,0.7317073170731707,0.7776744186046511,0.987012987012987,0.8699271592091571,41.0,Pilosella.peleteriana,0.5093817356778219,opth,1,False,mlp1,bce,msle
616,0.766040217481915,0.2325767768918451,0.5233644859813084,0.8404360753221011,0.9432703003337041,0.8888888888888888,107.0,Pilosella.officinarum,0.36380056130340943,opth,1,False,mlp1,bce,msle
617,0.8844107020798752,0.32063260987343545,0.7631578947368421,0.8580705009276438,0.9903640256959315,0.9194831013916501,38.0,Hieracium.rionii,0.621228395664486,opth,1,False,mlp1,bce,msle
618,0.941108770287141,0.4493076491409153,0.9166666666666666,0.8417602996254682,0.9955703211517165,0.9122272957889396,48.0,Pilosella.corymbuloides,0.7584269662921348,opth,1,False,mlp1,bce,msle
619,0.8760413530061226,0.20624792590341906,0.6666666666666666,0.907859078590786,0.9970238095238095,0.950354609929078,9.0,Inula.montana,0.5745257452574526,opth,1,False,mlp1,bce,msle
620,0.9009189269304876,0.37314000209272846,0.8333333333333334,0.8285163776493256,0.9851088201603666,0.9000523286237572,78.0,Leontodon.pyrenaicus,0.6618497109826591,opth,1,False,mlp1,bce,msle
621,0.8205026257806934,0.2061483880502803,0.6140350877192983,0.8064211520302171,0.9748858447488584,0.882687338501292,57.0,Leucanthemum.adustum,0.4204562397495155,opth,1,False,mlp1,bce,msle
622,0.94462654299463,0.20728618226919152,0.8461538461538461,0.8812330009066183,0.997946611909651,0.9359653346172364,13.0,Leucanthemum.atratum,0.7273868470604645,opth,1,False,mlp1,bce,msle
623,0.9318304911073703,0.39922012845460103,0.7538461538461538,0.8924833491912464,0.9832285115303984,0.9356608478802992,65.0,Omalotheca.supina,0.6463295030374003,opth,1,False,mlp1,bce,msle
624,0.9224370503597122,0.029346168060702178,1.0,0.8453237410071942,1.0,0.9161793372319688,4.0,Omalotheca.sylvatica,0.8453237410071943,opth,1,False,mlp1,bce,msle
625,0.8490566037735848,0.03212742236893801,0.6666666666666666,0.9056603773584906,0.9990089197224975,0.9500471253534402,3.0,Pulicaria.dysenterica,0.5723270440251573,opth,1,False,mlp1,bce,msle
626,0.7068143758856112,0.018925831597838495,0.14285714285714285,0.9161406672678089,0.9941291585127201,0.9535429375879868,7.0,Scorzonera.hispanica,0.058997810124951755,opth,1,False,mlp1,bce,msle
627,0.9917695473251028,0.5139078961659607,1.0,0.8997289972899729,1.0,0.9472182596291013,9.0,Senecio.aquaticus,0.8997289972899729,opth,1,False,mlp1,bce,msle
628,0.9375,0.11004273504273504,0.5,0.9019784172661871,0.9980099502487563,0.9475673122342938,4.0,Senecio.vulgaris,0.4019784172661871,opth,1,False,mlp1,bce,msle
629,0.9923285198555957,0.6766581632653061,1.0,0.7454873646209387,1.0,0.8541882109617374,8.0,Serratula.lycopifolia,0.7454873646209386,opth,1,False,mlp1,bce,msle
630,0.8840970350404314,0.018318353916560698,0.6666666666666666,0.9056603773584906,0.9990089197224975,0.9500471253534402,3.0,Serratula.nudicaulis,0.5723270440251573,opth,1,False,mlp1,bce,msle
631,0.851951951951952,0.04377469674360651,0.8333333333333334,0.7225225225225225,0.9987546699875467,0.8384736016727653,6.0,Sonchus.asper,0.5558558558558557,opth,1,False,mlp1,bce,msle
632,0.7799037352321094,0.12164464177222398,0.4782608695652174,0.9002744739249772,0.9879518072289156,0.9420775490665391,23.0,Taraxacum.erythrospermum,0.3785353434901946,opth,1,False,mlp1,bce,msle
633,0.8043543543543544,0.01649799844636115,0.5,0.8108108108108109,0.9966777408637874,0.8941877794336811,6.0,Taraxacum.palustre,0.31081081081081097,opth,1,False,mlp1,bce,msle
634,0.8680305755395683,0.031392282057243696,0.75,0.802158273381295,0.9988801791713325,0.8897755610972569,4.0,Tolpis.staticifolia,0.5521582733812949,opth,1,False,mlp1,bce,msle
635,0.8074273734651093,0.009161195238921848,0.3333333333333333,0.816711590296496,0.9978046103183315,0.8982213438735178,3.0,Tragopogon.crocifolius,0.15004492362982935,opth,1,False,mlp1,bce,msle
636,0.9233173861041644,0.20684817887505902,0.9411764705882353,0.821626617375231,0.9977553310886644,0.9011657374556513,34.0,Cerinthe.minor,0.7628030879634662,opth,1,False,mlp1,bce,msle
637,0.8825995807127882,0.014733188357310138,1.0,0.7178796046720575,1.0,0.8357740585774058,3.0,Cynoglossum.officinale,0.7178796046720575,opth,1,False,mlp1,bce,msle
638,0.881508078994614,0.012642802741812644,1.0,0.6974865350089766,1.0,0.8217874140666314,2.0,Lithospermum.arvense,0.6974865350089767,opth,1,False,mlp1,bce,msle
639,0.8508137432188065,0.09102766848955983,0.8,0.8010849909584087,0.9977477477477478,0.8886659979939819,10.0,Myosotis.decumbens,0.6010849909584088,opth,1,False,mlp1,bce,msle
640,0.8349775784753364,0.005405405405405406,0.0,0.8860986547085202,0.9989888776541962,0.9391634980988594,1.0,Myosotis.discolor,-0.11390134529147977,opth,1,False,mlp1,bce,msle
641,0.9096657633242999,0.0609421999777058,0.7777777777777778,0.8518518518518519,0.9978835978835979,0.919103313840156,9.0,Pulmonaria.angustifolia,0.6296296296296298,opth,1,False,mlp1,bce,msle
642,0.8986061151079137,0.02974696606807303,0.75,0.8129496402877698,0.9988950276243094,0.8963807635101636,4.0,Alyssum.alpestre,0.5629496402877698,opth,1,False,mlp1,bce,msle
643,0.7977477477477477,0.014674403739028369,0.3333333333333333,0.827027027027027,0.9956616052060737,0.9035433070866141,6.0,Alyssum.montanum,0.16036036036036028,opth,1,False,mlp1,bce,msle
644,0.7789378937893789,0.011808584611496465,0.6,0.783978397839784,0.997709049255441,0.8780241935483871,5.0,Arabis.alpina,0.38397839783978394,opth,1,False,mlp1,bce,msle
645,0.7986486486486487,0.05131300151361449,0.6666666666666666,0.7954954954954955,0.9977401129943503,0.8852130325814537,6.0,Arabis.auriculata,0.4621621621621621,opth,1,False,mlp1,bce,msle
646,0.9517179023508137,0.22528984218738604,0.7,0.9294755877034359,0.997090203685742,0.9620963968179691,10.0,Cardamine.bellidifolia,0.6294755877034359,opth,1,False,mlp1,bce,msle
647,0.87632299270073,0.07779146605295569,0.55,0.9051094890510949,0.991008991008991,0.9461134954697187,20.0,Cardamine.resedifolia,0.45510948905109494,opth,1,False,mlp1,bce,msle
648,0.7743243243243243,0.024668631955107934,0.16666666666666666,0.9801801801801802,0.9954254345837146,0.9877439854743532,6.0,Iberis.pinnata,0.1468468468468469,opth,1,False,mlp1,bce,msle
649,0.8205696890628398,0.06778700027230275,0.8095238095238095,0.7525114155251141,0.9951690821256038,0.8569942797711908,21.0,Kandis.perfoliata,0.5620352250489238,opth,1,False,mlp1,bce,msle
650,0.8275768535262206,0.038107794214566185,0.8,0.7079566003616636,0.9974522292993631,0.8281332628239026,10.0,Noccaea.brachypetala,0.5079566003616636,opth,1,False,mlp1,bce,msle
651,0.8181818181818181,0.02240132137324805,0.4,0.9027902790279028,0.9970178926441352,0.9475673122342938,5.0,Pritzelago.alpina,0.3027902790279029,opth,1,False,mlp1,bce,msle
652,0.8152466367713005,0.004830917874396135,0.0,0.8260089686098655,0.9989154013015185,0.9042709867452136,1.0,Sisymbrium.austriacum,-0.1739910313901345,opth,1,False,mlp1,bce,msle
653,0.8313848920863309,0.013370266094608391,0.25,0.9010791366906474,0.9970149253731343,0.9466225791213982,4.0,Campanula.alpestris,0.15107913669064743,opth,1,False,mlp1,bce,msle
654,0.9157333913232576,0.2700437401203132,0.5,0.9288354898336414,0.9833659491193738,0.9553231939163498,34.0,Phyteuma.globulariifolium,0.4288354898336415,opth,1,False,mlp1,bce,msle
655,0.8751806455066102,0.1525710617544606,0.8823529411764706,0.7279344858962693,0.9975062344139651,0.8416622830089426,17.0,Phyteuma.michelii,0.6102874270727399,opth,1,False,mlp1,bce,msle
656,0.8760887067261949,0.3535054458927535,0.7230769230769231,0.8344433872502379,0.9798882681564246,0.9013360739979445,65.0,Arenaria.gothica,0.5575203103271611,opth,1,False,mlp1,bce,msle
657,0.8891908212560387,0.06515867763024426,0.3333333333333333,0.9501811594202898,0.9924314096499527,0.970846830171217,12.0,Cerastium.cerastoides,0.28351449275362306,opth,1,False,mlp1,bce,msle
658,0.9513134057971016,0.1440699774323565,1.0,0.8442028985507246,1.0,0.9155206286836935,12.0,Dianthus.hyssopifolius,0.8442028985507246,opth,1,False,mlp1,bce,msle
659,0.8460213715115675,0.266588603564704,0.6888888888888889,0.8169934640522876,0.984251968503937,0.8928571428571429,45.0,Dianthus.pavonius,0.5058823529411764,opth,1,False,mlp1,bce,msle
660,0.9119867149758454,0.17142219475944,0.5833333333333334,0.9393115942028986,0.9952015355086372,0.9664492078285182,12.0,Minuartia.hybrida,0.5226449275362319,opth,1,False,mlp1,bce,msle
661,0.8748874887488749,0.024498906827635492,1.0,0.6507650765076508,1.0,0.7884405670665212,5.0,Minuartia.rupestris,0.6507650765076507,opth,1,False,mlp1,bce,msle
662,0.9135975490515612,0.26851124162006906,0.7931034482758621,0.8657844990548205,0.9870689655172413,0.9224572004028198,58.0,Minuartia.sedoides,0.6588879473306826,opth,1,False,mlp1,bce,msle
663,0.8879509379509379,0.3049637257463545,0.8333333333333334,0.7819047619047619,0.9867788461538461,0.8724760892667375,66.0,Sagina.glabra,0.6152380952380954,opth,1,False,mlp1,bce,msle
664,0.8907290729072908,0.031672073950627405,1.0,0.738973897389739,1.0,0.849896480331263,5.0,Sagina.saginoides,0.7389738973897391,opth,1,False,mlp1,bce,msle
665,0.9092224231464738,0.15520335985265807,1.0,0.7567811934900542,1.0,0.8615542974781266,10.0,Silene.italica,0.7567811934900543,opth,1,False,mlp1,bce,msle
666,0.8736571952337306,0.1521997918776099,0.84,0.7241063244729606,0.9949622166246851,0.8381962864721485,25.0,Silene.latifolia,0.5641063244729607,opth,1,False,mlp1,bce,msle
667,0.7553555355535553,0.014424885814607425,0.2,0.9450945094509451,0.9962049335863378,0.9699769053117783,5.0,Silene.suecica,0.14509450945094504,opth,1,False,mlp1,bce,msle
668,0.6203110704483074,0.04590534228290139,0.2608695652173913,0.9066788655077768,0.9831349206349206,0.9433603046168492,23.0,Chenopodium.bonus.henricus,0.167548430725168,opth,1,False,mlp1,bce,msle
669,0.897039773545075,0.13466425443518007,0.7894736842105263,0.8650865998176845,0.9958027282266527,0.9258536585365854,19.0,Helianthemum.apenninum,0.6545602840282108,opth,1,False,mlp1,bce,msle
670,0.8237247171124104,0.32819438191503864,0.5569620253164557,0.8871745419479267,0.9633507853403142,0.9236947791164659,79.0,Helianthemum.oelandicum,0.44413656726438244,opth,1,False,mlp1,bce,msle
671,0.8945094509450946,0.028741245192858096,0.4,0.936993699369937,0.9971264367816092,0.9661252900232019,5.0,Convolvulus.cantabricus,0.33699369936993717,opth,1,False,mlp1,bce,msle
672,0.9040574091079141,0.15371922086738507,0.8518518518518519,0.82277318640955,0.9955555555555555,0.9009552538964304,27.0,Sedum.alpestre,0.6746250382614019,opth,1,False,mlp1,bce,msle
673,0.839489921842863,0.0825028640988258,0.5454545454545454,0.8307692307692308,0.9945828819068255,0.9053254437869822,11.0,Sedum.anacampseros,0.37622377622377634,opth,1,False,mlp1,bce,msle
674,0.8355435924369747,0.12963908848724354,0.6428571428571429,0.8363970588235294,0.9891304347826086,0.9063745019920318,28.0,Sedum.ochroleucum,0.47925420168067223,opth,1,False,mlp1,bce,msle
675,0.9515751575157516,0.45984848484848484,0.8,0.8757875787578758,0.9989733059548255,0.9333333333333333,5.0,Sedum.sediforme,0.675787578757876,opth,1,False,mlp1,bce,msle
676,0.8809309309309309,0.11743519901185406,0.8333333333333334,0.8891891891891892,0.9989878542510121,0.9408960915157293,6.0,Sempervivum.calcareum,0.7225225225225227,opth,1,False,mlp1,bce,msle
677,0.9407716606498195,0.1645662776042523,0.875,0.927797833935018,0.9990281827016521,0.9620963968179691,8.0,Euphorbia.esula,0.8027978339350179,opth,1,False,mlp1,bce,msle
678,0.9238042740841248,0.382787128172244,0.75,0.9001865671641791,0.9887295081967213,0.9423828125,44.0,Anthyllis.montana,0.6501865671641791,opth,1,False,mlp1,bce,msle
679,0.9342657342657343,0.13262688589554922,0.7272727272727273,0.934841628959276,0.997104247104247,0.9649696403549743,11.0,Argyrolobium.zanonii,0.6621143562320033,opth,1,False,mlp1,bce,msle
680,0.8922064777327936,0.30799521528384594,0.7692307692307693,0.8101503759398496,0.9862700228832952,0.8895768833849329,52.0,Astragalus.danicus,0.5793811451706188,opth,1,False,mlp1,bce,msle
681,0.9207127734650672,0.2724178447646616,0.8846153846153846,0.7880733944954128,0.9965197215777262,0.8801229508196722,26.0,Astragalus.sempervirens,0.6726887791107974,opth,1,False,mlp1,bce,msle
682,0.6918238993710691,0.006472044331913164,0.3333333333333333,0.7960467205750225,0.9977477477477478,0.8855572213893054,3.0,Astragalus.vesicarius,0.12938005390835583,opth,1,False,mlp1,bce,msle
683,0.9314165917939503,0.062192118226600986,0.3333333333333333,0.9209344115004492,0.9980525803310614,0.9579439252336449,3.0,Bituminaria.bituminosa,0.25426774483378245,opth,1,False,mlp1,bce,msle
684,0.956160071942446,0.16810661090322107,0.5,0.9559352517985612,0.9981220657276996,0.9765732659623335,4.0,Dorycnium.pentaphyllum,0.4559352517985613,opth,1,False,mlp1,bce,msle
685,0.8927120938628159,0.056157093908104326,0.625,0.9323104693140795,0.997104247104247,0.9636194029850746,8.0,Genista.cinerea,0.5573104693140793,opth,1,False,mlp1,bce,msle
686,0.9506726457399103,0.017857142857142856,1.0,0.6986547085201794,1.0,0.82259767687434,1.0,Lathyrus.hirsutus,0.6986547085201793,opth,1,False,mlp1,bce,msle
687,0.8935955851139098,0.5977638451804014,0.774869109947644,0.827027027027027,0.9467821782178217,0.8828620888632429,191.0,Lotus.alpinus,0.6018961369746711,opth,1,False,mlp1,bce,msle
688,0.8142696569073489,0.06736072237460332,0.7647058823529411,0.7088262056414922,0.9948914431673053,0.8278427205100957,17.0,Lotus.delortii,0.47353208799443336,opth,1,False,mlp1,bce,msle
689,0.9451931716082659,0.0750723769591694,0.6666666666666666,0.8939802336028752,0.998995983935743,0.9435751541014699,3.0,Lotus.pedunculatus,0.5606469002695418,opth,1,False,mlp1,bce,msle
690,0.8662466246624663,0.025280523874104212,0.4,0.9414941494149415,0.9971401334604385,0.9685185185185186,5.0,Medicago.arabica,0.3414941494149415,opth,1,False,mlp1,bce,msle
691,1.0,1.0,1.0,0.9712488769092543,1.0,0.9854147675478578,3.0,Melilotus.neapolitanus,0.9712488769092542,opth,1,False,mlp1,bce,msle
692,0.8557038529337698,0.1219148211692003,0.5454545454545454,0.8910433979686058,0.9846938775510204,0.9355307804168687,33.0,Ononis.cristata,0.4364979434231513,opth,1,False,mlp1,bce,msle
693,0.926735478648047,0.22120174473218684,0.7777777777777778,0.8524590163934426,0.9957446808510638,0.9185475956820413,18.0,Oxytropis.lapponica,0.6302367941712204,opth,1,False,mlp1,bce,msle
694,0.932853285328533,0.11360534839286382,0.8,0.8928892889288929,0.998992950654582,0.9429657794676806,5.0,Trifolium.incarnatum,0.6928892889288929,opth,1,False,mlp1,bce,msle
695,0.8739953331604875,0.14607361137085273,0.8571428571428571,0.7413793103448276,0.9975579975579976,0.8505986465382613,14.0,Trifolium.pallescens,0.5985221674876846,opth,1,False,mlp1,bce,msle
696,0.8856885688568857,0.026722267008813878,0.8,0.7983798379837984,0.9988738738738738,0.8874437218609305,5.0,Vicia.pannonica,0.5983798379837983,opth,1,False,mlp1,bce,msle
697,0.8916846284741917,0.2301900356628573,0.9512195121951219,0.6455813953488372,0.9971264367816092,0.7837380011293055,41.0,Vicia.tenuifolia,0.5968009075439591,opth,1,False,mlp1,bce,msle
698,0.9077272727272728,0.16851429839812762,0.8125,0.8418181818181818,0.9967707212055974,0.9127649088220798,16.0,Gentiana.angustifolia,0.6543181818181818,opth,1,False,mlp1,bce,msle
699,0.8653658292212509,0.2196560872421846,0.7027027027027027,0.798887859128823,0.9873997709049256,0.8831967213114754,37.0,Gentiana.brachyphylla,0.5015905618315257,opth,1,False,mlp1,bce,msle
700,0.8308742346682726,0.032659611114141944,0.5555555555555556,0.8274616079494128,0.9956521739130435,0.9037987173162308,9.0,Gentiana.orbicularis,0.3830171635049684,opth,1,False,mlp1,bce,msle
701,0.8797382671480144,0.049405611530828356,0.25,0.9648014440433214,0.9944186046511628,0.9793861658268438,8.0,Gentiana.rostanii,0.21480144404332124,opth,1,False,mlp1,bce,msle
702,0.7641749234839446,0.1540080466621572,0.5135135135135135,0.7476007677543186,0.9558282208588957,0.8389876144318794,74.0,Gentianella.campestris,0.2611142812678322,opth,1,False,mlp1,bce,msle
703,0.7358490566037736,0.011164087745463585,0.6666666666666666,0.706199460916442,0.9987293519695044,0.8273684210526315,3.0,Gentianella.ciliata,0.37286612758310866,opth,1,False,mlp1,bce,msle
704,0.7663366336633664,0.026590816968332542,0.2,0.8811881188118812,0.9959308240081384,0.9350525310410697,5.0,Gentianella.tenella,0.08118811881188126,opth,1,False,mlp1,bce,msle
705,0.8513938848920863,0.26519170911148837,0.75,0.85431654676259,0.9989484752891693,0.9209888511875909,4.0,Hypericum.tetrapterum,0.60431654676259,opth,1,False,mlp1,bce,msle
706,0.9619646600778676,0.04921497584541063,0.3333333333333333,0.9640610961365679,0.998139534883721,0.9808043875685558,3.0,Herniaria.incana,0.29739442946990113,opth,1,False,mlp1,bce,msle
707,0.862780269058296,0.006493506493506494,0.0,0.9210762331838565,0.9990272373540856,0.9584694353709753,1.0,Calamintha.nepeta,-0.07892376681614355,opth,1,False,mlp1,bce,msle
708,0.9281728172817282,0.07751075696279494,0.8,0.918091809180918,0.9990205680705191,0.9568480300187617,5.0,Mentha.aquatica,0.7180918091809181,opth,1,False,mlp1,bce,msle
709,0.7554249547920435,0.020068122853396445,0.4,0.8607594936708861,0.9937369519832986,0.9224806201550387,10.0,Mentha.longifolia,0.26075949367088613,opth,1,False,mlp1,bce,msle
710,0.6442048517520216,0.004834975587423183,0.0,0.8517520215633423,0.9968454258675079,0.9186046511627907,3.0,Nepeta.nepetella,-0.1482479784366577,opth,1,False,mlp1,bce,msle
711,0.901705565529623,0.013166894664842681,1.0,0.8662477558348295,1.0,0.9283309283309283,2.0,Prunella.hyssopifolia,0.8662477558348294,opth,1,False,mlp1,bce,msle
712,0.8918615107913669,0.04348723310587718,0.5,0.9226618705035972,0.9980544747081712,0.9588785046728971,4.0,Teucrium.polium,0.42266187050359716,opth,1,False,mlp1,bce,msle
713,0.9097472924187725,0.0854684824658808,1.0,0.7788808664259927,1.0,0.8756976154236428,8.0,Linum.bienne,0.7788808664259927,opth,1,False,mlp1,bce,msle
714,0.9030698659139026,0.12433805159251114,0.8461538461538461,0.8211009174311926,0.9955506117908788,0.8999497234791353,26.0,Linum.suffruticosum,0.6672547635850388,opth,1,False,mlp1,bce,msle
715,0.90750452079566,0.13691256024564444,0.5,0.9502712477396021,0.9952651515151515,0.9722479185938946,10.0,Lythrum.salicaria,0.45027124773960203,opth,1,False,mlp1,bce,msle
716,0.8502242152466368,0.005952380952380952,0.0,0.8878923766816144,0.9989909182643795,0.9401709401709402,1.0,Althaea.hirsuta,-0.11210762331838564,opth,1,False,mlp1,bce,msle
717,0.878815080789946,0.015975733063700707,0.5,0.9452423698384201,0.9990512333965844,0.9714022140221402,2.0,Epilobium.parviflorum,0.44524236983842025,opth,1,False,mlp1,bce,msle
718,0.684084084084084,0.06851407861237442,0.3333333333333333,0.8540540540540541,0.9957983193277311,0.9194956353055286,6.0,Plantago.sempervirens,0.18738738738738747,opth,1,False,mlp1,bce,msle
719,0.8845237533613247,0.3343190142432521,0.8780487804878049,0.7756286266924565,0.9876847290640394,0.8689057421451788,82.0,Armeria.alpina,0.6536774071802613,opth,1,False,mlp1,bce,msle
720,0.8904544466188302,0.16224819698935142,0.6190476190476191,0.8748858447488584,0.9917184265010351,0.9296458030082484,21.0,Polygala.calcarea,0.4939334637964774,opth,1,False,mlp1,bce,msle
721,0.8135566251640877,0.12111801972317736,0.5217391304347826,0.9204025617566332,0.9891838741396264,0.9535545023696682,23.0,Rumex.arifolius,0.44214169219141564,opth,1,False,mlp1,bce,msle
722,0.9787361485474693,0.08584656084656084,1.0,0.9281221922731356,1.0,0.9627213420316869,3.0,Rumex.conglomeratus,0.9281221922731357,opth,1,False,mlp1,bce,msle
723,0.7071321494464944,0.06756307573279444,0.625,0.7029520295202952,0.9844961240310077,0.8202368137782562,32.0,Rumex.nebroides,0.32795202952029534,opth,1,False,mlp1,bce,msle
724,0.6729072907290728,0.08453377749283764,0.6,0.9540954095409541,0.9981167608286252,0.975609756097561,5.0,Rumex.pseudalpinus,0.554095409540954,opth,1,False,mlp1,bce,msle
725,0.8846634772208329,0.19926250680821295,0.7352941176470589,0.822550831792976,0.9899888765294772,0.8985360928823827,34.0,Androsace.adfinis,0.5578449494400348,opth,1,False,mlp1,bce,msle
726,0.8541982323232323,0.24061226987574863,0.6833333333333333,0.7708333333333334,0.9771908763505402,0.8618316569613552,60.0,Androsace.vitaliana,0.4541666666666666,opth,1,False,mlp1,bce,msle
727,0.6879305181191974,0.006087351183422119,0.6666666666666666,0.5300988319856245,0.9983079526226735,0.6924882629107981,3.0,Primula.vulgaris,0.1967654986522911,opth,1,False,mlp1,bce,msle
728,0.9616651692123389,0.04414557845930395,1.0,0.7035040431266847,1.0,0.8259493670886076,3.0,Aconitum.anthora,0.7035040431266846,opth,1,False,mlp1,bce,msle
729,0.9238293444328824,0.3252699431135145,0.8064516129032258,0.8829493087557604,0.9937759336099585,0.9350902879453392,31.0,Anemone.baldensis,0.689400921658986,opth,1,False,mlp1,bce,msle
730,0.9160649819494586,0.19408163265306122,0.625,0.8574007220216606,0.9968520461699895,0.9218825812712276,8.0,Anemone.narcissifolia,0.4824007220216606,opth,1,False,mlp1,bce,msle
731,0.9497307001795332,0.2588495575221239,0.5,0.9793536804308797,0.9990842490842491,0.9891205802357208,2.0,Caltha.palustris,0.4793536804308798,opth,1,False,mlp1,bce,msle
732,0.6880535602203781,0.10720146775475112,0.3076923076923077,0.8177697189483227,0.9901207464324918,0.8957298907646475,13.0,Ranunculus.aduncus,0.12546202664063033,opth,1,False,mlp1,bce,msle
733,0.9257246376811594,0.1369993900136574,0.5833333333333334,0.9157608695652174,0.9950787401574803,0.9537735849056603,12.0,Ranunculus.carinthiacus,0.4990942028985508,opth,1,False,mlp1,bce,msle
734,0.8272095332671301,0.2993632895586715,0.6422018348623854,0.8063555114200596,0.954171562867215,0.8740581270182992,109.0,Ranunculus.sartorianus,0.44855734628244504,opth,1,False,mlp1,bce,msle
735,0.7083601700373566,0.016754587677381444,0.14285714285714285,0.9188458070333634,0.9941463414634146,0.9550140581068416,7.0,Reseda.phyteuma,0.061702949890506176,opth,1,False,mlp1,bce,msle
736,0.8933756805807622,0.09694047475397578,0.42857142857142855,0.9319419237749547,0.9922705314009662,0.9611605053813758,14.0,Alchemilla.fissa,0.36051335234638326,opth,1,False,mlp1,bce,msle
737,0.8716441309033902,0.2843728247137479,0.7619047619047619,0.8176638176638177,0.9828767123287672,0.8926905132192846,63.0,Alchemilla.flabellata,0.5795685795685794,opth,1,False,mlp1,bce,msle
738,0.7691544566544567,0.07026281199548982,0.5,0.8232600732600732,0.986827661909989,0.8976535197204194,24.0,Alchemilla.glabra,0.3232600732600732,opth,1,False,mlp1,bce,msle
739,0.8468406593406593,0.0819133403728002,0.625,0.8067765567765568,0.9898876404494382,0.8890010090817356,24.0,Alchemilla.glaucescens,0.4317765567765568,opth,1,False,mlp1,bce,msle
740,0.8348126469318237,0.14216845469555073,0.7894736842105263,0.740200546946217,0.9950980392156863,0.8489283847360167,19.0,Alchemilla.monticola,0.5296742311567433,opth,1,False,mlp1,bce,msle
741,0.9488212347354139,0.4046080865564257,0.6590909090909091,0.9402985074626866,0.9853372434017595,0.962291169451074,44.0,Alchemilla.pentaphyllea,0.5993894165535956,opth,1,False,mlp1,bce,msle
742,0.9435107050700886,0.1467834636697974,1.0,0.8893925657298277,1.0,0.9414587332053743,13.0,Filipendula.ulmaria,0.8893925657298278,opth,1,False,mlp1,bce,msle
743,0.7879946043165468,0.010033645187212323,0.5,0.783273381294964,0.997709049255441,0.8775818639798488,4.0,Potentilla.brauneana,0.28327338129496393,opth,1,False,mlp1,bce,msle
744,0.9210762331838565,0.011235955056179775,1.0,0.5919282511210763,1.0,0.7436619718309859,1.0,Potentilla.neglecta,0.5919282511210762,opth,1,False,mlp1,bce,msle
745,0.9302197297048819,0.4221127376744728,0.8082191780821918,0.87535953978907,0.9848975188781014,0.9269035532994924,73.0,Sibbaldia.procumbens,0.6835787178712618,opth,1,False,mlp1,bce,msle
746,0.8492492492492492,0.0225017062547041,0.5,0.8684684684684685,0.9968976215098242,0.928261916225325,6.0,Galium.megalospermum,0.3684684684684685,opth,1,False,mlp1,bce,msle
747,0.8519036388140162,0.33712572757579534,0.7142857142857143,0.7877358490566038,0.981198589894242,0.8738880167451596,56.0,Galium.obliquum,0.5020215633423182,opth,1,False,mlp1,bce,msle
748,0.8545454545454545,0.08061573964350563,0.6,0.9396939693969397,0.9980879541108987,0.9680111265646731,5.0,Galium.palustre,0.5396939693969398,opth,1,False,mlp1,bce,msle
749,0.9012861010830325,0.03956656056174312,0.5,0.9187725631768953,0.9960861056751468,0.955868544600939,8.0,Galium.pseudohelveticum,0.41877256317689526,opth,1,False,mlp1,bce,msle
750,0.9084380610412927,0.036485602094240836,0.0,0.9973070017953322,0.9982030548068284,0.9977548271216884,2.0,Galium.uliginosum,-0.0026929982046678402,opth,1,False,mlp1,bce,msle
751,,-0.0,0.0,0.8566308243727598,1.0,0.9227799227799228,0.0,Salix.foetida,-0.14336917562724016,opth,1,False,mlp1,bce,msle
752,0.8651008732309545,0.05993766072703611,0.2222222222222222,0.9331526648599819,0.9932692307692308,0.9622729389846297,9.0,Thesium.divaricatum,0.15537488708220426,opth,1,False,mlp1,bce,msle
753,0.9040687160940325,0.05677774691101527,1.0,0.713381555153707,1.0,0.8327176781002639,10.0,Saxifraga.bryoides,0.713381555153707,opth,1,False,mlp1,bce,msle
754,0.8863382899628253,0.16993534293221862,0.825,0.8122676579925651,0.9920544835414302,0.8932038834951457,40.0,Saxifraga.exarata,0.6372676579925649,opth,1,False,mlp1,bce,msle
755,0.922952295229523,0.05162504687169326,1.0,0.8325832583258326,1.0,0.9086444007858546,5.0,Digitalis.grandiflora,0.8325832583258326,opth,1,False,mlp1,bce,msle
756,0.8210396681358568,0.0576759441729858,0.5714285714285714,0.7994555353901996,0.9932356257046223,0.8858722976370035,14.0,Euphrasia.officinalis,0.37088410681877093,opth,1,False,mlp1,bce,msle
757,0.9678507194244604,0.06566609491137793,1.0,0.85431654676259,1.0,0.9214354995150339,4.0,Linaria.simplex,0.85431654676259,opth,1,False,mlp1,bce,msle
758,0.9141187050359713,0.027031723810846883,0.75,0.8453237410071942,0.9989373007438895,0.9157330735509012,4.0,Pedicularis.cenisia,0.5953237410071943,opth,1,False,mlp1,bce,msle
759,0.9040914192429343,0.20977547826662662,0.8148148148148148,0.7933884297520661,0.9942462600690449,0.8825331971399387,27.0,Pedicularis.comosa,0.608203244566881,opth,1,False,mlp1,bce,msle
760,0.8901538150172029,0.12923772434353217,0.7777777777777778,0.7285974499089253,0.9950248756218906,0.8412197686645636,18.0,Pedicularis.kerneri,0.5063752276867031,opth,1,False,mlp1,bce,msle
761,0.7833333333333333,0.015828940615029354,0.16666666666666666,0.9198198198198199,0.9951267056530214,0.9559925093632958,6.0,Pedicularis.rosea,0.08648648648648649,opth,1,False,mlp1,bce,msle
762,0.8126824817518248,0.06551871555471245,0.6,0.7965328467153284,0.9909194097616345,0.8831562974203339,20.0,Pedicularis.rostratospicata,0.3965328467153284,opth,1,False,mlp1,bce,msle
763,0.8038599640933572,0.006648616782025808,1.0,0.6077199281867145,1.0,0.756002233389168,2.0,Verbascum.chaixii,0.6077199281867145,opth,1,False,mlp1,bce,msle
764,0.8471192722371967,0.1879017794821403,0.6607142857142857,0.8,0.9780853517877739,0.8801245459263103,56.0,Veronica.allionii,0.46071428571428585,opth,1,False,mlp1,bce,msle
765,0.8973764153548743,0.3031138417128057,0.7058823529411765,0.8704225352112676,0.9840764331210191,0.9237668161434978,51.0,Veronica.alpina,0.576304888152444,opth,1,False,mlp1,bce,msle
766,0.79000143933215,0.1277031392138423,0.5789473684210527,0.8896991795806746,0.991869918699187,0.9380105718404613,19.0,Veronica.austriaca,0.4686465480017272,opth,1,False,mlp1,bce,msle
767,0.916066066066066,0.03697891726170549,1.0,0.7612612612612613,1.0,0.8644501278772379,6.0,Veronica.verna,0.7612612612612613,opth,1,False,mlp1,bce,msle
768,0.9224908759124087,0.32551460324774334,0.6,0.916058394160584,0.9920948616600791,0.952561669829222,20.0,Valeriana.tuberosa,0.5160583941605839,opth,1,False,mlp1,bce,msle
769,0.8972731710719017,0.1387107810160153,0.8461538461538461,0.7969174977334542,0.9977298524404086,0.8860887096774194,13.0,Viola.saxatilis,0.6430713438873004,opth,1,False,mlp1,bce,msle
770,0.9079892280071814,0.25485436893203883,0.5,0.8797127468581688,0.9989806320081549,0.9355608591885441,2.0,Carex.acutiformis,0.3797127468581687,opth,1,False,mlp1,bce,msle
771,0.9109880200953239,0.08454341457698346,0.8571428571428571,0.8548241659152389,0.9989462592202318,0.9212827988338192,7.0,Carex.bicolor,0.7119670230580959,opth,1,False,mlp1,bce,msle
772,0.6855085508550856,0.008211175088075898,0.2,0.8253825382538253,0.995656894679696,0.9025590551181102,5.0,Carex.cuprina,0.025382538253825304,opth,1,False,mlp1,bce,msle
773,0.9822392086330934,0.11046858546858547,1.0,0.9577338129496403,1.0,0.9784106568672485,4.0,Carex.disticha,0.9577338129496402,opth,1,False,mlp1,bce,msle
774,0.9288288670284939,0.29401573482191806,0.9090909090909091,0.8078358208955224,0.9954022988505747,0.8918640576725025,44.0,Carex.foetida,0.7169267299864315,opth,1,False,mlp1,bce,msle
775,0.8966894241916784,0.040883708099892134,0.5714285714285714,0.8935978358881875,0.9969818913480886,0.9424631478839752,7.0,Carex.frigida,0.4650264073167589,opth,1,False,mlp1,bce,msle
776,0.9944720216606497,0.4917906746031746,1.0,0.970216606498195,1.0,0.9848831882730188,8.0,Carex.melanostachya,0.970216606498195,opth,1,False,mlp1,bce,msle
777,0.8325832583258326,0.07463715320319095,0.6,0.765976597659766,0.9976553341148886,0.8665987780040734,5.0,Carex.ovalis,0.365976597659766,opth,1,False,mlp1,bce,msle
778,0.8098233003893381,0.17238921091997006,0.3333333333333333,0.8984725965858041,0.998003992015968,0.9456264775413712,3.0,Carex.paniculata,0.2318059299191375,opth,1,False,mlp1,bce,msle
779,0.8977739391173979,0.30335363551837474,0.6206896551724138,0.8676748582230623,0.9765957446808511,0.918918918918919,58.0,Carex.parviflora,0.48836451339547615,opth,1,False,mlp1,bce,msle
780,0.5508550855085508,0.026786657418458194,0.2,0.774077407740774,0.9953703703703703,0.8708860759493671,5.0,Carex.viridula,-0.025922592259225885,opth,1,False,mlp1,bce,msle
781,0.729802513464991,0.0068900323548902655,0.5,0.755834829443447,0.9988137603795967,0.8605007664793051,2.0,Eleocharis.quinqueflora,0.25583482944344693,opth,1,False,mlp1,bce,msle
782,0.9928251121076234,0.1111111111111111,1.0,0.8233183856502242,1.0,0.9030988686669946,1.0,Eriophorum.polystachion,0.8233183856502242,opth,1,False,mlp1,bce,msle
783,0.8974358974358974,0.328566245100742,0.8333333333333334,0.8246628131021194,0.9850402761795167,0.897745149449397,78.0,Kobresia.myosuroides,0.6579961464354529,opth,1,False,mlp1,bce,msle
784,0.9718478586403115,0.05849673202614379,1.0,0.8697214734950584,1.0,0.9303219605958674,3.0,Schoenus.nigricans,0.8697214734950585,opth,1,False,mlp1,bce,msle
785,0.9614003590664273,0.07484567901234568,1.0,0.8456014362657092,1.0,0.9163424124513618,2.0,Scirpoides.holoschoenus,0.8456014362657092,opth,1,False,mlp1,bce,msle
786,0.8796327073292338,0.08792103710201864,0.8181818181818182,0.7879341864716636,0.9953810623556582,0.8795918367346939,22.0,Muscari.neglectum,0.6061160046534817,opth,1,False,mlp1,bce,msle
787,0.9146346314491428,0.214375376943067,0.8260869565217391,0.8847209515096066,0.995880535530381,0.937015503875969,23.0,Crocus.vernus,0.7108079080313456,opth,1,False,mlp1,bce,msle
788,0.927737881508079,0.03621448579431773,0.5,0.9021543985637342,0.9990059642147118,0.9481132075471698,2.0,Juncus.conglomeratus,0.40215439856373436,opth,1,False,mlp1,bce,msle
789,0.7856709168184579,0.041267475145096974,0.6666666666666666,0.7213114754098361,0.9924812030075187,0.8354430379746836,18.0,Luzula.alpinopilosa,0.3879781420765027,opth,1,False,mlp1,bce,msle
790,0.8512277470841008,0.17330362743040034,0.5,0.8821362799263351,0.9845837615621789,0.9305488101019913,30.0,Luzula.nutans,0.38213627992633503,opth,1,False,mlp1,bce,msle
791,0.9236723672367236,0.03838699996870204,1.0,0.6606660666066607,1.0,0.7956639566395663,5.0,Gagea.fragifera,0.6606660666066606,opth,1,False,mlp1,bce,msle
792,0.8804804804804804,0.11420831807629103,0.6666666666666666,0.872072072072072,0.9979381443298969,0.9307692307692308,6.0,Tulipa.australis,0.5387387387387386,opth,1,False,mlp1,bce,msle
793,0.8563556763285024,0.048190071088722156,0.6666666666666666,0.8079710144927537,0.9955357142857143,0.892,12.0,Dactylorhiza.latifolia,0.4746376811594204,opth,1,False,mlp1,bce,msle
794,0.9334537789822344,0.28396184818537784,0.7777777777777778,0.8491418247515808,0.9978768577494692,0.9175207418252807,9.0,Ophrys.fuciflora,0.6269196025293586,opth,1,False,mlp1,bce,msle
795,0.8624774368231047,0.06150676307410053,0.375,0.9332129963898917,0.9951876804619827,0.9632044713553796,8.0,Orchis.purpurea,0.30821299638989164,opth,1,False,mlp1,bce,msle
796,0.8366184448462929,0.05073758126659017,0.4,0.8996383363471971,0.994005994005994,0.9444708115804461,10.0,Orchis.simia,0.29963833634719705,opth,1,False,mlp1,bce,msle
797,0.9146091508214296,0.4747258700534893,0.8387096774193549,0.8279569892473119,0.9825986078886311,0.8986737400530505,93.0,Alopecurus.alpinus,0.6666666666666667,opth,1,False,mlp1,bce,msle
798,0.982629529799341,0.4013605442176871,0.6666666666666666,0.9640610961365679,0.9990689013035382,0.9812528577960676,3.0,Alopecurus.rendlei,0.6307277628032346,opth,1,False,mlp1,bce,msle
799,0.8196885301807435,0.4293160228031665,0.6842105263157895,0.7645788336933045,0.921875,0.8358913813459268,190.0,Avenula.pubescens,0.448789360009094,opth,1,False,mlp1,bce,msle
800,0.7926471546835278,0.21353283891709524,0.5862068965517241,0.7627599243856332,0.9711191335740073,0.8544203282159873,58.0,Avenula.versicolor,0.3489668209373573,opth,1,False,mlp1,bce,msle
801,0.7602493121836894,0.2396193471001453,0.7711864406779662,0.5981963927855711,0.9567307692307693,0.7361282367447596,118.0,Brachypodium.rupestre,0.3693828334635372,opth,1,False,mlp1,bce,msle
802,0.8518749999999999,0.1950368198345698,0.375,0.8954545454545455,0.9899497487437185,0.9403341288782816,16.0,Bromus.commutatus,0.2704545454545455,opth,1,False,mlp1,bce,msle
803,0.9398700812842227,0.49402980442463956,0.9259259259259259,0.7630853994490359,0.9975990396158463,0.8647242455775234,27.0,Bromus.racemosus,0.6890113253749619,opth,1,False,mlp1,bce,msle
804,0.7378567091681846,0.04232161116213164,0.7222222222222222,0.6293260473588342,0.992816091954023,0.770345596432553,18.0,Elytrigia.repens,0.35154826958105634,opth,1,False,mlp1,bce,msle
805,0.9070202709133013,0.2653418644122887,0.9310344827586207,0.7433302667893285,0.9975308641975309,0.8518713758566157,29.0,Festuca.cinerea,0.6743647495479492,opth,1,False,mlp1,bce,msle
806,0.8615857826384142,0.20520023992416203,0.631578947368421,0.8692022263450835,0.9852786540483701,0.9236076885165106,38.0,Festuca.marginata,0.5007811737135044,opth,1,False,mlp1,bce,msle
807,0.8640082527034718,0.37929475964730164,0.7321428571428571,0.8286852589641435,0.9651972157772621,0.8917470525187567,112.0,Festuca.pratensis,0.5608281161070006,opth,1,False,mlp1,bce,msle
808,0.7884702166064982,0.04188762315767644,0.375,0.8402527075812274,0.9946581196581197,0.910958904109589,8.0,Festuca.trichophylla,0.2152527075812274,opth,1,False,mlp1,bce,msle
809,0.8706219806763286,0.045010313073688246,0.8333333333333334,0.7590579710144928,0.9976190476190476,0.8621399176954733,12.0,Gaudinia.fragilis,0.5923913043478262,opth,1,False,mlp1,bce,msle
810,0.8821883998354586,0.0825685490261116,0.45454545454545453,0.885972850678733,0.9939086294416244,0.9368421052631579,11.0,Helictotrichon.parlatorei,0.3405183052241876,opth,1,False,mlp1,bce,msle
811,0.8703270718817,0.38241484601926007,0.7964601769911505,0.7766699900299102,0.9713216957605985,0.8631578947368421,113.0,Helictotrichon.sedenense,0.5731301670210607,opth,1,False,mlp1,bce,msle
812,0.9656165616561656,0.26956374894455387,1.0,0.8325832583258326,1.0,0.9086444007858546,5.0,Helictotrichon.sempervirens,0.8325832583258326,opth,1,False,mlp1,bce,msle
813,0.8331835879005691,0.3395532294155573,0.6666666666666666,0.7160826594788859,0.9987468671679198,0.8341182626896912,3.0,Hordeum.murinum,0.38274932614555257,opth,1,False,mlp1,bce,msle
814,0.9620053956834532,0.10189124724008444,0.5,0.9388489208633094,0.9980879541108987,0.9675625579240037,4.0,Hordeum.secalinum,0.4388489208633093,opth,1,False,mlp1,bce,msle
815,0.8421762589928058,0.03224908030082793,1.0,0.6699640287769785,1.0,0.8023694130317717,4.0,Koeleria.cenisia,0.6699640287769784,opth,1,False,mlp1,bce,msle
816,0.8149909420289856,0.056529012458298146,0.5833333333333334,0.7771739130434783,0.9942062572421785,0.8723945094051856,12.0,Molinia.caerulea,0.36050724637681153,opth,1,False,mlp1,bce,msle
817,0.7607555762230811,0.14522358734569013,0.7457627118644068,0.6281929990539262,0.9779086892488954,0.7649769585253456,59.0,Phleum.pratense,0.37395571091833313,opth,1,False,mlp1,bce,msle
818,0.8613876976371535,0.31838363897958905,0.8037383177570093,0.7651139742319127,0.9735182849936949,0.8568257491675916,107.0,Poa.trivialis,0.5688522919889221,opth,1,False,mlp1,bce,msle
819,0.9131476489967055,0.38816148390616473,0.6666666666666666,0.89937106918239,0.999001996007984,0.9465721040189126,3.0,Vulpia.bromoides,0.5660377358490565,opth,1,False,mlp1,bce,msle
820,0.8237410071942446,0.019430632155358583,0.5,0.9217625899280576,0.9980525803310614,0.9583917718560074,4.0,Vulpia.ciliata,0.4217625899280577,opth,1,False,mlp1,bce,msle
821,0.7648916967509025,0.02381132103990404,0.375,0.8366425992779783,0.9946351931330472,0.9088235294117647,8.0,Equisetum.variegatum,0.21164259927797824,opth,1,False,mlp1,bce,msle
822,0.8939223888718838,0.15742266480426123,0.5185185185185185,0.9090909090909091,0.9870388833499502,0.9464627151051626,27.0,Pachypleurum.mutellinoides,0.42760942760942755,opth,1,False,mlp1,bce,msle
823,0.76006006006006,0.012516130353850102,0.3333333333333333,0.8189189189189189,0.9956188389923329,0.8986653484923381,6.0,Libanotis.pyrenaica,0.15225225225225225,opth,1,False,mlp1,bce,msle
824,0.8402495745887691,0.1824938060613748,0.8292682926829268,0.7116279069767442,0.9909326424870466,0.828370330265295,41.0,Alchemilla.alpigena,0.5408961996596711,opth,1,False,mlp1,bce,msle
825,0.8047776774064037,0.026815365128145755,0.4444444444444444,0.8943089430894309,0.9949748743718593,0.9419600380589914,9.0,Anacamptis.morio,0.3387533875338753,opth,1,False,mlp1,bce,msle
826,0.7912912912912913,0.026459673637092992,0.5,0.8261261261261261,0.9967391304347826,0.903448275862069,6.0,Mutellina.adonidifolia,0.3261261261261261,opth,1,False,mlp1,bce,msle
827,0.862027631044291,0.2631302860207988,0.7608695652173914,0.874766355140187,0.9883843717001056,0.9281110560237977,46.0,Avenula.pratensis,0.6356359203575783,opth,1,False,mlp1,bce,msle
828,0.8514260710449899,0.07794947972704484,0.6086956521739131,0.8316559926806953,0.9901960784313726,0.904027846842367,23.0,Gymnadenia.nigra,0.44035164485460854,opth,1,False,mlp1,bce,msle
829,0.7408408408408409,0.011762384581077924,0.0,0.990990990990991,0.9945750452079566,0.9927797833935018,6.0,Murbeckiella.pinnatifida,-0.009009009009009028,opth,1,False,mlp1,bce,msle
830,0.8673561151079137,0.15190791792777356,0.5,0.8399280575539568,0.9978632478632479,0.912109375,4.0,Silene.conica,0.3399280575539567,opth,1,False,mlp1,bce,msle
