,auc,prauc,sensitivity,specificity,precision,f1,support,species,tss,postprocess,fold,prr,archi,species_loss,func_loss
0,0.8391236712470832,0.06820377333133734,0.6428571428571429,0.8185117967332124,0.9944873208379272,0.8979591836734694,14.0,Aceras.anthropophorum,0.4613689395903553,opth,3,False,mlp1,bce,msle
1,0.851434517615579,0.21257876441040044,0.6774193548387096,0.8101382488479263,0.9887514060742407,0.8905775075987842,31.0,Achillea.collina,0.48755760368663603,opth,3,False,mlp1,bce,msle
2,0.7276570048309179,0.43710585622450304,0.7118055555555556,0.6159420289855072,0.8600337268128162,0.7178043631245602,288.0,Achillea.millefolium,0.3277475845410627,opth,3,False,mlp1,bce,msle
3,0.8831660583941606,0.10126368518796654,0.6,0.8613138686131386,0.9915966386554622,0.921875,20.0,Achillea.nana,0.4613138686131386,opth,3,False,mlp1,bce,msle
4,0.8961827646038173,0.3416326677982382,0.7692307692307693,0.8233082706766918,0.9864864864864865,0.8975409836065574,52.0,Achillea.roseo.alba,0.592539039907461,opth,3,False,mlp1,bce,msle
5,0.9582582582582583,0.11589312386803426,1.0,0.8522522522522522,1.0,0.9202334630350194,6.0,Achnatherum.calamagrostis,0.8522522522522522,opth,3,False,mlp1,bce,msle
6,0.7926278287522641,0.1359477727149205,0.7446808510638298,0.7399438727782974,0.9850560398505604,0.8450854700854701,47.0,Acinos.alpinus,0.4846247238421273,opth,3,False,mlp1,bce,msle
7,0.8279986041937633,0.08665663596573614,0.7241379310344828,0.7819687212511499,0.9906759906759907,0.8740359897172236,29.0,Acinos.arvensis,0.5061066522856326,opth,3,False,mlp1,bce,msle
8,0.9116501946690626,0.019291109651039175,1.0,0.7852650494159928,1.0,0.879718168092602,3.0,Aconitum.lycoctonum,0.785265049415993,opth,3,False,mlp1,bce,msle
9,0.7076969152440851,0.014011909855940665,0.3333333333333333,0.9559748427672956,0.99812382739212,0.976594768242313,3.0,Cacalia.leucophylla,0.28930817610062887,opth,3,False,mlp1,bce,msle
10,0.7405745062836625,0.008246007984031935,0.5,0.7890484739676841,0.9988636363636364,0.8816449348044132,2.0,Aegopodium.podagraria,0.28904847396768396,opth,3,False,mlp1,bce,msle
11,0.8777897452596248,0.1737338585138359,0.8378378378378378,0.7432808155699722,0.9925742574257426,0.8500264970853206,37.0,Agrimonia.eupatoria,0.5811186534078101,opth,3,False,mlp1,bce,msle
12,0.8730186904275902,0.23888513397383737,0.7358490566037735,0.7949200376293509,0.9837019790454016,0.8792924037460979,53.0,Agrostis.alpina,0.5307690942331245,opth,3,False,mlp1,bce,msle
13,0.8112573013157118,0.33654500436837576,0.7983193277310925,0.6609829488465396,0.9648609077598829,0.7845238095238095,119.0,Agrostis.capillaris,0.459302276577632,opth,3,False,mlp1,bce,msle
14,0.9026203230762841,0.37666756223234854,0.7536231884057971,0.8385864374403056,0.9810055865921787,0.9042224510813595,69.0,Agrostis.rupestris,0.5922096258461027,opth,3,False,mlp1,bce,msle
15,0.8953126568302721,0.11016399315401226,0.7777777777777778,0.7985546522131888,0.9977426636568849,0.8871048670346212,9.0,Agrostis.agrostiflora,0.5763324299909667,opth,3,False,mlp1,bce,msle
16,0.786038123387521,0.27285797217931534,0.7567567567567568,0.6784059314179796,0.9878542510121457,0.8043956043956044,37.0,Agrostis.stolonifera,0.43516268817473636,opth,3,False,mlp1,bce,msle
17,0.9362641774565894,0.29898728776256783,0.8888888888888888,0.8672086720867209,0.9989594172736732,0.9284332688588007,9.0,Ajuga.chamaepitys,0.7560975609756098,opth,3,False,mlp1,bce,msle
18,0.7811030741410488,0.021374057899723825,0.7,0.7269439421338155,0.9962825278810409,0.8405645582854155,10.0,Ajuga.genevensis,0.4269439421338155,opth,3,False,mlp1,bce,msle
19,0.9289789789789791,0.046396723933874486,1.0,0.7981981981981981,1.0,0.8877755511022044,6.0,Ajuga.pyramidalis,0.798198198198198,opth,3,False,mlp1,bce,msle
20,0.8685696871190572,0.23030267859245238,0.8043478260869565,0.7728971962616823,0.9892344497607656,0.8677859391395593,46.0,Ajuga.reptans,0.577245022348639,opth,3,False,mlp1,bce,msle
21,0.8881638919541333,0.15364023273188596,0.8947368421052632,0.7748404740200547,0.9976525821596244,0.8722421754746024,19.0,Alchemilla.alpina,0.6695773161253178,opth,3,False,mlp1,bce,msle
22,0.7509210864536029,0.20164019721380655,0.6545454545454545,0.7530631479736098,0.9767726161369193,0.8504523682810006,55.0,Alchemilla.xanthochlora,0.4076086025190644,opth,3,False,mlp1,bce,msle
23,0.8499550763701706,0.011522749435546925,1.0,0.7816711590296496,1.0,0.8774583963691377,3.0,Allium.lusitanicum,0.7816711590296497,opth,3,False,mlp1,bce,msle
24,0.7140175597941266,0.0665667630136618,0.5333333333333333,0.7774750227066304,0.9918887601390498,0.8716904276985743,15.0,Allium.oleraceum,0.3108083560399637,opth,3,False,mlp1,bce,msle
25,0.7028028933092224,0.23296171642105878,0.4,0.810126582278481,0.9933481152993349,0.8924302788844621,10.0,Allium.schoenoprasum,0.21012658227848102,opth,3,False,mlp1,bce,msle
26,0.8176417641764175,0.0903530399260327,0.8,0.7371737173717372,0.998780487804878,0.8482651475919213,5.0,Allium.scorodoprasum,0.5371737173717372,opth,3,False,mlp1,bce,msle
27,0.9160252228745379,0.22331808141425946,0.8095238095238095,0.8940639269406393,0.9959308240081384,0.9422521655437921,21.0,Allium.sphaerocephalon,0.7035877364644487,opth,3,False,mlp1,bce,msle
28,0.6691110108303249,0.012302636279516619,0.375,0.7879061371841155,0.9943052391799544,0.879154078549849,8.0,Allium.vineale,0.16290613718411562,opth,3,False,mlp1,bce,msle
29,0.9342567499749073,0.3440805930113041,0.6666666666666666,0.9277326106594399,0.9970873786407767,0.9611605053813758,9.0,Alopecurus.pratensis,0.5943992773261066,opth,3,False,mlp1,bce,msle
30,0.8764371613585304,0.14139789177200776,0.8285714285714286,0.7779833487511564,0.9929161747343566,0.8724066390041494,35.0,Alyssum.alyssoides,0.606554777322585,opth,3,False,mlp1,bce,msle
31,0.8054417439038944,0.05533372771479682,0.5652173913043478,0.7923147301006405,0.9885844748858448,0.8796343321482987,23.0,Anacamptis.pyramidalis,0.35753212140498825,opth,3,False,mlp1,bce,msle
32,0.9253305677988074,0.18854788592991123,0.9285714285714286,0.7813067150635209,0.9988399071925754,0.8767820773930753,14.0,Androsace.obtusifolia,0.7098781436349495,opth,3,False,mlp1,bce,msle
33,0.9910233393177738,0.12692307692307692,1.0,0.8806104129263914,1.0,0.9365155131264916,2.0,Angelica.sylvestris,0.8806104129263914,opth,3,False,mlp1,bce,msle
34,0.9157628434736869,0.21257294782688968,0.8918918918918919,0.8405931417979611,0.995609220636663,0.9115577889447236,37.0,Antennaria.carpatica,0.732485033689853,opth,3,False,mlp1,bce,msle
35,0.8599542538022814,0.22393367508872591,0.8125,0.7604562737642585,0.9852216748768473,0.8583690987124464,64.0,Antennaria.dioica,0.5729562737642584,opth,3,False,mlp1,bce,msle
36,0.8630845323741007,0.01645747250176344,0.0,0.9424460431654677,0.9961977186311787,0.9685767097966729,4.0,Anthemis.arvensis,-0.05755395683453235,opth,3,False,mlp1,bce,msle
37,0.8892903743852254,0.10203910464536242,0.8888888888888888,0.7868112014453478,0.9988532110091743,0.8802425467407782,9.0,Anthericum.liliago,0.6757000903342365,opth,3,False,mlp1,bce,msle
38,0.6647921156609196,0.48273744041157474,0.5545977011494253,0.68359375,0.7720588235294118,0.7251381215469613,348.0,Anthoxanthum.odoratum,0.23819145114942541,opth,3,False,mlp1,bce,msle
39,0.8352793040293041,0.10179686662275246,0.7916666666666666,0.7811355311355311,0.9941724941724942,0.8748717948717949,24.0,Anthriscus.sylvestris,0.5728021978021978,opth,3,False,mlp1,bce,msle
40,0.7126402376196588,0.33155994297806884,0.6417112299465241,0.6555435952637244,0.900887573964497,0.7588785046728972,187.0,Anthyllis.vulneraria,0.2972548252102485,opth,3,False,mlp1,bce,msle
41,0.841113105924596,0.010453216374269006,0.5,0.800718132854578,0.9988801791713325,0.8888888888888888,2.0,Aphanes.arvensis,0.30071813285457805,opth,3,False,mlp1,bce,msle
42,0.7194244604316546,0.007621808886300468,0.5,0.7239208633093526,0.9975216852540273,0.8389786347055758,4.0,Aquilegia.vulgaris,0.22392086330935257,opth,3,False,mlp1,bce,msle
43,0.6495049504950495,0.007511458815841784,0.6,0.6894689468946895,0.9973958333333334,0.8153273017562533,5.0,Arabidopsis.thaliana,0.2894689468946896,opth,3,False,mlp1,bce,msle
44,0.8430127606598194,0.16864542123514167,0.7333333333333333,0.8225957049486461,0.986562150055991,0.8971486761710794,45.0,Arabis.ciliata,0.5559290382819793,opth,3,False,mlp1,bce,msle
45,0.7504004418668876,0.10688334125648856,0.6274509803921569,0.6600938967136151,0.9736842105263158,0.7867935086737549,51.0,Arabis.hirsuta,0.28754487710577203,opth,3,False,mlp1,bce,msle
46,0.7859008767221327,0.24767465605822195,0.5185185185185185,0.7768115942028986,0.9537366548042705,0.8562300319488818,81.0,Arenaria.serpyllifolia,0.29533011272141696,opth,3,False,mlp1,bce,msle
47,0.7679856115107913,0.01192119755748339,0.0,0.9118705035971223,0.9960707269155207,0.952112676056338,4.0,Armeria.arenaria,-0.0881294964028777,opth,3,False,mlp1,bce,msle
48,0.8387691392894306,0.20512398508179544,0.7741935483870968,0.791705069124424,0.9919168591224018,0.8805740645822655,31.0,Arnica.montana,0.5658986175115208,opth,3,False,mlp1,bce,msle
49,0.8416685101354815,0.4772919659391634,0.8177339901477833,0.7382256297918949,0.9479606188466948,0.8300492610837439,203.0,Arrhenatherum.elatius,0.5559596199396781,opth,3,False,mlp1,bce,msle
50,0.8781278127812782,0.022714192476678656,0.2,0.9162916291629163,0.9960861056751468,0.9545241443975622,5.0,Artemisia.absinthium,0.11629162916291635,opth,3,False,mlp1,bce,msle
51,0.89927352398524,0.31326454454887087,0.8125,0.8302583025830258,0.9933774834437086,0.9045226130653267,32.0,Artemisia.campestris,0.6427583025830259,opth,3,False,mlp1,bce,msle
52,0.7953453453453454,0.02327765569214187,0.16666666666666666,0.9351351351351351,0.9952061361457335,0.9642359498374361,6.0,Artemisia.vulgaris,0.10180180180180187,opth,3,False,mlp1,bce,msle
53,0.8123439450686641,0.1404428191669703,0.4583333333333333,0.8342696629213483,0.9716466739367503,0.8977329974811084,48.0,Asperula.cynanchica,0.29260299625468167,opth,3,False,mlp1,bce,msle
54,0.9232851985559567,0.07561677447750043,0.875,0.8014440433212996,0.9988751406074241,0.8893340010015023,8.0,Asphodelus.albus,0.6764440433212995,opth,3,False,mlp1,bce,msle
55,0.8851033834586466,0.25027976437583754,0.7115384615384616,0.8270676691729323,0.9832402234636871,0.8984175599795814,52.0,Aster.alpinus,0.5386061307113938,opth,3,False,mlp1,bce,msle
56,0.8423382173382173,0.10806719369698631,0.7083333333333334,0.826007326007326,0.9922992299229924,0.9015492253873063,24.0,Aster.bellidiastrum,0.5343406593406592,opth,3,False,mlp1,bce,msle
57,0.7006283662477558,0.00448439510939511,0.5,0.7001795332136446,0.998719590268886,0.8232189973614775,2.0,Aster.linosyris,0.20017953321364468,opth,3,False,mlp1,bce,msle
58,0.8903107861060329,0.24282299463305734,0.5,0.923217550274223,0.9892262487757101,0.9550827423167849,22.0,Astragalus.alpinus,0.42321755027422303,opth,3,False,mlp1,bce,msle
59,0.6061695118298892,0.005053800577871204,0.3333333333333333,0.6729559748427673,0.9973368841544608,0.8036480686695279,3.0,Astragalus.depressus,0.0062893081761006275,opth,3,False,mlp1,bce,msle
60,0.8600916590284143,0.10099891433639666,0.64,0.8340971585701191,0.9902067464635473,0.9054726368159204,25.0,Astragalus.monspessulanus,0.47409715857011925,opth,3,False,mlp1,bce,msle
61,0.8938707729468599,0.3758532278893854,0.6666666666666666,0.8677536231884058,0.9958419958419958,0.9273959341723137,12.0,Astragalus.onobrychis,0.5344202898550723,opth,3,False,mlp1,bce,msle
62,0.7957809694793537,0.04769168191986984,0.5,0.7998204667863554,0.9988789237668162,0.8883349950149552,2.0,Astragalus.penduliflorus,0.2998204667863553,opth,3,False,mlp1,bce,msle
63,0.8897706498254945,0.16389783262892185,0.9545454545454546,0.7257769652650823,0.9987421383647799,0.8406564319745897,22.0,Astrantia.major,0.6803224198105369,opth,3,False,mlp1,bce,msle
64,0.9943794964028776,0.3353386809269162,1.0,0.8507194244604317,1.0,0.9193391642371235,4.0,Astrantia.minor,0.8507194244604317,opth,3,False,mlp1,bce,msle
65,0.8112365229110512,0.15900410916724533,0.6428571428571429,0.7971698113207547,0.976878612716763,0.8779220779220779,56.0,Deschampsia.flexuosa,0.4400269541778976,opth,3,False,mlp1,bce,msle
66,0.8434187499110738,0.21952776210255737,0.6417910447761194,0.8255481410867492,0.9730337078651685,0.8932439401753481,67.0,Bartsia.alpina,0.4673391858628686,opth,3,False,mlp1,bce,msle
67,0.8889063262886239,0.32290823415962056,0.8703703703703703,0.7306967984934086,0.9910600255427842,0.8411924119241192,54.0,Bellis.perennis,0.601067168863779,opth,3,False,mlp1,bce,msle
68,0.8085208463273041,0.07018945624614692,0.6842105263157895,0.772105742935278,0.9929660023446659,0.8687179487179487,19.0,Biscutella.laevigata,0.4563162692510674,opth,3,False,mlp1,bce,msle
69,0.8358323453518377,0.04239753861401491,0.5384615384615384,0.8195829555757026,0.9934065934065934,0.8981619473422752,13.0,Blackstonia.perfoliata,0.3580444940372409,opth,3,False,mlp1,bce,msle
70,0.8495036101083032,0.08562757146975183,0.75,0.7969314079422383,0.9977401129943503,0.8861013547415956,8.0,Blysmus.compressus,0.5469314079422383,opth,3,False,mlp1,bce,msle
71,0.9446090428957877,0.2083072622395099,0.7142857142857143,0.8954012623985572,0.9979899497487437,0.9439163498098859,7.0,Bothriochloa.ischaemum,0.6096869766842716,opth,3,False,mlp1,bce,msle
72,0.8231655001128922,0.2127484581242988,0.6395348837209303,0.8155339805825242,0.9644087256027555,0.8837453971593898,86.0,Botrychium.lunaria,0.4550688643034544,opth,3,False,mlp1,bce,msle
73,0.810251798561151,0.020361579207096827,0.75,0.835431654676259,0.9989247311827957,0.9098922624877571,4.0,Brachypodium.sylvaticum,0.585431654676259,opth,3,False,mlp1,bce,msle
74,0.7290554737121743,0.3631490446552724,0.6127659574468085,0.684449489216799,0.8688760806916427,0.7657142857142857,235.0,Briza.media,0.29721544666360744,opth,3,False,mlp1,bce,msle
75,0.8885669380746649,0.7506932169264366,0.803921568627451,0.8347457627118644,0.8807749627421758,0.8571428571428571,408.0,Bromus.erectus,0.6386673313393154,opth,3,False,mlp1,bce,msle
76,0.8792675356921167,0.21653888237216806,0.9047619047619048,0.7383612662942272,0.9949811794228356,0.8476750400855158,42.0,Bromus.hordeaceus,0.643123171056132,opth,3,False,mlp1,bce,msle
77,0.9107517220724769,0.02384920634920635,1.0,0.7960467205750225,1.0,0.8864432216108054,3.0,Bromus.squarrosus,0.7960467205750223,opth,3,False,mlp1,bce,msle
78,0.8517630282603059,0.05818149375972926,0.8571428571428571,0.690562613430127,0.9973787680209698,0.8160857908847186,14.0,Bromus.sterilis,0.5477054705729842,opth,3,False,mlp1,bce,msle
79,0.7386138613861387,0.014474814698308696,0.4,0.8478847884788479,0.9968253968253968,0.9163424124513618,5.0,Bromus.tectorum,0.24788478847884798,opth,3,False,mlp1,bce,msle
80,0.861036238394729,0.09126559714795009,1.0,0.6289308176100629,1.0,0.7722007722007722,3.0,Bunias.orientalis,0.6289308176100628,opth,3,False,mlp1,bce,msle
81,0.8462594696969697,0.27329768426394396,0.8166666666666667,0.7102272727272727,0.985545335085414,0.825536598789213,60.0,Bunium.bulbocastanum,0.5268939393939394,opth,3,False,mlp1,bce,msle
82,0.6847884788478849,0.007987331557440577,0.6,0.648964896489649,0.9972337482710927,0.7862595419847328,5.0,Buphthalmum.salicifolium,0.24896489648964892,opth,3,False,mlp1,bce,msle
83,0.8354290899662951,0.10888950346851349,0.5,0.9038112522686026,0.9930209371884346,0.9463182897862232,14.0,Bupleurum.falcatum,0.4038112522686026,opth,3,False,mlp1,bce,msle
84,0.8470653886554622,0.09445391884570209,0.75,0.7830882352941176,0.9918509895227008,0.8751926040061633,28.0,Bupleurum.ranunculoides,0.5330882352941178,opth,3,False,mlp1,bce,msle
85,0.8201970443349754,0.10803447430375525,0.7857142857142857,0.6842105263157895,0.9960369881109643,0.8111888111888111,14.0,Calamagrostis.varia,0.4699248120300752,opth,3,False,mlp1,bce,msle
86,0.5968852949985025,0.004359211592269128,0.3333333333333333,0.7097933513027853,0.9974747474747475,0.8293963254593176,3.0,Calluna.vulgaris,0.043126684636118684,opth,3,False,mlp1,bce,msle
87,0.950148138606209,0.19817286956209848,0.5714285714285714,0.9837691614066727,0.9972577696526508,0.9904675442578302,7.0,Calystegia.sepium,0.5551977328352442,opth,3,False,mlp1,bce,msle
88,0.8343872327612165,0.2816472291827997,0.5555555555555556,0.8238482384823849,0.9956331877729258,0.9016312407315867,9.0,Campanula.barbata,0.37940379403794044,opth,3,False,mlp1,bce,msle
89,0.7758044930176078,0.057737398001676155,0.3333333333333333,0.8178506375227687,0.9868131868131869,0.8944223107569721,18.0,Campanula.cochleariifolia,0.15118397085610202,opth,3,False,mlp1,bce,msle
90,0.851478369125428,0.18377019181403098,0.8222222222222222,0.7301587301587301,0.9898734177215189,0.8404083825900054,45.0,Campanula.glomerata,0.5523809523809522,opth,3,False,mlp1,bce,msle
91,0.886036036036036,0.03517553407816059,0.6666666666666666,0.8675675675675676,0.9979274611398964,0.9281927710843374,6.0,Campanula.rapunculoides,0.5342342342342343,opth,3,False,mlp1,bce,msle
92,0.6776079136690647,0.01353511494169854,0.5,0.9073741007194245,0.9980217606330366,0.9505416862929816,4.0,Campanula.rapunculus,0.4073741007194245,opth,3,False,mlp1,bce,msle
93,0.876406202493159,0.4855191701922783,0.8365384615384616,0.7460474308300395,0.977979274611399,0.8464125560538116,104.0,Campanula.rhomboidalis,0.5825858923685012,opth,3,False,mlp1,bce,msle
94,0.6368509805554399,0.13677714780987324,0.6595744680851063,0.5743639921722113,0.9483037156704361,0.7154174283973187,94.0,Campanula.rotundifolia,0.2339384602573178,opth,3,False,mlp1,bce,msle
95,0.8816508035574973,0.3995181213492183,0.7230769230769231,0.8407707910750507,0.9583815028901734,0.8957320367368989,130.0,Campanula.scheuchzeri,0.5638477141519738,opth,3,False,mlp1,bce,msle
96,0.979372197309417,0.041666666666666664,1.0,0.8116591928251121,1.0,0.8960396039603961,1.0,Campanula.thyrsoides,0.811659192825112,opth,3,False,mlp1,bce,msle
97,0.7004541326067212,0.028694748019060322,0.6666666666666666,0.594913714804723,0.9924242424242424,0.7438955139125497,15.0,Capsella.bursa.pastoris,0.2615803814713895,opth,3,False,mlp1,bce,msle
98,0.925858951175407,0.2067457528228523,0.8,0.8607594936708861,0.9979035639412998,0.9242718446601942,10.0,Cardamine.pratensis,0.660759493670886,opth,3,False,mlp1,bce,msle
99,0.8250860398530815,0.3433199105619273,0.7676056338028169,0.7515400410677618,0.9568627450980393,0.8418631397354802,142.0,Carduus.defloratus,0.5191456748705787,opth,3,False,mlp1,bce,msle
100,0.6415738231456388,0.015325372849829351,0.6666666666666666,0.5004516711833785,0.9946140035906643,0.6658653846153846,9.0,Carduus.nutans,0.16711833785004515,opth,3,False,mlp1,bce,msle
101,0.8445750452079567,0.03600976018363148,0.7,0.8218806509945751,0.9967105263157895,0.9008919722497523,10.0,Carex.atrata,0.521880650994575,opth,3,False,mlp1,bce,msle
102,0.9476562874826081,0.3525495328812689,0.7894736842105263,0.8878760255241568,0.9959100204498977,0.9387951807228916,19.0,Carex.capillaris,0.677349709734683,opth,3,False,mlp1,bce,msle
103,0.7351916376306621,0.22807727283315318,0.5824175824175825,0.7034146341463414,0.9499341238471674,0.8082959641255605,91.0,Carex.caryophyllea,0.28583221656392377,opth,3,False,mlp1,bce,msle
104,0.9031190926275992,0.26175884888918316,0.8103448275862069,0.8251417769376181,0.9875565610859729,0.8990731204943357,58.0,Carex.curvula,0.635486604523825,opth,3,False,mlp1,bce,msle
105,0.7224187577128753,0.05345576468021968,0.45454545454545453,0.9140271493212669,0.9940944881889764,0.9523809523809523,11.0,Carex.davalliana,0.3685726038667214,opth,3,False,mlp1,bce,msle
106,0.8332581227436824,0.1600178841965192,1.0,0.5568592057761733,1.0,0.7153623188405797,8.0,Carex.distans,0.5568592057761732,opth,3,False,mlp1,bce,msle
107,0.8779226618705036,0.020894437613902916,1.0,0.6025179856115108,1.0,0.7519640852974186,4.0,Carex.divulsa,0.6025179856115108,opth,3,False,mlp1,bce,msle
108,0.835278276481149,0.007880591575814631,1.0,0.748653500897666,1.0,0.8562628336755647,2.0,Carex.ericetorum,0.748653500897666,opth,3,False,mlp1,bce,msle
109,0.6746852517985611,0.0358577695912133,0.5,0.6537769784172662,0.9972565157750343,0.7897881586094514,4.0,Carex.ferruginea,0.15377697841726623,opth,3,False,mlp1,bce,msle
110,0.7170369606680757,0.16226428133747223,0.43157894736842106,0.8158667972575906,0.939120631341601,0.8731656184486373,95.0,Carex.flacca,0.24744574462601165,opth,3,False,mlp1,bce,msle
111,0.8501122937213162,0.16187310903101398,0.6578947368421053,0.8469387755102041,0.9859611231101512,0.9111776447105788,38.0,Carex.halleriana,0.5048335123523096,opth,3,False,mlp1,bce,msle
112,0.876457323801756,0.10533175407770719,0.7894736842105263,0.8404740200546946,0.9956803455723542,0.9115175481957489,19.0,Carex.hirta,0.6299477042652208,opth,3,False,mlp1,bce,msle
113,0.8505850585058505,0.06062180243998426,0.4,0.945994599459946,0.9971537001897534,0.9709006928406466,5.0,Carex.hostiana,0.34599459945994604,opth,3,False,mlp1,bce,msle
114,0.858904491029874,0.1806468738976524,0.6521739130434783,0.8490393412625801,0.9914529914529915,0.9147363233119763,23.0,Carex.humilis,0.5012132543060583,opth,3,False,mlp1,bce,msle
115,0.8322765700483091,0.056032367359676594,0.3333333333333333,0.9329710144927537,0.9922928709055877,0.96171802054155,12.0,Carex.liparocarpos,0.2663043478260869,opth,3,False,mlp1,bce,msle
116,0.6793911970382558,0.05718050085844157,0.5454545454545454,0.6624434389140271,0.9932157394843962,0.7947882736156352,11.0,Carex.montana,0.20789798436857243,opth,3,False,mlp1,bce,msle
117,0.867205480918482,0.10203635605831794,0.8823529411764706,0.7142857142857143,0.9974587039390089,0.8324496288441146,17.0,Carex.spicata,0.596638655462185,opth,3,False,mlp1,bce,msle
118,0.7860383717915478,0.2700463714883716,0.5714285714285714,0.8475499092558983,0.9936170212765958,0.9147894221351616,14.0,Carex.nigra,0.41897848068446963,opth,3,False,mlp1,bce,msle
119,0.880884301555199,0.06565524920593489,0.9230769230769231,0.7370806890299184,0.9987714987714987,0.8482003129890454,13.0,Carex.ornithopoda,0.6601576121068415,opth,3,False,mlp1,bce,msle
120,0.8429452900041137,0.09449029579880325,0.36363636363636365,0.9067873303167421,0.9930624380574826,0.9479659413434248,11.0,Carex.pallescens,0.2704236939531057,opth,3,False,mlp1,bce,msle
121,0.7276626947754353,0.07609129439660535,0.44,0.8276810265811182,0.9847328244274809,0.899402390438247,25.0,Carex.panicea,0.26768102658111825,opth,3,False,mlp1,bce,msle
122,0.9238696380265361,0.04330883523968116,1.0,0.8106402164111812,1.0,0.8954183266932271,7.0,Carex.rupestris,0.8106402164111812,opth,3,False,mlp1,bce,msle
123,0.8570509011685482,0.4670748997730906,0.898989898989899,0.7069716775599129,0.9701046337817638,0.8178954001260239,198.0,Carex.sempervirens,0.6059615765498119,opth,3,False,mlp1,bce,msle
124,0.8024966873561615,0.03878237500724927,0.6923076923076923,0.8050770625566637,0.9955156950672646,0.8902255639097745,13.0,Carex.tomentosa,0.49738475486435596,opth,3,False,mlp1,bce,msle
125,0.8225218104994375,0.4038274056077541,0.7164179104477612,0.7759674134419552,0.9525,0.8552188552188552,134.0,Carlina.acaulis,0.49238532388971645,opth,3,False,mlp1,bce,msle
126,0.8725693867375769,0.0827574513526496,0.6363636363636364,0.8820840950639853,0.9917780061664954,0.9337203676826318,22.0,Carlina.vulgaris,0.5184477314276217,opth,3,False,mlp1,bce,msle
127,0.8739544702459063,0.3309066768738079,0.8352941176470589,0.7439379243452958,0.9820742637644047,0.8465783664459161,85.0,Carum.carvi,0.5792320419923547,opth,3,False,mlp1,bce,msle
128,0.8315390238873304,0.38383558831160186,0.9112426035502958,0.6747624076029567,0.9770642201834863,0.7982510930668333,169.0,Centaurea.jacea,0.5860050111532527,opth,3,False,mlp1,bce,msle
129,0.9207437563983525,0.21645463643091714,0.8974358974358975,0.8207985143918292,0.9954954954954955,0.8997455470737914,39.0,Centaurea.montana,0.7182344118277266,opth,3,False,mlp1,bce,msle
130,0.8367728672389909,0.32181793483470855,0.7876106194690266,0.7308075772681955,0.9682959048877147,0.8329545454545455,113.0,Centaurea.scabiosa,0.5184181967372221,opth,3,False,mlp1,bce,msle
131,0.8100910337947376,0.5014811132573888,0.6933333333333334,0.7407407407407407,0.9053497942386831,0.8148148148148148,225.0,Cerastium.arvense,0.43407407407407406,opth,3,False,mlp1,bce,msle
132,0.8928340645512363,0.2062796117240743,0.6666666666666666,0.8402203856749312,0.9902597402597403,0.9090909090909091,27.0,Cerastium.brachypetalum,0.5068870523415978,opth,3,False,mlp1,bce,msle
133,0.8090745069957808,0.3555397586231712,0.7482993197278912,0.7285861713106295,0.9502018842530283,0.8247663551401869,147.0,Cerastium.fontanum,0.47688549103852074,opth,3,False,mlp1,bce,msle
134,0.9488949439903118,0.34965215025034097,0.8666666666666667,0.8946412352406903,0.9979736575481256,0.9434865900383141,15.0,Cerastium.glomeratum,0.761307901907357,opth,3,False,mlp1,bce,msle
135,0.859715909090909,0.05132269835853777,0.5625,0.860909090909091,0.9926624737945493,0.9221032132424537,16.0,Cerastium.pumilum,0.42340909090909085,opth,3,False,mlp1,bce,msle
136,0.746996996996997,0.014382068799229222,0.5,0.8108108108108109,0.9966777408637874,0.8941877794336811,6.0,Cerastium.semidecandrum,0.31081081081081097,opth,3,False,mlp1,bce,msle
137,0.8357405462184875,0.12123481805526302,0.7142857142857143,0.7803308823529411,0.9906651108518086,0.8730077120822622,28.0,Chaerophyllum.aureum,0.49461659663865554,opth,3,False,mlp1,bce,msle
138,0.8587950348168332,0.08829909595396555,0.8,0.7275204359673024,0.996268656716418,0.8409448818897638,15.0,Chaerophyllum.hirsutum,0.5275204359673025,opth,3,False,mlp1,bce,msle
139,0.9486034798534798,0.31734725936120933,0.7916666666666666,0.9432234432234432,0.9951690821256038,0.9685002350728726,24.0,Chaerophyllum.villarsii,0.7348901098901099,opth,3,False,mlp1,bce,msle
140,0.6265709156193896,0.003520909830207743,0.0,0.8258527827648114,0.9978308026030369,0.9037328094302554,2.0,Chenopodium.album,-0.17414721723518856,opth,3,False,mlp1,bce,msle
141,0.716501798561151,0.014087300032282203,0.5,0.7634892086330936,0.9976498237367802,0.8650025471217524,4.0,Chondrilla.juncea,0.26348920863309355,opth,3,False,mlp1,bce,msle
142,0.5989817310572028,0.0042873397525902725,0.0,0.7654986522911051,0.9964912280701754,0.8658536585365854,3.0,Cichorium.intybus,-0.23450134770889486,opth,3,False,mlp1,bce,msle
143,0.7013659167755087,0.16292195381723606,0.34177215189873417,0.8476374156219865,0.9441460794844253,0.8932926829268293,79.0,Cirsium.acaule,0.18940956752072058,opth,3,False,mlp1,bce,msle
144,0.7953198019111389,0.1528250441492433,0.7777777777777778,0.635593220338983,0.982532751091703,0.7718696397941681,54.0,Cirsium.arvense,0.4133709981167608,opth,3,False,mlp1,bce,msle
145,0.8061703002879473,0.08582569223126758,0.5454545454545454,0.8895927601809954,0.9949392712550608,0.9393215480172001,11.0,Cirsium.eriophorum,0.43504730563554084,opth,3,False,mlp1,bce,msle
146,0.9002700270027003,0.06646152541681301,0.4,0.9477947794779478,0.9971590909090909,0.9718504845408399,5.0,Cirsium.palustre,0.3477947794779479,opth,3,False,mlp1,bce,msle
147,0.8297635767790263,0.16788795380775356,0.4375,0.8820224719101124,0.9721362229102167,0.9248895434462445,48.0,Cirsium.spinosissimum,0.3195224719101124,opth,3,False,mlp1,bce,msle
148,0.8293706293706293,0.03325321570119942,0.9090909090909091,0.6298642533936651,0.9985652797704447,0.7724750277469479,11.0,Cirsium.tuberosum,0.5389551624845743,opth,3,False,mlp1,bce,msle
149,0.8188881502409838,0.12722910465420387,0.5909090909090909,0.8610603290676416,0.9905362776025236,0.9212713936430318,22.0,Cirsium.vulgare,0.45196941997673257,opth,3,False,mlp1,bce,msle
150,0.7888934594816948,0.0351853952454985,1.0,0.465158371040724,1.0,0.6349598517603459,11.0,Clinopodium.vulgare,0.4651583710407241,opth,3,False,mlp1,bce,msle
151,0.8415738740235998,0.1253248345216579,0.6363636363636364,0.8519195612431444,0.9914893617021276,0.9164208456243854,22.0,Coeloglossum.viride,0.48828319760678074,opth,3,False,mlp1,bce,msle
152,0.8467963807196844,0.33429183265526197,0.8080808080808081,0.744346116027532,0.9755154639175257,0.8443948689347462,99.0,Colchicum.autumnale,0.5524269241083402,opth,3,False,mlp1,bce,msle
153,0.8528011016965361,0.30070143961895346,0.7959183673469388,0.6663542642924086,0.986130374479889,0.7953020134228188,49.0,Convolvulus.arvensis,0.4622726316393475,opth,3,False,mlp1,bce,msle
154,0.7717377302589203,0.015418238014814886,0.7142857142857143,0.7132551848512173,0.9974779319041615,0.8317560462670873,7.0,Conyza.canadensis,0.4275408991369316,opth,3,False,mlp1,bce,msle
155,0.8459177409453653,0.1018272504558455,0.36666666666666664,0.9263351749539595,0.9814634146341463,0.9531027948839412,30.0,Coronilla.minima,0.29300184162062615,opth,3,False,mlp1,bce,msle
156,0.8137801400051854,0.049518818734737485,0.2857142857142857,0.9010889292196007,0.9900299102691924,0.9434679334916865,14.0,Crepis.aurea,0.18680321493388652,opth,3,False,mlp1,bce,msle
157,0.8663946432308014,0.21326731387300246,0.7777777777777778,0.7871939736346516,0.9858490566037735,0.875392670157068,54.0,Crepis.biennis,0.5649717514124295,opth,3,False,mlp1,bce,msle
158,0.976985559566787,0.3728071783728452,1.0,0.8447653429602888,1.0,0.9158512720156555,8.0,Crepis.bocconi,0.8447653429602888,opth,3,False,mlp1,bce,msle
159,0.9118746883829151,0.300347227173034,0.9090909090909091,0.7778793418647166,0.9976553341148886,0.8741653826399589,22.0,Crepis.conyzifolia,0.6869702509556257,opth,3,False,mlp1,bce,msle
160,0.8316116255419365,0.05612310728066132,0.8235294117647058,0.740673339399454,0.996328029375765,0.8496868475991649,17.0,Crepis.foetida,0.5642027511641599,opth,3,False,mlp1,bce,msle
161,0.9494149414941494,0.12853258636788048,0.6,0.9243924392439244,0.9980563654033042,0.9598130841121495,5.0,Crepis.mollis,0.5243924392439245,opth,3,False,mlp1,bce,msle
162,0.8694852941176472,0.251502687769181,0.8571428571428571,0.8051470588235294,0.9954545454545455,0.8902439024390244,28.0,Crepis.pyrenaica,0.6622899159663866,opth,3,False,mlp1,bce,msle
163,0.874983480903925,0.17738129912074452,0.8285714285714286,0.7650323774283071,0.992797118847539,0.864158829676071,35.0,Crepis.vesicaria,0.5936038059997357,opth,3,False,mlp1,bce,msle
164,0.8783078307830783,0.02335900438111886,0.4,0.8550855085508551,0.9968520461699895,0.9205426356589147,5.0,Cruciata.glabra,0.255085508550855,opth,3,False,mlp1,bce,msle
165,0.8673660547021357,0.07442828893955658,0.9411764705882353,0.6305732484076433,0.9985590778097982,0.7730061349693251,17.0,Cruciata.laevipes,0.5717497189958785,opth,3,False,mlp1,bce,msle
166,0.6432432432432433,0.0119928010939989,0.3333333333333333,0.6621621621621622,0.9945872801082544,0.7950243374797188,6.0,Cruciata.pedemontana,-0.0045045045045044585,opth,3,False,mlp1,bce,msle
167,0.7280690454721113,0.02656220254082744,0.8571428571428571,0.6239855725879171,0.9985569985569985,0.7680355160932297,7.0,Cuscuta.epithymum,0.4811284297307741,opth,3,False,mlp1,bce,msle
168,0.838149089588629,0.23307321454598673,0.7297297297297297,0.7571976967370442,0.9752781211372065,0.8525121555915721,74.0,Cynosurus.cristatus,0.486927426466774,opth,3,False,mlp1,bce,msle
169,0.8399511391608522,0.6504462512927169,0.847887323943662,0.7082785808147175,0.9089376053962901,0.7961595273264401,355.0,Dactylis.glomerata,0.5561659047583793,opth,3,False,mlp1,bce,msle
170,0.8286995515695067,0.005208333333333333,1.0,0.5946188340807175,1.0,0.7457817772778402,1.0,Dactylorhiza.maculata,0.5946188340807175,opth,3,False,mlp1,bce,msle
171,0.63145691098802,0.02757263373884767,0.42857142857142855,0.612263300270514,0.9941434846266471,0.7578125,7.0,Dactylorhiza.majalis,0.040834728841942614,opth,3,False,mlp1,bce,msle
172,0.6405125899280575,0.006064908639189027,0.5,0.5818345323741008,0.9969183359013868,0.7348097671777399,4.0,Danthonia.decumbens,0.08183453237410077,opth,3,False,mlp1,bce,msle
173,0.8493427496262694,0.2869750571416255,0.8421052631578947,0.6973555337904016,0.9793672627235214,0.8146453089244852,95.0,Daucus.carota,0.5394607969482963,opth,3,False,mlp1,bce,msle
174,0.7935385567697545,0.1379880878981774,0.7435897435897436,0.7298050139275766,0.9874371859296482,0.8392952482648158,39.0,Deschampsia.cespitosa,0.4733947575173203,opth,3,False,mlp1,bce,msle
175,0.7338262476894639,0.07290629805333358,0.8235294117647058,0.5859519408502772,0.990625,0.7363530778164924,34.0,Dianthus.carthusianorum,0.409481352614983,opth,3,False,mlp1,bce,msle
176,0.6381638163816382,0.015422796354380357,0.4,0.6507650765076508,0.9958677685950413,0.7871529667936854,5.0,Dianthus.deltoides,0.05076507650765083,opth,3,False,mlp1,bce,msle
177,0.8762081784386617,0.1853889721202811,0.625,0.8847583643122676,0.984488107549121,0.9319627998042095,40.0,Dianthus.sylvestris,0.5097583643122676,opth,3,False,mlp1,bce,msle
178,0.9490865528601378,0.03482744107744108,1.0,0.8158131176999102,1.0,0.8985650667986146,3.0,Dipsacus.fullonum,0.8158131176999102,opth,3,False,mlp1,bce,msle
179,0.8778409090909091,0.2645104578649912,0.9333333333333333,0.7376893939393939,0.9948914431673053,0.8471995649809679,60.0,Draba.aizoides,0.6710227272727272,opth,3,False,mlp1,bce,msle
180,0.9452914798206278,0.016129032258064516,1.0,0.9040358744394619,1.0,0.9495996231747527,1.0,Draba.siliquosa,0.9040358744394619,opth,3,False,mlp1,bce,msle
181,0.8843315307961772,0.22893887644603803,0.8888888888888888,0.7887970615243343,0.9965197215777262,0.8805740645822655,27.0,Dryas.octopetala,0.6776859504132231,opth,3,False,mlp1,bce,msle
182,0.6151542377957472,0.004763170660511872,0.0,0.8867924528301887,0.996969696969697,0.9386590584878745,3.0,Dryopteris.filix.mas,-0.1132075471698113,opth,3,False,mlp1,bce,msle
183,0.767210233375647,0.08941345304014343,0.47368421052631576,0.8079777365491652,0.9775533108866442,0.8847130523108176,38.0,Echium.vulgare,0.28166194707548087,opth,3,False,mlp1,bce,msle
184,0.6862657091561939,0.004166666666666667,0.0,0.9030520646319569,0.998015873015873,0.9481621112158342,2.0,Epilobium.angustifolium,-0.09694793536804314,opth,3,False,mlp1,bce,msle
185,0.5527027027027027,0.007274017928568471,0.6666666666666666,0.4252252252252252,0.9957805907172996,0.5959595959595959,6.0,Epipactis.palustris,0.09189189189189184,opth,3,False,mlp1,bce,msle
186,0.8229193673839772,0.05300103092200386,0.8571428571428571,0.6724137931034483,0.9973082099596231,0.8032520325203252,14.0,Equisetum.arvense,0.5295566502463054,opth,3,False,mlp1,bce,msle
187,0.6432801365050688,0.014458576418882535,0.3333333333333333,0.8635953026196929,0.9937629937629938,0.9241179313678105,9.0,Equisetum.palustre,0.19692863595302623,opth,3,False,mlp1,bce,msle
188,0.924228811021264,0.02237381025259813,0.0,0.9928122192273136,0.9972924187725631,0.995047276001801,3.0,Equisetum.telmateia,-0.007187780772686447,opth,3,False,mlp1,bce,msle
189,0.9385098743267505,0.03597449908925319,0.5,0.9066427289048474,0.9990108803165183,0.9505882352941176,2.0,Erigeron.acer,0.4066427289048473,opth,3,False,mlp1,bce,msle
190,0.8237673477927331,0.05508389504433688,0.38461538461538464,0.8757932910244787,0.9917864476386037,0.9301877708233028,13.0,Erigeron.alpinus,0.26040867563986336,opth,3,False,mlp1,bce,msle
191,0.9136503505377027,0.15450372575136784,0.9655172413793104,0.7902483900643974,0.9988372093023256,0.8823831535695943,29.0,Erigeron.annuus,0.7557656314437078,opth,3,False,mlp1,bce,msle
192,0.8015967153284671,0.04471235431760465,0.25,0.9014598540145985,0.9850448654037887,0.9414006669842783,20.0,Erigeron.glabratus,0.1514598540145986,opth,3,False,mlp1,bce,msle
193,0.8525652565256526,0.05366503050885949,0.8,0.801980198019802,0.9988789237668162,0.8896655017473789,5.0,Erigeron.neglectus,0.6019801980198021,opth,3,False,mlp1,bce,msle
194,0.9001444327731092,0.2021243938526213,0.7857142857142857,0.7941176470588235,0.993103448275862,0.8825331971399387,28.0,Erigeron.uniflorus,0.5798319327731092,opth,3,False,mlp1,bce,msle
195,0.7981531667168523,0.04040062341250857,0.3333333333333333,0.95483288166215,0.9943555973659455,0.9741935483870968,9.0,Erodium.cicutarium,0.28816621499548334,opth,3,False,mlp1,bce,msle
196,0.7693920335429769,0.11998264736185672,0.3333333333333333,0.9371069182389937,0.9980861244019139,0.9666357738646896,3.0,Erophila.verna,0.270440251572327,opth,3,False,mlp1,bce,msle
197,0.8829074607748959,0.3519256191450495,0.7066666666666667,0.8338136407300673,0.9752808988764045,0.8990160538581046,75.0,Eryngium.campestre,0.5404803073967339,opth,3,False,mlp1,bce,msle
198,0.8371385083713851,0.08618088923034778,0.7142857142857143,0.8018264840182648,0.9932126696832579,0.8873168266801414,21.0,Erysimum.rhaeticum,0.5161121983039791,opth,3,False,mlp1,bce,msle
199,0.8715702692258147,0.2579748888662721,0.7142857142857143,0.8259693417493237,0.9978213507625272,0.9037987173162308,7.0,Erysimum.virgatum,0.5402550560350381,opth,3,False,mlp1,bce,msle
200,0.8092459605026929,0.04407051282051282,0.5,0.9865350089766607,0.9990909090909091,0.992773261065944,2.0,Eupatorium.cannabinum,0.4865350089766607,opth,3,False,mlp1,bce,msle
201,0.7399378618839147,0.2576700940049408,0.6643835616438356,0.6670103092783505,0.9295977011494253,0.7767106842737095,146.0,Euphorbia.cyparissias,0.3313938709221862,opth,3,False,mlp1,bce,msle
202,0.8182274415336747,0.054171606748008055,0.7777777777777778,0.8482384823848238,0.997874601487779,0.9169921875,9.0,Euphorbia.dulcis,0.6260162601626016,opth,3,False,mlp1,bce,msle
203,0.7121076233183856,0.003105590062111801,0.0,0.7183856502242153,0.9987531172069826,0.8356807511737089,1.0,Euphorbia.helioscopia,-0.2816143497757847,opth,3,False,mlp1,bce,msle
204,0.8955895589558955,0.42288413341044917,0.8,0.9558955895589559,0.9990592662276576,0.9770009199632015,5.0,Euphorbia.seguieriana,0.7558955895589561,opth,3,False,mlp1,bce,msle
205,0.8383146578816186,0.197901974585952,0.8837209302325582,0.6057781919850885,0.9923664122137404,0.7523148148148148,43.0,Euphorbia.brittingeri,0.4894991222176466,opth,3,False,mlp1,bce,msle
206,0.8233730878921443,0.048957542557465,0.5714285714285714,0.8720508166969148,0.9937952430196484,0.9289511841469309,14.0,Euphrasia.alpina,0.44347938812548615,opth,3,False,mlp1,bce,msle
207,0.891975693146741,0.2716687966580382,0.8695652173913043,0.7803247373447947,0.9891041162227603,0.8723972237052856,69.0,Euphrasia.minima,0.649889954736099,opth,3,False,mlp1,bce,msle
208,0.8290123456790124,0.1781768528688994,0.75,0.7981481481481482,0.9896670493685419,0.8836494105586878,36.0,Euphrasia.salisburgensis,0.5481481481481483,opth,3,False,mlp1,bce,msle
209,0.9399730215827338,0.036374223602484476,1.0,0.7688848920863309,1.0,0.8693441789527199,4.0,Euphrasia.stricta,0.7688848920863309,opth,3,False,mlp1,bce,msle
210,0.8821657478373897,0.3945100496447959,0.9009009009009009,0.7393034825870647,0.9854111405835544,0.8447981807845367,111.0,Festuca.arundinacea,0.6402043834879656,opth,3,False,mlp1,bce,msle
211,0.8966125617501765,0.18962635358660038,0.6923076923076923,0.9220183486238532,0.9921026653504442,0.9557774607703281,26.0,Festuca.ovina,0.6143260409315454,opth,3,False,mlp1,bce,msle
212,0.9059674502712478,0.06851295309844908,1.0,0.7242314647377939,1.0,0.8400629260618773,10.0,Festuca.halleri,0.7242314647377939,opth,3,False,mlp1,bce,msle
213,0.8067068067068068,0.34784185186620264,0.6883116883116883,0.7650727650727651,0.9387755102040817,0.843069873997709,154.0,Festuca.laevigata,0.4533844533844533,opth,3,False,mlp1,bce,msle
214,0.7842930271567805,0.34485000825912154,0.7464788732394366,0.702258726899384,0.95,0.807556080283353,142.0,Festuca.nigrescens,0.4487376001388206,opth,3,False,mlp1,bce,msle
215,0.8837769541778976,0.3737247495370214,0.8571428571428571,0.8084905660377358,0.9907514450867052,0.8903896103896104,56.0,Festuca.paniculata,0.6656334231805929,opth,3,False,mlp1,bce,msle
216,0.9202320136228181,0.4014990311977031,0.9444444444444444,0.7691570881226054,0.9950433705080545,0.8676391139924365,72.0,Festuca.quadriflora,0.7136015325670497,opth,3,False,mlp1,bce,msle
217,0.6835341276192171,0.2306322391563695,0.463768115942029,0.7730061349693251,0.9108433734939759,0.8362831858407079,138.0,Festuca.rubra,0.23677425091135418,opth,3,False,mlp1,bce,msle
218,0.904852916735915,0.18428292135744156,0.8636363636363636,0.8382084095063985,0.9967391304347826,0.9106256206554121,22.0,Festuca.valesiaca,0.7018447731427622,opth,3,False,mlp1,bce,msle
219,0.8681216852980027,0.4209426356549242,0.8301886792452831,0.774294670846395,0.96484375,0.8591304347826086,159.0,Festuca.violacea,0.604483350091678,opth,3,False,mlp1,bce,msle
220,0.7977941176470589,0.1120510075537391,0.7857142857142857,0.6617647058823529,0.9917355371900827,0.7938257993384785,28.0,Filipendula.vulgaris,0.4474789915966386,opth,3,False,mlp1,bce,msle
221,0.6554602888086642,0.012855103552355465,0.375,0.7075812274368231,0.9936628643852978,0.8265682656826568,8.0,Fragaria.vesca,0.08258122743682295,opth,3,False,mlp1,bce,msle
222,0.8636908962597036,0.14410510690729744,0.34615384615384615,0.9477064220183486,0.9838095238095238,0.9654205607476636,26.0,Fumana.procumbens,0.2938602681721947,opth,3,False,mlp1,bce,msle
223,0.8498649864986498,0.042637328765177465,0.6,0.9477947794779478,0.9981042654028436,0.9722991689750693,5.0,Galeopsis.tetrahit,0.5477947794779476,opth,3,False,mlp1,bce,msle
224,0.8234601608095584,0.1183302883686135,0.8378378378378378,0.7145505097312326,0.9922779922779923,0.8308189655172413,37.0,Galium.anisophyllon,0.5523883475690705,opth,3,False,mlp1,bce,msle
225,0.8873429084380611,0.014901960784313726,1.0,0.5233393177737882,1.0,0.6870948733058339,2.0,Galium.aparine,0.5233393177737882,opth,3,False,mlp1,bce,msle
226,0.7676347583643122,0.09521451178069107,0.85,0.6171003717472119,0.991044776119403,0.7605956471935853,40.0,Galium.boreale,0.467100371747212,opth,3,False,mlp1,bce,msle
227,0.9018581834398691,0.18790914951376425,0.8064516129032258,0.8811059907834101,0.9937629937629938,0.9340498290180752,31.0,Galium.corrudifolium,0.6875576036866358,opth,3,False,mlp1,bce,msle
228,0.8308515014397366,0.039814990552379005,0.9090909090909091,0.6416289592760182,0.9985915492957746,0.781267217630854,11.0,Galium.glaucum,0.5507198683669272,opth,3,False,mlp1,bce,msle
229,0.7526459854014598,0.09560971147592227,0.6,0.6204379562043796,0.9883720930232558,0.7623318385650224,20.0,Galium.lucidum,0.22043795620437967,opth,3,False,mlp1,bce,msle
230,0.8081564321328488,0.45562061268849496,0.8685446009389671,0.6068660022148394,0.9513888888888888,0.7410412440838404,213.0,Galium.mollugo,0.47541060315380657,opth,3,False,mlp1,bce,msle
231,0.7563455634252363,0.2627366442031597,0.6119402985074627,0.7505091649694501,0.9340937896070975,0.8322981366459627,134.0,Galium.pumilum,0.36244946347691265,opth,3,False,mlp1,bce,msle
232,0.767496642301561,0.48626333303089503,0.8339100346020761,0.5792019347037485,0.9089184060721063,0.707533234859675,289.0,Galium.verum,0.4131119693058247,opth,3,False,mlp1,bce,msle
233,0.8881021520346871,0.12912794640609035,0.6956521739130435,0.8645928636779506,0.9926470588235294,0.9242053789731052,23.0,Genista.pilosa,0.560245037590994,opth,3,False,mlp1,bce,msle
234,0.8804122374902774,0.14044057663655865,0.7142857142857143,0.8339382940108893,0.9956663055254604,0.9076543209876543,14.0,Genista.sagittalis,0.5482240082966037,opth,3,False,mlp1,bce,msle
235,0.8134745242480048,0.0743857644308253,0.8666666666666667,0.7016574585635359,0.9947780678851175,0.8228941684665226,30.0,Genista.tinctoria,0.5683241252302027,opth,3,False,mlp1,bce,msle
236,0.8403176403857062,0.1275121444395438,0.6585365853658537,0.8018604651162791,0.9840182648401826,0.8836494105586878,41.0,Gentiana.acaulis,0.46039705048213264,opth,3,False,mlp1,bce,msle
237,0.7595840867992767,0.020962642118854874,0.7,0.7160940325497287,0.9962264150943396,0.8332456601788533,10.0,Gentiana.alpina,0.41609403254972865,opth,3,False,mlp1,bce,msle
238,0.9004315969085618,0.04266749678949888,0.3333333333333333,0.9322493224932249,0.9942196531791907,0.9622377622377623,9.0,Gentiana.bavarica,0.26558265582655816,opth,3,False,mlp1,bce,msle
239,0.7942394239423942,0.018946774437673602,0.8,0.684068406840684,0.9986859395532195,0.811965811965812,5.0,Gentiana.cruciata,0.484068406840684,opth,3,False,mlp1,bce,msle
240,0.8595109636629693,0.3259347183101907,0.8045977011494253,0.7648202137998056,0.9788557213930348,0.8587015821058375,87.0,Gentiana.lutea,0.5694179149492309,opth,3,False,mlp1,bce,msle
241,0.8731818181818183,0.1531637008926726,0.375,0.9545454545454546,0.9905660377358491,0.9722222222222222,16.0,Gentiana.nivalis,0.3295454545454546,opth,3,False,mlp1,bce,msle
242,0.8715189873417722,0.06534853894251681,0.8,0.759493670886076,0.997624703087886,0.8624229979466119,10.0,Gentiana.punctata,0.559493670886076,opth,3,False,mlp1,bce,msle
243,0.8982843243712809,0.4821862494986832,0.8347826086956521,0.8081918081918081,0.9770531400966184,0.8846364133406233,115.0,Gentiana.verna,0.6429744168874603,opth,3,False,mlp1,bce,msle
244,0.8476147264713508,0.06403925160679946,0.7857142857142857,0.8493647912885662,0.9968051118210862,0.9171974522292994,14.0,Geranium.columbinum,0.6350790770028518,opth,3,False,mlp1,bce,msle
245,0.9135105407882675,0.23940407587926787,0.92,0.7351054078826764,0.9975124378109452,0.8464379947229551,25.0,Geranium.dissectum,0.6551054078826763,opth,3,False,mlp1,bce,msle
246,0.9535024154589371,0.25666573765513606,1.0,0.8360507246376812,1.0,0.9107054760730143,12.0,Geranium.molle,0.8360507246376812,opth,3,False,mlp1,bce,msle
247,0.8548096707818931,0.17820583972616613,0.8333333333333334,0.7305555555555555,0.9924528301886792,0.8416,36.0,Geranium.pyrenaicum,0.5638888888888889,opth,3,False,mlp1,bce,msle
248,0.9156193895870736,0.03355812459858702,1.0,0.6624775583482945,1.0,0.796976241900648,2.0,Geranium.robertianum,0.6624775583482945,opth,3,False,mlp1,bce,msle
249,0.6070143884892086,0.0063454763005166715,0.25,0.8696043165467626,0.9969072164948454,0.9289145052833814,4.0,Geranium.rotundifolium,0.11960431654676262,opth,3,False,mlp1,bce,msle
250,0.5522611560347409,0.004036549809826008,0.3333333333333333,0.7681940700808625,0.9976662777129521,0.868020304568528,3.0,Geranium.sanguineum,0.10152740341419575,opth,3,False,mlp1,bce,msle
251,0.871928071928072,0.5114589495311449,0.8608695652173913,0.7642357642357642,0.9795134443021767,0.8585858585858586,115.0,Geranium.sylvaticum,0.6251053294531554,opth,3,False,mlp1,bce,msle
252,0.8800885079294172,0.40153717080729723,0.9391891891891891,0.7458677685950413,0.987688098495212,0.849911712772219,148.0,Geum.montanum,0.6850569577842305,opth,3,False,mlp1,bce,msle
253,0.909419991772933,0.13490415110123163,1.0,0.5828054298642534,1.0,0.73642081189251,11.0,Geum.rivale,0.5828054298642535,opth,3,False,mlp1,bce,msle
254,0.7721241787968569,0.03235958930925187,0.42857142857142855,0.9116321009918846,0.9960591133004926,0.9519774011299436,7.0,Geum.urbanum,0.34020352956331323,opth,3,False,mlp1,bce,msle
255,0.8610611510791366,0.04755741895356422,1.0,0.5665467625899281,1.0,0.7233065442020666,4.0,Glechoma.hederacea,0.5665467625899281,opth,3,False,mlp1,bce,msle
256,0.8650995543484498,0.19676606060750798,0.5918367346938775,0.9034676663542643,0.9796747967479674,0.9400292540224281,49.0,Globularia.bisnagarica,0.4953044010481418,opth,3,False,mlp1,bce,msle
257,0.8411609760946276,0.2831871436567765,0.6842105263157895,0.826251180358829,0.9798432250839866,0.8965163934426229,57.0,Globularia.cordifolia,0.5104617066746187,opth,3,False,mlp1,bce,msle
258,0.8688230008984726,0.013145131202586743,0.3333333333333333,0.8562443845462714,0.9979057591623036,0.9216634429400387,3.0,Globularia.nudicaulis,0.18957771787960476,opth,3,False,mlp1,bce,msle
259,0.7237740533829919,0.07998663523531586,0.6190476190476191,0.6452513966480447,0.9774330042313117,0.7773415591699383,42.0,Gymnadenia.conopsea,0.2642990156956637,opth,3,False,mlp1,bce,msle
260,0.8418749999999999,0.08136339579772171,0.5625,0.82,0.9922992299229924,0.8979591836734694,16.0,Gypsophila.repens,0.38249999999999984,opth,3,False,mlp1,bce,msle
261,0.7571728872688239,0.3769369027750825,0.6907216494845361,0.6778741865509761,0.9124087591240876,0.7778469197261979,194.0,Helianthemum.nummularium,0.36859583603551216,opth,3,False,mlp1,bce,msle
262,0.5807380738073806,0.00779265821334533,0.6,0.5778577857785778,0.9968944099378882,0.7316239316239316,5.0,Helleborus.foetidus,0.1778577857785777,opth,3,False,mlp1,bce,msle
263,0.8537247411279782,0.32616798173219197,0.7586206896551724,0.7560738581146744,0.9737171464330413,0.8512035010940919,87.0,Heracleum.sphondylium,0.5146945477698468,opth,3,False,mlp1,bce,msle
264,0.6748874887488749,0.015577576820502162,0.6,0.7965796579657966,0.9977452085682075,0.8858858858858859,5.0,Hieracium.bifidum,0.39657965796579653,opth,3,False,mlp1,bce,msle
265,0.723241464417935,0.026832680879009224,0.7272727272727273,0.6669683257918552,0.995945945945946,0.7989159891598916,11.0,Hieracium.murorum,0.39424105306458257,opth,3,False,mlp1,bce,msle
266,0.8612914608327451,0.08322802311021524,0.6153846153846154,0.8577981651376146,0.9894179894179894,0.918918918918919,26.0,Hieracium.piliferum,0.47318278052222995,opth,3,False,mlp1,bce,msle
267,0.9744374437443745,0.09090102707749766,1.0,0.7920792079207921,1.0,0.8839779005524862,5.0,Hieracium.prenanthoides,0.7920792079207921,opth,3,False,mlp1,bce,msle
268,0.884164047893711,0.15141503399589512,0.6086956521739131,0.8755718206770357,0.9906832298136646,0.9295774647887324,23.0,Hieracium.villosum,0.4842674728509486,opth,3,False,mlp1,bce,msle
269,0.8607326672721769,0.08389572607333182,0.7333333333333333,0.8256130790190735,0.9956188389923329,0.9026812313803376,15.0,Himantoglossum.hircinum,0.5589464123524068,opth,3,False,mlp1,bce,msle
270,0.7045689655172414,0.18711455268753846,0.5344827586206896,0.747,0.9325842696629213,0.8295391449194892,116.0,Hippocrepis.comosa,0.2814827586206896,opth,3,False,mlp1,bce,msle
271,0.9200145480996544,0.5611741225783795,0.8085106382978723,0.884102564102564,0.96962879640045,0.924892703862661,141.0,Holcus.lanatus,0.6926132024004363,opth,3,False,mlp1,bce,msle
272,0.875050875050875,0.25915813644352403,0.6825396825396826,0.8499525166191833,0.9781420765027322,0.9095528455284553,63.0,Homogyne.alpina,0.5324921991588658,opth,3,False,mlp1,bce,msle
273,0.9043985637342908,0.02061599602583209,0.5,0.9093357271095153,0.9990138067061144,0.9520676691729323,2.0,Hornungia.petraea,0.40933572710951527,opth,3,False,mlp1,bce,msle
274,0.9120156826568265,0.2676831450946054,0.8125,0.8699261992619927,0.9936775553213909,0.9276930644367929,32.0,Hypericum.maculatum,0.6824261992619927,opth,3,False,mlp1,bce,msle
275,0.795838948787062,0.14538196764240477,0.8214285714285714,0.6386792452830189,0.9854439592430859,0.7750429307384087,56.0,Hypericum.perforatum,0.4601078167115902,opth,3,False,mlp1,bce,msle
276,0.905537201004361,0.20154427578643241,0.9142857142857143,0.8122109158186864,0.996594778660613,0.8950050968399592,35.0,Hypericum.richeri,0.7264966301044007,opth,3,False,mlp1,bce,msle
277,0.8345335152111157,0.16739899329904895,0.7586206896551724,0.7571297148114076,0.9915662650602409,0.8586332811684925,29.0,Hypochaeris.maculata,0.5157504044665799,opth,3,False,mlp1,bce,msle
278,0.900433334168274,0.2205367292318536,0.7567567567567568,0.8600556070435589,0.9903948772678762,0.9206349206349206,37.0,Hypochaeris.radicata,0.6168123638003156,opth,3,False,mlp1,bce,msle
279,0.9115032848125725,0.08373772338393905,0.2857142857142857,0.9467989179440938,0.995260663507109,0.9704251386321626,7.0,Hyssopus.officinalis,0.23251320365837946,opth,3,False,mlp1,bce,msle
280,0.8820698793500243,0.11199728235923989,0.8461538461538461,0.757026291931097,0.997610513739546,0.8608247422680413,13.0,Inula.salicina,0.6031801380849431,opth,3,False,mlp1,bce,msle
281,0.6313901345291479,0.0024271844660194173,0.0,0.7748878923766817,0.9988439306358381,0.8727272727272727,1.0,Isatis.tinctoria,-0.22511210762331835,opth,3,False,mlp1,bce,msle
282,0.7978978978978979,0.022440096261158282,0.5,0.8711711711711712,0.9969072164948454,0.9298076923076923,6.0,Juncus.alpinoarticulatus,0.37117117117117115,opth,3,False,mlp1,bce,msle
283,0.783975267293572,0.021702742964012728,0.7142857142857143,0.7871956717763751,0.9977142857142857,0.8800403225806451,7.0,Juncus.articulatus,0.5014813860620895,opth,3,False,mlp1,bce,msle
284,0.930956678700361,0.41892437650416375,0.75,0.9693140794223827,0.9981412639405205,0.9835164835164835,8.0,Juncus.effusus,0.7193140794223827,opth,3,False,mlp1,bce,msle
285,0.795519224947018,0.05598630372438954,0.4666666666666667,0.9118982742960945,0.9920948616600791,0.9503076194983436,15.0,Juncus.inflexus,0.37856494096276117,opth,3,False,mlp1,bce,msle
286,0.9549304096638656,0.6840361514259129,0.8571428571428571,0.8566176470588235,0.9957264957264957,0.9209486166007905,28.0,Juncus.jacquinii,0.7137605042016806,opth,3,False,mlp1,bce,msle
287,0.8313760915386932,0.07434675112114077,0.4444444444444444,0.8943089430894309,0.9949748743718593,0.9419600380589914,9.0,Juncus.trifidus,0.3387533875338753,opth,3,False,mlp1,bce,msle
288,0.790990990990991,0.014651828177509377,0.0,0.9837837837837838,0.994535519125683,0.9891304347826086,6.0,Juncus.triglumis,-0.01621621621621616,opth,3,False,mlp1,bce,msle
289,0.8455285461904868,0.4810861120020317,0.845360824742268,0.6984815618221258,0.9554896142433235,0.8070175438596491,194.0,Knautia.arvensis,0.543842386564394,opth,3,False,mlp1,bce,msle
290,0.9349052346570398,0.10168816358558257,0.875,0.7824909747292419,0.9988479262672811,0.8775303643724697,8.0,Knautia.dipsacifolia,0.6574909747292419,opth,3,False,mlp1,bce,msle
291,0.77994555353902,0.04059895010814485,0.7857142857142857,0.6270417422867514,0.9956772334293948,0.7694877505567929,14.0,Koeleria.macrantha,0.41275602800103695,opth,3,False,mlp1,bce,msle
292,0.7898124098124099,0.20216499377509842,0.5303030303030303,0.7952380952380952,0.964203233256351,0.8716075156576201,66.0,Koeleria.pyramidata,0.32554112554112535,opth,3,False,mlp1,bce,msle
293,0.8482527427874846,0.23293740628402068,0.6521739130434783,0.8700934579439252,0.9831045406546991,0.9231531978185424,46.0,Koeleria.vallesiana,0.5222673709874035,opth,3,False,mlp1,bce,msle
294,0.9198201573623079,0.219473913142209,0.8235294117647058,0.8544131028207461,0.9968152866242038,0.9201371876531113,17.0,Lactuca.perennis,0.6779425145854518,opth,3,False,mlp1,bce,msle
295,0.8059299191374663,0.011325333016930346,0.6666666666666666,0.7780772686433064,0.9988465974625144,0.8747474747474747,3.0,Lactuca.serriola,0.4447439353099729,opth,3,False,mlp1,bce,msle
296,0.8201726136802783,0.18272836396656525,0.7142857142857143,0.7871956717763751,0.9977142857142857,0.8800403225806451,7.0,Lamium.purpureum,0.5014813860620895,opth,3,False,mlp1,bce,msle
297,0.9394075403949731,0.17407407407407408,1.0,0.8662477558348295,1.0,0.9283309283309283,2.0,Lapsana.communis,0.8662477558348294,opth,3,False,mlp1,bce,msle
298,0.7214315096668038,0.03195143992255027,0.36363636363636365,0.8624434389140272,0.9927083333333333,0.9230024213075061,11.0,Laserpitium.halleri,0.22607980255039095,opth,3,False,mlp1,bce,msle
299,0.8380853277835588,0.10665497330044896,0.7419354838709677,0.7870967741935484,0.9907192575406032,0.8772470467385721,31.0,Laserpitium.latifolium,0.5290322580645161,opth,3,False,mlp1,bce,msle
300,0.861550427793622,0.06273042445127056,0.8571428571428571,0.7931034482758621,0.997716894977169,0.8837209302325582,14.0,Laserpitium.siler,0.6502463054187193,opth,3,False,mlp1,bce,msle
301,0.6931205035971224,0.00879752315822905,0.0,0.9622302158273381,0.9962756052141527,0.9789569990850869,4.0,Lathyrus.heterophyllus,-0.03776978417266186,opth,3,False,mlp1,bce,msle
302,0.873015873015873,0.02201618107116894,1.0,0.7259658580413297,1.0,0.8412285268089537,3.0,Lathyrus.occidentalis,0.7259658580413297,opth,3,False,mlp1,bce,msle
303,0.8013550135501354,0.48624342882392585,0.8089430894308943,0.6298850574712643,0.9210084033613445,0.7481228668941979,246.0,Lathyrus.pratensis,0.43882814690215866,opth,3,False,mlp1,bce,msle
304,0.820896750308515,0.13494039972261992,0.2727272727272727,0.9565610859728507,0.9924882629107982,0.9741935483870968,11.0,Lathyrus.sphaericus,0.22928835870012332,opth,3,False,mlp1,bce,msle
305,0.9241472172351886,0.016946778711484593,1.0,0.7710951526032316,1.0,0.8707551951343132,2.0,Lathyrus.sylvestris,0.7710951526032317,opth,3,False,mlp1,bce,msle
306,0.7364480383348307,0.070416447944007,0.3333333333333333,0.8571428571428571,0.997907949790795,0.9221846302561624,3.0,Lathyrus.tuberosus,0.19047619047619047,opth,3,False,mlp1,bce,msle
307,0.5923031633035379,0.05469128819919146,0.4117647058823529,0.7552320291173794,0.9880952380952381,0.8561113976276431,17.0,Leontodon.autumnalis,0.16699673499973233,opth,3,False,mlp1,bce,msle
308,0.7082792207792208,0.37653814433770677,0.6727272727272727,0.6171875,0.8848,0.7271531886916502,220.0,Leontodon.hispidus,0.28991477272727284,opth,3,False,mlp1,bce,msle
309,0.7859882671480145,0.017415185781153527,0.75,0.7418772563176895,0.9975728155339806,0.8509316770186336,8.0,Leontopodium.alpinum,0.4918772563176894,opth,3,False,mlp1,bce,msle
310,0.9339471298040036,0.34561267050484973,0.9629629629629629,0.8192090395480226,0.9977064220183486,0.8996897621509824,54.0,Leucanthemopsis.alpina,0.7821720025109855,opth,3,False,mlp1,bce,msle
311,0.8594940690150972,0.5965638196854613,0.8307692307692308,0.727803738317757,0.9340329835082459,0.8181221273801708,260.0,Leucanthemum.vulgare,0.5585729690869878,opth,3,False,mlp1,bce,msle
312,0.8306113138686131,0.10215702099315797,0.65,0.8056569343065694,0.9921348314606742,0.8892245720040282,20.0,Lilium.martagon,0.4556569343065693,opth,3,False,mlp1,bce,msle
313,0.44843049327354256,0.0016233766233766235,1.0,0.34260089686098655,1.0,0.5103540414161657,1.0,Linaria.repens,0.3426008968609866,opth,3,False,mlp1,bce,msle
314,0.8872618207480594,0.17114656968736908,0.8846153846153846,0.7770642201834862,0.9964705882352941,0.8731958762886598,26.0,Linum.alpinum,0.6616796047988709,opth,3,False,mlp1,bce,msle
315,0.7028470360015976,0.14739071492192954,0.6235294117647059,0.6323957322987391,0.9532163742690059,0.7603498542274052,85.0,Linum.catharticum,0.25592514406344513,opth,3,False,mlp1,bce,msle
316,0.9418181818181819,0.1895373272771383,0.875,0.9118181818181819,0.9980099502487563,0.9529691211401425,16.0,Linum.tenuifolium,0.7868181818181819,opth,3,False,mlp1,bce,msle
317,0.7512315270935961,0.030017900584876325,0.7142857142857143,0.6261343012704175,0.9942363112391931,0.7683741648106904,14.0,Listera.ovata,0.3404200155561319,opth,3,False,mlp1,bce,msle
318,0.9067264573991032,0.009523809523809525,1.0,0.6044843049327354,1.0,0.7534935718278368,1.0,Lolium.multiflorum,0.6044843049327353,opth,3,False,mlp1,bce,msle
319,0.8656476160068114,0.31698981391632824,0.8472222222222222,0.7461685823754789,0.9860759493670886,0.8495092693565977,72.0,Lolium.perenne,0.5933908045977012,opth,3,False,mlp1,bce,msle
320,0.7572537847047651,0.5469813132546314,0.7891737891737892,0.6026143790849673,0.8616822429906542,0.7092307692307692,351.0,Lotus.corniculatus,0.3917881682587565,opth,3,False,mlp1,bce,msle
321,0.8437885357412784,0.07351140457024181,0.9130434782608695,0.6294602012808783,0.9971014492753624,0.7717330342120022,23.0,Lotus.maritimus,0.5425036795417477,opth,3,False,mlp1,bce,msle
322,0.758413001912046,0.22141614907950488,0.44285714285714284,0.8795411089866156,0.959332638164755,0.9177057356608479,70.0,Luzula.campestris,0.3223982518437585,opth,3,False,mlp1,bce,msle
323,0.8625130856834692,0.08589065298176554,1.0,0.7046918123275069,1.0,0.8267674042093902,29.0,Luzula.lutea,0.704691812327507,opth,3,False,mlp1,bce,msle
324,0.7102670469276641,0.035272249180935626,0.6428571428571429,0.6696914700544465,0.9932705248990579,0.8,14.0,Luzula.multiflora,0.31254861291158953,opth,3,False,mlp1,bce,msle
325,0.8534521660649819,0.03920898931140024,0.75,0.779783393501805,0.9976905311778291,0.8753799392097265,8.0,Luzula.sieberi,0.529783393501805,opth,3,False,mlp1,bce,msle
326,0.8655964987451796,0.17952170962798314,0.8225806451612904,0.7647058823529411,0.9865361077111383,0.8615713522180652,62.0,Luzula.spicata,0.5872865275142316,opth,3,False,mlp1,bce,msle
327,0.7692902228519901,0.023560277923865232,0.42857142857142855,0.8467087466185753,0.9957582184517497,0.9152046783625731,7.0,Luzula.sudetica,0.2752801751900038,opth,3,False,mlp1,bce,msle
328,0.9847259658580414,0.10111111111111111,1.0,0.9281221922731356,1.0,0.9627213420316869,3.0,Lysimachia.nummularia,0.9281221922731357,opth,3,False,mlp1,bce,msle
329,0.8273381294964028,0.01533293994833968,0.25,0.9631294964028777,0.9972067039106145,0.979871912168344,4.0,Lysimachia.vulgaris,0.21312949640287782,opth,3,False,mlp1,bce,msle
330,0.7734123405899781,0.015455082566884465,1.0,0.6825969341749324,1.0,0.8113612004287245,7.0,Malva.moschata,0.6825969341749323,opth,3,False,mlp1,bce,msle
331,0.7151841868823001,0.009588848360401863,0.6666666666666666,0.7421383647798742,0.9987908101571947,0.8515463917525773,3.0,Malva.sylvestris,0.4088050314465408,opth,3,False,mlp1,bce,msle
332,0.823973708487085,0.08159299170105494,0.6875,0.7656826568265682,0.9880952380952381,0.8627858627858628,32.0,Medicago.falcata,0.4531826568265682,opth,3,False,mlp1,bce,msle
333,0.8216527464644395,0.42455424825958293,0.8475609756097561,0.6502100840336135,0.9611801242236024,0.7756892230576441,164.0,Medicago.lupulina,0.49777105964336954,opth,3,False,mlp1,bce,msle
334,0.8867678193366267,0.17700647447948661,0.8461538461538461,0.7880733944954128,0.9953650057937428,0.8796722990271377,26.0,Medicago.minima,0.6342272406492588,opth,3,False,mlp1,bce,msle
335,0.8736383442265796,0.24991197327987338,0.9333333333333333,0.6442577030812325,0.9956709956709957,0.782312925170068,45.0,Medicago.sativa,0.577591036414566,opth,3,False,mlp1,bce,msle
336,0.8964350180505414,0.23019908218177326,0.75,0.8763537906137184,0.9979445015416238,0.9332051898125902,8.0,Melica.ciliata,0.6263537906137184,opth,3,False,mlp1,bce,msle
337,0.9542190305206464,0.25970873786407767,1.0,0.651705565529623,1.0,0.7891304347826087,2.0,Melilotus.albus,0.6517055655296229,opth,3,False,mlp1,bce,msle
338,0.8945399628252787,0.3189055540436781,0.85,0.7955390334572491,0.9930394431554525,0.8833849329205367,40.0,Meum.athamanticum,0.6455390334572491,opth,3,False,mlp1,bce,msle
339,0.9865470852017937,0.0625,1.0,0.7910313901345292,1.0,0.8833249874812218,1.0,Minuartia.laricifolia,0.7910313901345292,opth,3,False,mlp1,bce,msle
340,0.8495928203423633,0.08009100143593405,0.5909090909090909,0.8793418647166362,0.9907312049433573,0.9317191283292978,22.0,Minuartia.rostrata,0.47025095562572705,opth,3,False,mlp1,bce,msle
341,0.8938236730138802,0.32530488828535403,0.7592592592592593,0.8305084745762712,0.9854748603351955,0.9013796627491057,54.0,Minuartia.verna,0.5897677338355305,opth,3,False,mlp1,bce,msle
342,0.8578978466386554,0.1636546318066814,0.9285714285714286,0.6139705882352942,0.9970149253731343,0.7599544937428896,28.0,Muscari.comosum,0.5425420168067228,opth,3,False,mlp1,bce,msle
343,0.8394912417461482,0.46876400677134605,0.7872340425531915,0.7219827586206896,0.9436619718309859,0.818070818070818,188.0,Myosotis.alpestris,0.5092168011738811,opth,3,False,mlp1,bce,msle
344,0.8617633777376383,0.3634411731055936,0.813953488372093,0.7252427184466019,0.9790301441677588,0.8332403792526492,86.0,Myosotis.arvensis,0.5391962068186951,opth,3,False,mlp1,bce,msle
345,0.8642315409992178,0.3312707348775697,0.7407407407407407,0.8448117539026629,0.9924487594390508,0.9126984126984127,27.0,Myosotis.ramosissima,0.5855524946434036,opth,3,False,mlp1,bce,msle
346,0.8384020877245809,0.2763804156464722,0.2222222222222222,0.994579945799458,0.9936823104693141,0.9941309255079007,9.0,Myosotis.scorpioides,0.21680216802168006,opth,3,False,mlp1,bce,msle
347,0.8729802513464991,0.03150912106135986,0.5,0.7836624775583483,0.9988558352402745,0.8782696177062375,2.0,Myosotis.stricta,0.2836624775583483,opth,3,False,mlp1,bce,msle
348,0.7914882901032485,0.09840717162587088,0.7272727272727273,0.6509695290858726,0.9873949579831933,0.7846410684474123,33.0,Narcissus.poeticus,0.37824225635859987,opth,3,False,mlp1,bce,msle
349,0.8482342244044372,0.39097871037431964,0.8581560283687943,0.6923076923076923,0.9712230215827338,0.8083832335329342,141.0,Nardus.stricta,0.5504637206764866,opth,3,False,mlp1,bce,msle
350,0.9108754512635379,0.2078252657020117,0.75,0.881768953068592,0.9979570990806946,0.9362721609966459,8.0,Odontites.luteus,0.6317689530685922,opth,3,False,mlp1,bce,msle
351,0.867177415997002,0.3714438994331099,0.8085106382978723,0.761252446183953,0.9773869346733668,0.8558855885588559,94.0,Onobrychis.montana,0.5697630844818253,opth,3,False,mlp1,bce,msle
352,0.8919020127945078,0.47210948513902173,0.8615384615384616,0.7545638945233266,0.9763779527559056,0.851258581235698,130.0,Onobrychis.viciifolia,0.6161023560617882,opth,3,False,mlp1,bce,msle
353,0.8842333954065797,0.23078919829244088,0.6904761904761905,0.8640595903165735,0.9861849096705633,0.9210918114143921,42.0,Ononis.natrix,0.554535780792764,opth,3,False,mlp1,bce,msle
354,0.7818881759853346,0.05786301839426014,0.6,0.7552703941338221,0.988009592326139,0.8561038961038961,25.0,Ononis.repens,0.355270394133822,opth,3,False,mlp1,bce,msle
355,0.7994336490577092,0.12143201067979995,0.7631578947368421,0.6753246753246753,0.9877883310719131,0.8022038567493113,38.0,Ononis.spinosa,0.4384825700615176,opth,3,False,mlp1,bce,msle
356,0.7006283662477559,0.009709252971137521,0.5,0.7540394973070018,0.9988109393579072,0.8593350383631714,2.0,Ophioglossum.vulgatum,0.2540394973070019,opth,3,False,mlp1,bce,msle
357,0.7663971248876909,0.011057020509353166,0.3333333333333333,0.7978436657681941,0.9977528089887641,0.8866699950074888,3.0,Ophrys.apifera,0.13117699910152747,opth,3,False,mlp1,bce,msle
358,0.9183856502242153,0.010869565217391304,1.0,0.8017937219730942,1.0,0.8899950223992036,1.0,Ophrys.insectifera,0.8017937219730942,opth,3,False,mlp1,bce,msle
359,0.5825852782764811,0.005396678966789668,0.5,0.8384201077199281,0.9989304812834224,0.9116642264519278,2.0,Orchis.mascula,0.33842010771992825,opth,3,False,mlp1,bce,msle
360,0.8338853758907959,0.04753441141667612,0.4444444444444444,0.8184281842818428,0.9945115257958288,0.8979187314172448,9.0,Orchis.militaris,0.26287262872628725,opth,3,False,mlp1,bce,msle
361,0.8838736451518406,0.18304126122583453,0.7368421052631579,0.8330241187384044,0.9889867841409692,0.904330312185297,38.0,Origanum.vulgare,0.5698662240015624,opth,3,False,mlp1,bce,msle
362,0.7445570882499585,0.11039269224053809,0.5454545454545454,0.7751371115173674,0.9883449883449883,0.8688524590163934,22.0,Ornithogalum.umbellatum,0.3205916569719127,opth,3,False,mlp1,bce,msle
363,0.5711290805630428,0.005018447603869453,0.3333333333333333,0.7529200359389039,0.9976190476190476,0.8581669226830517,3.0,Orobanche.alba,0.08625336927223715,opth,3,False,mlp1,bce,msle
364,0.6956706024825916,0.022506063695599137,0.4,0.7157129881925522,0.9887076537013801,0.8303477344573235,15.0,Orobanche.caryophyllacea,0.11571298819255227,opth,3,False,mlp1,bce,msle
365,0.7950424005218526,0.06268910721114998,0.42857142857142855,0.8310502283105022,0.9869848156182213,0.90233019335647,21.0,Oxytropis.campestris,0.25962165688193073,opth,3,False,mlp1,bce,msle
366,0.8300635144671842,0.0780656391752658,0.46153846153846156,0.8559633027522936,0.9852164730728616,0.9160530191458026,26.0,Oxytropis.helvetica,0.31750176429075516,opth,3,False,mlp1,bce,msle
367,0.7360861759425493,0.005040373774820984,0.0,0.9165170556552962,0.9980449657869013,0.9555451567618156,2.0,Oxytropis.pilosa,-0.08348294434470382,opth,3,False,mlp1,bce,msle
368,0.7792792792792793,0.014538141909566689,0.6666666666666666,0.8027027027027027,0.9977603583426652,0.8896655017473789,6.0,Papaver.rhoeas,0.46936936936936924,opth,3,False,mlp1,bce,msle
369,0.9103510351035105,0.04501045428225549,0.8,0.7695769576957696,0.9988317757009346,0.8693441789527199,5.0,Paradisea.liliastrum,0.5695769576957697,opth,3,False,mlp1,bce,msle
370,0.7375568181818182,0.04617208148706114,0.5,0.7527272727272727,0.9904306220095693,0.8553719008264463,16.0,Parnassia.palustris,0.2527272727272727,opth,3,False,mlp1,bce,msle
371,0.823873873873874,0.07436817323955824,0.6666666666666666,0.7702702702702703,0.9976662777129521,0.8693441789527199,6.0,Pastinaca.sativa,0.4369369369369369,opth,3,False,mlp1,bce,msle
372,0.9964061096136568,0.626984126984127,1.0,0.8724168912848158,1.0,0.9318618042226487,3.0,Pedicularis.foliosa,0.8724168912848158,opth,3,False,mlp1,bce,msle
373,0.9005071066352404,0.2634735353087716,0.7692307692307693,0.83008356545961,0.9900332225913622,0.9030303030303031,39.0,Pedicularis.gyroflexa,0.5993143346903793,opth,3,False,mlp1,bce,msle
374,0.920937885643768,0.09355169472095817,0.9090909090909091,0.7683257918552037,0.9988235294117647,0.8685421994884911,11.0,Pedicularis.tuberosa,0.6774167009461127,opth,3,False,mlp1,bce,msle
375,0.7849227974568574,0.04803752537839295,0.6666666666666666,0.7302452316076294,0.9938195302843016,0.8418848167539267,15.0,Pedicularis.verticillata,0.39691189827429607,opth,3,False,mlp1,bce,msle
376,0.843899485316379,0.25970481520985045,0.6666666666666666,0.7638510445049954,0.9940898345153665,0.8638931689779148,15.0,Petrorhagia.prolifera,0.43051771117166204,opth,3,False,mlp1,bce,msle
377,0.9195506982392229,0.19474652941144327,0.8888888888888888,0.8151183970856102,0.9977703455964325,0.8972431077694235,18.0,Petrorhagia.saxifraga,0.704007285974499,opth,3,False,mlp1,bce,msle
378,0.8404144183862219,0.3367191571459409,0.6601941747572816,0.824284304047384,0.9597701149425287,0.88688263409453,103.0,Phleum.alpinum,0.48447847880466544,opth,3,False,mlp1,bce,msle
379,0.964660077867625,0.23628173628173627,1.0,0.867026055705301,1.0,0.9287776708373436,3.0,Phleum.hirsutum,0.8670260557053009,opth,3,False,mlp1,bce,msle
380,0.8619206638332322,0.09245626193519532,0.8333333333333334,0.802367941712204,0.996606334841629,0.8890010090817356,18.0,Phleum.phleoides,0.6357012750455375,opth,3,False,mlp1,bce,msle
381,0.8607386363636365,0.10134520291698193,0.875,0.8190909090909091,0.9977851605758582,0.8996505242136795,16.0,Phyteuma.betonicifolium,0.6940909090909091,opth,3,False,mlp1,bce,msle
382,0.9188065099457505,0.1417762006961036,0.9,0.7739602169981917,0.9988331388564761,0.8721344880285278,10.0,Phyteuma.hemisphaericum,0.6739602169981918,opth,3,False,mlp1,bce,msle
383,0.8148086993442468,0.2398837923991763,0.7317073170731707,0.7379110251450677,0.9719745222929936,0.8389224848818032,82.0,Phyteuma.orbiculare,0.4696183422182383,opth,3,False,mlp1,bce,msle
384,,-0.0,0.0,0.8405017921146953,1.0,0.9133398247322297,0.0,Phyteuma.ovatum,-0.15949820788530467,opth,3,False,mlp1,bce,msle
385,0.860036496350365,0.10261813112463812,0.6,0.8950729927007299,0.9919110212335692,0.9410071942446043,20.0,Phyteuma.spicatum,0.49507299270073,opth,3,False,mlp1,bce,msle
386,0.8023853861842689,0.14565175343103434,0.8095238095238095,0.6135940409683427,0.9880059970014993,0.7570361860999426,42.0,Picris.hieracioides,0.4231178504921522,opth,3,False,mlp1,bce,msle
387,0.8392025405786874,0.18425608988604605,0.8076923076923077,0.7064220183486238,0.9935483870967742,0.8257372654155496,26.0,Pimpinella.major,0.5141143260409315,opth,3,False,mlp1,bce,msle
388,0.7554365553984996,0.10632166700193417,0.6470588235294118,0.6876155268022182,0.9841269841269841,0.809575625680087,34.0,Pimpinella.saxifraga,0.33467435033163007,opth,3,False,mlp1,bce,msle
389,0.9141648270787344,0.6452450973370896,0.8952380952380953,0.8123620309050773,0.9709762532981531,0.8846153846153846,210.0,Plantago.alpina,0.7076001261431726,opth,3,False,mlp1,bce,msle
390,0.875754422476587,0.19707056360376246,0.7096774193548387,0.8423963133640553,0.9902491874322861,0.9103585657370518,31.0,Plantago.atrata,0.552073732718894,opth,3,False,mlp1,bce,msle
391,0.8519138755980861,0.578002910898779,0.8714285714285714,0.69377990430622,0.9415584415584416,0.7988980716253443,280.0,Plantago.lanceolata,0.5652084757347915,opth,3,False,mlp1,bce,msle
392,0.7055581995341031,0.08133390323662737,0.918918918918919,0.4652455977757183,0.994059405940594,0.6338383838383839,37.0,Plantago.major,0.38416451669463725,opth,3,False,mlp1,bce,msle
393,0.8064399335232668,0.4393423746753751,0.7444444444444445,0.7040598290598291,0.9347517730496454,0.8031687995124924,180.0,Plantago.media,0.4485042735042737,opth,3,False,mlp1,bce,msle
394,0.8354330319648239,0.3272482608702753,0.6666666666666666,0.8169556840077071,0.9702517162471396,0.8870292887029289,78.0,Plantago.maritima,0.48362235067437376,opth,3,False,mlp1,bce,msle
395,0.7211573236889692,0.02269739352519802,0.6,0.6392405063291139,0.9943741209563994,0.7782058337919647,10.0,Platanthera.bifolia,0.23924050632911387,opth,3,False,mlp1,bce,msle
396,0.9122997170565765,0.7195483625256005,0.8547854785478548,0.8277982779827798,0.9386331938633193,0.8797385620915033,303.0,Poa.alpina,0.6825837565306347,opth,3,False,mlp1,bce,msle
397,0.46088129496402874,0.004184680042008454,0.0,0.8498201438848921,0.9957850368809273,0.9170305676855895,4.0,Poa.annua,-0.15017985611510787,opth,3,False,mlp1,bce,msle
398,0.8154818059299191,0.13211604436248464,0.7321428571428571,0.75,0.9814814814814815,0.8502673796791443,56.0,Poa.bulbosa,0.4821428571428572,opth,3,False,mlp1,bce,msle
399,0.7645240242174417,0.024371180930303455,0.2857142857142857,0.7944093778178539,0.9943566591422122,0.8832080200501253,7.0,Poa.cenisia,0.08012366353213962,opth,3,False,mlp1,bce,msle
400,0.8365398455116826,0.1272282828463485,0.7894736842105263,0.8149498632634458,0.9955456570155902,0.8962406015037594,19.0,Poa.chaixii,0.6044235474739721,opth,3,False,mlp1,bce,msle
401,0.7494575045207956,0.024063127417735784,0.5,0.7359855334538878,0.9938949938949939,0.8457142857142858,10.0,Poa.compressa,0.23598553345388784,opth,3,False,mlp1,bce,msle
402,0.7644665461121157,0.021149394321969123,0.1,0.9240506329113924,0.991270611057226,0.956481048198409,10.0,Poa.nemoralis,0.024050632911392533,opth,3,False,mlp1,bce,msle
403,0.8069212599525724,0.484168160567539,0.7975708502024291,0.6846950517836594,0.9224806201550387,0.7859973579920739,247.0,Poa.pratensis,0.48226590198608843,opth,3,False,mlp1,bce,msle
404,0.6060423567198635,0.012867954722645465,0.1111111111111111,0.935862691960253,0.9923371647509579,0.9632728963272896,9.0,Poa.supina,0.046973803071364006,opth,3,False,mlp1,bce,msle
405,0.8226277372262774,0.06945647400148673,0.75,0.7436131386861314,0.9939024390243902,0.8507306889352818,20.0,Polygala.alpestris,0.4936131386861313,opth,3,False,mlp1,bce,msle
406,0.5291291291291291,0.006518505984520558,0.5,0.6288288288288288,0.9957203994293866,0.7708448371065709,6.0,Polygala.amarella,0.12882882882882885,opth,3,False,mlp1,bce,msle
407,0.8362969752520624,0.1924237335396188,0.48,0.8652612282309807,0.9864158829676071,0.921875,25.0,Polygala.comosa,0.3452612282309806,opth,3,False,mlp1,bce,msle
408,0.6839692571785269,0.06677114960318273,0.5,0.6647940074906367,0.9673024523160763,0.7880133185349611,48.0,Polygala.vulgaris,0.16479400749063666,opth,3,False,mlp1,bce,msle
409,0.6997294860234445,0.01333242793386226,0.0,0.9486023444544635,0.9933899905571294,0.9704797047970479,7.0,Polygonum.aviculare,-0.05139765554553655,opth,3,False,mlp1,bce,msle
410,0.8719471139132032,0.36670425023965386,0.8387096774193549,0.75426944971537,0.9875776397515528,0.8552985476062399,62.0,Polygonum.bistorta,0.5929791271347249,opth,3,False,mlp1,bce,msle
411,0.8729094995915885,0.5506544968294531,0.8770949720670391,0.7086446104589115,0.967930029154519,0.818237831176833,179.0,Polygonum.viviparum,0.5857395825259506,opth,3,False,mlp1,bce,msle
412,0.5669362084456424,0.003959931722174432,0.0,0.7466307277628033,0.9964028776978417,0.8536209553158706,3.0,Polystichum.lonchitis,-0.25336927223719674,opth,3,False,mlp1,bce,msle
413,0.8945290004113533,0.24392938558605246,0.9090909090909091,0.7158371040723982,0.9987373737373737,0.8339483394833949,11.0,Potentilla.argentea,0.6249280131633073,opth,3,False,mlp1,bce,msle
414,0.8535744850801621,0.23318566368831614,0.6941176470588235,0.8506304558680893,0.9712070874861573,0.9069286452947259,85.0,Potentilla.aurea,0.5447481029269128,opth,3,False,mlp1,bce,msle
415,0.864944500504541,0.3637530173129443,0.832,0.7537840565085772,0.97265625,0.8493462194428653,125.0,Potentilla.crantzii,0.5857840565085772,opth,3,False,mlp1,bce,msle
416,0.8358376003805368,0.17770663639942422,0.8787878787878788,0.6648199445983379,0.994475138121547,0.7969009407858328,33.0,Potentilla.erecta,0.5436078233862167,opth,3,False,mlp1,bce,msle
417,0.8445945945945946,0.29212736614061596,0.7875,0.7451737451737451,0.9784537389100126,0.846027397260274,80.0,Potentilla.grandiflora,0.5326737451737451,opth,3,False,mlp1,bce,msle
418,0.7922736220472442,0.266516223365013,0.57,0.8070866141732284,0.9501738122827347,0.8728046833422033,100.0,Potentilla.neumanniana,0.3770866141732283,opth,3,False,mlp1,bce,msle
419,0.9100857400722022,0.1058512005527064,0.625,0.8871841155234657,0.9969574036511156,0.938872970391595,8.0,Potentilla.pusilla,0.5121841155234657,opth,3,False,mlp1,bce,msle
420,0.7659159159159159,0.021058172574553356,0.6666666666666666,0.6612612612612613,0.9972826086956522,0.7952329360780065,6.0,Potentilla.recta,0.3279279279279279,opth,3,False,mlp1,bce,msle
421,0.8607816711590296,0.21739555907506522,0.8928571428571429,0.7396226415094339,0.9924050632911392,0.8475675675675676,56.0,Potentilla.reptans,0.6324797843665768,opth,3,False,mlp1,bce,msle
422,0.7711971197119712,0.028269803546457334,0.6,0.7416741674167416,0.9975786924939467,0.8508002065049045,5.0,Potentilla.rupestris,0.3416741674167416,opth,3,False,mlp1,bce,msle
423,0.8617802395980936,0.04528687406153637,0.7142857142857143,0.7781785392245266,0.9976878612716763,0.8743667679837892,7.0,Potentilla.thuringiaca,0.4924642535102408,opth,3,False,mlp1,bce,msle
424,0.8171171171171172,0.0342767294723406,0.6666666666666666,0.8423423423423423,0.9978655282817502,0.9135319980459209,6.0,Primula.elatior,0.5090090090090089,opth,3,False,mlp1,bce,msle
425,0.9172672672672673,0.0457671856490824,1.0,0.681981981981982,1.0,0.8109266202463846,6.0,Primula.farinosa,0.6819819819819819,opth,3,False,mlp1,bce,msle
426,0.7606038081983806,0.2845555965372584,0.6796875,0.6862348178137652,0.9429763560500696,0.7943760984182777,128.0,Primula.veris,0.36592231781376516,opth,3,False,mlp1,bce,msle
427,0.7835906751438086,0.051723223640673645,0.7333333333333333,0.737511353315168,0.9950980392156863,0.8471570161711007,15.0,Prunella.grandiflora,0.4708446866485012,opth,3,False,mlp1,bce,msle
428,0.8099559242934924,0.04096996481872846,0.42857142857142855,0.8294010889292196,0.9913232104121475,0.9031620553359684,14.0,Prunella.laciniata,0.2579725175006482,opth,3,False,mlp1,bce,msle
429,0.7580014340655759,0.12568668449567086,0.8448275862068966,0.5396975425330813,0.9844827586206897,0.6971916971916972,58.0,Prunella.vulgaris,0.3845251287399778,opth,3,False,mlp1,bce,msle
430,0.7199638663053297,0.02051354850822757,0.0,0.990063233965673,0.9918552036199095,0.9909584086799277,9.0,Prunus.spinosa,-0.009936766034327027,opth,3,False,mlp1,bce,msle
431,0.7833813245577952,0.027574892295004642,0.45454545454545453,0.8316742081447964,0.9935135135135135,0.9054187192118227,11.0,Veronica.spicata,0.2862196626902509,opth,3,False,mlp1,bce,msle
432,0.8592285740587314,0.242550283293564,0.8431372549019608,0.7690140845070422,0.9903264812575574,0.8657505285412262,51.0,Pulsatilla.alpina,0.612151339409003,opth,3,False,mlp1,bce,msle
433,0.9435435435435435,0.24288990782924683,0.8333333333333334,0.8225225225225226,0.9989059080962801,0.9021739130434783,6.0,Pulsatilla.halleri,0.6558558558558558,opth,3,False,mlp1,bce,msle
434,0.8905952022483187,0.06308178356355834,0.7777777777777778,0.8410117434507678,0.9978563772775991,0.9127450980392157,9.0,Pulsatilla.vernalis,0.6187895212285457,opth,3,False,mlp1,bce,msle
435,0.8361061151079137,0.1078635878972007,0.75,0.7967625899280576,0.9988726042841037,0.8864432216108054,4.0,Ranunculus.aconitifolius,0.5467625899280577,opth,3,False,mlp1,bce,msle
436,0.8505161757151617,0.5196903250327778,0.8121827411167513,0.7399347116430903,0.9483960948396095,0.8312958435207825,197.0,Ranunculus.acris,0.5521174527598416,opth,3,False,mlp1,bce,msle
437,0.8475015852885226,0.42465325663560144,0.8493975903614458,0.7094736842105264,0.9642346208869814,0.8174651303820497,166.0,Ranunculus.bulbosus,0.5588712745719722,opth,3,False,mlp1,bce,msle
438,0.8661599896947055,0.03253357941934946,0.42857142857142855,0.9287646528403968,0.9961315280464217,0.9612692487167522,7.0,Ranunculus.glacialis,0.3573360814118254,opth,3,False,mlp1,bce,msle
439,0.8766876687668768,0.05150410386127287,0.8,0.873087308730873,0.9989701338825953,0.9317963496637848,5.0,Ranunculus.gramineus,0.6730873087308731,opth,3,False,mlp1,bce,msle
440,0.8719607587510592,0.2149330179618732,0.7931034482758621,0.7854442344045368,0.9857651245551602,0.8742766964755392,58.0,Ranunculus.kuepferi,0.5785476826803988,opth,3,False,mlp1,bce,msle
441,0.8864846711126038,0.10025343413477072,0.8947368421052632,0.7675478577939836,0.9976303317535545,0.8675940236991242,19.0,Ranunculus.montanus,0.6622846998992467,opth,3,False,mlp1,bce,msle
442,0.7335050689712481,0.07201406854335475,0.6363636363636364,0.7723948811700183,0.9906213364595545,0.8680020544427324,22.0,Ranunculus.serpens,0.4087585175336548,opth,3,False,mlp1,bce,msle
443,0.9208933527157394,0.49981277704270743,0.8857142857142857,0.7761332099907493,0.9952550415183867,0.8721413721413721,35.0,Ranunculus.repens,0.6618474957050351,opth,3,False,mlp1,bce,msle
444,0.7315931593159316,0.010129837793304947,0.2,0.8046804680468047,0.9955456570155902,0.8899950223992036,5.0,Reseda.lutea,0.0046804680468046644,opth,3,False,mlp1,bce,msle
445,0.8119268558951965,0.480598235595757,0.73,0.7183406113537117,0.9241573033707865,0.8083538083538083,200.0,Rhinanthus.alectorolophus,0.4483406113537116,opth,3,False,mlp1,bce,msle
446,0.9047619047619047,0.017936022836315547,1.0,0.8104222821203954,1.0,0.8952853598014888,3.0,Rhinanthus.glacialis,0.8104222821203955,opth,3,False,mlp1,bce,msle
447,0.6996273057508138,0.11566649788962093,0.6707317073170732,0.6150870406189555,0.9592760180995475,0.7495580436063641,82.0,Rhinanthus.minor,0.28581874793602857,opth,3,False,mlp1,bce,msle
448,0.8577869380394179,0.04866379459914274,0.14285714285714285,0.9296663660955816,0.9942140790742526,0.9608574091332712,7.0,Rhododendron.ferrugineum,0.07252350895272452,opth,3,False,mlp1,bce,msle
449,0.8082834016608851,0.45467543820641293,0.8380952380952381,0.6931567328918322,0.9486404833836858,0.8010204081632653,210.0,Rumex.acetosa,0.5312519709870704,opth,3,False,mlp1,bce,msle
450,0.7455924293492351,0.039060170692794056,0.8571428571428571,0.6451905626134301,0.9971949509116409,0.7834710743801653,14.0,Rumex.acetosella,0.5023334197562872,opth,3,False,mlp1,bce,msle
451,0.8242844012605043,0.12066538844346203,0.6785714285714286,0.7316176470588235,0.9888198757763975,0.8409931325937665,28.0,Rumex.crispus,0.4101890756302522,opth,3,False,mlp1,bce,msle
452,0.8759920634920635,0.11844423775898862,0.875,0.7380952380952381,0.9962917181705809,0.8479747501315097,24.0,Rumex.obtusifolius,0.6130952380952381,opth,3,False,mlp1,bce,msle
453,0.6660666066606661,0.009556081064754298,0.0,0.946894689468947,0.9952696310312205,0.9704797047970479,5.0,Rumex.scutatus,-0.05310531053105305,opth,3,False,mlp1,bce,msle
454,0.9389897878829544,0.4101473021441586,0.8961038961038961,0.8633301251203079,0.9911602209944751,0.9228395061728395,77.0,Salix.herbacea,0.7594340212242039,opth,3,False,mlp1,bce,msle
455,0.888208609586651,0.24090045689431955,0.5172413793103449,0.8951241950321988,0.9858156028368794,0.9382835101253616,29.0,Salix.reticulata,0.4123655743425436,opth,3,False,mlp1,bce,msle
456,0.9033457249070633,0.2331687317878597,0.8,0.8280669144981413,0.9911012235817576,0.9022784810126582,40.0,Salix.retusa,0.6280669144981412,opth,3,False,mlp1,bce,msle
457,0.9310313075506446,0.3126337878668606,0.8,0.8830570902394107,0.9937823834196892,0.9351535836177475,30.0,Salix.serpyllifolia,0.6830570902394109,opth,3,False,mlp1,bce,msle
458,0.8680558612762002,0.5339563025034865,0.8917748917748918,0.7333333333333333,0.9629080118694362,0.8325849903784477,231.0,Salvia.pratensis,0.625108225108225,opth,3,False,mlp1,bce,msle
459,0.8226388888888888,0.4627998135678779,0.8703703703703703,0.6388888888888888,0.9535655058043118,0.7651363938789089,216.0,Sanguisorba.minor,0.5092592592592591,opth,3,False,mlp1,bce,msle
460,0.9004756122242461,0.1645828304890203,0.9444444444444444,0.6675774134790529,0.9986376021798365,0.8002183406113537,18.0,Sanguisorba.officinalis,0.6120218579234973,opth,3,False,mlp1,bce,msle
461,0.8336487042369396,0.05985508695203676,0.6363636363636364,0.8063348416289593,0.9955307262569832,0.891,11.0,Saponaria.ocymoides,0.44269847799259576,opth,3,False,mlp1,bce,msle
462,0.8373417721518988,0.05804072130118058,0.5,0.8815551537070524,0.9948979591836735,0.9348034515819751,10.0,Saxifraga.aizoides,0.3815551537070525,opth,3,False,mlp1,bce,msle
463,0.7081988007380073,0.10159922988883666,0.5,0.7370848708487084,0.9803680981595092,0.841495523959979,32.0,Saxifraga.granulata,0.23708487084870855,opth,3,False,mlp1,bce,msle
464,0.8931113846812611,0.18958910290077127,0.8823529411764706,0.7233848953594176,0.9974905897114178,0.8386075949367089,17.0,Saxifraga.oppositifolia,0.6057378365358881,opth,3,False,mlp1,bce,msle
465,0.8157692706712314,0.12225354632533371,0.6666666666666666,0.8244631185807656,0.9832962138084632,0.8969019807008634,45.0,Saxifraga.paniculata,0.49112978524743234,opth,3,False,mlp1,bce,msle
466,0.7963462114405511,0.02509976368824683,0.3333333333333333,0.9811320754716981,0.9981718464351006,0.9895786135024921,3.0,Saxifraga.tridactylites,0.3144654088050314,opth,3,False,mlp1,bce,msle
467,0.7184708881869057,0.14177648643921767,0.6101694915254238,0.6594134342478714,0.9680555555555556,0.7844682048396173,59.0,Scabiosa.columbaria,0.2695829257732951,opth,3,False,mlp1,bce,msle
468,0.8483567710356615,0.23552508827154062,0.8524590163934426,0.7639810426540284,0.9889570552147239,0.8620320855614974,61.0,Scabiosa.lucida,0.616440059047471,opth,3,False,mlp1,bce,msle
469,0.666591726618705,0.007908137480516976,0.25,0.9019784172661871,0.9970178926441352,0.947119924457035,4.0,Scabiosa.triandra,0.1519784172661871,opth,3,False,mlp1,bce,msle
470,0.9837983798379838,0.22165504746149906,1.0,0.9243924392439244,1.0,0.960710944808232,5.0,Scorzonera.humilis,0.9243924392439244,opth,3,False,mlp1,bce,msle
471,0.912793321299639,0.08283239815434174,0.875,0.8357400722021661,0.9989212513484358,0.9100737100737101,8.0,Scorzonera.laciniata,0.710740072202166,opth,3,False,mlp1,bce,msle
472,0.8751598037758288,0.13780802556143879,0.8064516129032258,0.7142857142857143,0.9923175416133163,0.8306538049303323,31.0,Scutellaria.alpina,0.52073732718894,opth,3,False,mlp1,bce,msle
473,0.8135191875793379,0.11174090756251238,0.6052631578947368,0.8061224489795918,0.9830316742081447,0.8858307849133538,38.0,Securigera.varia,0.4113856068743287,opth,3,False,mlp1,bce,msle
474,0.6835660797409431,0.03305351387893457,0.5,0.7431693989071039,0.9890909090909091,0.8486739469578783,18.0,Sedum.acre,0.24316939890710376,opth,3,False,mlp1,bce,msle
475,0.709533003161812,0.09005232146459956,0.5454545454545454,0.8134810710987996,0.9832589285714286,0.8903486609398686,33.0,Sedum.album,0.35893561655334505,opth,3,False,mlp1,bce,msle
476,0.8369565217391305,0.04856191922750148,0.5,0.8378623188405797,0.9935553168635876,0.9090909090909091,12.0,Sedum.atratum,0.3378623188405796,opth,3,False,mlp1,bce,msle
477,0.8245231607629429,0.06503158263833234,0.6,0.8228882833787466,0.993421052631579,0.9001490312965723,15.0,Sedum.montanum,0.4228882833787466,opth,3,False,mlp1,bce,msle
478,0.7990917347865577,0.14397272357732283,0.6666666666666666,0.7184377838328792,0.9937185929648241,0.8339483394833949,15.0,Sedum.rupestre,0.3851044504995458,opth,3,False,mlp1,bce,msle
479,0.799367088607595,0.05252338495127199,0.5,0.8056057866184448,0.9944196428571429,0.8901098901098901,10.0,Sedum.sexangulare,0.30560578661844495,opth,3,False,mlp1,bce,msle
480,0.8764079147640791,0.2306733204324971,0.6190476190476191,0.8639269406392694,0.9916142557651991,0.9233772571986335,21.0,Selaginella.selaginoides,0.4829745596868884,opth,3,False,mlp1,bce,msle
481,0.8383397932816538,0.25911034534959987,0.7142857142857143,0.8158914728682171,0.9722863741339491,0.8872497365648051,84.0,Sempervivum.arachnoideum,0.5301771871539314,opth,3,False,mlp1,bce,msle
482,0.8900488965243822,0.22530134976746127,0.7714285714285715,0.8288621646623496,0.9911504424778761,0.9027707808564231,35.0,Sempervivum.montanum,0.6002907360909211,opth,3,False,mlp1,bce,msle
483,0.8778355879292403,0.19223822915495975,0.8387096774193549,0.7428571428571429,0.9938347718865598,0.8502109704641351,31.0,Sempervivum.tectorum,0.5815668202764979,opth,3,False,mlp1,bce,msle
484,0.873470309324904,0.32201208590216507,0.8023255813953488,0.7922330097087379,0.9795918367346939,0.8760064412238325,86.0,Senecio.doronicum,0.5945585911040867,opth,3,False,mlp1,bce,msle
485,0.7957427536231885,0.08993218209200934,0.6666666666666666,0.7817028985507246,0.9953863898500577,0.8756976154236428,12.0,Senecio.erucifolius,0.44836956521739113,opth,3,False,mlp1,bce,msle
486,0.9148240966913048,0.16885290335894126,0.9310344827586207,0.781048758049678,0.9976498237367802,0.8761609907120743,29.0,Senecio.incanus,0.7120832408082987,opth,3,False,mlp1,bce,msle
487,0.9232731353943475,0.19533494445752927,0.9629629629629629,0.7741046831955923,0.9988151658767772,0.8722193481634765,27.0,Senecio.jacobaea,0.7370676461585552,opth,3,False,mlp1,bce,msle
488,0.8515037593984962,0.051924041874289555,1.0,0.5807622504537205,1.0,0.7347876004592423,14.0,Serratula.tinctoria,0.5807622504537204,opth,3,False,mlp1,bce,msle
489,0.8266134226458843,0.033452299133687594,0.7142857142857143,0.7691614066726781,0.9976608187134502,0.8686354378818737,7.0,Seseli.annuum,0.4834471209583924,opth,3,False,mlp1,bce,msle
490,0.857783357245337,0.48399896761735806,0.7378048780487805,0.8182773109243697,0.9476885644768857,0.8782412626832018,164.0,Sesleria.caerulea,0.5560821889731502,opth,3,False,mlp1,bce,msle
491,0.8969406274306456,0.07239352408723419,0.8571428571428571,0.7994555353901996,0.9977349943374858,0.8876574307304785,14.0,Sherardia.arvensis,0.6565983925330567,opth,3,False,mlp1,bce,msle
492,0.8928249097472925,0.05833009394466267,0.875,0.7247292418772563,0.9987562189054726,0.8399581589958159,8.0,Sideritis.hyssopifolia,0.5997292418772564,opth,3,False,mlp1,bce,msle
493,0.8515525758645024,0.14514000814473144,0.8076923076923077,0.755045871559633,0.9939613526570048,0.8581856100104275,26.0,Silaum.silaus,0.5627381792519408,opth,3,False,mlp1,bce,msle
494,0.9035892933163048,0.4051989041296221,0.9166666666666666,0.7844827586206896,0.9927272727272727,0.8764044943820225,72.0,Silene.acaulis,0.7011494252873562,opth,3,False,mlp1,bce,msle
495,0.8923899629781983,0.08798778178379293,0.7272727272727273,0.7963800904977375,0.9966024915062288,0.8853118712273642,11.0,Silene.dioica,0.5236528177704649,opth,3,False,mlp1,bce,msle
496,0.9489222536048759,0.3684134760517719,0.9032258064516129,0.8525345622119815,0.9967672413793104,0.9190263288623944,31.0,Silene.flos.cuculi,0.7557603686635943,opth,3,False,mlp1,bce,msle
497,0.6405125899280575,0.00775463303835307,0.5,0.7284172661870504,0.9975369458128078,0.841995841995842,4.0,Silene.flos.jovis,0.2284172661870505,opth,3,False,mlp1,bce,msle
498,0.8178191954653075,0.27128483631352096,0.7590361445783133,0.7250726040658277,0.9739921976592978,0.8312985571587126,83.0,Silene.nutans,0.4841087486441409,opth,3,False,mlp1,bce,msle
499,0.9045620741233174,0.2497029301809987,0.7727272727272727,0.8464351005484461,0.9946294307196563,0.9145679012345679,22.0,Silene.otites,0.6191623732757188,opth,3,False,mlp1,bce,msle
500,0.7654257374726265,0.025742671745673764,0.7142857142857143,0.7159603246167718,0.9974874371859297,0.8335958005249344,7.0,Silene.rupestris,0.430246038902486,opth,3,False,mlp1,bce,msle
501,0.806226743912204,0.30064431770597305,0.8285714285714286,0.645895153313551,0.9731743666169895,0.7764565992865636,105.0,Silene.vulgaris,0.4744665818849796,opth,3,False,mlp1,bce,msle
502,0.4362657091561939,0.0023406531017772236,0.0,0.9344703770197487,0.9980824544582934,0.9652294853963839,2.0,Sinapis.arvensis,-0.06552962298025133,opth,3,False,mlp1,bce,msle
503,0.8765963485006149,0.3704450757769178,0.6989247311827957,0.8162267839687195,0.9675550405561993,0.8854718981972428,93.0,Soldanella.alpina,0.5151515151515151,opth,3,False,mlp1,bce,msle
504,0.8251121076233183,0.00510204081632653,0.0,0.9748878923766816,0.9990808823529411,0.9868361325465275,1.0,Solidago.gigantea,-0.02511210762331839,opth,3,False,mlp1,bce,msle
505,0.8789734188817598,0.14623632010819648,0.8,0.7928505957836847,0.9942528735632183,0.8822029576746558,25.0,Solidago.virgaurea,0.5928505957836847,opth,3,False,mlp1,bce,msle
506,0.7503315988164473,0.054992321365965276,0.48148148148148145,0.7419651056014692,0.9829683698296837,0.8456305599162742,27.0,Stachys.officinalis,0.22344658708295073,opth,3,False,mlp1,bce,msle
507,0.8898577051165607,0.16256648048108535,0.9333333333333333,0.8019981834695731,0.998868778280543,0.8896725440806046,15.0,Stachys.pradica,0.7353315168029064,opth,3,False,mlp1,bce,msle
508,0.8237094275385881,0.18999049464865655,0.7346938775510204,0.7497656982193065,0.984009840098401,0.851063829787234,49.0,Stachys.recta,0.48445957577032694,opth,3,False,mlp1,bce,msle
509,0.8265738827878657,0.15627129311985935,0.7352941176470589,0.7255083179297597,0.9886649874055415,0.8368869936034116,34.0,Stellaria.graminea,0.46080243557681855,opth,3,False,mlp1,bce,msle
510,0.8804576934658236,0.13702193152337128,0.5555555555555556,0.9331526648599819,0.996142719382835,0.9636194029850746,9.0,Stipa.capillata,0.4887082204155375,opth,3,False,mlp1,bce,msle
511,0.8940639269406392,0.16652719153878665,0.8095238095238095,0.8757990867579909,0.995846313603323,0.9319727891156463,21.0,Stipa.eriocaulis,0.6853228962818005,opth,3,False,mlp1,bce,msle
512,0.7821448212648945,0.1031344172116263,0.4,0.8826764436296975,0.9846625766871165,0.930884485258579,25.0,Succisa.pratensis,0.28267644362969757,opth,3,False,mlp1,bce,msle
513,,-0.0,0.0,0.9731182795698925,1.0,0.9863760217983651,0.0,Symphytum.officinale,-0.026881720430107503,opth,3,False,mlp1,bce,msle
514,0.8933531746031746,0.1278880605474132,0.625,0.8910256410256411,0.9908350305498982,0.9382835101253616,24.0,Taraxacum.alpinum,0.516025641025641,opth,3,False,mlp1,bce,msle
515,0.8226744186046512,0.3957410479363032,0.8604651162790697,0.6408898305084746,0.9618441971383148,0.7692307692307693,172.0,Taraxacum.officinale,0.5013549467875444,opth,3,False,mlp1,bce,msle
516,0.666367175801138,0.009917626552416313,0.6666666666666666,0.8068283917340521,0.9988876529477196,0.8926441351888668,3.0,Tephroseris.integrifolia,0.4734950584007187,opth,3,False,mlp1,bce,msle
517,0.9928251121076234,0.1111111111111111,1.0,0.9452914798206278,1.0,0.9718764407561088,1.0,Teucrium.botrys,0.9452914798206278,opth,3,False,mlp1,bce,msle
518,0.8867727837696965,0.4282168519660682,0.7653061224489796,0.843811394891945,0.9739229024943311,0.9042105263157895,98.0,Teucrium.chamaedrys,0.6091175173409247,opth,3,False,mlp1,bce,msle
519,0.8295757896127923,0.15615947015726253,0.6285714285714286,0.8399629972247918,0.9858849077090119,0.9070929070929071,35.0,Teucrium.montanum,0.4685344257962205,opth,3,False,mlp1,bce,msle
520,0.8902402402402403,0.13015888910955004,0.6666666666666666,0.818018018018018,0.9978021978021978,0.899009900990099,6.0,Thalictrum.alpinum,0.4846846846846846,opth,3,False,mlp1,bce,msle
521,0.8556654676258992,0.04119960256989914,0.75,0.8776978417266187,0.9989764585465711,0.9344183820009574,4.0,Thalictrum.aquilegiifolium,0.6276978417266186,opth,3,False,mlp1,bce,msle
522,0.8253968253968254,0.08985782005430655,0.8095238095238095,0.6858447488584475,0.9947019867549669,0.8118918918918919,21.0,Thalictrum.minus,0.4953685583822569,opth,3,False,mlp1,bce,msle
523,0.7530153015301531,0.10976008077154929,0.8,0.7434743474347435,0.9987908101571947,0.8524251805985552,5.0,Thalictrum.simplex,0.5434743474347434,opth,3,False,mlp1,bce,msle
524,0.8710272038055598,0.11004458460394104,0.8709677419354839,0.7935483870967742,0.9953757225433526,0.8830769230769231,31.0,Thesium.alpinum,0.6645161290322581,opth,3,False,mlp1,bce,msle
525,0.7593128390596745,0.028517889828863354,0.7,0.7314647377938517,0.9963054187192119,0.8435870698644421,10.0,Thesium.linophyllon,0.43146473779385164,opth,3,False,mlp1,bce,msle
526,0.8090944222594356,0.03080137487387762,0.42857142857142855,0.8440036068530208,0.9957446808510638,0.9136163982430454,7.0,Thesium.pyrenaicum,0.2725750354244494,opth,3,False,mlp1,bce,msle
527,0.5056205035971223,0.008309078109227345,0.5,0.5611510791366906,0.9968051118210862,0.7180667433831991,4.0,Tofieldia.calyculata,0.06115107913669071,opth,3,False,mlp1,bce,msle
528,0.8756781193490055,0.11187713739668093,0.9,0.7332730560578662,0.9987684729064039,0.8456725755995829,10.0,Tragopogon.dubius,0.6332730560578663,opth,3,False,mlp1,bce,msle
529,0.8454919566030678,0.5215389876780652,0.8,0.7396184062850729,0.9360795454545454,0.826332288401254,225.0,Tragopogon.pratensis,0.5396184062850731,opth,3,False,mlp1,bce,msle
530,0.9418589577391756,0.24506288341368557,0.9285714285714286,0.8139745916515426,0.9988864142538976,0.897,14.0,Traunsteinera.globosa,0.7425460202229712,opth,3,False,mlp1,bce,msle
531,0.7891115158874721,0.05574230339503307,0.7777777777777778,0.6948998178506375,0.9947848761408083,0.8182305630026809,18.0,Trifolium.alpestre,0.47267759562841527,opth,3,False,mlp1,bce,msle
532,0.8466814392740319,0.20090821681213733,0.9206349206349206,0.7037037037037037,0.9932975871313673,0.8237909949972206,63.0,Trifolium.alpinum,0.6243386243386242,opth,3,False,mlp1,bce,msle
533,0.8446525270758123,0.10731918052720159,0.5,0.8483754512635379,0.9957627118644068,0.9161793372319688,8.0,Trifolium.arvense,0.34837545126353797,opth,3,False,mlp1,bce,msle
534,0.9110711071107112,0.07187091310261486,1.0,0.6858685868586859,1.0,0.813667912439936,5.0,Trifolium.aureum,0.6858685868586858,opth,3,False,mlp1,bce,msle
535,0.8238162878787879,0.18988935209888053,0.7333333333333333,0.7462121212121212,0.9800995024875622,0.8473118279569892,60.0,Trifolium.badium,0.4795454545454545,opth,3,False,mlp1,bce,msle
536,0.8355389676113361,0.261527534266217,0.7631578947368421,0.7384615384615385,0.9770992366412213,0.8411829134720701,76.0,Trifolium.campestre,0.5016194331983805,opth,3,False,mlp1,bce,msle
537,0.8656537753222836,0.16257228171062188,0.7333333333333333,0.7946593001841621,0.9908151549942594,0.8819621870209504,30.0,Trifolium.dubium,0.5279926335174954,opth,3,False,mlp1,bce,msle
538,0.6948580830933772,0.016509790224895023,1.0,0.5058823529411764,1.0,0.671875,11.0,Trifolium.medium,0.5058823529411764,opth,3,False,mlp1,bce,msle
539,0.7961822996287399,0.41424206826475113,0.7368421052631579,0.7396265560165975,0.9468791500664011,0.8305183459522423,152.0,Trifolium.montanum,0.4764686612797555,opth,3,False,mlp1,bce,msle
540,0.7616879174256224,0.03572419795729904,0.6666666666666666,0.7249544626593807,0.9925187032418953,0.8378947368421052,18.0,Trifolium.ochroleucon,0.3916211293260474,opth,3,False,mlp1,bce,msle
541,0.7531769003610743,0.6852996023571574,0.7363083164300203,0.6340288924558587,0.7523809523809524,0.6881533101045296,493.0,Trifolium.pratense,0.37033720888587895,opth,3,False,mlp1,bce,msle
542,0.7501139731023478,0.3484727843538017,0.7476635514018691,0.6175166297117517,0.911620294599018,0.7362855254461335,214.0,Trifolium.repens,0.3651801811136208,opth,3,False,mlp1,bce,msle
543,0.6618575293056808,0.010632165884652996,0.5714285714285714,0.6573489630297565,0.9959016393442623,0.7919608908202064,7.0,Trifolium.rubens,0.22877753445832782,opth,3,False,mlp1,bce,msle
544,0.7625673249551166,0.0074534897499703755,0.5,0.8384201077199281,0.9989304812834224,0.9116642264519278,2.0,Trifolium.scabrum,0.33842010771992825,opth,3,False,mlp1,bce,msle
545,0.7284172661870504,0.08989957498119054,0.5,0.7032374100719424,0.9974489795918368,0.8248945147679325,4.0,Trifolium.striatum,0.2032374100719423,opth,3,False,mlp1,bce,msle
546,0.8850698048729282,0.3457236253426963,0.7590361445783133,0.8228460793804453,0.9770114942528736,0.8933263268523384,83.0,Trifolium.thalii,0.5818822239587584,opth,3,False,mlp1,bce,msle
547,0.8293738489871086,0.23706534590286812,0.5666666666666667,0.9069981583793738,0.9869739478957916,0.9452975047984645,30.0,Trinia.glauca,0.47366482504604046,opth,3,False,mlp1,bce,msle
548,0.8286533816425121,0.03819697109466686,0.8333333333333334,0.6621376811594203,0.9972714870395635,0.7958628198149156,12.0,Trisetum.distichophyllum,0.49547101449275366,opth,3,False,mlp1,bce,msle
549,0.7964999451974717,0.570099529784037,0.7293729372937293,0.7134071340713407,0.8761329305135952,0.7864406779661017,303.0,Trisetum.flavescens,0.44278007136507,opth,3,False,mlp1,bce,msle
550,0.8782465819502857,0.28850008776131686,0.9523809523809523,0.6904083570750238,0.9958904109589041,0.8154795288839035,63.0,Trollius.europaeus,0.642789309455976,opth,3,False,mlp1,bce,msle
551,0.9216921692169218,0.23753241132431732,1.0,0.5283528352835284,1.0,0.6914016489988222,5.0,Turritis.glabra,0.5283528352835285,opth,3,False,mlp1,bce,msle
552,0.7082278481012658,0.025318242468569938,0.7,0.7540687160940326,0.996415770609319,0.8584662892434379,10.0,Tussilago.farfara,0.45406871609403243,opth,3,False,mlp1,bce,msle
553,0.6389303048567713,0.0509896955757608,0.27586206896551724,0.9162833486660533,0.9793510324483776,0.9467680608365019,29.0,Urtica.dioica,0.19214541763157067,opth,3,False,mlp1,bce,msle
554,0.7785285285285285,0.34396012877325577,0.5,0.8576576576576577,0.9968586387434555,0.9220338983050848,6.0,Valeriana.dioica,0.3576576576576578,opth,3,False,mlp1,bce,msle
555,0.8143505903723887,0.06549474445625587,0.7333333333333333,0.7602179836512262,0.995243757431629,0.8619979402677652,15.0,Valeriana.montana,0.49355131698455956,opth,3,False,mlp1,bce,msle
556,0.8169561835623542,0.053231824673497775,0.7857142857142857,0.6651542649727767,0.9959239130434783,0.7976060935799782,14.0,Valeriana.officinalis,0.45086855068706244,opth,3,False,mlp1,bce,msle
557,0.7964737793851718,0.05306525141480839,0.7,0.7522603978300181,0.9964071856287425,0.8572900566718187,10.0,Valerianella.dentata,0.45226039783001815,opth,3,False,mlp1,bce,msle
558,0.8012110202845898,0.09011015751726108,0.7333333333333333,0.7420526793823796,0.9951278928136419,0.850156087408949,15.0,Valerianella.locusta,0.4753860127157128,opth,3,False,mlp1,bce,msle
559,0.876937441643324,0.3276069388654562,0.6888888888888889,0.8907563025210085,0.9855371900826446,0.9357528200098088,45.0,Veratrum.album,0.5796451914098975,opth,3,False,mlp1,bce,msle
560,0.7985401459854015,0.07754257699980298,0.6,0.8421532846715328,0.99140708915145,0.9107054760730143,20.0,Verbascum.lychnitis,0.4421532846715328,opth,3,False,mlp1,bce,msle
561,0.7083708370837084,0.009841127808204259,0.8,0.6660666066606661,0.9986504723346828,0.7991360691144709,5.0,Verbascum.nigrum,0.46606660666066624,opth,3,False,mlp1,bce,msle
562,0.7378937893789379,0.012255430295389978,0.2,0.8595859585958596,0.9958289885297185,0.9227053140096618,5.0,Verbascum.thapsus,0.05958595859585958,opth,3,False,mlp1,bce,msle
563,0.8572719060523939,0.030944359947731842,0.8888888888888888,0.7443541102077688,0.9987878787878788,0.8530020703933747,9.0,Verbena.officinalis,0.6332429990966575,opth,3,False,mlp1,bce,msle
564,0.909077109896782,0.17083813322563984,0.7222222222222222,0.8888888888888888,0.9949031600407747,0.9389129389129389,18.0,Veronica.aphylla,0.6111111111111112,opth,3,False,mlp1,bce,msle
565,0.8210690305476345,0.34702131454979057,0.8256880733944955,0.6494538232373386,0.9717682020802377,0.7785714285714286,109.0,Veronica.arvensis,0.4751418966318339,opth,3,False,mlp1,bce,msle
566,0.8621806569343066,0.06832653135201815,0.35,0.8786496350364964,0.9866803278688525,0.9295366795366795,20.0,Veronica.bellidioides,0.22864963503649638,opth,3,False,mlp1,bce,msle
567,0.8328038309420821,0.27933670015171186,0.7663551401869159,0.7333994053518335,0.9673202614379085,0.8342728297632469,107.0,Veronica.chamaedrys,0.4997545455387493,opth,3,False,mlp1,bce,msle
568,0.8557478243270593,0.0949965455973932,0.8888888888888888,0.6639344262295082,0.9972640218878249,0.797156916347731,18.0,Veronica.fruticans,0.552823315118397,opth,3,False,mlp1,bce,msle
569,0.8576888489208633,0.01568733010886391,0.75,0.8210431654676259,0.9989059080962801,0.9012833168805529,4.0,Veronica.fruticulosa,0.5710431654676258,opth,3,False,mlp1,bce,msle
570,0.8542916086935662,0.09445000687751856,0.7894736842105263,0.8040109389243391,0.9954853273137697,0.8895612708018155,19.0,Veronica.officinalis,0.5934846231348654,opth,3,False,mlp1,bce,msle
571,0.7728951453192742,0.04209023369710734,0.35294117647058826,0.8753412192902639,0.9886947584789312,0.9285714285714286,17.0,Veronica.persica,0.22828239576085219,opth,3,False,mlp1,bce,msle
572,0.6516634050880626,0.029389855652116326,0.3333333333333333,0.7881278538812785,0.984036488027366,0.8752535496957403,21.0,Veronica.serpyllifolia,0.12146118721461185,opth,3,False,mlp1,bce,msle
573,0.8473703235134648,0.3782191419472633,0.8090909090909091,0.7147117296222664,0.9716216216216216,0.8235967926689576,110.0,Vicia.cracca,0.5238026387131756,opth,3,False,mlp1,bce,msle
574,0.9164265891370424,0.2960901586831268,0.5714285714285714,0.9269195189639223,0.9852507374631269,0.9551954242135366,35.0,Vicia.hirsuta,0.4983480903924937,opth,3,False,mlp1,bce,msle
575,0.7602169981916818,0.038904269290778594,0.5,0.7974683544303798,0.9943630214205186,0.88509784244857,10.0,Vicia.onobrychioides,0.2974683544303798,opth,3,False,mlp1,bce,msle
576,0.8557876905702994,0.43290367439950445,0.6782608695652174,0.8491508491508492,0.9582863585118376,0.9004237288135594,115.0,Vicia.sativa,0.5274117187160665,opth,3,False,mlp1,bce,msle
577,0.8403549382716049,0.15643487983371165,0.5555555555555556,0.8833333333333333,0.9835051546391752,0.9307317073170732,36.0,Vicia.sepium,0.4388888888888889,opth,3,False,mlp1,bce,msle
578,0.6966157532195267,0.02969512585550642,0.3333333333333333,0.87151841868823,0.9979423868312757,0.9304556354916067,3.0,Vicia.tetrasperma,0.20485175202156336,opth,3,False,mlp1,bce,msle
579,0.807689978807145,0.1390792713329325,0.6,0.8474114441416893,0.9936102236421726,0.9147058823529411,15.0,Vincetoxicum.hirundinaria,0.44741144414168943,opth,3,False,mlp1,bce,msle
580,0.7378815080789947,0.033001313485113835,0.5,0.7199281867145422,0.9987546699875467,0.8367240479916537,2.0,Viola.arvensis,0.21992818671454217,opth,3,False,mlp1,bce,msle
581,0.8327338129496403,0.020063486149551724,0.25,0.947841726618705,0.9971617786187322,0.9718764407561088,4.0,Viola.biflora,0.19784172661870514,opth,3,False,mlp1,bce,msle
582,0.8408469292121722,0.14756370573522976,0.7551020408163265,0.7553889409559512,0.9853300733496333,0.8551724137931035,49.0,Viola.calcarata,0.5104909817722776,opth,3,False,mlp1,bce,msle
583,0.8624243204946541,0.06094165488740716,1.0,0.5897204688908927,1.0,0.7419171866137266,7.0,Viola.hirta,0.5897204688908926,opth,3,False,mlp1,bce,msle
584,0.37937219730941707,0.001443001443001443,0.0,0.6860986547085202,0.9986945169712794,0.8133971291866029,1.0,Viola.rupestris,-0.31390134529147984,opth,3,False,mlp1,bce,msle
585,0.5825852782764812,0.003125440285539849,0.0,0.699281867145422,0.9974391805377721,0.8221635883905013,2.0,Vulpia.myuros,-0.30071813285457805,opth,3,False,mlp1,bce,msle
586,0.8032345013477088,0.011132658191481721,0.6666666666666666,0.6522911051212938,0.9986244841815681,0.7891304347826087,3.0,Athamanta.cretensis,0.31895777178796036,opth,3,False,mlp1,bce,msle
587,0.8714671467146714,0.041694806095955654,0.6,0.9360936093609361,0.9980806142034548,0.9660938225731538,5.0,Bupleurum.baldense,0.5360936093609361,opth,3,False,mlp1,bce,msle
588,0.8319289603318641,0.11048628600305296,0.7857142857142857,0.8339382940108893,0.9967462039045553,0.908102766798419,14.0,Imperatoria.ostruthium,0.6196525797251748,opth,3,False,mlp1,bce,msle
589,0.8501329566229018,0.1827618921863453,0.6818181818181818,0.829981718464351,0.9923497267759562,0.9039323046291687,22.0,Laserpitium.gallicum,0.5117999002825329,opth,3,False,mlp1,bce,msle
590,1.0,1.0,1.0,0.9820627802690582,1.0,0.9909502262443439,1.0,Oenanthe.silaifolia,0.9820627802690582,opth,3,False,mlp1,bce,msle
591,0.9640670480778882,0.17214745614198418,0.7777777777777778,0.9367660343270099,0.9980750721847931,0.9664492078285182,9.0,Seseli.galloprovinciale,0.7145438121047878,opth,3,False,mlp1,bce,msle
592,0.9578475336322869,0.020833333333333332,1.0,0.8511210762331839,1.0,0.9195736434108527,1.0,Torilis.leptophylla,0.8511210762331838,opth,3,False,mlp1,bce,msle
593,0.9654398563734291,0.03684922244759973,0.5,0.9596050269299821,0.9990654205607477,0.9789377289377289,2.0,Achillea.ptarmica,0.45960502692998206,opth,3,False,mlp1,bce,msle
594,0.8938402527075812,0.2761057276977875,0.5,0.9296028880866426,0.9961315280464217,0.96171802054155,8.0,Artemisia.alba,0.4296028880866425,opth,3,False,mlp1,bce,msle
595,0.7520795660036166,0.01917897526162589,0.1,0.9095840867992767,0.9911330049261083,0.9486091466289486,10.0,Bombycilaena.erecta,0.009584086799276692,opth,3,False,mlp1,bce,msle
596,0.879005690326445,0.345441943900848,0.6666666666666666,0.8095238095238095,0.9988913525498891,0.8942928039702234,3.0,Cacalia.alliariae,0.4761904761904763,opth,3,False,mlp1,bce,msle
597,0.8054298642533936,0.05147628194680961,0.8181818181818182,0.611764705882353,0.9970501474926253,0.7582725743129557,11.0,Cacalia.alpina,0.42994652406417133,opth,3,False,mlp1,bce,msle
598,0.6196466007786763,0.009040927303633262,0.3333333333333333,0.9460916442048517,0.9981042654028436,0.9714022140221402,3.0,Carduus.nigrescens,0.27942497753818496,opth,3,False,mlp1,bce,msle
599,0.8444879321591651,0.07064288254311472,0.5714285714285714,0.8584474885844748,0.9905163329820864,0.9197651663405088,21.0,Catananche.caerulea,0.42987606001304624,opth,3,False,mlp1,bce,msle
600,0.8661275831087152,0.041173001905107504,1.0,0.683737646001797,1.0,0.8121664887940235,3.0,Centaurea.alpestris,0.683737646001797,opth,3,False,mlp1,bce,msle
601,0.8679013006476475,0.10689167329209309,0.8235294117647058,0.7579617834394905,0.9964114832535885,0.8609819121447029,17.0,Centaurea.paniculata,0.5814911952041963,opth,3,False,mlp1,bce,msle
602,0.905360886492962,0.020667463403412502,1.0,0.6091644204851752,1.0,0.7571189279731994,3.0,Centaurea.triumfetti,0.6091644204851752,opth,3,False,mlp1,bce,msle
603,0.8654490643490531,0.2920092528642496,0.7627118644067796,0.8013245033112583,0.983739837398374,0.8832116788321168,59.0,Centaurea.uniflora,0.564036367718038,opth,3,False,mlp1,bce,msle
604,0.6324057450628366,0.003997834828332818,0.5,0.7666068222621185,0.9988304093567252,0.867445403758253,2.0,Cirsium.ferox,0.2666068222621185,opth,3,False,mlp1,bce,msle
605,0.8051791629027402,0.03888040095721405,0.7777777777777778,0.7931345980126467,0.9977272727272727,0.8837443381982889,9.0,Cirsium.morisianum,0.5709123757904244,opth,3,False,mlp1,bce,msle
606,0.9647032374100719,0.07932404922135347,1.0,0.8741007194244604,1.0,0.9328214971209213,4.0,Cirsium.rivulare,0.8741007194244603,opth,3,False,mlp1,bce,msle
607,0.852925292529253,0.019942172170572512,0.8,0.7227722772277227,0.9987562189054726,0.8386422976501305,5.0,Crepis.albida,0.5227722772277228,opth,3,False,mlp1,bce,msle
608,0.8519678190911069,0.07570795924363173,0.9523809523809523,0.6164383561643836,0.9985207100591716,0.7622811970638057,21.0,Crepis.nicaeensis,0.5688193085453359,opth,3,False,mlp1,bce,msle
609,0.801328502415459,0.04084248555734025,0.25,0.8931159420289855,0.9909547738693467,0.9394949976179133,12.0,Doronicum.grandiflorum,0.14311594202898537,opth,3,False,mlp1,bce,msle
610,0.8690605632271392,0.131026331013209,0.6470588235294118,0.8604436229205176,0.9872746553552492,0.9195061728395062,34.0,Echinops.ritro,0.5075024464499294,opth,3,False,mlp1,bce,msle
611,0.828416849156254,0.2651250065723749,0.7142857142857143,0.8250676284941388,0.9978189749182116,0.9032576505429417,7.0,Erigeron.atticus,0.5393533427798531,opth,3,False,mlp1,bce,msle
612,0.9901256732495511,0.15000000000000002,1.0,0.8563734290843806,1.0,0.9226305609284333,2.0,Filago.vulgaris,0.8563734290843805,opth,3,False,mlp1,bce,msle
613,0.4851618705035971,0.007585688976863819,0.25,0.7491007194244604,0.9964114832535885,0.8552361396303901,4.0,Helichrysum.stoechas,-0.0008992805755395628,opth,3,False,mlp1,bce,msle
614,0.6772277227722773,0.008777558403313014,0.2,0.8757875787578758,0.9959058341862845,0.9319923371647509,5.0,Hieracium.glanduliferum,0.0757875787578759,opth,3,False,mlp1,bce,msle
615,0.8215251969674446,0.11893596125356387,0.8064516129032258,0.7529953917050691,0.9927095990279465,0.8563941299790356,31.0,Pilosella.peleteriana,0.5594470046082949,opth,3,False,mlp1,bce,msle
616,0.7530815109343937,0.246847232191321,0.6545454545454545,0.7465208747514911,0.9518377693282636,0.8367688022284122,110.0,Pilosella.officinarum,0.40106632929694563,opth,3,False,mlp1,bce,msle
617,0.8998874296435272,0.3991127057280077,0.84,0.848968105065666,0.9912376779846659,0.9146033350176856,50.0,Hieracium.rionii,0.688968105065666,opth,3,False,mlp1,bce,msle
618,0.9469930922389272,0.420570522438895,0.7391304347826086,0.9149532710280374,0.987891019172553,0.9500242600679282,46.0,Pilosella.corymbuloides,0.6540837058106459,opth,3,False,mlp1,bce,msle
619,0.886310604096448,0.11808375620561669,0.5,0.925589836660617,0.9931840311587147,0.9581963363081258,14.0,Inula.montana,0.425589836660617,opth,3,False,mlp1,bce,msle
620,0.9150492125984252,0.48447333865109665,0.81,0.844488188976378,0.9783352337514253,0.9064976228209192,100.0,Leontodon.pyrenaicus,0.6544881889763781,opth,3,False,mlp1,bce,msle
621,0.8079699382129278,0.18172312713906025,0.765625,0.7813688212927756,0.982078853046595,0.8703017469560614,64.0,Leucanthemum.adustum,0.5469938212927756,opth,3,False,mlp1,bce,msle
622,0.8974358974358976,0.22571352961330832,0.6666666666666666,0.8946886446886447,0.9918781725888325,0.940779971112181,24.0,Leucanthemum.atratum,0.5613553113553114,opth,3,False,mlp1,bce,msle
623,0.9625258143776663,0.5381306015481958,0.8412698412698413,0.9278252611585945,0.9898682877406282,0.957843137254902,63.0,Omalotheca.supina,0.7690951024284358,opth,3,False,mlp1,bce,msle
624,0.8715702692258147,0.04419284116455232,0.8571428571428571,0.7664562669071235,0.9988249118683902,0.8673469387755102,7.0,Omalotheca.sylvatica,0.6235991240499805,opth,3,False,mlp1,bce,msle
625,0.7764811490125674,0.005822259136212624,0.0,0.9560143626570916,0.9981255857544518,0.9766162310866575,2.0,Pulicaria.dysenterica,-0.04398563734290839,opth,3,False,mlp1,bce,msle
626,0.8937266520674997,0.0479992177891886,0.5714285714285714,0.8809738503155996,0.996938775510204,0.935375777884155,7.0,Scorzonera.hispanica,0.4524024217441709,opth,3,False,mlp1,bce,msle
627,0.9856373429084381,0.5294117647058824,1.0,0.8922800718132855,1.0,0.9430740037950665,2.0,Senecio.aquaticus,0.8922800718132855,opth,3,False,mlp1,bce,msle
628,0.5507637017070979,0.003985101580553915,0.0,0.9245283018867925,0.997093023255814,0.9594405594405594,3.0,Senecio.vulgaris,-0.07547169811320753,opth,3,False,mlp1,bce,msle
629,0.9450271247739602,0.2256189704805495,0.9,0.8517179023508138,0.9989395546129375,0.9194729136163983,10.0,Serratula.lycopifolia,0.7517179023508138,opth,3,False,mlp1,bce,msle
630,0.9363758992805755,0.12603276353276355,1.0,0.6960431654676259,1.0,0.8207847295864263,4.0,Serratula.nudicaulis,0.6960431654676258,opth,3,False,mlp1,bce,msle
631,0.6438848920863309,0.006083964598944974,0.0,0.8120503597122302,0.9955898566703418,0.8945022288261516,4.0,Sonchus.asper,-0.18794964028776984,opth,3,False,mlp1,bce,msle
632,0.8347160520259059,0.17225426925553927,0.7058823529411765,0.8535031847133758,0.9946977730646872,0.9187071498530852,17.0,Taraxacum.erythrospermum,0.5593855376545522,opth,3,False,mlp1,bce,msle
633,0.6400900900900901,0.019357357371118444,0.5,0.8648648648648649,0.9968847352024922,0.9261939218523878,6.0,Taraxacum.palustre,0.3648648648648649,opth,3,False,mlp1,bce,msle
634,0.6019766397124888,0.1691483039329958,0.3333333333333333,0.77088948787062,0.9976744186046511,0.8697415103902686,3.0,Tolpis.staticifolia,0.10422282120395332,opth,3,False,mlp1,bce,msle
635,0.7514225816112609,0.028359206930635504,0.3333333333333333,0.8032345013477089,0.9977678571428571,0.8899950223992036,3.0,Tragopogon.crocifolius,0.13656783468104217,opth,3,False,mlp1,bce,msle
636,0.8839368081180812,0.21471953740579208,0.875,0.7380073800738007,0.9950248756218906,0.847457627118644,32.0,Cerinthe.minor,0.6130073800738007,opth,3,False,mlp1,bce,msle
637,0.8029350104821802,0.011704519313214964,1.0,0.6073674752920036,1.0,0.7557294577976523,3.0,Cynoglossum.officinale,0.6073674752920035,opth,3,False,mlp1,bce,msle
638,0.577717879604672,0.004198438457227023,0.3333333333333333,0.5884995507637018,0.9969558599695586,0.7401129943502824,3.0,Lithospermum.arvense,-0.07816711590296488,opth,3,False,mlp1,bce,msle
639,0.7866909753874202,0.07027413701369437,0.6842105263157895,0.8140382862351869,0.9933259176863182,0.8947895791583166,19.0,Myosotis.decumbens,0.4982488125509765,opth,3,False,mlp1,bce,msle
640,0.8800721370604148,0.08057722272764886,0.7142857142857143,0.8412984670874661,0.9978609625668449,0.9129158512720157,7.0,Myosotis.discolor,0.5555841813731806,opth,3,False,mlp1,bce,msle
641,0.88085917896216,0.0635215979472913,0.7777777777777778,0.8021680216802168,0.9977528089887641,0.8893340010015023,9.0,Pulmonaria.angustifolia,0.5799457994579946,opth,3,False,mlp1,bce,msle
642,0.8156156156156156,0.06906837143665426,0.8333333333333334,0.7162162162162162,0.9987437185929648,0.8342077649527807,6.0,Alyssum.alpestre,0.5495495495495497,opth,3,False,mlp1,bce,msle
643,0.8708708708708709,0.03641682676273052,0.8333333333333334,0.8036036036036036,0.9988801791713325,0.890664003994009,6.0,Alyssum.montanum,0.6369369369369369,opth,3,False,mlp1,bce,msle
644,0.84366576819407,0.03289356433766372,0.6666666666666666,0.8526504941599281,0.9989473684210526,0.9200193892389724,3.0,Arabis.alpina,0.5193171608265947,opth,3,False,mlp1,bce,msle
645,0.8877917414721723,0.023636055574381566,0.5,0.8940754039497307,0.9989969909729187,0.9436286120322123,2.0,Arabis.auriculata,0.39407540394973073,opth,3,False,mlp1,bce,msle
646,0.9095710421228905,0.08925926191373745,0.42857142857142855,0.9377817853922452,0.9961685823754789,0.9660938225731538,7.0,Cardamine.bellidifolia,0.3663532139636738,opth,3,False,mlp1,bce,msle
647,0.8846502545505266,0.06924865776747596,0.5384615384615384,0.886672710788758,0.9939024390243902,0.9372304743651174,13.0,Cardamine.resedifolia,0.4251342492502963,opth,3,False,mlp1,bce,msle
648,,-0.0,0.0,0.7580645161290323,1.0,0.8623853211009175,0.0,Iberis.pinnata,-0.24193548387096775,opth,3,False,mlp1,bce,msle
649,0.7819557977596125,0.03226955090944113,0.8666666666666667,0.5821980018165305,0.9968895800933126,0.7350917431192661,15.0,Kandis.perfoliata,0.44886466848319717,opth,3,False,mlp1,bce,msle
650,0.7197860962566844,0.027696768087622746,0.5454545454545454,0.7565610859728507,0.9940546967895363,0.8591983556012333,11.0,Noccaea.brachypetala,0.30201563142739607,opth,3,False,mlp1,bce,msle
651,0.9049504950495049,0.060468440105372154,0.6,0.8775877587758776,0.9979529170931423,0.9339080459770115,5.0,Pritzelago.alpina,0.47758775877587745,opth,3,False,mlp1,bce,msle
652,0.7680831826401446,0.039665471935138544,0.7,0.8146473779385172,0.9966814159292036,0.8965174129353234,10.0,Sisymbrium.austriacum,0.514647377938517,opth,3,False,mlp1,bce,msle
653,0.9003003003003003,0.0641476210686866,0.6666666666666666,0.8738738738738738,0.9979423868312757,0.9317963496637848,6.0,Campanula.alpestris,0.5405405405405403,opth,3,False,mlp1,bce,msle
654,0.9194291660472722,0.17935258804701662,0.7096774193548387,0.9087557603686636,0.9909547738693467,0.948076923076923,31.0,Phyteuma.globulariifolium,0.6184331797235023,opth,3,False,mlp1,bce,msle
655,0.8122818680405518,0.22708079208156942,0.5454545454545454,0.8473491773308958,0.9893276414087513,0.912850812407681,22.0,Phyteuma.michelii,0.39280372278544107,opth,3,False,mlp1,bce,msle
656,0.8755886914332058,0.3194433743839507,0.7611940298507462,0.8122020972354623,0.9815668202764977,0.8888888888888888,67.0,Arenaria.gothica,0.5733961270862085,opth,3,False,mlp1,bce,msle
657,0.9537070524412297,0.33292580914541126,0.7,0.9475587703435805,0.9971455756422455,0.9717199814557256,10.0,Cerastium.cerastoides,0.6475587703435806,opth,3,False,mlp1,bce,msle
658,0.9224963870898679,0.1262811772216015,0.8235294117647058,0.8689717925386715,0.9968684759916493,0.9285367039377734,17.0,Dianthus.hyssopifolius,0.6925012043033774,opth,3,False,mlp1,bce,msle
659,0.8564902001813489,0.2616298164809508,0.6666666666666666,0.8493408662900188,0.9804347826086957,0.9101917255297679,54.0,Dianthus.pavonius,0.5160075329566856,opth,3,False,mlp1,bce,msle
660,0.8648830935251799,0.02353942512604605,0.5,0.9064748201438849,0.998019801980198,0.9500471253534402,4.0,Minuartia.hybrida,0.40647482014388503,opth,3,False,mlp1,bce,msle
661,0.8394728960766696,0.010642904197014191,0.6666666666666666,0.8247978436657682,0.998911860718172,0.9035433070866141,3.0,Minuartia.rupestris,0.4914645103324349,opth,3,False,mlp1,bce,msle
662,0.9450236966824644,0.392415848177965,0.9180327868852459,0.8739336492890996,0.9946062567421791,0.9303733602421796,61.0,Minuartia.sedoides,0.7919664361743455,opth,3,False,mlp1,bce,msle
663,0.9113160810898898,0.30105738800228476,0.896551724137931,0.8071833648393195,0.9930232558139535,0.8905109489051095,58.0,Sagina.glabra,0.7037350889772505,opth,3,False,mlp1,bce,msle
664,0.8889388489208633,0.0314752024291498,0.5,0.9370503597122302,0.9980842911877394,0.9666048237476809,4.0,Sagina.saginoides,0.43705035971223016,opth,3,False,mlp1,bce,msle
665,0.829375,0.050526181945646585,0.6875,0.7754545454545455,0.9941724941724942,0.8712972420837589,16.0,Silene.italica,0.4629545454545454,opth,3,False,mlp1,bce,msle
666,0.8254113345521025,0.05871655518689162,0.8636363636363636,0.6846435100548446,0.9960106382978723,0.8114842903575298,22.0,Silene.latifolia,0.5482798736912082,opth,3,False,mlp1,bce,msle
667,0.9401018268942798,0.05262692787110937,0.0,1.0,0.9973118279569892,0.9986541049798116,3.0,Silene.suecica,0.0,opth,3,False,mlp1,bce,msle
668,0.7121489621489622,0.0860487580675359,0.625,0.7243589743589743,0.98875,0.8361522198731501,24.0,Chenopodium.bonus.henricus,0.34935897435897445,opth,3,False,mlp1,bce,msle
669,0.8410746812386157,0.135033686637072,0.5555555555555556,0.8979963570127505,0.9919517102615694,0.9426386233269598,18.0,Helianthemum.apenninum,0.45355191256830607,opth,3,False,mlp1,bce,msle
670,0.8335551528951461,0.3206413801694277,0.6101694915254238,0.8410596026490066,0.9747807017543859,0.9029964448958863,59.0,Helianthemum.oelandicum,0.45122909417443036,opth,3,False,mlp1,bce,msle
671,0.732554657082959,0.17523336878175588,0.6666666666666666,0.912848158131177,0.9990167158308751,0.9539906103286385,3.0,Convolvulus.cantabricus,0.5795148247978437,opth,3,False,mlp1,bce,msle
672,0.9089548685508282,0.20547728691583722,0.8148148148148148,0.8576675849403123,0.9946751863684771,0.9211045364891519,27.0,Sedum.alpestre,0.672482399755127,opth,3,False,mlp1,bce,msle
673,0.8679126856824045,0.06397930554869256,0.5384615384615384,0.8902991840435177,0.9939271255060729,0.9392635102821616,13.0,Sedum.anacampseros,0.42876072250505626,opth,3,False,mlp1,bce,msle
674,0.8172445255474452,0.08357824084975748,0.6,0.8257299270072993,0.9912376779846659,0.9009457441513191,20.0,Sedum.ochroleucum,0.4257299270072994,opth,3,False,mlp1,bce,msle
675,0.9267288969185988,0.5892427975746382,0.7777777777777778,0.9150858175248419,0.9980295566502463,0.9547596606974552,9.0,Sedum.sediforme,0.6928635953026197,opth,3,False,mlp1,bce,msle
676,0.8853146853146854,0.11744584880183137,0.7272727272727273,0.9248868778280543,0.9970731707317073,0.9596244131455399,11.0,Sempervivum.calcareum,0.6521596051007816,opth,3,False,mlp1,bce,msle
677,0.9991031390134529,0.5,1.0,0.9147982062780269,1.0,0.955503512880562,1.0,Euphorbia.esula,0.9147982062780269,opth,3,False,mlp1,bce,msle
678,0.9022121384004538,0.3191232469498023,0.7073170731707317,0.8865116279069768,0.9875647668393782,0.9343137254901961,41.0,Anthyllis.montana,0.5938287010777086,opth,3,False,mlp1,bce,msle
679,0.924219612566496,0.0609990547021267,0.4444444444444444,0.928635953026197,0.995159728944821,0.9607476635514018,9.0,Argyrolobium.zanonii,0.37308039747064137,opth,3,False,mlp1,bce,msle
680,0.8208339545748223,0.18166876277342134,0.5964912280701754,0.8092540132200189,0.9738636363636364,0.8839608045384219,57.0,Astragalus.danicus,0.4057452412901943,opth,3,False,mlp1,bce,msle
681,0.8870353159851302,0.2651617646824705,0.8,0.7992565055762082,0.9907834101382489,0.8847736625514403,40.0,Astragalus.sempervirens,0.5992565055762082,opth,3,False,mlp1,bce,msle
682,0.7723869421982629,0.015330998016510384,0.6666666666666666,0.7367475292003594,0.9987819732034104,0.8479834539813857,3.0,Astragalus.vesicarius,0.40341419586702587,opth,3,False,mlp1,bce,msle
683,0.8954776879305181,0.07689393939393939,1.0,0.7178796046720575,1.0,0.8357740585774058,3.0,Bituminaria.bituminosa,0.7178796046720575,opth,3,False,mlp1,bce,msle
684,0.8552106144531754,0.03759499176675167,0.8571428571428571,0.7312894499549143,0.9987684729064039,0.8443519000520562,7.0,Dorycnium.pentaphyllum,0.5884323070977713,opth,3,False,mlp1,bce,msle
685,0.8430493273542601,0.005681818181818182,0.0,0.8887892376681614,0.998991935483871,0.9406739439962032,1.0,Genista.cinerea,-0.11121076233183858,opth,3,False,mlp1,bce,msle
686,0.9139013452914798,0.010309278350515464,1.0,0.5937219730941704,1.0,0.7450759707371976,1.0,Lathyrus.hirsutus,0.5937219730941705,opth,3,False,mlp1,bce,msle
687,0.901697598253275,0.5986597582387782,0.795,0.8318777292576419,0.9489414694894147,0.8865619546247818,200.0,Lotus.alpinus,0.626877729257642,opth,3,False,mlp1,bce,msle
688,0.764976725359239,0.05733497270025779,0.6666666666666666,0.7140255009107468,0.9924050632911392,0.8305084745762712,18.0,Lotus.delortii,0.38069216757741353,opth,3,False,mlp1,bce,msle
689,0.8886894075403949,0.02174588381484933,0.5,0.9272890484739676,0.9990328820116054,0.9618249534450651,2.0,Lotus.pedunculatus,0.42728904847396754,opth,3,False,mlp1,bce,msle
690,0.8816143497757848,0.007518796992481203,1.0,0.7515695067264574,1.0,0.8581669226830517,1.0,Medicago.arabica,0.7515695067264574,opth,3,False,mlp1,bce,msle
691,0.9811320754716981,0.515625,0.6666666666666666,0.9478885893980233,0.9990530303030303,0.9727985246657446,3.0,Melilotus.neapolitanus,0.6145552560646901,opth,3,False,mlp1,bce,msle
692,0.8559006211180125,0.15774259188384268,0.5714285714285714,0.8871415356151712,0.9845995893223819,0.9333333333333333,35.0,Ononis.cristata,0.4585701070437427,opth,3,False,mlp1,bce,msle
693,0.9281393217231897,0.278151637208029,0.84,0.8854262144821264,0.9958762886597938,0.9374090247452693,25.0,Oxytropis.lapponica,0.7254262144821264,opth,3,False,mlp1,bce,msle
694,0.8005925544248358,0.0213500022186805,0.2857142857142857,0.9260595130748422,0.9951550387596899,0.9593647828117702,7.0,Trifolium.incarnatum,0.21177379878912794,opth,3,False,mlp1,bce,msle
695,0.8724751715204145,0.16416015345393306,0.7368421052631579,0.8505013673655424,0.9946695095948828,0.9169533169533169,19.0,Trifolium.pallescens,0.5873434726287003,opth,3,False,mlp1,bce,msle
696,0.8717488789237668,0.006944444444444444,1.0,0.7802690582959642,1.0,0.8765743073047859,1.0,Vicia.pannonica,0.7802690582959642,opth,3,False,mlp1,bce,msle
697,0.7918551033076173,0.11975792886639036,0.8095238095238095,0.5931098696461825,0.9875968992248062,0.7411285631180919,42.0,Vicia.tenuifolia,0.40263367916999204,opth,3,False,mlp1,bce,msle
698,0.8158212560386474,0.13534388684358403,0.6666666666666666,0.8188405797101449,0.9955947136563876,0.8986083499005965,12.0,Gentiana.angustifolia,0.48550724637681153,opth,3,False,mlp1,bce,msle
699,0.8754485158203762,0.14389855069016605,0.8823529411764706,0.7855822550831792,0.9953161592505855,0.878099173553719,34.0,Gentiana.brachyphylla,0.6679351962596498,opth,3,False,mlp1,bce,msle
700,0.773283524410666,0.014909360775329566,0.0,0.8827772768259693,0.9929006085192698,0.9346062052505967,7.0,Gentiana.orbicularis,-0.11722272317403071,opth,3,False,mlp1,bce,msle
701,0.8712871287128714,0.020742956474198812,0.2,0.9261926192619262,0.9961277831558567,0.9598880597014925,5.0,Gentiana.rostanii,0.12619261926192626,opth,3,False,mlp1,bce,msle
702,0.8402993923225137,0.22323872875291856,0.782051282051282,0.7707129094412332,0.9791921664626683,0.862533692722372,78.0,Gentianella.campestris,0.5527641914925152,opth,3,False,mlp1,bce,msle
703,0.8487571129080563,0.011514819995276399,0.6666666666666666,0.8140161725067385,0.9988974641675854,0.897029702970297,3.0,Gentianella.ciliata,0.48068283917340526,opth,3,False,mlp1,bce,msle
704,0.7544174902665468,0.0074043239940563875,0.3333333333333333,0.7996406109613656,0.9977578475336323,0.8877805486284289,3.0,Gentianella.tenella,0.1329739442946989,opth,3,False,mlp1,bce,msle
705,,-0.0,0.0,0.8118279569892473,1.0,0.8961424332344213,0.0,Hypericum.tetrapterum,-0.18817204301075274,opth,3,False,mlp1,bce,msle
706,0.8514525306978137,0.022370711725550437,0.3333333333333333,0.9613656783468104,0.9981343283582089,0.9794050343249427,3.0,Herniaria.incana,0.2946990116801438,opth,3,False,mlp1,bce,msle
707,0.5930930930930931,0.007690548799349527,0.3333333333333333,0.6666666666666666,0.9946236559139785,0.7982740021574973,6.0,Calamintha.nepeta,0.0,opth,3,False,mlp1,bce,msle
708,0.9491906474820144,0.060597402597402594,1.0,0.8489208633093526,1.0,0.9182879377431906,4.0,Mentha.aquatica,0.8489208633093526,opth,3,False,mlp1,bce,msle
709,0.8812048736462094,0.05919956649394883,0.875,0.7861010830324909,0.9988532110091743,0.8797979797979798,8.0,Mentha.longifolia,0.661101083032491,opth,3,False,mlp1,bce,msle
710,0.6918238993710691,0.006261805210877866,0.3333333333333333,0.7574123989218329,0.9976331360946745,0.8610827374872319,3.0,Nepeta.nepetella,0.09074573225516613,opth,3,False,mlp1,bce,msle
711,0.7807726864330637,0.011756524055522256,0.6666666666666666,0.6702605570530099,0.998661311914324,0.8021505376344086,3.0,Prunella.hyssopifolia,0.33692722371967654,opth,3,False,mlp1,bce,msle
712,0.8005925544248358,0.03884101496036149,0.5714285714285714,0.7412082957619477,0.9963636363636363,0.8500517063081696,7.0,Teucrium.polium,0.3126368671905191,opth,3,False,mlp1,bce,msle
713,0.9316816816816816,0.13200461410260633,0.8333333333333334,0.8945945945945946,0.9989939637826962,0.9439163498098859,6.0,Linum.bienne,0.727927927927928,opth,3,False,mlp1,bce,msle
714,0.818725980342142,0.16555435664036053,0.4444444444444444,0.9228650137741047,0.9852941176470589,0.9530583214793741,27.0,Linum.suffruticosum,0.367309458218549,opth,3,False,mlp1,bce,msle
715,0.9072072072072072,0.042315942716831534,0.8333333333333334,0.7846846846846847,0.9988532110091743,0.8789101917255298,6.0,Lythrum.salicaria,0.6180180180180179,opth,3,False,mlp1,bce,msle
716,0.7921921921921922,0.01673072838016946,0.0,0.9756756756756757,0.9944903581267218,0.984993178717599,6.0,Althaea.hirsuta,-0.024324324324324298,opth,3,False,mlp1,bce,msle
717,0.9883408071748879,0.07142857142857142,0.0,0.9955156950672646,0.9990999099909991,0.9973045822102425,1.0,Epilobium.parviflorum,-0.004484304932735439,opth,3,False,mlp1,bce,msle
718,0.6234290843806105,0.003501541655218732,0.0,0.8411131059245961,0.9978700745473909,0.9128105211885046,2.0,Plantago.sempervirens,-0.1588868940754039,opth,3,False,mlp1,bce,msle
719,0.9034785377129964,0.3537554845183548,0.8840579710144928,0.8099331423113658,0.9906542056074766,0.8912243825538623,69.0,Armeria.alpina,0.6939911133258585,opth,3,False,mlp1,bce,msle
720,0.7811766577827282,0.08166065398754571,0.5652173913043478,0.7932296431838975,0.9885974914481186,0.8802030456852792,23.0,Polygala.calcarea,0.35844703448824533,opth,3,False,mlp1,bce,msle
721,0.8054982488125509,0.0940590073967836,0.7368421052631579,0.7876025524156791,0.9942462600690449,0.8789420142421159,19.0,Rumex.arifolius,0.5244446576788371,opth,3,False,mlp1,bce,msle
722,0.9452745274527453,0.08420470021046807,0.8,0.8937893789378938,0.9989939637826962,0.9434679334916865,5.0,Rumex.conglomeratus,0.6937893789378937,opth,3,False,mlp1,bce,msle
723,0.7079040534627472,0.05478486021455926,0.4782608695652174,0.7721866422689845,0.985981308411215,0.8660851718830169,23.0,Rumex.nebroides,0.250447511834202,opth,3,False,mlp1,bce,msle
724,0.7675406871609403,0.05880612507275343,0.3,0.9620253164556962,0.9934640522875817,0.977491961414791,10.0,Rumex.pseudalpinus,0.26202531645569627,opth,3,False,mlp1,bce,msle
725,0.9535845588235294,0.27268053413923826,1.0,0.8400735294117647,1.0,0.913086913086913,28.0,Androsace.adfinis,0.8400735294117647,opth,3,False,mlp1,bce,msle
726,0.8799832812531099,0.2072645105378978,0.8297872340425532,0.7820392890551918,0.990521327014218,0.8740198640878202,47.0,Androsace.vitaliana,0.6118265230977449,opth,3,False,mlp1,bce,msle
727,0.5946188340807175,0.002207505518763797,1.0,0.46905829596412557,1.0,0.6385836385836385,1.0,Primula.vulgaris,0.4690582959641256,opth,3,False,mlp1,bce,msle
728,0.8373873873873874,0.023082405195583376,0.6666666666666666,0.7450450450450451,0.9975874547647768,0.853017019082001,6.0,Aconitum.anthora,0.4117117117117117,opth,3,False,mlp1,bce,msle
729,0.9115633672525439,0.20980092571818093,0.6857142857142857,0.8714153561517114,0.9884575026232949,0.9262536873156342,35.0,Anemone.baldensis,0.557129641865997,opth,3,False,mlp1,bce,msle
730,0.9167269439421337,0.26614652070348277,0.8,0.8399638336347197,0.9978517722878625,0.9121256750122729,10.0,Anemone.narcissifolia,0.6399638336347198,opth,3,False,mlp1,bce,msle
731,0.7544174902665469,0.11964943290617173,0.3333333333333333,0.9299191374663073,0.9980713596914176,0.9627906976744186,3.0,Caltha.palustris,0.26325247079964065,opth,3,False,mlp1,bce,msle
732,0.7682107175295186,0.03237770377517219,0.6666666666666666,0.709355131698456,0.9936386768447837,0.8277689454160042,15.0,Ranunculus.aduncus,0.3760217983651226,opth,3,False,mlp1,bce,msle
733,0.8845863526570048,0.10242593826880446,0.8333333333333334,0.8786231884057971,0.9979423868312757,0.9344894026974951,12.0,Ranunculus.carinthiacus,0.7119565217391304,opth,3,False,mlp1,bce,msle
734,0.8542826821876743,0.3378397896536944,0.7415730337078652,0.7711781888997079,0.9717791411042945,0.8599348534201955,89.0,Ranunculus.sartorianus,0.512751222607573,opth,3,False,mlp1,bce,msle
735,0.6973920863309352,0.019386044069001074,0.25,0.9190647482014388,0.9970731707317073,0.956481048198409,4.0,Reseda.phyteuma,0.16906474820143869,opth,3,False,mlp1,bce,msle
736,0.8803390393883995,0.10330411020751086,0.5454545454545454,0.8811700182815356,0.9897330595482546,0.9323017408123792,22.0,Alchemilla.fissa,0.42662456373608104,opth,3,False,mlp1,bce,msle
737,0.8636301138707299,0.33753064058915305,0.6363636363636364,0.8642925890279115,0.9697624190064795,0.9139949109414758,77.0,Alchemilla.flabellata,0.5006562253915479,opth,3,False,mlp1,bce,msle
738,0.8544460127028934,0.10175720526807852,0.8076923076923077,0.771559633027523,0.9940898345153665,0.868801652892562,26.0,Alchemilla.glabra,0.5792519407198307,opth,3,False,mlp1,bce,msle
739,0.8209026289834371,0.10078087438952535,0.7777777777777778,0.7079889807162535,0.9922779922779923,0.8263665594855305,27.0,Alchemilla.glaucescens,0.4857667584940313,opth,3,False,mlp1,bce,msle
740,0.8318380271553999,0.1720307335176554,0.7894736842105263,0.7183226982680037,0.9949494949494949,0.8343038644785601,19.0,Alchemilla.monticola,0.5077963824785301,opth,3,False,mlp1,bce,msle
741,0.9531640752419267,0.30209350860304923,0.8823529411764706,0.9269870609981515,0.9960278053624627,0.9602680708472954,34.0,Alchemilla.pentaphyllea,0.809340002174622,opth,3,False,mlp1,bce,msle
742,0.9132303966091432,0.1078377300478158,0.4666666666666667,0.9346049046321526,0.9922854387656702,0.9625818521983162,15.0,Filipendula.ulmaria,0.4012715712988193,opth,3,False,mlp1,bce,msle
743,0.872751798561151,0.021560870145907973,0.75,0.7976618705035972,0.9988738738738738,0.887,4.0,Potentilla.brauneana,0.5476618705035972,opth,3,False,mlp1,bce,msle
744,0.9250448833034111,0.5059171597633136,1.0,0.6355475763016158,1.0,0.7771679473106476,2.0,Potentilla.neglecta,0.6355475763016158,opth,3,False,mlp1,bce,msle
745,0.9469693543767618,0.4194888938365348,0.8412698412698413,0.9031339031339032,0.9895941727367326,0.9443892750744787,63.0,Sibbaldia.procumbens,0.7444037444037446,opth,3,False,mlp1,bce,msle
746,0.7942942942942942,0.014994490410738866,0.5,0.7837837837837838,0.9965635738831615,0.8774583963691377,6.0,Galium.megalospermum,0.28378378378378377,opth,3,False,mlp1,bce,msle
747,0.8639132031584746,0.3163159910508459,0.7580645161290323,0.8102466793168881,0.9827387802071347,0.8881955278211129,62.0,Galium.obliquum,0.5683111954459203,opth,3,False,mlp1,bce,msle
748,0.9475718150199665,0.39797807677554514,0.8571428571428571,0.8764652840396754,0.998972250770812,0.9337175792507204,7.0,Galium.palustre,0.7336081411825326,opth,3,False,mlp1,bce,msle
749,0.8887884267631103,0.04906480046366832,0.7,0.8688969258589512,0.9968879668049793,0.9285024154589372,10.0,Galium.pseudohelveticum,0.5688969258589511,opth,3,False,mlp1,bce,msle
750,0.9892280071813285,0.29,1.0,0.8123877917414721,1.0,0.8964834076275384,2.0,Galium.uliginosum,0.8123877917414721,opth,3,False,mlp1,bce,msle
751,0.6460846084608461,0.009782480607138787,0.2,0.8433843384338434,0.9957492029755579,0.9132553606237817,5.0,Salix.foetida,0.04338433843384348,opth,3,False,mlp1,bce,msle
752,0.8786231884057971,0.053230904255578484,0.4166666666666667,0.9148550724637681,0.9931170108161259,0.9523809523809523,12.0,Thesium.divaricatum,0.3315217391304348,opth,3,False,mlp1,bce,msle
753,0.8342135772252995,0.0203140309608585,0.5714285714285714,0.8349864743011722,0.9967707212055974,0.9087340529931305,7.0,Saxifraga.bryoides,0.4064150457297435,opth,3,False,mlp1,bce,msle
754,0.8701129146083275,0.22513966520191767,0.7692307692307693,0.8055045871559633,0.9932126696832579,0.889564336372847,26.0,Saxifraga.exarata,0.5747353563867326,opth,3,False,mlp1,bce,msle
755,0.8307830783078308,0.029066657258895165,0.4,0.9306930693069307,0.9971070395371263,0.962756052141527,5.0,Digitalis.grandiflora,0.33069306930693076,opth,3,False,mlp1,bce,msle
756,0.6715754833401892,0.015176049715580408,0.09090909090909091,0.7927601809954751,0.9887133182844243,0.8799598191863385,11.0,Euphrasia.officinalis,-0.11633072809543399,opth,3,False,mlp1,bce,msle
757,0.8795679567956797,0.03719921279045367,0.6,0.9162916291629163,0.9980392156862745,0.9554199906147348,5.0,Linaria.simplex,0.5162916291629163,opth,3,False,mlp1,bce,msle
758,0.8057553956834533,0.013905683322160918,0.5,0.7230215827338129,0.9975186104218362,0.8383733055265902,4.0,Pedicularis.cenisia,0.2230215827338129,opth,3,False,mlp1,bce,msle
759,0.9093700522957349,0.27556083188907804,0.8947368421052632,0.7921604375569735,0.9977037887485649,0.883130081300813,19.0,Pedicularis.comosa,0.6868972796622366,opth,3,False,mlp1,bce,msle
760,0.8806252570958454,0.056907771010926575,0.8181818181818182,0.7809954751131222,0.9976878612716763,0.8761421319796955,11.0,Pedicularis.kerneri,0.5991772932949404,opth,3,False,mlp1,bce,msle
761,0.7175517551755175,0.008899126478501244,0.0,0.8784878487848785,0.9949031600407747,0.9330783938814532,5.0,Pedicularis.rosea,-0.12151215121512149,opth,3,False,mlp1,bce,msle
762,0.8299493248988199,0.08226055727870682,0.7407407407407407,0.736455463728191,0.9913473423980222,0.845100105374078,27.0,Pedicularis.rostratospicata,0.47719620446893174,opth,3,False,mlp1,bce,msle
763,0.982495511669659,0.12702702702702703,1.0,0.6642728904847397,1.0,0.7982740021574973,2.0,Verbascum.chaixii,0.6642728904847397,opth,3,False,mlp1,bce,msle
764,0.8721421933085501,0.13548610912563572,0.85,0.7704460966542751,0.9928143712574851,0.8676085818942961,40.0,Veronica.allionii,0.6204460966542751,opth,3,False,mlp1,bce,msle
765,0.9382189449801475,0.31961964393825937,0.9024390243902439,0.813953488372093,0.9954493742889647,0.8955987717502559,41.0,Veronica.alpina,0.716392512762337,opth,3,False,mlp1,bce,msle
766,0.7573235563703025,0.08052317813325825,0.48,0.8295142071494043,0.985838779956427,0.9009457441513191,25.0,Veronica.austriaca,0.30951420714940436,opth,3,False,mlp1,bce,msle
767,0.7936364807419811,0.01935166560472225,0.5714285714285714,0.8205590622182146,0.9967141292442497,0.9000989119683481,7.0,Veronica.verna,0.391987633646786,opth,3,False,mlp1,bce,msle
768,0.9711573236889693,0.21175055017952707,0.9,0.9204339963833634,0.9990186457311089,0.9581176470588235,10.0,Valeriana.tuberosa,0.8204339963833633,opth,3,False,mlp1,bce,msle
769,0.915370705244123,0.1337626266048643,0.9,0.6139240506329114,0.9985294117647059,0.7603583426651735,10.0,Viola.saxatilis,0.5139240506329115,opth,3,False,mlp1,bce,msle
770,0.9594959495949595,0.2670640139543105,1.0,0.7677767776777678,1.0,0.8686354378818737,5.0,Carex.acutiformis,0.7677767776777678,opth,3,False,mlp1,bce,msle
771,0.9470039144835892,0.1054132157083961,1.0,0.7958446251129178,1.0,0.886317907444668,9.0,Carex.bicolor,0.7958446251129176,opth,3,False,mlp1,bce,msle
772,0.7338129496402879,0.010780099244866798,1.0,0.5539568345323741,1.0,0.7129629629629629,4.0,Carex.cuprina,0.5539568345323742,opth,3,False,mlp1,bce,msle
773,0.9910152740341419,0.17222222222222222,1.0,0.954177897574124,1.0,0.976551724137931,3.0,Carex.disticha,0.954177897574124,opth,3,False,mlp1,bce,msle
774,0.9106492393400472,0.2571419673629891,0.8461538461538461,0.83008356545961,0.9933333333333333,0.9044006069802731,39.0,Carex.foetida,0.6762374116134562,opth,3,False,mlp1,bce,msle
775,0.8047716988893459,0.02593505187588014,0.18181818181818182,0.9013574660633484,0.991044776119403,0.9440758293838862,11.0,Carex.frigida,0.0831756478815302,opth,3,False,mlp1,bce,msle
776,0.9991031390134529,0.5,1.0,0.9730941704035875,1.0,0.9863636363636363,1.0,Carex.melanostachya,0.9730941704035874,opth,3,False,mlp1,bce,msle
777,0.6442097127399202,0.01707979565529047,0.42857142857142855,0.7926059513074842,0.9954699886749717,0.8825301204819277,7.0,Carex.ovalis,0.22117737987891273,opth,3,False,mlp1,bce,msle
778,0.6438848920863309,0.06680091297518595,0.25,0.9883093525179856,0.9972776769509982,0.992773261065944,4.0,Carex.paniculata,0.23830935251798557,opth,3,False,mlp1,bce,msle
779,0.8890458254865035,0.24503986290000243,0.9444444444444444,0.731638418079096,0.9961538461538462,0.8436482084690554,54.0,Carex.parviflora,0.6760828625235404,opth,3,False,mlp1,bce,msle
780,0.6047661870503597,0.005716818014178552,0.25,0.7661870503597122,0.9964912280701754,0.8662938485002541,4.0,Carex.viridula,0.01618705035971235,opth,3,False,mlp1,bce,msle
781,0.4631956912028725,0.003560118500357544,0.0,0.8518850987432675,0.9978969505783386,0.9191283292978208,2.0,Eleocharis.quinqueflora,-0.14811490125673255,opth,3,False,mlp1,bce,msle
782,0.8682553956834533,0.26541112396375555,1.0,0.5953237410071942,1.0,0.7463359639233371,4.0,Eriophorum.polystachion,0.5953237410071943,opth,3,False,mlp1,bce,msle
783,0.9263031376518218,0.46360893561377325,0.881578947368421,0.8423076923076923,0.9898305084745763,0.9101298701298701,76.0,Kobresia.myosuroides,0.7238866396761132,opth,3,False,mlp1,bce,msle
784,0.8237410071942446,0.040265804597701155,0.25,0.9586330935251799,0.9971936389148737,0.9775332416322787,4.0,Schoenus.nigricans,0.2086330935251799,opth,3,False,mlp1,bce,msle
785,0.7383303411131059,0.004997115916608789,0.0,0.921903052064632,0.9980563654033042,0.9584694353709753,2.0,Scirpoides.holoschoenus,-0.07809694793536803,opth,3,False,mlp1,bce,msle
786,0.7967479674796748,0.02355623110279243,0.5555555555555556,0.8328816621499548,0.9956803455723542,0.9070339399901624,9.0,Muscari.neglectum,0.38843721770551043,opth,3,False,mlp1,bce,msle
787,0.8633039720791091,0.11919959371957735,0.6818181818181818,0.8628884826325411,0.9926393270241851,0.9232273838630807,22.0,Crocus.vernus,0.544706664450723,opth,3,False,mlp1,bce,msle
788,0.8924864620938628,0.14029498140107674,0.75,0.9413357400722022,0.9980861244019139,0.9688806316767301,8.0,Juncus.conglomeratus,0.6913357400722022,opth,3,False,mlp1,bce,msle
789,0.8272621208192896,0.06623090379383187,0.7142857142857143,0.7613430127041743,0.9952550415183867,0.8627249357326479,14.0,Luzula.alpinopilosa,0.4756287269898887,opth,3,False,mlp1,bce,msle
790,0.8179251074278698,0.2567388227858011,0.8,0.7523020257826888,0.9927095990279465,0.855945521215296,30.0,Luzula.nutans,0.5523020257826889,opth,3,False,mlp1,bce,msle
791,0.8038599640933572,0.00699931713979124,0.5,0.8761220825852782,0.9989764585465711,0.9335246293639407,2.0,Gagea.fragifera,0.37612208258527824,opth,3,False,mlp1,bce,msle
792,0.943695717280623,0.039568799087359045,1.0,0.7951482479784366,1.0,0.8858858858858859,3.0,Tulipa.australis,0.7951482479784366,opth,3,False,mlp1,bce,msle
793,0.8011561312423059,0.05244109802443356,0.5294117647058824,0.7652411282984531,0.9905771495877503,0.8634496919917864,17.0,Dactylorhiza.latifolia,0.2946528930043355,opth,3,False,mlp1,bce,msle
794,0.7930930930930932,0.01952841557821948,0.3333333333333333,0.8279279279279279,0.9956663055254604,0.9040826364977865,6.0,Ophrys.fuciflora,0.16126126126126117,opth,3,False,mlp1,bce,msle
795,0.8683183183183183,0.03910435688144883,0.6666666666666666,0.7747747747747747,0.9976798143851509,0.8722109533468559,6.0,Orchis.purpurea,0.4414414414414414,opth,3,False,mlp1,bce,msle
796,0.8320237021769934,0.027932453146200895,0.5714285714285714,0.8403967538322813,0.9967914438502674,0.9119373776908023,7.0,Orchis.simia,0.4118253252608528,opth,3,False,mlp1,bce,msle
797,0.9286874593892138,0.4854823105755567,0.9,0.8382066276803118,0.9896432681242808,0.9076517150395779,90.0,Alopecurus.alpinus,0.7382066276803119,opth,3,False,mlp1,bce,msle
798,0.988020365378856,0.14393939393939395,1.0,0.9550763701707098,1.0,0.9770220588235294,3.0,Alopecurus.rendlei,0.9550763701707097,opth,3,False,mlp1,bce,msle
799,0.8063995837669096,0.40099253071929775,0.7204301075268817,0.7397849462365591,0.9297297297297298,0.8239520958083832,186.0,Avenula.pubescens,0.46021505376344085,opth,3,False,mlp1,bce,msle
800,0.8722066604419545,0.20342365733311019,0.7111111111111111,0.8225957049486461,0.9854586129753915,0.8966921119592876,45.0,Avenula.versicolor,0.5337068160597571,opth,3,False,mlp1,bce,msle
801,0.7535579561042525,0.27745794115193695,0.8472222222222222,0.5720164609053497,0.9619377162629758,0.7174193548387097,144.0,Brachypodium.rupestre,0.41923868312757184,opth,3,False,mlp1,bce,msle
802,0.84249547920434,0.08754950458227616,0.7,0.7875226039783002,0.9965675057208238,0.8797979797979798,10.0,Bromus.commutatus,0.48752260397830005,opth,3,False,mlp1,bce,msle
803,0.952622061482821,0.23842805242720103,0.9,0.8616636528028933,0.9989517819706499,0.925242718446602,10.0,Bromus.racemosus,0.7616636528028933,opth,3,False,mlp1,bce,msle
804,0.7109806479669494,0.04726100957306995,0.6190476190476191,0.6757990867579908,0.9893048128342246,0.8030385241454151,21.0,Elytrigia.repens,0.2948467058056099,opth,3,False,mlp1,bce,msle
805,0.7790701629085468,0.08719559616362932,0.48148148148148145,0.7952249770431589,0.9840909090909091,0.8796343321482987,27.0,Festuca.cinerea,0.2767064585246404,opth,3,False,mlp1,bce,msle
806,0.8116823047442844,0.08982576628902653,0.5142857142857142,0.8381128584643849,0.9815817984832069,0.9041916167664671,35.0,Festuca.marginata,0.3523985727500991,opth,3,False,mlp1,bce,msle
807,0.8426968503937008,0.3703220543056087,0.72,0.7687007874015748,0.965389369592089,0.8558904109589041,100.0,Festuca.pratensis,0.48870078740157474,opth,3,False,mlp1,bce,msle
808,0.6986498649864986,0.02452882491454624,0.4,0.6147614761476148,0.9956268221574344,0.760155815247635,5.0,Festuca.trichophylla,0.014761476147614694,opth,3,False,mlp1,bce,msle
809,0.9050596462361168,0.07996214619130199,1.0,0.7710407239819005,1.0,0.8707204905467553,11.0,Gaudinia.fragilis,0.7710407239819004,opth,3,False,mlp1,bce,msle
810,0.8912755422274915,0.10231374256719664,0.9230769230769231,0.8041704442429737,0.9988738738738738,0.8910095429432446,13.0,Helictotrichon.parlatorei,0.7272473673198969,opth,3,False,mlp1,bce,msle
811,0.915012081100956,0.5373431142560366,0.9122807017543859,0.783433133732535,0.9874213836477987,0.8736783528102393,114.0,Helictotrichon.sedenense,0.695713835486921,opth,3,False,mlp1,bce,msle
812,0.891699287363244,0.15604014977099287,0.7777777777777778,0.8708220415537489,0.9979296066252588,0.9300530631934395,9.0,Helictotrichon.sempervirens,0.6485998193315266,opth,3,False,mlp1,bce,msle
813,0.7091561938958707,0.004510713538794988,0.5,0.7315978456014363,0.9987745098039216,0.844559585492228,2.0,Hordeum.murinum,0.23159784560143626,opth,3,False,mlp1,bce,msle
814,0.8848920863309353,0.16833705911574762,0.75,0.9244604316546763,0.9990281827016521,0.9602989257356376,4.0,Hordeum.secalinum,0.6744604316546763,opth,3,False,mlp1,bce,msle
815,0.9874439461883409,0.06666666666666667,1.0,0.7004484304932735,1.0,0.8238396624472574,1.0,Koeleria.cenisia,0.7004484304932737,opth,3,False,mlp1,bce,msle
816,0.8002307172122995,0.07001007964092422,0.2608695652173913,0.909423604757548,0.9831849653808111,0.9448669201520913,23.0,Molinia.caerulea,0.17029316997493926,opth,3,False,mlp1,bce,msle
817,0.712469893559164,0.1297891762878155,0.6065573770491803,0.6502369668246446,0.9661971830985916,0.7773371104815864,61.0,Phleum.pratense,0.25679434387382494,opth,3,False,mlp1,bce,msle
818,0.8799773915500918,0.3785292731928065,0.8666666666666667,0.7398615232443125,0.9816272965879265,0.8437676254935138,105.0,Poa.trivialis,0.6065281899109793,opth,3,False,mlp1,bce,msle
819,0.8828082808280828,0.0760065416652539,0.6,0.7803780378037803,0.997698504027618,0.8757575757575757,5.0,Vulpia.bromoides,0.38037803780378043,opth,3,False,mlp1,bce,msle
820,0.8118618618618618,0.04690554898355409,0.16666666666666666,0.9693693693693693,0.9953746530989824,0.9821999087174806,6.0,Vulpia.ciliata,0.13603603603603598,opth,3,False,mlp1,bce,msle
821,0.9469035431095052,0.3111147090345053,0.7777777777777778,0.8979223125564589,0.9979919678714859,0.9453162149310509,9.0,Equisetum.variegatum,0.6757000903342367,opth,3,False,mlp1,bce,msle
822,0.9468557758031442,0.3905618996879127,0.8947368421052632,0.8803339517625232,0.9958027282266527,0.9345150172328902,38.0,Pachypleurum.mutellinoides,0.7750707938677863,opth,3,False,mlp1,bce,msle
823,0.7217729859239294,0.007037521224634107,0.3333333333333333,0.7529200359389039,0.9976190476190476,0.8581669226830517,3.0,Libanotis.pyrenaica,0.08625336927223715,opth,3,False,mlp1,bce,msle
824,0.8259259996417412,0.19340481255151057,0.8297872340425532,0.7324602432179607,0.9898862199747156,0.8419354838709677,47.0,Alchemilla.alpigena,0.5622474772605139,opth,3,False,mlp1,bce,msle
825,0.7510286630866867,0.02623279660549372,0.15384615384615385,0.9038984587488668,0.9890873015873016,0.9445760303173851,13.0,Anacamptis.morio,0.057744612595020506,opth,3,False,mlp1,bce,msle
826,0.8803023465703971,0.03685374477856876,0.875,0.7716606498194946,0.9988317757009346,0.8706720977596741,8.0,Mutellina.adonidifolia,0.6466606498194944,opth,3,False,mlp1,bce,msle
827,0.8276138662202692,0.19708027781390808,0.5370370370370371,0.871939736346516,0.9737118822292324,0.920019870839543,54.0,Avenula.pratensis,0.4089767733835532,opth,3,False,mlp1,bce,msle
828,0.8328528597785978,0.09922508961809418,0.6875,0.7924354243542435,0.9884925201380897,0.8796722990271377,32.0,Gymnadenia.nigra,0.4799354243542435,opth,3,False,mlp1,bce,msle
829,0.44941546762589923,0.0038585507915871193,0.0,0.9325539568345323,0.9961575408261287,0.9633070134695774,4.0,Murbeckiella.pinnatifida,-0.06744604316546765,opth,3,False,mlp1,bce,msle
830,0.463677130044843,0.001669449081803005,0.0,0.8708520179372198,0.9989711934156379,0.930522280785817,1.0,Silene.conica,-0.12914798206278022,opth,3,False,mlp1,bce,msle
