,auc,prauc,sensitivity,specificity,precision,f1,support,species,tss,postprocess,fold,prr,archi,species_loss,func_loss
0,0.6850741749924312,0.022418274287290776,0.5333333333333333,0.6684831970935513,0.990578734858681,0.7982646420824295,15.0,Aceras.anthropophorum,0.20181653042688463,opth,2,False,mlp1,bce,msle
1,0.8123855311355312,0.25912823848920463,0.625,0.7811355311355311,0.9895591647331786,0.8730808597748209,24.0,Achillea.collina,0.406135531135531,opth,2,False,mlp1,bce,msle
2,0.6677272898180177,0.3187510562195526,0.7131147540983607,0.5149082568807339,0.8651252408477842,0.6455787203450755,244.0,Achillea.millefolium,0.2280230109790946,opth,2,False,mlp1,bce,msle
3,0.899853546272404,0.10403757555782446,0.8461538461538461,0.7733454215775158,0.9976608187134502,0.8712972420837589,13.0,Achillea.nana,0.619499267731362,opth,2,False,mlp1,bce,msle
4,0.815662955465587,0.18709209319566028,0.8076923076923077,0.6287593984962406,0.9852724594992637,0.7676419965576592,52.0,Achillea.roseo.alba,0.43645170618854845,opth,2,False,mlp1,bce,msle
5,0.6615798922800719,0.00414886555122466,0.0,0.8590664272890485,0.9979144942648592,0.9232995658465991,2.0,Achnatherum.calamagrostis,-0.14093357271095153,opth,2,False,mlp1,bce,msle
6,0.76091845381657,0.12711426113923202,0.6724137931034483,0.7296786389413988,0.9759797724399494,0.8350459707950243,58.0,Acinos.alpinus,0.4020924320448471,opth,2,False,mlp1,bce,msle
7,0.7784090909090909,0.045143418783120164,0.8125,0.6290909090909091,0.99568345323741,0.7710306406685237,16.0,Acinos.arvensis,0.44159090909090915,opth,2,False,mlp1,bce,msle
8,0.5359712230215827,0.005080379378796164,0.5,0.6303956834532374,0.9971550497866287,0.7724517906336088,4.0,Aconitum.lycoctonum,0.13039568345323738,opth,2,False,mlp1,bce,msle
9,0.4498649864986499,0.005264801297812103,0.0,0.8892889288928892,0.9949647532729103,0.9391634980988594,5.0,Cacalia.leucophylla,-0.11071107110711076,opth,2,False,mlp1,bce,msle
10,0.5899781012495169,0.008270868729703396,0.0,0.9495040577096483,0.9933962264150943,0.970954356846473,7.0,Aegopodium.podagraria,-0.0504959422903517,opth,2,False,mlp1,bce,msle
11,0.8226245539844059,0.12958517906719708,0.9714285714285714,0.4958371877890842,0.9981378026070763,0.6625463535228677,35.0,Agrimonia.eupatoria,0.4672657592176557,opth,2,False,mlp1,bce,msle
12,0.8614000514094764,0.18670369702732295,0.6545454545454545,0.8284637134778511,0.9788418708240535,0.8973966309341501,55.0,Agrostis.alpina,0.4830091680233055,opth,2,False,mlp1,bce,msle
13,0.7842237997384645,0.22541686767030356,0.8867924528301887,0.5564356435643565,0.9790940766550522,0.7095959595959596,106.0,Agrostis.capillaris,0.4432280963945452,opth,2,False,mlp1,bce,msle
14,0.8559322033898304,0.2364102624289195,0.7777777777777778,0.7401129943502824,0.9849624060150376,0.8451612903225807,54.0,Agrostis.rupestris,0.5178907721280601,opth,2,False,mlp1,bce,msle
15,0.6979566218006835,0.03875148358179921,0.5384615384615384,0.8068902991840435,0.9933035714285714,0.8904452226113057,13.0,Agrostis.agrostiflora,0.34535183764558197,opth,2,False,mlp1,bce,msle
16,0.7007304016125186,0.20251322024297402,0.5581395348837209,0.6663560111835974,0.9741144414168937,0.7913669064748201,43.0,Agrostis.stolonifera,0.22449554606731836,opth,2,False,mlp1,bce,msle
17,0.6151542377957473,0.004942392333371293,0.6666666666666666,0.6774483378256964,0.9986754966887417,0.8072805139186295,3.0,Ajuga.chamaepitys,0.3441150044923629,opth,2,False,mlp1,bce,msle
18,0.7899274047186933,0.03202796236330343,0.7857142857142857,0.7568058076225045,0.996415770609319,0.8602372356884992,14.0,Ajuga.genevensis,0.5425200933367902,opth,2,False,mlp1,bce,msle
19,0.8816179312121603,0.038807241623423666,0.5714285714285714,0.8295761947700632,0.9967497291440953,0.905511811023622,7.0,Ajuga.pyramidalis,0.4010047661986347,opth,2,False,mlp1,bce,msle
20,0.8114904825803887,0.14915783318469844,0.8947368421052632,0.6251180358829084,0.9910179640718563,0.76664736537348,57.0,Ajuga.reptans,0.5198548779881715,opth,2,False,mlp1,bce,msle
21,0.7926642111724984,0.08062700006083268,0.3333333333333333,0.8499079189686924,0.9787910922587487,0.9098077870872351,30.0,Alchemilla.alpina,0.1832412523020257,opth,2,False,mlp1,bce,msle
22,0.6387947330682484,0.09055357170026504,0.4482758620689655,0.776937618147448,0.9625292740046838,0.8598326359832636,58.0,Alchemilla.xanthochlora,0.2252134802164134,opth,2,False,mlp1,bce,msle
23,0.6512012012012012,0.010395109190696472,0.6666666666666666,0.5720720720720721,0.9968602825745683,0.726960503720664,6.0,Allium.lusitanicum,0.23873873873873874,opth,2,False,mlp1,bce,msle
24,0.7361865942028986,0.11632946288712989,0.5,0.7617753623188406,0.9929161747343566,0.8621219887237315,12.0,Allium.oleraceum,0.2617753623188406,opth,2,False,mlp1,bce,msle
25,0.6528004844081139,0.040802156719031826,0.6,0.8247048138056312,0.9934354485776805,0.9012406947890819,15.0,Allium.schoenoprasum,0.4247048138056311,opth,2,False,mlp1,bce,msle
26,0.7496996996996997,0.013155136535618426,0.5,0.772972972972973,0.9965156794425087,0.8706240487062404,6.0,Allium.scorodoprasum,0.27297297297297307,opth,2,False,mlp1,bce,msle
27,0.8126949095619632,0.0801341476503809,0.7894736842105263,0.7629899726526892,0.995243757431629,0.8637770897832817,19.0,Allium.sphaerocephalon,0.5524636568632155,opth,2,False,mlp1,bce,msle
28,0.608012366353214,0.008677400018993421,1.0,0.4247069431920649,1.0,0.5962025316455696,7.0,Allium.vineale,0.4247069431920649,opth,2,False,mlp1,bce,msle
29,0.8066003616636528,0.12384325328950309,0.9,0.5768535262206148,0.9984350547730829,0.7312320916905444,10.0,Alopecurus.pratensis,0.47685352622061483,opth,2,False,mlp1,bce,msle
30,0.7022744165303998,0.049849625328427134,0.5161290322580645,0.7317972350230415,0.9814585908529048,0.8384371700105596,31.0,Alyssum.alyssoides,0.247926267281106,opth,2,False,mlp1,bce,msle
31,0.7700534759358288,0.021513020943475108,0.7272727272727273,0.7502262443438914,0.9963942307692307,0.8559628291171916,11.0,Anacamptis.pyramidalis,0.4774989716166187,opth,2,False,mlp1,bce,msle
32,0.8453277125363846,0.03688347854782131,0.6666666666666666,0.7813911472448057,0.9965437788018433,0.8759493670886076,9.0,Androsace.obtusifolia,0.44805781391147237,opth,2,False,mlp1,bce,msle
33,0.8862410071942446,0.02334626292959626,1.0,0.6492805755395683,1.0,0.787350054525627,4.0,Angelica.sylvestris,0.6492805755395683,opth,2,False,mlp1,bce,msle
34,0.879780060172217,0.16302493091535503,0.7777777777777778,0.8188608776844071,0.9887260428410372,0.8958120531154239,45.0,Antennaria.carpatica,0.596638655462185,opth,2,False,mlp1,bce,msle
35,0.846750537774591,0.1740638023919153,0.7413793103448276,0.7882797731568998,0.9823321554770318,0.8746722600943891,58.0,Antennaria.dioica,0.5296590835017274,opth,2,False,mlp1,bce,msle
36,0.6007194244604317,0.006087473994147849,0.25,0.6609712230215827,0.9959349593495935,0.7945945945945946,4.0,Anthemis.arvensis,-0.08902877697841727,opth,2,False,mlp1,bce,msle
37,0.7439719989629245,0.04042990332039672,0.5,0.720508166969147,0.9912609238451935,0.8344718864950079,14.0,Anthericum.liliago,0.2205081669691471,opth,2,False,mlp1,bce,msle
38,0.5537128798909329,0.3276382038615031,0.47416413373860183,0.625158831003812,0.7398496240601504,0.6776859504132231,329.0,Anthoxanthum.odoratum,0.09932296474241387,opth,2,False,mlp1,bce,msle
39,0.8368788432773808,0.10750083201925227,0.9545454545454546,0.5484460694698354,0.9983361064891847,0.7079646017699115,22.0,Anthriscus.sylvestris,0.50299152401529,opth,2,False,mlp1,bce,msle
40,0.6989092787093225,0.32392443490107503,0.5233160621761658,0.7269772481040087,0.8794233289646134,0.7959667852906287,193.0,Anthyllis.vulneraria,0.25029331028017454,opth,2,False,mlp1,bce,msle
41,0.3891382405745063,0.002137740677416832,0.0,0.6265709156193896,0.9971428571428571,0.7695700110253583,2.0,Aphanes.arvensis,-0.3734290843806104,opth,2,False,mlp1,bce,msle
42,0.5200089928057554,0.004454158637342793,0.0,0.8678057553956835,0.9958720330237358,0.9274387313791447,4.0,Aquilegia.vulgaris,-0.1321942446043165,opth,2,False,mlp1,bce,msle
43,0.5644144144144144,0.006955150302925249,0.6666666666666666,0.5180180180180181,0.9965337954939342,0.6816834617664493,6.0,Arabidopsis.thaliana,0.1846846846846848,opth,2,False,mlp1,bce,msle
44,0.8019739081111741,0.16514189810702268,0.6829268292682927,0.8232558139534883,0.9855233853006682,0.8971109984794728,41.0,Arabis.ciliata,0.5061826432217811,opth,2,False,mlp1,bce,msle
45,0.7179697253433208,0.07949641094157434,0.5208333333333334,0.7172284644194756,0.9708491761723701,0.8249865374259558,48.0,Arabis.hirsuta,0.238061797752809,opth,2,False,mlp1,bce,msle
46,0.7033956692913386,0.1793961326097514,0.54,0.7135826771653543,0.940337224383917,0.8114157806379407,100.0,Arenaria.serpyllifolia,0.2535826771653542,opth,2,False,mlp1,bce,msle
47,0.6009442446043165,0.006656446159943511,0.5,0.7410071942446043,0.9975786924939467,0.8503611971104231,4.0,Armeria.arenaria,0.24100719424460415,opth,2,False,mlp1,bce,msle
48,0.7727272727272727,0.07975436350175404,0.625,0.79,0.9931428571428571,0.88,16.0,Arnica.montana,0.41500000000000004,opth,2,False,mlp1,bce,msle
49,0.8254381100266193,0.406212030392087,0.8877551020408163,0.6619565217391304,0.96513470681458,0.7852998065764023,196.0,Arrhenatherum.elatius,0.5497116237799466,opth,2,False,mlp1,bce,msle
50,0.7452787769784173,0.013793770966884776,0.75,0.6447841726618705,0.9986072423398329,0.7836065573770492,4.0,Artemisia.absinthium,0.3947841726618706,opth,2,False,mlp1,bce,msle
51,0.7359879072357691,0.04015987534791838,0.391304347826087,0.8014638609332113,0.9842696629213483,0.8835098335854765,23.0,Artemisia.campestris,0.19276820875929834,opth,2,False,mlp1,bce,msle
52,0.6475975975975976,0.0220812487247388,0.3333333333333333,0.836036036036036,0.9957081545064378,0.9089128305582762,6.0,Artemisia.vulgaris,0.16936936936936942,opth,2,False,mlp1,bce,msle
53,0.7778668805132318,0.11953438349893405,0.627906976744186,0.7409133271202236,0.9802712700369913,0.8439490445859873,43.0,Asperula.cynanchica,0.36882030386440956,opth,2,False,mlp1,bce,msle
54,0.8877034358047017,0.08498046795344383,0.9,0.7341772151898734,0.998769987699877,0.84627410109432,10.0,Asphodelus.albus,0.6341772151898735,opth,2,False,mlp1,bce,msle
55,0.8756747493788022,0.24323955839341688,0.6909090909090909,0.8491988689915174,0.9814814814814815,0.9105608893380496,55.0,Aster.alpinus,0.5401079599006082,opth,2,False,mlp1,bce,msle
56,0.7745128048158352,0.08570550167453703,0.48148148148148145,0.8126721763085399,0.9844271412680756,0.8903420523138833,27.0,Aster.bellidiastrum,0.29415365779002145,opth,2,False,mlp1,bce,msle
57,0.7670556552962298,0.018165692135864924,0.5,0.5709156193895871,0.9984301412872841,0.7264420331239292,2.0,Aster.linosyris,0.07091561938958701,opth,2,False,mlp1,bce,msle
58,0.9018923294879579,0.10386892322094399,0.7222222222222222,0.836976320582878,0.9945887445887446,0.9090009891196835,18.0,Astragalus.alpinus,0.5591985428051003,opth,2,False,mlp1,bce,msle
59,0.3294399520814615,0.002774159556336468,0.3333333333333333,0.6891284815813118,0.9973992197659298,0.8150903294367694,3.0,Astragalus.depressus,0.022461814914645162,opth,2,False,mlp1,bce,msle
60,0.6478833949368854,0.016931140189124012,0.07692307692307693,0.8476881233000907,0.9873284054910243,0.9121951219512195,13.0,Astragalus.monspessulanus,-0.07538879977683233,opth,2,False,mlp1,bce,msle
61,0.8299708923015157,0.06349002729601286,0.5555555555555556,0.8328816621499548,0.9956803455723542,0.9070339399901624,9.0,Astragalus.onobrychis,0.38843721770551043,opth,2,False,mlp1,bce,msle
62,0.43030575539568344,0.004790457415639351,0.5,0.7589928057553957,0.9976359338061466,0.8621041879468846,4.0,Astragalus.penduliflorus,0.25899280575539585,opth,2,False,mlp1,bce,msle
63,0.7749579671985535,0.08096500221716099,0.7931034482758621,0.6163753449862005,0.9911242603550295,0.7600680657969371,29.0,Astrantia.major,0.4094787932620627,opth,2,False,mlp1,bce,msle
64,0.7411341134113412,0.02050213675213675,0.6,0.7488748874887489,0.9976019184652278,0.8555269922879177,5.0,Astrantia.minor,0.34887488748874884,opth,2,False,mlp1,bce,msle
65,0.8298012129380054,0.17968754448509178,0.8571428571428571,0.6679245283018868,0.9888268156424581,0.7972972972972973,56.0,Deschampsia.flexuosa,0.5250673854447439,opth,2,False,mlp1,bce,msle
66,0.808322102425876,0.14640588734738985,0.5357142857142857,0.7990566037735849,0.9702176403207331,0.8763579927573719,56.0,Bartsia.alpina,0.3347708894878707,opth,2,False,mlp1,bce,msle
67,0.8125009148796019,0.18530393391713054,0.9384615384615385,0.5613701236917221,0.9932659932659933,0.7173252279635258,65.0,Bellis.perennis,0.4998316621532606,opth,2,False,mlp1,bce,msle
68,0.7185227272727273,0.026682456365241126,0.25,0.7990909090909091,0.9865319865319865,0.8829733802109493,16.0,Biscutella.laevigata,0.049090909090909074,opth,2,False,mlp1,bce,msle
69,0.7393355415035632,0.01726517150890189,0.2222222222222222,0.8771454381210478,0.9928425357873211,0.9314148681055155,9.0,Blackstonia.perfoliata,0.09936766034327005,opth,2,False,mlp1,bce,msle
70,0.8017086330935252,0.011096025586358867,0.75,0.7643884892086331,0.9988249118683902,0.8660213958227203,4.0,Blysmus.compressus,0.514388489208633,opth,2,False,mlp1,bce,msle
71,0.7104285857673392,0.01418666363071616,0.0,0.9150858175248419,0.9911937377690803,0.9516204790981682,9.0,Bothriochloa.ischaemum,-0.08491418247515814,opth,2,False,mlp1,bce,msle
72,0.8377060860217741,0.24432981330132114,0.6753246753246753,0.8209817131857555,0.9715261958997722,0.8899321857068336,77.0,Botrychium.lunaria,0.49630638851043085,opth,2,False,mlp1,bce,msle
73,0.6058212996389891,0.009683000198895363,0.625,0.5893501805054152,0.9954268292682927,0.7403628117913832,8.0,Brachypodium.sylvaticum,0.2143501805054151,opth,2,False,mlp1,bce,msle
74,0.7229221708078171,0.336245753184988,0.6712328767123288,0.6220735785953178,0.8857142857142857,0.730844793713163,219.0,Briza.media,0.29330645530764654,opth,2,False,mlp1,bce,msle
75,0.8533972470828141,0.6888682953499106,0.8530927835051546,0.7266483516483516,0.9027303754266212,0.8051750380517504,388.0,Bromus.erectus,0.5797411351535062,opth,2,False,mlp1,bce,msle
76,0.8393617799897533,0.21197774032540775,0.8769230769230769,0.647954329210276,0.988388969521045,0.7827586206896552,65.0,Bromus.hordeaceus,0.5248774061333528,opth,2,False,mlp1,bce,msle
77,0.4198861934710991,0.0029984882048333583,1.0,0.33782569631626236,1.0,0.5050369375419744,3.0,Bromus.squarrosus,0.33782569631626247,opth,2,False,mlp1,bce,msle
78,0.7210063176895307,0.019188542469050076,0.75,0.5983754512635379,0.9969924812030075,0.7478849407783418,8.0,Bromus.sterilis,0.34837545126353797,opth,2,False,mlp1,bce,msle
79,0.7312839059674503,0.022454063184613026,0.8,0.5877034358047016,0.9969325153374233,0.7394766780432309,10.0,Bromus.tectorum,0.3877034358047018,opth,2,False,mlp1,bce,msle
80,0.7343516022761305,0.01367833561771541,1.0,0.6064690026954178,1.0,0.7550335570469798,3.0,Bunias.orientalis,0.6064690026954178,opth,2,False,mlp1,bce,msle
81,0.8373018302013834,0.28591938087883834,0.6774193548387096,0.8159392789373814,0.9772727272727273,0.889348500517063,62.0,Bunium.bulbocastanum,0.4933586337760909,opth,2,False,mlp1,bce,msle
82,0.7290995749066083,0.03083806938150872,1.0,0.3327321911632101,1.0,0.4993234100135318,7.0,Buphthalmum.salicifolium,0.3327321911632102,opth,2,False,mlp1,bce,msle
83,0.7527024199734988,0.06913209849721044,0.6923076923076923,0.7624660018132366,0.9952662721893492,0.8634496919917864,13.0,Bupleurum.falcatum,0.45477369412092905,opth,2,False,mlp1,bce,msle
84,0.8269753818257898,0.05081750311948773,0.6923076923076923,0.7262012692656392,0.9950310559006211,0.839622641509434,13.0,Bupleurum.ranunculoides,0.4185089615733315,opth,2,False,mlp1,bce,msle
85,0.691875,0.10960744563099654,0.5625,0.8136363636363636,0.9922394678492239,0.8941058941058941,16.0,Calamagrostis.varia,0.3761363636363635,opth,2,False,mlp1,bce,msle
86,,-0.0,0.0,0.6854838709677419,1.0,0.8133971291866029,0.0,Calluna.vulgaris,-0.3145161290322581,opth,2,False,mlp1,bce,msle
87,0.8359476276899145,0.09774716375035783,0.5,0.9401088929219601,0.9932885906040269,0.965967365967366,14.0,Calystegia.sepium,0.4401088929219601,opth,2,False,mlp1,bce,msle
88,0.7643626570915619,0.005570307088432233,0.5,0.7728904847396768,0.9988399071925754,0.8714574898785425,2.0,Campanula.barbata,0.2728904847396767,opth,2,False,mlp1,bce,msle
89,0.7435623200329083,0.022311818489921934,0.45454545454545453,0.7239819004524887,0.9925558312655087,0.837257980115123,11.0,Campanula.cochleariifolia,0.17852735499794314,opth,2,False,mlp1,bce,msle
90,0.8217534874317676,0.2099931276394566,0.8591549295774648,0.6440191387559808,0.9853587115666179,0.7789351851851852,71.0,Campanula.glomerata,0.5031740683334456,opth,2,False,mlp1,bce,msle
91,0.6780234657039712,0.017083555781625723,0.375,0.6877256317689531,0.9934810951760105,0.8128,8.0,Campanula.rapunculoides,0.06272563176895307,opth,2,False,mlp1,bce,msle
92,0.4509892086330935,0.003932615530356861,0.0,0.6133093525179856,0.9941690962099126,0.7586206896551724,4.0,Campanula.rapunculus,-0.3866906474820144,opth,2,False,mlp1,bce,msle
93,0.8146559740927541,0.34187508974144315,0.8651685393258427,0.5423563777994158,0.9789103690685413,0.6979949874686717,89.0,Campanula.rhomboidalis,0.4075249171252584,opth,2,False,mlp1,bce,msle
94,0.6783468907362713,0.15270168538991033,0.6868686868686869,0.5742379547689282,0.9495934959349593,0.7156862745098039,99.0,Campanula.rotundifolia,0.2611066416376151,opth,2,False,mlp1,bce,msle
95,0.8600938275243779,0.3519600214506532,0.6829268292682927,0.8358509566968781,0.9551208285385501,0.8915145005370569,123.0,Campanula.scheuchzeri,0.5187777859651708,opth,2,False,mlp1,bce,msle
96,,-0.0,0.0,0.8826164874551972,1.0,0.9376487386958591,0.0,Campanula.thyrsoides,-0.11738351254480284,opth,2,False,mlp1,bce,msle
97,0.6648301834158589,0.03680510701118181,0.6153846153846154,0.6255666364460563,0.9928057553956835,0.7675194660734149,13.0,Capsella.bursa.pastoris,0.2409512518306718,opth,2,False,mlp1,bce,msle
98,0.8822784810126582,0.10567297013218019,0.7,0.7685352622061483,0.9964830011723329,0.8677896886166412,10.0,Cardamine.pratensis,0.4685352622061483,opth,2,False,mlp1,bce,msle
99,0.8186922035505855,0.3633119968329739,0.6842105263157895,0.7955239064089522,0.9490291262135923,0.8655229662423907,133.0,Carduus.defloratus,0.4797344327247417,opth,2,False,mlp1,bce,msle
100,0.4919064748201439,0.004202684370085356,0.5,0.52068345323741,0.9965576592082617,0.6839929119905493,4.0,Carduus.nutans,0.020683453237410054,opth,2,False,mlp1,bce,msle
101,0.7828237410071942,0.011252132124117424,0.25,0.9163669064748201,0.99706457925636,0.9550140581068416,4.0,Carex.atrata,0.1663669064748201,opth,2,False,mlp1,bce,msle
102,0.9187192118226601,0.2123499614129356,0.5,0.9482758620689655,0.9933460076045627,0.9702878365831012,14.0,Carex.capillaris,0.4482758620689655,opth,2,False,mlp1,bce,msle
103,0.6742240301033224,0.1473852174998887,0.3548387096774194,0.7947214076246334,0.9312714776632303,0.8575949367088608,93.0,Carex.caryophyllea,0.14956011730205265,opth,2,False,mlp1,bce,msle
104,0.8873370577281192,0.15887440965835722,0.8571428571428571,0.7774674115456238,0.9928656361474435,0.8720626631853786,42.0,Carex.curvula,0.6346102686884809,opth,2,False,mlp1,bce,msle
105,0.5903254972875226,0.012856916907743427,0.7,0.593128390596745,0.9954476479514416,0.743342776203966,10.0,Carex.davalliana,0.293128390596745,opth,2,False,mlp1,bce,msle
106,0.5502692998204668,0.002899776845925599,0.0,0.7917414721723519,0.997737556561086,0.8828828828828829,2.0,Carex.distans,-0.2082585278276481,opth,2,False,mlp1,bce,msle
107,0.967654986522911,0.09560439560439561,1.0,0.5202156334231806,1.0,0.6843971631205674,3.0,Carex.divulsa,0.5202156334231804,opth,2,False,mlp1,bce,msle
108,0.8684802158273381,0.0214803392021737,0.75,0.8821942446043165,0.9989816700610998,0.9369627507163324,4.0,Carex.ericetorum,0.6321942446043165,opth,2,False,mlp1,bce,msle
109,0.6580485611510791,0.009499310947103805,0.75,0.5638489208633094,0.9984076433121019,0.7206896551724138,4.0,Carex.ferruginea,0.3138489208633093,opth,2,False,mlp1,bce,msle
110,0.7251166853422036,0.19653760295317532,0.6548672566371682,0.6630109670987039,0.9446022727272727,0.7791446983011131,113.0,Carex.flacca,0.31787822373587193,opth,2,False,mlp1,bce,msle
111,0.8073792016806721,0.09797906998868086,0.6428571428571429,0.8005514705882353,0.9886492622020431,0.8847130523108176,28.0,Carex.halleriana,0.4434086134453783,opth,2,False,mlp1,bce,msle
112,0.8168819188191883,0.11087155065817213,0.78125,0.6789667896678967,0.990578734858681,0.8056923918992884,32.0,Carex.hirta,0.4602167896678968,opth,2,False,mlp1,bce,msle
113,0.685251798561151,0.0076687472879394,0.75,0.5674460431654677,0.9984177215189873,0.7236238532110092,4.0,Carex.hostiana,0.31744604316546754,opth,2,False,mlp1,bce,msle
114,0.7882746848739496,0.0718435927691179,0.5714285714285714,0.7849264705882353,0.9861431870669746,0.8741044012282497,28.0,Carex.humilis,0.3563550420168067,opth,2,False,mlp1,bce,msle
115,0.6627415297329122,0.024761847830506202,0.35294117647058826,0.8389444949954504,0.9882100750267953,0.90748031496063,17.0,Carex.liparocarpos,0.19188567146603863,opth,2,False,mlp1,bce,msle
116,0.7935469314079422,0.021139089437114542,0.75,0.7626353790613718,0.9976387249114522,0.8644501278772379,8.0,Carex.montana,0.5126353790613718,opth,2,False,mlp1,bce,msle
117,0.7331636103265842,0.060215498415141504,0.5652173913043478,0.6413540713632205,0.9859353023909986,0.7771618625277162,23.0,Carex.spicata,0.20657146266756832,opth,2,False,mlp1,bce,msle
118,0.6006966086159488,0.03652499951594042,0.52,0.692025664527956,0.984354628422425,0.8127018299246501,25.0,Carex.nigra,0.2120256645279559,opth,2,False,mlp1,bce,msle
119,0.7550632911392405,0.03416294393947287,0.3,0.8544303797468354,0.9926470588235294,0.9183673469387755,10.0,Carex.ornithopoda,0.15443037974683538,opth,2,False,mlp1,bce,msle
120,0.782368896925859,0.03775209374469049,0.7,0.6636528028933092,0.9959294436906377,0.7965274009766685,10.0,Carex.pallescens,0.36365280289330926,opth,2,False,mlp1,bce,msle
121,0.746807748916027,0.06674684464427384,0.6086956521739131,0.6697163769441903,0.9878542510121457,0.7982551799345693,23.0,Carex.panicea,0.27841202911810337,opth,2,False,mlp1,bce,msle
122,0.7582582582582583,0.01354967872748174,0.0,0.8936936936936937,0.9939879759519038,0.9411764705882353,6.0,Carex.rupestris,-0.10630630630630633,opth,2,False,mlp1,bce,msle
123,0.8420995794020688,0.4230053433262335,0.8210526315789474,0.7451403887688985,0.9530386740331491,0.8363636363636363,190.0,Carex.sempervirens,0.5661930203478458,opth,2,False,mlp1,bce,msle
124,0.8113835906751439,0.07323922069759796,0.8,0.7729336966394187,0.9964871194379391,0.8705882352941177,15.0,Carex.tomentosa,0.5729336966394187,opth,2,False,mlp1,bce,msle
125,0.8287524869206395,0.33906997352603724,0.7073170731707317,0.8066465256797583,0.956989247311828,0.8754098360655738,123.0,Carlina.acaulis,0.51396359885049,opth,2,False,mlp1,bce,msle
126,0.8235416320425462,0.15419685291401367,0.5,0.8098720292504571,0.987736900780379,0.8900050226017077,22.0,Carlina.vulgaris,0.3098720292504571,opth,2,False,mlp1,bce,msle
127,0.770558604052348,0.19885373854888225,0.8181818181818182,0.5822906641000962,0.9773828756058158,0.729794933655006,77.0,Carum.carvi,0.40047248228191457,opth,2,False,mlp1,bce,msle
128,0.6838894510200719,0.24413167137638195,0.9945054945054945,0.3436830835117773,0.9968944099378882,0.5111464968152867,182.0,Centaurea.jacea,0.33818857801727176,opth,2,False,mlp1,bce,msle
129,0.7909780160517716,0.1561116904582429,0.7586206896551724,0.6283348666053358,0.9898550724637681,0.7687113111986494,29.0,Centaurea.montana,0.38695555626050826,opth,2,False,mlp1,bce,msle
130,0.8048304714971382,0.2951289672494635,0.8974358974358975,0.5835835835835835,0.9798319327731092,0.7314930991217063,117.0,Centaurea.scabiosa,0.481019481019481,opth,2,False,mlp1,bce,msle
131,0.8423266513309234,0.5636872517567044,0.7420814479638009,0.7486033519553073,0.921595598349381,0.8261405672009864,221.0,Cerastium.arvense,0.4906847999191082,opth,2,False,mlp1,bce,msle
132,0.7224452554744525,0.03497665747754713,0.65,0.718065693430657,0.9911838790931989,0.8328042328042328,20.0,Cerastium.brachypetalum,0.368065693430657,opth,2,False,mlp1,bce,msle
133,0.7453485162180813,0.26660857684788597,0.7866666666666666,0.5838509316770186,0.9463087248322147,0.7221510883482715,150.0,Cerastium.fontanum,0.37051759834368525,opth,2,False,mlp1,bce,msle
134,0.785371219065078,0.08889561043605311,0.8,0.6791934005499541,0.9932975871313673,0.8067501360914534,25.0,Cerastium.glomeratum,0.4791934005499541,opth,2,False,mlp1,bce,msle
135,0.7442045454545454,0.02988708790472385,0.8125,0.6090909090909091,0.9955423476968797,0.7557811618725324,16.0,Cerastium.pumilum,0.4215909090909091,opth,2,False,mlp1,bce,msle
136,0.6620036101083033,0.01993287452679829,0.75,0.5225631768953068,0.9965576592082617,0.6856127886323268,8.0,Cerastium.semidecandrum,0.27256317689530674,opth,2,False,mlp1,bce,msle
137,0.7470962907455976,0.06641225153572601,0.8235294117647058,0.4886260236578708,0.9944444444444445,0.6552776082977425,17.0,Chaerophyllum.aureum,0.3121554354225766,opth,2,False,mlp1,bce,msle
138,0.6418918918918919,0.010000537279216246,0.8333333333333334,0.4423423423423423,0.9979674796747967,0.6129837702871411,6.0,Chaerophyllum.hirsutum,0.27567567567567575,opth,2,False,mlp1,bce,msle
139,0.8753649635036496,0.1631514902024455,0.7,0.8704379562043796,0.99375,0.9280155642023347,20.0,Chaerophyllum.villarsii,0.5704379562043795,opth,2,False,mlp1,bce,msle
140,0.3596412556053812,0.0013986013986013986,0.0,0.6170403587443947,0.9985486211901307,0.7627494456762749,1.0,Chenopodium.album,-0.38295964125560533,opth,2,False,mlp1,bce,msle
141,0.6063068181818182,0.018070019857919343,0.5625,0.4954545454545455,0.9873188405797102,0.6598062953995157,16.0,Chondrilla.juncea,0.05795454545454559,opth,2,False,mlp1,bce,msle
142,0.6957361844647687,0.021308886930267303,0.7142857142857143,0.42019837691614065,0.9957264957264957,0.5909955611921369,7.0,Cichorium.intybus,0.134484091201855,opth,2,False,mlp1,bce,msle
143,0.6639641370477105,0.12786488730857815,0.4533333333333333,0.7377521613832853,0.9493201483312732,0.8302702702702702,75.0,Cirsium.acaule,0.1910854947166185,opth,2,False,mlp1,bce,msle
144,0.764299344162404,0.11223086927256812,0.7796610169491526,0.6035950804162725,0.9800307219662059,0.747072599531616,59.0,Cirsium.arvense,0.3832560973654251,opth,2,False,mlp1,bce,msle
145,0.7277752707581226,0.016721856662628765,0.5,0.740072202166065,0.9951456310679612,0.8488612836438924,8.0,Cirsium.eriophorum,0.24007220216606484,opth,2,False,mlp1,bce,msle
146,0.9008348375451263,0.14359956305799473,0.875,0.805956678700361,0.9988814317673378,0.8921078921078921,8.0,Cirsium.palustre,0.6809566787003609,opth,2,False,mlp1,bce,msle
147,0.7879603620474407,0.15532838400270516,0.5,0.8426966292134831,0.974025974025974,0.9036144578313253,48.0,Cirsium.spinosissimum,0.3426966292134832,opth,2,False,mlp1,bce,msle
148,0.6331426277225736,0.011870135984053124,0.4444444444444444,0.6296296296296297,0.9928774928774928,0.7705914870093975,9.0,Cirsium.tuberosum,0.07407407407407396,opth,2,False,mlp1,bce,msle
149,0.7790089258233303,0.09196414045957974,0.6363636363636364,0.7423822714681441,0.9852941176470589,0.8467614533965245,33.0,Cirsium.vulgare,0.3787459078317803,opth,2,False,mlp1,bce,msle
150,0.6952309586254884,0.031242023857669783,0.8235294117647058,0.4640582347588717,0.9941520467836257,0.6327543424317618,17.0,Clinopodium.vulgare,0.2875876465235776,opth,2,False,mlp1,bce,msle
151,0.7740875912408759,0.05630058715939339,0.3,0.843065693430657,0.9850746268656716,0.9085545722713865,20.0,Coeloglossum.viride,0.1430656934306569,opth,2,False,mlp1,bce,msle
152,0.8012577967936493,0.2348782897841239,0.8842105263157894,0.594515181194907,0.982200647249191,0.7406955460646736,95.0,Colchicum.autumnale,0.47872570751069654,opth,2,False,mlp1,bce,msle
153,0.757294474393531,0.12312806868547996,0.8035714285714286,0.5443396226415095,0.9812925170068028,0.7002427184466019,56.0,Convolvulus.arvensis,0.3479110512129382,opth,2,False,mlp1,bce,msle
154,0.6918091809180917,0.008845416397140534,0.8,0.6327632763276327,0.9985795454545454,0.7746556473829201,5.0,Conyza.canadensis,0.4327632763276328,opth,2,False,mlp1,bce,msle
155,0.6906512605042017,0.0653059227047603,0.42857142857142855,0.8363970588235294,0.9827213822894169,0.9036742800397219,28.0,Coronilla.minima,0.26496848739495804,opth,2,False,mlp1,bce,msle
156,0.613063063063063,0.008396962630386319,0.5,0.7549549549549549,0.9964328180737217,0.859046642747309,6.0,Crepis.aurea,0.2549549549549548,opth,2,False,mlp1,bce,msle
157,0.871465066539924,0.24989893472728875,0.875,0.7309885931558935,0.9897039897039897,0.8408966648441771,64.0,Crepis.biennis,0.6059885931558935,opth,2,False,mlp1,bce,msle
158,0.9450450450450449,0.11375131906806116,1.0,0.8189189189189189,1.0,0.9004457652303121,6.0,Crepis.bocconi,0.8189189189189188,opth,2,False,mlp1,bce,msle
159,0.7544535024154588,0.030685734914191264,0.5,0.8016304347826086,0.9932659932659933,0.8872180451127819,12.0,Crepis.conyzifolia,0.30163043478260865,opth,2,False,mlp1,bce,msle
160,0.7222222222222222,0.0365323299607443,0.8888888888888888,0.4918032786885246,0.996309963099631,0.6585365853658537,18.0,Crepis.foetida,0.38069216757741353,opth,2,False,mlp1,bce,msle
161,0.46768402154398564,0.0024717091812036197,0.0,0.6947935368043088,0.9974226804123711,0.819047619047619,2.0,Crepis.mollis,-0.3052064631956912,opth,2,False,mlp1,bce,msle
162,0.8851953045942117,0.19261285628031707,0.9444444444444444,0.6366120218579235,0.9985714285714286,0.7775305895439377,18.0,Crepis.pyrenaica,0.5810564663023681,opth,2,False,mlp1,bce,msle
163,0.7392372025145936,0.11555380879070223,0.7058823529411765,0.5992366412213741,0.9691358024691358,0.7405660377358491,68.0,Crepis.vesicaria,0.3051189941625507,opth,2,False,mlp1,bce,msle
164,0.7874439461883408,0.004201680672268907,0.0,0.8322869955156951,0.9989235737351991,0.9080234833659491,1.0,Cruciata.glabra,-0.16771300448430493,opth,2,False,mlp1,bce,msle
165,0.7786167960479887,0.0869652634588162,0.8461538461538461,0.5899082568807339,0.9938176197836167,0.740356937248129,26.0,Cruciata.laevipes,0.43606210303458015,opth,2,False,mlp1,bce,msle
166,0.5866786678667867,0.006271700618113451,0.2,0.8226822682268227,0.9956427015250545,0.9009364218827008,5.0,Cruciata.pedemontana,0.02268226822682262,opth,2,False,mlp1,bce,msle
167,0.7388439652590596,0.009765009404707438,0.6666666666666666,0.5947888589398024,0.9984917043740573,0.7454954954954955,3.0,Cuscuta.epithymum,0.261455525606469,opth,2,False,mlp1,bce,msle
168,0.8261671469740633,0.20053706728760298,0.8533333333333334,0.675312199807877,0.9845938375350141,0.8011396011396011,75.0,Cynosurus.cristatus,0.5286455331412103,opth,2,False,mlp1,bce,msle
169,0.8245795156364262,0.6421053840813169,0.8492063492063492,0.6734417344173442,0.8971119133574007,0.7693498452012384,378.0,Dactylis.glomerata,0.5226480836236935,opth,2,False,mlp1,bce,msle
170,0.5748878923766816,0.002105263157894737,1.0,0.43766816143497755,1.0,0.6088583905177791,1.0,Dactylorhiza.maculata,0.43766816143497755,opth,2,False,mlp1,bce,msle
171,0.5444143330322193,0.01291432729258565,0.3333333333333333,0.5230352303523035,0.9897435897435898,0.6843971631205674,9.0,Dactylorhiza.majalis,-0.14363143631436315,opth,2,False,mlp1,bce,msle
172,0.35861759425493717,0.0020975636583622065,0.5,0.573608617594255,0.9984375,0.7286202964652223,2.0,Danthonia.decumbens,0.07360861759425497,opth,2,False,mlp1,bce,msle
173,0.7724528459008202,0.17567625494600364,0.8723404255319149,0.601761252446184,0.9808612440191388,0.7459066100667071,94.0,Daucus.carota,0.4741016779780989,opth,2,False,mlp1,bce,msle
174,0.6479299097683499,0.08133676626388724,0.6666666666666666,0.552460538532962,0.9786184210526315,0.7062314540059347,39.0,Deschampsia.cespitosa,0.2191272051996287,opth,2,False,mlp1,bce,msle
175,0.6988917142445905,0.028367538198684494,0.631578947368421,0.6526891522333638,0.9903181189488244,0.7868131868131868,19.0,Dianthus.carthusianorum,0.2842680996017848,opth,2,False,mlp1,bce,msle
176,0.759500193224269,0.13886418945607576,0.2857142857142857,0.8548241659152389,0.9947534102833159,0.9194956353055286,7.0,Dianthus.deltoides,0.14053845162952472,opth,2,False,mlp1,bce,msle
177,0.7910779126465401,0.15502570059095425,0.5333333333333333,0.803921568627451,0.9761904761904762,0.8817204301075269,45.0,Dianthus.sylvestris,0.33725490196078445,opth,2,False,mlp1,bce,msle
178,0.6941903903130233,0.019581286845280214,0.2857142857142857,0.848512173128945,0.9947145877378436,0.9158150851581508,7.0,Dipsacus.fullonum,0.1342264588432307,opth,2,False,mlp1,bce,msle
179,0.8444760101010101,0.17362724916399025,0.8333333333333334,0.7471590909090909,0.9874843554443054,0.8506738544474394,60.0,Draba.aizoides,0.5804924242424243,opth,2,False,mlp1,bce,msle
180,0.7369604316546763,0.013541327406343227,0.5,0.7437050359712231,0.9975874547647768,0.8521380731581659,4.0,Draba.siliquosa,0.24370503597122317,opth,2,False,mlp1,bce,msle
181,0.8100593642762317,0.09349230970184721,0.5945945945945946,0.8025949953660797,0.9829738933030647,0.8836734693877552,37.0,Dryas.octopetala,0.3971895899606743,opth,2,False,mlp1,bce,msle
182,0.7093075539568345,0.028664721636095087,0.75,0.6411870503597122,0.9985994397759104,0.7809419496166484,4.0,Dryopteris.filix.mas,0.39118705035971235,opth,2,False,mlp1,bce,msle
183,0.7719620446893174,0.09901021584780749,0.8518518518518519,0.6528925619834711,0.9944055944055944,0.7882483370288248,27.0,Echium.vulgare,0.504744413835323,opth,2,False,mlp1,bce,msle
184,0.9955156950672646,0.16666666666666666,1.0,0.694170403587444,1.0,0.8194812069878242,1.0,Epilobium.angustifolium,0.6941704035874441,opth,2,False,mlp1,bce,msle
185,0.5938903863432166,0.004250233621458627,1.0,0.3216531895777179,1.0,0.486743711760707,3.0,Epipactis.palustris,0.32165318957771794,opth,2,False,mlp1,bce,msle
186,0.6492302796451729,0.07259136320865112,0.6086956521739131,0.5397987191216834,0.9849749582637729,0.6973995271867612,23.0,Equisetum.arvense,0.1484943712955964,opth,2,False,mlp1,bce,msle
187,0.7233424159854678,0.0610652315697304,0.7333333333333333,0.5831062670299727,0.9938080495356038,0.7349742415569548,15.0,Equisetum.palustre,0.3164396003633061,opth,2,False,mlp1,bce,msle
188,0.7347396768402155,0.016074623051367237,0.5,0.8357271095152603,0.9989270386266095,0.9100684261974584,2.0,Equisetum.telmateia,0.3357271095152603,opth,2,False,mlp1,bce,msle
189,0.8534534534534535,0.21615353616953575,0.3333333333333333,0.8954954954954955,0.9959919839679359,0.9430740037950665,6.0,Erigeron.acer,0.2288288288288287,opth,2,False,mlp1,bce,msle
190,0.8439758068832628,0.07710750118179593,0.7058823529411765,0.8580527752502275,0.9947257383966245,0.9213483146067416,17.0,Erigeron.alpinus,0.563935128191404,opth,2,False,mlp1,bce,msle
191,0.7878447777437677,0.05599104952243812,0.9629629629629629,0.5243342516069789,0.9982517482517482,0.687537627934979,27.0,Erigeron.annuus,0.4872972145699417,opth,2,False,mlp1,bce,msle
192,0.8987377083478625,0.08046814954257236,0.6923076923076923,0.8694469628286491,0.995846313603323,0.9283639883833494,13.0,Erigeron.glabratus,0.5617546551363413,opth,2,False,mlp1,bce,msle
193,0.7780497230452145,0.1740994774379501,0.7142857142857143,0.7448151487826871,0.9975845410628019,0.8528652555498193,7.0,Erigeron.neglectus,0.4591008630684015,opth,2,False,mlp1,bce,msle
194,0.8662246613583732,0.19852932670893994,0.7931034482758621,0.7792088316467342,0.9929660023446659,0.8731958762886598,29.0,Erigeron.uniflorus,0.5723122799225964,opth,2,False,mlp1,bce,msle
195,0.7348188296697782,0.023328636588141025,0.7777777777777778,0.5411020776874436,0.9966722129783694,0.7014051522248244,9.0,Erodium.cicutarium,0.31887985546522124,opth,2,False,mlp1,bce,msle
196,0.6161277856498777,0.009181638367595876,0.14285714285714285,0.7808836789900812,0.9931192660550459,0.8743059061080263,7.0,Erophila.verna,-0.07625917815277594,opth,2,False,mlp1,bce,msle
197,0.731585294309367,0.09559122245273022,0.6379310344827587,0.719281663516068,0.9731457800511509,0.8271739130434783,58.0,Eryngium.campestre,0.3572126979988268,opth,2,False,mlp1,bce,msle
198,0.6925418569254186,0.03849075767909201,0.5714285714285714,0.7269406392694064,0.9888198757763975,0.8378947368421052,21.0,Erysimum.rhaeticum,0.29836921069797784,opth,2,False,mlp1,bce,msle
199,0.9026654687032046,0.02820197790217777,1.0,0.8499550763701708,1.0,0.9188926663428849,3.0,Erysimum.virgatum,0.8499550763701706,opth,2,False,mlp1,bce,msle
200,0.6428249097472925,0.011644770130673419,0.75,0.41425992779783394,0.9956616052060737,0.5850860420650096,8.0,Eupatorium.cannabinum,0.16425992779783405,opth,2,False,mlp1,bce,msle
201,0.7310449977984135,0.29375436725766857,0.5660377358490566,0.7387669801462905,0.9110824742268041,0.8159261396422389,159.0,Euphorbia.cyparissias,0.3048047159953471,opth,2,False,mlp1,bce,msle
202,0.7954995499549955,0.04769489688381946,0.8,0.6084608460846085,0.9985228951255539,0.756152125279642,5.0,Euphorbia.dulcis,0.4084608460846084,opth,2,False,mlp1,bce,msle
203,0.5438754117999401,0.004158804793094141,0.3333333333333333,0.6442048517520216,0.9972183588317107,0.7827510917030568,3.0,Euphorbia.helioscopia,-0.022461814914645162,opth,2,False,mlp1,bce,msle
204,0.7662162162162163,0.02899321825568253,0.5,0.8792792792792793,0.9969356486210419,0.9344183820009574,6.0,Euphorbia.seguieriana,0.3792792792792792,opth,2,False,mlp1,bce,msle
205,0.8007085564158191,0.12354715329898164,0.7659574468085106,0.6669784845650141,0.9848066298342542,0.7953151143335192,47.0,Euphorbia.brittingeri,0.4329359313735246,opth,2,False,mlp1,bce,msle
206,0.8561597472924187,0.041915800168229975,0.5,0.8528880866425993,0.9957850368809273,0.9188138065143413,8.0,Euphrasia.alpina,0.3528880866425994,opth,2,False,mlp1,bce,msle
207,0.8861388979209303,0.23258230427018486,0.8571428571428571,0.7553889409559512,0.991389913899139,0.8574468085106383,49.0,Euphrasia.minima,0.6125317980988083,opth,2,False,mlp1,bce,msle
208,0.8000706752201805,0.11868912935464862,0.6764705882352942,0.7994454713493531,0.9874429223744292,0.8835546475995915,34.0,Euphrasia.salisburgensis,0.4759160595846472,opth,2,False,mlp1,bce,msle
209,0.8082808280828083,0.031728532852047533,0.6,0.7587758775877588,0.9976331360946745,0.8619631901840491,5.0,Euphrasia.stricta,0.35877587758775875,opth,2,False,mlp1,bce,msle
210,0.8312803687860791,0.32997635374428425,0.9256198347107438,0.5989949748743718,0.9851239669421488,0.745,121.0,Festuca.arundinacea,0.5246148095851155,opth,2,False,mlp1,bce,msle
211,0.6936931818181818,0.03398113327300057,0.375,0.8181818181818182,0.989010989010989,0.8955223880597015,16.0,Festuca.ovina,0.19318181818181834,opth,2,False,mlp1,bce,msle
212,0.8341428860554544,0.04989397064468361,0.6111111111111112,0.8105646630236795,0.992196209587514,0.8922305764411027,18.0,Festuca.halleri,0.4216757741347905,opth,2,False,mlp1,bce,msle
213,0.7636151452282158,0.34065493990867807,0.6973684210526315,0.7230290456431535,0.9380888290713324,0.8166373755125952,152.0,Festuca.laevigata,0.42039746669578504,opth,2,False,mlp1,bce,msle
214,0.6852787500269515,0.23213817922872315,0.6363636363636364,0.5940390544707091,0.9174603174603174,0.7211478477854024,143.0,Festuca.nigrescens,0.2304026908343455,opth,2,False,mlp1,bce,msle
215,0.8300231342644161,0.23317699830053165,0.8181818181818182,0.7502356267672008,0.9875930521091811,0.8527048741296197,55.0,Festuca.paniculata,0.5684174449490191,opth,2,False,mlp1,bce,msle
216,0.8715272024302679,0.19284334225803812,0.8235294117647058,0.787793427230047,0.9893867924528302,0.8771562990067956,51.0,Festuca.quadriflora,0.6113228389947527,opth,2,False,mlp1,bce,msle
217,0.644438499580646,0.19179214119975452,0.6690140845070423,0.5071868583162218,0.9131238447319778,0.6521452145214521,142.0,Festuca.rubra,0.17620094282326404,opth,2,False,mlp1,bce,msle
218,0.7563681722689076,0.05522047360240535,0.7142857142857143,0.6737132352941176,0.9892037786774629,0.8015308911973756,28.0,Festuca.valesiaca,0.38799894957983194,opth,2,False,mlp1,bce,msle
219,0.8570199121339784,0.3844488419273451,0.7248322147651006,0.8035160289555325,0.9498777506112469,0.8705882352941177,149.0,Festuca.violacea,0.5283482437206333,opth,2,False,mlp1,bce,msle
220,0.7369996258885148,0.06406960609575325,0.7777777777777778,0.5904499540863177,0.9907550077041603,0.7399309551208285,27.0,Filipendula.vulgaris,0.36822773186409563,opth,2,False,mlp1,bce,msle
221,0.7185235507246377,0.02267977464503235,1.0,0.40942028985507245,1.0,0.5809768637532133,12.0,Fragaria.vesca,0.4094202898550725,opth,2,False,mlp1,bce,msle
222,0.6144796380090498,0.014819735454511315,0.09090909090909091,0.9176470588235294,0.990234375,0.9525598872710193,11.0,Fumana.procumbens,0.00855614973262031,opth,2,False,mlp1,bce,msle
223,0.5902527075812274,0.0091542899505771,0.875,0.4368231046931408,0.9979381443298969,0.6076585059635907,8.0,Galeopsis.tetrahit,0.3118231046931408,opth,2,False,mlp1,bce,msle
224,0.7709427521008403,0.06763099123973176,0.8571428571428571,0.6773897058823529,0.9946018893387314,0.8059048660470203,28.0,Galium.anisophyllon,0.53453256302521,opth,2,False,mlp1,bce,msle
225,0.7063848920863309,0.011954420487339863,0.5,0.6070143884892086,0.9970457902511078,0.7546115148127446,4.0,Galium.aparine,0.10701438848920874,opth,2,False,mlp1,bce,msle
226,0.7299570288520565,0.12043607935304462,0.5666666666666667,0.647329650092081,0.9818435754189944,0.7802441731409545,30.0,Galium.boreale,0.21399631675874753,opth,2,False,mlp1,bce,msle
227,0.828326798892989,0.1289162449678531,0.53125,0.8551660516605166,0.9840764331210191,0.9151036525172754,32.0,Galium.corrudifolium,0.3864160516605166,opth,2,False,mlp1,bce,msle
228,0.657934357121349,0.012349030515798852,0.7777777777777778,0.5356820234869015,0.9966386554621849,0.6968272620446534,9.0,Galium.glaucum,0.3134598012646794,opth,2,False,mlp1,bce,msle
229,0.7744566521134193,0.051597293954901084,0.7368421052631579,0.7383773928896992,0.9938650306748467,0.8472803347280334,19.0,Galium.lucidum,0.475219498152857,opth,2,False,mlp1,bce,msle
230,0.7918961917072687,0.3839384501719829,0.9424778761061947,0.5359550561797752,0.9734693877551021,0.691304347826087,226.0,Galium.mollugo,0.47843293228596995,opth,2,False,mlp1,bce,msle
231,0.7462186967897338,0.26136490148012026,0.6611570247933884,0.685427135678392,0.9432918395573997,0.7939464493597206,121.0,Galium.pumilum,0.3465841604717803,opth,2,False,mlp1,bce,msle
232,0.7336588981088128,0.43353168731006697,0.8127340823970037,0.5335689045936396,0.9005964214711729,0.6701183431952663,267.0,Galium.verum,0.3463029869906433,opth,2,False,mlp1,bce,msle
233,0.7167830398704716,0.03685716050155238,0.2777777777777778,0.8888888888888888,0.9868554095045501,0.9353138476281744,18.0,Genista.pilosa,0.16666666666666652,opth,2,False,mlp1,bce,msle
234,0.673547667201339,0.02025270671713863,0.7692307692307693,0.4913871260199456,0.9944954128440368,0.6577669902912622,13.0,Genista.sagittalis,0.26061789525071477,opth,2,False,mlp1,bce,msle
235,0.6972318973418882,0.05455002164730791,0.72,0.614115490375802,0.9896602658788775,0.7579185520361991,25.0,Genista.tinctoria,0.3341154903758019,opth,2,False,mlp1,bce,msle
236,0.8519892331932774,0.12458821166409315,0.7857142857142857,0.7794117647058824,0.9929742388758782,0.8733264675592173,28.0,Gentiana.acaulis,0.5651260504201681,opth,2,False,mlp1,bce,msle
237,0.797033000302755,0.033966859157313026,0.8,0.6802906448683016,0.9960106382978723,0.8084187803561792,15.0,Gentiana.alpina,0.48029064486830153,opth,2,False,mlp1,bce,msle
238,0.9018510900863841,0.05922785923170689,0.36363636363636365,0.9330316742081448,0.9932562620423893,0.9622025198320112,11.0,Gentiana.bavarica,0.29666803784450835,opth,2,False,mlp1,bce,msle
239,0.751207729468599,0.027454651274615792,0.6666666666666666,0.7391304347826086,0.9951219512195122,0.8482328482328483,12.0,Gentiana.cruciata,0.4057971014492754,opth,2,False,mlp1,bce,msle
240,0.888040151475852,0.3232907514489574,0.9594594594594594,0.6285988483685221,0.9954407294832827,0.7705882352941177,74.0,Gentiana.lutea,0.5880583078279815,opth,2,False,mlp1,bce,msle
241,0.8669363274984309,0.06908234252063189,0.23076923076923078,0.9546690843155031,0.9905926622765757,0.9722991689750693,13.0,Gentiana.nivalis,0.18543831508473385,opth,2,False,mlp1,bce,msle
242,0.8217526575058336,0.06192631828538894,0.7857142857142857,0.6660617059891107,0.9959294436906377,0.7982599238716693,14.0,Gentiana.punctata,0.45177599170339633,opth,2,False,mlp1,bce,msle
243,0.8684683610937298,0.3773230365389392,0.8181818181818182,0.7335299901671584,0.9764397905759162,0.8377316114542392,99.0,Gentiana.verna,0.5517118083489767,opth,2,False,mlp1,bce,msle
244,0.7542074363992173,0.0408139757798426,0.8571428571428571,0.5589041095890411,0.9951219512195122,0.7157894736842105,21.0,Geranium.columbinum,0.4160469667318982,opth,2,False,mlp1,bce,msle
245,0.8175237331863838,0.13418497059041423,0.918918918918919,0.5597775718257646,0.9950576606260296,0.7164887307236062,37.0,Geranium.dissectum,0.47869649074468357,opth,2,False,mlp1,bce,msle
246,0.7189943866046155,0.034027156896317426,0.631578947368421,0.6326344576116681,0.9900142653352354,0.7719688542825361,19.0,Geranium.molle,0.2642134049800893,opth,2,False,mlp1,bce,msle
247,0.828123301076438,0.13410424492562195,0.7647058823529411,0.6968576709796673,0.989501312335958,0.8177874186550976,34.0,Geranium.pyrenaicum,0.46156355333260857,opth,2,False,mlp1,bce,msle
248,0.6935701438848921,0.011197678459331001,0.75,0.6321942446043165,0.9985795454545454,0.7742290748898678,4.0,Geranium.robertianum,0.3821942446043165,opth,2,False,mlp1,bce,msle
249,0.6909090909090909,0.008156046334149156,0.6,0.6651665166516652,0.9973009446693657,0.7980561555075594,5.0,Geranium.rotundifolium,0.26516651665166524,opth,2,False,mlp1,bce,msle
250,0.9479820627802691,0.01694915254237288,1.0,0.5291479820627802,1.0,0.6920821114369502,1.0,Geranium.sanguineum,0.5291479820627802,opth,2,False,mlp1,bce,msle
251,0.8096511838062533,0.391481851777661,0.8,0.6789264413518886,0.9687943262411347,0.7983635300993571,110.0,Geranium.sylvaticum,0.4789264413518888,opth,2,False,mlp1,bce,msle
252,0.8768076697892272,0.4079980827614982,0.8785714285714286,0.7766393442622951,0.9780645161290322,0.8657909765848086,140.0,Geum.montanum,0.6552107728337235,opth,2,False,mlp1,bce,msle
253,0.6402301444043321,0.010752011633352113,0.625,0.5397111913357401,0.9950083194675541,0.6998244587478057,8.0,Geum.rivale,0.1647111913357402,opth,2,False,mlp1,bce,msle
254,,-0.0,0.0,0.4265232974910394,1.0,0.5979899497487438,0.0,Geum.urbanum,-0.5734767025089607,opth,2,False,mlp1,bce,msle
255,0.8399639963996399,0.04565163321603615,0.6,0.7992799279927992,0.9977528089887641,0.8875562218890555,5.0,Glechoma.hederacea,0.3992799279927992,opth,2,False,mlp1,bce,msle
256,0.7752779563364521,0.12035619393583871,0.46153846153846156,0.8282265552460538,0.976998904709748,0.8964824120603015,39.0,Globularia.bisnagarica,0.2897650167845154,opth,2,False,mlp1,bce,msle
257,0.8444284260515604,0.16282448407525252,0.6818181818181818,0.7938432835820896,0.9838150289017341,0.8786783686112545,44.0,Globularia.cordifolia,0.4756614654002713,opth,2,False,mlp1,bce,msle
258,0.7906906906906906,0.015433934671300283,0.16666666666666666,0.8765765765765766,0.9948875255623721,0.9319923371647509,6.0,Globularia.nudicaulis,0.043243243243243246,opth,2,False,mlp1,bce,msle
259,0.7623523093447905,0.09741981131862153,0.6578947368421053,0.6957328385899815,0.9829619921363041,0.8147745790331342,38.0,Gymnadenia.conopsea,0.3536275754320868,opth,2,False,mlp1,bce,msle
260,0.7108997584541062,0.021455507360444156,0.8333333333333334,0.5144927536231884,0.9964912280701754,0.6786140979689367,12.0,Gypsophila.repens,0.34782608695652173,opth,2,False,mlp1,bce,msle
261,0.7635320228281546,0.30724631877658565,0.5481927710843374,0.7936842105263158,0.9095295536791315,0.8476672287802136,166.0,Helianthemum.nummularium,0.3418769816106533,opth,2,False,mlp1,bce,msle
262,0.7713004484304933,0.00390625,1.0,0.32286995515695066,1.0,0.488135593220339,1.0,Helleborus.foetidus,0.3228699551569507,opth,2,False,mlp1,bce,msle
263,0.7860245287353806,0.18454564515790867,0.8089887640449438,0.6572541382667965,0.9754335260115607,0.7853403141361257,89.0,Heracleum.sphondylium,0.46624290231174026,opth,2,False,mlp1,bce,msle
264,0.6818240370990597,0.015604432819421603,0.7142857142857143,0.6681695220919748,0.9973082099596231,0.8002159827213823,7.0,Hieracium.bifidum,0.3824552363776892,opth,2,False,mlp1,bce,msle
265,0.47114322995081803,0.008034553941297835,0.1111111111111111,0.7624209575429087,0.9906103286384976,0.8616641143440531,9.0,Hieracium.murorum,-0.12646793134598022,opth,2,False,mlp1,bce,msle
266,0.8589763374485597,0.11467407270763533,0.75,0.8064814814814815,0.9897727272727272,0.8887755102040816,36.0,Hieracium.piliferum,0.5564814814814816,opth,2,False,mlp1,bce,msle
267,0.7968468468468468,0.017925397377914525,0.6666666666666666,0.7405405405405405,0.9975728155339806,0.8500517063081696,6.0,Hieracium.prenanthoides,0.40720720720720704,opth,2,False,mlp1,bce,msle
268,0.9055631868131868,0.16995248099430735,0.8333333333333334,0.8763736263736264,0.9958376690946931,0.9322942036044812,24.0,Hieracium.villosum,0.7097069597069599,opth,2,False,mlp1,bce,msle
269,0.6428977272727272,0.02533995147548474,0.4375,0.769090909090909,0.9894736842105263,0.8654731457800512,16.0,Himantoglossum.hircinum,0.20659090909090905,opth,2,False,mlp1,bce,msle
270,0.6921770494099522,0.15786531573801685,0.47368421052631576,0.7385229540918163,0.925,0.8213096559378469,114.0,Hippocrepis.comosa,0.21220716461813205,opth,2,False,mlp1,bce,msle
271,0.8965685727049363,0.526156012979571,0.9121621621621622,0.7706611570247934,0.9828722002635046,0.8639258830341633,148.0,Holcus.lanatus,0.6828233191869555,opth,2,False,mlp1,bce,msle
272,0.8363266964648516,0.12611133179788508,0.4782608695652174,0.8514018691588785,0.9743315508021391,0.9087281795511222,46.0,Homogyne.alpina,0.329662738724096,opth,2,False,mlp1,bce,msle
273,0.5987987987987988,0.00932746562770374,0.16666666666666666,0.845945945945946,0.9947033898305084,0.9143135345666992,6.0,Hornungia.petraea,0.012612612612612706,opth,2,False,mlp1,bce,msle
274,0.8248579285059577,0.12746083409963768,0.84,0.6498625114573785,0.9943899018232819,0.7860310421286031,25.0,Hypericum.maculatum,0.48986251145737847,opth,2,False,mlp1,bce,msle
275,0.7848513409305116,0.11655996674588315,0.9818181818181818,0.4354382657869934,0.9978401727861771,0.6062992125984252,55.0,Hypericum.perforatum,0.4172564476051752,opth,2,False,mlp1,bce,msle
276,0.8858867021854954,0.147344019956357,0.8529411764705882,0.7948243992606284,0.9942196531791907,0.8834103749357987,34.0,Hypericum.richeri,0.6477655757312166,opth,2,False,mlp1,bce,msle
277,0.8327087177121771,0.17370043991575607,0.71875,0.7527675276752768,0.9890909090909091,0.85489785227868,32.0,Hypochaeris.maculata,0.47151752767527677,opth,2,False,mlp1,bce,msle
278,0.8343169144981413,0.1426795215021501,0.875,0.6849442379182156,0.9932614555256065,0.8107810781078107,40.0,Hypochaeris.radicata,0.5599442379182156,opth,2,False,mlp1,bce,msle
279,0.4489658273381295,0.003851221863989125,0.0,0.7482014388489209,0.9952153110047847,0.8542094455852156,4.0,Hyssopus.officinalis,-0.2517985611510791,opth,2,False,mlp1,bce,msle
280,0.761922603436279,0.036803505065869234,0.7647058823529411,0.6451319381255687,0.9943899018232819,0.782560706401766,17.0,Inula.salicina,0.4098378204785098,opth,2,False,mlp1,bce,msle
281,0.4246624662466247,0.0049138525581338315,0.4,0.48874887488748875,0.9945054945054945,0.6554013277006638,5.0,Isatis.tinctoria,-0.11125112511251123,opth,2,False,mlp1,bce,msle
282,0.5042042042042041,0.014374097527218938,0.3333333333333333,0.8540540540540541,0.9957983193277311,0.9194956353055286,6.0,Juncus.alpinoarticulatus,0.18738738738738747,opth,2,False,mlp1,bce,msle
283,0.6759510869565217,0.02077839078181966,0.3333333333333333,0.8469202898550725,0.9915164369034994,0.9135319980459209,12.0,Juncus.articulatus,0.18025362318840576,opth,2,False,mlp1,bce,msle
284,0.8949684115523465,0.051312456273893144,0.625,0.9404332129963899,0.9971291866028709,0.9679516953088714,8.0,Juncus.effusus,0.5654332129963899,opth,2,False,mlp1,bce,msle
285,0.7441477272727273,0.042535218729463475,0.5,0.8118181818181818,0.9911209766925638,0.8925537231384307,16.0,Juncus.inflexus,0.31181818181818177,opth,2,False,mlp1,bce,msle
286,0.9195506982392229,0.1995489389049408,0.8888888888888888,0.8051001821493625,0.9977426636568849,0.8911290322580645,18.0,Juncus.jacquinii,0.6939890710382515,opth,2,False,mlp1,bce,msle
287,0.7746031746031746,0.03991049757063569,0.7142857142857143,0.7123287671232876,0.9923664122137404,0.8293460925039873,21.0,Juncus.trifidus,0.4266144814090018,opth,2,False,mlp1,bce,msle
288,0.731953195319532,0.009485190715245343,0.0,0.7929792979297929,0.9943566591422122,0.8823234852278418,5.0,Juncus.triglumis,-0.20702070207020706,opth,2,False,mlp1,bce,msle
289,0.8567547464431351,0.4747689909324191,0.8995215311004785,0.6890848952590959,0.9674922600619195,0.8048937540244687,209.0,Knautia.arvensis,0.5886064263595743,opth,2,False,mlp1,bce,msle
290,0.7476277372262774,0.04882692725581352,0.75,0.5629562043795621,0.9919614147909968,0.7182770663562281,20.0,Knautia.dipsacifolia,0.31295620437956195,opth,2,False,mlp1,bce,msle
291,0.6890628397477713,0.0385814147847925,0.5238095238095238,0.6621004566210046,0.9863945578231292,0.7923497267759563,21.0,Koeleria.macrantha,0.18590998043052842,opth,2,False,mlp1,bce,msle
292,0.7091384314417203,0.10189800710524917,0.3898305084745763,0.8098391674550615,0.9596412556053812,0.8783991790661878,59.0,Koeleria.pyramidata,0.1996696759296377,opth,2,False,mlp1,bce,msle
293,0.7385413424629111,0.1646035607314646,0.5111111111111111,0.8403361344537815,0.9761388286334056,0.9031610637230306,45.0,Koeleria.vallesiana,0.3514472455648927,opth,2,False,mlp1,bce,msle
294,0.7017179023508138,0.016249096605994207,0.5,0.7097649186256781,0.9936708860759493,0.8280590717299579,10.0,Lactuca.perennis,0.20976491862567803,opth,2,False,mlp1,bce,msle
295,0.6188340807174888,0.002347417840375587,0.0,0.7246636771300449,0.9987639060568603,0.83991683991684,1.0,Lactuca.serriola,-0.27533632286995513,opth,2,False,mlp1,bce,msle
296,0.7129046762589929,0.0077451922435485205,1.0,0.5764388489208633,1.0,0.7313177410154021,4.0,Lamium.purpureum,0.5764388489208634,opth,2,False,mlp1,bce,msle
297,0.6849192100538599,0.004140252592264976,1.0,0.5385996409335727,1.0,0.7001166861143524,2.0,Lapsana.communis,0.5385996409335727,opth,2,False,mlp1,bce,msle
298,0.5896396396396396,0.011364394026435944,0.6666666666666666,0.6828828828828829,0.9973684210526316,0.8106951871657754,6.0,Laserpitium.halleri,0.34954954954954953,opth,2,False,mlp1,bce,msle
299,0.8401035055170394,0.23364234364330924,0.7894736842105263,0.7133580705009277,0.9897039897039897,0.82911051212938,38.0,Laserpitium.latifolium,0.502831754711454,opth,2,False,mlp1,bce,msle
300,0.7786811201445347,0.021094644761575174,0.7777777777777778,0.7208672086720868,0.9975,0.8369166229680126,9.0,Laserpitium.siler,0.49864498644986455,opth,2,False,mlp1,bce,msle
301,0.6427607913669064,0.00687208367100027,0.0,0.8938848920863309,0.9959919839679359,0.9421800947867298,4.0,Lathyrus.heterophyllus,-0.10611510791366907,opth,2,False,mlp1,bce,msle
302,0.6103623839472896,0.011964275802485224,0.3333333333333333,0.688230008984726,0.9973958333333334,0.8144603934077618,3.0,Lathyrus.occidentalis,0.02156334231805923,opth,2,False,mlp1,bce,msle
303,0.7782309322033899,0.4013580475768933,0.8050847457627118,0.6318181818181818,0.9235880398671097,0.7503373819163293,236.0,Lathyrus.pratensis,0.4369029275808938,opth,2,False,mlp1,bce,msle
304,0.515015015015015,0.006509476346419857,0.16666666666666666,0.7666666666666667,0.9941588785046729,0.8657171922685656,6.0,Lathyrus.sphaericus,-0.06666666666666665,opth,2,False,mlp1,bce,msle
305,0.5693321353698712,0.004127463941549614,0.0,0.6945193171608266,0.9961340206185567,0.818422445738486,3.0,Lathyrus.sylvestris,-0.3054806828391734,opth,2,False,mlp1,bce,msle
306,0.4512140287769784,0.003905618384846702,0.0,0.7904676258992805,0.9954699886749717,0.881203007518797,4.0,Lathyrus.tuberosus,-0.20953237410071945,opth,2,False,mlp1,bce,msle
307,0.6148745068412659,0.05037386361123467,0.5454545454545454,0.6694367497691598,0.9797297297297297,0.7953922106417992,33.0,Leontodon.autumnalis,0.2148912952237052,opth,2,False,mlp1,bce,msle
308,0.661002532334657,0.31411471406493957,0.6008583690987125,0.6183465458663646,0.8544600938967136,0.7174770039421814,233.0,Leontodon.hispidus,0.219204914965077,opth,2,False,mlp1,bce,msle
309,0.7549916269483445,0.038640315164912856,0.42857142857142855,0.7673579801623084,0.9953216374269006,0.8665987780040734,7.0,Leontopodium.alpinum,0.19592940873373688,opth,2,False,mlp1,bce,msle
310,0.8526829268292684,0.14647673385295382,0.6585365853658537,0.8055813953488372,0.9840909090909091,0.8859335038363171,41.0,Leucanthemopsis.alpina,0.4641179807146909,opth,2,False,mlp1,bce,msle
311,0.844090971980363,0.5607806159243591,0.8619246861924686,0.669327251995439,0.9467741935483871,0.7842351369405478,239.0,Leucanthemum.vulgare,0.5312519381879075,opth,2,False,mlp1,bce,msle
312,0.8266993518364634,0.16189528789301857,0.7272727272727273,0.6709323583180987,0.9918918918918919,0.8004362050163577,22.0,Lilium.martagon,0.3982050855908259,opth,2,False,mlp1,bce,msle
313,0.6340252707581229,0.02173619516549927,0.375,0.878158844765343,0.9948875255623721,0.9328859060402684,8.0,Linaria.repens,0.253158844765343,opth,2,False,mlp1,bce,msle
314,0.8308622812182198,0.05233481153120755,0.8823529411764706,0.6997270245677889,0.9974059662775616,0.8224598930481284,17.0,Linum.alpinum,0.5820799657442595,opth,2,False,mlp1,bce,msle
315,0.7168585177147709,0.1560986606315326,0.8292682926829268,0.5406189555125726,0.9755671902268761,0.6957062850031114,82.0,Linum.catharticum,0.36988724819549934,opth,2,False,mlp1,bce,msle
316,0.7658802177858439,0.030217651702697967,0.14285714285714285,0.8901996370235935,0.9879154078549849,0.9365155131264916,14.0,Linum.tenuifolium,0.03305677988073641,opth,2,False,mlp1,bce,msle
317,0.7758543165467626,0.011892842566235372,0.75,0.6357913669064749,0.998587570621469,0.7769230769230769,4.0,Listera.ovata,0.38579136690647475,opth,2,False,mlp1,bce,msle
318,0.5624438454627134,0.003908974190356299,0.6666666666666666,0.5292003593890386,0.9983050847457627,0.6917204932472109,3.0,Lolium.multiflorum,0.19586702605570538,opth,2,False,mlp1,bce,msle
319,0.860308620489616,0.29888688232731714,0.9313725490196079,0.6637080867850098,0.9897058823529412,0.79456906729634,102.0,Lolium.perenne,0.5950806358046177,opth,2,False,mlp1,bce,msle
320,0.7620448915246603,0.5254387987832427,0.684971098265896,0.6961038961038961,0.8310077519379845,0.7575971731448763,346.0,Lotus.corniculatus,0.3810749943697922,opth,2,False,mlp1,bce,msle
321,0.7226788432267884,0.034676075842066126,0.2857142857142857,0.8273972602739726,0.9837133550488599,0.8988095238095238,21.0,Lotus.maritimus,0.11311154598825834,opth,2,False,mlp1,bce,msle
322,0.706850811485643,0.1139595867286757,0.4166666666666667,0.8080524344569289,0.9685746352413019,0.8810617662072486,48.0,Luzula.campestris,0.2247191011235956,opth,2,False,mlp1,bce,msle
323,0.8673984075119754,0.09855414623111441,0.8620689655172413,0.7516099356025759,0.9951278928136419,0.8563941299790356,29.0,Luzula.lutea,0.6136789011198172,opth,2,False,mlp1,bce,msle
324,0.6760036496350366,0.049292627434560615,0.3,0.8394160583941606,0.9850107066381156,0.9064039408866995,20.0,Luzula.multiflora,0.1394160583941606,opth,2,False,mlp1,bce,msle
325,0.8052299368800722,0.024681739586169562,0.8571428571428571,0.6934174932371506,0.9987012987012988,0.8185204896221394,7.0,Luzula.sieberi,0.5505603503800076,opth,2,False,mlp1,bce,msle
326,0.8783488690437389,0.19988083537406115,0.896551724137931,0.7362948960302458,0.9923566878980892,0.845360824742268,58.0,Luzula.spicata,0.6328466201681768,opth,2,False,mlp1,bce,msle
327,0.7547683923705722,0.07240797900820019,0.4,0.8256130790190735,0.9901960784313726,0.9004457652303121,15.0,Luzula.sudetica,0.22561307901907357,opth,2,False,mlp1,bce,msle
328,0.8455485611510792,0.06179665592158712,0.75,0.72931654676259,0.9987684729064039,0.843035343035343,4.0,Lysimachia.nummularia,0.47931654676258995,opth,2,False,mlp1,bce,msle
329,0.9015117328519855,0.26116444832911356,0.75,0.898014440433213,0.9979939819458375,0.9453681710213777,8.0,Lysimachia.vulgaris,0.6480144404332129,opth,2,False,mlp1,bce,msle
330,0.7706953065067299,0.02678822841081823,0.8461538461538461,0.5421577515865821,0.9966666666666667,0.7022900763358778,13.0,Malva.moschata,0.3883115977404281,opth,2,False,mlp1,bce,msle
331,0.5965858041329739,0.0053196315910603795,0.3333333333333333,0.5723270440251572,0.9968701095461658,0.7271689497716894,3.0,Malva.sylvestris,-0.09433962264150941,opth,2,False,mlp1,bce,msle
332,0.7042887667887667,0.10962701346274711,0.5416666666666666,0.6813186813186813,0.9854304635761589,0.805630752571738,24.0,Medicago.falcata,0.22298534798534808,opth,2,False,mlp1,bce,msle
333,0.7842733920988371,0.30580580722011325,0.7065868263473054,0.6933614330874605,0.9306930693069307,0.7946859903381642,167.0,Medicago.lupulina,0.39994825943476586,opth,2,False,mlp1,bce,msle
334,0.7849109535856523,0.11397426273292838,0.7567567567567568,0.7377201112140871,0.9888198757763975,0.8450106157112527,37.0,Medicago.minima,0.4944768679708438,opth,2,False,mlp1,bce,msle
335,0.780005523336095,0.10707379148725232,0.8627450980392157,0.6338028169014085,0.9897360703812317,0.7727532913566113,51.0,Medicago.sativa,0.4965479149406242,opth,2,False,mlp1,bce,msle
336,0.7481012658227848,0.02653992881332166,0.5,0.8589511754068716,0.9947643979057592,0.9218825812712276,10.0,Melica.ciliata,0.3589511754068715,opth,2,False,mlp1,bce,msle
337,0.7157515751575159,0.00889340248919061,1.0,0.3933393339333933,1.0,0.5645994832041343,5.0,Melilotus.albus,0.39333933393339326,opth,2,False,mlp1,bce,msle
338,0.7835904696806952,0.1668409245068028,0.6578947368421053,0.8441558441558441,0.9859154929577465,0.9095452273863068,38.0,Meum.athamanticum,0.5020505809979494,opth,2,False,mlp1,bce,msle
339,0.6762762762762763,0.017208540188763954,0.6666666666666666,0.4648648648648649,0.9961389961389961,0.6339066339066339,6.0,Minuartia.laricifolia,0.13153153153153152,opth,2,False,mlp1,bce,msle
340,0.8045268308206373,0.07119002910209195,0.5652173913043478,0.8563586459286368,0.9894291754756871,0.918097106424718,23.0,Minuartia.rostrata,0.42157603723298465,opth,2,False,mlp1,bce,msle
341,0.8746630727762803,0.24609988006917372,0.75,0.8283018867924529,0.984304932735426,0.8995901639344263,56.0,Minuartia.verna,0.578301886792453,opth,2,False,mlp1,bce,msle
342,0.769309254157739,0.06918085235377022,0.8148148148148148,0.5472910927456383,0.9916805324459235,0.7053254437869823,27.0,Muscari.comosum,0.36210590756045313,opth,2,False,mlp1,bce,msle
343,0.8405524544213124,0.44922437951359206,0.6741573033707865,0.7803837953091685,0.9265822784810127,0.8472222222222222,178.0,Myosotis.alpestris,0.45454109867995496,opth,2,False,mlp1,bce,msle
344,0.8091068939442253,0.30971972708123174,0.7706422018348624,0.6911618669314796,0.9653259361997226,0.8055555555555556,109.0,Myosotis.arvensis,0.46180406876634206,opth,2,False,mlp1,bce,msle
345,0.7037545787545787,0.03883990558068639,0.6666666666666666,0.575091575091575,0.9874213836477987,0.7268518518518519,24.0,Myosotis.ramosissima,0.2417582417582418,opth,2,False,mlp1,bce,msle
346,0.8050809352517986,0.13277243077573528,0.25,0.9559352517985612,0.9971857410881801,0.9761248852157943,4.0,Myosotis.scorpioides,0.20593525179856131,opth,2,False,mlp1,bce,msle
347,0.375673249551167,0.0023333545215696245,0.5,0.6166965888689407,0.998546511627907,0.7624861265260822,2.0,Myosotis.stricta,0.11669658886894085,opth,2,False,mlp1,bce,msle
348,0.7663580246913579,0.09684997203637419,0.7222222222222222,0.6435185185185185,0.9858156028368794,0.7787114845938375,36.0,Narcissus.poeticus,0.3657407407407407,opth,2,False,mlp1,bce,msle
349,0.8158108601805806,0.2867406502142415,0.8613138686131386,0.6710929519918284,0.9718934911242604,0.7939577039274924,137.0,Nardus.stricta,0.532406820604967,opth,2,False,mlp1,bce,msle
350,0.6584390096618358,0.019879259822906486,0.4166666666666667,0.6884057971014492,0.9908735332464146,0.8123997862105826,12.0,Odontites.luteus,0.10507246376811596,opth,2,False,mlp1,bce,msle
351,0.8287416071041802,0.27536618403784197,0.7666666666666667,0.7953216374269005,0.974910394265233,0.8760064412238325,90.0,Onobrychis.montana,0.5619883040935671,opth,2,False,mlp1,bce,msle
352,0.863790110998991,0.3986401836495064,0.864,0.722502522704339,0.9768076398362893,0.8306264501160093,125.0,Onobrychis.viciifolia,0.586502522704339,opth,2,False,mlp1,bce,msle
353,0.7869598765432099,0.12186149919744706,0.5833333333333334,0.7953703703703704,0.982837528604119,0.8792221084953941,36.0,Ononis.natrix,0.37870370370370376,opth,2,False,mlp1,bce,msle
354,0.7627378759975445,0.08369120592454127,0.7,0.6316758747697975,0.9870503597122302,0.7703537338573835,30.0,Ononis.repens,0.33167587476979743,opth,2,False,mlp1,bce,msle
355,0.6901144408069616,0.05103105606100376,0.21212121212121213,0.8716528162511542,0.9731958762886598,0.9196298100340965,33.0,Ononis.spinosa,0.08377402837236625,opth,2,False,mlp1,bce,msle
356,0.8613357292602575,0.01227754921895935,1.0,0.44654088050314467,1.0,0.6173913043478261,3.0,Ophioglossum.vulgatum,0.4465408805031448,opth,2,False,mlp1,bce,msle
357,0.5188118811881188,0.005535638346359917,0.0,0.774077407740774,0.9942196531791907,0.8704453441295547,5.0,Ophrys.apifera,-0.22592259225922595,opth,2,False,mlp1,bce,msle
358,0.706160071942446,0.00725248873780999,0.0,0.8309352517985612,0.9956896551724138,0.9058823529411765,4.0,Ophrys.insectifera,-0.1690647482014388,opth,2,False,mlp1,bce,msle
359,,-0.0,0.0,0.5474910394265233,1.0,0.7075854082223509,0.0,Orchis.mascula,-0.45250896057347667,opth,2,False,mlp1,bce,msle
360,0.7449439649619993,0.01498706625722335,0.2857142857142857,0.8845807033363391,0.9949290060851927,0.9365155131264916,7.0,Orchis.militaris,0.17029498905062468,opth,2,False,mlp1,bce,msle
361,0.816077993697479,0.09450278221097508,0.5,0.8327205882352942,0.9847826086956522,0.9023904382470119,28.0,Origanum.vulgare,0.33272058823529416,opth,2,False,mlp1,bce,msle
362,0.7142857142857143,0.06529003030740765,0.7142857142857143,0.5818014705882353,0.9875195007800313,0.7322151532677849,28.0,Ornithogalum.umbellatum,0.29608718487394947,opth,2,False,mlp1,bce,msle
363,0.7638163816381638,0.012874791571147712,1.0,0.49954995499549953,1.0,0.6662665066026411,5.0,Orobanche.alba,0.4995499549954996,opth,2,False,mlp1,bce,msle
364,0.7087663016946788,0.02282372371701043,0.8461538461538461,0.42792384406165007,0.9957805907172996,0.5986049461001902,13.0,Orobanche.caryophyllacea,0.2740776902154962,opth,2,False,mlp1,bce,msle
365,0.7738175742869644,0.046257760174931266,0.5217391304347826,0.7657822506861848,0.9870283018867925,0.8624420401854714,23.0,Oxytropis.campestris,0.28752138112096737,opth,2,False,mlp1,bce,msle
366,0.8400366636113656,0.09234191969320565,0.72,0.8093492208982584,0.9921348314606742,0.8914689550731953,25.0,Oxytropis.helvetica,0.5293492208982584,opth,2,False,mlp1,bce,msle
367,0.5192825112107624,0.00186219739292365,0.0,0.8322869955156951,0.9989235737351991,0.9080234833659491,1.0,Oxytropis.pilosa,-0.16771300448430493,opth,2,False,mlp1,bce,msle
368,0.6353213963673837,0.010596352934182627,0.5714285714285714,0.5076645626690712,0.9946996466431095,0.6722388059701493,7.0,Papaver.rhoeas,0.07909313409764263,opth,2,False,mlp1,bce,msle
369,0.837268613739202,0.03882620399074207,0.5454545454545454,0.8760180995475113,0.9948612538540597,0.931665062560154,11.0,Paradisea.liliastrum,0.4214726450020567,opth,2,False,mlp1,bce,msle
370,0.692377495462795,0.026516516648171354,0.35714285714285715,0.7504537205081669,0.9892344497607656,0.8534571723426213,14.0,Parnassia.palustris,0.10759657765102415,opth,2,False,mlp1,bce,msle
371,0.769927536231884,0.02947511009516974,0.9166666666666666,0.5271739130434783,0.9982847341337907,0.6899822169531713,12.0,Pastinaca.sativa,0.443840579710145,opth,2,False,mlp1,bce,msle
372,0.8232913669064749,0.07432658831698803,0.5,0.8803956834532374,0.9979612640163099,0.9354992833253702,4.0,Pedicularis.foliosa,0.3803956834532374,opth,2,False,mlp1,bce,msle
373,0.9005500222982012,0.1754275159494331,0.7096774193548387,0.8949308755760369,0.9908163265306122,0.9404358353510895,31.0,Pedicularis.gyroflexa,0.6046082949308755,opth,2,False,mlp1,bce,msle
374,0.5980126467931346,0.015474644707889318,0.1111111111111111,0.8075880758807588,0.991130820399113,0.8899950223992036,9.0,Pedicularis.tuberosa,-0.08130081300813008,opth,2,False,mlp1,bce,msle
375,0.7725195280039887,0.04462334169031932,0.3181818181818182,0.8519195612431444,0.9841605068637803,0.9132778049975502,22.0,Pedicularis.verticillata,0.17010137942496262,opth,2,False,mlp1,bce,msle
376,0.7177210267046927,0.029280503201835298,0.7857142857142857,0.5290381125226861,0.9948805460750854,0.6907582938388626,14.0,Petrorhagia.prolifera,0.31475239823697176,opth,2,False,mlp1,bce,msle
377,0.7933898673624701,0.051697698968917016,0.42857142857142855,0.8356164383561644,0.9870550161812298,0.9050445103857567,21.0,Petrorhagia.saxifraga,0.264187866927593,opth,2,False,mlp1,bce,msle
378,0.7546823907799518,0.20532566547329517,0.6703296703296703,0.7297560975609756,0.961439588688946,0.8297282307265669,91.0,Phleum.alpinum,0.400085767890646,opth,2,False,mlp1,bce,msle
379,0.8109609609609609,0.04892965550405842,0.6666666666666666,0.8567567567567568,0.9979013641133263,0.9219583131362094,6.0,Phleum.hirsutum,0.5234234234234234,opth,2,False,mlp1,bce,msle
380,0.7253405994550409,0.037083396645214754,0.4666666666666667,0.7293369663941871,0.9901356350184957,0.8399581589958159,15.0,Phleum.phleoides,0.19600363306085367,opth,2,False,mlp1,bce,msle
381,0.8048158351188655,0.07846073843670007,0.8148148148148148,0.7575757575757576,0.9939759036144579,0.859822824387702,27.0,Phyteuma.betonicifolium,0.5723905723905722,opth,2,False,mlp1,bce,msle
382,0.8193039960945673,0.06440858960990085,0.8461538461538461,0.7053490480507706,0.9974358974358974,0.8263409453000531,13.0,Phyteuma.hemisphaericum,0.5515028942046167,opth,2,False,mlp1,bce,msle
383,0.7959536366616012,0.25614452049444597,0.6767676767676768,0.7856440511307768,0.9614921780986763,0.8647186147186147,99.0,Phyteuma.orbiculare,0.46241172789845364,opth,2,False,mlp1,bce,msle
384,0.8007181328545782,0.006524639372967564,1.0,0.3491921005385996,1.0,0.5176314038589488,2.0,Phyteuma.ovatum,0.3491921005385996,opth,2,False,mlp1,bce,msle
385,0.8593402145314714,0.14870464228619062,0.7222222222222222,0.8624772313296903,0.9947478991596639,0.9239024390243903,18.0,Phyteuma.spicatum,0.5846994535519126,opth,2,False,mlp1,bce,msle
386,0.7704393450184501,0.13831378640803363,0.90625,0.5009225092250923,0.9945054945054945,0.6662576687116565,32.0,Picris.hieracioides,0.4071725092250924,opth,2,False,mlp1,bce,msle
387,0.7726179463459759,0.1137454776690289,0.8571428571428571,0.49491211840888066,0.9907407407407407,0.6600863664404688,35.0,Pimpinella.major,0.3520549755517377,opth,2,False,mlp1,bce,msle
388,0.7568274032459426,0.10465884151052335,0.6458333333333334,0.6928838951310862,0.9775429326287979,0.810958904109589,48.0,Pimpinella.saxifraga,0.33871722846441954,opth,2,False,mlp1,bce,msle
389,0.9014812810316022,0.5372448160019185,0.8791208791208791,0.7922912205567452,0.9711286089238845,0.8726415094339622,182.0,Plantago.alpina,0.6714120996776243,opth,2,False,mlp1,bce,msle
390,0.7666449228093064,0.07712337293002991,0.47619047619047616,0.7579908675799086,0.9869203329369798,0.8574380165289256,21.0,Plantago.atrata,0.2341813437703848,opth,2,False,mlp1,bce,msle
391,0.8183363978065965,0.533796069461674,0.8708609271523179,0.6547911547911548,0.9318181818181818,0.7691197691197691,302.0,Plantago.lanceolata,0.5256520819434727,opth,2,False,mlp1,bce,msle
392,0.7474176361857128,0.08084751790072142,0.9411764705882353,0.47966728280961185,0.9961612284069098,0.6475358702432938,34.0,Plantago.major,0.4208437533978471,opth,2,False,mlp1,bce,msle
393,0.8063865920543446,0.42964426123666705,0.7384615384615385,0.7198697068403909,0.9285714285714286,0.8110091743119267,195.0,Plantago.media,0.45833124530192926,opth,2,False,mlp1,bce,msle
394,0.8529095777945256,0.34546478081969206,0.7457627118644068,0.8003784295175024,0.9825783972125436,0.8821689259645464,59.0,Plantago.maritima,0.5461411413819093,opth,2,False,mlp1,bce,msle
395,0.7301013750878249,0.021235910114741473,1.0,0.33152664859981934,1.0,0.49796472184531887,9.0,Platanthera.bifolia,0.3315266485998194,opth,2,False,mlp1,bce,msle
396,0.9022366105265862,0.6769825819366142,0.8817204301075269,0.8267622461170848,0.9544827586206897,0.8860435339308579,279.0,Poa.alpina,0.7084826762246117,opth,2,False,mlp1,bce,msle
397,0.7684935609463911,0.013065939752669875,1.0,0.3890386343216532,1.0,0.5601552393272963,3.0,Poa.annua,0.3890386343216532,opth,2,False,mlp1,bce,msle
398,0.6953568299750658,0.11326360283989467,0.4788732394366197,0.7129186602870813,0.9526854219948849,0.8155446086480569,71.0,Poa.bulbosa,0.19179189972370092,opth,2,False,mlp1,bce,msle
399,0.82012012012012,0.01888369670942109,0.5,0.7783783783783784,0.9965397923875432,0.874051593323217,6.0,Poa.cenisia,0.2783783783783784,opth,2,False,mlp1,bce,msle
400,0.6851851851851851,0.0416781080270881,0.5,0.7413479052823315,0.9890643985419199,0.8474752732951588,18.0,Poa.chaixii,0.24134790528233152,opth,2,False,mlp1,bce,msle
401,0.7454873646209387,0.022930483047275296,0.625,0.6299638989169675,0.9957203994293866,0.7716970702045329,8.0,Poa.compressa,0.2549638989169676,opth,2,False,mlp1,bce,msle
402,0.8127070159590485,0.06290095919504755,0.8888888888888888,0.7136404697380307,0.9987357774968394,0.8324552160168599,9.0,Poa.nemoralis,0.6025293586269196,opth,2,False,mlp1,bce,msle
403,0.7830090755437977,0.40852077339495546,0.8412698412698413,0.6261574074074074,0.9311531841652324,0.7487889273356402,252.0,Poa.pratensis,0.46742724867724883,opth,2,False,mlp1,bce,msle
404,0.8472972972972973,0.18224841802009206,0.6666666666666666,0.8144144144144144,0.9977924944812362,0.8968253968253969,6.0,Poa.supina,0.48108108108108105,opth,2,False,mlp1,bce,msle
405,0.7888068181818182,0.04952879766086414,0.625,0.7672727272727272,0.9929411764705882,0.8656410256410256,16.0,Polygala.alpestris,0.3922727272727271,opth,2,False,mlp1,bce,msle
406,,-0.0,0.0,0.9274193548387096,1.0,0.9623430962343096,0.0,Polygala.amarella,-0.07258064516129037,opth,2,False,mlp1,bce,msle
407,0.8109585933068633,0.23250531482861497,0.5609756097560976,0.8344186046511628,0.980327868852459,0.9015075376884422,41.0,Polygala.comosa,0.3953942144072604,opth,2,False,mlp1,bce,msle
408,0.7639553429027113,0.08306870356304819,0.8181818181818182,0.6140350877192983,0.9910581222056631,0.758266818700114,33.0,Polygala.vulgaris,0.4322169059011165,opth,2,False,mlp1,bce,msle
409,0.4975269784172662,0.004275505909928568,0.25,0.7005395683453237,0.9961636828644501,0.82259767687434,4.0,Polygonum.aviculare,-0.049460431654676285,opth,2,False,mlp1,bce,msle
410,0.7010159220532319,0.12424207587801164,0.71875,0.48098859315589354,0.9656488549618321,0.6421319796954315,64.0,Polygonum.bistorta,0.19973859315589348,opth,2,False,mlp1,bce,msle
411,0.8276815628695309,0.36516154361538855,0.7558139534883721,0.75,0.944,0.8358913813459268,172.0,Polygonum.viviparum,0.5058139534883721,opth,2,False,mlp1,bce,msle
412,0.8441996402877698,0.03957855289658095,0.25,0.9136690647482014,0.9970559371933267,0.9535429375879868,4.0,Polystichum.lonchitis,0.16366906474820153,opth,2,False,mlp1,bce,msle
413,0.6887072358462004,0.025488229083219367,0.4,0.7584014532243415,0.9893364928909952,0.8586118251928021,15.0,Potentilla.argentea,0.15840145322434163,opth,2,False,mlp1,bce,msle
414,0.8283829650976625,0.20071812401785472,0.5066666666666667,0.8683957732949087,0.9606801275239107,0.9122098890010091,75.0,Potentilla.aurea,0.3750624399615754,opth,2,False,mlp1,bce,msle
415,0.8421017910743147,0.3691429700216108,0.7295081967213115,0.7344064386317908,0.9567496723460026,0.8309618668184405,122.0,Potentilla.crantzii,0.4639146353531023,opth,2,False,mlp1,bce,msle
416,0.7206407509437812,0.050667275488429885,0.8148148148148148,0.5013774104683195,0.9909255898366606,0.6658536585365854,27.0,Potentilla.erecta,0.3161922252831344,opth,2,False,mlp1,bce,msle
417,0.8242368916528784,0.23510831816040165,0.8235294117647058,0.6886517943743938,0.9793103448275862,0.8086560364464692,85.0,Potentilla.grandiflora,0.5121812061390996,opth,2,False,mlp1,bce,msle
418,0.698188035571563,0.13696760061244126,0.5567010309278351,0.7095191364082434,0.943864229765013,0.8100840336134454,97.0,Potentilla.neumanniana,0.26622016733607845,opth,2,False,mlp1,bce,msle
419,0.7563142739613328,0.02162655921205121,0.45454545454545453,0.7981900452488688,0.9932432432432432,0.88509784244857,11.0,Potentilla.pusilla,0.2527354997943234,opth,2,False,mlp1,bce,msle
420,0.605595667870036,0.009700202891739635,0.625,0.48014440433212996,0.994392523364486,0.6475958612294583,8.0,Potentilla.recta,0.1051444043321299,opth,2,False,mlp1,bce,msle
421,0.8116665446827198,0.2075296569681859,0.8153846153846154,0.6355851569933397,0.9823529411764705,0.7718082033506644,65.0,Potentilla.reptans,0.4509697723779551,opth,2,False,mlp1,bce,msle
422,0.691089108910891,0.00990037003337707,1.0,0.35283528352835286,1.0,0.5216234198270127,5.0,Potentilla.rupestris,0.3528352835283528,opth,2,False,mlp1,bce,msle
423,0.8719567177637512,0.058869245030130954,1.0,0.6438232642019838,1.0,0.7833241908941305,7.0,Potentilla.thuringiaca,0.6438232642019837,opth,2,False,mlp1,bce,msle
424,0.7840670859538784,0.018616083155090245,0.6666666666666666,0.7861635220125787,0.9988584474885844,0.8798391151332328,3.0,Primula.elatior,0.4528301886792452,opth,2,False,mlp1,bce,msle
425,0.7969874100719425,0.01106240596532636,0.75,0.6807553956834532,0.9986807387862797,0.8096256684491978,4.0,Primula.farinosa,0.4307553956834531,opth,2,False,mlp1,bce,msle
426,0.7526843082398638,0.24607093053257723,0.5641025641025641,0.7677677677677678,0.9376528117359413,0.8442487616951018,117.0,Primula.veris,0.331870331870332,opth,2,False,mlp1,bce,msle
427,0.7982677045177045,0.05643266378687421,0.4583333333333333,0.8278388278388278,0.9858233369683751,0.8999502239920358,24.0,Prunella.grandiflora,0.28617216117216104,opth,2,False,mlp1,bce,msle
428,0.7496806569343066,0.038179905204574684,0.55,0.7217153284671532,0.98875,0.8343881856540084,20.0,Prunella.laciniata,0.2717153284671534,opth,2,False,mlp1,bce,msle
429,0.7548514220886491,0.10174800507689141,0.8723404255319149,0.49859681945743684,0.9888682745825603,0.6629353233830846,47.0,Prunella.vulgaris,0.37093724498935177,opth,2,False,mlp1,bce,msle
430,0.7170711641299876,0.018173827004073453,0.5454545454545454,0.714027149321267,0.9937027707808564,0.8309636650868878,11.0,Prunus.spinosa,0.2594816947758125,opth,2,False,mlp1,bce,msle
431,0.7150568181818182,0.034773519338862344,0.1875,0.8672727272727273,0.9865563598759048,0.9230769230769231,16.0,Veronica.spicata,0.054772727272727195,opth,2,False,mlp1,bce,msle
432,0.8427506213753106,0.312419854763588,0.7843137254901961,0.7859154929577464,0.9870283018867925,0.8750653423941454,51.0,Pulsatilla.alpina,0.5702292184479425,opth,2,False,mlp1,bce,msle
433,0.8068283917340521,0.012783591122844922,0.6666666666666666,0.8688230008984726,0.9989669421487604,0.9293608841902932,3.0,Pulsatilla.halleri,0.5354896675651393,opth,2,False,mlp1,bce,msle
434,0.8705727585509007,0.0764171974270641,0.6111111111111112,0.8579234972677595,0.9926238145416227,0.920371275036639,18.0,Pulsatilla.vernalis,0.46903460837887057,opth,2,False,mlp1,bce,msle
435,0.4939298561151079,0.0042731168882318305,0.5,0.5143884892086331,0.9965156794425087,0.6785290628706999,4.0,Ranunculus.aconitifolius,0.014388489208633004,opth,2,False,mlp1,bce,msle
436,0.8369092776987513,0.5313429756418615,0.8552631578947368,0.6677927927927928,0.9472843450479234,0.7833553500660502,228.0,Ranunculus.acris,0.5230559506875296,opth,2,False,mlp1,bce,msle
437,0.8139336760244757,0.3984649048314869,0.7967914438502673,0.6781485468245425,0.9431137724550899,0.788979336255479,187.0,Ranunculus.bulbosus,0.47493999067480974,opth,2,False,mlp1,bce,msle
438,0.8174617461746175,0.03643558819528312,0.4,0.8298829882988299,0.9967567567567568,0.9056974459724951,5.0,Ranunculus.glacialis,0.2298829882988298,opth,2,False,mlp1,bce,msle
439,0.5558418137318046,0.008569770653526454,0.5714285714285714,0.6284941388638413,0.9957142857142857,0.7705914870093975,7.0,Ranunculus.gramineus,0.19992271029241282,opth,2,False,mlp1,bce,msle
440,0.8794551313348306,0.1646550960122387,0.8947368421052632,0.7439703153988868,0.9950372208436724,0.851380042462845,38.0,Ranunculus.kuepferi,0.6387071575041499,opth,2,False,mlp1,bce,msle
441,0.7734839158593373,0.09089834153811177,0.6470588235294118,0.6551410373066424,0.9917355371900827,0.7890410958904109,17.0,Ranunculus.montanus,0.3021998608360543,opth,2,False,mlp1,bce,msle
442,0.650030525030525,0.07241679316668595,0.5416666666666666,0.6501831501831502,0.984743411927878,0.7832322118036403,24.0,Ranunculus.serpens,0.19184981684981683,opth,2,False,mlp1,bce,msle
443,0.8784154275092937,0.3995181605020684,0.825,0.6533457249070632,0.9901408450704225,0.7872340425531915,40.0,Ranunculus.repens,0.4783457249070633,opth,2,False,mlp1,bce,msle
444,0.37675950883498055,0.002747732907993657,0.0,0.628032345013477,0.9957264957264957,0.7702479338842976,3.0,Reseda.lutea,-0.37196765498652296,opth,2,False,mlp1,bce,msle
445,0.7964251113628559,0.45973141354035363,0.7788018433179723,0.6729699666295884,0.9264931087289433,0.779639175257732,217.0,Rhinanthus.alectorolophus,0.4517718099475607,opth,2,False,mlp1,bce,msle
446,0.6417641764176418,0.009757552030628013,0.2,0.8793879387938794,0.9959225280326198,0.9340344168260039,5.0,Rhinanthus.glacialis,0.0793879387938794,opth,2,False,mlp1,bce,msle
447,0.6784087622903413,0.0809012839174782,0.5961538461538461,0.631578947368421,0.9696969696969697,0.7649402390438247,52.0,Rhinanthus.minor,0.22773279352226705,opth,2,False,mlp1,bce,msle
448,0.7586868231046932,0.03953699799827755,0.5,0.8167870036101083,0.9955995599559956,0.8973723351512147,8.0,Rhododendron.ferrugineum,0.31678700361010836,opth,2,False,mlp1,bce,msle
449,0.8248800664920118,0.5056690047768725,0.8497854077253219,0.695356738391846,0.9460708782742681,0.8015665796344648,233.0,Rumex.acetosa,0.5451421461171679,opth,2,False,mlp1,bce,msle
450,0.5462835775335775,0.030050874529808733,0.75,0.3415750915750916,0.9841688654353562,0.5071380013596193,24.0,Rumex.acetosella,0.0915750915750917,opth,2,False,mlp1,bce,msle
451,0.8064925899788286,0.0905308373790196,0.8076923076923077,0.5807339449541284,0.9921630094043887,0.7326388888888888,26.0,Rumex.crispus,0.38842625264643615,opth,2,False,mlp1,bce,msle
452,0.7947710184552289,0.2009376054369796,0.47368421052631576,0.8116883116883117,0.9776536312849162,0.8869741510390269,38.0,Rumex.obtusifolius,0.2853725222146275,opth,2,False,mlp1,bce,msle
453,0.6559674502712477,0.015335932678175672,0.1,0.9086799276672695,0.9911242603550295,0.9481132075471698,10.0,Rumex.scutatus,0.008679927667269549,opth,2,False,mlp1,bce,msle
454,0.9212614962858153,0.4500346463032684,0.7840909090909091,0.8647859922178989,0.9790748898678414,0.9183884297520661,88.0,Salix.herbacea,0.648876901308808,opth,2,False,mlp1,bce,msle
455,0.8628711355984083,0.1068101972914429,0.6666666666666666,0.8135904499540864,0.9899441340782122,0.8931451612903226,27.0,Salix.reticulata,0.480257116620753,opth,2,False,mlp1,bce,msle
456,0.8631675874769797,0.1301607732114877,0.6666666666666666,0.8278084714548803,0.988998899889989,0.9012531328320802,30.0,Salix.retusa,0.4944751381215471,opth,2,False,mlp1,bce,msle
457,0.8929136880487454,0.2493089503682901,0.7368421052631579,0.8304466727438469,0.9945414847161572,0.905116741182315,19.0,Salix.serpyllifolia,0.5672887780070046,opth,2,False,mlp1,bce,msle
458,0.8565975142510046,0.5440948358492329,0.9227642276422764,0.674712643678161,0.9686468646864687,0.7953929539295393,246.0,Salvia.pratensis,0.5974768713204375,opth,2,False,mlp1,bce,msle
459,0.7877541971501703,0.3724386256616731,0.9459459459459459,0.5436241610738255,0.9759036144578314,0.6982758620689655,222.0,Sanguisorba.minor,0.48957010701977133,opth,2,False,mlp1,bce,msle
460,0.7393884347562822,0.03000933800196912,0.6,0.6930063578564941,0.9921976592977894,0.8160427807486631,15.0,Sanguisorba.officinalis,0.2930063578564941,opth,2,False,mlp1,bce,msle
461,0.8053539019963702,0.04958896284582298,0.8571428571428571,0.6333938294010889,0.9971428571428571,0.7746947835738068,14.0,Saponaria.ocymoides,0.490536686543946,opth,2,False,mlp1,bce,msle
462,0.7679543686803214,0.03259685864275827,0.6428571428571429,0.7676950998185118,0.9941245593419507,0.8663594470046083,14.0,Saxifraga.aizoides,0.4105522426756547,opth,2,False,mlp1,bce,msle
463,0.6702244685595362,0.059481867545770784,0.6129032258064516,0.6046082949308755,0.9820359281437125,0.7484312606959498,31.0,Saxifraga.granulata,0.21751152073732705,opth,2,False,mlp1,bce,msle
464,0.7965644705370732,0.054270718670545164,0.5714285714285714,0.7735159817351598,0.9894859813084113,0.8682726806765761,21.0,Saxifraga.oppositifolia,0.3449445531637312,opth,2,False,mlp1,bce,msle
465,0.8379276715164301,0.183174602182927,0.6808510638297872,0.8147801683816651,0.9830699774266366,0.8910485933503837,47.0,Saxifraga.paniculata,0.4956312322114522,opth,2,False,mlp1,bce,msle
466,0.7050014974543276,0.009565111042943554,0.6666666666666666,0.7376460017969452,0.9987834549878345,0.8485788113695091,3.0,Saxifraga.tridactylites,0.4043126684636118,opth,2,False,mlp1,bce,msle
467,0.7476426371860835,0.11277135975948693,0.5918367346938775,0.7685098406747891,0.9761904761904762,0.8599895123230205,49.0,Scabiosa.columbaria,0.36034657536866677,opth,2,False,mlp1,bce,msle
468,0.7677956842392788,0.17930658166899605,0.6571428571428571,0.760038240917782,0.9706959706959707,0.8525469168900804,70.0,Scabiosa.lucida,0.4171810980606392,opth,2,False,mlp1,bce,msle
469,0.7974370503597122,0.27181739631336405,0.5,0.6888489208633094,0.9973958333333334,0.8148936170212766,4.0,Scabiosa.triandra,0.1888489208633093,opth,2,False,mlp1,bce,msle
470,0.8106606606606606,0.015474440262282719,1.0,0.6873873873873874,1.0,0.8147357180993059,6.0,Scorzonera.humilis,0.6873873873873872,opth,2,False,mlp1,bce,msle
471,0.6409269323671498,0.031281907434663817,0.6666666666666666,0.5751811594202898,0.9937402190923318,0.7286288009179576,12.0,Scorzonera.laciniata,0.24184782608695654,opth,2,False,mlp1,bce,msle
472,0.8325069188191883,0.10934937797862694,0.8125,0.7407749077490775,0.992583436341162,0.8483888008452193,32.0,Scutellaria.alpina,0.5532749077490775,opth,2,False,mlp1,bce,msle
473,0.7866177818515124,0.07498292819180821,0.48,0.851512373968836,0.9861995753715499,0.9139203148057059,25.0,Securigera.varia,0.3315123739688359,opth,2,False,mlp1,bce,msle
474,0.7694822888283379,0.04197103023028118,0.6666666666666666,0.7157129881925522,0.9936948297604036,0.8321013727560718,15.0,Sedum.acre,0.3823796548592189,opth,2,False,mlp1,bce,msle
475,0.708946742434254,0.09496398760193718,0.5428571428571428,0.7298797409805735,0.9801242236024845,0.8366914103923648,35.0,Sedum.album,0.27273688383771644,opth,2,False,mlp1,bce,msle
476,0.8897412650812471,0.09593106680247733,0.6153846153846154,0.8449682683590208,0.9946638207043756,0.9137254901960784,13.0,Sedum.atratum,0.46035288374363637,opth,2,False,mlp1,bce,msle
477,0.7829379562043796,0.054391768859463015,0.4,0.8594890510948905,0.9874213836477987,0.9190243902439025,20.0,Sedum.montanum,0.2594890510948904,opth,2,False,mlp1,bce,msle
478,0.5656070239176506,0.01677482471565123,0.2,0.8265213442325159,0.9869848156182213,0.8996539792387543,15.0,Sedum.rupestre,0.026521344232515842,opth,2,False,mlp1,bce,msle
479,0.6678276810265811,0.03249914512293768,0.76,0.541704857928506,0.9899497487437185,0.7002369668246445,25.0,Sedum.sexangulare,0.301704857928506,opth,2,False,mlp1,bce,msle
480,0.8485857664233577,0.25552465627303106,0.45,0.9251824817518248,0.9892682926829268,0.9561527581329562,20.0,Selaginella.selaginoides,0.3751824817518248,opth,2,False,mlp1,bce,msle
481,0.8408284361271181,0.3030710065618771,0.7176470588235294,0.8031037827352085,0.971830985915493,0.8794476898566118,85.0,Sempervivum.arachnoideum,0.5207508415587379,opth,2,False,mlp1,bce,msle
482,0.8583908980089394,0.211689047233702,0.8043478260869565,0.7738317757009345,0.989247311827957,0.8683796539066597,46.0,Sempervivum.montanum,0.5781796017878911,opth,2,False,mlp1,bce,msle
483,0.8197621225983531,0.13590984531471065,0.6086956521739131,0.8060384263494969,0.9898876404494382,0.8885526979324256,23.0,Sempervivum.tectorum,0.41473407852340993,opth,2,False,mlp1,bce,msle
484,0.8652343750000001,0.35670599654621293,0.6739130434782609,0.8486328125,0.9666295884315906,0.9037961518460739,92.0,Senecio.doronicum,0.5225458559782608,opth,2,False,mlp1,bce,msle
485,0.7956600361663653,0.03343833059369824,0.6,0.7251356238698011,0.9950372208436724,0.8389121338912134,10.0,Senecio.erucifolius,0.3251356238698011,opth,2,False,mlp1,bce,msle
486,0.8573069852941178,0.0821076855833337,0.9285714285714286,0.7398897058823529,0.9975216852540273,0.8496042216358839,28.0,Senecio.incanus,0.6684611344537816,opth,2,False,mlp1,bce,msle
487,0.8742060691601976,0.17347077892234591,1.0,0.563302752293578,1.0,0.7206572769953051,26.0,Senecio.jacobaea,0.5633027522935778,opth,2,False,mlp1,bce,msle
488,0.7583097889313611,0.09698842302831515,0.8636363636363636,0.45521023765996343,0.9940119760479041,0.6244514106583072,22.0,Serratula.tinctoria,0.31884660129632714,opth,2,False,mlp1,bce,msle
489,0.8106402164111812,0.038382665176564905,0.8571428571428571,0.6420198376916141,0.9985974754558204,0.7815587266739846,7.0,Seseli.annuum,0.4991626948344712,opth,2,False,mlp1,bce,msle
490,0.8642352356262653,0.48249423275011133,0.8206896551724138,0.7363542739443872,0.9649122807017544,0.8352803738317757,145.0,Sesleria.caerulea,0.557043929116801,opth,2,False,mlp1,bce,msle
491,0.7002737226277372,0.02977897391299628,0.55,0.718978102189781,0.9887076537013801,0.8325409403063919,20.0,Sherardia.arvensis,0.268978102189781,opth,2,False,mlp1,bce,msle
492,0.7558453237410072,0.009280390677617326,0.5,0.7850719424460432,0.9977142857142857,0.8787116255661802,4.0,Sideritis.hyssopifolia,0.2850719424460433,opth,2,False,mlp1,bce,msle
493,0.890625,0.19086372894892176,0.75,0.8108856088560885,0.9909808342728298,0.8919330289193302,32.0,Silaum.silaus,0.5608856088560885,opth,2,False,mlp1,bce,msle
494,0.9006553802913093,0.3140541921557119,0.8493150684931506,0.8187919463087249,0.9872832369942196,0.8951781970649895,73.0,Silene.acaulis,0.6681070148018755,opth,2,False,mlp1,bce,msle
495,0.7309749074454956,0.026406421964303962,0.6363636363636364,0.7384615384615385,0.9951219512195122,0.8477922077922078,11.0,Silene.dioica,0.37482517482517475,opth,2,False,mlp1,bce,msle
496,0.9141251815346523,0.3347916149781538,0.7948717948717948,0.8337975858867224,0.9911699779249448,0.9056984367120524,39.0,Silene.flos.cuculi,0.6286693807585171,opth,2,False,mlp1,bce,msle
497,0.7852622061482821,0.05591192517215296,0.3,0.891500904159132,0.9929506545820745,0.9394949976179133,10.0,Silene.flos.jovis,0.191500904159132,opth,2,False,mlp1,bce,msle
498,0.8029613665389527,0.21038131907870447,0.7222222222222222,0.7136015325670498,0.9738562091503268,0.8236594803758983,72.0,Silene.nutans,0.43582375478927204,opth,2,False,mlp1,bce,msle
499,0.827395869682454,0.11719409129005325,0.5172413793103449,0.9015639374425023,0.9859154929577465,0.9418548774627583,29.0,Silene.otites,0.41880531675284716,opth,2,False,mlp1,bce,msle
500,0.7985191279308927,0.041613039609376797,0.7272727272727273,0.7167420814479638,0.9962264150943396,0.8336842105263158,11.0,Silene.rupestris,0.444014808720691,opth,2,False,mlp1,bce,msle
501,0.7310213647634252,0.29793039472191163,0.7457627118644068,0.5450901803607214,0.9477351916376306,0.6921119592875318,118.0,Silene.vulgaris,0.2908528922251281,opth,2,False,mlp1,bce,msle
502,0.4414495357891584,0.004244487023124794,0.3333333333333333,0.8616352201257862,0.9979188345473465,0.9247830279652844,3.0,Sinapis.arvensis,0.19496855345911945,opth,2,False,mlp1,bce,msle
503,0.8338676902235267,0.26405200872607004,0.8023255813953488,0.7378640776699029,0.9781209781209781,0.8411732152739347,86.0,Soldanella.alpina,0.5401896590652517,opth,2,False,mlp1,bce,msle
504,0.733138489208633,0.008197731263087038,0.5,0.8012589928057554,0.9977603583426652,0.8887780548628429,4.0,Solidago.gigantea,0.3012589928057554,opth,2,False,mlp1,bce,msle
505,0.7895961442579358,0.06171395816268352,0.45454545454545453,0.8592321755027422,0.9873949579831933,0.9188660801564027,22.0,Solidago.virgaurea,0.3137776300481967,opth,2,False,mlp1,bce,msle
506,0.6497499456403566,0.02915675913619312,0.6666666666666666,0.5589041095890411,0.9886914378029079,0.7141190198366394,21.0,Stachys.officinalis,0.22557077625570776,opth,2,False,mlp1,bce,msle
507,0.7961951022060312,0.06521747108449469,0.7777777777777778,0.7449908925318761,0.9951338199513382,0.8520833333333333,18.0,Stachys.pradica,0.5227686703096539,opth,2,False,mlp1,bce,msle
508,0.7758718190386428,0.19508278275848867,0.6,0.8105560791705938,0.9750566893424036,0.885229027277406,55.0,Stachys.recta,0.4105560791705938,opth,2,False,mlp1,bce,msle
509,0.8055081407563025,0.1077543602051248,0.7857142857142857,0.6222426470588235,0.9912152269399708,0.7645398080180689,28.0,Stellaria.graminea,0.4079569327731092,opth,2,False,mlp1,bce,msle
510,0.7405405405405405,0.012634029110519392,0.3333333333333333,0.8495495495495495,0.9957761351636748,0.9168692270296548,6.0,Stipa.capillata,0.1828828828828828,opth,2,False,mlp1,bce,msle
511,0.8521554341226472,0.11067081401701684,0.5555555555555556,0.924408014571949,0.9921798631476051,0.9570957095709571,18.0,Stipa.eriocaulis,0.47996357012750446,opth,2,False,mlp1,bce,msle
512,0.8217627021062227,0.05398850224673972,0.8947368421052632,0.6700091157702825,0.9972862957937585,0.8015267175572519,19.0,Succisa.pratensis,0.5647459578755458,opth,2,False,mlp1,bce,msle
513,0.778376759508835,0.01747923968630414,0.6666666666666666,0.6460017969451932,0.9986111111111111,0.784506273867976,3.0,Symphytum.officinale,0.31266846361185996,opth,2,False,mlp1,bce,msle
514,0.8402394106813996,0.11292896811611153,0.5666666666666667,0.8535911602209945,0.9861702127659574,0.9151036525172754,30.0,Taraxacum.alpinum,0.4202578268876611,opth,2,False,mlp1,bce,msle
515,0.7925161425738636,0.4060955720654449,0.8477157360406091,0.6137105549510338,0.9494949494949495,0.7455386649041639,197.0,Taraxacum.officinale,0.4614262909916429,opth,2,False,mlp1,bce,msle
516,0.5526079136690647,0.015760404671204178,0.5,0.8669064748201439,0.9979296066252588,0.9278152069297402,4.0,Tephroseris.integrifolia,0.3669064748201438,opth,2,False,mlp1,bce,msle
517,0.6262353998203055,0.00602701244540075,0.3333333333333333,0.8831985624438454,0.9979695431472081,0.9370829361296473,3.0,Teucrium.botrys,0.21653189577717868,opth,2,False,mlp1,bce,msle
518,0.8128483220400144,0.2840320065350551,0.7040816326530612,0.7347740667976425,0.9626769626769627,0.8334261838440111,98.0,Teucrium.chamaedrys,0.4388556994507038,opth,2,False,mlp1,bce,msle
519,0.775998437652573,0.11215754590147442,0.47368421052631576,0.8552875695732839,0.9787685774946921,0.9128712871287129,38.0,Teucrium.montanum,0.3289717800995997,opth,2,False,mlp1,bce,msle
520,0.8218472240113359,0.02355275383199005,0.7142857142857143,0.7069431920649234,0.9974554707379135,0.8274406332453826,7.0,Thalictrum.alpinum,0.4212289063506378,opth,2,False,mlp1,bce,msle
521,0.8473967684021544,0.010634481344813448,1.0,0.5763016157989228,1.0,0.7312072892938497,2.0,Thalictrum.aquilegiifolium,0.5763016157989229,opth,2,False,mlp1,bce,msle
522,0.7867044907134828,0.10528838731503672,0.8823529411764706,0.5750682438580528,0.9968454258675079,0.7293710328909405,17.0,Thalictrum.minus,0.45742118503452334,opth,2,False,mlp1,bce,msle
523,0.6169064748201438,0.00923897203453073,0.5,0.5503597122302158,0.996742671009772,0.709154113557358,4.0,Thalictrum.simplex,0.05035971223021596,opth,2,False,mlp1,bce,msle
524,0.7959743824336688,0.10490089721934329,0.6521739130434783,0.7923147301006405,0.9908466819221968,0.8805287239450941,23.0,Thesium.alpinum,0.4444886431441186,opth,2,False,mlp1,bce,msle
525,0.7243907942238267,0.01738430098402665,0.625,0.6976534296028881,0.9961340206185567,0.8205944798301487,8.0,Thesium.linophyllon,0.32265342960288823,opth,2,False,mlp1,bce,msle
526,0.6484657039711191,0.011616306872950094,0.25,0.7391696750902527,0.9927272727272727,0.8473874806001035,8.0,Thesium.pyrenaicum,-0.010830324909747335,opth,2,False,mlp1,bce,msle
527,0.6880610412926391,0.005774418343261773,0.5,0.7899461400359067,0.9988649262202043,0.8822055137844611,2.0,Tofieldia.calyculata,0.2899461400359067,opth,2,False,mlp1,bce,msle
528,0.7451489169675091,0.021766156556949558,0.375,0.8492779783393501,0.9947145877378436,0.9162609542356378,8.0,Tragopogon.dubius,0.22427797833935026,opth,2,False,mlp1,bce,msle
529,0.8304320987654321,0.4712537147516362,0.8703703703703703,0.6422222222222222,0.9537953795379538,0.7675962815405046,216.0,Tragopogon.pratensis,0.5125925925925925,opth,2,False,mlp1,bce,msle
530,0.8615909090909092,0.17105920980496714,0.75,0.8118181818181818,0.9955406911928651,0.8943415122684026,16.0,Traunsteinera.globosa,0.5618181818181818,opth,2,False,mlp1,bce,msle
531,0.7831916616069622,0.06737791303156371,0.6111111111111112,0.7969034608378871,0.9920634920634921,0.8838383838383839,18.0,Trifolium.alpestre,0.40801457194899826,opth,2,False,mlp1,bce,msle
532,0.8642961185845257,0.2317770278382299,0.8727272727272727,0.7210179076343073,0.9909326424870466,0.8346972176759411,55.0,Trifolium.alpinum,0.5937451803615801,opth,2,False,mlp1,bce,msle
533,0.6415909090909091,0.02355409980252364,0.4375,0.7845454545454545,0.9896788990825688,0.8752535496957403,16.0,Trifolium.arvense,0.22204545454545466,opth,2,False,mlp1,bce,msle
534,0.6486486486486487,0.009386909651943835,0.5,0.6243243243243243,0.9956896551724138,0.7674418604651163,6.0,Trifolium.aureum,0.12432432432432439,opth,2,False,mlp1,bce,msle
535,0.7283261183261184,0.12766304378066878,0.5909090909090909,0.7657142857142857,0.9675090252707581,0.8548644338118022,66.0,Trifolium.badium,0.3566233766233766,opth,2,False,mlp1,bce,msle
536,0.7115315084150737,0.158541194063245,0.6626506024096386,0.6456921587608906,0.9597122302158273,0.7719907407407407,83.0,Trifolium.campestre,0.30834276117052917,opth,2,False,mlp1,bce,msle
537,0.8436011705525697,0.20474885198046164,0.8367346938775511,0.6672914714151827,0.9888888888888889,0.7968662562954673,49.0,Trifolium.dubium,0.5040261652927338,opth,2,False,mlp1,bce,msle
538,0.7874548736462094,0.14554558022640732,0.75,0.7364620938628159,0.9975550122249389,0.8473520249221184,8.0,Trifolium.medium,0.4864620938628159,opth,2,False,mlp1,bce,msle
539,0.7745556127114769,0.30268998968536154,0.7291666666666666,0.6954732510288066,0.9454545454545454,0.8014226437462952,144.0,Trifolium.montanum,0.4246399176954734,opth,2,False,mlp1,bce,msle
540,0.6638813200121102,0.02147586948689683,0.7333333333333333,0.49954586739327883,0.9927797833935018,0.6646525679758308,15.0,Trifolium.ochroleucon,0.23287920072661206,opth,2,False,mlp1,bce,msle
541,0.7206492248062016,0.6581689216763198,0.7558139534883721,0.5583333333333333,0.7266811279826464,0.6314797360980208,516.0,Trifolium.pratense,0.31414728682170545,opth,2,False,mlp1,bce,msle
542,0.7429744063730991,0.3524316074375677,0.8333333333333334,0.5294117647058824,0.9364161849710982,0.6764091858037579,198.0,Trifolium.repens,0.36274509803921573,opth,2,False,mlp1,bce,msle
543,0.7808003597122302,0.04438898605565272,1.0,0.37949640287769787,1.0,0.5501955671447197,4.0,Trifolium.rubens,0.3794964028776979,opth,2,False,mlp1,bce,msle
544,0.7760791366906474,0.018097762772722924,0.5,0.814748201438849,0.9977973568281938,0.897029702970297,4.0,Trifolium.scabrum,0.31474820143884896,opth,2,False,mlp1,bce,msle
545,0.6986687725631768,0.03208054749494873,0.25,0.8474729241877257,0.9936507936507937,0.9147588894301023,8.0,Trifolium.striatum,0.09747292418772568,opth,2,False,mlp1,bce,msle
546,0.8765698169433802,0.2269810294799299,0.9305555555555556,0.7509578544061303,0.9936628643852978,0.8554282596835788,72.0,Trifolium.thalii,0.6815134099616857,opth,2,False,mlp1,bce,msle
547,0.6945341328413284,0.09248237053998953,0.5,0.8560885608856088,0.9830508474576272,0.9151873767258383,32.0,Trinia.glauca,0.3560885608856088,opth,2,False,mlp1,bce,msle
548,0.6810694945848376,0.012279509047244515,0.75,0.5911552346570397,0.9969558599695586,0.7422096317280453,8.0,Trisetum.distichophyllum,0.3411552346570397,opth,2,False,mlp1,bce,msle
549,0.7895766667346066,0.5427838688911697,0.7574750830564784,0.6760736196319018,0.8830128205128205,0.7658095899930507,301.0,Trisetum.flavescens,0.4335487026883802,opth,2,False,mlp1,bce,msle
550,0.7619561756848414,0.23389935726861705,0.7246376811594203,0.6657115568290354,0.973463687150838,0.7906976744186046,69.0,Trollius.europaeus,0.39034923798845567,opth,2,False,mlp1,bce,msle
551,0.6322252171308775,0.004954787423271217,0.6666666666666666,0.46900269541778977,0.9980879541108987,0.6381418092909535,3.0,Turritis.glabra,0.13566936208445646,opth,2,False,mlp1,bce,msle
552,0.6604914111763427,0.040119617206632534,0.42857142857142855,0.7890410958904109,0.9863013698630136,0.8767123287671232,21.0,Tussilago.farfara,0.21761252446183943,opth,2,False,mlp1,bce,msle
553,0.7483193444448865,0.08478663884814897,0.2608695652173913,0.9158279963403476,0.9833005893909627,0.9483657034580767,23.0,Urtica.dioica,0.17669756155773886,opth,2,False,mlp1,bce,msle
554,0.6424079065588499,0.008836826328839108,0.3333333333333333,0.5867026055705301,0.9969465648854962,0.7386877828054299,3.0,Valeriana.dioica,-0.07996406109613652,opth,2,False,mlp1,bce,msle
555,0.7551942186088527,0.041711151732789935,0.4444444444444444,0.8021680216802168,0.9944008958566629,0.888,9.0,Valeriana.montana,0.24661246612466137,opth,2,False,mlp1,bce,msle
556,0.7134828453674463,0.03584957995984264,0.7647058823529411,0.5941765241128298,0.9939117199391172,0.7437357630979499,17.0,Valeriana.officinalis,0.35888240646577096,opth,2,False,mlp1,bce,msle
557,0.7830485611510791,0.009814242996061179,0.5,0.7877697841726619,0.9977220956719818,0.8804020100502512,4.0,Valerianella.dentata,0.28776978417266186,opth,2,False,mlp1,bce,msle
558,0.7873912163529649,0.04673985982242762,0.7777777777777778,0.674863387978142,0.9946308724832215,0.8041237113402062,18.0,Valerianella.locusta,0.45264116575591995,opth,2,False,mlp1,bce,msle
559,0.706711425374378,0.13782919868148868,0.5128205128205128,0.8235840297121634,0.9790286975717439,0.8946041351487645,39.0,Veratrum.album,0.33640454253267604,opth,2,False,mlp1,bce,msle
560,0.7869244935543278,0.07194455757034242,0.8333333333333334,0.6224677716390423,0.9926578560939795,0.7651386530843237,30.0,Verbascum.lychnitis,0.4558011049723758,opth,2,False,mlp1,bce,msle
561,0.683572710951526,0.0041161749209694416,0.5,0.7271095152603232,0.998766954377312,0.8415584415584415,2.0,Verbascum.nigrum,0.2271095152603233,opth,2,False,mlp1,bce,msle
562,0.6954785521061445,0.022858362040366002,0.7142857142857143,0.5193868349864743,0.9965397923875432,0.6828689982216953,7.0,Verbascum.thapsus,0.2336725492721885,opth,2,False,mlp1,bce,msle
563,0.7109671894235401,0.04554879454070345,0.6470588235294118,0.5814376706096451,0.9906976744186047,0.7327981651376146,17.0,Verbena.officinalis,0.22849649413905704,opth,2,False,mlp1,bce,msle
564,0.9012851649463671,0.17532296962202124,0.7222222222222222,0.8360655737704918,0.9945828819068255,0.9084611578426521,18.0,Veronica.aphylla,0.5582877959927139,opth,2,False,mlp1,bce,msle
565,0.788149009962961,0.30539091023268833,0.7913669064748201,0.6427840327533265,0.9558599695585996,0.7686658506731946,139.0,Veronica.arvensis,0.4341509392281466,opth,2,False,mlp1,bce,msle
566,0.8116981952598391,0.09638896133792264,0.5238095238095238,0.8082191780821918,0.9888268156424581,0.8894472361809045,21.0,Veronica.bellidioides,0.3320287018917156,opth,2,False,mlp1,bce,msle
567,0.7834244500911168,0.2662792455016842,0.8290598290598291,0.5825825825825826,0.9667774086378738,0.7270455965021861,117.0,Veronica.chamaedrys,0.4116424116424118,opth,2,False,mlp1,bce,msle
568,0.7997533712558177,0.052450523895193876,0.8260869565217391,0.6724611161939615,0.9945872801082544,0.8024017467248908,23.0,Veronica.fruticans,0.49854807271570056,opth,2,False,mlp1,bce,msle
569,0.7551569506726458,0.0036496350364963502,1.0,0.5829596412556054,1.0,0.7365439093484419,1.0,Veronica.fruticulosa,0.5829596412556053,opth,2,False,mlp1,bce,msle
570,0.7557057057057057,0.017085704664692163,0.6666666666666666,0.7261261261261261,0.9975247524752475,0.8404588112617309,6.0,Veronica.officinalis,0.3927927927927928,opth,2,False,mlp1,bce,msle
571,0.7833029197080292,0.05049615280740274,0.8,0.5638686131386861,0.9935691318327974,0.719441210710128,20.0,Veronica.persica,0.3638686131386861,opth,2,False,mlp1,bce,msle
572,0.47653409090909093,0.017532421997666747,0.5625,0.3381818181818182,0.9815303430079155,0.5030425963488844,16.0,Veronica.serpyllifolia,-0.09931818181818186,opth,2,False,mlp1,bce,msle
573,0.805918662373125,0.31637461207272777,0.8796992481203008,0.612410986775178,0.9741100323624595,0.7520299812617114,133.0,Vicia.cracca,0.4921102348954789,opth,2,False,mlp1,bce,msle
574,0.8402259551062881,0.16480689736491716,0.6129032258064516,0.8092165898617512,0.9865168539325843,0.8891139240506329,31.0,Vicia.hirsuta,0.42211981566820267,opth,2,False,mlp1,bce,msle
575,0.7656814079422383,0.026491819504337363,0.25,0.9196750902527075,0.9941463414634146,0.9554617909048289,8.0,Vicia.onobrychioides,0.16967509025270755,opth,2,False,mlp1,bce,msle
576,0.7902197078312085,0.2776486635665643,0.5038167938931297,0.833502538071066,0.9266365688487584,0.877605558524853,131.0,Vicia.sativa,0.3373193319641956,opth,2,False,mlp1,bce,msle
577,0.7376721023337566,0.11399372819027587,0.5263157894736842,0.7662337662337663,0.9786729857819905,0.8595213319458896,38.0,Vicia.sepium,0.29254955570745045,opth,2,False,mlp1,bce,msle
578,0.8275629496402878,0.01609252840798696,0.75,0.7931654676258992,0.9988674971687429,0.8842105263157894,4.0,Vicia.tetrasperma,0.5431654676258992,opth,2,False,mlp1,bce,msle
579,0.6182310469314078,0.016099143893166783,0.5,0.7572202166064982,0.9952550415183867,0.8600717580727832,8.0,Vincetoxicum.hirundinaria,0.2572202166064983,opth,2,False,mlp1,bce,msle
580,0.3850987432675045,0.002160924034064832,0.0,0.49012567324955114,0.9963503649635036,0.6570397111913358,2.0,Viola.arvensis,-0.5098743267504489,opth,2,False,mlp1,bce,msle
581,0.6373873873873874,0.013326665446282988,0.16666666666666666,0.9144144144144144,0.9950980392156863,0.9530516431924883,6.0,Viola.biflora,0.08108108108108114,opth,2,False,mlp1,bce,msle
582,0.8066280033140016,0.12046215808878047,0.5490196078431373,0.812206572769953,0.9740990990990991,0.8858166922683052,51.0,Viola.calcarata,0.3612261806130903,opth,2,False,mlp1,bce,msle
583,0.6845742492801317,0.019738684707488435,0.45454545454545453,0.6941176470588235,0.9922380336351876,0.8168264110756124,11.0,Viola.hirta,0.1486631016042781,opth,2,False,mlp1,bce,msle
584,0.17468525179856115,0.0025854023159764127,0.0,0.7059352517985612,0.9949302915082383,0.8258811152025249,4.0,Viola.rupestris,-0.2940647482014388,opth,2,False,mlp1,bce,msle
585,0.7032374100719425,0.00809808340768093,0.75,0.414568345323741,0.9978354978354979,0.5857687420584498,4.0,Vulpia.myuros,0.16456834532374098,opth,2,False,mlp1,bce,msle
586,0.908273381294964,0.02275335117468738,1.0,0.7005395683453237,1.0,0.8239026969857218,4.0,Athamanta.cretensis,0.7005395683453237,opth,2,False,mlp1,bce,msle
587,0.8643306379155435,0.026806026806026804,0.6666666666666666,0.7394429469901168,0.9987864077669902,0.8497676819824471,3.0,Bupleurum.baldense,0.40610961365678344,opth,2,False,mlp1,bce,msle
588,0.4904993844671627,0.04321834248311102,0.29411764705882354,0.7643312101910829,0.9859154929577465,0.8610968733982574,17.0,Imperatoria.ostruthium,0.05844885724990645,opth,2,False,mlp1,bce,msle
589,0.7288513843364252,0.027233772222746595,0.5384615384615384,0.6953762466001813,0.9922380336351876,0.8176972281449894,13.0,Laserpitium.gallicum,0.2338377850617197,opth,2,False,mlp1,bce,msle
590,0.8858685868586859,0.03619658357754798,0.8,0.7497749774977498,0.9988009592326139,0.8565552699228792,5.0,Oenanthe.silaifolia,0.5497749774977498,opth,2,False,mlp1,bce,msle
591,0.7758258258258258,0.027447774225259527,0.6666666666666666,0.8801801801801802,0.9979570990806946,0.935375777884155,6.0,Seseli.galloprovinciale,0.5468468468468468,opth,2,False,mlp1,bce,msle
592,0.6522911051212937,0.02262264183733279,0.6666666666666666,0.5741239892183289,0.9984375,0.7290359383913292,3.0,Torilis.leptophylla,0.24079065588499549,opth,2,False,mlp1,bce,msle
593,0.9246852517985611,0.04918101171612407,1.0,0.8435251798561151,1.0,0.9151219512195122,4.0,Achillea.ptarmica,0.843525179856115,opth,2,False,mlp1,bce,msle
594,0.5479820627802691,0.0019801980198019802,0.0,0.7802690582959642,0.9988518943742825,0.8761329305135952,1.0,Artemisia.alba,-0.21973094170403584,opth,2,False,mlp1,bce,msle
595,0.7133633633633634,0.020944851844105335,0.5,0.7324324324324324,0.9963235294117647,0.8442367601246106,6.0,Bombycilaena.erecta,0.23243243243243228,opth,2,False,mlp1,bce,msle
596,0.5801138065289009,0.005714810902655786,0.6666666666666666,0.42138364779874216,0.997872340425532,0.5925457991156032,3.0,Cacalia.alliariae,0.08805031446540879,opth,2,False,mlp1,bce,msle
597,0.7101759927797834,0.03882132606885595,0.625,0.703971119133574,0.9961685823754789,0.8249603384452671,8.0,Cacalia.alpina,0.328971119133574,opth,2,False,mlp1,bce,msle
598,0.5924010791366907,0.005491819017502111,0.75,0.5350719424460432,0.9983221476510067,0.6967213114754098,4.0,Carduus.nigrescens,0.2850719424460433,opth,2,False,mlp1,bce,msle
599,0.7854727713910656,0.05969082776425894,0.2608695652173913,0.8700823421774931,0.9824380165289256,0.9228529839883551,23.0,Catananche.caerulea,0.13095190739488438,opth,2,False,mlp1,bce,msle
600,0.6798917944093779,0.01492391736520882,0.7142857142857143,0.654643823264202,0.9972527472527473,0.7904191616766467,7.0,Centaurea.alpestris,0.3689295375499162,opth,2,False,mlp1,bce,msle
601,0.7239772727272726,0.09943967974052537,0.625,0.6836363636363636,0.9920844327176781,0.8094725511302476,16.0,Centaurea.paniculata,0.3086363636363636,opth,2,False,mlp1,bce,msle
602,0.7677120938628159,0.022813364261222487,0.875,0.5279783393501805,0.9982935153583617,0.6906729634002361,8.0,Centaurea.triumfetti,0.40297833935018046,opth,2,False,mlp1,bce,msle
603,0.8400628976286871,0.25835844325882734,0.8076923076923077,0.775375939849624,0.9880239520958084,0.8688783570300158,52.0,Centaurea.uniflora,0.5830682475419318,opth,2,False,mlp1,bce,msle
604,0.6532853285328533,0.007697710395834757,0.2,0.7686768676867687,0.9953379953379954,0.867445403758253,5.0,Cirsium.ferox,-0.03132313231323125,opth,2,False,mlp1,bce,msle
605,0.8155193236714975,0.0779031308853224,0.5833333333333334,0.8278985507246377,0.9945593035908596,0.9036085022244191,12.0,Cirsium.morisianum,0.4112318840579712,opth,2,False,mlp1,bce,msle
606,0.8647147147147148,0.046920633480481304,0.8333333333333334,0.7261261261261261,0.9987608426270136,0.8408972352634324,6.0,Cirsium.rivulare,0.5594594594594595,opth,2,False,mlp1,bce,msle
607,0.6766876687668767,0.011629274936937118,0.6,0.639063906390639,0.9971910112359551,0.7789358200767965,5.0,Crepis.albida,0.239063906390639,opth,2,False,mlp1,bce,msle
608,0.8332578502415459,0.08982247388195218,0.9166666666666666,0.5507246376811594,0.9983579638752053,0.7098657326328079,12.0,Crepis.nicaeensis,0.46739130434782616,opth,2,False,mlp1,bce,msle
609,0.7576957695769577,0.029283082671746955,0.6,0.8208820882088209,0.9978118161925602,0.9007407407407407,5.0,Doronicum.grandiflorum,0.4208820882088209,opth,2,False,mlp1,bce,msle
610,0.7323541541096976,0.053409434419039795,0.6896551724137931,0.6918123275068997,0.988173455978975,0.8138528138528138,29.0,Echinops.ritro,0.38146749992069284,opth,2,False,mlp1,bce,msle
611,0.8904847396768403,0.01199712643678161,1.0,0.7351885098743267,1.0,0.8473874806001035,2.0,Erigeron.atticus,0.7351885098743267,opth,2,False,mlp1,bce,msle
612,0.7823159784560143,0.008629841963175296,0.5,0.6921005385996409,0.9987046632124352,0.8176033934252386,2.0,Filago.vulgaris,0.19210053859964082,opth,2,False,mlp1,bce,msle
613,0.6759508834980533,0.005438460855334921,0.0,0.8032345013477089,0.9966555183946488,0.8895522388059701,3.0,Helichrysum.stoechas,-0.1967654986522911,opth,2,False,mlp1,bce,msle
614,0.9564631956912029,0.03132588635259835,1.0,0.8348294434470377,1.0,0.9099804305283757,2.0,Hieracium.glanduliferum,0.8348294434470378,opth,2,False,mlp1,bce,msle
615,0.7956664775950085,0.10090152056749938,0.6097560975609756,0.7711627906976745,0.9810650887573964,0.8635416666666667,41.0,Pilosella.peleteriana,0.38091888825865006,opth,2,False,mlp1,bce,msle
616,0.6994121991440971,0.13864155452048496,0.6701030927835051,0.6683022571148185,0.9551192145862553,0.7863741339491916,97.0,Pilosella.officinarum,0.3384053498983235,opth,2,False,mlp1,bce,msle
617,0.8775736751684948,0.33446350055967966,0.7428571428571429,0.8538390379278445,0.990343347639485,0.9170392449080974,35.0,Hieracium.rionii,0.5966961807849875,opth,2,False,mlp1,bce,msle
618,0.8951550990766677,0.2513015562346549,0.7111111111111111,0.880485527544351,0.9864016736401674,0.9304390725209669,45.0,Pilosella.corymbuloides,0.5915966386554623,opth,2,False,mlp1,bce,msle
619,0.7499095840867993,0.02843662602030258,0.4,0.8544303797468354,0.9936908517350158,0.9188138065143413,10.0,Inula.montana,0.25443037974683547,opth,2,False,mlp1,bce,msle
620,0.8610243958839172,0.3232914893116473,0.6666666666666666,0.8387096774193549,0.9651293588301463,0.897489539748954,93.0,Leontodon.pyrenaicus,0.5053763440860215,opth,2,False,mlp1,bce,msle
621,0.8340337711069419,0.20719215748526934,0.66,0.8452157598499062,0.9814814814814815,0.9082661290322581,50.0,Leucanthemum.adustum,0.5052157598499063,opth,2,False,mlp1,bce,msle
622,0.8750200717229567,0.1088562353048843,0.5882352941176471,0.8616924476797089,0.9926624737945493,0.922552362396493,17.0,Leucanthemum.atratum,0.44992774179735595,opth,2,False,mlp1,bce,msle
623,0.9215148659069488,0.3063508476970897,0.6727272727272727,0.885956644674835,0.9812108559498957,0.9311540366518078,55.0,Omalotheca.supina,0.5586839174021079,opth,2,False,mlp1,bce,msle
624,0.7915915915915916,0.015729549894139824,0.16666666666666666,0.8981981981981982,0.9950099800399201,0.9441287878787878,6.0,Omalotheca.sylvatica,0.06486486486486487,opth,2,False,mlp1,bce,msle
625,0.8191075172207247,0.013649932668493563,0.6666666666666666,0.8032345013477089,0.9988826815642458,0.8904382470119522,3.0,Pulicaria.dysenterica,0.4699011680143754,opth,2,False,mlp1,bce,msle
626,0.7984026793765298,0.033270428753423856,0.8571428571428571,0.6239855725879171,0.9985569985569985,0.7680355160932297,7.0,Scorzonera.hispanica,0.4811284297307741,opth,2,False,mlp1,bce,msle
627,0.915915915915916,0.053595050998789834,1.0,0.7756756756756756,1.0,0.8736681887366818,6.0,Senecio.aquaticus,0.7756756756756755,opth,2,False,mlp1,bce,msle
628,0.5408438061041293,0.0031401676362707437,0.0,0.9631956912028725,0.998139534883721,0.9803563270899954,2.0,Senecio.vulgaris,-0.03680430879712748,opth,2,False,mlp1,bce,msle
629,0.8693592057761732,0.09216228982746466,0.75,0.8185920577617328,0.9977997799779978,0.8993554784333168,8.0,Serratula.lycopifolia,0.5685920577617329,opth,2,False,mlp1,bce,msle
630,0.5636241007194245,0.006058078279318081,0.5,0.6519784172661871,0.9972489683631361,0.7884719956498096,4.0,Serratula.nudicaulis,0.1519784172661871,opth,2,False,mlp1,bce,msle
631,0.8382220216606497,0.09278330856798597,0.875,0.7211191335740073,0.99875,0.8375262054507338,8.0,Sonchus.asper,0.5961191335740073,opth,2,False,mlp1,bce,msle
632,0.6036646169187303,0.025907747054237387,0.13636363636363635,0.840036563071298,0.9797441364605544,0.9045275590551181,22.0,Taraxacum.erythrospermum,-0.02359980056506561,opth,2,False,mlp1,bce,msle
633,0.8640311470500149,0.012627865961199294,0.6666666666666666,0.862533692722372,0.9989594172736732,0.9257473481195757,3.0,Taraxacum.palustre,0.5292003593890386,opth,2,False,mlp1,bce,msle
634,0.8259250902527077,0.025651884495383172,0.75,0.7671480144404332,0.9976525821596244,0.8673469387755102,8.0,Tolpis.staticifolia,0.5171480144404332,opth,2,False,mlp1,bce,msle
635,0.5416741674167417,0.005955438485074618,0.2,0.7038703870387039,0.9949109414758269,0.8244596731681603,5.0,Tragopogon.crocifolius,-0.09612961296129607,opth,2,False,mlp1,bce,msle
636,0.8723540145985402,0.18382463881989147,0.85,0.7317518248175182,0.9962732919254659,0.8437664387164651,20.0,Cerinthe.minor,0.5817518248175182,opth,2,False,mlp1,bce,msle
637,0.8994614003590664,0.0135122838944495,1.0,0.4533213644524237,1.0,0.6238418777022854,2.0,Cynoglossum.officinale,0.45332136445242366,opth,2,False,mlp1,bce,msle
638,0.6926708633093526,0.01217072388538357,1.0,0.37050359712230213,1.0,0.5406824146981627,4.0,Lithospermum.arvense,0.3705035971223021,opth,2,False,mlp1,bce,msle
639,0.7406818181818182,0.0435015016412727,1.0,0.4672727272727273,1.0,0.6369268897149938,16.0,Myosotis.decumbens,0.4672727272727273,opth,2,False,mlp1,bce,msle
640,0.7270927092709271,0.012592430596596675,0.8,0.7542754275427542,0.99880810488677,0.8594871794871795,5.0,Myosotis.discolor,0.5542754275427542,opth,2,False,mlp1,bce,msle
641,0.9215121512151214,0.03262171553327151,1.0,0.7938793879387939,1.0,0.88509784244857,5.0,Pulmonaria.angustifolia,0.793879387938794,opth,2,False,mlp1,bce,msle
642,0.9239293201557351,0.03335500867013472,1.0,0.8580413297394429,1.0,0.9235976789168279,3.0,Alyssum.alpestre,0.8580413297394429,opth,2,False,mlp1,bce,msle
643,0.6133633633633633,0.010049286096092392,0.16666666666666666,0.8279279279279279,0.9945887445887446,0.9036381514257621,6.0,Alyssum.montanum,-0.005405405405405461,opth,2,False,mlp1,bce,msle
644,0.7765287769784173,0.010263177901129461,0.75,0.6429856115107914,0.9986033519553073,0.7822757111597374,4.0,Arabis.alpina,0.39298561151079126,opth,2,False,mlp1,bce,msle
645,0.3637589928057554,0.0033325986952362483,0.0,0.6879496402877698,0.9947984395318595,0.8133971291866029,4.0,Arabis.auriculata,-0.31205035971223016,opth,2,False,mlp1,bce,msle
646,0.7806306306306305,0.016833159930452608,0.6666666666666666,0.7243243243243244,0.9975186104218362,0.8392484342379958,6.0,Cardamine.bellidifolia,0.390990990990991,opth,2,False,mlp1,bce,msle
647,0.8338955162484574,0.042563891269623594,0.45454545454545453,0.8561085972850678,0.9936974789915967,0.9197860962566845,11.0,Cardamine.resedifolia,0.3106540518305223,opth,2,False,mlp1,bce,msle
648,,-0.0,0.0,0.49731182795698925,1.0,0.6642728904847397,0.0,Iberis.pinnata,-0.5026881720430108,opth,2,False,mlp1,bce,msle
649,0.7108884841125278,0.09141910319434529,0.6111111111111112,0.6320582877959927,0.9900142653352354,0.7715397443023903,18.0,Kandis.perfoliata,0.24316939890710376,opth,2,False,mlp1,bce,msle
650,0.8221513863590366,0.1548217291692913,0.7777777777777778,0.6074681238615665,0.9940387481371088,0.7540983606557377,18.0,Noccaea.brachypetala,0.38524590163934436,opth,2,False,mlp1,bce,msle
651,0.8175767148014441,0.022938370215442594,0.875,0.6868231046931408,0.9986876640419947,0.813903743315508,8.0,Pritzelago.alpina,0.5618231046931408,opth,2,False,mlp1,bce,msle
652,0.6427073974243785,0.025653108465608462,0.3333333333333333,0.903863432165319,0.998015873015873,0.9486091466289486,3.0,Sisymbrium.austriacum,0.2371967654986522,opth,2,False,mlp1,bce,msle
653,0.7408071748878924,0.0034482758620689655,0.0,0.7937219730941704,0.9988713318284425,0.8845577211394303,1.0,Campanula.alpestris,-0.20627802690582964,opth,2,False,mlp1,bce,msle
654,0.858547727056435,0.12997207781674566,0.5172413793103449,0.8546458141674333,0.985153764581124,0.9152709359605912,29.0,Phyteuma.globulariifolium,0.3718871934777783,opth,2,False,mlp1,bce,msle
655,0.7556057866184449,0.04154818908440822,0.6,0.7839059674502713,0.9954075774971297,0.8770864946889226,10.0,Phyteuma.michelii,0.3839059674502714,opth,2,False,mlp1,bce,msle
656,0.8503031093149077,0.3091823020733349,0.6724137931034483,0.8260869565217391,0.9787234042553191,0.8959507944643772,58.0,Arenaria.gothica,0.4985007496251874,opth,2,False,mlp1,bce,msle
657,0.9018062626403516,0.07361252643129104,0.46153846153846156,0.9211242067089755,0.9931573802541545,0.955785512699906,13.0,Cerastium.cerastoides,0.3826626682474372,opth,2,False,mlp1,bce,msle
658,0.8382076899788071,0.07453686470834724,0.7333333333333333,0.7665758401453224,0.9952830188679245,0.8660851718830169,15.0,Dianthus.hyssopifolius,0.4999091734786556,opth,2,False,mlp1,bce,msle
659,0.8699262620533181,0.1873454761767992,0.7560975609756098,0.813953488372093,0.9887005649717514,0.8928571428571429,41.0,Dianthus.pavonius,0.5700510493477027,opth,2,False,mlp1,bce,msle
660,0.7049864620938628,0.013900871550270647,0.875,0.4548736462093863,0.998019801980198,0.624922504649721,8.0,Minuartia.hybrida,0.3298736462093863,opth,2,False,mlp1,bce,msle
661,0.5447392086330936,0.00550534009426547,0.5,0.6312949640287769,0.9971590909090909,0.7731277533039648,4.0,Minuartia.rupestris,0.13129496402877683,opth,2,False,mlp1,bce,msle
662,0.9005050112656359,0.2481571762039596,0.6885245901639344,0.8635071090047394,0.9795698924731183,0.9178841309823678,61.0,Minuartia.sedoides,0.5520316991686738,opth,2,False,mlp1,bce,msle
663,0.8730967497959914,0.23049365380726844,0.7021276595744681,0.8185219831618334,0.984251968503937,0.8937691521961185,47.0,Sagina.glabra,0.5206496427363017,opth,2,False,mlp1,bce,msle
664,0.7944846292947558,0.02270410013424797,0.4,0.8200723327305606,0.9934282584884995,0.8984645864289252,10.0,Sagina.saginoides,0.22007233273056048,opth,2,False,mlp1,bce,msle
665,0.5700534759358289,0.021106951718864404,0.2727272727272727,0.6253393665158371,0.9885550786838341,0.7660753880266076,11.0,Silene.italica,-0.10193336075689019,opth,2,False,mlp1,bce,msle
666,0.7375774709144287,0.0662887420739658,0.7352941176470589,0.6469500924214417,0.9873060648801129,0.7816862088218872,34.0,Silene.latifolia,0.3822442100685006,opth,2,False,mlp1,bce,msle
667,0.652017937219731,0.002570694087403599,0.0,0.9121076233183857,0.9990176817288802,0.9535864978902954,1.0,Silene.suecica,-0.08789237668161431,opth,2,False,mlp1,bce,msle
668,0.5489612819651681,0.024219125275760492,0.5789473684210527,0.422971741112124,0.9830508474576272,0.591459528362014,19.0,Chenopodium.bonus.henricus,0.001919109533176755,opth,2,False,mlp1,bce,msle
669,0.7708632311372037,0.1292125475274152,0.6190476190476191,0.7497716894977169,0.9903498190591074,0.8534303534303534,21.0,Helianthemum.apenninum,0.36881930854533596,opth,2,False,mlp1,bce,msle
670,0.7449652777777777,0.1716923509316987,0.6166666666666667,0.7083333333333334,0.9701686121919585,0.8188286808976464,60.0,Helianthemum.oelandicum,0.3250000000000002,opth,2,False,mlp1,bce,msle
671,0.8770197486535009,0.012715678919729932,1.0,0.7271095152603232,1.0,0.841995841995842,2.0,Convolvulus.cantabricus,0.7271095152603233,opth,2,False,mlp1,bce,msle
672,0.8674854867341553,0.07856146934242828,0.9473684210526315,0.7082953509571559,0.9987146529562982,0.8288,19.0,Sedum.alpestre,0.6556637720097873,opth,2,False,mlp1,bce,msle
673,0.7085972850678732,0.022710736592427144,0.6363636363636364,0.7004524886877828,0.9948586118251928,0.8220924057355284,11.0,Sedum.anacampseros,0.3368161250514192,opth,2,False,mlp1,bce,msle
674,0.7676657584014532,0.0893443158594678,0.6,0.7729336966394187,0.9929988331388565,0.8692543411644535,15.0,Sedum.ochroleucum,0.3729336966394188,opth,2,False,mlp1,bce,msle
675,0.7382671480144405,0.019630414863667015,0.375,0.8249097472924187,0.9945593035908596,0.9018253576714356,8.0,Sedum.sediforme,0.19990974729241873,opth,2,False,mlp1,bce,msle
676,0.8781474820143885,0.035845475102430656,1.0,0.7329136690647482,1.0,0.8458744161909704,4.0,Sempervivum.calcareum,0.7329136690647482,opth,2,False,mlp1,bce,msle
677,0.8826438848920863,0.041489665809085044,0.5,0.8732014388489209,0.9979445015416238,0.9314148681055155,4.0,Euphorbia.esula,0.3732014388489209,opth,2,False,mlp1,bce,msle
678,0.8519759158751696,0.2368698705167495,0.7727272727272727,0.7761194029850746,0.9881235154394299,0.8693834900731452,44.0,Anthyllis.montana,0.5488466757123474,opth,2,False,mlp1,bce,msle
679,0.653003003003003,0.008550317357397686,0.0,0.8738738738738738,0.9938524590163934,0.9300095877277086,6.0,Argyrolobium.zanonii,-0.12612612612612617,opth,2,False,mlp1,bce,msle
680,0.8340435606060606,0.23052053429234484,0.6666666666666666,0.8106060606060606,0.9771689497716894,0.8861283643892339,60.0,Astragalus.danicus,0.47727272727272707,opth,2,False,mlp1,bce,msle
681,0.8461162551440329,0.18008415665433553,0.6944444444444444,0.7953703703703704,0.9873563218390805,0.8810256410256411,36.0,Astragalus.sempervirens,0.4898148148148147,opth,2,False,mlp1,bce,msle
682,0.47819244604316546,0.0041778750238482916,0.0,0.737410071942446,0.9951456310679612,0.8471074380165289,4.0,Astragalus.vesicarius,-0.262589928057554,opth,2,False,mlp1,bce,msle
683,0.688028802880288,0.010878519918001848,0.2,0.8874887488748875,0.9959595959595959,0.9386006663493575,5.0,Bituminaria.bituminosa,0.08748874887488745,opth,2,False,mlp1,bce,msle
684,0.5656930643380508,0.009595816645725702,0.2222222222222222,0.7208672086720868,0.991304347826087,0.8347280334728033,9.0,Dorycnium.pentaphyllum,-0.05691056910569103,opth,2,False,mlp1,bce,msle
685,0.725314183123878,0.004746222394420767,0.0,0.8105924596050269,0.9977900552486187,0.8945022288261516,2.0,Genista.cinerea,-0.1894075403949731,opth,2,False,mlp1,bce,msle
686,0.7814748201438849,0.039917119917119916,0.75,0.658273381294964,0.9986357435197817,0.7934959349593496,4.0,Lathyrus.hirsutus,0.40827338129496393,opth,2,False,mlp1,bce,msle
687,0.9197781385281384,0.6835168033646104,0.8645833333333334,0.8398268398268398,0.9675810473815462,0.899188876013905,192.0,Lotus.alpinus,0.7044101731601731,opth,2,False,mlp1,bce,msle
688,0.7453200483091789,0.10471544254061009,0.8333333333333334,0.6213768115942029,0.997093023255814,0.765625,12.0,Lotus.delortii,0.45471014492753614,opth,2,False,mlp1,bce,msle
689,0.77088948787062,0.007838575284229267,0.3333333333333333,0.7484276729559748,0.9976047904191617,0.8552361396303901,3.0,Lotus.pedunculatus,0.08176100628930816,opth,2,False,mlp1,bce,msle
690,0.843822141925123,0.04732425234546914,0.8888888888888888,0.5790424570912376,0.9984423676012462,0.7329902801600915,9.0,Medicago.arabica,0.4679313459801264,opth,2,False,mlp1,bce,msle
691,,-0.0,0.0,0.8718637992831542,1.0,0.9315461943513643,0.0,Melilotus.neapolitanus,-0.12813620071684584,opth,2,False,mlp1,bce,msle
692,0.825494432441416,0.06403631902233684,0.36363636363636365,0.8903107861060329,0.9858299595141701,0.9356388088376562,22.0,Ononis.cristata,0.2539471497423964,opth,2,False,mlp1,bce,msle
693,0.8999916902110685,0.17171760303736708,0.6818181818181818,0.8893967093235832,0.9928571428571429,0.9382835101253616,22.0,Oxytropis.lapponica,0.5712148911417649,opth,2,False,mlp1,bce,msle
694,0.748047229791099,0.03276637896349255,0.6666666666666666,0.6784741144414169,0.9933510638297872,0.8062601187263896,15.0,Trifolium.incarnatum,0.34514078110808355,opth,2,False,mlp1,bce,msle
695,0.8605113636363636,0.05795351089549079,0.875,0.75,0.9975816203143894,0.8562532433834976,16.0,Trifolium.pallescens,0.625,opth,2,False,mlp1,bce,msle
696,,-0.0,0.0,0.8548387096774194,1.0,0.9217391304347826,0.0,Vicia.pannonica,-0.14516129032258063,opth,2,False,mlp1,bce,msle
697,0.7138673253352152,0.04830047391403834,0.8461538461538461,0.5165137614678899,0.9929453262786596,0.6795413397706699,26.0,Vicia.tenuifolia,0.3626676076217361,opth,2,False,mlp1,bce,msle
698,0.8716032608695652,0.05694184497238168,0.6666666666666666,0.7889492753623188,0.9954285714285714,0.8802425467407782,12.0,Gentiana.angustifolia,0.45561594202898537,opth,2,False,mlp1,bce,msle
699,0.8582939441043048,0.10849181382010693,0.7931034482758621,0.795768169273229,0.9931113662456946,0.8835546475995915,29.0,Gentiana.brachyphylla,0.5888716175490911,opth,2,False,mlp1,bce,msle
700,0.7055505415162454,0.01265067849121314,0.125,0.8086642599277978,0.9922480620155039,0.8910989557434112,8.0,Gentiana.orbicularis,-0.06633574007220222,opth,2,False,mlp1,bce,msle
701,0.8060578661844484,0.027973428225292193,0.7,0.759493670886076,0.99644128113879,0.8619805028219599,10.0,Gentiana.rostanii,0.45949367088607596,opth,2,False,mlp1,bce,msle
702,0.7988212062286136,0.16488159496327387,0.6349206349206349,0.7749287749287749,0.9725864123957092,0.8625792811839323,63.0,Gentianella.campestris,0.4098494098494099,opth,2,False,mlp1,bce,msle
703,0.8517520215633423,0.011738685794947138,1.0,0.6406109613656783,1.0,0.7809419496166484,3.0,Gentianella.ciliata,0.6406109613656783,opth,2,False,mlp1,bce,msle
704,0.7868043087971274,0.0061806433487849415,1.0,0.6310592459605027,1.0,0.7738029719317556,2.0,Gentianella.tenella,0.6310592459605027,opth,2,False,mlp1,bce,msle
705,0.5928507194244604,0.006329737011137364,0.5,0.5017985611510791,0.9964285714285714,0.6674641148325359,4.0,Hypericum.tetrapterum,0.0017985611510791255,opth,2,False,mlp1,bce,msle
706,0.8254540770320752,0.05471351591292421,0.8571428571428571,0.7168620378719567,0.9987437185929648,0.8346456692913385,7.0,Herniaria.incana,0.5740048950148138,opth,2,False,mlp1,bce,msle
707,0.7169811320754718,0.0064920972440345275,1.0,0.4716981132075472,1.0,0.6410256410256411,3.0,Calamintha.nepeta,0.4716981132075473,opth,2,False,mlp1,bce,msle
708,0.7846846846846847,0.029258940660252582,0.6666666666666666,0.7207207207207207,0.9975062344139651,0.8368200836820083,6.0,Mentha.aquatica,0.3873873873873874,opth,2,False,mlp1,bce,msle
709,0.7127414743008578,0.0251429197956155,0.5384615384615384,0.7107887579329103,0.9924050632911392,0.8283148441627047,13.0,Mentha.longifolia,0.24925029639444873,opth,2,False,mlp1,bce,msle
710,0.2511210762331838,0.0011961722488038277,0.0,0.5748878923766816,0.9984423676012462,0.7296528173022196,1.0,Nepeta.nepetella,-0.4251121076233184,opth,2,False,mlp1,bce,msle
711,0.6463195691202872,0.004466925351071693,0.5,0.5619389587073609,0.9984051036682615,0.7191269385410684,2.0,Prunella.hyssopifolia,0.06193895870736088,opth,2,False,mlp1,bce,msle
712,0.7737881508078994,0.023805246137261947,0.5,0.7055655296229802,0.9987293519695044,0.8269331930562862,2.0,Teucrium.polium,0.20556552962298014,opth,2,False,mlp1,bce,msle
713,0.801737047020066,0.022629170960010186,1.0,0.5327942497753818,1.0,0.6951934349355217,3.0,Linum.bienne,0.5327942497753817,opth,2,False,mlp1,bce,msle
714,0.769206204379562,0.042850751036382057,0.2,0.885036496350365,0.9837728194726166,0.9317963496637848,20.0,Linum.suffruticosum,0.08503649635036492,opth,2,False,mlp1,bce,msle
715,0.9401004766198635,0.18556889913621202,0.8571428571428571,0.8178539224526601,0.998898678414097,0.8993554784333168,7.0,Lythrum.salicaria,0.6749967795955172,opth,2,False,mlp1,bce,msle
716,0.7924910071942446,0.018938008001620037,0.5,0.7931654676258992,0.997737556561086,0.8837675350701403,4.0,Althaea.hirsuta,0.29316546762589923,opth,2,False,mlp1,bce,msle
717,0.8595152603231598,0.0103159418791044,0.5,0.8105924596050269,0.9988938053097345,0.8949454905847374,2.0,Epilobium.parviflorum,0.3105924596050269,opth,2,False,mlp1,bce,msle
718,0.6730873087308731,0.008803429508272856,0.4,0.7866786678667866,0.9965792474344356,0.8792756539235412,5.0,Plantago.sempervirens,0.18667866786678666,opth,2,False,mlp1,bce,msle
719,0.9208366208490788,0.4230660874923263,0.8840579710144928,0.8261700095510984,0.9908361970217641,0.9010416666666666,69.0,Armeria.alpina,0.7102279805655911,opth,2,False,mlp1,bce,msle
720,0.7197093551316984,0.11180273286347657,0.5333333333333333,0.8138056312443234,0.9922480620155039,0.8942115768463074,15.0,Polygala.calcarea,0.3471389645776566,opth,2,False,mlp1,bce,msle
721,0.710980751604033,0.17545671921105863,0.84,0.461044912923923,0.9921104536489151,0.6295369211514393,25.0,Rumex.arifolius,0.301044912923923,opth,2,False,mlp1,bce,msle
722,0.8110212638514525,0.009866162916300715,0.6666666666666666,0.7978436657681941,0.9988751406074241,0.8871128871128872,3.0,Rumex.conglomeratus,0.46451033243486073,opth,2,False,mlp1,bce,msle
723,0.7512834045003118,0.04561645943713964,0.8947368421052632,0.5670009115770283,0.9967948717948718,0.7228355607205114,19.0,Rumex.nebroides,0.46173775368229153,opth,2,False,mlp1,bce,msle
724,0.7303409090909091,0.0722498857166212,0.25,0.9436363636363636,0.9885714285714285,0.9655813953488372,16.0,Rumex.pseudalpinus,0.1936363636363636,opth,2,False,mlp1,bce,msle
725,0.8424197983501376,0.07051127894280003,0.64,0.8203483043079743,0.9900442477876106,0.8972431077694235,25.0,Androsace.adfinis,0.46034830430797435,opth,2,False,mlp1,bce,msle
726,0.8607129455909943,0.1830698570737923,0.8,0.7636022514071295,0.9878640776699029,0.8613756613756614,50.0,Androsace.vitaliana,0.5636022514071295,opth,2,False,mlp1,bce,msle
727,0.5708370837083708,0.0066679861149058165,0.6,0.6084608460846085,0.9970501474926253,0.7557294577976523,5.0,Primula.vulgaris,0.20846084608460846,opth,2,False,mlp1,bce,msle
728,0.7897897897897898,0.021151950577119376,0.8333333333333334,0.6837837837837838,0.9986842105263158,0.8117647058823529,6.0,Aconitum.anthora,0.5171171171171172,opth,2,False,mlp1,bce,msle
729,0.8676094890510949,0.15495336004553315,0.5,0.864963503649635,0.9895615866388309,0.9230769230769231,20.0,Anemone.baldensis,0.36496350364963503,opth,2,False,mlp1,bce,msle
730,0.9351935193519352,0.045678814349306374,1.0,0.7695769576957696,1.0,0.8697863682604272,5.0,Anemone.narcissifolia,0.7695769576957696,opth,2,False,mlp1,bce,msle
731,0.9196588868940754,0.01601731601731602,1.0,0.8052064631956912,1.0,0.8920934858279463,2.0,Caltha.palustris,0.8052064631956912,opth,2,False,mlp1,bce,msle
732,0.7131642512077294,0.07659079049097527,0.5833333333333334,0.7744565217391305,0.9941860465116279,0.8706720977596741,12.0,Ranunculus.aduncus,0.35778985507246386,opth,2,False,mlp1,bce,msle
733,0.8525602104837078,0.1219844103770947,0.7222222222222222,0.7377049180327869,0.9938650306748467,0.8468374281233665,18.0,Ranunculus.carinthiacus,0.45992714025500914,opth,2,False,mlp1,bce,msle
734,0.7769713213615652,0.25965160812771115,0.5824175824175825,0.7931707317073171,0.9553466509988249,0.8667377398720683,91.0,Ranunculus.sartorianus,0.37558831412489946,opth,2,False,mlp1,bce,msle
735,0.5076438848920863,0.00444289089671964,0.25,0.6951438848920863,0.9961340206185567,0.8188559322033898,4.0,Reseda.phyteuma,-0.05485611510791366,opth,2,False,mlp1,bce,msle
736,0.8502684985005928,0.050795993631864725,0.8461538461538461,0.7098821396192203,0.9974522292993631,0.8294491525423728,13.0,Alchemilla.fissa,0.5560359857730663,opth,2,False,mlp1,bce,msle
737,0.8594018833974704,0.3039504745716101,0.6438356164383562,0.8571428571428571,0.9717391304347827,0.9108507386653082,73.0,Alchemilla.flabellata,0.5009784735812133,opth,2,False,mlp1,bce,msle
738,0.7307982875849912,0.08503189908067146,0.5757575757575758,0.7728531855955678,0.9835487661574618,0.8655635987590486,33.0,Alchemilla.glabra,0.3486107613531435,opth,2,False,mlp1,bce,msle
739,0.8773527625986642,0.14163691281048238,0.8333333333333334,0.8224043715846995,0.9966887417218543,0.9011976047904192,18.0,Alchemilla.glaucescens,0.6557377049180328,opth,2,False,mlp1,bce,msle
740,0.6575828815429641,0.0555338838971775,0.5789473684210527,0.5979945305378305,0.9879518072289156,0.7450312322544009,19.0,Alchemilla.monticola,0.17694189895888313,opth,2,False,mlp1,bce,msle
741,0.9154972118959108,0.23643306430736866,0.85,0.8605947955390335,0.9935622317596566,0.9223107569721115,40.0,Alchemilla.pentaphyllea,0.7105947955390335,opth,2,False,mlp1,bce,msle
742,0.8818176952309587,0.09821869632446521,0.5294117647058824,0.9190172884440401,0.9921414538310412,0.954180444024563,17.0,Filipendula.ulmaria,0.44842905314992243,opth,2,False,mlp1,bce,msle
743,0.8779174147217235,0.015458937198067634,1.0,0.6409335727109515,1.0,0.7811816192560175,2.0,Potentilla.brauneana,0.6409335727109515,opth,2,False,mlp1,bce,msle
744,0.870953237410072,0.02639081870562842,1.0,0.6151079136690647,1.0,0.7616926503340757,4.0,Potentilla.neglecta,0.6151079136690647,opth,2,False,mlp1,bce,msle
745,0.9245089615459985,0.3779465075086467,0.7936507936507936,0.8708452041785375,0.986021505376344,0.9248613212304589,63.0,Sibbaldia.procumbens,0.6644959978293312,opth,2,False,mlp1,bce,msle
746,0.7906558849955077,0.008260802469135803,1.0,0.6460017969451932,1.0,0.7849344978165939,3.0,Galium.megalospermum,0.6460017969451932,opth,2,False,mlp1,bce,msle
747,0.8392794866429517,0.3001924951170653,0.7222222222222222,0.7702448210922788,0.9819927971188476,0.8633245382585752,54.0,Galium.obliquum,0.49246704331450086,opth,2,False,mlp1,bce,msle
748,0.9341120095837077,0.027353940406571985,1.0,0.766397124887691,1.0,0.8677517802644964,3.0,Galium.palustre,0.7663971248876909,opth,2,False,mlp1,bce,msle
749,0.8677177177177178,0.030131929688528368,0.8333333333333334,0.7765765765765765,0.9988412514484357,0.8737962493664471,6.0,Galium.pseudohelveticum,0.6099099099099099,opth,2,False,mlp1,bce,msle
750,0.5974842767295598,0.11357566114691767,0.3333333333333333,0.9344115004492363,0.9980806142034548,0.9651972157772621,3.0,Galium.uliginosum,0.26774483378256964,opth,2,False,mlp1,bce,msle
751,0.5863309352517986,0.0051299556379439115,0.25,0.6672661870503597,0.9959731543624161,0.7991383952611739,4.0,Salix.foetida,-0.08273381294964033,opth,2,False,mlp1,bce,msle
752,0.5588045858559835,0.0077539620142045695,0.0,0.8899909828674482,0.9929577464788732,0.9386590584878745,7.0,Thesium.divaricatum,-0.11000901713255185,opth,2,False,mlp1,bce,msle
753,0.816003616636528,0.027096325298482472,0.3,0.891500904159132,0.9929506545820745,0.9394949976179133,10.0,Saxifraga.bryoides,0.191500904159132,opth,2,False,mlp1,bce,msle
754,0.8532415568426648,0.13787609406673984,0.7575757575757576,0.8005540166204986,0.9908571428571429,0.8855975485188968,33.0,Saxifraga.exarata,0.5581297741962561,opth,2,False,mlp1,bce,msle
755,0.7274249645755506,0.025754766983745833,0.42857142857142855,0.8151487826871056,0.9955947136563876,0.8963807635101636,7.0,Digitalis.grandiflora,0.24372021125853416,opth,2,False,mlp1,bce,msle
756,0.6432801365050688,0.01449138056082069,0.4444444444444444,0.6522131887985546,0.9931224209078404,0.787350054525627,9.0,Euphrasia.officinalis,0.09665763324299892,opth,2,False,mlp1,bce,msle
757,0.5780780780780781,0.007586245078420574,0.6666666666666666,0.42162162162162165,0.9957446808510638,0.5924050632911393,6.0,Linaria.simplex,0.08828828828828827,opth,2,False,mlp1,bce,msle
758,,-0.0,0.0,0.7894265232974911,1.0,0.8823234852278418,0.0,Pedicularis.cenisia,-0.21057347670250892,opth,2,False,mlp1,bce,msle
759,0.8693265444130635,0.2276136628768736,0.7391304347826086,0.807868252516011,0.9932508436445444,0.8910191725529768,23.0,Pedicularis.comosa,0.5469986872986197,opth,2,False,mlp1,bce,msle
760,0.8276173285198556,0.043603004744663644,0.75,0.7057761732851986,0.9974489795918368,0.8266384778012685,8.0,Pedicularis.kerneri,0.4557761732851986,opth,2,False,mlp1,bce,msle
761,0.577717879604672,0.004134074099173436,0.3333333333333333,0.7133872416891285,0.9974874371859297,0.8318491356731272,3.0,Pedicularis.rosea,0.04672057502246174,opth,2,False,mlp1,bce,msle
762,0.8668010999083411,0.08800302466706982,0.8,0.7891842346471127,0.9942263279445728,0.8799182422074604,25.0,Pedicularis.rostratospicata,0.5891842346471128,opth,2,False,mlp1,bce,msle
763,0.8369036903690369,0.06932434553639014,1.0,0.6084608460846085,1.0,0.7565752658086178,5.0,Verbascum.chaixii,0.6084608460846086,opth,2,False,mlp1,bce,msle
764,0.8821648276535494,0.1312542220086181,0.9473684210526315,0.7532467532467533,0.9975429975429976,0.8583509513742071,38.0,Veronica.allionii,0.7006151742993847,opth,2,False,mlp1,bce,msle
765,0.9056486654252017,0.28250732494861,0.7142857142857143,0.8761638733705773,0.9874081846799581,0.9284657128761716,42.0,Veronica.alpina,0.5904495876562916,opth,2,False,mlp1,bce,msle
766,0.6902372262773723,0.03848658709235725,0.6,0.6441605839416058,0.988795518207283,0.7801104972375691,20.0,Veronica.austriaca,0.24416058394160567,opth,2,False,mlp1,bce,msle
767,0.700900900900901,0.014940635505151206,0.6666666666666666,0.6846846846846847,0.9973753280839895,0.811965811965812,6.0,Veronica.verna,0.3513513513513513,opth,2,False,mlp1,bce,msle
768,0.8156077829695236,0.048722972684765484,0.6923076923076923,0.8368087035358114,0.9956850053937433,0.90935960591133,13.0,Valeriana.tuberosa,0.5291163958435037,opth,2,False,mlp1,bce,msle
769,0.6905681818181818,0.025039563108275376,0.9375,0.43363636363636365,0.997907949790795,0.6045627376425855,16.0,Viola.saxatilis,0.3711363636363636,opth,2,False,mlp1,bce,msle
770,0.8729766187050358,0.03650813950736552,1.0,0.6187050359712231,1.0,0.7644444444444445,4.0,Carex.acutiformis,0.6187050359712232,opth,2,False,mlp1,bce,msle
771,0.9518276173285198,0.3760927589413854,0.75,0.953971119133574,0.9981114258734656,0.9755422242731887,8.0,Carex.bicolor,0.703971119133574,opth,2,False,mlp1,bce,msle
772,0.8304932735426009,0.005263157894736842,1.0,0.3506726457399103,1.0,0.5192563081009296,1.0,Carex.cuprina,0.3506726457399103,opth,2,False,mlp1,bce,msle
773,0.928078078078078,0.05445235542831884,1.0,0.672972972972973,1.0,0.8045234248788369,6.0,Carex.disticha,0.672972972972973,opth,2,False,mlp1,bce,msle
774,0.8741756541199438,0.14711961571306897,0.8205128205128205,0.7910863509749304,0.9918509895227008,0.8801652892561983,39.0,Carex.foetida,0.6115991714877509,opth,2,False,mlp1,bce,msle
775,0.8082850965897204,0.034547193575105675,0.46153846153846156,0.8295557570262919,0.9924078091106291,0.9037037037037037,13.0,Carex.frigida,0.2910942185647536,opth,2,False,mlp1,bce,msle
776,0.8621062106210621,0.019190723090578652,1.0,0.6813681368136814,1.0,0.8104925053533191,5.0,Carex.melanostachya,0.6813681368136812,opth,2,False,mlp1,bce,msle
777,0.7652877697841727,0.04832814123277074,0.5,0.8030575539568345,0.9977653631284916,0.8898854010961634,4.0,Carex.ovalis,0.30305755395683454,opth,2,False,mlp1,bce,msle
778,0.6995495495495495,0.012389214865499744,0.5,0.7792792792792793,0.9965437788018433,0.8746208291203236,6.0,Carex.paniculata,0.2792792792792793,opth,2,False,mlp1,bce,msle
779,0.879873430853823,0.16122071339982214,0.7777777777777778,0.8244631185807656,0.9888017917133258,0.8991853360488798,45.0,Carex.parviflora,0.6022408963585435,opth,2,False,mlp1,bce,msle
780,0.4225022502250225,0.004450689050494103,0.2,0.648964896489649,0.9944827586206897,0.7854030501089324,5.0,Carex.viridula,-0.151035103510351,opth,2,False,mlp1,bce,msle
781,0.4260341726618705,0.004064629772038445,0.0,0.8696043165467626,0.995880535530381,0.928468554968795,4.0,Eleocharis.quinqueflora,-0.13039568345323738,opth,2,False,mlp1,bce,msle
782,0.4372751798561151,0.005130996688084434,0.25,0.7562949640287769,0.9964454976303317,0.8599182004089979,4.0,Eriophorum.polystachion,0.006294964028776828,opth,2,False,mlp1,bce,msle
783,0.8885076086782226,0.231927080337471,0.8813559322033898,0.7871333964049196,0.9916567342073898,0.8776371308016878,59.0,Kobresia.myosuroides,0.6684893286083096,opth,2,False,mlp1,bce,msle
784,0.7042190305206464,0.004750223015165031,1.0,0.5511669658886894,1.0,0.7106481481481481,2.0,Schoenus.nigricans,0.5511669658886893,opth,2,False,mlp1,bce,msle
785,0.7517953321364453,0.0070618744508026314,0.5,0.7145421903052065,0.998745294855709,0.8330716902145474,2.0,Scirpoides.holoschoenus,0.2145421903052065,opth,2,False,mlp1,bce,msle
786,0.6777815093796478,0.037003765877804344,0.5263157894736842,0.6572470373746582,0.9876712328767123,0.789272030651341,19.0,Muscari.neglectum,0.18356282684834246,opth,2,False,mlp1,bce,msle
787,0.7753193430656934,0.06553292984944256,0.7,0.7874087591240876,0.9930955120828538,0.8783715012722646,20.0,Crocus.vernus,0.48740875912408743,opth,2,False,mlp1,bce,msle
788,0.8415841584158417,0.03084083668875272,0.6,0.9126912691269127,0.9980314960629921,0.9534555712270804,5.0,Juncus.conglomeratus,0.5126912691269125,opth,2,False,mlp1,bce,msle
789,0.794655279950103,0.04657064233097407,0.8421052631578947,0.6317228805834093,0.9956896551724138,0.7730061349693251,19.0,Luzula.alpinopilosa,0.4738281437413039,opth,2,False,mlp1,bce,msle
790,0.8470938011000446,0.12035745044155466,0.7419354838709677,0.8027649769585253,0.9908987485779295,0.8869653767820774,31.0,Luzula.nutans,0.544700460829493,opth,2,False,mlp1,bce,msle
791,0.9757847533632287,0.03571428571428571,1.0,0.5937219730941704,1.0,0.7450759707371976,1.0,Gagea.fragifera,0.5937219730941705,opth,2,False,mlp1,bce,msle
792,0.7493255395683454,0.01049195157485928,0.5,0.6951438848920863,0.9974193548387097,0.8192898781134075,4.0,Tulipa.australis,0.19514388489208634,opth,2,False,mlp1,bce,msle
793,0.7239602169981917,0.03342424091162635,0.6,0.8092224231464737,0.9955506117908788,0.8927680798004988,10.0,Dactylorhiza.latifolia,0.4092224231464736,opth,2,False,mlp1,bce,msle
794,0.6669675090252708,0.012722886027117556,0.25,0.8348375451263538,0.9935553168635876,0.9073075036782736,8.0,Ophrys.fuciflora,0.08483754512635366,opth,2,False,mlp1,bce,msle
795,0.7812312312312312,0.013507733335773833,0.5,0.7621621621621621,0.9964664310954063,0.8637059724349158,6.0,Orchis.purpurea,0.26216216216216215,opth,2,False,mlp1,bce,msle
796,0.8500897666068222,0.008702756464904803,1.0,0.7684021543985637,1.0,0.8690355329949239,2.0,Orchis.simia,0.7684021543985637,opth,2,False,mlp1,bce,msle
797,0.9329254602604401,0.42069219831117,0.9558823529411765,0.7948473282442748,0.9964114832535885,0.8842887473460722,68.0,Alopecurus.alpinus,0.7507296811854514,opth,2,False,mlp1,bce,msle
798,0.7929828519855596,0.026335987082214143,0.875,0.6471119133574007,0.9986072423398329,0.7853231106243155,8.0,Alopecurus.rendlei,0.5221119133574006,opth,2,False,mlp1,bce,msle
799,0.7833562625559081,0.3561138159026102,0.7540106951871658,0.6544671689989235,0.9296636085626911,0.7681617182564751,187.0,Avenula.pubescens,0.40847786418608933,opth,2,False,mlp1,bce,msle
800,0.8246851956891662,0.1969813098228901,0.6097560975609756,0.8455813953488373,0.9827027027027027,0.909,41.0,Avenula.versicolor,0.45533749290981285,opth,2,False,mlp1,bce,msle
801,0.7249147749795196,0.2654647430425775,0.8860759493670886,0.47390396659707723,0.961864406779661,0.634965034965035,158.0,Brachypodium.rupestre,0.3599799159641659,opth,2,False,mlp1,bce,msle
802,0.7791855203619908,0.03219319310323816,0.7272727272727273,0.6452488687782806,0.9958100558659218,0.7830862163646348,11.0,Bromus.commutatus,0.372521596051008,opth,2,False,mlp1,bce,msle
803,0.9307481751824818,0.21797546508013144,0.9,0.8074817518248175,0.9977452085682075,0.8925869894099848,20.0,Bromus.racemosus,0.7074817518248175,opth,2,False,mlp1,bce,msle
804,0.6806963603124481,0.03157678919614125,0.9090909090909091,0.5054844606946983,0.9963963963963964,0.6707095209217707,22.0,Elytrigia.repens,0.4145753697856074,opth,2,False,mlp1,bce,msle
805,0.6974453678054786,0.051223195474535035,0.5757575757575758,0.6823638042474608,0.9814077025232404,0.8050108932461874,33.0,Festuca.cinerea,0.2581213800050366,opth,2,False,mlp1,bce,msle
806,0.7100565843621399,0.08291353366441222,0.4166666666666667,0.7888888888888889,0.9759450171821306,0.8725038402457758,36.0,Festuca.marginata,0.2055555555555555,opth,2,False,mlp1,bce,msle
807,0.8029188505331647,0.25113773454650107,0.8181818181818182,0.6679920477137177,0.9710982658959537,0.7915194346289752,110.0,Festuca.pratensis,0.4861738658955359,opth,2,False,mlp1,bce,msle
808,0.7060414788097384,0.017108572325492826,0.5714285714285714,0.5671776375112714,0.995253164556962,0.7225732337736933,7.0,Festuca.trichophylla,0.13860620893984277,opth,2,False,mlp1,bce,msle
809,0.5431341097705558,0.012680538339725855,0.46153846153846156,0.5494106980961015,0.9885807504078303,0.7062937062937062,13.0,Gaudinia.fragilis,0.010949159634563,opth,2,False,mlp1,bce,msle
810,0.8042780748663102,0.03800430827637136,0.8181818181818182,0.7737556561085973,0.9976662777129521,0.8715596330275229,11.0,Helictotrichon.parlatorei,0.5919374742904155,opth,2,False,mlp1,bce,msle
811,0.8850632069194942,0.4426586765028194,0.868421052631579,0.7265469061876247,0.9798115746971736,0.8343839541547278,114.0,Helictotrichon.sedenense,0.5949679588192036,opth,2,False,mlp1,bce,msle
812,0.8781398943707329,0.02679539007995539,1.0,0.7935076645626691,1.0,0.8848667672197084,7.0,Helictotrichon.sempervirens,0.7935076645626691,opth,2,False,mlp1,bce,msle
813,0.5528327338129496,0.028336642901898714,1.0,0.329136690647482,1.0,0.4952638700947226,4.0,Hordeum.murinum,0.32913669064748197,opth,2,False,mlp1,bce,msle
814,0.8036036036036036,0.10020801368771368,1.0,0.572972972972973,1.0,0.7285223367697594,6.0,Hordeum.secalinum,0.5729729729729729,opth,2,False,mlp1,bce,msle
815,0.6238779174147218,0.0056547197431175335,0.5,0.5583482944344704,0.9983948635634029,0.7161773172135867,2.0,Koeleria.cenisia,0.05834829443447043,opth,2,False,mlp1,bce,msle
816,0.7112699707335797,0.06429113425700177,0.3684210526315789,0.7702825888787602,0.9859976662777129,0.8648925281473899,19.0,Molinia.caerulea,0.1387036415103391,opth,2,False,mlp1,bce,msle
817,0.6671921857595751,0.07909188835672296,0.9272727272727272,0.41564561734213007,0.9910112359550561,0.5856573705179283,55.0,Phleum.pratense,0.3429183446148574,opth,2,False,mlp1,bce,msle
818,0.859315025745046,0.3832334891979079,0.8769230769230769,0.6855983772819473,0.976878612716763,0.8057210965435042,130.0,Poa.trivialis,0.5625214542050241,opth,2,False,mlp1,bce,msle
819,0.6994584837545126,0.012533062086936733,1.0,0.5081227436823105,1.0,0.6738479952124476,8.0,Vulpia.bromoides,0.5081227436823106,opth,2,False,mlp1,bce,msle
820,0.7441944194419442,0.016481320949432405,1.0,0.37443744374437443,1.0,0.5448592010478062,5.0,Vulpia.ciliata,0.3744374437443745,opth,2,False,mlp1,bce,msle
821,0.44704433497536944,0.018465077223367397,0.35714285714285715,0.8738656987295825,0.9907407407407407,0.9286403085824494,14.0,Equisetum.variegatum,0.23100855587243974,opth,2,False,mlp1,bce,msle
822,0.906198559670782,0.18045809453682352,0.8333333333333334,0.8194444444444444,0.9932659932659933,0.898021308980213,36.0,Pachypleurum.mutellinoides,0.6527777777777777,opth,2,False,mlp1,bce,msle
823,0.5965858041329739,0.005890873483676298,0.3333333333333333,0.6981132075471698,0.9974326059050064,0.821353065539112,3.0,Libanotis.pyrenaica,0.03144654088050314,opth,2,False,mlp1,bce,msle
824,0.811330978131299,0.18447979518170923,0.5581395348837209,0.8173345759552656,0.9787946428571429,0.8908075165058406,43.0,Alchemilla.alpigena,0.3754741108389865,opth,2,False,mlp1,bce,msle
825,0.8130640794223827,0.035505126001874714,1.0,0.5342960288808665,1.0,0.6964705882352941,8.0,Anacamptis.morio,0.5342960288808665,opth,2,False,mlp1,bce,msle
826,0.6786036326162566,0.010613873656008167,0.8571428571428571,0.6203787195671776,0.9985486211901307,0.7652947719688543,7.0,Mutellina.adonidifolia,0.4775215767100347,opth,2,False,mlp1,bce,msle
827,0.8501644923425978,0.17245305925382348,0.6585365853658537,0.8213953488372093,0.9843924191750278,0.8955375253549696,41.0,Avenula.pratensis,0.479931934203063,opth,2,False,mlp1,bce,msle
828,0.8026209269378668,0.06954974904953248,0.6111111111111112,0.7896174863387978,0.9919908466819222,0.8793103448275862,18.0,Gymnadenia.nigra,0.4007285974499091,opth,2,False,mlp1,bce,msle
829,0.6708520179372197,0.002717391304347826,0.0,0.7246636771300449,0.9987639060568603,0.83991683991684,1.0,Murbeckiella.pinnatifida,-0.27533632286995513,opth,2,False,mlp1,bce,msle
830,0.6208445642407907,0.004512698071767531,1.0,0.4088050314465409,1.0,0.5803571428571429,3.0,Silene.conica,0.408805031446541,opth,2,False,mlp1,bce,msle
