,auc,prauc,sensitivity,specificity,precision,f1,support,species,tss,postprocess,fold,prr,archi,species_loss,func_loss
0,0.7878292461398728,0.04323056842713318,0.6,0.8147138964577657,0.9933554817275747,0.8952095808383234,15.0,Aceras.anthropophorum,0.4147138964577657,opth,2,False,mlp1,bce,msle
1,0.851572039072039,0.20828822161748872,0.7083333333333334,0.8388278388278388,0.9924160346695557,0.9091811414392059,24.0,Achillea.collina,0.5471611721611722,opth,2,False,mlp1,bce,msle
2,0.7120807640246654,0.3587936468871977,0.7172131147540983,0.6238532110091743,0.8874388254486134,0.7326599326599327,244.0,Achillea.millefolium,0.34106632576327267,opth,2,False,mlp1,bce,msle
3,0.9112908849989539,0.09386118154669343,0.7692307692307693,0.8458748866727108,0.9967948717948718,0.9151544874938695,13.0,Achillea.nana,0.6151056559034802,opth,2,False,mlp1,bce,msle
4,0.8839104973973395,0.3304379738559552,0.8269230769230769,0.7697368421052632,0.9891304347826086,0.8657505285412262,52.0,Achillea.roseo.alba,0.5966599190283399,opth,2,False,mlp1,bce,msle
5,0.9860861759425493,0.09555555555555556,1.0,0.9048473967684022,1.0,0.9500471253534402,2.0,Achnatherum.calamagrostis,0.9048473967684023,opth,2,False,mlp1,bce,msle
6,0.8140114725246073,0.16377692042253517,0.7413793103448276,0.7599243856332704,0.9816849816849816,0.8566862013851891,58.0,Acinos.alpinus,0.5013036959780979,opth,2,False,mlp1,bce,msle
7,0.8301704545454546,0.12766578836153775,0.625,0.8109090909090909,0.9933184855233853,0.8928928928928929,16.0,Acinos.arvensis,0.435909090909091,opth,2,False,mlp1,bce,msle
8,0.7877697841726619,0.011471432467027679,0.5,0.8255395683453237,0.9978260869565218,0.9035433070866141,4.0,Aconitum.lycoctonum,0.3255395683453237,opth,2,False,mlp1,bce,msle
9,0.771017101710171,0.01333832543153655,0.0,0.9585958595859586,0.9953271028037384,0.9766162310866575,5.0,Cacalia.leucophylla,-0.04140414041404139,opth,2,False,mlp1,bce,msle
10,0.6972819786165143,0.01118652996342088,0.42857142857142855,0.7132551848512173,0.9949685534591195,0.8308823529411765,7.0,Aegopodium.podagraria,0.1418266134226458,opth,2,False,mlp1,bce,msle
11,0.8795823972512223,0.1944414134536189,0.8285714285714286,0.7659574468085106,0.9928057553956835,0.8647519582245431,35.0,Agrimonia.eupatoria,0.5945288753799391,opth,2,False,mlp1,bce,msle
12,0.8669351383771742,0.18814708983071352,0.6909090909090909,0.8369462770970783,0.9812154696132597,0.9033570701932858,55.0,Agrostis.alpina,0.5278553680061693,opth,2,False,mlp1,bce,msle
13,0.8113581169437698,0.28473065629105615,0.8301886792452831,0.6683168316831684,0.974025974025974,0.7927187316500294,106.0,Agrostis.capillaris,0.4985055109284513,opth,2,False,mlp1,bce,msle
14,0.8801701890214131,0.2622994860718301,0.6481481481481481,0.8418079096045198,0.9791894852135816,0.9053164556962026,54.0,Agrostis.rupestris,0.4899560577526678,opth,2,False,mlp1,bce,msle
15,0.7945463421438036,0.0722121684114914,0.6923076923076923,0.7461468721668177,0.9951632406287787,0.8528497409326425,13.0,Agrostis.agrostiflora,0.4384545644745099,opth,2,False,mlp1,bce,msle
16,0.7870348295368343,0.21858246793836078,0.7674418604651163,0.6635601118359739,0.9861495844875346,0.7933147632311978,43.0,Agrostis.stolonifera,0.43100197230109005,opth,2,False,mlp1,bce,msle
17,0.7382449835280024,0.34069432951097445,0.3333333333333333,0.9299191374663073,0.9980713596914176,0.9627906976744186,3.0,Ajuga.chamaepitys,0.26325247079964065,opth,2,False,mlp1,bce,msle
18,0.8601892662691211,0.060209734657625476,0.42857142857142855,0.9147005444646098,0.9921259842519685,0.9518413597733711,14.0,Ajuga.genevensis,0.3432719730360383,opth,2,False,mlp1,bce,msle
19,0.8853536004122117,0.03325352609461286,0.5714285714285714,0.8764652840396754,0.9969230769230769,0.9328214971209213,7.0,Ajuga.pyramidalis,0.4478938554682468,opth,2,False,mlp1,bce,msle
20,0.842154962477014,0.18721307237700574,0.7543859649122807,0.7422096317280453,0.9825,0.8456159225389994,57.0,Ajuga.reptans,0.49659559664032615,opth,2,False,mlp1,bce,msle
21,0.9016267648864333,0.2810222446542671,0.7333333333333333,0.8609576427255985,0.9915164369034994,0.9216362740266141,30.0,Alchemilla.alpina,0.5942909760589319,opth,2,False,mlp1,bce,msle
22,0.7762042891597679,0.18198293670605403,0.6551724137931034,0.8005671077504726,0.9769319492502884,0.88,58.0,Alchemilla.xanthochlora,0.455739521543576,opth,2,False,mlp1,bce,msle
23,0.8581081081081081,0.0322106848661512,0.8333333333333334,0.8342342342342343,0.9989212513484358,0.9091801669121257,6.0,Allium.lusitanicum,0.6675675675675676,opth,2,False,mlp1,bce,msle
24,0.8066123188405797,0.06184713529280414,0.75,0.6947463768115942,0.9961038961038962,0.8185699039487727,12.0,Allium.oleraceum,0.44474637681159424,opth,2,False,mlp1,bce,msle
25,0.7628822282773237,0.15713591143659159,0.6666666666666666,0.7465940054495913,0.9939540507859734,0.8526970954356846,15.0,Allium.schoenoprasum,0.41326067211625794,opth,2,False,mlp1,bce,msle
26,0.9078078078078078,0.10106284362613477,1.0,0.7891891891891892,1.0,0.8821752265861027,6.0,Allium.scorodoprasum,0.7891891891891891,opth,2,False,mlp1,bce,msle
27,0.856930384301684,0.190958321567983,0.7368421052631579,0.8732907930720146,0.9948078920041536,0.9300970873786408,19.0,Allium.sphaerocephalon,0.6101328983351726,opth,2,False,mlp1,bce,msle
28,0.7216282365065052,0.015566534188159585,0.8571428571428571,0.5536519386834986,0.9983739837398374,0.7122969837587007,7.0,Allium.vineale,0.4107947958263556,opth,2,False,mlp1,bce,msle
29,0.9563291139240506,0.5142646826857353,0.9,0.903254972875226,0.999,0.9487179487179487,10.0,Alopecurus.pratensis,0.8032549728752261,opth,2,False,mlp1,bce,msle
30,0.8660918685892671,0.19604972619674776,0.7096774193548387,0.7972350230414746,0.9897025171624714,0.8831036242981113,31.0,Alyssum.alyssoides,0.5069124423963134,opth,2,False,mlp1,bce,msle
31,0.844343891402715,0.03819549226530509,0.6363636363636364,0.8452488687782805,0.9957356076759062,0.9143416544297601,11.0,Anacamptis.pyramidalis,0.4816125051419169,opth,2,False,mlp1,bce,msle
32,0.8735320686540199,0.05881085984525109,0.5555555555555556,0.8644986449864499,0.9958376690946931,0.925531914893617,9.0,Androsace.obtusifolia,0.4200542005420056,opth,2,False,mlp1,bce,msle
33,0.9647032374100719,0.11831119544592031,1.0,0.789568345323741,1.0,0.8824120603015075,4.0,Angelica.sylvestris,0.789568345323741,opth,2,False,mlp1,bce,msle
34,0.8914410208527856,0.19042589283844652,0.8444444444444444,0.8188608776844071,0.9920814479638009,0.8971867007672635,45.0,Antennaria.carpatica,0.6633053221288514,opth,2,False,mlp1,bce,msle
35,0.8562349260152533,0.17229388327054854,0.6724137931034483,0.8232514177693762,0.9786516853932584,0.8942505133470225,58.0,Antennaria.dioica,0.49566521087282434,opth,2,False,mlp1,bce,msle
36,0.8142985611510791,0.26375860859898764,0.5,0.8920863309352518,0.9979879275653923,0.9420702754036088,4.0,Anthemis.arvensis,0.3920863309352518,opth,2,False,mlp1,bce,msle
37,0.8539668135856884,0.10055980101525434,0.7142857142857143,0.7822141560798548,0.9953810623556582,0.8760162601626016,14.0,Anthericum.liliago,0.496499870365569,opth,2,False,mlp1,bce,msle
38,0.6683724504968659,0.4278961616407771,0.5987841945288754,0.6340533672172808,0.7908082408874801,0.7038081805359662,329.0,Anthoxanthum.odoratum,0.23283756174615622,opth,2,False,mlp1,bce,msle
39,0.89841283031411,0.19772906349697592,0.9545454545454546,0.7029250457038391,0.9987012987012988,0.825107296137339,22.0,Anthriscus.sylvestris,0.6574705002492935,opth,2,False,mlp1,bce,msle
40,0.7252201932199012,0.36505783546351467,0.6217616580310881,0.6912242686890574,0.8973277074542897,0.780905752753978,193.0,Anthyllis.vulneraria,0.31298592672014536,opth,2,False,mlp1,bce,msle
41,0.8855475763016157,0.037448559670781895,0.5,0.9344703770197487,0.9990403071017274,0.9656771799628943,2.0,Aphanes.arvensis,0.43447037701974867,opth,2,False,mlp1,bce,msle
42,0.8178956834532374,0.014602478045265488,0.5,0.8660071942446043,0.9979274611398964,0.9272989889263361,4.0,Aquilegia.vulgaris,0.36600719424460415,opth,2,False,mlp1,bce,msle
43,0.5825825825825826,0.013122036179961142,0.3333333333333333,0.7315315315315315,0.9950980392156863,0.8431983385254413,6.0,Arabidopsis.thaliana,0.06486486486486487,opth,2,False,mlp1,bce,msle
44,0.8275439591605218,0.16685062010512094,0.6829268292682927,0.8297674418604651,0.9856353591160221,0.901010101010101,41.0,Arabis.ciliata,0.5126942711287579,opth,2,False,mlp1,bce,msle
45,0.7883895131086143,0.13056244707213396,0.7291666666666666,0.7134831460674157,0.983225806451613,0.8269126424308193,48.0,Arabis.hirsuta,0.4426498127340823,opth,2,False,mlp1,bce,msle
46,0.7963385826771654,0.2649191637382269,0.56,0.8070866141732284,0.9490740740740741,0.8723404255319149,100.0,Arenaria.serpyllifolia,0.3670866141732283,opth,2,False,mlp1,bce,msle
47,0.8266636690647482,0.03742970749531703,0.5,0.8929856115107914,0.9979899497487437,0.9425723777883246,4.0,Armeria.arenaria,0.39298561151079126,opth,2,False,mlp1,bce,msle
48,0.7748295454545455,0.06833059054381636,0.5625,0.8136363636363636,0.9922394678492239,0.8941058941058941,16.0,Arnica.montana,0.3761363636363635,opth,2,False,mlp1,bce,msle
49,0.8544310115350489,0.5154766179654046,0.8673469387755102,0.7032608695652174,0.9613670133729569,0.8123038292529818,196.0,Arrhenatherum.elatius,0.5706078083407276,opth,2,False,mlp1,bce,msle
50,0.8779226618705036,0.0885952144277194,0.75,0.9091726618705036,0.9990118577075099,0.9519774011299436,4.0,Artemisia.absinthium,0.6591726618705036,opth,2,False,mlp1,bce,msle
51,0.8472095150960659,0.2751887234183874,0.5217391304347826,0.8947849954254345,0.9888776541961577,0.9394812680115274,23.0,Artemisia.campestris,0.41652412586021725,opth,2,False,mlp1,bce,msle
52,0.7031531531531531,0.0123862366162074,0.3333333333333333,0.8126126126126126,0.9955849889624724,0.8948412698412699,6.0,Artemisia.vulgaris,0.145945945945946,opth,2,False,mlp1,bce,msle
53,0.8192635297687423,0.16293126752514497,0.46511627906976744,0.8704566635601119,0.9759665621734587,0.9201970443349754,43.0,Asperula.cynanchica,0.33557294262987925,opth,2,False,mlp1,bce,msle
54,0.8965641952983725,0.13943405027427988,0.9,0.7811934900542495,0.9988439306358381,0.8767123287671232,10.0,Asphodelus.albus,0.6811934900542496,opth,2,False,mlp1,bce,msle
55,0.8971125010710308,0.2853635219124712,0.7272727272727273,0.8473138548539114,0.9835886214442013,0.9103797468354431,55.0,Aster.alpinus,0.5745865821266387,opth,2,False,mlp1,bce,msle
56,0.8130122776587423,0.1215563314434639,0.5185185185185185,0.8126721763085399,0.9855233853006682,0.8907901358832411,27.0,Aster.bellidiastrum,0.33119069482705843,opth,2,False,mlp1,bce,msle
57,0.9744165170556554,0.06586270871985157,1.0,0.9497307001795332,1.0,0.9742173112338858,2.0,Aster.linosyris,0.9497307001795332,opth,2,False,mlp1,bce,msle
58,0.8863084395871281,0.11924153982521797,0.5,0.9298724954462659,0.9912621359223301,0.9595864661654135,18.0,Astragalus.alpinus,0.4298724954462658,opth,2,False,mlp1,bce,msle
59,0.44534291704103024,0.005408542676691946,0.3333333333333333,0.7681940700808625,0.9976662777129521,0.868020304568528,3.0,Astragalus.depressus,0.10152740341419575,opth,2,False,mlp1,bce,msle
60,0.7229932352325825,0.026405015011055195,0.3076923076923077,0.8676337262012692,0.9906832298136646,0.9250845819236346,13.0,Astragalus.monspessulanus,0.17532603389357693,opth,2,False,mlp1,bce,msle
61,0.9123757904245708,0.12146638844684951,0.6666666666666666,0.953026196928636,0.997164461247637,0.9745958429561201,9.0,Astragalus.onobrychis,0.6196928635953025,opth,2,False,mlp1,bce,msle
62,0.5719424460431655,0.007833311069066148,0.5,0.7095323741007195,0.9974715549936789,0.8292170257488176,4.0,Astragalus.penduliflorus,0.20953237410071957,opth,2,False,mlp1,bce,msle
63,0.858896678615614,0.10760490188512016,0.7931034482758621,0.8068077276908924,0.9932049830124575,0.8903553299492386,29.0,Astrantia.major,0.5999111759667546,opth,2,False,mlp1,bce,msle
64,0.8243024302430243,0.21905934960233603,0.4,0.9198919891989199,0.9970731707317073,0.9569288389513109,5.0,Astrantia.minor,0.3198919891989198,opth,2,False,mlp1,bce,msle
65,0.8418126684636118,0.1678221445980578,0.8928571428571429,0.6858490566037736,0.9918144611186903,0.8109313998884551,56.0,Deschampsia.flexuosa,0.5787061994609166,opth,2,False,mlp1,bce,msle
66,0.8372641509433962,0.24305239457772024,0.5892857142857143,0.8283018867924529,0.974472807991121,0.8954614992350841,56.0,Bartsia.alpina,0.41758760107816717,opth,2,False,mlp1,bce,msle
67,0.888911659225646,0.3034339402331333,0.8461538461538461,0.7611798287345385,0.9876543209876543,0.8597528210639441,65.0,Bellis.perennis,0.6073336748883846,opth,2,False,mlp1,bce,msle
68,0.8201136363636363,0.043966588281073,0.6875,0.8145454545454546,0.9944506104328524,0.895552223888056,16.0,Biscutella.laevigata,0.5020454545454545,opth,2,False,mlp1,bce,msle
69,0.8344876041353005,0.05626257699398333,0.4444444444444444,0.8915989159891599,0.9949596774193549,0.9404478323010957,9.0,Blackstonia.perfoliata,0.3360433604336044,opth,2,False,mlp1,bce,msle
70,0.8365557553956834,0.018872286250335032,0.75,0.77068345323741,0.9988344988344988,0.8700507614213198,4.0,Blysmus.compressus,0.52068345323741,opth,2,False,mlp1,bce,msle
71,0.8504466526146743,0.029945556834806594,0.0,0.960252935862692,0.9916044776119403,0.9756769160165213,9.0,Bothriochloa.ischaemum,-0.039747064137308,opth,2,False,mlp1,bce,msle
72,0.8437808582178168,0.23147977061085911,0.6363636363636364,0.8286814244465832,0.968503937007874,0.8931535269709544,77.0,Botrychium.lunaria,0.46504506081021946,opth,2,False,mlp1,bce,msle
73,0.8100180505415162,0.02426483267973486,0.625,0.851985559566787,0.996832101372756,0.918734793187348,8.0,Brachypodium.sylvaticum,0.4769855595667871,opth,2,False,mlp1,bce,msle
74,0.7339177267706154,0.36380181581811033,0.5981735159817352,0.6978818283166109,0.876750700280112,0.7771570453134699,219.0,Briza.media,0.29605534429834623,opth,2,False,mlp1,bce,msle
75,0.8780304746799593,0.7366965710366035,0.7448453608247423,0.8324175824175825,0.8595744680851064,0.845778087927425,388.0,Bromus.erectus,0.5772629432423249,opth,2,False,mlp1,bce,msle
76,0.8766010393032277,0.3176169558457488,0.8153846153846154,0.730732635585157,0.9846153846153847,0.8388858547241944,65.0,Bromus.hordeaceus,0.5461172509697723,opth,2,False,mlp1,bce,msle
77,0.8924827792752321,0.025071225071225074,0.6666666666666666,0.793351302785265,0.998868778280543,0.8843264897346019,3.0,Bromus.squarrosus,0.46001796945193174,opth,2,False,mlp1,bce,msle
78,0.7629738267148014,0.016790842375198737,0.75,0.6705776173285198,0.9973154362416108,0.8019427954668106,8.0,Bromus.sterilis,0.42057761732851984,opth,2,False,mlp1,bce,msle
79,0.8665461121157324,0.1534034251628814,0.6,0.8860759493670886,0.9959349593495935,0.937799043062201,10.0,Bromus.tectorum,0.48607594936708853,opth,2,False,mlp1,bce,msle
80,0.7795747229709494,0.03267632850241546,0.3333333333333333,0.912848158131177,0.9980353634577603,0.9535429375879868,3.0,Bunias.orientalis,0.2461814914645104,opth,2,False,mlp1,bce,msle
81,0.87454857072902,0.3805654603752234,0.7741935483870968,0.8225806451612904,0.9841089670828603,0.896124031007752,62.0,Bunium.bulbocastanum,0.596774193548387,opth,2,False,mlp1,bce,msle
82,0.8664176220533298,0.027916597081069985,0.8571428571428571,0.7709648331830478,0.9988317757009346,0.8702290076335878,7.0,Buphthalmum.salicifolium,0.6281076903259049,opth,2,False,mlp1,bce,msle
83,0.8545226305879071,0.14223613860001963,0.6923076923076923,0.8340888485947416,0.9956709956709957,0.9077454366058214,13.0,Bupleurum.falcatum,0.526396540902434,opth,2,False,mlp1,bce,msle
84,0.8718181184182997,0.059833592923798265,0.6153846153846154,0.8504079782411604,0.9946977730646872,0.916911045943304,13.0,Bupleurum.ranunculoides,0.46579259362577585,opth,2,False,mlp1,bce,msle
85,0.8823295454545454,0.24674200523652298,0.8125,0.7854545454545454,0.9965397923875432,0.8784951703101169,16.0,Calamagrostis.varia,0.5979545454545454,opth,2,False,mlp1,bce,msle
86,,-0.0,0.0,0.5698924731182796,1.0,0.726027397260274,0.0,Calluna.vulgaris,-0.4301075268817204,opth,2,False,mlp1,bce,msle
87,0.9274047186932849,0.19580437007104565,0.7142857142857143,0.9591651542649727,0.9962299717247879,0.9773462783171522,14.0,Calystegia.sepium,0.673450868550687,opth,2,False,mlp1,bce,msle
88,0.8424596050269301,0.008320413436692507,1.0,0.7890484739676841,1.0,0.8820873055694932,2.0,Campanula.barbata,0.789048473967684,opth,2,False,mlp1,bce,msle
89,0.7432332373508843,0.02819715870371981,0.6363636363636364,0.7303167420814479,0.9950678175092479,0.8423799582463466,11.0,Campanula.cochleariifolia,0.3666803784450843,opth,2,False,mlp1,bce,msle
90,0.8473482040568772,0.2425697159123658,0.8169014084507042,0.7004784688995215,0.9825503355704698,0.8178770949720671,71.0,Campanula.glomerata,0.5173798773502258,opth,2,False,mlp1,bce,msle
91,0.7836191335740074,0.017231335861117206,0.25,0.8709386281588448,0.9938208032955715,0.9283309283309283,8.0,Campanula.rapunculoides,0.12093862815884471,opth,2,False,mlp1,bce,msle
92,0.7830485611510791,0.026288805490910474,0.5,0.8794964028776978,0.9979591836734694,0.9349904397705545,4.0,Campanula.rapunculus,0.3794964028776979,opth,2,False,mlp1,bce,msle
93,0.8843473408969069,0.4741576877314807,0.8314606741573034,0.7925998052580331,0.9819059107358263,0.8771551724137931,89.0,Campanula.rhomboidalis,0.6240604794153364,opth,2,False,mlp1,bce,msle
94,0.7239454525590219,0.1868042152657428,0.7777777777777778,0.6194690265486725,0.9662576687116564,0.7549430796884362,99.0,Campanula.rotundifolia,0.3972468043264503,opth,2,False,mlp1,bce,msle
95,0.8716053021557407,0.3832556726421221,0.7073170731707317,0.8429003021148036,0.9587628865979382,0.8971061093247589,123.0,Campanula.scheuchzeri,0.5502173752855353,opth,2,False,mlp1,bce,msle
96,,-0.0,0.0,0.7912186379928315,1.0,0.8834417208604303,0.0,Campanula.thyrsoides,-0.20878136200716846,opth,2,False,mlp1,bce,msle
97,0.6338656810098333,0.020911255411913784,0.5384615384615384,0.5421577515865821,0.9900662251655629,0.7006444053895724,13.0,Capsella.bursa.pastoris,0.08061929004812063,opth,2,False,mlp1,bce,msle
98,0.9349005424954793,0.13602396148765733,0.9,0.8001808318264014,0.9988713318284425,0.8885542168674698,10.0,Cardamine.pratensis,0.7001808318264016,opth,2,False,mlp1,bce,msle
99,0.8518728153037731,0.40395858994658373,0.8120300751879699,0.7385554425228891,0.966711051930759,0.8373702422145328,133.0,Carduus.defloratus,0.550585517710859,opth,2,False,mlp1,bce,msle
100,0.7032374100719424,0.023808202543545817,0.75,0.5476618705035972,0.9983606557377049,0.7073170731707317,4.0,Carduus.nutans,0.29766187050359716,opth,2,False,mlp1,bce,msle
101,0.8869154676258993,0.02034977695081134,1.0,0.795863309352518,1.0,0.8863294942413621,4.0,Carex.atrata,0.795863309352518,opth,2,False,mlp1,bce,msle
102,0.9320067409904071,0.3155847914881165,0.7857142857142857,0.9092558983666061,0.9970149253731343,0.9511153298528714,14.0,Carex.capillaris,0.694970184080892,opth,2,False,mlp1,bce,msle
103,0.7332008955318009,0.22033442325646066,0.6129032258064516,0.7116324535679375,0.9528795811518325,0.8147733631785115,93.0,Carex.caryophyllea,0.3245356793743892,opth,2,False,mlp1,bce,msle
104,0.9073335106854661,0.18536305131193626,0.8571428571428571,0.8361266294227188,0.9933628318584071,0.9079878665318504,42.0,Carex.curvula,0.6932694865655757,opth,2,False,mlp1,bce,msle
105,0.653254972875226,0.01473509324438685,0.2,0.7432188065099458,0.9903614457831326,0.8491735537190083,10.0,Carex.davalliana,-0.05678119349005417,opth,2,False,mlp1,bce,msle
106,0.6301615798922802,0.0035295097969192677,0.0,0.8348294434470377,0.9978540772532188,0.9090909090909091,2.0,Carex.distans,-0.1651705565529623,opth,2,False,mlp1,bce,msle
107,0.9359089547768793,0.08969152674736432,0.6666666666666666,0.8454627133872417,0.9989384288747346,0.9158150851581508,3.0,Carex.divulsa,0.5121293800539082,opth,2,False,mlp1,bce,msle
108,0.8846672661870504,0.02271251025343371,0.25,0.9388489208633094,0.997134670487106,0.9671144048170449,4.0,Carex.ericetorum,0.1888489208633093,opth,2,False,mlp1,bce,msle
109,0.877248201438849,0.02170609805103476,1.0,0.6438848920863309,1.0,0.7833698030634574,4.0,Carex.ferruginea,0.6438848920863309,opth,2,False,mlp1,bce,msle
110,0.7497860401097592,0.2582405874949019,0.4778761061946903,0.7986041874376869,0.9313953488372093,0.8599033816425121,113.0,Carex.flacca,0.27648029363237714,opth,2,False,mlp1,bce,msle
111,0.8699448529411764,0.22358780937429212,0.5714285714285714,0.9319852941176471,0.9883040935672515,0.9593188268684958,28.0,Carex.halleriana,0.5034138655462184,opth,2,False,mlp1,bce,msle
112,0.860009225092251,0.13459810231623354,0.625,0.8450184501845018,0.9870689655172413,0.9105367793240556,32.0,Carex.hirta,0.4700184501845017,opth,2,False,mlp1,bce,msle
113,0.7814748201438849,0.020980524669838824,0.5,0.8660071942446043,0.9979274611398964,0.9272989889263361,4.0,Carex.hostiana,0.36600719424460415,opth,2,False,mlp1,bce,msle
114,0.8637079831932774,0.15750162801036752,0.6785714285714286,0.8547794117647058,0.9904153354632588,0.9176122348297977,28.0,Carex.humilis,0.5333508403361344,opth,2,False,mlp1,bce,msle
115,0.770968259915431,0.04227288359221239,0.35294117647058826,0.8862602365787079,0.9888324873096447,0.9347408829174664,17.0,Carex.liparocarpos,0.2392014130492961,opth,2,False,mlp1,bce,msle
116,0.8372066787003609,0.02779683320944491,0.875,0.6895306859205776,0.9986928104575163,0.8158035237586759,8.0,Carex.montana,0.5645306859205776,opth,2,False,mlp1,bce,msle
117,0.8268825331158758,0.11135658537894415,0.9130434782608695,0.6752058554437328,0.9972972972972973,0.8052373158756138,23.0,Carex.spicata,0.5882493337046024,opth,2,False,mlp1,bce,msle
118,0.7869844179651696,0.15429521030648255,0.6,0.7763519706691109,0.9883313885647608,0.8696098562628337,25.0,Carex.nigra,0.37635197066911097,opth,2,False,mlp1,bce,msle
119,0.7633815551537071,0.033567639959541484,0.4,0.8019891500904159,0.9932810750279956,0.8874437218609305,10.0,Carex.ornithopoda,0.20198915009041585,opth,2,False,mlp1,bce,msle
120,0.9246835443037975,0.19020251592697499,0.9,0.8191681735985533,0.9988974641675854,0.9001490312965723,10.0,Carex.pallescens,0.7191681735985533,opth,2,False,mlp1,bce,msle
121,0.7984406698754922,0.07033184633125726,0.5652173913043478,0.7749313815187557,0.9883313885647608,0.8687179487179487,23.0,Carex.panicea,0.3401487728231034,opth,2,False,mlp1,bce,msle
122,0.8539039039039039,0.03217142810309612,0.5,0.9396396396396396,0.997131931166348,0.9675324675324676,6.0,Carex.rupestris,0.4396396396396396,opth,2,False,mlp1,bce,msle
123,0.8613959304308285,0.4612324637099221,0.9,0.712742980561555,0.9720176730486009,0.822429906542056,190.0,Carex.sempervirens,0.612742980561555,opth,2,False,mlp1,bce,msle
124,0.8782319103844989,0.12159003710498774,0.8666666666666667,0.7774750227066304,0.9976689976689976,0.8739152628892292,15.0,Carex.tomentosa,0.644141689373297,opth,2,False,mlp1,bce,msle
125,0.8379960536765488,0.33368765713266835,0.8292682926829268,0.756294058408862,0.9727979274611399,0.8509915014164305,123.0,Carlina.acaulis,0.5855623510917889,opth,2,False,mlp1,bce,msle
126,0.8790925710486954,0.18139612178540673,0.5454545454545454,0.916819012797075,0.9901283316880553,0.9520645467489322,22.0,Carlina.vulgaris,0.4622735582516204,opth,2,False,mlp1,bce,msle
127,0.8485556791620315,0.36139646902225697,0.7272727272727273,0.7709335899903753,0.9744525547445255,0.8608275120902741,77.0,Carum.carvi,0.4982063172631026,opth,2,False,mlp1,bce,msle
128,0.8440595806762831,0.42478126850577436,0.9230769230769231,0.6252676659528907,0.9765886287625418,0.762402088772846,182.0,Centaurea.jacea,0.548344589029814,opth,2,False,mlp1,bce,msle
129,0.8921105224756527,0.21081395401205172,0.7931034482758621,0.8242870285188593,0.9933481152993349,0.9009552538964304,29.0,Centaurea.montana,0.6173904767947214,opth,2,False,mlp1,bce,msle
130,0.8336285002951669,0.3430369744793193,0.811965811965812,0.6756756756756757,0.9684361549497847,0.7959905660377359,117.0,Centaurea.scabiosa,0.4876414876414876,opth,2,False,mlp1,bce,msle
131,0.8559872595363887,0.5924583798809777,0.7873303167420814,0.7363128491620111,0.93342776203966,0.8232354778263585,221.0,Cerastium.arvense,0.5236431659040925,opth,2,False,mlp1,bce,msle
132,0.8302919708029197,0.06062996988459973,0.55,0.8467153284671532,0.9903948772678762,0.9129365469749139,20.0,Cerastium.brachypetalum,0.3967153284671534,opth,2,False,mlp1,bce,msle
133,0.7920772946859904,0.3489659740835922,0.7533333333333333,0.6739130434782609,0.9462209302325582,0.7871825876662636,150.0,Cerastium.fontanum,0.42724637681159416,opth,2,False,mlp1,bce,msle
134,0.9000549954170486,0.2465076304662241,0.44,0.9358386801099908,0.9864734299516909,0.9604891815616181,25.0,Cerastium.glomeratum,0.3758386801099909,opth,2,False,mlp1,bce,msle
135,0.8365909090909092,0.21422399063213574,0.625,0.8836363636363637,0.9938650306748467,0.9355149181905679,16.0,Cerastium.pumilum,0.5086363636363638,opth,2,False,mlp1,bce,msle
136,0.8744359205776173,0.04272571418723423,0.625,0.8637184115523465,0.996875,0.925531914893617,8.0,Cerastium.semidecandrum,0.4887184115523464,opth,2,False,mlp1,bce,msle
137,0.8274367071669433,0.09149346687946015,0.7058823529411765,0.7315741583257507,0.9938195302843016,0.8427672955974843,17.0,Chaerophyllum.aureum,0.4374565112669271,opth,2,False,mlp1,bce,msle
138,0.8462462462462463,0.22145304589471138,0.8333333333333334,0.7324324324324324,0.9987714987714987,0.8451143451143451,6.0,Chaerophyllum.hirsutum,0.5657657657657658,opth,2,False,mlp1,bce,msle
139,0.9254105839416058,0.2712226512515842,0.65,0.927007299270073,0.9931573802541545,0.9589428975932044,20.0,Chaerophyllum.villarsii,0.577007299270073,opth,2,False,mlp1,bce,msle
140,0.4170403587443946,0.0015360983102918587,0.0,0.5865470852017938,0.9984732824427481,0.7389830508474576,1.0,Chenopodium.album,-0.41345291479820623,opth,2,False,mlp1,bce,msle
141,0.7855681818181819,0.12351265544789204,0.625,0.7172727272727273,0.9924528301886792,0.8327176781002639,16.0,Chondrilla.juncea,0.3422727272727273,opth,2,False,mlp1,bce,msle
142,0.7794667010176477,0.02940624442417232,0.42857142857142855,0.7862939585211902,0.9954337899543378,0.8785894206549119,7.0,Cichorium.intybus,0.2148653870926187,opth,2,False,mlp1,bce,msle
143,0.6751713096381684,0.15054516708402632,0.4266666666666667,0.7694524495677233,0.9490521327014217,0.849867374005305,75.0,Cirsium.acaule,0.19611911623439005,opth,2,False,mlp1,bce,msle
144,0.770825649824415,0.11401561689730473,0.847457627118644,0.5912961210974456,0.9858044164037855,0.7392075694855116,59.0,Cirsium.arvense,0.4387537482160897,opth,2,False,mlp1,bce,msle
145,0.8931633574007222,0.06941452111124076,0.75,0.8844765342960289,0.9979633401221996,0.937799043062201,8.0,Cirsium.eriophorum,0.634476534296029,opth,2,False,mlp1,bce,msle
146,0.9516019855595668,0.34604862187825275,0.875,0.8384476534296029,0.9989247311827957,0.9116781157998037,8.0,Cirsium.palustre,0.7134476534296028,opth,2,False,mlp1,bce,msle
147,0.8497386079900124,0.2076010427842806,0.6041666666666666,0.8651685393258427,0.9798515376458112,0.9189457981103928,48.0,Cirsium.spinosissimum,0.46933520599250933,opth,2,False,mlp1,bce,msle
148,0.7320084311954231,0.015649103286531452,0.8888888888888888,0.5555555555555556,0.9983766233766234,0.7138711549622752,9.0,Cirsium.tuberosum,0.4444444444444444,opth,2,False,mlp1,bce,msle
149,0.8135650130109964,0.17008965842718746,0.5757575757575758,0.7931671283471837,0.983963344788087,0.878323108384458,33.0,Cirsium.vulgare,0.36892470410475964,opth,2,False,mlp1,bce,msle
150,0.7211903869828186,0.10639464527191599,0.8235294117647058,0.467697907188353,0.9941972920696325,0.6361386138613861,17.0,Clinopodium.vulgare,0.29122731895305876,opth,2,False,mlp1,bce,msle
151,0.794616788321168,0.057299703319213996,0.75,0.7509124087591241,0.9939613526570048,0.8555093555093555,20.0,Coeloglossum.viride,0.5009124087591241,opth,2,False,mlp1,bce,msle
152,0.8525800298984483,0.31140069910739876,0.7789473684210526,0.7375122428991185,0.9728682170542635,0.8389972144846797,95.0,Colchicum.autumnale,0.5164596113201712,opth,2,False,mlp1,bce,msle
153,0.8181940700808625,0.1820757438406543,0.75,0.6811320754716981,0.9809782608695652,0.8040089086859689,56.0,Convolvulus.arvensis,0.4311320754716981,opth,2,False,mlp1,bce,msle
154,0.7283528352835283,0.00950549134937771,0.6,0.693969396939694,0.9974126778783958,0.8184713375796179,5.0,Conyza.canadensis,0.2939693969396939,opth,2,False,mlp1,bce,msle
155,0.7884716386554622,0.1566841344874947,0.5,0.9319852941176471,0.9863813229571985,0.9584120982986768,28.0,Coronilla.minima,0.4319852941176472,opth,2,False,mlp1,bce,msle
156,0.6513513513513514,0.014976308169982307,0.16666666666666666,0.8585585585585586,0.9947807933194155,0.9216634429400387,6.0,Crepis.aurea,0.02522522522522519,opth,2,False,mlp1,bce,msle
157,0.8834511644486691,0.28921845991518447,0.875,0.752851711026616,0.99,0.8552915766738661,64.0,Crepis.biennis,0.627851711026616,opth,2,False,mlp1,bce,msle
158,0.9366366366366367,0.13420214642842562,1.0,0.8297297297297297,1.0,0.9069423929098966,6.0,Crepis.bocconi,0.8297297297297297,opth,2,False,mlp1,bce,msle
159,0.8379378019323671,0.1239973562878322,0.5833333333333334,0.7898550724637681,0.9942987457240593,0.8803634528016153,12.0,Crepis.conyzifolia,0.37318840579710155,opth,2,False,mlp1,bce,msle
160,0.9178303987047156,0.1689101351962752,0.8333333333333334,0.8715846994535519,0.996875,0.9300291545189504,18.0,Crepis.foetida,0.7049180327868854,opth,2,False,mlp1,bce,msle
161,0.9640933572710951,0.03603896103896104,1.0,0.8500897666068222,1.0,0.9189713731198448,2.0,Crepis.mollis,0.8500897666068221,opth,2,False,mlp1,bce,msle
162,0.922788909127707,0.2504091666234042,0.8888888888888888,0.8351548269581056,0.9978237214363439,0.9092711948438275,18.0,Crepis.pyrenaica,0.7240437158469946,opth,2,False,mlp1,bce,msle
163,0.8230803771890436,0.233232998069486,0.7058823529411765,0.7423664122137404,0.974937343358396,0.8429035752979415,68.0,Crepis.vesicaria,0.44824876515491696,opth,2,False,mlp1,bce,msle
164,0.8457399103139014,0.005780346820809248,1.0,0.8188340807174888,1.0,0.9003944773175543,1.0,Cruciata.glabra,0.8188340807174888,opth,2,False,mlp1,bce,msle
165,0.8063514467184192,0.1347454272962312,0.8461538461538461,0.6247706422018349,0.9941605839416059,0.7673239436619719,26.0,Cruciata.laevipes,0.4709244883556809,opth,2,False,mlp1,bce,msle
166,0.7630963096309631,0.021032668542157143,0.8,0.6660666066606661,0.9986504723346828,0.7991360691144709,5.0,Cruciata.pedemontana,0.46606660666066624,opth,2,False,mlp1,bce,msle
167,0.9502845163222522,0.03578486554096311,1.0,0.6594788858939802,1.0,0.7948023822414727,3.0,Cuscuta.epithymum,0.6594788858939802,opth,2,False,mlp1,bce,msle
168,0.864847902657701,0.26094805913267377,0.8533333333333334,0.7521613832853026,0.9861460957178841,0.8534059945504087,75.0,Cynosurus.cristatus,0.605494716618636,opth,2,False,mlp1,bce,msle
169,0.8320034126267188,0.6716959139152776,0.8359788359788359,0.6869918699186992,0.8910369068541301,0.7758224942616679,378.0,Dactylis.glomerata,0.522970705897535,opth,2,False,mlp1,bce,msle
170,0.9650224215246637,0.025,1.0,0.8008968609865471,1.0,0.8894422310756972,1.0,Dactylorhiza.maculata,0.8008968609865472,opth,2,False,mlp1,bce,msle
171,0.5952022483187795,0.01954098359890267,0.3333333333333333,0.7082204155374887,0.9924050632911392,0.8265682656826568,9.0,Dactylorhiza.majalis,0.04155374887082197,opth,2,False,mlp1,bce,msle
172,0.5538599640933572,0.00302158930120042,0.0,0.770197486535009,0.9976744186046511,0.8693009118541033,2.0,Danthonia.decumbens,-0.22980251346499103,opth,2,False,mlp1,bce,msle
173,0.8381563059499522,0.26391016356206576,0.9361702127659575,0.6330724070450098,0.9908116385911179,0.7725373134328358,94.0,Daucus.carota,0.5692426198109672,opth,2,False,mlp1,bce,msle
174,0.7393757588743661,0.13431502569041082,0.6410256410256411,0.713091922005571,0.9820971867007673,0.8262506724045185,39.0,Deschampsia.cespitosa,0.3541175630312121,opth,2,False,mlp1,bce,msle
175,0.7241280046058629,0.031346088333539746,0.5263157894736842,0.7101185050136737,0.9885786802030457,0.826525198938992,19.0,Dianthus.carthusianorum,0.23643429448735787,opth,2,False,mlp1,bce,msle
176,0.8143758856112328,0.09808030222434308,0.7142857142857143,0.7583408476104598,0.9976275207591934,0.8616803278688525,7.0,Dianthus.deltoides,0.472626561896174,opth,2,False,mlp1,bce,msle
177,0.8707957256976865,0.3070269388423582,0.5777777777777777,0.900093370681606,0.9806714140386572,0.9386562804284323,45.0,Dianthus.sylvestris,0.47787114845938383,opth,2,False,mlp1,bce,msle
178,0.7698054875692386,0.029019695946298444,0.42857142857142855,0.8710550045085663,0.9958762886597938,0.9292929292929293,7.0,Dipsacus.fullonum,0.2996264330799949,opth,2,False,mlp1,bce,msle
179,0.8430871212121211,0.20489426183474926,0.5666666666666667,0.8153409090909091,0.9706877113866967,0.8862583633556356,60.0,Draba.aizoides,0.3820075757575756,opth,2,False,mlp1,bce,msle
180,0.8657823741007193,0.027680379809282257,0.75,0.8633093525179856,0.9989594172736732,0.9261939218523878,4.0,Draba.siliquosa,0.6133093525179856,opth,2,False,mlp1,bce,msle
181,0.83022317962077,0.10640594658087348,0.4594594594594595,0.8628359592215014,0.9789695057833859,0.9172413793103448,37.0,Dryas.octopetala,0.3222954186809608,opth,2,False,mlp1,bce,msle
182,0.7868705035971224,0.11116439866439866,0.5,0.9469424460431655,0.9981042654028436,0.9718504845408399,4.0,Dryopteris.filix.mas,0.44694244604316546,opth,2,False,mlp1,bce,msle
183,0.8374315546032718,0.10446758521034555,0.7777777777777778,0.699724517906336,0.9921875,0.8206785137318255,27.0,Echium.vulgare,0.47750229568411395,opth,2,False,mlp1,bce,msle
184,0.97847533632287,0.04,1.0,0.8887892376681614,1.0,0.9411206077872745,1.0,Epilobium.angustifolium,0.8887892376681614,opth,2,False,mlp1,bce,msle
185,0.7637017070979334,0.008132136443394722,0.6666666666666666,0.74303683737646,0.998792270531401,0.8521380731581659,3.0,Epipactis.palustris,0.4097035040431267,opth,2,False,mlp1,bce,msle
186,0.7765623135367358,0.0636529027224681,0.7391304347826086,0.656907593778591,0.9917127071823204,0.7903137039075399,23.0,Equisetum.arvense,0.3960380285611995,opth,2,False,mlp1,bce,msle
187,0.7758401453224342,0.06673059285151445,0.5333333333333333,0.7920072661217076,0.9920364050056882,0.8808080808080808,15.0,Equisetum.palustre,0.3253405994550409,opth,2,False,mlp1,bce,msle
188,0.90754039497307,0.031578947368421054,0.0,0.9946140035906643,0.9981981981981982,0.9964028776978417,2.0,Equisetum.telmateia,-0.0053859964093356805,opth,2,False,mlp1,bce,msle
189,0.9378378378378378,0.0692920554185815,0.8333333333333334,0.8927927927927928,0.998991935483871,0.9429115128449096,6.0,Erigeron.acer,0.7261261261261263,opth,2,False,mlp1,bce,msle
190,0.8477760530963978,0.07253729930038773,0.7058823529411765,0.8180163785259327,0.9944690265486725,0.8976535197204194,17.0,Erigeron.alpinus,0.5238987314671091,opth,2,False,mlp1,bce,msle
191,0.8881406659184437,0.15108862541068852,0.8888888888888888,0.7943067033976124,0.9965437788018433,0.8840061318344404,27.0,Erigeron.annuus,0.6831955922865012,opth,2,False,mlp1,bce,msle
192,0.8822093590905922,0.07328332655333673,0.6153846153846154,0.9066183136899365,0.9950248756218906,0.9487666034155597,13.0,Erigeron.glabratus,0.522002929074552,opth,2,False,mlp1,bce,msle
193,0.8613937910601571,0.07045334532511559,0.7142857142857143,0.8151487826871056,0.9977924944812362,0.8972704714640198,7.0,Erigeron.neglectus,0.52943449697282,opth,2,False,mlp1,bce,msle
194,0.8561685118802145,0.20517975840637942,0.6551724137931034,0.7939282428702852,0.9885452462772051,0.8806122448979592,29.0,Erigeron.uniflorus,0.4491006566633886,opth,2,False,mlp1,bce,msle
195,0.8524540800963565,0.04499574039911404,0.4444444444444444,0.8879855465221319,0.9949392712550608,0.9384248210023867,9.0,Erodium.cicutarium,0.3324299909665762,opth,2,False,mlp1,bce,msle
196,0.7431405384516295,0.012981633953197798,0.0,0.9323715058611362,0.9932756964457252,0.9618604651162791,7.0,Erophila.verna,-0.06762849413886385,opth,2,False,mlp1,bce,msle
197,0.8666970862394889,0.30143752855410505,0.6724137931034483,0.8534971644612477,0.9793926247288504,0.9121212121212121,58.0,Eryngium.campestre,0.5259109575646961,opth,2,False,mlp1,bce,msle
198,0.8173515981735161,0.08330695958350544,0.47619047619047616,0.8721461187214612,0.9886128364389234,0.9267345948568656,21.0,Erysimum.rhaeticum,0.34833659491193725,opth,2,False,mlp1,bce,msle
199,0.943695717280623,0.11331569664902998,1.0,0.7870619946091644,1.0,0.8808446455505279,3.0,Erysimum.virgatum,0.7870619946091644,opth,2,False,mlp1,bce,msle
200,0.7814756317689531,0.032269818249215314,0.75,0.5848375451263538,0.9969230769230769,0.7372013651877133,8.0,Eupatorium.cannabinum,0.33483754512635366,opth,2,False,mlp1,bce,msle
201,0.7408502724052497,0.314374838601505,0.6477987421383647,0.703239289446186,0.9231824417009602,0.7983392645314353,159.0,Euphorbia.cyparissias,0.3510380315845507,opth,2,False,mlp1,bce,msle
202,0.8266426642664266,0.22548403969792985,0.8,0.8037803780378038,0.9988814317673378,0.8907730673316708,5.0,Euphorbia.dulcis,0.6037803780378037,opth,2,False,mlp1,bce,msle
203,0.6298292902066487,0.006333994479910826,0.3333333333333333,0.6702605570530099,0.9973262032085561,0.8017195056421279,3.0,Euphorbia.helioscopia,0.003593890386343279,opth,2,False,mlp1,bce,msle
204,0.7885885885885886,0.20809819059821108,0.5,0.9540540540540541,0.9971751412429378,0.9751381215469613,6.0,Euphorbia.seguieriana,0.4540540540540541,opth,2,False,mlp1,bce,msle
205,0.8165117528809983,0.16678734984440344,0.7446808510638298,0.6697848456501403,0.9835164835164835,0.796883695047301,47.0,Euphorbia.brittingeri,0.41446569671396993,opth,2,False,mlp1,bce,msle
206,0.9101985559566788,0.05410674004613142,0.875,0.8014440433212996,0.9988751406074241,0.8893340010015023,8.0,Euphrasia.alpina,0.6764440433212995,opth,2,False,mlp1,bce,msle
207,0.9127823575540807,0.31364619239889086,0.9387755102040817,0.761012183692596,0.996319018404908,0.8629117959617428,49.0,Euphrasia.minima,0.6997876938966776,opth,2,False,mlp1,bce,msle
208,0.8013482657388279,0.10383031937671888,0.6470588235294118,0.7975970425138632,0.9862857142857143,0.8819621870209504,34.0,Euphrasia.salisburgensis,0.4446558660432749,opth,2,False,mlp1,bce,msle
209,0.8702070207020702,0.05075749775019626,0.8,0.7938793879387939,0.9988674971687429,0.8846539618856569,5.0,Euphrasia.stricta,0.5938793879387938,opth,2,False,mlp1,bce,msle
210,0.8688899040657835,0.39923013709731836,0.9173553719008265,0.7316582914572864,0.986449864498645,0.8401615695326025,121.0,Festuca.arundinacea,0.649013663358113,opth,2,False,mlp1,bce,msle
211,0.844090909090909,0.23605850168061238,0.5,0.9709090909090909,0.9925650557620818,0.9816176470588235,16.0,Festuca.ovina,0.47090909090909094,opth,2,False,mlp1,bce,msle
212,0.8569115563651083,0.05746066272580049,0.7222222222222222,0.7969034608378871,0.9943181818181818,0.884732052578362,18.0,Festuca.halleri,0.5191256830601092,opth,2,False,mlp1,bce,msle
213,0.8146497597728762,0.38564678289745546,0.6776315789473685,0.7780082987551867,0.9386733416770964,0.8508224617129893,152.0,Festuca.laevigata,0.4556398777025552,opth,2,False,mlp1,bce,msle
214,0.8322828250885804,0.362685378522855,0.7412587412587412,0.7605344295991778,0.9523809523809523,0.8457142857142858,143.0,Festuca.nigrescens,0.5017931708579191,opth,2,False,mlp1,bce,msle
215,0.8785022705852112,0.3127182117113903,0.7454545454545455,0.819038642789821,0.984144960362401,0.8940329218106996,55.0,Festuca.paniculata,0.5644931882443665,opth,2,False,mlp1,bce,msle
216,0.907870753935377,0.30516199075504086,0.8235294117647058,0.8366197183098592,0.99,0.9068702290076336,51.0,Festuca.quadriflora,0.660149130074565,opth,2,False,mlp1,bce,msle
217,0.7002270295282991,0.24437669477688703,0.6338028169014085,0.6447638603696099,0.9235294117647059,0.7593712212817413,142.0,Festuca.rubra,0.27856667727101847,opth,2,False,mlp1,bce,msle
218,0.9153426995798318,0.28218768573409425,0.7857142857142857,0.8722426470588235,0.993717277486911,0.9290259422418012,28.0,Festuca.valesiaca,0.6579569327731092,opth,2,False,mlp1,bce,msle
219,0.8766613687943754,0.432881731502226,0.8523489932885906,0.765253360910031,0.9711286089238845,0.8559861191440139,149.0,Festuca.violacea,0.6176023541986218,opth,2,False,mlp1,bce,msle
220,0.7898513757099614,0.09121652555216042,0.7777777777777778,0.6914600550964187,0.9920948616600791,0.814935064935065,27.0,Filipendula.vulgaris,0.4692378328741964,opth,2,False,mlp1,bce,msle
221,0.8576388888888888,0.04777705707752671,1.0,0.5181159420289855,1.0,0.6825775656324582,12.0,Fragaria.vesca,0.5181159420289854,opth,2,False,mlp1,bce,msle
222,0.7777046482928837,0.05813693969104169,0.2727272727272727,0.9538461538461539,0.992467043314501,0.972773419473927,11.0,Fumana.procumbens,0.2265734265734265,opth,2,False,mlp1,bce,msle
223,0.773014440433213,0.025789290123309463,0.75,0.6823104693140795,0.9973614775725593,0.8102893890675241,8.0,Galeopsis.tetrahit,0.43231046931407935,opth,2,False,mlp1,bce,msle
224,0.7931000525210085,0.07807360596040724,0.8214285714285714,0.7242647058823529,0.9936948297604036,0.837852206273259,28.0,Galium.anisophyllon,0.5456932773109244,opth,2,False,mlp1,bce,msle
225,0.7967625899280575,0.031279648467148466,1.0,0.5098920863309353,1.0,0.6754020250148898,4.0,Galium.aparine,0.5098920863309353,opth,2,False,mlp1,bce,msle
226,0.8112338858195212,0.14299475902044542,0.8333333333333334,0.6316758747697975,0.9927641099855282,0.7720877884074282,30.0,Galium.boreale,0.46500920810313096,opth,2,False,mlp1,bce,msle
227,0.8949204335793358,0.2412968761487522,0.625,0.9095940959409594,0.9879759519038076,0.94716618635927,32.0,Galium.corrudifolium,0.5345940959409594,opth,2,False,mlp1,bce,msle
228,0.8135099869517213,0.050859769817064415,0.7777777777777778,0.7353206865401988,0.9975490196078431,0.8465938637545501,9.0,Galium.glaucum,0.5130984643179766,opth,2,False,mlp1,bce,msle
229,0.8026675622511155,0.15886331963314587,0.7368421052631579,0.7192342752962625,0.9937027707808564,0.8344791115811739,19.0,Galium.lucidum,0.45607638055942035,opth,2,False,mlp1,bce,msle
230,0.8354926916575518,0.4951022018465963,0.9070796460176991,0.6258426966292134,0.9636678200692042,0.7588555858310627,226.0,Galium.mollugo,0.5329223426469125,opth,2,False,mlp1,bce,msle
231,0.7679056439220898,0.2773688563154484,0.7024793388429752,0.7226130653266332,0.952317880794702,0.8217142857142857,121.0,Galium.pumilum,0.42509240416960825,opth,2,False,mlp1,bce,msle
232,0.7621700789207837,0.4698349090690463,0.797752808988764,0.6148409893992933,0.90625,0.7326315789473684,267.0,Galium.verum,0.4125937983880572,opth,2,False,mlp1,bce,msle
233,0.832321392430682,0.06803716545332482,0.4444444444444444,0.8925318761384335,0.98989898989899,0.9386973180076629,18.0,Genista.pilosa,0.33697632058287796,opth,2,False,mlp1,bce,msle
234,0.7709742659878652,0.03405805141941985,0.7692307692307693,0.6373526745240253,0.9957507082152974,0.7772249861802101,13.0,Genista.sagittalis,0.4065834437547946,opth,2,False,mlp1,bce,msle
235,0.7925206232813933,0.07752974686491193,0.52,0.7745187901008249,0.9859976662777129,0.8675564681724846,25.0,Genista.tinctoria,0.2945187901008248,opth,2,False,mlp1,bce,msle
236,0.8534663865546218,0.14504228336832262,0.5714285714285714,0.8465073529411765,0.9871382636655949,0.9114299851558635,28.0,Gentiana.acaulis,0.4179359243697478,opth,2,False,mlp1,bce,msle
237,0.8915531335149863,0.17999331405871832,0.6666666666666666,0.8928247048138056,0.9949392712550608,0.9411201531833413,15.0,Gentiana.alpina,0.5594913714804721,opth,2,False,mlp1,bce,msle
238,0.9313039901275195,0.09952607490657021,0.8181818181818182,0.8660633484162896,0.9979144942648592,0.9273255813953488,11.0,Gentiana.bavarica,0.684245166598108,opth,2,False,mlp1,bce,msle
239,0.8672252415458936,0.046978597654627564,0.8333333333333334,0.7373188405797102,0.9975490196078431,0.8479166666666667,12.0,Gentiana.cruciata,0.5706521739130435,opth,2,False,mlp1,bce,msle
240,0.9125512268506509,0.38539240786727874,0.918918918918919,0.7735124760076776,0.9926108374384236,0.8694714131607335,74.0,Gentiana.lutea,0.6924313949265966,opth,2,False,mlp1,bce,msle
241,0.8644256921682125,0.07233067681087554,0.38461538461538464,0.9628286491387126,0.9925233644859813,0.9774505292222734,13.0,Gentiana.nivalis,0.34744403375409716,opth,2,False,mlp1,bce,msle
242,0.8684858698470314,0.12181240273068634,0.5714285714285714,0.8157894736842105,0.9933701657458563,0.8958644743398106,14.0,Gentiana.punctata,0.3872180451127818,opth,2,False,mlp1,bce,msle
243,0.8753215537876304,0.42228173992660323,0.7575757575757576,0.7885939036381514,0.9709443099273608,0.8703201302224634,99.0,Gentiana.verna,0.5461696612139089,opth,2,False,mlp1,bce,msle
244,0.860447923461622,0.14374845561493163,0.6666666666666666,0.8657534246575342,0.9926701570680628,0.9248780487804878,21.0,Geranium.columbinum,0.5324200913242008,opth,2,False,mlp1,bce,msle
245,0.8913408310998673,0.2524019906876217,0.6756756756756757,0.8378127896200185,0.9868995633187773,0.906265664160401,37.0,Geranium.dissectum,0.5134884652956941,opth,2,False,mlp1,bce,msle
246,0.901069903564746,0.2079036936910778,0.7368421052631579,0.7994530537830447,0.9943310657596371,0.8863062152602325,19.0,Geranium.molle,0.5362951590462024,opth,2,False,mlp1,bce,msle
247,0.8190442535609438,0.11479647851778152,0.8235294117647058,0.6820702402957486,0.9919354838709677,0.8083242059145673,34.0,Geranium.pyrenaicum,0.5055996520604544,opth,2,False,mlp1,bce,msle
248,0.8448741007194245,0.027038884195553704,1.0,0.6142086330935251,1.0,0.7610027855153203,4.0,Geranium.robertianum,0.6142086330935252,opth,2,False,mlp1,bce,msle
249,0.8532853285328533,0.04519576029145407,0.8,0.6723672367236724,0.9986631016042781,0.8036578805809576,5.0,Geranium.rotundifolium,0.4723672367236724,opth,2,False,mlp1,bce,msle
250,0.9739910313901345,0.03333333333333333,1.0,0.6484304932735426,1.0,0.7867247007616975,1.0,Geranium.sanguineum,0.6484304932735427,opth,2,False,mlp1,bce,msle
251,0.8564612326043738,0.49068858211302324,0.8,0.8081510934393639,0.9736526946107784,0.8832156436719174,110.0,Geranium.sylvaticum,0.6081510934393639,opth,2,False,mlp1,bce,msle
252,0.9047716627634661,0.4896389480603562,0.9357142857142857,0.7489754098360656,0.9878378378378379,0.8519813519813519,140.0,Geum.montanum,0.6846896955503512,opth,2,False,mlp1,bce,msle
253,0.8322427797833936,0.04047753199105952,0.625,0.7951263537906137,0.996606334841629,0.8845381526104418,8.0,Geum.rivale,0.4201263537906137,opth,2,False,mlp1,bce,msle
254,,-0.0,0.0,0.7258064516129032,1.0,0.8411214953271028,0.0,Geum.urbanum,-0.27419354838709675,opth,2,False,mlp1,bce,msle
255,0.9056705670567058,0.06054182714870609,1.0,0.6282628262826283,1.0,0.7716970702045329,5.0,Glechoma.hederacea,0.6282628262826284,opth,2,False,mlp1,bce,msle
256,0.8347498988167511,0.2954820707910886,0.6153846153846154,0.8746518105849582,0.9843260188087775,0.9262536873156342,39.0,Globularia.bisnagarica,0.49003642596957375,opth,2,False,mlp1,bce,msle
257,0.8671556987788331,0.23020516977421152,0.7045454545454546,0.8582089552238806,0.9860664523043944,0.9177057356608479,44.0,Globularia.cordifolia,0.5627544097693353,opth,2,False,mlp1,bce,msle
258,0.9052552552552553,0.055906084861869064,0.8333333333333334,0.8666666666666667,0.9989615784008308,0.9281234925229137,6.0,Globularia.nudicaulis,0.7000000000000002,opth,2,False,mlp1,bce,msle
259,0.7572258568499171,0.09017100299695457,0.631578947368421,0.6716141001855288,0.981029810298103,0.7973568281938326,38.0,Gymnadenia.conopsea,0.30319304755394993,opth,2,False,mlp1,bce,msle
260,0.8063858695652173,0.033888760413140685,0.4166666666666667,0.8940217391304348,0.9929577464788732,0.9408960915157293,12.0,Gypsophila.repens,0.31068840579710155,opth,2,False,mlp1,bce,msle
261,0.7896575776791377,0.34592304267362334,0.6686746987951807,0.7557894736842106,0.9288486416558862,0.8334300638421358,166.0,Helianthemum.nummularium,0.42446417247939117,opth,2,False,mlp1,bce,msle
262,0.8430493273542601,0.005681818181818182,1.0,0.7982062780269058,1.0,0.8877805486284289,1.0,Helleborus.foetidus,0.7982062780269059,opth,2,False,mlp1,bce,msle
263,0.8454208286380097,0.30509294683416266,0.7528089887640449,0.7643622200584226,0.9727385377942999,0.8560523446019629,89.0,Heracleum.sphondylium,0.5171712088224676,opth,2,False,mlp1,bce,msle
264,0.7274249645755506,0.01752128619268767,0.5714285714285714,0.7682596934174932,0.9964912280701754,0.8676171079429735,7.0,Hieracium.bifidum,0.3396882648460646,opth,2,False,mlp1,bce,msle
265,0.6816220014051992,0.013081686040550124,0.3333333333333333,0.7479674796747967,0.9928057553956835,0.8531684698608965,9.0,Hieracium.murorum,0.08130081300813008,opth,2,False,mlp1,bce,msle
266,0.8533950617283951,0.11973787252602293,0.6111111111111112,0.85,0.9849785407725322,0.9125248508946322,36.0,Hieracium.piliferum,0.46111111111111125,opth,2,False,mlp1,bce,msle
267,0.8713213213213213,0.02422114703866733,0.6666666666666666,0.8747747747747747,0.9979445015416238,0.9323091694671147,6.0,Hieracium.prenanthoides,0.5414414414414415,opth,2,False,mlp1,bce,msle
268,0.9107905982905983,0.2769227204675327,0.5416666666666666,0.9294871794871795,0.9892787524366472,0.9584513692162417,24.0,Hieracium.villosum,0.47115384615384626,opth,2,False,mlp1,bce,msle
269,0.8922159090909092,0.0812082480913239,0.5625,0.8818181818181818,0.9928352098259979,0.9340394800192585,16.0,Himantoglossum.hircinum,0.44431818181818183,opth,2,False,mlp1,bce,msle
270,0.7592621773995868,0.2492480090902303,0.5526315789473685,0.7704590818363274,0.9380315917375456,0.846027397260274,114.0,Hippocrepis.comosa,0.32309066078369586,opth,2,False,mlp1,bce,msle
271,0.916657359839178,0.5588313109300656,0.8378378378378378,0.84400826446281,0.9714625445897741,0.9032614704256495,148.0,Holcus.lanatus,0.6818461023006477,opth,2,False,mlp1,bce,msle
272,0.8327305973181633,0.14429415479453508,0.5869565217391305,0.8336448598130841,0.9791437980241493,0.900555275113579,46.0,Homogyne.alpina,0.4206013815522147,opth,2,False,mlp1,bce,msle
273,0.8151651651651652,0.19233371151664327,0.5,0.9612612612612612,0.997196261682243,0.9788990825688073,6.0,Hornungia.petraea,0.4612612612612612,opth,2,False,mlp1,bce,msle
274,0.8832997250229149,0.23548770638331423,0.68,0.8698441796516957,0.9916405433646813,0.9267578125,25.0,Hypericum.maculatum,0.5498441796516957,opth,2,False,mlp1,bce,msle
275,0.7988689915174364,0.13613790909895732,0.8363636363636363,0.6418473138548539,0.9869565217391304,0.7778412335808109,55.0,Hypericum.perforatum,0.47821095021849036,opth,2,False,mlp1,bce,msle
276,0.9222300750244645,0.23174171679422767,0.9411764705882353,0.7920517560073937,0.9976717112922002,0.8830499742400825,34.0,Hypericum.richeri,0.7332282265956289,opth,2,False,mlp1,bce,msle
277,0.8472958948339483,0.17854860560672062,0.71875,0.8071955719557196,0.9898190045248869,0.8892276422764228,32.0,Hypochaeris.maculata,0.5259455719557196,opth,2,False,mlp1,bce,msle
278,0.906389405204461,0.2921532659124981,0.75,0.8615241635687733,0.9893276414087513,0.9210134128166915,40.0,Hypochaeris.radicata,0.6115241635687734,opth,2,False,mlp1,bce,msle
279,0.8988309352517985,0.06363964831988438,0.5,0.9586330935251799,0.99812734082397,0.9779816513761468,4.0,Hyssopus.officinalis,0.4586330935251799,opth,2,False,mlp1,bce,msle
280,0.8362147406733393,0.13971489548706098,0.5882352941176471,0.7779799818016379,0.9918793503480279,0.8720040795512494,17.0,Inula.salicina,0.36621527591928493,opth,2,False,mlp1,bce,msle
281,0.6273627362736274,0.009850027942152756,0.2,0.8505850585058505,0.9957850368809273,0.9174757281553398,5.0,Isatis.tinctoria,0.05058505850585049,opth,2,False,mlp1,bce,msle
282,0.6037537537537537,0.021183970900146093,0.5,0.6981981981981982,0.9961439588688946,0.8209745762711864,6.0,Juncus.alpinoarticulatus,0.19819819819819817,opth,2,False,mlp1,bce,msle
283,0.7111262077294686,0.023388977297953965,0.3333333333333333,0.8885869565217391,0.9919110212335692,0.9374104156712852,12.0,Juncus.articulatus,0.2219202898550725,opth,2,False,mlp1,bce,msle
284,0.9055731046931409,0.06131185771455219,0.625,0.9431407942238267,0.9971374045801527,0.9693877551020408,8.0,Juncus.effusus,0.5681407942238268,opth,2,False,mlp1,bce,msle
285,0.7797727272727273,0.04326930510945243,0.375,0.8854545454545455,0.9898373983739838,0.9347408829174664,16.0,Juncus.inflexus,0.2604545454545455,opth,2,False,mlp1,bce,msle
286,0.9272414490993726,0.41536687441962405,0.8333333333333334,0.8387978142076503,0.9967532467532467,0.9109792284866469,18.0,Juncus.jacquinii,0.6721311475409837,opth,2,False,mlp1,bce,msle
287,0.8198738856273102,0.06520510817949295,0.47619047619047616,0.8328767123287671,0.9880823401950163,0.9038652130822596,21.0,Juncus.trifidus,0.3090671885192433,opth,2,False,mlp1,bce,msle
288,0.8910891089108911,0.07056372651662995,0.4,0.9828982898289829,0.9972602739726028,0.9900271985494107,5.0,Juncus.triglumis,0.382898289828983,opth,2,False,mlp1,bce,msle
289,0.8665298607850688,0.5167062192528898,0.9234449760765551,0.6747519294377067,0.9745222929936306,0.7973941368078176,209.0,Knautia.arvensis,0.5981969055142617,opth,2,False,mlp1,bce,msle
290,0.9098083941605839,0.17761489293185603,0.9,0.8211678832116789,0.9977827050997783,0.9009009009009009,20.0,Knautia.dipsacifolia,0.7211678832116788,opth,2,False,mlp1,bce,msle
291,0.7732115677321156,0.050067563902364116,0.8095238095238095,0.6438356164383562,0.9943582510578279,0.7815964523281597,21.0,Koeleria.macrantha,0.45335942596216583,opth,2,False,mlp1,bce,msle
292,0.7569712810480573,0.1637325382548588,0.5254237288135594,0.8060548722800378,0.9681818181818181,0.879710893133712,59.0,Koeleria.pyramidata,0.3314786010935973,opth,2,False,mlp1,bce,msle
293,0.8008299616142754,0.25079042561718673,0.5111111111111111,0.8944911297852475,0.9775510204081632,0.9341784495368113,45.0,Koeleria.vallesiana,0.40560224089635843,opth,2,False,mlp1,bce,msle
294,0.8708860759493671,0.26500193361704083,0.6,0.8345388788426763,0.9956850053937433,0.9080177078209543,10.0,Lactuca.perennis,0.4345388788426763,opth,2,False,mlp1,bce,msle
295,0.6905829596412556,0.002890173410404624,0.0,0.8143497757847533,0.9988998899889989,0.8972332015810277,1.0,Lactuca.serriola,-0.18565022421524668,opth,2,False,mlp1,bce,msle
296,0.7589928057553957,0.009678067643226203,0.5,0.7131294964028777,0.9974842767295597,0.8316727844782381,4.0,Lamium.purpureum,0.21312949640287782,opth,2,False,mlp1,bce,msle
297,0.8047576301615799,0.02620760534429599,0.5,0.8159784560143627,0.9989010989010989,0.8982213438735178,2.0,Lapsana.communis,0.3159784560143626,opth,2,False,mlp1,bce,msle
298,0.6408408408408408,0.019991732464157762,0.6666666666666666,0.8153153153153153,0.9977949283351709,0.8973723351512147,6.0,Laserpitium.halleri,0.48198198198198194,opth,2,False,mlp1,bce,msle
299,0.900229469778342,0.33484726987458413,0.8157894736842105,0.8070500927643784,0.992018244013683,0.8900255754475703,38.0,Laserpitium.latifolium,0.6228395664485888,opth,2,False,mlp1,bce,msle
300,0.8353909465020576,0.03182283786706072,0.4444444444444444,0.8301716350496838,0.9945887445887446,0.9049729197439685,9.0,Laserpitium.siler,0.27461607949412814,opth,2,False,mlp1,bce,msle
301,0.8154226618705036,0.015289341268239876,0.0,0.9811151079136691,0.9963470319634703,0.9886724059809696,4.0,Lathyrus.heterophyllus,-0.01888489208633093,opth,2,False,mlp1,bce,msle
302,0.8661275831087151,0.013489967732379426,0.6666666666666666,0.87151841868823,0.9989701338825953,0.9309021113243762,3.0,Lathyrus.occidentalis,0.5381850853548966,opth,2,False,mlp1,bce,msle
303,0.7934081278890601,0.4282695431388408,0.8601694915254238,0.6352272727272728,0.9442567567567568,0.7595108695652174,236.0,Lathyrus.pratensis,0.49539676425269663,opth,2,False,mlp1,bce,msle
304,0.7981981981981983,0.016979128849932662,0.16666666666666666,0.9495495495495495,0.9952785646836638,0.9718764407561088,6.0,Lathyrus.sphaericus,0.11621621621621614,opth,2,False,mlp1,bce,msle
305,0.9460916442048518,0.03309898673748439,0.3333333333333333,0.9407008086253369,0.998093422306959,0.9685476410730804,3.0,Lathyrus.sylvestris,0.27403414195867026,opth,2,False,mlp1,bce,msle
306,0.6223021582733813,0.005726689343951606,0.0,0.9163669064748201,0.9960899315738025,0.9545667447306792,4.0,Lathyrus.tuberosus,-0.08363309352517989,opth,2,False,mlp1,bce,msle
307,0.6401410224124906,0.06926767280333598,0.48484848484848486,0.7636195752539243,0.9798578199052133,0.8583290088220031,33.0,Leontodon.autumnalis,0.24846806010240918,opth,2,False,mlp1,bce,msle
308,0.7013449078687074,0.3758141522694942,0.6008583690987125,0.6828992072480181,0.8663793103448276,0.7637745408486384,233.0,Leontodon.hispidus,0.2837575763467306,opth,2,False,mlp1,bce,msle
309,0.8481257245910087,0.03872617616845625,0.5714285714285714,0.8133453561767358,0.9966850828729282,0.8957298907646475,7.0,Leontopodium.alpinum,0.38477392760530726,opth,2,False,mlp1,bce,msle
310,0.8981055019852524,0.20827843224997417,0.7317073170731707,0.8511627906976744,0.9881209503239741,0.9145427286356822,41.0,Leucanthemopsis.alpina,0.5828701077708451,opth,2,False,mlp1,bce,msle
311,0.8623492984356139,0.5918574581829286,0.8786610878661087,0.6909920182440137,0.9543307086614173,0.8015873015873016,239.0,Leucanthemum.vulgare,0.5696531061101224,opth,2,False,mlp1,bce,msle
312,0.9184809705833472,0.20598443334244454,0.9090909090909091,0.7861060329067642,0.9976798143851509,0.8793456032719836,22.0,Lilium.martagon,0.6951969419976733,opth,2,False,mlp1,bce,msle
313,0.6192463898916968,0.017576213095125248,0.375,0.8339350180505415,0.9946178686759957,0.9072164948453608,8.0,Linaria.repens,0.20893501805054138,opth,2,False,mlp1,bce,msle
314,0.8344484290531499,0.052700816440532317,0.7058823529411765,0.7934485896269335,0.9942987457240593,0.8825910931174089,17.0,Linum.alpinum,0.49933094256811006,opth,2,False,mlp1,bce,msle
315,0.7336769354153889,0.18568781139501186,0.7317073170731707,0.5735009671179884,0.9642276422764228,0.71922377198302,82.0,Linum.catharticum,0.305208284191159,opth,2,False,mlp1,bce,msle
316,0.894412756028001,0.1337412333917175,0.5714285714285714,0.9056261343012704,0.9940239043824701,0.9477682811016145,14.0,Linum.tenuifolium,0.47705470572984177,opth,2,False,mlp1,bce,msle
317,0.6807553956834532,0.0077289610527432875,0.75,0.6088129496402878,0.9985250737463127,0.7564245810055866,4.0,Listera.ovata,0.35881294964028765,opth,2,False,mlp1,bce,msle
318,0.7205750224618149,0.006143246659422015,1.0,0.6127583108715184,1.0,0.7598885793871867,3.0,Lolium.multiflorum,0.6127583108715184,opth,2,False,mlp1,bce,msle
319,0.8919731600727075,0.44026392752885374,0.8921568627450981,0.7347140039447732,0.9854497354497355,0.8418079096045198,102.0,Lolium.perenne,0.6268708666898712,opth,2,False,mlp1,bce,msle
320,0.765700773215224,0.5554360341593136,0.7601156069364162,0.6285714285714286,0.8536155202821869,0.7240089753178759,346.0,Lotus.corniculatus,0.38868703550784467,opth,2,False,mlp1,bce,msle
321,0.7586866710154381,0.03888172648552581,0.42857142857142855,0.7735159817351598,0.9860302677532014,0.8669396110542477,21.0,Lotus.maritimus,0.2020874103065884,opth,2,False,mlp1,bce,msle
322,0.7741299937578028,0.1575065625625881,0.3333333333333333,0.9044943820224719,0.9679358717434869,0.9351403678606002,48.0,Luzula.campestris,0.23782771535580527,opth,2,False,mlp1,bce,msle
323,0.8831646734130636,0.13064411867385006,0.896551724137931,0.7598896044158233,0.9963811821471653,0.8622129436325678,29.0,Luzula.lutea,0.6564413285537545,opth,2,False,mlp1,bce,msle
324,0.7362682481751824,0.04385264368074861,0.6,0.7262773722627737,0.9900497512437811,0.8378947368421052,20.0,Luzula.multiflora,0.32627737226277365,opth,2,False,mlp1,bce,msle
325,0.8543089011979905,0.03343499036598957,0.8571428571428571,0.69702434625789,0.9987080103359173,0.8210302708443973,7.0,Luzula.sieberi,0.554167203400747,opth,2,False,mlp1,bce,msle
326,0.8878821458835799,0.23014182571049108,0.8793103448275862,0.7599243856332704,0.9913686806411838,0.8603531300160514,58.0,Luzula.spicata,0.6392347304608565,opth,2,False,mlp1,bce,msle
327,0.7674841053587648,0.05464063559270024,0.4666666666666667,0.7638510445049954,0.9905771495877503,0.8625641025641025,15.0,Luzula.sudetica,0.2305177111716621,opth,2,False,mlp1,bce,msle
328,0.9296312949640289,0.36147223417993973,0.5,0.9019784172661871,0.9980099502487563,0.9475673122342938,4.0,Lysimachia.nummularia,0.4019784172661871,opth,2,False,mlp1,bce,msle
329,0.9573555956678701,0.3728545669076871,0.625,0.9611913357400722,0.9971910112359551,0.9788602941176471,8.0,Lysimachia.vulgaris,0.5861913357400721,opth,2,False,mlp1,bce,msle
330,0.7914777878513146,0.03840541609891872,0.6153846153846154,0.6917497733454215,0.9934895833333334,0.8156066274719401,13.0,Malva.moschata,0.30713438873003707,opth,2,False,mlp1,bce,msle
331,0.7744833782569631,0.010249608057960505,0.3333333333333333,0.7654986522911051,0.9976580796252927,0.8662938485002541,3.0,Malva.sylvestris,0.0988319856244384,opth,2,False,mlp1,bce,msle
332,0.7686202686202686,0.051001056088875424,0.5,0.7765567765567766,0.986046511627907,0.8688524590163934,24.0,Medicago.falcata,0.27655677655677646,opth,2,False,mlp1,bce,msle
333,0.8280509581469305,0.3856772534621833,0.8622754491017964,0.6554267650158061,0.9643410852713178,0.7804265997490589,167.0,Medicago.lupulina,0.5177022141176026,opth,2,False,mlp1,bce,msle
334,0.8813465921899657,0.23263029706369248,0.7027027027027027,0.8646895273401297,0.9883474576271186,0.9223924864063272,37.0,Medicago.minima,0.5673922300428325,opth,2,False,mlp1,bce,msle
335,0.8213937218079719,0.1397106654365545,0.8431372549019608,0.6901408450704225,0.9892328398384926,0.8130530973451328,51.0,Medicago.sativa,0.5332780999723834,opth,2,False,mlp1,bce,msle
336,0.8557866184448463,0.03790938282594159,0.2,0.9321880650994575,0.9923002887391723,0.9613053613053613,10.0,Melica.ciliata,0.13218806509945757,opth,2,False,mlp1,bce,msle
337,0.8765076507650764,0.021797849274255664,0.8,0.8298829882988299,0.9989165763813651,0.9065880039331367,5.0,Melilotus.albus,0.6298829882988299,opth,2,False,mlp1,bce,msle
338,0.8245532662825897,0.2238509509640991,0.7368421052631579,0.7968460111317254,0.9884925201380897,0.8823831535695943,38.0,Meum.athamanticum,0.5336881163948832,opth,2,False,mlp1,bce,msle
339,0.8286786786786787,0.025628596763031843,0.6666666666666666,0.8153153153153153,0.9977949283351709,0.8973723351512147,6.0,Minuartia.laricifolia,0.48198198198198194,opth,2,False,mlp1,bce,msle
340,0.8545288197621226,0.17542205988068701,0.6521739130434783,0.8911253430924062,0.9918533604887984,0.9387951807228916,23.0,Minuartia.rostrata,0.5432992561358845,opth,2,False,mlp1,bce,msle
341,0.8724561994609166,0.2798252634824814,0.625,0.8433962264150944,0.9770491803278688,0.9053164556962026,56.0,Minuartia.verna,0.4683962264150945,opth,2,False,mlp1,bce,msle
342,0.8480427167295854,0.17396262025296677,0.6666666666666666,0.7887970615243343,0.9896313364055299,0.8778742973939704,27.0,Muscari.comosum,0.4554637281910008,opth,2,False,mlp1,bce,msle
343,0.8445593061977433,0.4459298100774114,0.7696629213483146,0.7430703624733476,0.9444444444444444,0.8317422434367542,178.0,Myosotis.alpestris,0.5127332838216621,opth,2,False,mlp1,bce,msle
344,0.8274099651066388,0.34382022867095346,0.8348623853211009,0.6722939424031777,0.9741007194244604,0.7955346650998825,109.0,Myosotis.arvensis,0.5071563277242785,opth,2,False,mlp1,bce,msle
345,0.8099435286935286,0.17207502229151772,0.5416666666666666,0.8690476190476191,0.9885416666666667,0.9249512670565302,24.0,Myosotis.ramosissima,0.4107142857142856,opth,2,False,mlp1,bce,msle
346,0.8898381294964028,0.09669215588121911,0.25,0.9928057553956835,0.997289972899729,0.9950428120775124,4.0,Myosotis.scorpioides,0.2428057553956835,opth,2,False,mlp1,bce,msle
347,0.736983842010772,0.004965074111032686,0.0,0.8123877917414721,0.9977949283351709,0.8955962394854032,2.0,Myosotis.stricta,-0.18761220825852787,opth,2,False,mlp1,bce,msle
348,0.8301440329218107,0.14633947650948673,0.8333333333333334,0.6564814814814814,0.9916083916083916,0.7899721448467967,36.0,Narcissus.poeticus,0.4898148148148147,opth,2,False,mlp1,bce,msle
349,0.891047769584635,0.46242130291221273,0.8832116788321168,0.7415730337078652,0.9784366576819407,0.8436955258570599,137.0,Nardus.stricta,0.6247847125399821,opth,2,False,mlp1,bce,msle
350,0.8910778985507246,0.06530722283566025,0.5,0.9202898550724637,0.9941291585127201,0.955785512699906,12.0,Odontites.luteus,0.42028985507246386,opth,2,False,mlp1,bce,msle
351,0.8755252328351742,0.3561192703378129,0.8444444444444444,0.7826510721247564,0.9828641370869033,0.8714053174172545,90.0,Onobrychis.montana,0.6270955165692009,opth,2,False,mlp1,bce,msle
352,0.8913097880928357,0.46439625484308683,0.888,0.7618567103935419,0.9817945383615084,0.8579545454545454,125.0,Onobrychis.viciifolia,0.649856710393542,opth,2,False,mlp1,bce,msle
353,0.8369855967078189,0.20390876397719537,0.6388888888888888,0.8194444444444444,0.9855233853006682,0.8948432760364005,36.0,Ononis.natrix,0.45833333333333326,opth,2,False,mlp1,bce,msle
354,0.8074585635359116,0.08197969041417116,0.6666666666666666,0.7403314917127072,0.9877149877149877,0.8463157894736842,30.0,Ononis.repens,0.4069981583793738,opth,2,False,mlp1,bce,msle
355,0.7923556898626151,0.07988205355578894,0.5454545454545454,0.7931671283471837,0.982837528604119,0.8778742973939704,33.0,Ononis.spinosa,0.33862167380172914,opth,2,False,mlp1,bce,msle
356,0.8613357292602575,0.018053506741289548,0.6666666666666666,0.9380053908355795,0.999043062200957,0.9675625579240037,3.0,Ophioglossum.vulgatum,0.6046720575022462,opth,2,False,mlp1,bce,msle
357,0.7044104410441046,0.009592130734978957,0.0,0.9261926192619262,0.995164410058027,0.9594405594405594,5.0,Ophrys.apifera,-0.0738073807380738,opth,2,False,mlp1,bce,msle
358,0.7272931654676259,0.008019874717473235,0.0,0.9316546762589928,0.9961538461538462,0.9628252788104089,4.0,Ophrys.insectifera,-0.06834532374100721,opth,2,False,mlp1,bce,msle
359,,-0.0,0.0,0.6998207885304659,1.0,0.823405376910912,0.0,Orchis.mascula,-0.3001792114695341,opth,2,False,mlp1,bce,msle
360,0.7866804070591267,0.016761750956882943,0.2857142857142857,0.8494138863841298,0.9947201689545935,0.9163424124513618,7.0,Orchis.militaris,0.13512817209841543,opth,2,False,mlp1,bce,msle
361,0.8629858193277311,0.12200238142923243,0.75,0.8060661764705882,0.9920814479638009,0.8894523326572008,28.0,Origanum.vulgare,0.5560661764705883,opth,2,False,mlp1,bce,msle
362,0.7665769432773109,0.11119581786674276,0.75,0.6314338235294118,0.9899135446685879,0.7710437710437711,28.0,Ornithogalum.umbellatum,0.3814338235294117,opth,2,False,mlp1,bce,msle
363,0.8613861386138613,0.02733017288148646,0.6,0.8892889288928892,0.997979797979798,0.9405045216563541,5.0,Orobanche.alba,0.4892889288928892,opth,2,False,mlp1,bce,msle
364,0.7692307692307692,0.04274467372557992,0.7692307692307693,0.671804170444243,0.9959677419354839,0.8023822414726584,13.0,Orobanche.caryophyllacea,0.44103493967501217,opth,2,False,mlp1,bce,msle
365,0.803651696567087,0.05874394651092896,0.9565217391304348,0.6285452881976212,0.998546511627907,0.7714766984839978,23.0,Oxytropis.campestris,0.585067027328056,opth,2,False,mlp1,bce,msle
366,0.8743538038496792,0.11879843074184736,0.72,0.84051329055912,0.9924242424242424,0.9101736972704715,25.0,Oxytropis.helvetica,0.5605132905591201,opth,2,False,mlp1,bce,msle
367,0.9964125560538116,0.2,1.0,0.9112107623318386,1.0,0.9535429375879868,1.0,Oxytropis.pilosa,0.9112107623318386,opth,2,False,mlp1,bce,msle
368,0.7387607883550174,0.014419479234378207,0.5714285714285714,0.7619477006311993,0.9964622641509434,0.8635666836995401,7.0,Papaver.rhoeas,0.3333762720597706,opth,2,False,mlp1,bce,msle
369,0.8803784450843274,0.05019045095628072,0.9090909090909091,0.7755656108597285,0.9988344988344988,0.8731533367294957,11.0,Paradisea.liliastrum,0.6846565199506376,opth,2,False,mlp1,bce,msle
370,0.7387218045112782,0.09570256191212846,0.42857142857142855,0.8139745916515426,0.9911602209944751,0.8938714499252616,14.0,Parnassia.palustris,0.24254602022297123,opth,2,False,mlp1,bce,msle
371,0.8774154589371981,0.05441010895565092,1.0,0.6059782608695652,1.0,0.754653130287648,12.0,Pastinaca.sativa,0.6059782608695652,opth,2,False,mlp1,bce,msle
372,0.9377248201438849,0.04512263686836742,1.0,0.8579136690647482,1.0,0.9235237173281704,4.0,Pedicularis.foliosa,0.8579136690647482,opth,2,False,mlp1,bce,msle
373,0.9157425301025718,0.19062795238510816,0.8387096774193549,0.8728110599078341,0.9947478991596639,0.9297987236131566,31.0,Pedicularis.gyroflexa,0.711520737327189,opth,2,False,mlp1,bce,msle
374,0.6123657532871625,0.01644257491347276,0.1111111111111111,0.7931345980126467,0.9909706546275395,0.8810837932764677,9.0,Pedicularis.tuberosa,-0.0957542908762421,opth,2,False,mlp1,bce,msle
375,0.8026840618248297,0.1174081886844621,0.3181818181818182,0.9241316270566727,0.9853801169590644,0.9537735849056603,22.0,Pedicularis.verticillata,0.24231344523849097,opth,2,False,mlp1,bce,msle
376,0.8677080632616023,0.11684823085970725,0.7857142857142857,0.8303085299455535,0.9967320261437909,0.905940594059406,14.0,Petrorhagia.prolifera,0.6160228156598393,opth,2,False,mlp1,bce,msle
377,0.8625353337682105,0.09528192765118189,0.42857142857142855,0.9105022831050228,0.9881070366699702,0.9477186311787072,21.0,Petrorhagia.saxifraga,0.3390737116764513,opth,2,False,mlp1,bce,msle
378,0.8501849370142053,0.3586656146889672,0.7032967032967034,0.8029268292682927,0.9682352941176471,0.8778666666666667,91.0,Phleum.alpinum,0.506223532564996,opth,2,False,mlp1,bce,msle
379,0.9444444444444444,0.08533831074814682,1.0,0.8261261261261261,1.0,0.9047853971386285,6.0,Phleum.hirsutum,0.8261261261261261,opth,2,False,mlp1,bce,msle
380,0.8012110202845899,0.08128671638394812,0.5333333333333333,0.8110808356039964,0.9922222222222222,0.8925537231384307,15.0,Phleum.phleoides,0.3444141689373297,opth,2,False,mlp1,bce,msle
381,0.8706934666530626,0.12169705460603103,0.7777777777777778,0.8365472910927456,0.9934569247546347,0.9082751744765702,27.0,Phyteuma.betonicifolium,0.6143250688705235,opth,2,False,mlp1,bce,msle
382,0.8701443615314876,0.08833528668703831,0.6923076923076923,0.8259292837715322,0.9956284153005465,0.9028741328047571,13.0,Phyteuma.hemisphaericum,0.5182369760792245,opth,2,False,mlp1,bce,msle
383,0.8229989173941976,0.2807066896699964,0.8181818181818182,0.7404129793510325,0.9766536964980544,0.8422818791946308,99.0,Phyteuma.orbiculare,0.5585947975328507,opth,2,False,mlp1,bce,msle
384,0.9106822262118492,0.014437302316090195,1.0,0.8922800718132855,1.0,0.9430740037950665,2.0,Phyteuma.ovatum,0.8922800718132855,opth,2,False,mlp1,bce,msle
385,0.871584699453552,0.1908525064372997,0.6666666666666666,0.9089253187613844,0.9940239043824701,0.9495718363463368,18.0,Phyteuma.spicatum,0.5755919854280509,opth,2,False,mlp1,bce,msle
386,0.82596286900369,0.20449976000606304,0.78125,0.6466789667896679,0.9901129943502824,0.7823660714285714,32.0,Picris.hieracioides,0.42792896678966796,opth,2,False,mlp1,bce,msle
387,0.8617946345975948,0.27992213845375774,0.7714285714285715,0.8057354301572618,0.9908987485779295,0.8887755102040816,35.0,Pimpinella.major,0.5771640015858333,opth,2,False,mlp1,bce,msle
388,0.7807038077403246,0.13168567504658685,0.6666666666666666,0.7331460674157303,0.9799749687108886,0.8387787895018747,48.0,Pimpinella.saxifraga,0.3998127340823969,opth,2,False,mlp1,bce,msle
389,0.913929218533073,0.5745484975466015,0.8901098901098901,0.8201284796573876,0.9745547073791349,0.8906976744186047,182.0,Plantago.alpina,0.7102383697672776,opth,2,False,mlp1,bce,msle
390,0.8170036964557513,0.14211175301374016,0.6666666666666666,0.7726027397260274,0.9917936694021102,0.8685831622176592,21.0,Plantago.atrata,0.4392694063926941,opth,2,False,mlp1,bce,msle
391,0.85128626519355,0.6158152543754832,0.8973509933774835,0.683046683046683,0.9471890971039182,0.793718772305496,302.0,Plantago.lanceolata,0.5803976764241665,opth,2,False,mlp1,bce,msle
392,0.7319234532999891,0.062152147939899,0.9117647058823529,0.5,0.9944852941176471,0.6654366543665436,34.0,Plantago.major,0.4117647058823528,opth,2,False,mlp1,bce,msle
393,0.8241376430301511,0.4727661240122001,0.7743589743589744,0.739413680781759,0.9393103448275862,0.827460510328068,195.0,Plantago.media,0.5137726551407333,opth,2,False,mlp1,bce,msle
394,0.863572951910588,0.35795321898772847,0.711864406779661,0.8334910122989593,0.9810690423162584,0.9012787723785166,59.0,Plantago.maritima,0.5453554190786203,opth,2,False,mlp1,bce,msle
395,0.6950717655324701,0.014376511828099533,0.6666666666666666,0.6702800361336947,0.9959731543624161,0.8012958963282938,9.0,Platanthera.bifolia,0.3369467028003612,opth,2,False,mlp1,bce,msle
396,0.9206330853920172,0.7316061237525536,0.921146953405018,0.7968936678614098,0.9680696661828737,0.8741808650065531,279.0,Poa.alpina,0.7180406212664279,opth,2,False,mlp1,bce,msle
397,0.7954477388439652,0.026929495202336253,0.6666666666666666,0.5534591194968553,0.9983792544570502,0.7121387283236994,3.0,Poa.annua,0.22012578616352196,opth,2,False,mlp1,bce,msle
398,0.8016577936518633,0.17682950588431526,0.6901408450704225,0.7492822966507177,0.9726708074534162,0.8464864864864865,71.0,Poa.bulbosa,0.4394231417211403,opth,2,False,mlp1,bce,msle
399,0.8403903903903903,0.025752803218012068,0.5,0.8738738738738738,0.9969167523124358,0.9313490158425348,6.0,Poa.cenisia,0.37387387387387383,opth,2,False,mlp1,bce,msle
400,0.8514470754907913,0.11926243255492014,0.3333333333333333,0.9143897996357013,0.9881889763779528,0.9498580889309366,18.0,Poa.chaixii,0.2477231329690346,opth,2,False,mlp1,bce,msle
401,0.7610559566787003,0.05782212466028561,0.25,0.8709386281588448,0.9938208032955715,0.9283309283309283,8.0,Poa.compressa,0.12093862815884471,opth,2,False,mlp1,bce,msle
402,0.830472749171936,0.09503842430815455,0.6666666666666666,0.8256549232158988,0.9967284623773174,0.9031620553359684,9.0,Poa.nemoralis,0.49232158988256547,opth,2,False,mlp1,bce,msle
403,0.7971276087595532,0.4308263404350573,0.7261904761904762,0.7349537037037037,0.9019886363636364,0.8099489795918368,252.0,Poa.pratensis,0.46114417989418,opth,2,False,mlp1,bce,msle
404,0.8321321321321322,0.04829806936956506,0.3333333333333333,0.8369369369369369,0.9957127545551983,0.9094468918257465,6.0,Poa.supina,0.1702702702702703,opth,2,False,mlp1,bce,msle
405,0.8214772727272727,0.07535872652035375,0.6875,0.8118181818181818,0.9944320712694877,0.8938938938938938,16.0,Polygala.alpestris,0.49931818181818177,opth,2,False,mlp1,bce,msle
406,,-0.0,0.0,0.6756272401433692,1.0,0.8064171122994652,0.0,Polygala.amarella,-0.32437275985663083,opth,2,False,mlp1,bce,msle
407,0.8373227453204765,0.24718217149278743,0.5365853658536586,0.8790697674418605,0.9802904564315352,0.9269249632172634,41.0,Polygala.comosa,0.4156551332955192,opth,2,False,mlp1,bce,msle
408,0.7405635300372142,0.06081507785620142,0.5757575757575758,0.7303785780240074,0.9826086956521739,0.8379237288135594,33.0,Polygala.vulgaris,0.3061361537815832,opth,2,False,mlp1,bce,msle
409,0.6571492805755396,0.015152459758829758,0.25,0.8282374100719424,0.9967532467532467,0.9047151277013753,4.0,Polygonum.aviculare,0.07823741007194229,opth,2,False,mlp1,bce,msle
410,0.8572807747148288,0.3463172585133205,0.796875,0.782319391634981,0.9844497607655502,0.871822033898305,64.0,Polygonum.bistorta,0.5791943916349811,opth,2,False,mlp1,bce,msle
411,0.8686132735514387,0.4622037247424964,0.7732558139534884,0.788135593220339,0.9501915708812261,0.861609727851766,172.0,Polygonum.viviparum,0.5613914071738275,opth,2,False,mlp1,bce,msle
412,0.875,0.03451009106807272,0.25,0.9631294964028777,0.9972067039106145,0.979871912168344,4.0,Polystichum.lonchitis,0.21312949640287782,opth,2,False,mlp1,bce,msle
413,0.8518922191946716,0.16775216219743047,0.7333333333333333,0.7629427792915532,0.995260663507109,0.8637532133676092,15.0,Potentilla.argentea,0.49627611262488647,opth,2,False,mlp1,bce,msle
414,0.8494140249759845,0.2677983716569429,0.64,0.8213256484149856,0.9693877551020408,0.8892355694227769,75.0,Potentilla.aurea,0.4613256484149857,opth,2,False,mlp1,bce,msle
415,0.8498944486591682,0.38021403353339467,0.7049180327868853,0.7585513078470825,0.9544303797468354,0.8452914798206278,122.0,Potentilla.crantzii,0.4634693406339676,opth,2,False,mlp1,bce,msle
416,0.8428051559364691,0.16033108746770214,0.7777777777777778,0.7658402203856749,0.9928571428571429,0.864696734059098,27.0,Potentilla.erecta,0.5436179981634526,opth,2,False,mlp1,bce,msle
417,0.8428938209619444,0.24741564708813352,0.7764705882352941,0.7478176527643065,0.9759493670886076,0.8467874794069192,85.0,Potentilla.grandiflora,0.5242882409996006,opth,2,False,mlp1,bce,msle
418,0.7898080794795788,0.2919133129636952,0.4948453608247423,0.858684985279686,0.946969696969697,0.9006690684508492,97.0,Potentilla.neumanniana,0.35353034610442835,opth,2,False,mlp1,bce,msle
419,0.9392019744960922,0.3640186733406151,0.6363636363636364,0.9520361990950226,0.9962121212121212,0.973623322535863,11.0,Potentilla.pusilla,0.588399835458659,opth,2,False,mlp1,bce,msle
420,0.7465027075812274,0.021905194006464977,0.625,0.6823104693140795,0.9960474308300395,0.8098553829673273,8.0,Potentilla.recta,0.30731046931407935,opth,2,False,mlp1,bce,msle
421,0.8695601258874333,0.3094781543368723,0.8769230769230769,0.6841103710751665,0.9889958734525447,0.8087739032620922,65.0,Potentilla.reptans,0.5610334479982435,opth,2,False,mlp1,bce,msle
422,0.8781278127812782,0.021064243134075605,1.0,0.7857785778577858,1.0,0.8800403225806451,5.0,Potentilla.rupestris,0.7857785778577857,opth,2,False,mlp1,bce,msle
423,0.9685688522478424,0.12155466364263129,1.0,0.7123534715960325,1.0,0.832016850974197,7.0,Potentilla.thuringiaca,0.7123534715960325,opth,2,False,mlp1,bce,msle
424,0.697214734950584,0.014794253886771582,0.3333333333333333,0.8005390835579514,0.9977603583426652,0.8883349950149552,3.0,Primula.elatior,0.13387241689128482,opth,2,False,mlp1,bce,msle
425,0.8259892086330936,0.01462719718250306,0.75,0.7517985611510791,0.998805256869773,0.857875833760903,4.0,Primula.farinosa,0.5017985611510791,opth,2,False,mlp1,bce,msle
426,0.7877107877107876,0.3148154527492055,0.7264957264957265,0.6796796796796797,0.9549929676511955,0.7941520467836257,117.0,Primula.veris,0.40617540617540615,opth,2,False,mlp1,bce,msle
427,0.8102106227106227,0.058493517496588196,0.5833333333333334,0.7994505494505495,0.9886749716874292,0.8840506329113924,24.0,Prunella.grandiflora,0.38278388278388276,opth,2,False,mlp1,bce,msle
428,0.8095802919708028,0.04929345051781479,0.55,0.8038321167883211,0.9898876404494382,0.8872104733131924,20.0,Prunella.laciniata,0.35383211678832116,opth,2,False,mlp1,bce,msle
429,0.7966482893139343,0.13676915241947704,0.8085106382978723,0.6744621141253508,0.9876712328767123,0.8015564202334631,47.0,Prunella.vulgaris,0.482972752423223,opth,2,False,mlp1,bce,msle
430,0.8272315919374742,0.04782492674543718,0.09090909090909091,0.9873303167420815,0.9909173478655767,0.9891205802357208,11.0,Prunus.spinosa,0.07823940765117232,opth,2,False,mlp1,bce,msle
431,0.7759659090909091,0.04419576470753577,0.375,0.8763636363636363,0.9897330595482546,0.9296046287367405,16.0,Veronica.spicata,0.25136363636363646,opth,2,False,mlp1,bce,msle
432,0.8703304796096842,0.2951584251307883,0.8235294117647058,0.748356807511737,0.988833746898263,0.8519508284339925,51.0,Pulsatilla.alpina,0.5718862192764429,opth,2,False,mlp1,bce,msle
433,0.8631326744534291,0.012609002948989789,0.3333333333333333,0.9074573225516622,0.9980237154150198,0.9505882352941176,3.0,Pulsatilla.halleri,0.24079065588499549,opth,2,False,mlp1,bce,msle
434,0.8814511232544019,0.09709062243812845,0.6111111111111112,0.8697632058287796,0.9927234927234927,0.9271844660194175,18.0,Pulsatilla.vernalis,0.4808743169398908,opth,2,False,mlp1,bce,msle
435,0.6762589928057554,0.009132049658971627,0.25,0.8426258992805755,0.9968085106382979,0.9132553606237817,4.0,Ranunculus.aconitifolius,0.09262589928057552,opth,2,False,mlp1,bce,msle
436,0.857559862494073,0.5791265859463584,0.7894736842105263,0.7556306306306306,0.933240611961057,0.835096453018046,228.0,Ranunculus.acris,0.545104314841157,opth,2,False,mlp1,bce,msle
437,0.8512574615911538,0.4274567223094739,0.8449197860962567,0.7373519913885899,0.9593837535014006,0.8338405356055996,187.0,Ranunculus.bulbosus,0.5822717774848467,opth,2,False,mlp1,bce,msle
438,0.8444644464446445,0.04211288102089202,0.2,0.9576957695769577,0.9962546816479401,0.976594768242313,5.0,Ranunculus.glacialis,0.15769576957695763,opth,2,False,mlp1,bce,msle
439,0.7265232513203659,0.06136879906178111,0.5714285714285714,0.7664562669071235,0.9964830011723329,0.8664627930682977,7.0,Ranunculus.gramineus,0.33788483833569494,opth,2,False,mlp1,bce,msle
440,0.8863392246850894,0.1877848997838625,0.868421052631579,0.7912801484230055,0.9941724941724942,0.881198347107438,38.0,Ranunculus.kuepferi,0.6597012010545846,opth,2,False,mlp1,bce,msle
441,0.8698281860514907,0.1286430852982217,0.7058823529411765,0.8762511373976342,0.9948347107438017,0.9317851959361393,17.0,Ranunculus.montanus,0.5821334903388107,opth,2,False,mlp1,bce,msle
442,0.7234813797313797,0.0801495659564114,0.6666666666666666,0.7619047619047619,0.9904761904761905,0.8612836438923396,24.0,Ranunculus.serpens,0.4285714285714284,opth,2,False,mlp1,bce,msle
443,0.8886617100371748,0.4387453188416907,0.75,0.7760223048327137,0.9881656804733728,0.8693388859968766,40.0,Ranunculus.repens,0.5260223048327137,opth,2,False,mlp1,bce,msle
444,0.5645402815214136,0.049891070030403786,0.3333333333333333,0.8095238095238095,0.9977851605758582,0.8938492063492064,3.0,Reseda.lutea,0.1428571428571428,opth,2,False,mlp1,bce,msle
445,0.8181184418939631,0.5069889030219341,0.7741935483870968,0.692992213570634,0.9270833333333334,0.7931253978357734,217.0,Rhinanthus.alectorolophus,0.46718576195773087,opth,2,False,mlp1,bce,msle
446,0.7963996399639964,0.016335196809905375,0.6,0.7362736273627363,0.9975609756097561,0.8472294148109788,5.0,Rhinanthus.glacialis,0.33627362736273625,opth,2,False,mlp1,bce,msle
447,0.742426980913823,0.09980939729504754,0.7115384615384616,0.618421052631579,0.9777117384843982,0.7576280944156591,52.0,Rhinanthus.minor,0.32995951417004044,opth,2,False,mlp1,bce,msle
448,0.9431407942238267,0.22055402288272966,0.75,0.9323104693140795,0.9980676328502416,0.9640690620625292,8.0,Rhododendron.ferrugineum,0.6823104693140793,opth,2,False,mlp1,bce,msle
449,0.8341490918104977,0.5273804502585168,0.8626609442060086,0.6987542468856173,0.9506933744221879,0.8054830287206266,233.0,Rumex.acetosa,0.5614151910916259,opth,2,False,mlp1,bce,msle
450,0.6923840048840049,0.08489755589985525,0.5416666666666666,0.760989010989011,0.9869358669833729,0.859358841778697,24.0,Rumex.acetosella,0.30265567765567747,opth,2,False,mlp1,bce,msle
451,0.8683133380381087,0.13906429105825555,0.8846153846153846,0.6706422018348623,0.9959128065395095,0.8015350877192983,26.0,Rumex.crispus,0.5552575864502469,opth,2,False,mlp1,bce,msle
452,0.8267747290303681,0.22517819450393994,0.5789473684210527,0.8126159554730983,0.9820627802690582,0.8893401015228426,38.0,Rumex.obtusifolius,0.39156332389415094,opth,2,False,mlp1,bce,msle
453,0.6456600361663654,0.016648555785918315,0.1,0.9086799276672695,0.9911242603550295,0.9481132075471698,10.0,Rumex.scutatus,0.008679927667269549,opth,2,False,mlp1,bce,msle
454,0.9336421117792713,0.5183128052993711,0.7386363636363636,0.9036964980544747,0.9758403361344538,0.9383838383838384,88.0,Salix.herbacea,0.6423328616908384,opth,2,False,mlp1,bce,msle
455,0.8706594565180423,0.13371851493922898,0.48148148148148145,0.9118457300275482,0.9860973187686196,0.9475190839694656,27.0,Salix.reticulata,0.3933272115090296,opth,2,False,mlp1,bce,msle
456,0.8841006752608962,0.13783574417725897,0.6666666666666666,0.8517495395948435,0.9893048128342246,0.9153884215734784,30.0,Salix.retusa,0.5184162062615101,opth,2,False,mlp1,bce,msle
457,0.9052439667994051,0.260645535642254,0.631578947368421,0.8523245214220602,0.9925690021231423,0.9171162334477685,19.0,Salix.serpyllifolia,0.4839034687904813,opth,2,False,mlp1,bce,msle
458,0.8760489673862255,0.5861798062859154,0.8658536585365854,0.7540229885057471,0.9521044992743106,0.841565105837075,246.0,Salvia.pratensis,0.6198766470423325,opth,2,False,mlp1,bce,msle
459,0.8293377269887338,0.464861564220409,0.8828828828828829,0.674496644295302,0.958664546899841,0.7918581746552856,222.0,Sanguisorba.minor,0.5573795271781847,opth,2,False,mlp1,bce,msle
460,0.7981229185588858,0.11486185477836693,0.5333333333333333,0.8074477747502271,0.9921875,0.8903355032548823,15.0,Sanguisorba.officinalis,0.34078110808356055,opth,2,False,mlp1,bce,msle
461,0.8850790770028519,0.12612115261580994,0.7857142857142857,0.7813067150635209,0.9965277777777778,0.8758901322482198,14.0,Saponaria.ocymoides,0.5670210007778067,opth,2,False,mlp1,bce,msle
462,0.8185117967332123,0.06305016054203441,0.42857142857142855,0.8947368421052632,0.9919517102615694,0.9408396946564885,14.0,Saxifraga.aizoides,0.32330827067669166,opth,2,False,mlp1,bce,msle
463,0.784956146870819,0.10698177960300494,0.3225806451612903,0.9419354838709677,0.9798657718120806,0.9605263157894737,31.0,Saxifraga.granulata,0.26451612903225796,opth,2,False,mlp1,bce,msle
464,0.8014785823005002,0.0673001535376139,0.3333333333333333,0.8621004566210045,0.9853862212943633,0.9196298100340965,21.0,Saxifraga.oppositifolia,0.1954337899543379,opth,2,False,mlp1,bce,msle
465,0.8392014808032959,0.17628432370135147,0.6170212765957447,0.8288119738072965,0.9800884955752213,0.8981246832235175,47.0,Saxifraga.paniculata,0.44583325040304134,opth,2,False,mlp1,bce,msle
466,0.6924228811021264,0.007611530722207918,0.0,0.9308176100628931,0.9971126082771896,0.9628252788104089,3.0,Saxifraga.tridactylites,-0.0691823899371069,opth,2,False,mlp1,bce,msle
467,0.7584109557599985,0.14312273011233878,0.6530612244897959,0.7310215557638238,0.9786700125470514,0.8369098712446352,49.0,Scabiosa.columbaria,0.38408278025361975,opth,2,False,mlp1,bce,msle
468,0.8109669489210598,0.215211424309077,0.7142857142857143,0.7609942638623327,0.9754901960784313,0.8549946294307197,70.0,Scabiosa.lucida,0.475279978148047,opth,2,False,mlp1,bce,msle
469,0.9127697841726619,0.06711844782062935,0.75,0.7769784172661871,0.9988439306358381,0.874051593323217,4.0,Scabiosa.triandra,0.5269784172661871,opth,2,False,mlp1,bce,msle
470,0.9603603603603603,0.23772692746701976,0.8333333333333334,0.9081081081081082,0.9990089197224975,0.9513921661160925,6.0,Scorzonera.humilis,0.7414414414414416,opth,2,False,mlp1,bce,msle
471,0.7552083333333333,0.053148662587721496,0.4166666666666667,0.8251811594202898,0.9923747276688453,0.9010880316518298,12.0,Scorzonera.laciniata,0.24184782608695654,opth,2,False,mlp1,bce,msle
472,0.8818035055350553,0.2302546363608469,0.84375,0.7656826568265682,0.9940119760479041,0.8650338718082334,32.0,Scutellaria.alpina,0.6094326568265682,opth,2,False,mlp1,bce,msle
473,0.8190284142988085,0.11491710239037019,0.52,0.842346471127406,0.9871106337271751,0.9090009891196835,25.0,Securigera.varia,0.36234647112740603,opth,2,False,mlp1,bce,msle
474,0.8154405086285196,0.09958516647132541,0.7333333333333333,0.7638510445049954,0.9952662721893492,0.8643371017471737,15.0,Sedum.acre,0.4971843778383287,opth,2,False,mlp1,bce,msle
475,0.7451301704770714,0.10476679145109859,0.5714285714285714,0.8066604995374653,0.9830890642615558,0.8861788617886179,35.0,Sedum.album,0.3780890709660367,opth,2,False,mlp1,bce,msle
476,0.9041774182300021,0.12920715973800867,0.7692307692307693,0.8404351767905711,0.9967741935483871,0.911952779144122,13.0,Sedum.atratum,0.6096659460213405,opth,2,False,mlp1,bce,msle
477,0.8635492700729928,0.08229706101302495,0.5,0.9206204379562044,0.9901864573110893,0.9541371158392435,20.0,Sedum.montanum,0.4206204379562044,opth,2,False,mlp1,bce,msle
478,0.6644262791401756,0.025753681440152533,0.4,0.8283378746594006,0.990228013029316,0.9020771513353115,15.0,Sedum.rupestre,0.2283378746594007,opth,2,False,mlp1,bce,msle
479,0.7876076993583868,0.07849963573261258,0.64,0.7296058661778185,0.9888198757763975,0.8396624472573839,25.0,Sedum.sexangulare,0.36960586617781854,opth,2,False,mlp1,bce,msle
480,0.883485401459854,0.21377820726847302,0.4,0.927007299270073,0.9883268482490273,0.9566854990583804,20.0,Selaginella.selaginoides,0.327007299270073,opth,2,False,mlp1,bce,msle
481,0.8475723169966337,0.3086598380725859,0.6941176470588235,0.8108632395732299,0.9698375870069605,0.8832540940306391,85.0,Sempervivum.arachnoideum,0.5049808866320533,opth,2,False,mlp1,bce,msle
482,0.8618244616009751,0.22063399693092572,0.8043478260869565,0.7616822429906542,0.9890776699029126,0.8606124604012672,46.0,Sempervivum.montanum,0.5660300690776108,opth,2,False,mlp1,bce,msle
483,0.8495166872190619,0.1687429790440682,0.6956521739130435,0.8371454711802379,0.9924078091106291,0.9081885856079405,23.0,Sempervivum.tectorum,0.5327976450932814,opth,2,False,mlp1,bce,msle
484,0.8751167629076088,0.3635211724471662,0.7608695652173914,0.810546875,0.9741784037558685,0.8848614072494669,92.0,Senecio.doronicum,0.5714164402173914,opth,2,False,mlp1,bce,msle
485,0.8161844484629295,0.06268071835508014,0.6,0.810126582278481,0.9955555555555555,0.8933200398803589,10.0,Senecio.erucifolius,0.410126582278481,opth,2,False,mlp1,bce,msle
486,0.8965336134453781,0.11104590398807991,0.8928571428571429,0.7876838235294118,0.9965116279069768,0.8798767967145791,28.0,Senecio.incanus,0.6805409663865547,opth,2,False,mlp1,bce,msle
487,0.9100564573041636,0.20039231371293922,0.8846153846153846,0.7724770642201835,0.9964497041420118,0.8702842377260982,26.0,Senecio.jacobaea,0.657092448835568,opth,2,False,mlp1,bce,msle
488,0.7835299983380422,0.07786915617899577,0.7272727272727273,0.6837294332723949,0.9920424403183024,0.8095238095238095,22.0,Serratula.tinctoria,0.4110021605451222,opth,2,False,mlp1,bce,msle
489,0.8992657477779209,0.10240799353074302,0.5714285714285714,0.866546438232642,0.9968879668049793,0.9271587071876507,7.0,Seseli.annuum,0.4379750096612134,opth,2,False,mlp1,bce,msle
490,0.8784615930963457,0.5430106238440617,0.8068965517241379,0.7868177136972193,0.9646464646464646,0.8667044809982983,145.0,Sesleria.caerulea,0.5937142654213572,opth,2,False,mlp1,bce,msle
491,0.8688868613138686,0.0952318470598226,0.95,0.697992700729927,0.9986945169712794,0.8216970998925887,20.0,Sherardia.arvensis,0.6479927007299269,opth,2,False,mlp1,bce,msle
492,0.9118705035971223,0.03499413331223962,0.75,0.8902877697841727,0.9989909182643795,0.9415121255349501,4.0,Sideritis.hyssopifolia,0.6402877697841727,opth,2,False,mlp1,bce,msle
493,0.9361450645756458,0.24159125319749106,0.9375,0.7924354243542435,0.9976771196283392,0.8832904884318766,32.0,Silaum.silaus,0.7299354243542435,opth,2,False,mlp1,bce,msle
494,0.9124233310130156,0.34725850242198925,0.7397260273972602,0.8648130393096836,0.9793702497285559,0.9185336048879837,73.0,Silene.acaulis,0.6045390667069439,opth,2,False,mlp1,bce,msle
495,0.783874948580831,0.07124237586541882,0.5454545454545454,0.8253393665158371,0.9945474372955289,0.9020771513353115,11.0,Silene.dioica,0.3707939119703825,opth,2,False,mlp1,bce,msle
496,0.9375282717901103,0.36363000971592013,0.8974358974358975,0.8347260909935005,0.9955703211517165,0.908080808080808,39.0,Silene.flos.cuculi,0.732161988429398,opth,2,False,mlp1,bce,msle
497,0.911754068716094,0.160490178866945,1.0,0.6925858951175407,1.0,0.8183760683760684,10.0,Silene.flos.jovis,0.6925858951175408,opth,2,False,mlp1,bce,msle
498,0.8206949765857812,0.22477971155037246,0.7222222222222222,0.7471264367816092,0.975,0.8459869848156182,72.0,Silene.nutans,0.4693486590038314,opth,2,False,mlp1,bce,msle
499,0.8955365923294103,0.18186546154832708,0.4482758620689655,0.952161913523459,0.9847764034253093,0.9681945743685687,29.0,Silene.otites,0.40043777559242466,opth,2,False,mlp1,bce,msle
500,0.8858083093377211,0.07657516438029956,0.7272727272727273,0.8090497737556561,0.9966555183946488,0.8931068931068931,11.0,Silene.rupestris,0.5363225010283834,opth,2,False,mlp1,bce,msle
501,0.7600285316395503,0.3398740517471609,0.7033898305084746,0.6653306613226453,0.949928469241774,0.7825574543311726,118.0,Silene.vulgaris,0.36872049183112,opth,2,False,mlp1,bce,msle
502,0.6519916142557652,0.005848161503176588,0.0,0.9982030548068284,0.9973070017953322,0.9977548271216884,3.0,Sinapis.arvensis,-0.0017969451931716396,opth,2,False,mlp1,bce,msle
503,0.8403477082862949,0.32222629088001575,0.5930232558139535,0.7941747572815534,0.958968347010551,0.8688263409453001,86.0,Soldanella.alpina,0.38719801309550705,opth,2,False,mlp1,bce,msle
504,0.8671312949640287,0.01724789635357452,0.0,0.9856115107913669,0.9963636363636363,0.9909584086799277,4.0,Solidago.gigantea,-0.014388489208633115,opth,2,False,mlp1,bce,msle
505,0.8358401196609606,0.13322432125148642,0.6363636363636364,0.829981718464351,0.9912663755458515,0.9034825870646767,22.0,Solidago.virgaurea,0.46634535482798745,opth,2,False,mlp1,bce,msle
506,0.7262448358338769,0.04073579623704447,0.6190476190476191,0.7187214611872146,0.989937106918239,0.8328042328042328,21.0,Stachys.officinalis,0.33776908023483365,opth,2,False,mlp1,bce,msle
507,0.835003035822708,0.12077240147135425,0.8888888888888888,0.7887067395264117,0.9976958525345622,0.8809766022380467,18.0,Stachys.pradica,0.6775956284153004,opth,2,False,mlp1,bce,msle
508,0.8084654271270671,0.2833803675800148,0.6909090909090909,0.7747408105560791,0.9797377830750894,0.8652631578947368,55.0,Stachys.recta,0.46564990146517005,opth,2,False,mlp1,bce,msle
509,0.8411239495798319,0.14425138588347172,0.7857142857142857,0.7490808823529411,0.9926918392204629,0.8538501833420639,28.0,Stellaria.graminea,0.5347951680672267,opth,2,False,mlp1,bce,msle
510,0.9414414414414415,0.08111071934601347,0.3333333333333333,0.9783783783783784,0.9963302752293578,0.9872727272727273,6.0,Stipa.capillata,0.31171171171171164,opth,2,False,mlp1,bce,msle
511,0.8830196316535115,0.2877159025228635,0.6666666666666666,0.9043715846994536,0.993993993993994,0.9470672389127325,18.0,Stipa.eriocaulis,0.5710382513661201,opth,2,False,mlp1,bce,msle
512,0.838554910521518,0.07850364013768989,0.7368421052631579,0.813126709206928,0.9944258639910813,0.8946840521564694,19.0,Succisa.pratensis,0.5499688144700858,opth,2,False,mlp1,bce,msle
513,0.9296196466007786,0.14903160040774718,0.6666666666666666,0.9308176100628931,0.9990356798457087,0.9637209302325581,3.0,Symphytum.officinale,0.5974842767295598,opth,2,False,mlp1,bce,msle
514,0.8629220380601595,0.11533857210257911,0.5,0.9125230202578268,0.9850894632206759,0.9474187380497132,30.0,Taraxacum.alpinum,0.4125230202578267,opth,2,False,mlp1,bce,msle
515,0.8126301486387212,0.464954972966351,0.7918781725888325,0.6702937976060935,0.9375951293759512,0.7817258883248731,197.0,Taraxacum.officinale,0.46217197019492606,opth,2,False,mlp1,bce,msle
516,0.8635341726618705,0.024741749260257528,0.5,0.8183453237410072,0.9978070175438597,0.8992094861660079,4.0,Tephroseris.integrifolia,0.3183453237410072,opth,2,False,mlp1,bce,msle
517,0.9257262653489069,0.3464314019939098,0.3333333333333333,0.9784366576819407,0.998166819431714,0.9882032667876588,3.0,Teucrium.botrys,0.31176999101527403,opth,2,False,mlp1,bce,msle
518,0.8605308528126379,0.4501689712832164,0.6632653061224489,0.8526522593320236,0.9633740288568258,0.9046378322042731,98.0,Teucrium.chamaedrys,0.5159175654544725,opth,2,False,mlp1,bce,msle
519,0.8119324284737819,0.1954400059125521,0.42105263157894735,0.922077922077922,0.9783464566929134,0.9493791786055397,38.0,Teucrium.montanum,0.3431305536568694,opth,2,False,mlp1,bce,msle
520,0.8371763493494783,0.04667383803103016,0.8571428571428571,0.6961226330027052,0.9987063389391979,0.820403825717322,7.0,Thalictrum.alpinum,0.5532654901455623,opth,2,False,mlp1,bce,msle
521,0.9236983842010773,0.01696741179639106,1.0,0.7432675044883303,1.0,0.8527291452111225,2.0,Thalictrum.aquilegiifolium,0.7432675044883303,opth,2,False,mlp1,bce,msle
522,0.8654926938928439,0.0846465588700752,0.5882352941176471,0.8635122838944495,0.9926778242677824,0.9236009732360098,17.0,Thalictrum.minus,0.45174757801209653,opth,2,False,mlp1,bce,msle
523,0.8275629496402878,0.020334761670972052,0.75,0.7203237410071942,0.9987531172069826,0.8369905956112853,4.0,Thalictrum.simplex,0.4703237410071943,opth,2,False,mlp1,bce,msle
524,0.7986395640240265,0.11085011234945982,0.6086956521739131,0.7666971637694419,0.9893742621015348,0.8639175257731959,23.0,Thesium.alpinum,0.37539281594335483,opth,2,False,mlp1,bce,msle
525,0.8150947653429603,0.025560130472334325,0.625,0.7933212996389891,0.9965986394557823,0.8834170854271357,8.0,Thesium.linophyllon,0.4183212996389891,opth,2,False,mlp1,bce,msle
526,0.7730144404332131,0.018212091381323618,0.75,0.75,0.9975990396158463,0.8562596599690881,8.0,Thesium.pyrenaicum,0.5,opth,2,False,mlp1,bce,msle
527,0.8123877917414721,0.006982605931241202,1.0,0.7971274685816876,1.0,0.8871128871128872,2.0,Tofieldia.calyculata,0.7971274685816876,opth,2,False,mlp1,bce,msle
528,0.857062274368231,0.08566544433895801,0.625,0.8935018050541517,0.9969788519637462,0.9424083769633508,8.0,Tragopogon.dubius,0.5185018050541517,opth,2,False,mlp1,bce,msle
529,0.8452160493827161,0.532413265706519,0.8287037037037037,0.7111111111111111,0.9453471196454948,0.8116677235256817,216.0,Tragopogon.pratensis,0.539814814814815,opth,2,False,mlp1,bce,msle
530,0.8841477272727273,0.17866576447850438,0.8125,0.87,0.996875,0.929126213592233,16.0,Traunsteinera.globosa,0.6825000000000001,opth,2,False,mlp1,bce,msle
531,0.8263003440599069,0.10285493315030986,0.7777777777777778,0.7750455373406193,0.9953216374269006,0.8714797747055811,18.0,Trifolium.alpestre,0.5528233151183972,opth,2,False,mlp1,bce,msle
532,0.8809013794876189,0.28942451712774175,0.8909090909090909,0.7351555136663525,0.9923664122137404,0.844612885760693,55.0,Trifolium.alpinum,0.6260646045754434,opth,2,False,mlp1,bce,msle
533,0.7751136363636364,0.08496334441868682,0.625,0.7972727272727272,0.9932049830124575,0.8845184064548663,16.0,Trifolium.arvense,0.42227272727272736,opth,2,False,mlp1,bce,msle
534,0.76996996996997,0.059900703246095345,0.5,0.772972972972973,0.9965156794425087,0.8706240487062404,6.0,Trifolium.aureum,0.27297297297297307,opth,2,False,mlp1,bce,msle
535,0.8098124098124099,0.23145991744227673,0.6363636363636364,0.7733333333333333,0.9712918660287081,0.8610816542948038,66.0,Trifolium.badium,0.40969696969696967,opth,2,False,mlp1,bce,msle
536,0.801233977536477,0.22219179287728888,0.6626506024096386,0.7666989351403679,0.9658536585365853,0.8548300053966541,83.0,Trifolium.campestre,0.4293495375500065,opth,2,False,mlp1,bce,msle
537,0.8925845877244993,0.275218699939161,0.9387755102040817,0.7291471415182755,0.9961587708066582,0.841991341991342,49.0,Trifolium.dubium,0.6679226517223573,opth,2,False,mlp1,bce,msle
538,0.7876805054151625,0.14845040848215602,0.875,0.5902527075812274,0.9984732824427481,0.7419171866137266,8.0,Trifolium.medium,0.4652527075812274,opth,2,False,mlp1,bce,msle
539,0.7847508001828989,0.3049389765626711,0.6666666666666666,0.7520576131687243,0.938382541720154,0.8349514563106796,144.0,Trifolium.montanum,0.41872427983539096,opth,2,False,mlp1,bce,msle
540,0.7414471692400848,0.02857617785826273,0.6666666666666666,0.701180744777475,0.9935649935649936,0.8221512247071352,15.0,Trifolium.ochroleucon,0.3678474114441417,opth,2,False,mlp1,bce,msle
541,0.7721188630490956,0.7281571342937154,0.7965116279069767,0.5983333333333334,0.7737068965517241,0.674812030075188,516.0,Trifolium.pratense,0.39484496124031,opth,2,False,mlp1,bce,msle
542,0.7706146431636628,0.3745394142461939,0.7272727272727273,0.6427015250544662,0.9161490683229814,0.7554417413572343,198.0,Trifolium.repens,0.3699742523271934,opth,2,False,mlp1,bce,msle
543,0.7742805755395683,0.15984706083390293,0.5,0.6663669064748201,0.9973082099596231,0.798921832884097,4.0,Trifolium.rubens,0.1663669064748201,opth,2,False,mlp1,bce,msle
544,0.8518435251798561,0.29177065261426083,0.5,0.9622302158273381,0.9981343283582089,0.9798534798534798,4.0,Trifolium.scabrum,0.46223021582733814,opth,2,False,mlp1,bce,msle
545,0.8757897111913358,0.034312514331166104,0.375,0.9205776173285198,0.9951219512195122,0.9563994374120957,8.0,Trifolium.striatum,0.29557761732851984,opth,2,False,mlp1,bce,msle
546,0.8679757343550447,0.29078623625185,0.5972222222222222,0.8553639846743295,0.9685466377440347,0.9084435401831129,72.0,Trifolium.thalii,0.4525862068965516,opth,2,False,mlp1,bce,msle
547,0.8014587177121771,0.24056297425779302,0.625,0.9123616236162362,0.988011988011988,0.9486810551558753,32.0,Trinia.glauca,0.5373616236162362,opth,2,False,mlp1,bce,msle
548,0.758686823104693,0.01740435771482362,0.625,0.7463898916967509,0.9963855421686747,0.8534571723426213,8.0,Trisetum.distichophyllum,0.37138989169675085,opth,2,False,mlp1,bce,msle
549,0.8086256445794182,0.5968271515400866,0.7209302325581395,0.743558282208589,0.8782608695652174,0.8053156146179402,301.0,Trisetum.flavescens,0.4644885147667286,opth,2,False,mlp1,bce,msle
550,0.841617873011918,0.25524785207208434,0.7536231884057971,0.8003820439350525,0.9801169590643275,0.8811777076761304,69.0,Trollius.europaeus,0.5540052323408498,opth,2,False,mlp1,bce,msle
551,0.9137466307277627,0.022673513849984436,0.6666666666666666,0.8849955076370171,0.9989858012170385,0.9385421629347308,3.0,Turritis.glabra,0.5516621743036838,opth,2,False,mlp1,bce,msle
552,0.7052837573385519,0.054849764272440135,0.6190476190476191,0.6821917808219178,0.9894039735099338,0.8075675675675675,21.0,Tussilago.farfara,0.30123939986953685,opth,2,False,mlp1,bce,msle
553,0.7261227574684752,0.06989480832986839,0.34782608695652173,0.8966148215919487,0.9849246231155779,0.9386973180076629,23.0,Urtica.dioica,0.24444090854847045,opth,2,False,mlp1,bce,msle
554,0.8011380652890087,0.023595280836660147,0.3333333333333333,0.8292902066486972,0.9978378378378379,0.9057899901864573,3.0,Valeriana.dioica,0.1626235399820306,opth,2,False,mlp1,bce,msle
555,0.8920004014854963,0.06921648976178175,0.7777777777777778,0.7795844625112918,0.9976878612716763,0.8752535496957403,9.0,Valeriana.montana,0.5573622402890694,opth,2,False,mlp1,bce,msle
556,0.8067762136701814,0.07212855373275184,0.7647058823529411,0.7952684258416742,0.9954441913439636,0.8841679312089024,17.0,Valeriana.officinalis,0.5599743081946154,opth,2,False,mlp1,bce,msle
557,0.8084532374100719,0.011699537123265937,0.5,0.7976618705035972,0.9977502812148481,0.8865567216391804,4.0,Valerianella.dentata,0.29766187050359716,opth,2,False,mlp1,bce,msle
558,0.8407710989678202,0.1653924888819649,0.5555555555555556,0.8260473588342441,0.9912568306010929,0.9011425732737208,18.0,Valerianella.locusta,0.38160291438979965,opth,2,False,mlp1,bce,msle
559,0.8280122848367973,0.3307040364460234,0.5641025641025641,0.9108635097493036,0.9829659318637275,0.9455421686746988,39.0,Veratrum.album,0.47496607385186773,opth,2,False,mlp1,bce,msle
560,0.7815224063842847,0.08883227914516789,0.5,0.8425414364640884,0.9838709677419355,0.9077380952380952,30.0,Verbascum.lychnitis,0.3425414364640884,opth,2,False,mlp1,bce,msle
561,0.5516157989228008,0.002957375478927203,0.0,0.8312387791741472,0.9978448275862069,0.9069539666993144,2.0,Verbascum.nigrum,-0.16876122082585276,opth,2,False,mlp1,bce,msle
562,0.8025247971145176,0.030197736887782014,0.7142857142857143,0.8169522091974752,0.9977973568281938,0.8983639067922657,7.0,Verbascum.thapsus,0.5312379234831894,opth,2,False,mlp1,bce,msle
563,0.806936787453835,0.06125183969998771,0.7058823529411765,0.7634212920837125,0.9940758293838863,0.8636129696345857,17.0,Verbena.officinalis,0.4693036450248891,opth,2,False,mlp1,bce,msle
564,0.9088241246711192,0.21228526091211689,0.6666666666666666,0.8806921675774135,0.9938335046248715,0.9338483824239497,18.0,Veronica.aphylla,0.54735883424408,opth,2,False,mlp1,bce,msle
565,0.8171837146454791,0.34692251748585534,0.7122302158273381,0.7379733879222109,0.9474375821287779,0.8296892980437284,139.0,Veronica.arvensis,0.45020360374954915,opth,2,False,mlp1,bce,msle
566,0.8271798217003696,0.08211346105733174,0.3333333333333333,0.9041095890410958,0.9860557768924303,0.9433063363506432,21.0,Veronica.bellidioides,0.2374429223744292,opth,2,False,mlp1,bce,msle
567,0.815755926867038,0.32432818201763547,0.7350427350427351,0.7297297297297297,0.9592105263157895,0.8288800454803866,117.0,Veronica.chamaedrys,0.4647724647724649,opth,2,False,mlp1,bce,msle
568,0.8660249015473964,0.09491421535333468,0.5217391304347826,0.889295516925892,0.9888097660223805,0.9364161849710982,23.0,Veronica.fruticans,0.41103464736067474,opth,2,False,mlp1,bce,msle
569,0.8977578475336323,0.008695652173913044,1.0,0.8062780269058296,1.0,0.8927507447864945,1.0,Veronica.fruticulosa,0.8062780269058296,opth,2,False,mlp1,bce,msle
570,0.7935435435435435,0.016734564659917704,0.8333333333333334,0.6990990990990991,0.9987129987129987,0.8224695283518813,6.0,Veronica.officinalis,0.5324324324324325,opth,2,False,mlp1,bce,msle
571,0.846852189781022,0.12591772198495335,0.75,0.7162408759124088,0.9936708860759493,0.8324496288441146,20.0,Veronica.persica,0.4662408759124088,opth,2,False,mlp1,bce,msle
572,0.6718181818181818,0.026274473927637498,0.4375,0.7718181818181818,0.9895104895104895,0.8672114402451481,16.0,Veronica.serpyllifolia,0.20931818181818196,opth,2,False,mlp1,bce,msle
573,0.8568751481960242,0.43988735572582094,0.8045112781954887,0.7273652085452695,0.9649122807017544,0.8294663573085846,133.0,Vicia.cracca,0.5318764867407584,opth,2,False,mlp1,bce,msle
574,0.8901441950349339,0.267967306946308,0.5483870967741935,0.943778801843318,0.9865125240847784,0.9646726330664155,31.0,Vicia.hirsuta,0.4921658986175115,opth,2,False,mlp1,bce,msle
575,0.8176895306859205,0.04432394200258666,0.375,0.9196750902527075,0.9951171875,0.9559099437148217,8.0,Vicia.onobrychioides,0.29467509025270755,opth,2,False,mlp1,bce,msle
576,0.8630371604603402,0.39445172974438825,0.5267175572519084,0.9015228426395939,0.9347368421052632,0.9178294573643411,131.0,Vicia.sativa,0.4282403998915023,opth,2,False,mlp1,bce,msle
577,0.802216580412069,0.21035686058981518,0.4473684210526316,0.8905380333951762,0.9785932721712538,0.932491500728509,38.0,Vicia.sepium,0.33790645444780787,opth,2,False,mlp1,bce,msle
578,0.9026528776978417,0.08664124117891242,1.0,0.5116906474820144,1.0,0.6769779892920881,4.0,Vicia.tetrasperma,0.5116906474820144,opth,2,False,mlp1,bce,msle
579,0.6983303249097472,0.020410412202001,0.25,0.8998194945848376,0.9940179461615155,0.9445760303173851,8.0,Vincetoxicum.hirundinaria,0.14981949458483745,opth,2,False,mlp1,bce,msle
580,0.5439856373429084,0.002869708720500126,0.5,0.5798922800718133,0.9984544049459042,0.7336740488358887,2.0,Viola.arvensis,0.07989228007181337,opth,2,False,mlp1,bce,msle
581,0.728978978978979,0.025371346400045895,0.5,0.9018018018018018,0.9970119521912351,0.9470198675496688,6.0,Viola.biflora,0.4018018018018017,opth,2,False,mlp1,bce,msle
582,0.7995213108717665,0.11741758683809456,0.5490196078431373,0.8131455399061033,0.9741282339707537,0.8863868986693961,51.0,Viola.calcarata,0.36216514774924047,opth,2,False,mlp1,bce,msle
583,0.7461127108185932,0.03200397076781012,0.5454545454545454,0.7257918552036199,0.9938042131350682,0.8389121338912134,11.0,Viola.hirta,0.2712464006581654,opth,2,False,mlp1,bce,msle
584,0.34375,0.0032614259858467875,0.0,0.7482014388489209,0.9952153110047847,0.8542094455852156,4.0,Viola.rupestris,-0.2517985611510791,opth,2,False,mlp1,bce,msle
585,0.8116007194244604,0.012792008056456519,0.75,0.7859712230215827,0.9988571428571429,0.879718168092602,4.0,Vulpia.myuros,0.5359712230215827,opth,2,False,mlp1,bce,msle
586,0.8435251798561151,0.04128786888262583,0.5,0.8273381294964028,0.9978308026030369,0.904621435594887,4.0,Athamanta.cretensis,0.32733812949640284,opth,2,False,mlp1,bce,msle
587,0.948188080263552,0.06680337206652996,1.0,0.8939802336028752,1.0,0.9440227703984819,3.0,Bupleurum.baldense,0.8939802336028753,opth,2,False,mlp1,bce,msle
588,0.6775678424235937,0.13466013756072287,0.47058823529411764,0.8371246587807097,0.9903121636167922,0.9072978303747534,17.0,Imperatoria.ostruthium,0.3077128940748275,opth,2,False,mlp1,bce,msle
589,0.8114931306227771,0.05168930638622733,0.46153846153846156,0.9038984587488668,0.9930278884462151,0.9463692453725676,13.0,Laserpitium.gallicum,0.36543692028732844,opth,2,False,mlp1,bce,msle
590,0.9953195319531953,0.4082051282051282,1.0,0.9801980198019802,1.0,0.99,5.0,Oenanthe.silaifolia,0.9801980198019802,opth,2,False,mlp1,bce,msle
591,0.9213213213213214,0.21022169122527545,0.6666666666666666,0.9558558558558559,0.9981185324553151,0.9765301426599171,6.0,Seseli.galloprovinciale,0.6225225225225226,opth,2,False,mlp1,bce,msle
592,0.9730458221024259,0.059920634920634916,1.0,0.9389038634321654,1.0,0.9684893419833179,3.0,Torilis.leptophylla,0.9389038634321654,opth,2,False,mlp1,bce,msle
593,0.9871852517985611,0.3573469873779471,1.0,0.9622302158273381,1.0,0.9807516040329972,4.0,Achillea.ptarmica,0.9622302158273381,opth,2,False,mlp1,bce,msle
594,0.9228699551569507,0.011494252873563218,0.0,0.957847533632287,0.9990645463049579,0.978021978021978,1.0,Artemisia.alba,-0.04215246636771297,opth,2,False,mlp1,bce,msle
595,0.8728228228228228,0.04910029094575231,0.8333333333333334,0.8954954954954955,0.9989949748743718,0.9444180522565321,6.0,Bombycilaena.erecta,0.7288288288288287,opth,2,False,mlp1,bce,msle
596,0.712189278227014,0.02016274587921428,0.6666666666666666,0.8706199460916442,0.9989690721649485,0.9303888622179549,3.0,Cacalia.alliariae,0.5372866127583107,opth,2,False,mlp1,bce,msle
597,0.8823330324909747,0.06435167871195674,0.75,0.805956678700361,0.9977653631284916,0.891662506240639,8.0,Cacalia.alpina,0.5559566787003609,opth,2,False,mlp1,bce,msle
598,0.8549910071942446,0.033058674151296444,0.0,0.97931654676259,0.9963403476669717,0.9877551020408163,4.0,Carduus.nigrescens,-0.020683453237410054,opth,2,False,mlp1,bce,msle
599,0.9112932097537692,0.2450726105775617,0.6521739130434783,0.879231473010064,0.9917440660474717,0.9321047526673133,23.0,Catananche.caerulea,0.5314053860535424,opth,2,False,mlp1,bce,msle
600,0.7547339945897205,0.034921308912376416,0.7142857142857143,0.7556357078449053,0.9976190476190476,0.8599281682914315,7.0,Centaurea.alpestris,0.4699214221306196,opth,2,False,mlp1,bce,msle
601,0.9172159090909091,0.17408879770001873,0.875,0.8654545454545455,0.9979035639412998,0.9269717624148004,16.0,Centaurea.paniculata,0.7404545454545455,opth,2,False,mlp1,bce,msle
602,0.7774142599277978,0.03256482993480965,0.375,0.9106498194945848,0.995069033530572,0.9509896324222432,8.0,Centaurea.triumfetti,0.2856498194945849,opth,2,False,mlp1,bce,msle
603,0.8863504916136495,0.32462302775929974,0.7692307692307693,0.8336466165413534,0.9866518353726362,0.9037187977585328,52.0,Centaurea.uniflora,0.6028773857721226,opth,2,False,mlp1,bce,msle
604,0.7542754275427543,0.012925894916227648,0.0,0.946894689468947,0.9952696310312205,0.9704797047970479,5.0,Cirsium.ferox,-0.05310531053105305,opth,2,False,mlp1,bce,msle
605,0.8713768115942029,0.198015151164572,0.9166666666666666,0.7545289855072463,0.9988009592326139,0.8596491228070176,12.0,Cirsium.morisianum,0.6711956521739131,opth,2,False,mlp1,bce,msle
606,0.9528528528528528,0.13059601712590116,0.8333333333333334,0.8963963963963963,0.998995983935743,0.9449192782526116,6.0,Cirsium.rivulare,0.7297297297297298,opth,2,False,mlp1,bce,msle
607,0.7792979297929793,0.04465767652791337,0.4,0.7326732673267327,0.996328029375765,0.8443983402489627,5.0,Crepis.albida,0.1326732673267328,opth,2,False,mlp1,bce,msle
608,0.8776419082125604,0.0724130124914538,0.8333333333333334,0.6929347826086957,0.9973924380704041,0.8177445216461785,12.0,Crepis.nicaeensis,0.526268115942029,opth,2,False,mlp1,bce,msle
609,0.7821782178217822,0.035494932685751414,0.4,0.9324932493249325,0.9971126082771896,0.9637209302325581,5.0,Doronicum.grandiflorum,0.3324932493249326,opth,2,False,mlp1,bce,msle
610,0.8669860102147638,0.2130241682563441,0.6551724137931034,0.8693652253909844,0.9895287958115183,0.9255631733594515,29.0,Echinops.ritro,0.5245376391840879,opth,2,False,mlp1,bce,msle
611,0.9631956912028725,0.2620481927710843,1.0,0.8734290843806104,1.0,0.9324389075227599,2.0,Erigeron.atticus,0.8734290843806103,opth,2,False,mlp1,bce,msle
612,0.8873429084380611,0.01289490651192779,0.5,0.9111310592459605,0.9990157480314961,0.9530516431924883,2.0,Filago.vulgaris,0.4111310592459605,opth,2,False,mlp1,bce,msle
613,0.9089547768793053,0.03219069899614716,0.3333333333333333,0.9335130278526504,0.9980787704130644,0.9647168059424327,3.0,Helichrysum.stoechas,0.2668463611859837,opth,2,False,mlp1,bce,msle
614,0.9878815080789946,0.2037037037037037,1.0,0.900359066427289,1.0,0.9475673122342938,2.0,Hieracium.glanduliferum,0.9003590664272889,opth,2,False,mlp1,bce,msle
615,0.7968689733408962,0.12357056460681272,0.6585365853658537,0.7255813953488373,0.982367758186398,0.8346709470304976,41.0,Pilosella.peleteriana,0.38411798071469105,opth,2,False,mlp1,bce,msle
616,0.7892212903291078,0.30165203067903185,0.6494845360824743,0.718351324828263,0.9556135770234987,0.8201680672268907,97.0,Pilosella.officinarum,0.3678358609107373,opth,2,False,mlp1,bce,msle
617,0.8829126470199551,0.350233874393479,0.8285714285714286,0.7835337650323775,0.9929660023446659,0.8759048603929679,35.0,Hieracium.rionii,0.612105193603806,opth,2,False,mlp1,bce,msle
618,0.9079365079365079,0.2769520804542069,0.6444444444444445,0.9206349206349206,0.9840319361277445,0.9512783405692233,45.0,Pilosella.corymbuloides,0.5650793650793651,opth,2,False,mlp1,bce,msle
619,0.8039783001808318,0.052757545100731155,0.3,0.9593128390596745,0.9934456928838952,0.9760809567617296,10.0,Inula.montana,0.2593128390596744,opth,2,False,mlp1,bce,msle
620,0.8966669819947655,0.3613622774762994,0.7526881720430108,0.8592375366568915,0.9745011086474501,0.9132467532467532,93.0,Leontodon.pyrenaicus,0.6119257086999021,opth,2,False,mlp1,bce,msle
621,0.863658536585366,0.24706959857749042,0.8,0.7851782363977486,0.9881936245572609,0.8750653423941454,50.0,Leucanthemum.adustum,0.5851782363977487,opth,2,False,mlp1,bce,msle
622,0.8893646630626773,0.09475700483539862,0.8235294117647058,0.7816196542311192,0.9965197215777262,0.8760836308006119,17.0,Leucanthemum.atratum,0.6051490659958252,opth,2,False,mlp1,bce,msle
623,0.9397995030417274,0.36249458379714006,0.8363636363636363,0.9057492931196984,0.9907216494845361,0.9463318562284588,55.0,Omalotheca.supina,0.7421129294833348,opth,2,False,mlp1,bce,msle
624,0.9193693693693694,0.03532707660546583,1.0,0.6927927927927928,1.0,0.8185204896221394,6.0,Omalotheca.sylvatica,0.6927927927927928,opth,2,False,mlp1,bce,msle
625,0.8694219826295297,0.0141981351981352,1.0,0.6675651392632524,1.0,0.8006465517241379,3.0,Pulicaria.dysenterica,0.6675651392632524,opth,2,False,mlp1,bce,msle
626,0.931083344068015,0.42005471253249493,1.0,0.6528403967538323,1.0,0.789961811238407,7.0,Scorzonera.hispanica,0.6528403967538323,opth,2,False,mlp1,bce,msle
627,0.9126126126126126,0.07265341671079377,0.5,0.9333333333333333,0.9971126082771896,0.9641693811074918,6.0,Senecio.aquaticus,0.43333333333333335,opth,2,False,mlp1,bce,msle
628,0.802064631956912,0.05230414746543779,0.5,0.9515260323159784,0.9990574929311969,0.9747126436781609,2.0,Senecio.vulgaris,0.45152603231597843,opth,2,False,mlp1,bce,msle
629,0.9547608303249098,0.40831274703557313,0.75,0.8953068592057761,0.9979879275653923,0.9438629876308278,8.0,Serratula.lycopifolia,0.645306859205776,opth,2,False,mlp1,bce,msle
630,0.7951888489208634,0.024126825323531494,0.75,0.8767985611510791,0.9989754098360656,0.9339080459770115,4.0,Serratula.nudicaulis,0.6267985611510791,opth,2,False,mlp1,bce,msle
631,0.8579648014440433,0.07746046474773163,0.625,0.7617328519855595,0.9964580873671782,0.8634271099744245,8.0,Sonchus.asper,0.3867328519855595,opth,2,False,mlp1,bce,msle
632,0.7270649825494433,0.06688656304834624,0.4090909090909091,0.8491773308957953,0.9861995753715499,0.912573673870334,22.0,Taraxacum.erythrospermum,0.25826823998670445,opth,2,False,mlp1,bce,msle
633,0.9254267744833783,0.026726847109012714,0.6666666666666666,0.903863432165319,0.9990069513406157,0.9490566037735849,3.0,Taraxacum.palustre,0.5705300988319855,opth,2,False,mlp1,bce,msle
634,0.8170126353790613,0.02302642128191045,0.625,0.779783393501805,0.9965397923875432,0.8749367088607595,8.0,Tolpis.staticifolia,0.40478339350180503,opth,2,False,mlp1,bce,msle
635,0.8676867686768677,0.03258643746691556,0.8,0.7452745274527453,0.9987937273823885,0.8536082474226804,5.0,Tragopogon.crocifolius,0.5452745274527453,opth,2,False,mlp1,bce,msle
636,0.9076642335766424,0.17853681849050734,0.85,0.8202554744525548,0.9966740576496674,0.8998998998998999,20.0,Cerinthe.minor,0.6702554744525546,opth,2,False,mlp1,bce,msle
637,0.9824955116696589,0.08125,1.0,0.8016157989228008,1.0,0.8898854010961634,2.0,Cynoglossum.officinale,0.8016157989228008,opth,2,False,mlp1,bce,msle
638,0.7461780575539569,0.015895857723420344,0.5,0.7553956834532374,0.997624703087886,0.8597748208802457,4.0,Lithospermum.arvense,0.2553956834532374,opth,2,False,mlp1,bce,msle
639,0.8957954545454545,0.1373128646600798,0.875,0.81,0.9977603583426652,0.8941294530858003,16.0,Myosotis.decumbens,0.685,opth,2,False,mlp1,bce,msle
640,0.7792979297929794,0.0325869801930169,0.2,0.9747974797479748,0.9963201471941122,0.9854413102820746,5.0,Myosotis.discolor,0.17479747974797477,opth,2,False,mlp1,bce,msle
641,0.9645364536453646,0.13060812203669347,1.0,0.756975697569757,1.0,0.8616803278688525,5.0,Pulmonaria.angustifolia,0.756975697569757,opth,2,False,mlp1,bce,msle
642,0.95717280622941,0.04119582430084713,1.0,0.7879604672057502,1.0,0.8814070351758794,3.0,Alyssum.alpestre,0.7879604672057501,opth,2,False,mlp1,bce,msle
643,0.687987987987988,0.015810101662328584,0.3333333333333333,0.7738738738738739,0.9953650057937428,0.8707551951343132,6.0,Alyssum.montanum,0.10720720720720722,opth,2,False,mlp1,bce,msle
644,0.8091276978417266,0.01961522423594748,0.5,0.8408273381294964,0.9978655282817502,0.9126403123474865,4.0,Arabis.alpina,0.3408273381294964,opth,2,False,mlp1,bce,msle
645,0.9190647482014389,0.42895902547065334,0.5,0.9253597122302158,0.9980601357904947,0.9603359776014933,4.0,Arabis.auriculata,0.42535971223021596,opth,2,False,mlp1,bce,msle
646,0.893093093093093,0.03036720314386273,0.16666666666666666,0.9711711711711711,0.9953831948291783,0.9831281349749202,6.0,Cardamine.bellidifolia,0.13783783783783776,opth,2,False,mlp1,bce,msle
647,0.9280954339777869,0.16060811371661068,0.8181818181818182,0.869683257918552,0.9979231568016614,0.9294003868471954,11.0,Cardamine.resedifolia,0.6878650761003704,opth,2,False,mlp1,bce,msle
648,,-0.0,0.0,0.9202508960573477,1.0,0.9584694353709753,0.0,Iberis.pinnata,-0.07974910394265233,opth,2,False,mlp1,bce,msle
649,0.7782331511839709,0.10600375486139152,0.7222222222222222,0.6857923497267759,0.9934036939313984,0.8114224137931034,18.0,Kandis.perfoliata,0.40801457194899804,opth,2,False,mlp1,bce,msle
650,0.8779599271402551,0.10853082201703884,0.7222222222222222,0.8032786885245902,0.9943630214205186,0.8886649874055416,18.0,Noccaea.brachypetala,0.5255009107468123,opth,2,False,mlp1,bce,msle
651,0.8973375451263538,0.04831899842494609,0.5,0.8907942238267148,0.9959636730575177,0.9404478323010957,8.0,Pritzelago.alpina,0.3907942238267148,opth,2,False,mlp1,bce,msle
652,0.8873914345612459,0.11283286118980168,0.6666666666666666,0.8840970350404312,0.9989847715736041,0.9380362249761678,3.0,Sisymbrium.austriacum,0.5507637017070979,opth,2,False,mlp1,bce,msle
653,0.9820627802690582,0.047619047619047616,1.0,0.8995515695067264,1.0,0.947119924457035,1.0,Campanula.alpestris,0.8995515695067264,opth,2,False,mlp1,bce,msle
654,0.9216127906607874,0.2998065039949473,0.5862068965517241,0.9392824287028518,0.9883833494675702,0.9632075471698113,29.0,Phyteuma.globulariifolium,0.525489325254576,opth,2,False,mlp1,bce,msle
655,0.7811934900542497,0.12712775748984834,0.5,0.891500904159132,0.9949545913218971,0.9403910348116357,10.0,Phyteuma.michelii,0.39150090415913197,opth,2,False,mlp1,bce,msle
656,0.8680985594159443,0.35916143211217966,0.6379310344827587,0.8657844990548205,0.9775880469583778,0.9182957393483709,58.0,Arenaria.gothica,0.5037155335375791,opth,2,False,mlp1,bce,msle
657,0.9452542018271846,0.20519170460672878,0.8461538461538461,0.9247506799637353,0.9980430528375733,0.96,13.0,Cerastium.cerastoides,0.7709045261175813,opth,2,False,mlp1,bce,msle
658,0.9088101725703905,0.1834983484806736,0.8666666666666667,0.8092643051771117,0.9977603583426652,0.8936810431293881,15.0,Dianthus.hyssopifolius,0.6759309718437785,opth,2,False,mlp1,bce,msle
659,0.8682019285309133,0.18620290238971396,0.6097560975609756,0.8520930232558139,0.9828326180257511,0.9128051818634778,41.0,Dianthus.pavonius,0.4618491208167894,opth,2,False,mlp1,bce,msle
660,0.9464124548736462,0.14428163526304694,0.75,0.9169675090252708,0.9980353634577603,0.955785512699906,8.0,Minuartia.hybrida,0.6669675090252709,opth,2,False,mlp1,bce,msle
661,0.7216726618705036,0.010446297013721025,0.75,0.7428057553956835,0.9987908101571947,0.851985559566787,4.0,Minuartia.rupestris,0.4928057553956835,opth,2,False,mlp1,bce,msle
662,0.9204413021521249,0.30229204847330643,0.7377049180327869,0.8729857819905213,0.9829242262540021,0.9246987951807228,61.0,Minuartia.sedoides,0.6106907000233082,opth,2,False,mlp1,bce,msle
663,0.8911291125131859,0.32300941095573416,0.7021276595744681,0.8475210477081384,0.9847826086956522,0.9110105580693816,47.0,Sagina.glabra,0.5496487072826066,opth,2,False,mlp1,bce,msle
664,0.8865280289330921,0.04977453038279107,0.7,0.8553345388788427,0.9968387776606955,0.9206812652068127,10.0,Sagina.saginoides,0.5553345388788427,opth,2,False,mlp1,bce,msle
665,0.799917729329494,0.1359726839474223,0.6363636363636364,0.7484162895927602,0.9951865222623345,0.8543388429752066,11.0,Silene.italica,0.38477992595639643,opth,2,False,mlp1,bce,msle
666,0.8114330760030445,0.09646147199040152,0.7352941176470589,0.7245841035120147,0.9886506935687264,0.8362666666666667,34.0,Silene.latifolia,0.4598782211590735,opth,2,False,mlp1,bce,msle
667,0.9147982062780269,0.010416666666666666,0.0,0.9964125560538116,0.9991007194244604,0.9977548271216884,1.0,Silene.suecica,-0.0035874439461883734,opth,2,False,mlp1,bce,msle
668,0.6130595403732667,0.05580734462542277,0.3157894736842105,0.8468550592525068,0.9861995753715499,0.9112309955860716,19.0,Chenopodium.bonus.henricus,0.1626445329367172,opth,2,False,mlp1,bce,msle
669,0.8889758643183301,0.2748934540141949,0.7142857142857143,0.8821917808219178,0.9938271604938271,0.9346879535558781,21.0,Helianthemum.apenninum,0.5964774951076321,opth,2,False,mlp1,bce,msle
670,0.8044034090909091,0.25436076295632537,0.5166666666666667,0.8920454545454546,0.9701338825952626,0.9294523926985693,60.0,Helianthemum.oelandicum,0.4087121212121212,opth,2,False,mlp1,bce,msle
671,0.988330341113106,0.14166666666666666,1.0,0.9631956912028725,1.0,0.9812528577960676,2.0,Convolvulus.cantabricus,0.9631956912028725,opth,2,False,mlp1,bce,msle
672,0.9131602936237586,0.12701825346231568,0.7894736842105263,0.8550592525068368,0.9957537154989384,0.920058852378617,19.0,Sedum.alpestre,0.6445329367173631,opth,2,False,mlp1,bce,msle
673,0.7533525298231181,0.06760917410070748,0.6363636363636364,0.7574660633484163,0.995243757431629,0.8602261048304214,11.0,Sedum.anacampseros,0.3938296997120525,opth,2,False,mlp1,bce,msle
674,0.8280956706024826,0.1308504950124439,0.6666666666666666,0.7865576748410535,0.9942594718714122,0.8782961460446247,15.0,Sedum.ochroleucum,0.4532243415077202,opth,2,False,mlp1,bce,msle
675,0.9613041516245487,0.3081149753240023,0.875,0.9332129963898917,0.9990338164251208,0.9650023331777882,8.0,Sedum.sediforme,0.8082129963898916,opth,2,False,mlp1,bce,msle
676,0.960431654676259,0.06199322300982477,1.0,0.8273381294964028,1.0,0.905511811023622,4.0,Sempervivum.calcareum,0.8273381294964028,opth,2,False,mlp1,bce,msle
677,0.9912320143884892,0.23020833333333335,1.0,0.9235611510791367,1.0,0.9602618045815802,4.0,Euphorbia.esula,0.9235611510791366,opth,2,False,mlp1,bce,msle
678,0.9208149592944369,0.44834915926904917,0.7272727272727273,0.8824626865671642,0.9874739039665971,0.9320197044334976,44.0,Anthyllis.montana,0.6097354138398914,opth,2,False,mlp1,bce,msle
679,0.8983483483483483,0.11572265957582956,0.5,0.9504504504504504,0.997164461247637,0.9732472324723247,6.0,Argyrolobium.zanonii,0.4504504504504503,opth,2,False,mlp1,bce,msle
680,0.8431502525252524,0.20887398815180422,0.7666666666666667,0.7642045454545454,0.9829476248477467,0.8598827916888652,60.0,Astragalus.danicus,0.530871212121212,opth,2,False,mlp1,bce,msle
681,0.8974537037037037,0.34641463719430704,0.8055555555555556,0.8037037037037037,0.992,0.8879795396419438,36.0,Astragalus.sempervirens,0.6092592592592592,opth,2,False,mlp1,bce,msle
682,0.8606115107913669,0.016382849170121134,0.75,0.7922661870503597,0.9988662131519275,0.8836509528585758,4.0,Astragalus.vesicarius,0.5422661870503598,opth,2,False,mlp1,bce,msle
683,0.9555355535553556,0.14235904888271098,1.0,0.9207920792079208,1.0,0.9587628865979382,5.0,Bituminaria.bituminosa,0.9207920792079207,opth,2,False,mlp1,bce,msle
684,0.9223125564588979,0.05314034132402611,0.5555555555555556,0.934056007226739,0.9961464354527938,0.9641025641025641,9.0,Dorycnium.pentaphyllum,0.48961156278229456,opth,2,False,mlp1,bce,msle
685,0.97262118491921,0.048538011695906436,1.0,0.940754039497307,1.0,0.969472710453284,2.0,Genista.cinerea,0.9407540394973068,opth,2,False,mlp1,bce,msle
686,0.8898381294964028,0.11352210781344639,0.75,0.6879496402877698,0.9986945169712794,0.8146964856230032,4.0,Lathyrus.hirsutus,0.43794964028776984,opth,2,False,mlp1,bce,msle
687,0.9261983676046175,0.6949492927262522,0.8958333333333334,0.8430735930735931,0.9749687108886108,0.9042367962855484,192.0,Lotus.alpinus,0.7389069264069263,opth,2,False,mlp1,bce,msle
688,0.8283514492753623,0.08653405599892892,0.8333333333333334,0.6358695652173914,0.9971590909090909,0.7765486725663717,12.0,Lotus.delortii,0.4692028985507246,opth,2,False,mlp1,bce,msle
689,0.9424977538185085,0.02985404688191066,1.0,0.9083557951482479,1.0,0.9519774011299436,3.0,Lotus.pedunculatus,0.9083557951482479,opth,2,False,mlp1,bce,msle
690,0.9693867309043461,0.19858631836573015,1.0,0.8301716350496838,1.0,0.9072063178677197,9.0,Medicago.arabica,0.8301716350496839,opth,2,False,mlp1,bce,msle
691,,-0.0,0.0,0.9829749103942652,1.0,0.991414369633981,0.0,Melilotus.neapolitanus,-0.01702508960573479,opth,2,False,mlp1,bce,msle
692,0.8779292005983048,0.12169166479989096,0.5909090909090909,0.8939670932358318,0.9908814589665653,0.9399327246516098,22.0,Ononis.cristata,0.48487618414492273,opth,2,False,mlp1,bce,msle
693,0.8952966594648495,0.1626068946737794,0.7272727272727273,0.8802559414990859,0.9938080495356038,0.9335918565196316,22.0,Oxytropis.lapponica,0.6075286687718133,opth,2,False,mlp1,bce,msle
694,0.8575840145322434,0.06603301836692949,0.5333333333333333,0.8873751135331517,0.9928861788617886,0.9371702637889688,15.0,Trifolium.incarnatum,0.420708446866485,opth,2,False,mlp1,bce,msle
695,0.8628409090909089,0.05965935621938447,0.8125,0.8172727272727273,0.9966740576496674,0.8981018981018981,16.0,Trifolium.pallescens,0.6297727272727274,opth,2,False,mlp1,bce,msle
696,,-0.0,0.0,0.8897849462365591,1.0,0.9416785206258891,0.0,Vicia.pannonica,-0.11021505376344087,opth,2,False,mlp1,bce,msle
697,0.8091743119266055,0.11032964696091928,0.8076923076923077,0.6119266055045871,0.9925595238095238,0.757094211123723,26.0,Vicia.tenuifolia,0.4196189131968948,opth,2,False,mlp1,bce,msle
698,0.9107789855072463,0.07158459461508743,0.8333333333333334,0.8487318840579711,0.9978700745473909,0.9172785119921684,12.0,Gentiana.angustifolia,0.6820652173913044,opth,2,False,mlp1,bce,msle
699,0.8695555626050819,0.18428031851664323,0.4827586206896552,0.8721251149954001,0.9844236760124611,0.9248780487804878,29.0,Gentiana.brachyphylla,0.3548837356850554,opth,2,False,mlp1,bce,msle
700,0.8037003610108302,0.01983909363201985,0.125,0.9268953068592057,0.9932301740812379,0.9589169000933707,8.0,Gentiana.orbicularis,0.051895306859205625,opth,2,False,mlp1,bce,msle
701,0.8364376130198914,0.043471818668724564,0.4,0.8734177215189873,0.9938271604938271,0.9297401347449471,10.0,Gentiana.rostanii,0.27341772151898747,opth,2,False,mlp1,bce,msle
702,0.8222915630323038,0.20426331363821845,0.7619047619047619,0.7255460588793922,0.9807445442875481,0.834061135371179,63.0,Gentianella.campestris,0.4874508207841539,opth,2,False,mlp1,bce,msle
703,0.8586403114705001,0.013400488400488401,0.6666666666666666,0.8230008984725966,0.9989094874591058,0.9024630541871921,3.0,Gentianella.ciliata,0.48966756513926324,opth,2,False,mlp1,bce,msle
704,0.8837522441651705,0.024219409282700423,0.5,0.8518850987432675,0.9989473684210526,0.9195736434108527,2.0,Gentianella.tenella,0.35188509874326757,opth,2,False,mlp1,bce,msle
705,0.7281924460431655,0.01785421623968199,0.5,0.7949640287769785,0.9977426636568849,0.8848848848848849,4.0,Hypericum.tetrapterum,0.29496402877697836,opth,2,False,mlp1,bce,msle
706,0.8831637253639057,0.04466333173523182,0.2857142857142857,0.9666366095581606,0.9953574744661096,0.9807868252516011,7.0,Herniaria.incana,0.25235089527244625,opth,2,False,mlp1,bce,msle
707,0.8936807427373465,0.019898388820303398,0.0,0.9811320754716981,0.9972602739726028,0.9891304347826086,3.0,Calamintha.nepeta,-0.018867924528301883,opth,2,False,mlp1,bce,msle
708,0.9144144144144144,0.06698621670323675,0.8333333333333334,0.845945945945946,0.9989361702127659,0.9160975609756098,6.0,Mentha.aquatica,0.6792792792792794,opth,2,False,mlp1,bce,msle
709,0.7603040658344375,0.035334294179091404,0.6153846153846154,0.7633726201269265,0.9940968122786304,0.8635897435897436,13.0,Mentha.longifolia,0.37875723551154206,opth,2,False,mlp1,bce,msle
710,0.6708520179372197,0.002717391304347826,0.0,0.8385650224215246,0.9989316239316239,0.9117503656752803,1.0,Nepeta.nepetella,-0.16143497757847536,opth,2,False,mlp1,bce,msle
711,0.7666068222621185,0.005783438638718951,0.5,0.7827648114901257,0.9988545246277205,0.8777050830397585,2.0,Prunella.hyssopifolia,0.28276481149012556,opth,2,False,mlp1,bce,msle
712,0.9429982046678635,0.06382001836547291,0.5,0.9317773788150808,0.9990375360923965,0.9642359498374361,2.0,Teucrium.polium,0.43177737881508094,opth,2,False,mlp1,bce,msle
713,0.9892183288409704,0.20743145743145744,1.0,0.9065588499550764,1.0,0.9509896324222432,3.0,Linum.bienne,0.9065588499550765,opth,2,False,mlp1,bce,msle
714,0.7868156934306569,0.05425861435158186,0.5,0.8421532846715328,0.9892818863879957,0.9098077870872351,20.0,Linum.suffruticosum,0.3421532846715327,opth,2,False,mlp1,bce,msle
715,0.9698570140409636,0.1467858349881263,0.8571428571428571,0.9368800721370604,0.9990384615384615,0.9669613773848301,7.0,Lythrum.salicaria,0.7940229292799175,opth,2,False,mlp1,bce,msle
716,0.8552158273381294,0.02555004281864536,0.5,0.9091726618705036,0.998025666337611,0.9515294117647058,4.0,Althaea.hirsuta,0.4091726618705036,opth,2,False,mlp1,bce,msle
717,0.9228007181328546,0.018140589569160995,0.5,0.9425493716337523,0.9990485252140818,0.9699769053117783,2.0,Epilobium.parviflorum,0.4425493716337523,opth,2,False,mlp1,bce,msle
718,0.828082808280828,0.03379001722571157,0.2,0.9360936093609361,0.9961685823754789,0.9651972157772621,5.0,Plantago.sempervirens,0.13609360936093617,opth,2,False,mlp1,bce,msle
719,0.9244494276262061,0.41600021665577847,0.9130434782608695,0.8080229226361032,0.9929577464788732,0.8909952606635071,69.0,Armeria.alpina,0.7210664008969727,opth,2,False,mlp1,bce,msle
720,0.7860732667272177,0.12717043220739474,0.3333333333333333,0.9055404178019982,0.9900695134061569,0.9459203036053131,15.0,Polygala.calcarea,0.2388737511353316,opth,2,False,mlp1,bce,msle
721,0.846526122823098,0.22226971964964579,0.6,0.8597616865261228,0.989451476793249,0.920058852378617,25.0,Rumex.arifolius,0.4597616865261229,opth,2,False,mlp1,bce,msle
722,0.7885594489368074,0.011064731331210994,0.3333333333333333,0.9299191374663073,0.9980713596914176,0.9627906976744186,3.0,Rumex.conglomeratus,0.26325247079964065,opth,2,False,mlp1,bce,msle
723,0.7570887108381711,0.04255552643179936,0.7894736842105263,0.6572470373746582,0.9944827586206897,0.7914379802414928,19.0,Rumex.nebroides,0.4467207215851845,opth,2,False,mlp1,bce,msle
724,0.822215909090909,0.1228777278163095,0.625,0.8827272727272727,0.9938587512794268,0.9350024073182475,16.0,Rumex.pseudalpinus,0.5077272727272728,opth,2,False,mlp1,bce,msle
725,0.8507424381301558,0.08157046177361002,0.64,0.8285976168652612,0.9901423877327492,0.9021956087824351,25.0,Androsace.adfinis,0.46859761686526125,opth,2,False,mlp1,bce,msle
726,0.8861538461538462,0.22384419171165915,0.8,0.8142589118198874,0.9886104783599089,0.8930041152263375,50.0,Androsace.vitaliana,0.6142589118198876,opth,2,False,mlp1,bce,msle
727,0.6196219621962196,0.007259253384337581,0.6,0.6696669666966697,0.9973190348525469,0.8012924071082391,5.0,Primula.vulgaris,0.2696669666966698,opth,2,False,mlp1,bce,msle
728,0.8528528528528528,0.020120186448647215,1.0,0.7513513513513513,1.0,0.8580246913580247,6.0,Aconitum.anthora,0.7513513513513512,opth,2,False,mlp1,bce,msle
729,0.8746350364963503,0.16537498527396993,0.5,0.9215328467153284,0.9901960784313726,0.9546313799621928,20.0,Anemone.baldensis,0.42153284671532854,opth,2,False,mlp1,bce,msle
730,0.947974797479748,0.04807240689263161,1.0,0.8694869486948695,1.0,0.9301877708233028,5.0,Anemone.narcissifolia,0.8694869486948695,opth,2,False,mlp1,bce,msle
731,0.9380610412926391,0.0224009900990099,0.5,0.9596050269299821,0.9990654205607477,0.9789377289377289,2.0,Caltha.palustris,0.45960502692998206,opth,2,False,mlp1,bce,msle
732,0.7318085748792271,0.0645431279072167,0.5833333333333334,0.7744565217391305,0.9941860465116279,0.8706720977596741,12.0,Ranunculus.aduncus,0.35778985507246386,opth,2,False,mlp1,bce,msle
733,0.9165148755312689,0.24935516130083696,0.7777777777777778,0.8916211293260473,0.9959308240081384,0.940893801057184,18.0,Ranunculus.carinthiacus,0.6693989071038251,opth,2,False,mlp1,bce,msle
734,0.8334173143929242,0.2981134878028078,0.6263736263736264,0.8058536585365854,0.9604651162790697,0.8763925729442971,91.0,Ranunculus.sartorianus,0.4322272849102118,opth,2,False,mlp1,bce,msle
735,0.8084532374100719,0.021124004493632647,0.5,0.8642086330935251,0.9979231568016614,0.9262650602409639,4.0,Reseda.phyteuma,0.36420863309352525,opth,2,False,mlp1,bce,msle
736,0.8504079782411604,0.047644484430694606,0.5384615384615384,0.8884859474161378,0.9939148073022313,0.9382479655337482,13.0,Alchemilla.fissa,0.4269474858776763,opth,2,False,mlp1,bce,msle
737,0.8733631910059234,0.3370131203712345,0.6712328767123288,0.8418024928092043,0.9733924611973392,0.9028277634961439,73.0,Alchemilla.flabellata,0.5130353695215331,opth,2,False,mlp1,bce,msle
738,0.8288424410308066,0.15107334548409934,0.6060606060606061,0.8337950138504155,0.9858078602620087,0.9034517258629314,33.0,Alchemilla.glabra,0.43985561991102173,opth,2,False,mlp1,bce,msle
739,0.9049787492410444,0.1414895536909957,0.9444444444444444,0.7531876138433515,0.998792270531401,0.8587746625129803,18.0,Alchemilla.glaucescens,0.697632058287796,opth,2,False,mlp1,bce,msle
740,0.8311183610804587,0.12305947307664498,0.8421052631578947,0.731084776663628,0.9962732919254659,0.843322818086225,19.0,Alchemilla.monticola,0.5731900398215228,opth,2,False,mlp1,bce,msle
741,0.950232342007435,0.4247053962276903,0.825,0.9070631970260223,0.9928789420142421,0.9480330257406508,40.0,Alchemilla.pentaphyllea,0.7320631970260223,opth,2,False,mlp1,bce,msle
742,0.9268854038430658,0.16511091581584506,0.8235294117647058,0.8853503184713376,0.9969262295081968,0.9378313253012048,17.0,Filipendula.ulmaria,0.7088797302360434,opth,2,False,mlp1,bce,msle
743,0.9631956912028725,0.06333333333333334,1.0,0.829443447037702,1.0,0.9067713444553483,2.0,Potentilla.brauneana,0.8294434470377019,opth,2,False,mlp1,bce,msle
744,0.8821942446043166,0.037454493247680756,1.0,0.6321942446043165,1.0,0.7746556473829201,4.0,Potentilla.neglecta,0.6321942446043165,opth,2,False,mlp1,bce,msle
745,0.9365983810428254,0.42898494559287115,0.7619047619047619,0.899335232668566,0.9844074844074844,0.9399503722084367,63.0,Sibbaldia.procumbens,0.6612399945733278,opth,2,False,mlp1,bce,msle
746,0.8253968253968255,0.01506310580821905,0.6666666666666666,0.7852650494159928,0.9988571428571429,0.8792756539235412,3.0,Galium.megalospermum,0.4519317160826595,opth,2,False,mlp1,bce,msle
747,0.8445630187626422,0.37368381653903204,0.6851851851851852,0.8267419962335216,0.9810055865921787,0.8972917731221257,54.0,Galium.obliquum,0.5119271814187067,opth,2,False,mlp1,bce,msle
748,0.9649595687331536,0.0680085165379283,1.0,0.7915543575920935,1.0,0.8836509528585758,3.0,Galium.palustre,0.7915543575920934,opth,2,False,mlp1,bce,msle
749,0.9232732732732734,0.04986459805941767,0.6666666666666666,0.9063063063063063,0.998015873015873,0.9499527856468366,6.0,Galium.pseudohelveticum,0.5729729729729729,opth,2,False,mlp1,bce,msle
750,0.7789757412398922,0.17112265726479867,0.3333333333333333,0.9640610961365679,0.998139534883721,0.9808043875685558,3.0,Galium.uliginosum,0.29739442946990113,opth,2,False,mlp1,bce,msle
751,0.7252697841726619,0.008027410166662793,0.0,0.8615107913669064,0.9958419958419958,0.9238187078109933,4.0,Salix.foetida,-0.13848920863309355,opth,2,False,mlp1,bce,msle
752,0.7740564214865386,0.02678486521899581,0.0,0.9981965734896303,0.9937163375224417,0.9959514170040485,7.0,Thesium.divaricatum,-0.0018034265103696878,opth,2,False,mlp1,bce,msle
753,0.8571428571428572,0.04128022085205305,0.8,0.7414104882459313,0.9975669099756691,0.8506224066390041,10.0,Saxifraga.bryoides,0.5414104882459312,opth,2,False,mlp1,bce,msle
754,0.8594532583452251,0.1561052296487368,0.7272727272727273,0.7931671283471837,0.9896313364055299,0.8805740645822655,33.0,Saxifraga.exarata,0.520439855619911,opth,2,False,mlp1,bce,msle
755,0.8802009532397269,0.06763139822808739,0.7142857142857143,0.757439134355275,0.997624703087886,0.8610968733982574,7.0,Digitalis.grandiflora,0.4717248486409893,opth,2,False,mlp1,bce,msle
756,0.7306032319582454,0.029746329545596847,0.6666666666666666,0.6621499548328816,0.9959239130434783,0.7954422137818774,9.0,Euphrasia.officinalis,0.32881662149954827,opth,2,False,mlp1,bce,msle
757,0.9147147147147148,0.037152733438688,0.16666666666666666,0.9576576576576576,0.9953183520599251,0.9761248852157943,6.0,Linaria.simplex,0.12432432432432439,opth,2,False,mlp1,bce,msle
758,,-0.0,0.0,0.8207885304659498,1.0,0.9015748031496063,0.0,Pedicularis.cenisia,-0.1792114695340502,opth,2,False,mlp1,bce,msle
759,0.8996777914793747,0.19752288091627782,0.782608695652174,0.827996340347667,0.9945054945054945,0.9036445332001997,23.0,Pedicularis.comosa,0.610605035999841,opth,2,False,mlp1,bce,msle
760,0.827278880866426,0.02444368615926286,0.75,0.7527075812274369,0.9976076555023924,0.8580246913580247,8.0,Pedicularis.kerneri,0.5027075812274369,opth,2,False,mlp1,bce,msle
761,0.7580113806528901,0.008806327173035557,0.0,0.9469901168014375,0.9971617786187322,0.9714285714285714,3.0,Pedicularis.rosea,-0.05300988319856248,opth,2,False,mlp1,bce,msle
762,0.8495692025664527,0.10188566848709614,0.52,0.8753437213565536,0.9875904860392968,0.9280855199222546,25.0,Pedicularis.rostratospicata,0.3953437213565536,opth,2,False,mlp1,bce,msle
763,0.8867686768676868,0.05005813429021038,0.4,0.9423942394239424,0.9971428571428571,0.968995835261453,5.0,Verbascum.chaixii,0.34239423942394254,opth,2,False,mlp1,bce,msle
764,0.8767942583732058,0.13679703059838885,0.8157894736842105,0.7996289424860853,0.9919447640966629,0.8854648176682075,38.0,Veronica.allionii,0.6154184161702958,opth,2,False,mlp1,bce,msle
765,0.9227631462268333,0.32889714837650136,0.8095238095238095,0.8761638733705773,0.9915700737618546,0.9303015323776569,42.0,Veronica.alpina,0.685687682894387,opth,2,False,mlp1,bce,msle
766,0.743293795620438,0.042823528974664606,0.3,0.8448905109489051,0.9851063829787234,0.9096267190569745,20.0,Veronica.austriaca,0.14489051094890515,opth,2,False,mlp1,bce,msle
767,0.7768768768768768,0.028110150350843563,0.5,0.7675675675675676,0.9964912280701754,0.867175572519084,6.0,Veronica.verna,0.2675675675675677,opth,2,False,mlp1,bce,msle
768,0.9324220656949578,0.2173459769636913,0.8461538461538461,0.9392565729827742,0.9980732177263969,0.9677720691265763,13.0,Valeriana.tuberosa,0.7854104191366202,opth,2,False,mlp1,bce,msle
769,0.8193181818181818,0.18100366789267933,0.6875,0.8363636363636363,0.9945945945945946,0.908641975308642,16.0,Viola.saxatilis,0.5238636363636364,opth,2,False,mlp1,bce,msle
770,0.9249100719424461,0.10666715487743787,0.75,0.8588129496402878,0.9989539748953975,0.9235976789168279,4.0,Carex.acutiformis,0.6088129496402876,opth,2,False,mlp1,bce,msle
771,0.9766471119133573,0.5269876383641545,1.0,0.8438628158844765,1.0,0.9153206069505629,8.0,Carex.bicolor,0.8438628158844765,opth,2,False,mlp1,bce,msle
772,0.9973094170403587,0.25,1.0,0.7103139013452915,1.0,0.8306240167802832,1.0,Carex.cuprina,0.7103139013452915,opth,2,False,mlp1,bce,msle
773,0.9771771771771772,0.18626919602529357,0.6666666666666666,0.9675675675675676,0.9981412639405205,0.9826166514181153,6.0,Carex.disticha,0.6342342342342342,opth,2,False,mlp1,bce,msle
774,0.9164821560364735,0.2563227979292424,0.7692307692307693,0.8700092850510678,0.9904862579281184,0.9263470093919921,39.0,Carex.foetida,0.6392400542818371,opth,2,False,mlp1,bce,msle
775,0.8243252667550038,0.044181686592257526,0.23076923076923078,0.9501359927470535,0.9905482041587902,0.9699213327163351,13.0,Carex.frigida,0.18090522351628424,opth,2,False,mlp1,bce,msle
776,0.9922592259225923,0.3478195488721805,1.0,0.9792979297929792,1.0,0.9895407003183265,5.0,Carex.melanostachya,0.9792979297929794,opth,2,False,mlp1,bce,msle
777,0.8561151079136691,0.13561209013635955,0.5,0.8381294964028777,0.9978586723768736,0.9110459433040078,4.0,Carex.ovalis,0.3381294964028778,opth,2,False,mlp1,bce,msle
778,0.7852852852852853,0.02868099425999847,0.6666666666666666,0.6342342342342342,0.9971671388101983,0.775330396475771,6.0,Carex.paniculata,0.30090090090090094,opth,2,False,mlp1,bce,msle
779,0.9106753812636165,0.2259128321838049,0.8888888888888888,0.8216619981325863,0.9943502824858758,0.8997955010224948,45.0,Carex.parviflora,0.7105508870214752,opth,2,False,mlp1,bce,msle
780,0.589018901890189,0.006232472743185666,0.2,0.7065706570657065,0.9949302915082383,0.8263157894736842,5.0,Carex.viridula,-0.09342934293429339,opth,2,False,mlp1,bce,msle
781,0.4044514388489209,0.0035877520661393627,0.0,0.8570143884892086,0.9958202716823407,0.9212179797003384,4.0,Eleocharis.quinqueflora,-0.14298561151079137,opth,2,False,mlp1,bce,msle
782,0.4968525179856115,0.004581284831101814,0.25,0.7329136690647482,0.9963325183374083,0.844559585492228,4.0,Eriophorum.polystachion,-0.017086330935251803,opth,2,False,mlp1,bce,msle
783,0.899668072414733,0.26363391094949745,0.8135593220338984,0.8420056764427626,0.9877913429522752,0.9090909090909091,59.0,Kobresia.myosuroides,0.6555649984766609,opth,2,False,mlp1,bce,msle
784,0.7769299820466787,0.017761752136752136,0.5,0.8312387791741472,0.9989212513484358,0.9073983341499265,2.0,Schoenus.nigricans,0.33123877917414735,opth,2,False,mlp1,bce,msle
785,0.9223518850987433,0.019852941176470587,0.5,0.9488330341113106,0.999054820415879,0.9732965009208103,2.0,Scirpoides.holoschoenus,0.4488330341113107,opth,2,False,mlp1,bce,msle
786,0.7823729789377729,0.04803122989610242,0.3157894736842105,0.837739288969918,0.9860515021459227,0.905864958107442,19.0,Muscari.neglectum,0.1535287626541284,opth,2,False,mlp1,bce,msle
787,0.845301094890511,0.09160710901763768,0.7,0.8558394160583942,0.9936440677966102,0.9196078431372549,20.0,Crocus.vernus,0.5558394160583942,opth,2,False,mlp1,bce,msle
788,0.8916291629162917,0.057470389244406214,0.6,0.946894689468947,0.9981024667931688,0.971824480369515,5.0,Juncus.conglomeratus,0.5468946894689468,opth,2,False,mlp1,bce,msle
789,0.8846135393177567,0.09033897190983278,0.6842105263157895,0.8632634457611669,0.993704092339979,0.9239024390243903,19.0,Luzula.alpinopilosa,0.5474739720769564,opth,2,False,mlp1,bce,msle
790,0.8785491303701501,0.15744833426655747,0.7741935483870968,0.8267281105990784,0.9922566371681416,0.9019607843137255,31.0,Luzula.nutans,0.600921658986175,opth,2,False,mlp1,bce,msle
791,0.7255605381165919,0.003257328990228013,0.0,0.7775784753363228,0.9988479262672811,0.8744326777609682,1.0,Gagea.fragifera,-0.22242152466367715,opth,2,False,mlp1,bce,msle
792,0.9100719424460432,0.034107346056187565,0.5,0.8893884892086331,0.9979818365287588,0.9405611031859249,4.0,Tulipa.australis,0.389388489208633,opth,2,False,mlp1,bce,msle
793,0.8104882459312839,0.034677595678263846,0.7,0.744122965641953,0.9963680387409201,0.8519668737060041,10.0,Dactylorhiza.latifolia,0.44412296564195297,opth,2,False,mlp1,bce,msle
794,0.8496164259927798,0.024724293538232155,0.125,0.9187725631768953,0.9931707317073171,0.9545241443975622,8.0,Ophrys.fuciflora,0.04377256317689526,opth,2,False,mlp1,bce,msle
795,0.8127627627627627,0.016826705838599743,0.16666666666666666,0.9306306306306307,0.9951830443159922,0.9618249534450651,6.0,Orchis.purpurea,0.09729729729729741,opth,2,False,mlp1,bce,msle
796,0.8087971274685817,0.007154882154882155,0.5,0.8617594254937163,0.9989594172736732,0.9253012048192771,2.0,Orchis.simia,0.3617594254937164,opth,2,False,mlp1,bce,msle
797,0.939225976650202,0.4613436889329033,0.9117647058823529,0.816793893129771,0.9930394431554525,0.8963350785340314,68.0,Alopecurus.alpinus,0.7285585990121239,opth,2,False,mlp1,bce,msle
798,0.9924413357400722,0.37814077972326054,1.0,0.9296028880866426,1.0,0.9635173058933583,8.0,Alopecurus.rendlei,0.9296028880866425,opth,2,False,mlp1,bce,msle
799,0.8069397834483631,0.41188193858141714,0.7700534759358288,0.71259418729817,0.9390070921985816,0.8102815177478581,187.0,Avenula.pubescens,0.4826476632339989,opth,2,False,mlp1,bce,msle
800,0.8275212705615428,0.18992201909647777,0.5121951219512195,0.8465116279069768,0.978494623655914,0.9077306733167082,41.0,Avenula.versicolor,0.35870674985819617,opth,2,False,mlp1,bce,msle
801,0.752081076081499,0.28378518210944775,0.8417721518987342,0.5501043841336117,0.9547101449275363,0.6980132450331126,158.0,Brachypodium.rupestre,0.39187653603234596,opth,2,False,mlp1,bce,msle
802,0.8800493624023036,0.08590688868163487,0.5454545454545454,0.860633484162896,0.9947698744769874,0.9228529839883551,11.0,Bromus.commutatus,0.4060880296174414,opth,2,False,mlp1,bce,msle
803,0.970757299270073,0.43213216414917655,1.0,0.7098540145985401,1.0,0.8303094983991463,20.0,Bromus.racemosus,0.7098540145985401,opth,2,False,mlp1,bce,msle
804,0.7443493435266745,0.04478166751491557,0.6363636363636364,0.7394881170018281,0.9902080783353733,0.8466771323914181,22.0,Elytrigia.repens,0.3758517533654646,opth,2,False,mlp1,bce,msle
805,0.8743109768040517,0.17450279252175305,0.7575757575757576,0.8125577100646353,0.990990990990991,0.8929477422628107,33.0,Festuca.cinerea,0.5701334676403929,opth,2,False,mlp1,bce,msle
806,0.8118569958847737,0.14331693083593905,0.5555555555555556,0.8583333333333333,0.9830328738069989,0.9164607019278299,36.0,Festuca.marginata,0.41388888888888875,opth,2,False,mlp1,bce,msle
807,0.8357491415145492,0.31495468232197116,0.7727272727272727,0.7654075546719682,0.9685534591194969,0.8550805108273182,110.0,Festuca.pratensis,0.538134827399241,opth,2,False,mlp1,bce,msle
808,0.7754733994589721,0.028087124579216464,0.5714285714285714,0.7493237150586114,0.9964028776978417,0.8553782810087494,7.0,Festuca.trichophylla,0.3207522864871828,opth,2,False,mlp1,bce,msle
809,0.8780947067438454,0.3184981943110366,0.7692307692307693,0.7679057116953762,0.9964705882352941,0.8673835125448028,13.0,Gaudinia.fragilis,0.5371364809261454,opth,2,False,mlp1,bce,msle
810,0.9406005758946936,0.09918090112787492,0.9090909090909091,0.8479638009049774,0.9989339019189766,0.9172785119921684,11.0,Helictotrichon.parlatorei,0.7570547099958864,opth,2,False,mlp1,bce,msle
811,0.9091291102006515,0.5497252958449761,0.9122807017543859,0.7445109780439122,0.9867724867724867,0.8486916951080774,114.0,Helictotrichon.sedenense,0.6567916797982982,opth,2,False,mlp1,bce,msle
812,0.9273476748679634,0.232898108741613,0.8571428571428571,0.8512173128944995,0.9989417989417989,0.9191820837390458,7.0,Helictotrichon.sempervirens,0.7083601700373565,opth,2,False,mlp1,bce,msle
813,0.8574640287769785,0.043090962382300965,0.5,0.8381294964028777,0.9978586723768736,0.9110459433040078,4.0,Hordeum.murinum,0.3381294964028778,opth,2,False,mlp1,bce,msle
814,0.9813813813813814,0.42512997754933235,1.0,0.8027027027027027,1.0,0.8905547226386806,6.0,Hordeum.secalinum,0.8027027027027027,opth,2,False,mlp1,bce,msle
815,0.7531418312387792,0.006994047619047619,0.5,0.703770197486535,0.9987261146496815,0.8256977356503423,2.0,Koeleria.cenisia,0.20377019748653513,opth,2,False,mlp1,bce,msle
816,0.7614546850261479,0.05870035520157033,0.3157894736842105,0.8760255241567912,0.9866529774127311,0.9280540801545147,19.0,Molinia.caerulea,0.19181499784100176,opth,2,False,mlp1,bce,msle
817,0.7480421557707138,0.10303131215233652,0.7818181818181819,0.6361922714420358,0.982532751091703,0.7723112128146453,55.0,Phleum.pratense,0.4180104532602176,opth,2,False,mlp1,bce,msle
818,0.873654236230301,0.41199558080853904,0.8923076923076924,0.6997971602434077,0.9801136363636364,0.8165680473372781,130.0,Poa.trivialis,0.5921048525510999,opth,2,False,mlp1,bce,msle
819,0.9626579422382672,0.1460749380645941,0.875,0.9404332129963899,0.9990412272291467,0.9688516968851697,8.0,Vulpia.bromoides,0.8154332129963899,opth,2,False,mlp1,bce,msle
820,0.9692169216921692,0.31016785390375406,1.0,0.6993699369936993,1.0,0.823093220338983,5.0,Vulpia.ciliata,0.6993699369936994,opth,2,False,mlp1,bce,msle
821,0.9031630801140783,0.11412037013772063,0.7857142857142857,0.9019963702359347,0.9969909729187563,0.9471176750833731,14.0,Equisetum.variegatum,0.6877106559502204,opth,2,False,mlp1,bce,msle
822,0.9108024691358025,0.21340232788432814,0.6666666666666666,0.8907407407407407,0.9876796714579056,0.9367088607594937,36.0,Pachypleurum.mutellinoides,0.5574074074074074,opth,2,False,mlp1,bce,msle
823,0.8349805330937407,0.019535814325730292,0.3333333333333333,0.8050314465408805,0.9977728285077951,0.8910989557434112,3.0,Libanotis.pyrenaica,0.1383647798742138,opth,2,False,mlp1,bce,msle
824,0.8180498060209368,0.2401143002649402,0.7674418604651163,0.7306616961789375,0.9874055415617129,0.839850026780932,43.0,Alchemilla.alpigena,0.4981035566440539,opth,2,False,mlp1,bce,msle
825,0.9199007220216606,0.07076279410855657,0.75,0.8790613718411552,0.9979508196721312,0.9347408829174664,8.0,Anacamptis.morio,0.6290613718411553,opth,2,False,mlp1,bce,msle
826,0.9109880200953239,0.037226031999770766,1.0,0.8268710550045085,1.0,0.9052319842053307,7.0,Mutellina.adonidifolia,0.8268710550045086,opth,2,False,mlp1,bce,msle
827,0.8843788996029495,0.2994427517232871,0.7073170731707317,0.881860465116279,0.9875,0.9316953316953317,41.0,Avenula.pratensis,0.5891775382870108,opth,2,False,mlp1,bce,msle
828,0.8487148350536329,0.08890569630783535,0.6111111111111112,0.8451730418943534,0.9925133689839573,0.9129365469749139,18.0,Gymnadenia.nigra,0.45628415300546443,opth,2,False,mlp1,bce,msle
829,0.8170403587443946,0.004878048780487805,0.0,0.9390134529147982,0.9990458015267175,0.9680998613037448,1.0,Murbeckiella.pinnatifida,-0.06098654708520179,opth,2,False,mlp1,bce,msle
830,0.8975741239892184,0.01990493166963755,0.6666666666666666,0.862533692722372,0.9989594172736732,0.9257473481195757,3.0,Silene.conica,0.5292003593890386,opth,2,False,mlp1,bce,msle
