,auc,prauc,sensitivity,specificity,precision,f1,support,species,tss,postprocess,fold,prr,archi,species_loss,func_loss
0,0.6135754848387442,0.019161752924202146,0.29411764705882354,0.7158469945355191,0.9849624060150376,0.8291139240506329,17.0,Aceras.anthropophorum,0.009964641594342627,opth,4,False,mlp1,bce,msle
1,0.8089396740043691,0.24646760754058583,0.8787878787878788,0.5813308687615527,0.9936808846761453,0.7335276967930029,33.0,Achillea.collina,0.4601187475494315,opth,4,False,mlp1,bce,msle
2,0.6914287194900761,0.38750741236631187,0.7789855072463768,0.48867699642431467,0.8704883227176221,0.6259541984732825,276.0,Achillea.millefolium,0.26766250367069144,opth,4,False,mlp1,bce,msle
3,0.8838075880758807,0.03352520675977504,0.75,0.8527551942186089,0.9978858350951374,0.9196298100340965,8.0,Achillea.nana,0.6027551942186089,opth,4,False,mlp1,bce,msle
4,0.8602442853313934,0.2682073312814193,0.8979591836734694,0.6275797373358349,0.9925816023738873,0.7689655172413793,49.0,Achillea.roseo.alba,0.5255389210093044,opth,4,False,mlp1,bce,msle
5,0.8445121951219513,0.03480074782176994,0.625,0.8148148148148148,0.9966850828729282,0.8966202783300199,8.0,Achnatherum.calamagrostis,0.4398148148148149,opth,4,False,mlp1,bce,msle
6,0.7502579979360166,0.11829765285707586,0.6862745098039216,0.6785714285714286,0.978319783197832,0.8013318534961155,51.0,Acinos.alpinus,0.3648459383753502,opth,4,False,mlp1,bce,msle
7,0.6918165137614679,0.03617914635991504,0.6,0.6376146788990825,0.9858156028368794,0.7743732590529248,25.0,Acinos.arvensis,0.2376146788990825,opth,4,False,mlp1,bce,msle
8,0.5858041329739443,0.01249871014343205,0.5,0.7906558849955077,0.9988649262202043,0.8826479438314945,2.0,Aconitum.lycoctonum,0.29065588499550765,opth,4,False,mlp1,bce,msle
9,0.5578661844484629,0.010713387085266302,0.2222222222222222,0.8417721518987342,0.9925373134328358,0.910958904109589,9.0,Cacalia.leucophylla,0.06399437412095654,opth,4,False,mlp1,bce,msle
10,,-0.0,0.0,0.6358744394618834,1.0,0.7774122807017544,0.0,Aegopodium.podagraria,-0.3641255605381166,opth,4,False,mlp1,bce,msle
11,0.8228958154608712,0.10314537061246484,0.9487179487179487,0.4962825278810409,0.996268656716418,0.6625310173697271,39.0,Agrimonia.eupatoria,0.44500047659898945,opth,4,False,mlp1,bce,msle
12,0.8523055074779212,0.1827328817968979,0.7142857142857143,0.7819198508853681,0.9858989424206815,0.8721413721413721,42.0,Agrostis.alpina,0.4962055651710824,opth,4,False,mlp1,bce,msle
13,0.7610952040085899,0.2204830693158051,0.8181818181818182,0.5659448818897638,0.96964586846543,0.7147296457426974,99.0,Agrostis.capillaris,0.384126700071582,opth,4,False,mlp1,bce,msle
14,0.8907582938388625,0.2820374853890809,0.8,0.8123222748815165,0.9861910241657077,0.8908523908523909,60.0,Agrostis.rupestris,0.6123222748815165,opth,4,False,mlp1,bce,msle
15,0.5769461977757739,0.029737021770987138,0.16666666666666666,0.8214607754733995,0.9945414847161572,0.899753086419753,6.0,Agrostis.agrostiflora,-0.011872557859933908,opth,4,False,mlp1,bce,msle
16,0.6810687272133645,0.11035803864215689,0.35294117647058826,0.8871415356151712,0.9775739041794088,0.930164888457808,34.0,Agrostis.stolonifera,0.24008271208575938,opth,4,False,mlp1,bce,msle
17,0.6035764516777176,0.05077476396678725,0.3333333333333333,0.7811934900542495,0.993103448275862,0.8744939271255061,9.0,Ajuga.chamaepitys,0.11452682338758291,opth,4,False,mlp1,bce,msle
18,0.680180995475113,0.018313635710084118,0.7,0.5502262443438914,0.9950900163666121,0.7086247086247086,10.0,Ajuga.genevensis,0.2502262443438914,opth,4,False,mlp1,bce,msle
19,0.8025225225225225,0.030701120469719786,0.6,0.8477477477477477,0.9978791092258749,0.9167072576716999,5.0,Ajuga.pyramidalis,0.44774774774774784,opth,4,False,mlp1,bce,msle
20,0.8521642969984203,0.27952066712097,0.6833333333333333,0.8132701421800947,0.9783352337514253,0.8881987577639752,60.0,Ajuga.reptans,0.4966034755134281,opth,4,False,mlp1,bce,msle
21,0.8574613792005097,0.076563290069161,0.782608695652174,0.7536630036630036,0.9939613526570048,0.8572916666666667,23.0,Alchemilla.alpina,0.5362716993151775,opth,4,False,mlp1,bce,msle
22,0.6321744992295839,0.09938360680129835,0.6949152542372882,0.40625,0.959731543624161,0.5708582834331337,59.0,Alchemilla.xanthochlora,0.10116525423728806,opth,4,False,mlp1,bce,msle
23,0.8545642083548219,0.024172278262595406,1.0,0.6696750902527075,1.0,0.8021621621621622,7.0,Allium.lusitanicum,0.6696750902527075,opth,4,False,mlp1,bce,msle
24,0.6320816864295125,0.015128620603976456,0.45454545454545453,0.6856884057971014,0.9921363040629095,0.8109266202463846,11.0,Allium.oleraceum,0.14023386034255592,opth,4,False,mlp1,bce,msle
25,0.5842499236174764,0.05389094685368444,0.375,0.7369385884509624,0.9816849816849816,0.8418848167539267,24.0,Allium.schoenoprasum,0.1119385884509625,opth,4,False,mlp1,bce,msle
26,0.9228172817281729,0.033910624359849775,0.75,0.891989198919892,0.998991935483871,0.9424631478839752,4.0,Allium.scorodoprasum,0.641989198919892,opth,4,False,mlp1,bce,msle
27,0.7691113234591496,0.06964139338099332,0.6521739130434783,0.7591575091575091,0.9904420549581839,0.8595127008812856,23.0,Allium.sphaerocephalon,0.4113314222009874,opth,4,False,mlp1,bce,msle
28,0.6741877256317689,0.013017198810830029,1.0,0.44133574007220217,1.0,0.6123982467125861,7.0,Allium.vineale,0.4413357400722022,opth,4,False,mlp1,bce,msle
29,0.8619015356820235,0.1677754525811215,0.75,0.8319783197831978,0.9978331527627302,0.9073891625615763,8.0,Alopecurus.pratensis,0.5819783197831978,opth,4,False,mlp1,bce,msle
30,0.6444972725932478,0.07866731782610453,0.6078431372549019,0.6024436090225563,0.9697428139183056,0.7431884057971014,51.0,Alyssum.alyssoides,0.21028674627745825,opth,4,False,mlp1,bce,msle
31,0.7143255295429208,0.055346481734939175,0.5652173913043478,0.717032967032967,0.987389659520807,0.8307692307692308,23.0,Anacamptis.pyramidalis,0.2822503583373148,opth,4,False,mlp1,bce,msle
32,0.852437417654809,0.13683894118378154,0.5454545454545454,0.8260869565217391,0.9945474372955289,0.9025235032162295,11.0,Androsace.obtusifolia,0.37154150197628466,opth,4,False,mlp1,bce,msle
33,0.7874962428614367,0.014964365553119415,1.0,0.569882777276826,1.0,0.7260195290063182,6.0,Angelica.sylvestris,0.569882777276826,opth,4,False,mlp1,bce,msle
34,0.8957038032823614,0.19046380039434302,0.7575757575757576,0.8391866913123844,0.9912663755458515,0.908908908908909,33.0,Antennaria.carpatica,0.596762448888142,opth,4,False,mlp1,bce,msle
35,0.8626621457678788,0.23573634754969516,0.8032786885245902,0.7808349146110057,0.98562874251497,0.8713605082053997,61.0,Antennaria.dioica,0.584113603135596,opth,4,False,mlp1,bce,msle
36,0.5413873130479628,0.007290808095950895,0.0,0.7906137184115524,0.9920724801812004,0.8799598191863385,7.0,Anthemis.arvensis,-0.20938628158844763,opth,4,False,mlp1,bce,msle
37,0.7907978241160472,0.11077544809784672,0.6666666666666666,0.7452402538531279,0.9951573849878934,0.8522550544323484,12.0,Anthericum.liliago,0.4119069205197945,opth,4,False,mlp1,bce,msle
38,0.5472679700670516,0.34651188755109985,0.5519287833827893,0.5359897172236504,0.7341549295774648,0.6196136701337296,337.0,Anthoxanthum.odoratum,0.08791850060643958,opth,4,False,mlp1,bce,msle
39,0.76428324099723,0.11803132802497263,0.8125,0.6223453370267775,0.9911764705882353,0.7646057855927396,32.0,Anthriscus.sylvestris,0.4348453370267775,opth,4,False,mlp1,bce,msle
40,0.6777372218809101,0.28791941976038643,0.5819209039548022,0.6492537313432836,0.8916544655929722,0.7513880320789637,177.0,Anthyllis.vulneraria,0.2311746352980859,opth,4,False,mlp1,bce,msle
41,0.5598559855985599,0.00492706009062198,0.75,0.45544554455445546,0.9980276134122288,0.6254635352286774,4.0,Aphanes.arvensis,0.2054455445544554,opth,4,False,mlp1,bce,msle
42,0.9622641509433962,0.13704819277108435,1.0,0.8553459119496856,1.0,0.9220338983050848,2.0,Aquilegia.vulgaris,0.8553459119496856,opth,4,False,mlp1,bce,msle
43,0.7559774964838256,0.03136008135706999,0.7777777777777778,0.488245931283906,0.996309963099631,0.6553398058252428,9.0,Arabidopsis.thaliana,0.2660237090616837,opth,4,False,mlp1,bce,msle
44,0.8362898890680741,0.11465909273786823,0.6842105263157895,0.8068709377901578,0.9863791146424518,0.8876404494382022,38.0,Arabis.ciliata,0.49108146410594733,opth,4,False,mlp1,bce,msle
45,0.7170233947237432,0.08487530776384286,0.6530612244897959,0.6669793621013134,0.9766483516483516,0.7926421404682275,49.0,Arabis.hirsuta,0.3200405865911091,opth,4,False,mlp1,bce,msle
46,0.7393497536945812,0.23785805541827343,0.72,0.6315270935960591,0.9581464872944694,0.7612826603325415,100.0,Arenaria.serpyllifolia,0.35152709359605905,opth,4,False,mlp1,bce,msle
47,0.7266187050359713,0.010692958983276032,0.3333333333333333,0.8830935251798561,0.9979674796747967,0.9370229007633588,3.0,Armeria.arenaria,0.21642685851318944,opth,4,False,mlp1,bce,msle
48,0.8421275694002966,0.14576526061456893,0.5769230769230769,0.8539944903581267,0.9883103081827843,0.916256157635468,26.0,Arnica.montana,0.43091756728120356,opth,4,False,mlp1,bce,msle
49,0.8235569725850503,0.4183851363868023,0.8359788359788359,0.6760259179265659,0.9528158295281582,0.7909033480732786,189.0,Arrhenatherum.elatius,0.5120047539054018,opth,4,False,mlp1,bce,msle
50,0.713527851458886,0.03072479233016705,0.46153846153846156,0.8049001814882033,0.9921700223713646,0.8887775551102205,13.0,Artemisia.absinthium,0.26643864302666476,opth,4,False,mlp1,bce,msle
51,0.8073060941828255,0.17456591356305096,0.53125,0.8642659279778393,0.9842271293375394,0.9203539823008849,32.0,Artemisia.campestris,0.3955159279778393,opth,4,False,mlp1,bce,msle
52,0.6023852385238524,0.005857887156419996,0.25,0.7848784878487849,0.9965714285714286,0.878147029204431,4.0,Artemisia.vulgaris,0.03487848784878489,opth,4,False,mlp1,bce,msle
53,0.7182177408366263,0.10527087144309488,0.4878048780487805,0.6964618249534451,0.9726918075422627,0.8117200217037439,41.0,Asperula.cynanchica,0.18426670300222558,opth,4,False,mlp1,bce,msle
54,0.9202175883952856,0.19461775310749185,1.0,0.7234814143245694,1.0,0.8395581273014203,12.0,Asphodelus.albus,0.7234814143245694,opth,4,False,mlp1,bce,msle
55,0.8571216365334013,0.23453323145242314,0.6818181818181818,0.8450046685340803,0.984766050054407,0.9095477386934674,44.0,Aster.alpinus,0.5268228503522621,opth,4,False,mlp1,bce,msle
56,0.8963840777879064,0.13326001555750766,0.8333333333333334,0.8231540565177757,0.9966887417218543,0.9016475287069395,18.0,Aster.bellidiastrum,0.656487389851109,opth,4,False,mlp1,bce,msle
57,0.7490999099909991,0.2573352220530435,0.75,0.48874887488748875,0.9981617647058824,0.6561933534743203,4.0,Aster.linosyris,0.23874887488748886,opth,4,False,mlp1,bce,msle
58,0.8232600732600732,0.16950597069662138,0.43478260869565216,0.8617216117216118,0.9863731656184487,0.9198435972629521,23.0,Astragalus.alpinus,0.2965042204172639,opth,4,False,mlp1,bce,msle
59,0.9106660666066607,0.03171533153599151,1.0,0.7308730873087309,1.0,0.8445137805512221,4.0,Astragalus.depressus,0.7308730873087308,opth,4,False,mlp1,bce,msle
60,0.8128404139433552,0.09541631115238419,0.8518518518518519,0.6948529411764706,0.9947368421052631,0.8181818181818182,27.0,Astragalus.monspessulanus,0.5467047930283224,opth,4,False,mlp1,bce,msle
61,0.7857575757575759,0.09643184171694129,0.3333333333333333,0.8409090909090909,0.9893048128342246,0.9090909090909091,15.0,Astragalus.onobrychis,0.1742424242424243,opth,4,False,mlp1,bce,msle
62,0.6702637889688249,0.020599619388700672,0.6666666666666666,0.4685251798561151,0.9980842911877394,0.6376988984088128,3.0,Astragalus.penduliflorus,0.1351918465227817,opth,4,False,mlp1,bce,msle
63,0.801255926141562,0.11859030548096049,0.7272727272727273,0.666971637694419,0.9918367346938776,0.7975929978118161,22.0,Astrantia.major,0.3942443649671463,opth,4,False,mlp1,bce,msle
64,0.9091891891891892,0.03184645189601543,0.8,0.8621621621621621,0.9989561586638831,0.925531914893617,5.0,Astrantia.minor,0.6621621621621623,opth,4,False,mlp1,bce,msle
65,0.7797563261480788,0.11971399276901389,0.5833333333333334,0.7694470477975632,0.976218787158145,0.860587002096436,48.0,Deschampsia.flexuosa,0.3527803811308967,opth,4,False,mlp1,bce,msle
66,0.8370142180094786,0.2068196911362189,0.5166666666666667,0.8720379146919431,0.9694415173867229,0.9181636726546906,60.0,Bartsia.alpina,0.38870458135860986,opth,4,False,mlp1,bce,msle
67,0.871549178222907,0.2005852695486572,0.8813559322033898,0.7537878787878788,0.9912826899128269,0.8563743948359333,59.0,Bellis.perennis,0.6351438109912686,opth,4,False,mlp1,bce,msle
68,0.6505078485687904,0.053872555584680855,0.4375,0.7977839335180056,0.9795918367346939,0.8793893129770992,32.0,Biscutella.laevigata,0.23528393351800547,opth,4,False,mlp1,bce,msle
69,0.7115733631160128,0.03268231044433578,0.6923076923076923,0.6833030852994555,0.9947159841479525,0.8101129639591178,13.0,Blackstonia.perfoliata,0.3756107776071478,opth,4,False,mlp1,bce,msle
70,0.7798102981029811,0.1586512792882114,0.625,0.8238482384823849,0.9967213114754099,0.9020771513353115,8.0,Blysmus.compressus,0.44884823848238486,opth,4,False,mlp1,bce,msle
71,0.7437211171388387,0.02476622650544294,0.5555555555555556,0.7576853526220615,0.995249406175772,0.8603696098562629,9.0,Bothriochloa.ischaemum,0.3132409081776171,opth,4,False,mlp1,bce,msle
72,0.81605541765868,0.18501124900540658,0.5131578947368421,0.8537054860442733,0.95995670995671,0.9037187977585328,76.0,Botrychium.lunaria,0.36686338078111547,opth,4,False,mlp1,bce,msle
73,0.4609164420485175,0.002435179313746213,0.0,0.6576819407008087,0.997275204359673,0.7926367081754196,2.0,Brachypodium.sylvaticum,-0.34231805929919135,opth,4,False,mlp1,bce,msle
74,0.6957754896615358,0.2884440944663063,0.7630331753554502,0.5807522123893806,0.9130434782608695,0.7099391480730223,211.0,Briza.media,0.3437853877448309,opth,4,False,mlp1,bce,msle
75,0.8271150618089393,0.6828342904661855,0.8205128205128205,0.7099125364431487,0.8634751773049646,0.7792,429.0,Bromus.erectus,0.5304253569559692,opth,4,False,mlp1,bce,msle
76,0.8185509758602979,0.2158941775033997,0.864406779661017,0.6534090909090909,0.9885386819484241,0.7867730900798175,59.0,Bromus.hordeaceus,0.5178158705701079,opth,4,False,mlp1,bce,msle
77,0.5060756075607561,0.0048331223355963585,0.75,0.2934293429342934,0.9969418960244648,0.4534075104311544,4.0,Bromus.squarrosus,0.04342934293429335,opth,4,False,mlp1,bce,msle
78,0.6263040615820926,0.02298064069744548,0.6666666666666666,0.5524156791248861,0.9901960784313726,0.7091866588648332,18.0,Bromus.sterilis,0.21908234579155272,opth,4,False,mlp1,bce,msle
79,0.5534841628959276,0.010864862467956047,0.5,0.5873303167420815,0.9923547400611621,0.7379192723138147,10.0,Bromus.tectorum,0.08733031674208158,opth,4,False,mlp1,bce,msle
80,0.8764988009592326,0.03827905186600839,1.0,0.658273381294964,1.0,0.7939262472885033,3.0,Bunias.orientalis,0.6582733812949639,opth,4,False,mlp1,bce,msle
81,0.8315214337884151,0.25158323256035897,0.8382352941176471,0.673352435530086,0.9846368715083799,0.7997731140102099,68.0,Bunium.bulbocastanum,0.5115877296477329,opth,4,False,mlp1,bce,msle
82,0.659919028340081,0.021425248832128763,1.0,0.32123411978221417,1.0,0.48626373626373626,13.0,Buphthalmum.salicifolium,0.32123411978221417,opth,4,False,mlp1,bce,msle
83,0.8114295125164691,0.05016699529851735,0.7272727272727273,0.7998188405797102,0.9966139954853274,0.8874371859296483,11.0,Bupleurum.falcatum,0.5270915678524375,opth,4,False,mlp1,bce,msle
84,0.779438822447102,0.07004381370091692,0.5357142857142857,0.7773689052437902,0.9848484848484849,0.8688946015424165,28.0,Bupleurum.ranunculoides,0.3130831909580758,opth,4,False,mlp1,bce,msle
85,0.8420735382760699,0.054475739657147915,1.0,0.38155515370705245,1.0,0.5523560209424084,9.0,Calamagrostis.varia,0.3815551537070525,opth,4,False,mlp1,bce,msle
86,0.7652877697841726,0.010919663664731209,0.6666666666666666,0.7464028776978417,0.9987966305655837,0.8543489449305198,3.0,Calluna.vulgaris,0.41306954436450827,opth,4,False,mlp1,bce,msle
87,0.9257349149045899,0.2717652388026663,0.7142857142857143,0.970216606498195,0.9981429897864438,0.9839816933638444,7.0,Calystegia.sepium,0.6845023207839094,opth,4,False,mlp1,bce,msle
88,0.687594439407676,0.05074264886380967,0.4166666666666667,0.7588395285584769,0.9917061611374408,0.8597842835130971,12.0,Campanula.barbata,0.17550619522514355,opth,4,False,mlp1,bce,msle
89,0.8158761528326746,0.03619902637873308,0.7272727272727273,0.7527173913043478,0.9964028776978417,0.8575851393188855,11.0,Campanula.cochleariifolia,0.4799901185770752,opth,4,False,mlp1,bce,msle
90,0.8275070621468926,0.15737007205388204,0.864406779661017,0.6590909090909091,0.9886363636363636,0.7909090909090909,59.0,Campanula.glomerata,0.523497688751926,opth,4,False,mlp1,bce,msle
91,0.6955997588908982,0.013622979802322212,0.4444444444444444,0.7396021699819169,0.9939246658566221,0.8481078278900985,9.0,Campanula.rapunculoides,0.18404661442636128,opth,4,False,mlp1,bce,msle
92,0.6607207207207207,0.007591682952294517,0.6,0.6117117117117117,0.9970631424375918,0.7582356225572306,5.0,Campanula.rapunculus,0.21171171171171155,opth,4,False,mlp1,bce,msle
93,0.7539951965267194,0.2547019039499885,0.8095238095238095,0.5111542192046556,0.9705340699815838,0.6696315120711563,84.0,Campanula.rhomboidalis,0.3206780287284652,opth,4,False,mlp1,bce,msle
94,0.6520406375897706,0.12481908395309707,0.6883116883116883,0.5510597302504817,0.959731543624161,0.7001223990208079,77.0,Campanula.rotundifolia,0.23937141856217004,opth,4,False,mlp1,bce,msle
95,0.8762754708838127,0.4316262600243594,0.6590909090909091,0.8585961342828077,0.9493813273340832,0.9017094017094017,132.0,Campanula.scheuchzeri,0.5176870433737166,opth,4,False,mlp1,bce,msle
96,0.8227027027027027,0.09000589099953026,0.8,0.8009009009009009,0.998876404494382,0.889,5.0,Campanula.thyrsoides,0.600900900900901,opth,4,False,mlp1,bce,msle
97,0.6919358507734303,0.02743527869855584,0.75,0.5495905368516834,0.993421052631579,0.7076742823667252,16.0,Capsella.bursa.pastoris,0.29959053685168335,opth,4,False,mlp1,bce,msle
98,0.9424123970403463,0.2683705110365133,0.7692307692307693,0.8847549909255898,0.9969325153374233,0.9375,13.0,Cardamine.pratensis,0.6539857601563592,opth,4,False,mlp1,bce,msle
99,0.7450820626236759,0.27480560245105795,0.6611570247933884,0.7082494969818913,0.9449664429530201,0.8096607245543416,121.0,Carduus.defloratus,0.3694065217752798,opth,4,False,mlp1,bce,msle
100,0.7213706041478809,0.06732164751532425,0.5,0.5915238954012624,0.9954476479514416,0.7420814479638009,6.0,Carduus.nutans,0.09152389540126249,opth,4,False,mlp1,bce,msle
101,0.7469056214543579,0.017090159780646805,0.5714285714285714,0.740072202166065,0.9963547995139733,0.8493008803728638,7.0,Carex.atrata,0.31150077359463646,opth,4,False,mlp1,bce,msle
102,0.8694018635407275,0.11139091140235304,0.5,0.9098286744815148,0.9970355731225297,0.9514380009429514,6.0,Carex.capillaris,0.4098286744815147,opth,4,False,mlp1,bce,msle
103,0.6617703128449021,0.18414246669033418,0.5102040816326531,0.6637168141592921,0.9336099585062241,0.7758620689655172,98.0,Carex.caryophyllea,0.17392089579194514,opth,4,False,mlp1,bce,msle
104,0.8815236620964175,0.2118157046018183,0.7254901960784313,0.8214285714285714,0.9842342342342343,0.8954918032786885,51.0,Carex.curvula,0.5469187675070026,opth,4,False,mlp1,bce,msle
105,0.5890921409214093,0.01999296137583626,0.5,0.6594399277326106,0.9945504087193461,0.793047256925584,8.0,Carex.davalliana,0.15943992773261062,opth,4,False,mlp1,bce,msle
106,0.5146264626462647,0.006736639870739214,1.0,0.26732673267326734,1.0,0.421875,4.0,Carex.distans,0.26732673267326734,opth,4,False,mlp1,bce,msle
107,0.779887482419128,0.02302949265633987,0.7777777777777778,0.7043399638336347,0.9974391805377721,0.825649178590355,9.0,Carex.divulsa,0.4821177416114124,opth,4,False,mlp1,bce,msle
108,0.7197242206235012,0.009417278178236682,0.3333333333333333,0.875,0.997948717948718,0.9324389075227599,3.0,Carex.ericetorum,0.20833333333333326,opth,4,False,mlp1,bce,msle
109,0.9258760107816711,0.01847457627118644,1.0,0.5363881401617251,1.0,0.6982456140350877,2.0,Carex.ferruginea,0.536388140161725,opth,4,False,mlp1,bce,msle
110,0.682365017844123,0.14284994454157957,0.6310679611650486,0.6274703557312253,0.9435364041604755,0.7537091988130564,103.0,Carex.flacca,0.2585383168962738,opth,4,False,mlp1,bce,msle
111,0.7729254666848344,0.13154965195329493,0.36585365853658536,0.8361266294227188,0.9718614718614719,0.8988988988988988,41.0,Carex.halleriana,0.20198028795930423,opth,4,False,mlp1,bce,msle
112,0.8745417048579285,0.22979571234447485,0.7083333333333334,0.7818515123739689,0.9918604651162791,0.8744233726294208,24.0,Carex.hirta,0.49018484570730214,opth,4,False,mlp1,bce,msle
113,0.4108806732792305,0.005025901784442992,0.3333333333333333,0.45536519386834984,0.9921414538310412,0.6242274412855378,6.0,Carex.hostiana,-0.2113014727983169,opth,4,False,mlp1,bce,msle
114,0.8005668768020329,0.10295328571248208,0.6842105263157895,0.755803156917363,0.9854721549636803,0.8554913294797688,38.0,Carex.humilis,0.4400136832331525,opth,4,False,mlp1,bce,msle
115,0.6864383561643836,0.029448943579132546,0.45,0.7342465753424657,0.9865030674846625,0.8418848167539267,20.0,Carex.liparocarpos,0.1842465753424658,opth,4,False,mlp1,bce,msle
116,0.7943017127799736,0.04264264673450029,0.6363636363636364,0.6938405797101449,0.9948051948051948,0.8175026680896478,11.0,Carex.montana,0.33020421607378125,opth,4,False,mlp1,bce,msle
117,0.7744292237442922,0.042789199218816826,0.85,0.645662100456621,0.995774647887324,0.7833795013850415,20.0,Carex.spicata,0.49566210045662107,opth,4,False,mlp1,bce,msle
118,0.676899187768753,0.2779165038750474,0.5217391304347826,0.7426739926739927,0.98661800486618,0.8474399164054337,23.0,Carex.nigra,0.2644131231087754,opth,4,False,mlp1,bce,msle
119,0.8448171653067392,0.12773100377465463,0.8333333333333334,0.7098821396192203,0.9974522292993631,0.8294491525423728,12.0,Carex.ornithopoda,0.5432154729525536,opth,4,False,mlp1,bce,msle
120,0.8269104084321475,0.04501164950220326,0.7272727272727273,0.8414855072463768,0.9967811158798283,0.912573673870334,11.0,Carex.pallescens,0.568758234519104,opth,4,False,mlp1,bce,msle
121,0.6801228878648233,0.07268926459649423,0.5666666666666667,0.7188940092165899,0.9836065573770492,0.8306709265175719,30.0,Carex.panicea,0.2855606758832565,opth,4,False,mlp1,bce,msle
122,0.8518850987432676,0.006024096385542169,1.0,0.8411131059245961,1.0,0.9137006338371526,1.0,Carex.rupestris,0.8411131059245962,opth,4,False,mlp1,bce,msle
123,0.8256623547949723,0.37219123779111835,0.8160919540229885,0.696068012752391,0.9534206695778749,0.8046683046683046,174.0,Carex.sempervirens,0.5121599667753796,opth,4,False,mlp1,bce,msle
124,0.8507692307692308,0.08208296739816695,0.7,0.8271493212669683,0.9967284623773174,0.904055390702275,10.0,Carex.tomentosa,0.5271493212669682,opth,4,False,mlp1,bce,msle
125,0.8084981684981686,0.40932139907668613,0.6285714285714286,0.838974358974359,0.9402298850574713,0.886720867208672,140.0,Carlina.acaulis,0.4675457875457876,opth,4,False,mlp1,bce,msle
126,0.7844176025994208,0.07552126998168476,0.6153846153846154,0.7805325987144169,0.9883720930232558,0.8722421754746024,26.0,Carlina.vulgaris,0.39591721409903236,opth,4,False,mlp1,bce,msle
127,0.7739053624938503,0.22545976509849525,0.8160919540229885,0.5476653696498055,0.9723661485319517,0.7006845052893591,87.0,Carum.carvi,0.363757323672794,opth,4,False,mlp1,bce,msle
128,0.6868147901121349,0.2183107124653493,0.9731543624161074,0.36645962732919257,0.9888268156424581,0.5347432024169184,149.0,Centaurea.jacea,0.3396139897452999,opth,4,False,mlp1,bce,msle
129,0.6949585053033329,0.09709003321364247,0.7142857142857143,0.5535880708294502,0.9801980198019802,0.7075640262060751,42.0,Centaurea.montana,0.26787378511516446,opth,4,False,mlp1,bce,msle
130,0.8097071456462319,0.3292585415831733,0.7846153846153846,0.6527918781725889,0.9582712369597616,0.7765700483091788,130.0,Centaurea.scabiosa,0.4374072627879735,opth,4,False,mlp1,bce,msle
131,0.8304621635347892,0.516564884197967,0.6772727272727272,0.7899441340782123,0.9087403598971723,0.8451882845188284,220.0,Cerastium.arvense,0.46721686135093954,opth,4,False,mlp1,bce,msle
132,0.7388003812636166,0.06815759081135159,0.6666666666666666,0.7077205882352942,0.9884467265725289,0.8248527048741296,27.0,Cerastium.brachypetalum,0.3743872549019609,opth,4,False,mlp1,bce,msle
133,0.7968311714805433,0.2533524919349836,0.847457627118644,0.6449348044132397,0.972768532526475,0.7756332931242461,118.0,Cerastium.fontanum,0.4923924315318837,opth,4,False,mlp1,bce,msle
134,0.724,0.05459498860312664,0.84,0.5302752293577981,0.993127147766323,0.6913875598086124,25.0,Cerastium.glomeratum,0.370275229357798,opth,4,False,mlp1,bce,msle
135,0.6398996634279546,0.03641243085240278,0.2413793103448276,0.8020257826887661,0.975363941769317,0.8802425467407782,29.0,Cerastium.pumilum,0.043405093033593634,opth,4,False,mlp1,bce,msle
136,0.631957960295835,0.02317926727472983,0.6428571428571429,0.5694822888283378,0.9920886075949367,0.723600692440854,14.0,Cerastium.semidecandrum,0.21233943168548075,opth,4,False,mlp1,bce,msle
137,0.7076558265582655,0.021948487215093626,0.75,0.5356820234869015,0.9966386554621849,0.6968272620446534,8.0,Chaerophyllum.aureum,0.2856820234869015,opth,4,False,mlp1,bce,msle
138,0.6946111964260784,0.01920756816501472,0.9230769230769231,0.4419237749546279,0.9979508196721312,0.6125786163522012,13.0,Chaerophyllum.hirsutum,0.365000698031551,opth,4,False,mlp1,bce,msle
139,0.8047705864478881,0.14642582145629282,0.6666666666666666,0.8669097538742023,0.9937304075235109,0.9259980525803311,18.0,Chaerophyllum.villarsii,0.5335764205408688,opth,4,False,mlp1,bce,msle
140,0.8445094509450944,0.0388155260495686,1.0,0.29162916291629165,1.0,0.4515679442508711,4.0,Chenopodium.album,0.2916291629162917,opth,4,False,mlp1,bce,msle
141,0.5972348141432456,0.01453406460385039,0.4166666666666667,0.6545784224841342,0.99039780521262,0.7882096069868996,12.0,Chondrilla.juncea,0.07124508915080097,opth,4,False,mlp1,bce,msle
142,0.6560082516761218,0.009980922729174602,0.8571428571428571,0.48646209386281586,0.9981481481481481,0.654126213592233,7.0,Cichorium.intybus,0.3436049510056729,opth,4,False,mlp1,bce,msle
143,0.6532267275842376,0.14204218341599106,0.5058823529411764,0.7223300970873786,0.9465648854961832,0.8193832599118943,85.0,Cirsium.acaule,0.22821245002855495,opth,4,False,mlp1,bce,msle
144,0.7308233276157804,0.09677851821529766,0.7818181818181819,0.5783018867924529,0.9808,0.7275964391691395,55.0,Cirsium.arvense,0.3601200686106347,opth,4,False,mlp1,bce,msle
145,0.7516469038208168,0.03183014799786861,0.2727272727272727,0.884963768115942,0.9918781725888325,0.935375777884155,11.0,Cirsium.eriophorum,0.15769104084321484,opth,4,False,mlp1,bce,msle
146,0.8783761528326746,0.05791877213100046,0.6363636363636364,0.8922101449275363,0.9959555106167847,0.9412326803631151,11.0,Cirsium.palustre,0.5285737812911726,opth,4,False,mlp1,bce,msle
147,0.7709379233405051,0.15573643318197725,0.48936170212765956,0.851123595505618,0.9742765273311897,0.9085457271364318,47.0,Cirsium.spinosissimum,0.3404852976332775,opth,4,False,mlp1,bce,msle
148,0.6378059836808704,0.018694350004341227,0.3333333333333333,0.8422484134179511,0.991462113127001,0.9107843137254902,12.0,Cirsium.tuberosum,0.17558174675128435,opth,4,False,mlp1,bce,msle
149,0.735161352285824,0.056283727807562904,0.631578947368421,0.7782846715328468,0.9918604651162791,0.8721881390593047,19.0,Cirsium.vulgare,0.40986361890126766,opth,4,False,mlp1,bce,msle
150,0.7107272727272728,0.025418432217048436,0.9333333333333333,0.4218181818181818,0.9978494623655914,0.5929712460063897,15.0,Clinopodium.vulgare,0.3551515151515152,opth,4,False,mlp1,bce,msle
151,0.7855151515151515,0.05046451141449498,0.5333333333333333,0.8463636363636363,0.9925373134328358,0.9136408243375859,15.0,Coeloglossum.viride,0.37969696969696964,opth,4,False,mlp1,bce,msle
152,0.7710985384252712,0.23402484973649118,0.7238095238095238,0.6683168316831684,0.9588068181818182,0.7876312718786465,105.0,Colchicum.autumnale,0.39212635549269215,opth,4,False,mlp1,bce,msle
153,0.75972947010411,0.1349843323614642,0.7837837837837838,0.6292026897214217,0.9761549925484352,0.7651869158878505,74.0,Convolvulus.arvensis,0.41298647350520534,opth,4,False,mlp1,bce,msle
154,0.6662174303683737,0.004451689163425608,0.5,0.6127583108715184,0.9985358711566618,0.7594654788418709,2.0,Conyza.canadensis,0.11275831087151844,opth,4,False,mlp1,bce,msle
155,0.7408492993994853,0.1009168874815943,0.48717948717948717,0.7890334572490706,0.9769850402761795,0.8730077120822622,39.0,Coronilla.minima,0.2762129444285577,opth,4,False,mlp1,bce,msle
156,0.6139317014203687,0.014729455016780149,0.08333333333333333,0.8658204895738894,0.9886128364389234,0.9231512808119865,12.0,Crepis.aurea,-0.05084617709277728,opth,4,False,mlp1,bce,msle
157,0.8711902629920738,0.22178954727207914,0.9298245614035088,0.7145557655954632,0.9947368421052631,0.8316831683168316,57.0,Crepis.biennis,0.6443803269989719,opth,4,False,mlp1,bce,msle
158,0.8098251959011452,0.051627431499736545,0.7777777777777778,0.6980108499095841,0.9974160206718347,0.8212765957446808,9.0,Crepis.bocconi,0.47578862768736174,opth,4,False,mlp1,bce,msle
159,0.7780621354600643,0.15208997246730172,0.7096774193548387,0.6826568265682657,0.9879839786381842,0.8074195308237861,31.0,Crepis.conyzifolia,0.3923342459231045,opth,4,False,mlp1,bce,msle
160,0.675483870967742,0.04469391612599259,0.7,0.5557603686635945,0.9852941176470589,0.7106658809664114,30.0,Crepis.foetida,0.2557603686635943,opth,4,False,mlp1,bce,msle
161,0.44524236983842014,0.0016155088852988692,0.0,0.7594254937163375,0.9988193624557261,0.8628250892401835,1.0,Crepis.mollis,-0.2405745062836625,opth,4,False,mlp1,bce,msle
162,0.796326718359837,0.14664268369405287,0.6785714285714286,0.7276908923643054,0.98875,0.8383677795442501,28.0,Crepis.pyrenaica,0.4062623209357339,opth,4,False,mlp1,bce,msle
163,0.727069886046697,0.08660239999398701,0.5531914893617021,0.7153558052434457,0.9732484076433121,0.8246087425796006,47.0,Crepis.vesicaria,0.2685472946051477,opth,4,False,mlp1,bce,msle
164,0.9613656783468105,0.0449486301369863,1.0,0.825696316262354,1.0,0.9045275590551181,2.0,Cruciata.glabra,0.8256963162623538,opth,4,False,mlp1,bce,msle
165,0.8180950198594561,0.15719127389953055,0.7083333333333334,0.7057745187901008,0.990990990990991,0.8244111349036403,24.0,Cruciata.laevipes,0.41410785212343404,opth,4,False,mlp1,bce,msle
166,0.6814345991561181,0.019252692051229696,0.7777777777777778,0.4837251356238698,0.9962756052141527,0.6512477175897748,9.0,Cruciata.pedemontana,0.26150291340164755,opth,4,False,mlp1,bce,msle
167,0.6122862286228623,0.005585935550237859,0.25,0.7398739873987399,0.9963636363636363,0.8491735537190083,4.0,Cuscuta.epithymum,-0.010126012601260115,opth,4,False,mlp1,bce,msle
168,0.8411146693634474,0.2023560395261203,0.8676470588235294,0.6666666666666666,0.9872701555869873,0.7958950969213227,68.0,Cynosurus.cristatus,0.534313725490196,opth,4,False,mlp1,bce,msle
169,0.8215105013474687,0.6197341193331862,0.8248587570621468,0.6938239159001314,0.8949152542372881,0.7816432272390822,354.0,Dactylis.glomerata,0.5186826729622782,opth,4,False,mlp1,bce,msle
170,0.5229936880072137,0.0066026864471141105,0.3333333333333333,0.5617673579801623,0.9936204146730463,0.717741935483871,6.0,Dactylorhiza.maculata,-0.10489930868650443,opth,4,False,mlp1,bce,msle
171,0.5592125037571386,0.047980587503651036,0.5,0.5761947700631199,0.9953271028037384,0.7298686464877213,6.0,Dactylorhiza.majalis,0.07619477006312003,opth,4,False,mlp1,bce,msle
172,0.7722772277227723,0.011768496944959668,0.5,0.81998199819982,0.9978094194961665,0.900197628458498,4.0,Danthonia.decumbens,0.31998199819982,opth,4,False,mlp1,bce,msle
173,0.8169202281000779,0.2222822691405232,0.967741935483871,0.5577299412915852,0.9947643979057592,0.7147335423197492,93.0,Daucus.carota,0.5254718767754563,opth,4,False,mlp1,bce,msle
174,0.7148834256694367,0.17703305913559525,0.65625,0.6786703601108033,0.985254691689008,0.8037178786221979,32.0,Deschampsia.cespitosa,0.3349203601108033,opth,4,False,mlp1,bce,msle
175,0.6521247470539222,0.041376405378439125,0.7096774193548387,0.5571955719557196,0.9853181076672104,0.7118444313494402,31.0,Dianthus.carthusianorum,0.2668729913105583,opth,4,False,mlp1,bce,msle
176,0.672877145438121,0.018937320005727808,0.625,0.5645889792231256,0.9952229299363057,0.7204610951008645,8.0,Dianthus.deltoides,0.18958897922312556,opth,4,False,mlp1,bce,msle
177,0.7711969464652725,0.1595043555271728,0.6551724137931034,0.727530747398297,0.9746514575411914,0.8331527627302275,58.0,Dianthus.sylvestris,0.38270316119140046,opth,4,False,mlp1,bce,msle
178,0.7967567567567568,0.012766215947164827,0.0,0.9153153153153153,0.9951028403525954,0.9535429375879868,5.0,Dipsacus.fullonum,-0.08468468468468471,opth,4,False,mlp1,bce,msle
179,0.8693996569468267,0.19719114050745237,0.7454545454545455,0.7811320754716982,0.9833729216152018,0.8706624605678234,55.0,Draba.aizoides,0.5265866209262438,opth,4,False,mlp1,bce,msle
180,0.5601436265709157,0.002036659877800407,0.0,0.7890484739676841,0.9988636363636364,0.8816449348044132,1.0,Draba.siliquosa,-0.21095152603231593,opth,4,False,mlp1,bce,msle
181,0.8359213250517599,0.07809872305334965,0.6086956521739131,0.8131868131868132,0.9899665551839465,0.8929110105580694,23.0,Dryas.octopetala,0.42188246536072627,opth,4,False,mlp1,bce,msle
182,0.6491464510332434,0.003886488890899358,0.0,0.867026055705301,0.9979317476732161,0.9278846153846154,2.0,Dryopteris.filix.mas,-0.132973944294699,opth,4,False,mlp1,bce,msle
183,0.752169312169312,0.1239583468323717,0.7714285714285715,0.5712962962962963,0.9872,0.7237536656891496,35.0,Echium.vulgare,0.34272486772486777,opth,4,False,mlp1,bce,msle
184,0.6013408973697782,0.014273212142541084,0.14285714285714285,0.7806859205776173,0.9931113662456946,0.8741788782213239,7.0,Epilobium.angustifolium,-0.07645693656523989,opth,4,False,mlp1,bce,msle
185,,-0.0,0.0,0.5417040358744395,1.0,0.7027341477603257,0.0,Epipactis.palustris,-0.4582959641255605,opth,4,False,mlp1,bce,msle
186,0.8425503899523954,0.12579688649690582,0.8888888888888888,0.4731084776663628,0.9961612284069098,0.6415327564894932,18.0,Equisetum.arvense,0.3619973665552516,opth,4,False,mlp1,bce,msle
187,0.6491402714932126,0.029052013692737938,0.6,0.632579185520362,0.9943100995732574,0.7732300884955752,10.0,Equisetum.palustre,0.23257918552036205,opth,4,False,mlp1,bce,msle
188,0.9299191374663073,0.018637309292649097,0.0,0.9766397124887691,0.9981634527089073,0.9872842870118075,2.0,Equisetum.telmateia,-0.02336028751123087,opth,4,False,mlp1,bce,msle
189,0.6707317073170731,0.011715225176151704,0.375,0.7488708220415538,0.9940047961630696,0.854198866563627,8.0,Erigeron.acer,0.12387082204155364,opth,4,False,mlp1,bce,msle
190,0.8108213312572986,0.05254552808021154,0.42857142857142855,0.8719346049046321,0.9917355371900827,0.9279845335911068,14.0,Erigeron.alpinus,0.30050603347606075,opth,4,False,mlp1,bce,msle
191,0.7681111203526574,0.05116672147131475,0.7272727272727273,0.6742909423604757,0.9919246298788694,0.8028322440087146,22.0,Erigeron.annuus,0.401563669633203,opth,4,False,mlp1,bce,msle
192,0.8525570776255706,0.059536100798979516,0.8,0.7744292237442922,0.9953051643192489,0.8710837185413457,20.0,Erigeron.glabratus,0.5744292237442923,opth,4,False,mlp1,bce,msle
193,0.6326126126126126,0.013836724546322133,0.4,0.7693693693693694,0.9964994165694282,0.8683274021352313,5.0,Erigeron.neglectus,0.16936936936936942,opth,4,False,mlp1,bce,msle
194,0.8880059334604788,0.13062550483738583,0.8846153846153846,0.7823691460055097,0.9964912280701754,0.8765432098765432,26.0,Erigeron.uniflorus,0.6669845306208941,opth,4,False,mlp1,bce,msle
195,0.5965610859728506,0.012580968812052618,0.6,0.6561085972850679,0.9945130315500685,0.7906215921483097,10.0,Erodium.cicutarium,0.25610859728506785,opth,4,False,mlp1,bce,msle
196,0.6794287450622911,0.027452303993753386,0.2777777777777778,0.804922515952598,0.9854910714285714,0.8861013547415956,18.0,Erophila.verna,0.0827002937303758,opth,4,False,mlp1,bce,msle
197,0.727025641025641,0.11405132259612079,0.7733333333333333,0.5980769230769231,0.97339593114241,0.7409172126265634,75.0,Eryngium.campestre,0.3714102564102564,opth,4,False,mlp1,bce,msle
198,0.743030303030303,0.10175144036944893,0.5333333333333333,0.7981818181818182,0.992090395480226,0.8846347607052897,15.0,Erysimum.rhaeticum,0.33151515151515154,opth,4,False,mlp1,bce,msle
199,0.7652439024390244,0.02586995674746475,0.625,0.7813911472448057,0.9965437788018433,0.8759493670886076,8.0,Erysimum.virgatum,0.40639114724480585,opth,4,False,mlp1,bce,msle
200,0.7288478847884788,0.008814764724833026,0.0,0.954995499549955,0.996244131455399,0.9751838235294118,4.0,Eupatorium.cannabinum,-0.045004500450045004,opth,4,False,mlp1,bce,msle
201,0.7246264545892721,0.35662388965031855,0.4574468085106383,0.8069039913700108,0.88,0.8418683173888576,188.0,Euphorbia.cyparissias,0.26435079988064913,opth,4,False,mlp1,bce,msle
202,,-0.0,0.0,0.7856502242152467,1.0,0.8799598191863385,0.0,Euphorbia.dulcis,-0.21434977578475334,opth,4,False,mlp1,bce,msle
203,0.509000900090009,0.004461511253716516,0.25,0.7398739873987399,0.9963636363636363,0.8491735537190083,4.0,Euphorbia.helioscopia,-0.010126012601260115,opth,4,False,mlp1,bce,msle
204,0.8387055183084063,0.03362095457351293,0.7142857142857143,0.759927797833935,0.9976303317535545,0.8627049180327869,7.0,Euphorbia.seguieriana,0.47421351211964935,opth,4,False,mlp1,bce,msle
205,0.7246197183098592,0.09046400974954749,0.52,0.6957746478873239,0.9686274509803922,0.8098360655737705,50.0,Euphorbia.brittingeri,0.21577464788732392,opth,4,False,mlp1,bce,msle
206,0.6761926192619262,0.04079262195487718,0.25,0.864986498649865,0.9968879668049793,0.9262650602409639,4.0,Euphrasia.alpina,0.11498649864986499,opth,4,False,mlp1,bce,msle
207,0.8631129090137996,0.21062638118801721,0.7068965517241379,0.8221381267738883,0.9808126410835214,0.894493051981472,58.0,Euphrasia.minima,0.5290346784980262,opth,4,False,mlp1,bce,msle
208,0.8191090629800307,0.1192285301236021,0.5333333333333333,0.840552995391705,0.9848812095032398,0.9070114370959722,30.0,Euphrasia.salisburgensis,0.37388632872503846,opth,4,False,mlp1,bce,msle
209,0.596984698469847,0.0056974522318157615,0.25,0.7812781278127813,0.9965556831228473,0.875882946518668,4.0,Euphrasia.stricta,0.031278127812781165,opth,4,False,mlp1,bce,msle
210,0.8318041925556008,0.2616207118344669,0.9411764705882353,0.631786771964462,0.9907120743034056,0.7715491259795058,102.0,Festuca.arundinacea,0.5729632425526971,opth,4,False,mlp1,bce,msle
211,0.7434945459324485,0.09781950633631203,0.6071428571428571,0.8077276908923643,0.9876265466816648,0.888663967611336,28.0,Festuca.ovina,0.4148705480352213,opth,4,False,mlp1,bce,msle
212,0.875,0.07181168661408223,0.6363636363636364,0.8405797101449275,0.9957081545064378,0.9115913555992141,11.0,Festuca.halleri,0.47694334650856396,opth,4,False,mlp1,bce,msle
213,0.7699975259450239,0.3322007280182571,0.7018633540372671,0.6802935010482181,0.9311334289813487,0.7861901877649909,161.0,Festuca.laevigata,0.38215685508548525,opth,4,False,mlp1,bce,msle
214,0.6440019828155982,0.19592114213225753,0.6838235294117647,0.5291113381001021,0.9233511586452763,0.6727272727272727,136.0,Festuca.nigrescens,0.21293486751186697,opth,4,False,mlp1,bce,msle
215,0.8117087130992006,0.1855616291949714,0.8524590163934426,0.6252371916508539,0.9865269461077845,0.7653890824622532,61.0,Festuca.paniculata,0.47769620804429636,opth,4,False,mlp1,bce,msle
216,0.8663343717549326,0.14086987595848477,0.7555555555555555,0.8009345794392523,0.9873271889400922,0.8844169246646026,45.0,Festuca.quadriflora,0.5564901349948079,opth,4,False,mlp1,bce,msle
217,0.6363348530901722,0.19073955150682276,0.6171875,0.574468085106383,0.9204545454545454,0.7074235807860262,128.0,Festuca.rubra,0.19165558510638303,opth,4,False,mlp1,bce,msle
218,0.8410752688172043,0.21573402095838684,0.8333333333333334,0.6506912442396313,0.9929676511954993,0.7861915367483296,30.0,Festuca.valesiaca,0.4840245775729648,opth,4,False,mlp1,bce,msle
219,0.8779521531100479,0.4890896720366227,0.7454545454545455,0.8168421052631579,0.9486552567237164,0.8778280542986425,165.0,Festuca.violacea,0.5622966507177034,opth,4,False,mlp1,bce,msle
220,0.7408909370199692,0.09455059004033153,0.7333333333333333,0.5262672811059907,0.9861830742659758,0.6862980769230769,30.0,Filipendula.vulgaris,0.25960061443932414,opth,4,False,mlp1,bce,msle
221,0.6800904977375566,0.01844425515015978,0.6,0.6588235294117647,0.994535519125683,0.7925966249319543,10.0,Fragaria.vesca,0.2588235294117647,opth,4,False,mlp1,bce,msle
222,0.7739068379395354,0.03625020912433406,0.5714285714285714,0.8274296094459582,0.9934569247546347,0.9028741328047571,14.0,Fumana.procumbens,0.39885818087452973,opth,4,False,mlp1,bce,msle
223,0.8271827182718272,0.028591171448164546,1.0,0.39873987398739874,1.0,0.5701415701415702,4.0,Galeopsis.tetrahit,0.39873987398739885,opth,4,False,mlp1,bce,msle
224,0.755475270262701,0.07007896906789109,0.6363636363636364,0.7153419593345656,0.9847328244274809,0.828693790149893,33.0,Galium.anisophyllon,0.3517055956982018,opth,4,False,mlp1,bce,msle
225,0.5473873873873873,0.005656410215579482,0.8,0.46396396396396394,0.998062015503876,0.6334563345633456,5.0,Galium.aparine,0.26396396396396393,opth,4,False,mlp1,bce,msle
226,0.7120371926286899,0.062497661659858504,0.6363636363636364,0.6524953789279113,0.9832869080779945,0.7844444444444445,33.0,Galium.boreale,0.28885901529154756,opth,4,False,mlp1,bce,msle
227,0.836834517557409,0.15750461929345141,0.7222222222222222,0.7738646895273401,0.9881656804733728,0.867983367983368,36.0,Galium.corrudifolium,0.4960869117495623,opth,4,False,mlp1,bce,msle
228,0.7317193675889327,0.019870401093616968,0.9090909090909091,0.5597826086956522,0.9983844911147012,0.7173534532791642,11.0,Galium.glaucum,0.4688735177865613,opth,4,False,mlp1,bce,msle
229,0.794793882305277,0.05911484715404656,0.7777777777777778,0.699179580674567,0.9948119325551232,0.8211991434689507,18.0,Galium.lucidum,0.47695735845234477,opth,4,False,mlp1,bce,msle
230,0.764181146133473,0.4016021335525437,0.8760683760683761,0.5448354143019296,0.9430255402750491,0.6906474820143885,234.0,Galium.mollugo,0.4209037903703057,opth,4,False,mlp1,bce,msle
231,0.7112534166341272,0.2504230953292382,0.7076923076923077,0.5908629441624366,0.9387096774193548,0.7252336448598131,130.0,Galium.pumilum,0.2985552518547443,opth,4,False,mlp1,bce,msle
232,0.7416459975536831,0.4185006436246012,0.8445229681978799,0.5264423076923077,0.9087136929460581,0.6666666666666666,283.0,Galium.verum,0.3709652758901876,opth,4,False,mlp1,bce,msle
233,0.7948515345587623,0.07401211846317518,0.6363636363636364,0.8353156450137237,0.991313789359392,0.9066534260178749,22.0,Genista.pilosa,0.47167928137736004,opth,4,False,mlp1,bce,msle
234,0.6659867029313993,0.018832772484663227,0.25,0.7624660018132366,0.9894117647058823,0.8612391193036354,12.0,Genista.sagittalis,0.012466001813236538,opth,4,False,mlp1,bce,msle
235,0.7068144211001354,0.05726087808223394,0.7027027027027027,0.5992578849721707,0.9832572298325722,0.7446685878962536,37.0,Genista.tinctoria,0.30196058767487344,opth,4,False,mlp1,bce,msle
236,0.7810742541225812,0.09326573429131207,0.5128205128205128,0.8355018587360595,0.9793028322440087,0.9017051153460381,39.0,Gentiana.acaulis,0.3483223715565722,opth,4,False,mlp1,bce,msle
237,0.8071364046973803,0.022595809493396755,0.875,0.6883468834688347,0.9986893840104849,0.8149732620320855,8.0,Gentiana.alpina,0.5633468834688347,opth,4,False,mlp1,bce,msle
238,0.9301186178442495,0.22681130201468958,0.7142857142857143,0.9124548736462094,0.998025666337611,0.9533239038189534,7.0,Gentiana.bavarica,0.6267405879319237,opth,4,False,mlp1,bce,msle
239,0.7569169960474309,0.024143709947874223,0.8181818181818182,0.5380434782608695,0.9966442953020134,0.6988235294117647,11.0,Gentiana.cruciata,0.35622529644268774,opth,4,False,mlp1,bce,msle
240,0.8247879288341716,0.25014899610617153,0.8311688311688312,0.6647398843930635,0.9815078236130867,0.7926479035037335,77.0,Gentiana.lutea,0.49590871556189464,opth,4,False,mlp1,bce,msle
241,0.8064064558629777,0.03139286730238637,0.18181818181818182,0.9547101449275363,0.9915333960489181,0.972773419473927,11.0,Gentiana.nivalis,0.13652832674571802,opth,4,False,mlp1,bce,msle
242,0.9127140974967062,0.19345760748948485,0.7272727272727273,0.8396739130434783,0.9967741935483871,0.911504424778761,11.0,Gentiana.punctata,0.5669466403162056,opth,4,False,mlp1,bce,msle
243,0.8439387554431802,0.36553627145528794,0.6632653061224489,0.8053097345132744,0.9612676056338029,0.8764044943820225,98.0,Gentiana.verna,0.4685750406357232,opth,4,False,mlp1,bce,msle
244,0.7695492912884216,0.06625086559766656,0.4782608695652174,0.7921245421245421,0.9863169897377423,0.8786185881157949,23.0,Geranium.columbinum,0.2703854116897595,opth,4,False,mlp1,bce,msle
245,0.8465804066543439,0.11623620895767534,0.8181818181818182,0.6940850277264325,0.9920739762219286,0.8167482327351822,33.0,Geranium.dissectum,0.5122668459082509,opth,4,False,mlp1,bce,msle
246,0.7798178788239495,0.09686852127751049,0.8709677419354839,0.492619926199262,0.9925650557620818,0.6584463625154131,31.0,Geranium.molle,0.36358766813474586,opth,4,False,mlp1,bce,msle
247,0.7509979173897952,0.11397615103438542,0.6976744186046512,0.6669776119402985,0.9821428571428571,0.7944444444444444,43.0,Geranium.pyrenaicum,0.36465203054494966,opth,4,False,mlp1,bce,msle
248,0.8755615453728661,0.01965725806451613,1.0,0.7493261455525606,1.0,0.8567026194144838,2.0,Geranium.robertianum,0.7493261455525606,opth,4,False,mlp1,bce,msle
249,0.5992812219227314,0.005019493177387914,0.5,0.5795148247978437,0.9984520123839009,0.7333712336554861,2.0,Geranium.rotundifolium,0.07951482479784366,opth,4,False,mlp1,bce,msle
250,0.42416067146282976,0.003017698867018714,0.0,0.7670863309352518,0.9964953271028038,0.866869918699187,3.0,Geranium.sanguineum,-0.2329136690647482,opth,4,False,mlp1,bce,msle
251,0.7847851650836727,0.3448494925762054,0.7636363636363637,0.6537313432835821,0.9619326500732065,0.7784360189573459,110.0,Geranium.sylvaticum,0.41736770691994574,opth,4,False,mlp1,bce,msle
252,0.8468186528497409,0.35112024096060324,0.7933333333333333,0.7875647668393783,0.9608091024020228,0.8656036446469249,150.0,Geum.montanum,0.5808981001727116,opth,4,False,mlp1,bce,msle
253,0.6316053847699417,0.017540869462047082,0.5555555555555556,0.5741410488245932,0.9937402190923318,0.7277936962750716,9.0,Geum.rivale,0.12969660438014863,opth,4,False,mlp1,bce,msle
254,0.8471223021582734,0.011128220700146406,1.0,0.5467625899280576,1.0,0.7069767441860465,3.0,Geum.urbanum,0.5467625899280577,opth,4,False,mlp1,bce,msle
255,0.6194770063119928,0.00826579306497946,0.5,0.5987376014427412,0.9955022488755623,0.7477477477477478,6.0,Glechoma.hederacea,0.09873760144274124,opth,4,False,mlp1,bce,msle
256,0.7669910069290874,0.12898526303157687,0.5686274509803921,0.8167293233082706,0.9753086419753086,0.889002557544757,51.0,Globularia.bisnagarica,0.3853567742886628,opth,4,False,mlp1,bce,msle
257,0.8232325059700413,0.32094180847800946,0.6730769230769231,0.7996237064910631,0.9803921568627451,0.8808290155440415,52.0,Globularia.cordifolia,0.4727006295679863,opth,4,False,mlp1,bce,msle
258,0.8660071942446043,0.013885165710096115,1.0,0.7338129496402878,1.0,0.8464730290456431,3.0,Globularia.nudicaulis,0.7338129496402876,opth,4,False,mlp1,bce,msle
259,0.7123579327880403,0.11879929977106331,0.6129032258064516,0.6562203228869895,0.9664335664335665,0.7816742081447964,62.0,Gymnadenia.conopsea,0.26912354869344113,opth,4,False,mlp1,bce,msle
260,0.7567420814479638,0.07949768534359233,0.8,0.6298642533936651,0.997134670487106,0.7720465890183028,10.0,Gypsophila.repens,0.4298642533936652,opth,4,False,mlp1,bce,msle
261,0.742527336102755,0.3476269525392144,0.664804469273743,0.7339743589743589,0.9196787148594378,0.8163992869875223,179.0,Helianthemum.nummularium,0.39877882824810196,opth,4,False,mlp1,bce,msle
262,0.47952295229522957,0.004178275807513799,0.75,0.39603960396039606,0.9977324263038548,0.5670103092783505,4.0,Helleborus.foetidus,0.14603960396039595,opth,4,False,mlp1,bce,msle
263,0.7759961127308066,0.20141246979475372,0.7209302325581395,0.6686103012633625,0.9662921348314607,0.7903503733486502,86.0,Heracleum.sphondylium,0.3895405338215019,opth,4,False,mlp1,bce,msle
264,0.7784940691077874,0.018580469531861137,0.8571428571428571,0.6841155234657039,0.9986824769433466,0.8119978575254418,7.0,Hieracium.bifidum,0.5412583806085611,opth,4,False,mlp1,bce,msle
265,0.6408175533513676,0.008380118441412192,0.5,0.6609558160504959,0.9959239130434783,0.794579945799458,6.0,Hieracium.murorum,0.16095581605049603,opth,4,False,mlp1,bce,msle
266,0.8644368510973847,0.1645953507400239,0.6071428571428571,0.8988040478380864,0.9888663967611336,0.9416867469879519,28.0,Hieracium.piliferum,0.5059469049809435,opth,4,False,mlp1,bce,msle
267,0.8425225225225225,0.01732612750032296,0.8,0.7432432432432432,0.9987893462469734,0.8522727272727273,5.0,Hieracium.prenanthoides,0.5432432432432432,opth,4,False,mlp1,bce,msle
268,0.8484808914425,0.12807719185488434,0.2857142857142857,0.9296160877513712,0.9854651162790697,0.9567262464722484,21.0,Hieracium.villosum,0.21533037346565687,opth,4,False,mlp1,bce,msle
269,0.7924077733860343,0.08190189021321588,0.6363636363636364,0.7255434782608695,0.9950310559006211,0.8391828182294395,11.0,Himantoglossum.hircinum,0.36190711462450587,opth,4,False,mlp1,bce,msle
270,0.6898408710217756,0.1758972128616141,0.5,0.6954773869346733,0.9202127659574468,0.792215226101889,120.0,Hippocrepis.comosa,0.19547738693467331,opth,4,False,mlp1,bce,msle
271,0.9052273420321953,0.5403888436570569,0.8888888888888888,0.7694641051567239,0.9819354838709677,0.86281179138322,126.0,Holcus.lanatus,0.6583529940456128,opth,4,False,mlp1,bce,msle
272,0.8666617797976837,0.1562489472118751,0.47368421052631576,0.8867223769730733,0.9794871794871794,0.9307992202729045,38.0,Homogyne.alpina,0.36040658749938914,opth,4,False,mlp1,bce,msle
273,0.7351131221719457,0.019070147818619664,0.3,0.8425339366515837,0.9925373134328358,0.911404796867352,10.0,Hornungia.petraea,0.14253393665158365,opth,4,False,mlp1,bce,msle
274,0.8858735226572565,0.20927513536847506,0.8181818181818182,0.7754158964879853,0.9928994082840237,0.8707836014530358,33.0,Hypericum.maculatum,0.5935977146698035,opth,4,False,mlp1,bce,msle
275,0.7625000000000002,0.17951416698388728,0.7866666666666666,0.6067307692307692,0.9752704791344667,0.7480735032602253,75.0,Hypericum.perforatum,0.3933974358974357,opth,4,False,mlp1,bce,msle
276,0.8793761467889908,0.13113541689553504,0.84,0.8,0.9954337899543378,0.8870803662258393,25.0,Hypericum.richeri,0.6400000000000001,opth,4,False,mlp1,bce,msle
277,0.8370404695705901,0.23776487499875784,0.7777777777777778,0.6561631139944393,0.9888268156424581,0.7888579387186629,36.0,Hypochaeris.maculata,0.4339408917722172,opth,4,False,mlp1,bce,msle
278,0.863761720904578,0.15845360353268098,0.8648648648648649,0.7235621521335807,0.9936305732484076,0.8373590982286635,37.0,Hypochaeris.radicata,0.5884270169984456,opth,4,False,mlp1,bce,msle
279,0.9282178217821783,0.05880126299568655,0.75,0.8055805580558055,0.9988839285714286,0.8918784255107125,4.0,Hyssopus.officinalis,0.5555805580558055,opth,4,False,mlp1,bce,msle
280,0.8707313387730433,0.07379070652093882,1.0,0.629193109700816,1.0,0.7723984418475236,12.0,Inula.salicina,0.6291931097008159,opth,4,False,mlp1,bce,msle
281,0.8297394429469902,0.008142250880021054,1.0,0.6181491464510332,1.0,0.7640199888950583,2.0,Isatis.tinctoria,0.6181491464510334,opth,4,False,mlp1,bce,msle
282,0.3968540484785972,0.006087427722859854,0.14285714285714285,0.8474729241877257,0.9936507936507937,0.9147588894301023,7.0,Juncus.alpinoarticulatus,-0.009669932955131522,opth,4,False,mlp1,bce,msle
283,0.7726179741508866,0.17785166503089234,0.3333333333333333,0.8079350766456267,0.9955555555555555,0.89198606271777,6.0,Juncus.articulatus,0.14126840997896006,opth,4,False,mlp1,bce,msle
284,0.7949531580537926,0.0787060274639532,0.3333333333333333,0.970081595648232,0.9925788497217068,0.9812012838147639,12.0,Juncus.effusus,0.3034149289815653,opth,4,False,mlp1,bce,msle
285,0.7842384475778306,0.13204267552589288,0.46153846153846156,0.8765880217785844,0.9928057553956835,0.9310843373493976,13.0,Juncus.inflexus,0.33812648331704587,opth,4,False,mlp1,bce,msle
286,0.8644292237442922,0.07346474696775873,0.6,0.8529680365296803,0.9915074309978769,0.917034855179185,20.0,Juncus.jacquinii,0.45296803652968043,opth,4,False,mlp1,bce,msle
287,0.778105167724388,0.0322740041748519,0.3333333333333333,0.8159564823209429,0.9911894273127754,0.8950770760815515,12.0,Juncus.trifidus,0.14928981565427613,opth,4,False,mlp1,bce,msle
288,,-0.0,0.0,0.8789237668161435,1.0,0.9355608591885441,0.0,Juncus.triglumis,-0.12107623318385652,opth,4,False,mlp1,bce,msle
289,0.809744792729086,0.3953522344496795,0.7696335078534031,0.7034632034632035,0.9365994236311239,0.8034610630407911,191.0,Knautia.arvensis,0.47309671131660647,opth,4,False,mlp1,bce,msle
290,0.8485067873303167,0.20778016953459738,0.9,0.5746606334841629,0.9984276729559748,0.7294658242389431,10.0,Knautia.dipsacifolia,0.474660633484163,opth,4,False,mlp1,bce,msle
291,0.7720898962735305,0.037547913450747455,0.7894736842105263,0.6459854014598541,0.9943820224719101,0.7831858407079646,19.0,Koeleria.macrantha,0.4354590856703804,opth,4,False,mlp1,bce,msle
292,0.7743673929625576,0.1493681774918513,0.43859649122807015,0.8468809073724007,0.9655172413793104,0.9023162134944612,57.0,Koeleria.pyramidata,0.28547739860047083,opth,4,False,mlp1,bce,msle
293,0.7741534306932452,0.19180978100949309,0.5471698113207547,0.8220338983050848,0.9732441471571907,0.891271056661562,53.0,Koeleria.vallesiana,0.3692037096258396,opth,4,False,mlp1,bce,msle
294,0.7963677274188363,0.03894353864179953,0.8823529411764706,0.6675774134790529,0.9972789115646259,0.7997817785051827,17.0,Lactuca.perennis,0.5499303546555234,opth,4,False,mlp1,bce,msle
295,0.7001811594202899,0.016535449799951828,0.7272727272727273,0.6077898550724637,0.9955489614243324,0.7547806524184477,11.0,Lactuca.serriola,0.33506258234519093,opth,4,False,mlp1,bce,msle
296,0.886390887290168,0.051505996521102264,1.0,0.5314748201438849,1.0,0.6940692894891368,3.0,Lamium.purpureum,0.531474820143885,opth,4,False,mlp1,bce,msle
297,0.7817745803357313,0.008583128304670532,1.0,0.5890287769784173,1.0,0.7413695529145444,3.0,Lapsana.communis,0.5890287769784173,opth,4,False,mlp1,bce,msle
298,0.8018774703557312,0.03505899983293121,0.8181818181818182,0.6123188405797102,0.9970501474926253,0.7586980920314254,11.0,Laserpitium.halleri,0.4305006587615283,opth,4,False,mlp1,bce,msle
299,0.8914748221587407,0.30974240511509776,0.8787878787878788,0.7301293900184843,0.9949622166246851,0.8422174840085288,33.0,Laserpitium.latifolium,0.6089172688063631,opth,4,False,mlp1,bce,msle
300,0.7718832891246685,0.0303870633611369,0.46153846153846156,0.7631578947368421,0.9917452830188679,0.8625641025641025,13.0,Laserpitium.siler,0.2246963562753037,opth,4,False,mlp1,bce,msle
301,0.7341413099535843,0.016778192021856483,0.5714285714285714,0.6985559566787004,0.9961389961389961,0.8212201591511936,7.0,Lathyrus.heterophyllus,0.2699845281072717,opth,4,False,mlp1,bce,msle
302,0.6039603960396039,0.018623963051754865,0.5,0.6192619261926192,0.9971014492753624,0.7640199888950583,4.0,Lathyrus.occidentalis,0.11926192619261933,opth,4,False,mlp1,bce,msle
303,0.7708257699129731,0.4085628844608028,0.8271028037383178,0.5660377358490566,0.9323583180987203,0.7044198895027625,214.0,Lathyrus.pratensis,0.3931405395873744,opth,4,False,mlp1,bce,msle
304,0.9398857829876766,0.16445198957149787,1.0,0.7321911632100991,1.0,0.8453930244664237,6.0,Lathyrus.sphaericus,0.732191163210099,opth,4,False,mlp1,bce,msle
305,0.7861261261261261,0.08047550681300783,0.8,0.7027027027027027,0.998719590268886,0.8249603384452671,5.0,Lathyrus.sylvestris,0.5027027027027029,opth,4,False,mlp1,bce,msle
306,0.6526032315978456,0.002577319587628866,0.0,0.8464991023339318,0.9989406779661016,0.9164237123420796,1.0,Lathyrus.tuberosus,-0.15350089766606823,opth,4,False,mlp1,bce,msle
307,0.7021812596006145,0.07427281658620177,0.4666666666666667,0.8460829493087557,0.9828693790149893,0.9093610698365527,30.0,Leontodon.autumnalis,0.3127496159754224,opth,4,False,mlp1,bce,msle
308,0.6804819353744381,0.3140598766022715,0.7259615384615384,0.5203969128996693,0.8922495274102079,0.6573816155988857,208.0,Leontodon.hispidus,0.24635845136120782,opth,4,False,mlp1,bce,msle
309,0.8918918918918919,0.02613789216719511,1.0,0.7432432432432432,1.0,0.8527131782945736,5.0,Leontopodium.alpinum,0.7432432432432432,opth,4,False,mlp1,bce,msle
310,0.9297385620915033,0.23254536159126768,0.8518518518518519,0.8621323529411765,0.9957537154989384,0.9241379310344827,27.0,Leucanthemopsis.alpina,0.7139842047930283,opth,4,False,mlp1,bce,msle
311,0.8286943023392042,0.5350789573773259,0.8663793103448276,0.6591166477916195,0.9494290375203915,0.7780748663101604,232.0,Leucanthemum.vulgare,0.5254959581364471,opth,4,False,mlp1,bce,msle
312,0.7884552042160738,0.04194261031010148,0.8181818181818182,0.6268115942028986,0.9971181556195965,0.7697441601779755,11.0,Lilium.martagon,0.4449934123847168,opth,4,False,mlp1,bce,msle
313,0.4551166965888689,0.001644736842105263,1.0,0.32944344703770195,1.0,0.49561107359891965,1.0,Linaria.repens,0.3294434470377019,opth,4,False,mlp1,bce,msle
314,0.7595954769867813,0.08903913687868069,0.43478260869565216,0.8791208791208791,0.986639260020555,0.9297820823244553,23.0,Linum.alpinum,0.3139034878165312,opth,4,False,mlp1,bce,msle
315,0.6222389378417748,0.11142168744293235,0.5925925925925926,0.5715667311411993,0.9471153846153846,0.7129071170084439,81.0,Linum.catharticum,0.16415932373379194,opth,4,False,mlp1,bce,msle
316,0.763989990900819,0.05390803497605035,0.5,0.813466787989081,0.991130820399113,0.8935532233883059,16.0,Linum.tenuifolium,0.3134667879890811,opth,4,False,mlp1,bce,msle
317,0.6656844968268358,0.030327962646271425,0.8333333333333334,0.45965548504079784,0.9960707269155207,0.6290322580645161,12.0,Listera.ovata,0.29298881837413115,opth,4,False,mlp1,bce,msle
318,0.6192619261926193,0.009561012540180073,0.5,0.6354635463546354,0.9971751412429378,0.7762506871907642,4.0,Lolium.multiflorum,0.13546354635463542,opth,4,False,mlp1,bce,msle
319,0.8411655781597979,0.20780136571565366,0.8311688311688312,0.7321772639691715,0.9831824062095731,0.8393152954168968,77.0,Lolium.perenne,0.5633460951380027,opth,4,False,mlp1,bce,msle
320,0.7531416431209035,0.5599898971242682,0.8445040214477212,0.5296495956873315,0.8713968957871396,0.6588432523051132,373.0,Lotus.corniculatus,0.3741536171350526,opth,4,False,mlp1,bce,msle
321,0.7388835315546984,0.0373296269557559,0.4117647058823529,0.7978142076502732,0.9887133182844243,0.8830645161290323,17.0,Lotus.maritimus,0.20957891353262603,opth,4,False,mlp1,bce,msle
322,0.7247684391080618,0.14019399736751637,0.43636363636363634,0.8424528301886792,0.9664502164502164,0.9002016129032258,55.0,Luzula.campestris,0.2788164665523156,opth,4,False,mlp1,bce,msle
323,0.8366885639612912,0.0938371474816689,0.5769230769230769,0.8117539026629935,0.9877094972067039,0.8911290322580645,26.0,Luzula.lutea,0.3886769795860703,opth,4,False,mlp1,bce,msle
324,0.6509967789675285,0.026348980507048717,0.7619047619047619,0.5475319926873857,0.9917218543046358,0.7055359246171967,21.0,Luzula.multiflora,0.3094367545921477,opth,4,False,mlp1,bce,msle
325,0.8698057813911473,0.03764946942331414,0.875,0.7732610659439928,0.9988331388564761,0.8716904276985743,8.0,Luzula.sieberi,0.6482610659439927,opth,4,False,mlp1,bce,msle
326,0.8595837216526871,0.1329858710681951,0.7619047619047619,0.7931034482758621,0.9883855981416957,0.8800413650465356,42.0,Luzula.spicata,0.555008210180624,opth,4,False,mlp1,bce,msle
327,0.8163702239789197,0.04956277326153748,0.6363636363636364,0.7952898550724637,0.9954648526077098,0.8841893252769386,11.0,Luzula.sudetica,0.4316534914361001,opth,4,False,mlp1,bce,msle
328,0.8718064322212202,0.03409942524400249,0.8333333333333334,0.8016230838593328,0.998876404494382,0.8894447223611806,6.0,Lysimachia.nummularia,0.634956417192666,opth,4,False,mlp1,bce,msle
329,0.8346508563899868,0.23714954273480304,0.45454545454545453,0.9248188405797102,0.994157740993184,0.9582355701548568,11.0,Lysimachia.vulgaris,0.3793642951251648,opth,4,False,mlp1,bce,msle
330,0.8237837837837838,0.030522835561714614,0.8,0.6270270270270271,0.9985652797704447,0.7703375760929718,5.0,Malva.moschata,0.4270270270270271,opth,4,False,mlp1,bce,msle
331,0.6458145814581457,0.006008229649995355,1.0,0.42574257425742573,1.0,0.5972222222222222,4.0,Malva.sylvestris,0.4257425742574257,opth,4,False,mlp1,bce,msle
332,0.713527779289329,0.06745190292461406,0.7941176470588235,0.5291396854764108,0.9879101899827288,0.689156626506024,34.0,Medicago.falcata,0.32325733253523437,opth,4,False,mlp1,bce,msle
333,0.7975719895287958,0.34694157849536555,0.9125,0.5769633507853403,0.9752212389380531,0.725,160.0,Medicago.lupulina,0.4894633507853403,opth,4,False,mlp1,bce,msle
334,0.7294263619575254,0.05766093533330686,0.71875,0.6592797783933518,0.9875518672199171,0.7906976744186046,32.0,Medicago.minima,0.3780297783933517,opth,4,False,mlp1,bce,msle
335,0.8111086539879109,0.16065377628209443,0.7647058823529411,0.7077067669172933,0.984313725490196,0.8234007654455987,51.0,Medicago.sativa,0.4724126492702343,opth,4,False,mlp1,bce,msle
336,0.7397244805781391,0.09207702236703538,0.625,0.7741644083107497,0.9965116279069768,0.871377732587697,8.0,Melica.ciliata,0.39916440831074973,opth,4,False,mlp1,bce,msle
337,0.7041441441441442,0.01876080359203323,0.8,0.43423423423423424,0.9979296066252588,0.6051475204017577,5.0,Melilotus.albus,0.23423423423423428,opth,4,False,mlp1,bce,msle
338,0.8517528223410575,0.15815410758243548,0.8409090909090909,0.742296918767507,0.9912718204488778,0.8489054991991457,44.0,Meum.athamanticum,0.5832060096765979,opth,4,False,mlp1,bce,msle
339,0.5099009900990099,0.004345239926211864,0.0,0.8316831683168316,0.9956896551724138,0.9063266307013241,4.0,Minuartia.laricifolia,-0.16831683168316836,opth,4,False,mlp1,bce,msle
340,0.7622094541655784,0.05833466410909111,0.38095238095238093,0.856489945155393,0.9863157894736843,0.9168297455968689,21.0,Minuartia.rostrata,0.23744232610777383,opth,4,False,mlp1,bce,msle
341,0.8683533447684391,0.2143192390744811,0.5272727272727272,0.8783018867924528,0.9728317659352143,0.9231531978185424,55.0,Minuartia.verna,0.40557461406518014,opth,4,False,mlp1,bce,msle
342,0.7584402688664833,0.07269811814726697,0.875,0.5059578368469294,0.9945945945945946,0.6707168894289186,24.0,Muscari.comosum,0.3809578368469295,opth,4,False,mlp1,bce,msle
343,0.8094937263094686,0.39079420767454187,0.6035502958579881,0.7959830866807611,0.9182926829268293,0.8527746319365799,169.0,Myosotis.alpestris,0.39953338253874926,opth,4,False,mlp1,bce,msle
344,0.7898539204776288,0.27267966057140247,0.8584070796460177,0.6117764471057884,0.9745627980922098,0.7516860821581851,113.0,Myosotis.arvensis,0.4701835267518062,opth,4,False,mlp1,bce,msle
345,0.7846648301193755,0.07410942968101339,0.46153846153846156,0.7933884297520661,0.9840546697038725,0.8784951703101169,26.0,Myosotis.ramosissima,0.2549268912905278,opth,4,False,mlp1,bce,msle
346,0.9261217122227953,0.42906755970270294,0.7142857142857143,0.9314079422382672,0.9980657640232108,0.9635854341736695,7.0,Myosotis.scorpioides,0.6456936565239815,opth,4,False,mlp1,bce,msle
347,0.6227436823104693,0.016266132542600165,0.5714285714285714,0.605595667870036,0.9955489614243324,0.7530864197530864,7.0,Myosotis.stricta,0.17702423929860744,opth,4,False,mlp1,bce,msle
348,0.7110208631947763,0.062213335576463254,0.6521739130434783,0.6172161172161172,0.9882697947214076,0.7598647125140925,23.0,Narcissus.poeticus,0.2693900302595955,opth,4,False,mlp1,bce,msle
349,0.7888937728937728,0.2976525959570057,0.8214285714285714,0.6307692307692307,0.9609375,0.7616099071207431,140.0,Nardus.stricta,0.45219780219780215,opth,4,False,mlp1,bce,msle
350,0.7814558629776021,0.024939239613297536,0.8181818181818182,0.6929347826086957,0.9973924380704041,0.8177445216461785,11.0,Odontites.luteus,0.5111166007905139,opth,4,False,mlp1,bce,msle
351,0.8349950738916257,0.3343569443533627,0.7,0.8108374384236453,0.9648300117233294,0.8811563169164882,100.0,Onobrychis.montana,0.5108374384236454,opth,4,False,mlp1,bce,msle
352,0.8387393939393939,0.3413509066843767,0.92,0.6242424242424243,0.9840764331210191,0.7639060568603214,125.0,Onobrychis.viciifolia,0.5442424242424244,opth,4,False,mlp1,bce,msle
353,0.7928571428571429,0.09897175113852005,0.5142857142857142,0.8361111111111111,0.9815217391304348,0.903,35.0,Ononis.natrix,0.3503968253968255,opth,4,False,mlp1,bce,msle
354,0.6787522935779816,0.04020771298152816,0.48,0.6844036697247706,0.9828722002635046,0.8069226608977826,25.0,Ononis.repens,0.1644036697247706,opth,4,False,mlp1,bce,msle
355,0.7384409432602204,0.09364048121236755,0.7777777777777778,0.6274328081556997,0.9883211678832117,0.7675736961451247,36.0,Ononis.spinosa,0.4052105859334776,opth,4,False,mlp1,bce,msle
356,0.7646846846846846,0.014485092765086957,0.6,0.7612612612612613,0.9976387249114522,0.8635666836995401,5.0,Ophioglossum.vulgatum,0.36126126126126135,opth,4,False,mlp1,bce,msle
357,0.7650190878038979,0.15136891265236402,0.8888888888888888,0.5886075949367089,0.9984662576687117,0.7406143344709898,9.0,Ophrys.apifera,0.47749648382559773,opth,4,False,mlp1,bce,msle
358,0.6233123312331234,0.005931157836834378,0.0,0.8487848784878488,0.9957761351636748,0.9164237123420796,4.0,Ophrys.insectifera,-0.15121512151215122,opth,4,False,mlp1,bce,msle
359,0.6974752028854825,0.016973064218491277,0.5,0.7763751127141569,0.9965277777777778,0.8727825646224024,6.0,Orchis.mascula,0.27637511271415693,opth,4,False,mlp1,bce,msle
360,0.7413115744938048,0.02282401116399365,0.5833333333333334,0.7325475974614687,0.993849938499385,0.8434237995824635,12.0,Orchis.militaris,0.31588093079480206,opth,4,False,mlp1,bce,msle
361,0.8685364727608494,0.14910284971808693,0.875,0.7451523545706371,0.9950678175092479,0.8521647307286166,32.0,Origanum.vulgare,0.6201523545706371,opth,4,False,mlp1,bce,msle
362,0.7337941628264208,0.0891228945456494,0.7333333333333333,0.5539170506912442,0.986863711001642,0.7095631641086186,30.0,Ornithogalum.umbellatum,0.2872503840245775,opth,4,False,mlp1,bce,msle
363,0.5197663971248877,0.0027203675518825653,0.5,0.5399820305480683,0.9983388704318937,0.7008746355685131,2.0,Orobanche.alba,0.03998203054806826,opth,4,False,mlp1,bce,msle
364,0.592057761732852,0.008620757257119254,0.5714285714285714,0.5505415162454874,0.9951060358890701,0.7088901801278327,7.0,Orobanche.caryophyllacea,0.12197008767405881,opth,4,False,mlp1,bce,msle
365,0.772739651416122,0.056460238405585284,0.6666666666666666,0.7270220588235294,0.98875,0.8379237288135594,27.0,Oxytropis.campestris,0.39368872549019596,opth,4,False,mlp1,bce,msle
366,0.8212477064220184,0.1312287175565514,0.52,0.8614678899082568,0.9873817034700315,0.9201371876531113,25.0,Oxytropis.helvetica,0.38146788990825686,opth,4,False,mlp1,bce,msle
367,0.7996396396396397,0.02107452728261191,0.6,0.7477477477477478,0.9975961538461539,0.854788877445932,5.0,Oxytropis.pilosa,0.34774774774774775,opth,4,False,mlp1,bce,msle
368,0.6964705882352942,0.020656204125748194,0.5,0.665158371040724,0.9932432432432432,0.7967479674796748,10.0,Papaver.rhoeas,0.16515837104072384,opth,4,False,mlp1,bce,msle
369,0.8750126607920591,0.16397629042513842,0.7777777777777778,0.8030993618960802,0.9954802259887006,0.8890010090817356,18.0,Paradisea.liliastrum,0.5808771396738579,opth,4,False,mlp1,bce,msle
370,0.712663812118853,0.02793014502760969,0.5714285714285714,0.7783832879200726,0.9930475086906141,0.8727087576374746,14.0,Parnassia.palustris,0.3498118593486441,opth,4,False,mlp1,bce,msle
371,0.7843402464682898,0.014443391496658482,0.8333333333333334,0.6366095581605049,0.9985855728429985,0.7775330396475771,6.0,Pastinaca.sativa,0.4699428914938384,opth,4,False,mlp1,bce,msle
372,0.520371325425477,0.014083110298813746,0.42857142857142855,0.4972924187725632,0.9927927927927928,0.6626578472639808,7.0,Pedicularis.foliosa,-0.07413615265600826,opth,4,False,mlp1,bce,msle
373,0.8113994439295644,0.18672048461724164,0.6666666666666666,0.8202038924930491,0.9866220735785953,0.895748987854251,36.0,Pedicularis.gyroflexa,0.4868705591597158,opth,4,False,mlp1,bce,msle
374,0.8692987743620655,0.053825849034161606,0.6666666666666666,0.8698010849909584,0.9968911917098445,0.9290197971994205,9.0,Pedicularis.tuberosa,0.5364677516576251,opth,4,False,mlp1,bce,msle
375,0.8214717437292234,0.059128816683148684,0.75,0.8068902991840435,0.9966405375139977,0.8917835671342685,12.0,Pedicularis.verticillata,0.5568902991840434,opth,4,False,mlp1,bce,msle
376,0.6207780260218162,0.03403329954082151,0.5357142857142857,0.6596136154553818,0.9821917808219178,0.7892129884424877,28.0,Petrorhagia.prolifera,0.19532790116966758,opth,4,False,mlp1,bce,msle
377,0.7594602381867077,0.06742952072532857,0.47368421052631576,0.8558394160583942,0.989451476793249,0.9178082191780822,19.0,Petrorhagia.saxifraga,0.3295236265847099,opth,4,False,mlp1,bce,msle
378,0.6933427400846607,0.2616805292341269,0.635593220338983,0.683049147442327,0.9406077348066298,0.7914003486345148,118.0,Phleum.alpinum,0.31864236778130994,opth,4,False,mlp1,bce,msle
379,,-0.0,0.0,0.7677130044843049,1.0,0.8685946220192795,0.0,Phleum.hirsutum,-0.2322869955156951,opth,4,False,mlp1,bce,msle
380,0.777994031400026,0.05667553257364888,0.5714285714285714,0.8010899182561307,0.9932432432432432,0.8868778280542986,14.0,Phleum.phleoides,0.372518489684702,opth,4,False,mlp1,bce,msle
381,0.8335159817351598,0.0841464893587602,0.75,0.754337899543379,0.9939831528279182,0.857736240913811,20.0,Phyteuma.betonicifolium,0.5043378995433789,opth,4,False,mlp1,bce,msle
382,0.8349155381823259,0.03928466978137459,0.8461538461538461,0.7332123411978222,0.9975308641975309,0.8451882845188284,13.0,Phyteuma.hemisphaericum,0.5793661873516682,opth,4,False,mlp1,bce,msle
383,0.7524825643157359,0.20997565661363288,0.6071428571428571,0.7817652764306499,0.9606674612634089,0.8620320855614974,84.0,Phyteuma.orbiculare,0.38890813357350695,opth,4,False,mlp1,bce,msle
384,0.5481081081081081,0.0066872509333630046,0.8,0.2963963963963964,0.996969696969697,0.45694444444444443,5.0,Phyteuma.ovatum,0.09639639639639652,opth,4,False,mlp1,bce,msle
385,0.7839387120968606,0.08793946016957205,0.47058823529411764,0.8806921675774135,0.9907786885245902,0.9324975891996142,17.0,Phyteuma.spicatum,0.3512804028715313,opth,4,False,mlp1,bce,msle
386,0.7514556238776732,0.07641817943104412,0.8529411764705882,0.5679925994449584,0.9919224555735057,0.7223529411764706,34.0,Picris.hieracioides,0.4209337759155467,opth,4,False,mlp1,bce,msle
387,0.7442461013889585,0.08466232239026938,0.8378378378378378,0.5510204081632653,0.99,0.7079856972586412,37.0,Pimpinella.major,0.38885824600110297,opth,4,False,mlp1,bce,msle
388,0.724488262910798,0.09636696638126131,0.54,0.6854460093896714,0.9694555112881806,0.8030803080308031,50.0,Pimpinella.saxifraga,0.22544600938967152,opth,4,False,mlp1,bce,msle
389,0.8981910018627082,0.5791454198802315,0.8518518518518519,0.816414686825054,0.9642857142857143,0.8842105263157894,189.0,Plantago.alpina,0.6682665386769058,opth,4,False,mlp1,bce,msle
390,0.8134844953026771,0.09603740120899994,0.4230769230769231,0.8558310376492194,0.9841605068637803,0.9155206286836935,26.0,Plantago.atrata,0.27890796072614243,opth,4,False,mlp1,bce,msle
391,0.8072595561035758,0.5219865597968985,0.8914473684210527,0.6103575832305795,0.9375,0.7393577296489918,304.0,Plantago.lanceolata,0.5018049516516321,opth,4,False,mlp1,bce,msle
392,0.7362269591185253,0.14684438116517937,0.8333333333333334,0.494902687673772,0.9888888888888889,0.6596664607782582,36.0,Plantago.major,0.32823602100710536,opth,4,False,mlp1,bce,msle
393,0.790937472992827,0.4298650402042147,0.8325123152709359,0.6173245614035088,0.9430485762144054,0.7461895294897283,203.0,Plantago.media,0.4498368766744447,opth,4,False,mlp1,bce,msle
394,0.8111617130073505,0.2965410919542361,0.6527777777777778,0.8475551294343241,0.9724972497249725,0.9057377049180327,72.0,Plantago.maritima,0.5003329072121019,opth,4,False,mlp1,bce,msle
395,0.46844003606853024,0.005767669231670923,0.6666666666666666,0.3480613165013526,0.9948453608247423,0.5156980627922512,6.0,Platanthera.bifolia,0.014727983168019154,opth,4,False,mlp1,bce,msle
396,0.9032290316904225,0.7549133852016674,0.797427652733119,0.8532338308457711,0.9158878504672897,0.8834513844172569,311.0,Poa.alpina,0.6506614835788902,opth,4,False,mlp1,bce,msle
397,0.6963162623539982,0.004376899696048632,1.0,0.5292003593890386,1.0,0.6921269095182139,2.0,Poa.annua,0.5292003593890386,opth,4,False,mlp1,bce,msle
398,0.726296476175058,0.1341221324471386,0.6619718309859155,0.6580459770114943,0.9662447257383966,0.7829059829059829,71.0,Poa.bulbosa,0.32001780799740986,opth,4,False,mlp1,bce,msle
399,0.8800959232613909,0.01870387909594511,0.3333333333333333,0.8435251798561151,0.997872340425532,0.9142300194931774,3.0,Poa.cenisia,0.17685851318944845,opth,4,False,mlp1,bce,msle
400,0.6507553841208614,0.024723890179900038,0.6470588235294118,0.6539162112932605,0.9917127071823204,0.7881448957189902,17.0,Poa.chaixii,0.3009750348226723,opth,4,False,mlp1,bce,msle
401,0.7087450592885376,0.05058867818162596,0.7272727272727273,0.5117753623188406,0.9947183098591549,0.6758373205741627,11.0,Poa.compressa,0.23904808959156787,opth,4,False,mlp1,bce,msle
402,0.5184518451845184,0.019381609761537865,0.25,0.9018901890189019,0.9970149253731343,0.947069943289225,4.0,Poa.nemoralis,0.15189018901890194,opth,4,False,mlp1,bce,msle
403,0.7757812095144323,0.5086450768144297,0.7355072463768116,0.6483909415971395,0.8816855753646677,0.7472527472527473,276.0,Poa.pratensis,0.38389818797395114,opth,4,False,mlp1,bce,msle
404,0.7370906168374523,0.1253964826105794,0.3333333333333333,0.7649186256781193,0.9929577464788732,0.86414708886619,9.0,Poa.supina,0.09825195901145256,opth,4,False,mlp1,bce,msle
405,0.7745542459957692,0.09275683870275975,0.4166666666666667,0.8676337262012692,0.9927385892116183,0.9259796806966618,12.0,Polygala.alpestris,0.28430039286793596,opth,4,False,mlp1,bce,msle
406,0.4564240790655885,0.0033574915650387348,0.0,0.9065588499550764,0.9980217606330366,0.9500941619585688,2.0,Polygala.amarella,-0.0934411500449236,opth,4,False,mlp1,bce,msle
407,0.7907291527981183,0.17412494935874112,0.5714285714285714,0.8350419384902144,0.9803063457330415,0.9018621036738802,42.0,Polygala.comosa,0.40647050991878575,opth,4,False,mlp1,bce,msle
408,0.6880359023216166,0.06584994611800701,0.8108108108108109,0.4397031539888683,0.9854469854469855,0.6080821039127646,37.0,Polygala.vulgaris,0.250513964799679,opth,4,False,mlp1,bce,msle
409,0.7459459459459459,0.017954071229479503,0.4,0.809009009009009,0.9966703662597114,0.8930880159124813,5.0,Polygonum.aviculare,0.2090090090090091,opth,4,False,mlp1,bce,msle
410,0.6984415584415584,0.15954908236330376,0.7,0.5215311004784688,0.9628975265017667,0.6765983860955928,70.0,Polygonum.bistorta,0.2215311004784688,opth,4,False,mlp1,bce,msle
411,0.8048303765950825,0.36375528192752843,0.5588235294117647,0.7978835978835979,0.9095295536791315,0.8500563697857948,170.0,Polygonum.viviparum,0.3567071272953626,opth,4,False,mlp1,bce,msle
412,0.42356115107913667,0.0030772962362465143,0.0,0.7266187050359713,0.9963008631319359,0.8403536141445658,3.0,Polystichum.lonchitis,-0.27338129496402874,opth,4,False,mlp1,bce,msle
413,0.7566537761601456,0.03595877552065371,0.75,0.6342129208371247,0.9942938659058488,0.7744444444444445,16.0,Potentilla.argentea,0.38421292083712455,opth,4,False,mlp1,bce,msle
414,0.8332363454983789,0.24295905886451247,0.5652173913043478,0.8623326959847036,0.9678111587982833,0.9120323559150657,69.0,Potentilla.aurea,0.4275500872890514,opth,4,False,mlp1,bce,msle
415,0.8315192743764173,0.34650978338960997,0.7037037037037037,0.7744897959183673,0.9499374217772215,0.8532883642495784,135.0,Potentilla.crantzii,0.4781934996220709,opth,4,False,mlp1,bce,msle
416,0.786717143860001,0.11574015640005182,0.8918918918918919,0.46567717996289426,0.9920948616600791,0.6338383838383839,37.0,Potentilla.erecta,0.35756907185478615,opth,4,False,mlp1,bce,msle
417,0.7989694216557054,0.22716959040687645,0.5697674418604651,0.7900874635568513,0.9564705882352941,0.8653539116551358,86.0,Potentilla.grandiflora,0.3598549054173166,opth,4,False,mlp1,bce,msle
418,0.7103668768657375,0.18331745153062864,0.5663716814159292,0.7005988023952096,0.9347536617842876,0.8009127210496292,113.0,Potentilla.neumanniana,0.26697048381113886,opth,4,False,mlp1,bce,msle
419,0.8106240402066174,0.09673741271420852,0.6153846153846154,0.8058076225045372,0.9944008958566629,0.8902255639097745,13.0,Potentilla.pusilla,0.4211922378891526,opth,4,False,mlp1,bce,msle
420,0.6212121212121212,0.02239277570763694,0.6666666666666666,0.5527272727272727,0.9918433931484503,0.7098657326328079,15.0,Potentilla.recta,0.21939393939393925,opth,4,False,mlp1,bce,msle
421,0.8338215962441313,0.17169104880589928,0.84,0.6676056338028169,0.9888734353268428,0.797085201793722,50.0,Potentilla.reptans,0.5076056338028168,opth,4,False,mlp1,bce,msle
422,0.7194594594594595,0.016016102579120967,0.8,0.6630630630630631,0.9986431478968792,0.7969680563075258,5.0,Potentilla.rupestris,0.4630630630630632,opth,4,False,mlp1,bce,msle
423,0.8125939284640817,0.016625377307977536,1.0,0.5843101893597836,1.0,0.7376209447922595,6.0,Potentilla.thuringiaca,0.5843101893597837,opth,4,False,mlp1,bce,msle
424,0.6690647482014389,0.005257766699348139,0.6666666666666666,0.5899280575539568,0.9984779299847792,0.7416619559072922,3.0,Primula.elatior,0.25659472422062346,opth,4,False,mlp1,bce,msle
425,0.6178861788617886,0.011379609962023144,0.125,0.8229448961156278,0.9923747276688453,0.899753086419753,8.0,Primula.farinosa,-0.05205510388437218,opth,4,False,mlp1,bce,msle
426,0.7374190293284724,0.22123247308196764,0.5967741935483871,0.7245206861755802,0.9348958333333334,0.816372939169983,124.0,Primula.veris,0.3212948797239674,opth,4,False,mlp1,bce,msle
427,0.7036986301369863,0.03589257617461275,0.4,0.7853881278538812,0.9862385321100917,0.8744280630401627,20.0,Prunella.grandiflora,0.18538812785388137,opth,4,False,mlp1,bce,msle
428,0.6730017466522498,0.03655921996167228,0.4090909090909091,0.7291857273559011,0.9839506172839506,0.837624802942722,22.0,Prunella.laciniata,0.1382766364468102,opth,4,False,mlp1,bce,msle
429,0.751750700280112,0.10079199241245201,0.8823529411764706,0.5704887218045113,0.9902120717781403,0.7239117471675611,51.0,Prunella.vulgaris,0.45284166298098194,opth,4,False,mlp1,bce,msle
430,0.7086627140974967,0.024255143771450546,0.09090909090909091,0.9746376811594203,0.990791896869245,0.982648401826484,11.0,Prunus.spinosa,0.06554677206851123,opth,4,False,mlp1,bce,msle
431,0.7096886779282423,0.063280179790434,0.6153846153846154,0.7096188747731398,0.9936467598475223,0.8279512969825304,13.0,Veronica.spicata,0.3250034901577552,opth,4,False,mlp1,bce,msle
432,0.7647144340602284,0.13820545975522772,0.5777777777777777,0.7579439252336448,0.9771084337349397,0.8536842105263158,45.0,Pulsatilla.alpina,0.33572170301142257,opth,4,False,mlp1,bce,msle
433,0.8200103145951522,0.05656976831734113,0.5714285714285714,0.766245487364621,0.9964788732394366,0.8663265306122448,7.0,Pulsatilla.halleri,0.33767405879319234,opth,4,False,mlp1,bce,msle
434,0.8452727272727273,0.050930906432132494,0.6,0.8463636363636363,0.9935965848452508,0.9140893470790378,15.0,Pulsatilla.vernalis,0.4463636363636363,opth,4,False,mlp1,bce,msle
435,0.5354896675651393,0.003850267379679144,0.5,0.6504941599281222,0.9986206896551724,0.7878128400435256,2.0,Ranunculus.aconitifolius,0.1504941599281222,opth,4,False,mlp1,bce,msle
436,0.8234826928131463,0.4356721012685389,0.8042328042328042,0.6760259179265659,0.9441930618401206,0.7879169288860919,189.0,Ranunculus.acris,0.48025872215937015,opth,4,False,mlp1,bce,msle
437,0.7850174216027875,0.38316677241237773,0.8195121951219512,0.6637362637362637,0.9422776911076443,0.7788523533204385,205.0,Ranunculus.bulbosus,0.4832484588582149,opth,4,False,mlp1,bce,msle
438,0.8450134770889487,0.008620689655172414,0.5,0.8769092542677448,0.9989764585465711,0.9339712918660287,2.0,Ranunculus.glacialis,0.3769092542677448,opth,4,False,mlp1,bce,msle
439,0.5486925157799819,0.007582719979769602,0.3333333333333333,0.6104598737601443,0.9941262848751835,0.7564245810055866,6.0,Ranunculus.gramineus,-0.05620679290652242,opth,4,False,mlp1,bce,msle
440,0.8286082474226805,0.14198669752582233,0.6875,0.8200562324273665,0.9831460674157303,0.8942258559018906,48.0,Ranunculus.kuepferi,0.5075562324273664,opth,4,False,mlp1,bce,msle
441,0.7401046405823476,0.03494075168375986,0.5,0.7479526842584168,0.9903614457831326,0.8522550544323484,16.0,Ranunculus.montanus,0.24795268425841677,opth,4,False,mlp1,bce,msle
442,0.6876255707762556,0.04148409698288703,0.55,0.6840182648401827,0.9881266490765171,0.8084187803561792,20.0,Ranunculus.serpens,0.23401826484018273,opth,4,False,mlp1,bce,msle
443,0.8902432388311475,0.42786833901784305,0.6470588235294118,0.8815911193339501,0.9875647668393782,0.9315738025415444,34.0,Ranunculus.repens,0.5286499428633618,opth,4,False,mlp1,bce,msle
444,0.707927927927928,0.01069336747005532,0.8,0.5882882882882883,0.9984709480122325,0.7403628117913832,5.0,Reseda.lutea,0.3882882882882883,opth,4,False,mlp1,bce,msle
445,0.8046191661878312,0.4555720663569173,0.7922705314009661,0.6398678414096917,0.9310897435897436,0.758485639686684,207.0,Rhinanthus.alectorolophus,0.4321383728106578,opth,4,False,mlp1,bce,msle
446,0.7774527452745275,0.01298896743072521,0.75,0.5472547254725473,0.9983579638752053,0.7069767441860465,4.0,Rhinanthus.glacialis,0.2972547254725473,opth,4,False,mlp1,bce,msle
447,0.6335128205128205,0.0868417071320822,0.56,0.6288461538461538,0.9519650655021834,0.7573827446438911,75.0,Rhinanthus.minor,0.18884615384615389,opth,4,False,mlp1,bce,msle
448,0.7039295392953929,0.014191298070866014,0.25,0.8464317976513098,0.9936373276776246,0.9141463414634147,8.0,Rhododendron.ferrugineum,0.09643179765130983,opth,4,False,mlp1,bce,msle
449,0.831196432304369,0.5182067978110219,0.8584070796460177,0.6816647919010124,0.9498432601880877,0.793713163064833,226.0,Rumex.acetosa,0.5400718715470301,opth,4,False,mlp1,bce,msle
450,0.7130553037171351,0.029192652703666902,0.75,0.5666364460562103,0.9952229299363057,0.7221259387637204,12.0,Rumex.acetosella,0.31663644605621033,opth,4,False,mlp1,bce,msle
451,0.8185220576524924,0.07505546661472975,0.9130434782608695,0.6163003663003663,0.997037037037037,0.7617430673457838,23.0,Rumex.crispus,0.529343844561236,opth,4,False,mlp1,bce,msle
452,0.8520414236400429,0.15116591163468765,0.7741935483870968,0.7306273062730627,0.9912390488110138,0.8412108337758896,31.0,Rumex.obtusifolius,0.5048208546601596,opth,4,False,mlp1,bce,msle
453,0.6975419664268585,0.005812241006493779,0.0,0.9694244604316546,0.9972247918593895,0.9831281349749202,3.0,Rumex.scutatus,-0.030575539568345356,opth,4,False,mlp1,bce,msle
454,0.9358000811901521,0.4586182961743451,0.9012345679012346,0.8578336557059961,0.9910614525139665,0.9196474857439088,81.0,Salix.herbacea,0.7590682236072306,opth,4,False,mlp1,bce,msle
455,0.9176732358550541,0.32057164777474995,0.8076923076923077,0.8218549127640037,0.9944444444444445,0.8999497234791353,26.0,Salix.reticulata,0.6295472204563115,opth,4,False,mlp1,bce,msle
456,0.8627401557161261,0.16959571251872285,0.6060606060606061,0.8401109057301294,0.9859002169197397,0.907185628742515,33.0,Salix.retusa,0.44617151179073544,opth,4,False,mlp1,bce,msle
457,0.8862531213037192,0.1701617799598034,0.6071428571428571,0.8638454461821528,0.988421052631579,0.9219440353460973,28.0,Salix.serpyllifolia,0.47098830332500974,opth,4,False,mlp1,bce,msle
458,0.8382748090202947,0.5340556842265589,0.924901185770751,0.6299303944315545,0.9661921708185054,0.7626404494382022,253.0,Salvia.pratensis,0.5548315802023054,opth,4,False,mlp1,bce,msle
459,0.7640133309598687,0.3658991979044656,0.9429824561403509,0.4859075535512965,0.9707207207207207,0.6476333583771601,228.0,Sanguisorba.minor,0.4288900096916475,opth,4,False,mlp1,bce,msle
460,0.787302752293578,0.06601919638566357,0.6,0.7477064220183486,0.9878787878787879,0.8511749347258486,25.0,Sanguisorba.officinalis,0.34770642201834856,opth,4,False,mlp1,bce,msle
461,0.8091717561341477,0.15855615309343266,0.6470588235294118,0.7668488160291439,0.9929245283018868,0.8653648509763617,17.0,Saponaria.ocymoides,0.4139076395585557,opth,4,False,mlp1,bce,msle
462,0.794052642153908,0.020154390735883564,0.5555555555555556,0.779385171790235,0.9953810623556582,0.8742393509127789,9.0,Saxifraga.aizoides,0.3349407273457907,opth,4,False,mlp1,bce,msle
463,0.6516743471582181,0.038518245816181955,0.3,0.8018433179723502,0.9764309764309764,0.8805668016194332,30.0,Saxifraga.granulata,0.10184331797235013,opth,4,False,mlp1,bce,msle
464,0.8263193812556869,0.04825341889849449,0.8125,0.7788898999090081,0.9965075669383003,0.874361593462717,16.0,Saxifraga.oppositifolia,0.5913898999090081,opth,4,False,mlp1,bce,msle
465,0.8325477611191896,0.10909683963039882,0.7027027027027027,0.8042671614100185,0.9874715261958997,0.8865030674846626,37.0,Saxifraga.paniculata,0.5069698641127212,opth,4,False,mlp1,bce,msle
466,0.5999398857829877,0.008172166078834591,0.0,0.8872858431018936,0.9939393939393939,0.9375893282515484,6.0,Saxifraga.tridactylites,-0.11271415689810638,opth,4,False,mlp1,bce,msle
467,0.7614219325245941,0.14469246380399747,0.7142857142857143,0.7091254752851711,0.9764397905759162,0.8215859030837004,63.0,Scabiosa.columbaria,0.4234111895708854,opth,4,False,mlp1,bce,msle
468,0.757298578199052,0.23068181066445845,0.7,0.7421800947867299,0.9775280898876404,0.84375,60.0,Scabiosa.lucida,0.4421800947867298,opth,4,False,mlp1,bce,msle
469,0.7454995499549955,0.009494481828460136,0.75,0.5787578757875788,0.9984472049689441,0.7327635327635328,4.0,Scabiosa.triandra,0.32875787578757887,opth,4,False,mlp1,bce,msle
470,0.9903240324032403,0.21516457680250783,1.0,0.783978397839784,1.0,0.8789101917255298,4.0,Scorzonera.humilis,0.7839783978397841,opth,4,False,mlp1,bce,msle
471,0.7063008130081301,0.014646733797775926,0.75,0.5374887082204155,0.9966499162479062,0.6983568075117371,8.0,Scorzonera.laciniata,0.2874887082204154,opth,4,False,mlp1,bce,msle
472,0.8073334209488763,0.07200098332145763,0.6428571428571429,0.7764489420423183,0.9882903981264637,0.8696548171045853,28.0,Scutellaria.alpina,0.4193060848994612,opth,4,False,mlp1,bce,msle
473,0.7917831297622239,0.18250587410663774,0.673469387755102,0.7467166979362101,0.9802955665024631,0.8477103301384451,49.0,Securigera.varia,0.420186085691312,opth,4,False,mlp1,bce,msle
474,0.7630992196209587,0.047425269668188476,0.6521739130434783,0.7527472527472527,0.9903614457831326,0.8553590010405827,23.0,Sedum.acre,0.404921165790731,opth,4,False,mlp1,bce,msle
475,0.7708044783010157,0.09890246225551919,0.78125,0.6712834718374885,0.9904632152588556,0.8002201430930105,32.0,Sedum.album,0.4525334718374885,opth,4,False,mlp1,bce,msle
476,0.8664201375373037,0.10024489401869495,0.5,0.818346957311535,0.9922907488986784,0.8969636635141862,14.0,Sedum.atratum,0.31834695731153495,opth,4,False,mlp1,bce,msle
477,0.7887176808566205,0.05174789488244984,0.47619047619047616,0.8025594149908593,0.9876265466816648,0.8855269793242562,21.0,Sedum.montanum,0.2787498911813353,opth,4,False,mlp1,bce,msle
478,0.5672345440908604,0.02098500871559339,0.5882352941176471,0.5664845173041895,0.9888712241653418,0.7203242617255357,17.0,Sedum.rupestre,0.15471981142183644,opth,4,False,mlp1,bce,msle
479,0.6208345994125393,0.022415245919050086,0.5555555555555556,0.5560619872379216,0.9870550161812298,0.7113702623906706,18.0,Sedum.sexangulare,0.11161754279347713,opth,4,False,mlp1,bce,msle
480,0.8738347798135648,0.279320330047841,0.47058823529411764,0.9198542805100182,0.9911678115799804,0.954180444024563,17.0,Selaginella.selaginoides,0.3904425158041358,opth,4,False,mlp1,bce,msle
481,0.8406396344945746,0.277493053326499,0.6823529411764706,0.8184466019417476,0.9689655172413794,0.8873684210526316,85.0,Sempervivum.arachnoideum,0.5007995431182182,opth,4,False,mlp1,bce,msle
482,0.8579200722057865,0.24460830598066705,0.6216216216216216,0.8237476808905381,0.9844789356984479,0.896969696969697,37.0,Sempervivum.montanum,0.44536930251215967,opth,4,False,mlp1,bce,msle
483,0.8277724748351267,0.19357231619501492,0.6744186046511628,0.7779850746268657,0.9834905660377359,0.86875,43.0,Sempervivum.tectorum,0.4524036792780284,opth,4,False,mlp1,bce,msle
484,0.8367270531400965,0.2573072726263138,0.7625,0.7661835748792271,0.9766009852216748,0.8586897671900379,80.0,Senecio.doronicum,0.5286835748792269,opth,4,False,mlp1,bce,msle
485,0.7478476653499443,0.0351191588026053,0.5,0.8021877848678214,0.9898762654668166,0.8862034239677744,18.0,Senecio.erucifolius,0.3021877848678214,opth,4,False,mlp1,bce,msle
486,0.8746850998463902,0.11341808102107606,0.8333333333333334,0.8073732718894009,0.9943246311010215,0.8911495422177009,30.0,Senecio.incanus,0.6407066052227344,opth,4,False,mlp1,bce,msle
487,0.8022535403050108,0.08920281206459171,0.8888888888888888,0.5551470588235294,0.9950576606260296,0.7126843657817109,27.0,Senecio.jacobaea,0.4440359477124183,opth,4,False,mlp1,bce,msle
488,0.7273303167420815,0.028034056067323395,0.8,0.5321266968325792,0.9966101694915255,0.6938053097345133,10.0,Serratula.tinctoria,0.33212669683257934,opth,4,False,mlp1,bce,msle
489,0.7587387387387388,0.01173117258867373,0.6,0.7405405405405405,0.9975728155339806,0.8500517063081696,5.0,Seseli.annuum,0.3405405405405406,opth,4,False,mlp1,bce,msle
490,0.8613362590121356,0.44374727382713836,0.656934306569343,0.8006134969325154,0.9433734939759036,0.8661504424778761,137.0,Sesleria.caerulea,0.4575478035018583,opth,4,False,mlp1,bce,msle
491,0.6970776255707762,0.029122717599919985,0.9,0.4511415525114155,0.9959677419354839,0.6209930861093652,20.0,Sherardia.arvensis,0.35114155251141543,opth,4,False,mlp1,bce,msle
492,0.8663348416289595,0.15388898879188787,1.0,0.5502262443438914,1.0,0.7098657326328079,10.0,Sideritis.hyssopifolia,0.5502262443438914,opth,4,False,mlp1,bce,msle
493,0.9372135655362053,0.20015872904436505,1.0,0.7369385884509624,1.0,0.8485488126649077,24.0,Silaum.silaus,0.7369385884509625,opth,4,False,mlp1,bce,msle
494,0.876655231560892,0.25830054567459737,0.6909090909090909,0.8283018867924529,0.9810055865921787,0.8982097186700767,55.0,Silene.acaulis,0.5192109777015439,opth,4,False,mlp1,bce,msle
495,0.6992727272727273,0.06009349006139545,0.4,0.769090909090909,0.9894736842105263,0.8654731457800512,15.0,Silene.dioica,0.16909090909090896,opth,4,False,mlp1,bce,msle
496,0.9159754224270353,0.3501542605799878,0.8,0.8368663594470046,0.9934354485776805,0.9084542271135568,30.0,Silene.flos.cuculi,0.6368663594470045,opth,4,False,mlp1,bce,msle
497,0.6508108108108108,0.007895008196537233,0.4,0.7756756756756756,0.9965277777777778,0.8723404255319149,5.0,Silene.flos.jovis,0.17567567567567566,opth,4,False,mlp1,bce,msle
498,0.7882794313738786,0.23924662538025332,0.7790697674418605,0.6705539358600583,0.9732016925246827,0.7940161104718066,86.0,Silene.nutans,0.4496237033019188,opth,4,False,mlp1,bce,msle
499,0.8426666666666667,0.15070040160856737,0.7333333333333333,0.7845454545454545,0.9953863898500577,0.8774783934926284,15.0,Silene.otites,0.5178787878787878,opth,4,False,mlp1,bce,msle
500,0.8663366336633664,0.07635937440524396,0.5,0.8442844284428442,0.997872340425532,0.9146757679180887,4.0,Silene.rupestris,0.34428442844284435,opth,4,False,mlp1,bce,msle
501,0.7511997046880767,0.3167311683928352,0.753968253968254,0.5955510616784631,0.95,0.7321317588564326,126.0,Silene.vulgaris,0.3495193156467171,opth,4,False,mlp1,bce,msle
502,0.5103324348607368,0.0029920097272885184,0.0,0.8912848158131177,0.9979879275653923,0.9416231608922638,2.0,Sinapis.arvensis,-0.10871518418688231,opth,4,False,mlp1,bce,msle
503,0.8722994829173849,0.26500421602953383,0.8292682926829268,0.7705711519845111,0.9827160493827161,0.8638090070537168,82.0,Soldanella.alpina,0.5998394446674378,opth,4,False,mlp1,bce,msle
504,0.8401801801801803,0.024995620526491364,0.2,0.9783783783783784,0.9963302752293578,0.9872727272727273,5.0,Solidago.gigantea,0.17837837837837833,opth,4,False,mlp1,bce,msle
505,0.7875424392791852,0.13292670683808114,0.47619047619047616,0.8345521023765996,0.9880952380952381,0.9048562933597621,21.0,Solidago.virgaurea,0.3107425785670759,opth,4,False,mlp1,bce,msle
506,0.7270333232046997,0.04286069776382511,0.8333333333333334,0.5031905195989061,0.9945945945945946,0.6682808716707022,18.0,Stachys.officinalis,0.33652385293223963,opth,4,False,mlp1,bce,msle
507,0.7399556981362664,0.17570263257925137,0.6666666666666666,0.7204399633363886,0.9899244332493703,0.8339522546419098,24.0,Stachys.pradica,0.38710663000305523,opth,4,False,mlp1,bce,msle
508,0.7811782005330392,0.22100691728616068,0.6290322580645161,0.7331433998100665,0.9710691823899371,0.8354978354978355,62.0,Stachys.recta,0.3621756578745825,opth,4,False,mlp1,bce,msle
509,0.7793241167434716,0.1354374101764068,0.7333333333333333,0.6414746543778802,0.9886363636363636,0.7780883174958078,30.0,Stellaria.graminea,0.3748079877112134,opth,4,False,mlp1,bce,msle
510,0.7083333333333333,0.07359943977591035,0.6666666666666666,0.841726618705036,0.9989327641408752,0.9136163982430454,3.0,Stipa.capillata,0.5083932853717026,opth,4,False,mlp1,bce,msle
511,0.8245446228062879,0.23115534833244897,0.6363636363636364,0.817932296431839,0.991130820399113,0.8962406015037594,22.0,Stipa.eriocaulis,0.4542959327954752,opth,4,False,mlp1,bce,msle
512,0.7784018264840182,0.06304310109059531,0.45,0.8264840182648402,0.9879912663755459,0.9000497265042268,20.0,Succisa.pratensis,0.27648401826484026,opth,4,False,mlp1,bce,msle
513,0.764388489208633,0.07107003844592497,0.3333333333333333,0.9901079136690647,0.9981867633726201,0.9941309255079007,3.0,Symphytum.officinale,0.32344124700239796,opth,4,False,mlp1,bce,msle
514,0.8281011304613505,0.07443003984535482,0.375,0.9019248395967002,0.984984984984985,0.9416267942583733,24.0,Taraxacum.alpinum,0.27692483959670033,opth,4,False,mlp1,bce,msle
515,0.8003423532681474,0.3744052186913511,0.8562874251497006,0.5959915611814346,0.9592529711375212,0.7351984385165907,167.0,Taraxacum.officinale,0.45227898633113517,opth,4,False,mlp1,bce,msle
516,0.7364986498649866,0.011935535301588222,0.25,0.8892889288928892,0.9969727547931383,0.9400570884871551,4.0,Tephroseris.integrifolia,0.13928892889288935,opth,4,False,mlp1,bce,msle
517,0.6938738738738739,0.009413612261190663,0.6,0.7009009009009008,0.9974358974358974,0.8232804232804233,5.0,Teucrium.botrys,0.30090090090090094,opth,4,False,mlp1,bce,msle
518,0.8071408061447902,0.31670928696408185,0.7477477477477478,0.7231075697211156,0.9628647214854111,0.825938566552901,111.0,Teucrium.chamaedrys,0.47085531746886344,opth,4,False,mlp1,bce,msle
519,0.7568335647344672,0.15633729985045267,0.4418604651162791,0.8423507462686567,0.9741100323624595,0.9034517258629314,43.0,Teucrium.montanum,0.28421121138493577,opth,4,False,mlp1,bce,msle
520,0.6472408457968025,0.01450872125182885,0.2857142857142857,0.8438628158844765,0.9946808510638298,0.9130859375,7.0,Thalictrum.alpinum,0.12957710159876212,opth,4,False,mlp1,bce,msle
521,0.46234234234234234,0.004936207051974264,0.2,0.6378378378378379,0.9943820224719101,0.7771679473106476,5.0,Thalictrum.aquilegiifolium,-0.16216216216216206,opth,4,False,mlp1,bce,msle
522,0.7909090909090909,0.04356177523463415,0.6666666666666666,0.7372727272727273,0.9938725490196079,0.8465553235908142,15.0,Thalictrum.minus,0.4039393939393938,opth,4,False,mlp1,bce,msle
523,0.7533692722371967,0.008679787704555506,1.0,0.46630727762803237,1.0,0.6360294117647058,2.0,Thalictrum.simplex,0.46630727762803237,opth,4,False,mlp1,bce,msle
524,0.8159219972141862,0.11288205212609106,0.6470588235294118,0.8087431693989071,0.9932885906040269,0.891566265060241,17.0,Thesium.alpinum,0.4558019929283188,opth,4,False,mlp1,bce,msle
525,0.7873224539135691,0.04832517650092569,0.6666666666666666,0.7162284678150499,0.9949622166246851,0.8328940432261466,12.0,Thesium.linophyllon,0.3828951344817164,opth,4,False,mlp1,bce,msle
526,0.6748424842484249,0.006647821675870248,1.0,0.459045904590459,1.0,0.6292412091301666,4.0,Thesium.pyrenaicum,0.45904590459045913,opth,4,False,mlp1,bce,msle
527,0.4505840071877808,0.0024157684590047444,0.0,0.7457322551662174,0.9975961538461539,0.8534704370179949,2.0,Tofieldia.calyculata,-0.25426774483378256,opth,4,False,mlp1,bce,msle
528,0.8262516469038208,0.06520805342711737,0.9090909090909091,0.5579710144927537,0.9983792544570502,0.715862870424172,11.0,Tragopogon.dubius,0.4670619235836626,opth,4,False,mlp1,bce,msle
529,0.8017262093557472,0.4548872539910161,0.8059071729957806,0.6719817767653758,0.9276729559748428,0.7793923381770145,237.0,Tragopogon.pratensis,0.4778889497611565,opth,4,False,mlp1,bce,msle
530,0.8200362647325476,0.059883394679398155,0.9166666666666666,0.5911151405258386,0.998468606431853,0.7425968109339408,12.0,Traunsteinera.globosa,0.5077818071925053,opth,4,False,mlp1,bce,msle
531,0.9000192086054553,0.17646085549144622,0.9473684210526315,0.739963503649635,0.9987684729064039,0.850104821802935,19.0,Trifolium.alpestre,0.6873319247022667,opth,4,False,mlp1,bce,msle
532,0.8272043745727956,0.18773389615257338,0.7285714285714285,0.754066985645933,0.976456009913259,0.8509719222462203,70.0,Trifolium.alpinum,0.4826384142173614,opth,4,False,mlp1,bce,msle
533,0.5959257349149045,0.010886926746195041,0.14285714285714285,0.8411552346570397,0.9936034115138592,0.9110459433040078,7.0,Trifolium.arvense,-0.015987622485817532,opth,4,False,mlp1,bce,msle
534,0.8029912325941206,0.01982202626605313,0.8571428571428571,0.6624548736462094,0.998639455782313,0.7965274009766685,7.0,Trifolium.aureum,0.5195977307890665,opth,4,False,mlp1,bce,msle
535,0.7400033252971985,0.13962647394553152,0.6956521739130435,0.6816443594646272,0.9713896457765667,0.801123595505618,69.0,Trifolium.badium,0.3772965333776708,opth,4,False,mlp1,bce,msle
536,0.745101362804258,0.17202134677788206,0.5930232558139535,0.7395529640427599,0.9560301507537688,0.8339726027397261,86.0,Trifolium.campestre,0.3325762198567135,opth,4,False,mlp1,bce,msle
537,0.8388517013307834,0.18631628303240486,0.8723404255319149,0.6760299625468165,0.9917582417582418,0.8040089086859689,47.0,Trifolium.dubium,0.5483703880787314,opth,4,False,mlp1,bce,msle
538,0.6648583484026522,0.03495151550663334,0.6666666666666666,0.47739602169981915,0.9943502824858758,0.6450824679291387,9.0,Trifolium.medium,0.14406268836648572,opth,4,False,mlp1,bce,msle
539,0.7894591509885497,0.446979698959958,0.6184971098265896,0.7876857749469215,0.9183168316831684,0.848,173.0,Trifolium.montanum,0.40618288477351117,opth,4,False,mlp1,bce,msle
540,0.6709440879926672,0.037568792117743374,0.5833333333333334,0.6526122823098075,0.9861495844875346,0.785438499724214,24.0,Trifolium.ochroleucon,0.23594561564314098,opth,4,False,mlp1,bce,msle
541,0.7106373983739838,0.6317078229952038,0.77,0.5317073170731708,0.7398190045248869,0.618732261116367,500.0,Trifolium.pratense,0.3017073170731708,opth,4,False,mlp1,bce,msle
542,0.7332805569713597,0.32563753914960414,0.7920792079207921,0.5575027382256298,0.9237749546279492,0.6953551912568307,202.0,Trifolium.repens,0.3495819461464218,opth,4,False,mlp1,bce,msle
543,0.5702702702702702,0.00975132641200023,0.6,0.4477477477477477,0.9959919839679359,0.617775015537601,5.0,Trifolium.rubens,0.047747747747747704,opth,4,False,mlp1,bce,msle
544,0.8432165318957772,0.008280339162692104,1.0,0.7151841868823001,1.0,0.8339444735463594,2.0,Trifolium.scabrum,0.7151841868823001,opth,4,False,mlp1,bce,msle
545,0.5452552862300155,0.008019354396010606,0.14285714285714285,0.7220216606498195,0.9925558312655087,0.8359456635318704,7.0,Trifolium.striatum,-0.13512119649303767,opth,4,False,mlp1,bce,msle
546,0.8606007703605176,0.2493951106350323,0.5217391304347826,0.8814531548757171,0.9654450261780104,0.9215392303848076,69.0,Trifolium.thalii,0.40319228531049967,opth,4,False,mlp1,bce,msle
547,0.8021062405316913,0.12797883227784085,0.5263157894736842,0.8384401114206128,0.9804560260586319,0.9039039039039038,38.0,Trinia.glauca,0.3647559008942971,opth,4,False,mlp1,bce,msle
548,0.8169159360495101,0.02185573411711228,0.8571428571428571,0.6823104693140795,0.9986789960369881,0.8107238605898124,7.0,Trisetum.distichophyllum,0.5394533264569366,opth,4,False,mlp1,bce,msle
549,0.7706620846155728,0.541971415394193,0.7009966777408638,0.7113022113022113,0.8654708520179372,0.7808496291301416,301.0,Trisetum.flavescens,0.412298889043075,opth,4,False,mlp1,bce,msle
550,0.7076255470662414,0.1646274217771964,0.6666666666666666,0.6123432979749277,0.9606656580937972,0.7479387514723204,78.0,Trollius.europaeus,0.27900996464159444,opth,4,False,mlp1,bce,msle
551,0.7137713771377138,0.01753217141264128,1.0,0.40054005400540055,1.0,0.5719794344473008,4.0,Turritis.glabra,0.4005400540054005,opth,4,False,mlp1,bce,msle
552,0.6955962712954034,0.0429762748834156,0.5294117647058824,0.674863387978142,0.9893190921228304,0.8023822414726584,17.0,Tussilago.farfara,0.20427515268402452,opth,4,False,mlp1,bce,msle
553,0.6602150537634408,0.062533909039679,0.36666666666666664,0.8147465437788018,0.9789590254706534,0.8893360160965795,30.0,Urtica.dioica,0.18141321044546843,opth,4,False,mlp1,bce,msle
554,0.6102077687443541,0.017719847640803258,0.125,0.8699186991869918,0.9927835051546392,0.9272989889263361,8.0,Valeriana.dioica,-0.005081300813008172,opth,4,False,mlp1,bce,msle
555,0.8773627362736274,0.01999082756051776,1.0,0.6813681368136814,1.0,0.8104925053533191,4.0,Valeriana.montana,0.6813681368136812,opth,4,False,mlp1,bce,msle
556,0.7694303879589983,0.0364149106875024,0.5714285714285714,0.779291553133515,0.9930555555555556,0.8732824427480916,14.0,Valeriana.officinalis,0.35072012456208634,opth,4,False,mlp1,bce,msle
557,0.5958595859585959,0.00536043247941271,0.5,0.6075607560756076,0.9970457902511078,0.7550335570469798,4.0,Valerianella.dentata,0.10756075607560756,opth,4,False,mlp1,bce,msle
558,0.7701863354037267,0.07035223806700254,0.782608695652174,0.6153846153846154,0.9926144756277696,0.7597512719050311,23.0,Valerianella.locusta,0.39799331103678925,opth,4,False,mlp1,bce,msle
559,0.6532887886150642,0.11634668636512005,0.4883720930232558,0.7248134328358209,0.9724655819774718,0.8305718866916088,43.0,Veratrum.album,0.21318552585907669,opth,4,False,mlp1,bce,msle
560,0.8024421665826471,0.14924750887587665,0.6666666666666666,0.743992606284658,0.9865196078431373,0.8482613277133825,33.0,Verbascum.lychnitis,0.41065927295132454,opth,4,False,mlp1,bce,msle
561,0.526378896882494,0.0036187783601521312,0.3333333333333333,0.6438848920863309,0.9972144846796658,0.7825136612021858,3.0,Verbascum.nigrum,-0.022781774580335812,opth,4,False,mlp1,bce,msle
562,0.6679989685404847,0.016587606310243898,0.42857142857142855,0.7536101083032491,0.9952324195470799,0.8577298407806883,7.0,Verbascum.thapsus,0.18218153687467775,opth,4,False,mlp1,bce,msle
563,0.7799095022624435,0.030887073426970807,0.6,0.7294117647058823,0.9950617283950617,0.8417754569190601,10.0,Verbena.officinalis,0.3294117647058823,opth,4,False,mlp1,bce,msle
564,0.886606334841629,0.08294303956380389,0.8,0.8425339366515837,0.9978563772775991,0.9136408243375859,10.0,Veronica.aphylla,0.6425339366515836,opth,4,False,mlp1,bce,msle
565,0.7488306451612904,0.2687807173087899,0.7096774193548387,0.6583333333333333,0.9335302806499262,0.7721441661576054,155.0,Veronica.arvensis,0.3680107526881722,opth,4,False,mlp1,bce,msle
566,0.8263267159724925,0.039134474530562374,0.5,0.8555858310626703,0.9926238145416227,0.9190243902439025,14.0,Veronica.bellidioides,0.3555858310626703,opth,4,False,mlp1,bce,msle
567,0.7748747315676449,0.21473714185665996,0.8585858585858586,0.593503937007874,0.9773095623987034,0.7385180649112064,99.0,Veronica.chamaedrys,0.45208979559373264,opth,4,False,mlp1,bce,msle
568,0.8069942761412816,0.04737326463143051,0.8461538461538461,0.661524500907441,0.9972640218878249,0.795417348608838,13.0,Veronica.fruticans,0.5076783470612871,opth,4,False,mlp1,bce,msle
569,0.7722371967654986,0.0075292252823459475,0.5,0.8247978436657682,0.998911860718172,0.9035433070866141,2.0,Veronica.fruticulosa,0.32479784366576814,opth,4,False,mlp1,bce,msle
570,0.6572972972972972,0.012208123686115187,0.4,0.7189189189189189,0.9962546816479401,0.8351648351648352,5.0,Veronica.officinalis,0.11891891891891904,opth,4,False,mlp1,bce,msle
571,0.7888013830195929,0.04966990317585414,0.7368421052631579,0.6459854014598541,0.9929873772791024,0.7827529021558872,19.0,Veronica.persica,0.3828275067230118,opth,4,False,mlp1,bce,msle
572,0.5378181818181819,0.015849740739870184,0.6,0.4709090909090909,0.9885496183206107,0.6379310344827587,15.0,Veronica.serpyllifolia,0.07090909090909081,opth,4,False,mlp1,bce,msle
573,0.7386911334279755,0.206895805356351,0.7543859649122807,0.5934065934065934,0.954983922829582,0.7319778188539742,114.0,Vicia.cracca,0.3477925583188741,opth,4,False,mlp1,bce,msle
574,0.864929593721145,0.25635458473095546,0.59375,0.830101569713758,0.9857456140350878,0.9012531328320802,32.0,Vicia.hirsuta,0.4238515697137579,opth,4,False,mlp1,bce,msle
575,0.8120201033086696,0.04328056559999903,0.6153846153846154,0.8103448275862069,0.9944320712694877,0.893,13.0,Vicia.onobrychioides,0.42572944297082227,opth,4,False,mlp1,bce,msle
576,0.7727958865984244,0.2922978528515359,0.5193798449612403,0.821501014198783,0.9288990825688074,0.8719052744886975,129.0,Vicia.sativa,0.3408808591600234,opth,4,False,mlp1,bce,msle
577,0.6688489465539817,0.04053501322020141,0.0967741935483871,0.8800738007380073,0.9714867617107943,0.9235237173281704,31.0,Vicia.sepium,-0.02315200571360554,opth,4,False,mlp1,bce,msle
578,0.929084380610413,0.0125,1.0,0.8078994614003591,1.0,0.8937437934458788,1.0,Vicia.tetrasperma,0.8078994614003592,opth,4,False,mlp1,bce,msle
579,0.7142857142857143,0.04274795389053759,0.5714285714285714,0.7620345140781108,0.9928994082840237,0.8622816032887975,14.0,Vincetoxicum.hirundinaria,0.33346308550668224,opth,4,False,mlp1,bce,msle
580,0.6374660633484163,0.01638843650580763,0.9,0.4443438914027149,0.9979674796747967,0.6149029430181591,10.0,Viola.arvensis,0.34434389140271504,opth,4,False,mlp1,bce,msle
581,0.5922592259225923,0.03957392664875298,0.25,0.900990099009901,0.9970119521912351,0.9465721040189126,4.0,Viola.biflora,0.1509900990099009,opth,4,False,mlp1,bce,msle
582,0.8532950832735676,0.17616669515836808,0.723404255319149,0.7752808988764045,0.9845422116527943,0.8674698795180723,47.0,Viola.calcarata,0.4986851541955535,opth,4,False,mlp1,bce,msle
583,0.7150635208711433,0.03716601103816824,0.38461538461538464,0.8711433756805808,0.9917355371900827,0.927536231884058,13.0,Viola.hirta,0.25575876029596545,opth,4,False,mlp1,bce,msle
584,0.5479616306954437,0.0038030201424355094,0.3333333333333333,0.6537769784172662,0.9972565157750343,0.7897881586094514,3.0,Viola.rupestris,-0.01288968824940051,opth,4,False,mlp1,bce,msle
585,0.8396282973621103,0.08955491049830672,1.0,0.4595323741007194,1.0,0.62969808995687,3.0,Vulpia.myuros,0.45953237410071934,opth,4,False,mlp1,bce,msle
586,0.4183123877917415,0.0015408320493066256,0.0,0.644524236983842,0.9986091794158554,0.7834151663938898,1.0,Athamanta.cretensis,-0.355475763016158,opth,4,False,mlp1,bce,msle
587,0.7556730273336771,0.01826645718236369,0.42857142857142855,0.779783393501805,0.9953917050691244,0.8744939271255061,7.0,Bupleurum.baldense,0.20835482207323364,opth,4,False,mlp1,bce,msle
588,0.49977334542157753,0.019430426265706235,0.3333333333333333,0.5702629193109701,0.9874411302982732,0.7229885057471265,12.0,Imperatoria.ostruthium,-0.09640374735569668,opth,4,False,mlp1,bce,msle
589,0.8403399506941742,0.04437001045484453,0.9285714285714286,0.6975476839237057,0.9986996098829649,0.8213903743315508,14.0,Laserpitium.gallicum,0.6261191124951342,opth,4,False,mlp1,bce,msle
590,0.9622980251346499,0.023255813953488372,1.0,0.8770197486535009,1.0,0.9344811095169775,1.0,Oenanthe.silaifolia,0.8770197486535007,opth,4,False,mlp1,bce,msle
591,0.9179185520361992,0.11041492027229846,0.9,0.7800904977375566,0.9988412514484357,0.8760162601626016,10.0,Seseli.galloprovinciale,0.6800904977375566,opth,4,False,mlp1,bce,msle
592,0.5471698113207547,0.0030625943950327236,1.0,0.3611859838274933,1.0,0.5306930693069307,2.0,Torilis.leptophylla,0.36118598382749334,opth,4,False,mlp1,bce,msle
593,0.9805155875299759,0.09957586273375746,1.0,0.9451438848920863,1.0,0.9717984281091078,3.0,Achillea.ptarmica,0.9451438848920863,opth,4,False,mlp1,bce,msle
594,0.8313513513513513,0.018549925878542265,0.8,0.6693693693693694,0.9986559139784946,0.8015102481121898,5.0,Artemisia.alba,0.46936936936936946,opth,4,False,mlp1,bce,msle
595,0.6825969341749324,0.011581522842104671,0.5,0.7844905320108205,0.9965635738831615,0.8779011099899092,6.0,Bombycilaena.erecta,0.28449053201082064,opth,4,False,mlp1,bce,msle
596,0.6915467625899281,0.014809598825992268,0.6666666666666666,0.3039568345323741,0.9970501474926253,0.4658855961405927,3.0,Cacalia.alliariae,-0.029376498800959272,opth,4,False,mlp1,bce,msle
597,0.7827027027027027,0.013430109809069765,0.8,0.6126126126126126,0.9985315712187959,0.7593523171412618,5.0,Cacalia.alpina,0.4126126126126126,opth,4,False,mlp1,bce,msle
598,0.42162162162162165,0.004394263253227707,0.6,0.409009009009009,0.9956140350877193,0.5798212005108557,5.0,Carduus.nigrescens,0.009009009009008917,opth,4,False,mlp1,bce,msle
599,0.7926711668273867,0.1503104626191406,0.7647058823529411,0.7158469945355191,0.9949367088607595,0.8326271186440678,17.0,Catananche.caerulea,0.4805528768884604,opth,4,False,mlp1,bce,msle
600,0.6695022624434389,0.03347853262956937,0.4,0.7719457013574661,0.9930151338766007,0.8686354378818737,10.0,Centaurea.alpestris,0.17194570135746612,opth,4,False,mlp1,bce,msle
601,0.6943812556869882,0.02342471523820619,0.4375,0.7179253867151957,0.9887218045112782,0.8318397469688983,16.0,Centaurea.paniculata,0.15542538671519557,opth,4,False,mlp1,bce,msle
602,0.7637503777576307,0.02861881224862605,0.8333333333333334,0.6029011786038078,0.9970014992503748,0.751412429378531,12.0,Centaurea.triumfetti,0.43623451193714113,opth,4,False,mlp1,bce,msle
603,0.8026733786227457,0.24613546150102272,0.7341772151898734,0.7567567567567568,0.9739130434782609,0.8517110266159695,79.0,Centaurea.uniflora,0.49093397194663035,opth,4,False,mlp1,bce,msle
604,0.6464864864864865,0.008537188681788817,0.4,0.709009009009009,0.9962025316455696,0.828421052631579,5.0,Cirsium.ferox,0.109009009009009,opth,4,False,mlp1,bce,msle
605,0.7248193315266487,0.03737427056814058,0.75,0.5320686540198736,0.9966159052453468,0.6937573616018846,8.0,Cirsium.morisianum,0.2820686540198736,opth,4,False,mlp1,bce,msle
606,0.854954954954955,0.01984348098709801,1.0,0.6432432432432432,1.0,0.7828947368421053,5.0,Cirsium.rivulare,0.6432432432432433,opth,4,False,mlp1,bce,msle
607,0.6713377449072272,0.021230717495496168,0.5,0.7148047229791099,0.9911838790931989,0.8306068601583113,14.0,Crepis.albida,0.2148047229791099,opth,4,False,mlp1,bce,msle
608,0.6778236650019209,0.027983716369448422,0.7894736842105263,0.5711678832116789,0.9936507936507937,0.7253765932792584,19.0,Crepis.nicaeensis,0.3606415674222052,opth,4,False,mlp1,bce,msle
609,0.6707243763149985,0.010434222780247417,0.3333333333333333,0.7529305680793508,0.9952324195470799,0.8572895277207392,6.0,Doronicum.grandiflorum,0.08626390141268403,opth,4,False,mlp1,bce,msle
610,0.7021548674974152,0.049543542774962104,0.5882352941176471,0.6623496762257169,0.9808219178082191,0.7907233572611817,34.0,Echinops.ritro,0.250584970343364,opth,4,False,mlp1,bce,msle
611,0.7254054054054053,0.027142283630138517,0.6,0.7396396396396396,0.9975698663426489,0.8494568028970512,5.0,Erigeron.atticus,0.3396396396396395,opth,4,False,mlp1,bce,msle
612,0.5536570743405276,0.004661139361215291,0.3333333333333333,0.7976618705035972,0.9977502812148481,0.8865567216391804,3.0,Filago.vulgaris,0.13099520383693042,opth,4,False,mlp1,bce,msle
613,0.5279279279279279,0.0056644102760888375,0.2,0.7657657657657657,0.9953161592505855,0.8655804480651731,5.0,Helichrysum.stoechas,-0.03423423423423433,opth,4,False,mlp1,bce,msle
614,0.9049760191846523,0.017843677549604402,0.6666666666666666,0.8947841726618705,0.998995983935743,0.9440227703984819,3.0,Hieracium.glanduliferum,0.5614508393285371,opth,4,False,mlp1,bce,msle
615,0.7509545296771954,0.10714414289888646,0.7906976744186046,0.6520522388059702,0.9872881355932204,0.7853932584269663,43.0,Pilosella.peleteriana,0.4427499132245747,opth,4,False,mlp1,bce,msle
616,0.7309005151120213,0.22376224953460216,0.6030534351145038,0.7134146341463414,0.9310344827586207,0.807825086306099,131.0,Pilosella.officinarum,0.31646806926084525,opth,4,False,mlp1,bce,msle
617,0.8458449181340747,0.24805734699387547,0.6388888888888888,0.8693234476367007,0.9863301787592008,0.9241379310344827,36.0,Hieracium.rionii,0.5082123365255895,opth,4,False,mlp1,bce,msle
618,0.8686242449016668,0.20649581932523833,0.6585365853658537,0.8752327746741154,0.9853249475890985,0.9270216962524654,41.0,Pilosella.corymbuloides,0.5337693600399691,opth,4,False,mlp1,bce,msle
619,0.81710407239819,0.02905093884505132,0.7,0.816289592760181,0.9966850828729282,0.8975124378109453,10.0,Inula.montana,0.5162895927601809,opth,4,False,mlp1,bce,msle
620,0.8734589520874194,0.40469044803058585,0.6626506024096386,0.8604651162790697,0.9694323144104804,0.9117043121149897,83.0,Leontodon.pyrenaicus,0.5231157186887083,opth,4,False,mlp1,bce,msle
621,0.8284319833852545,0.2211113135369251,0.8444444444444444,0.7224299065420561,0.9910256410256411,0.8356756756756757,45.0,Leucanthemum.adustum,0.5668743509865006,opth,4,False,mlp1,bce,msle
622,0.881447963800905,0.18770296948126738,0.6,0.881447963800905,0.9959100204498977,0.9351896303408546,10.0,Leucanthemum.atratum,0.48144796380090504,opth,4,False,mlp1,bce,msle
623,0.928018779342723,0.2746526325749153,0.7,0.9051643192488263,0.9846782431052093,0.9432485322896281,50.0,Omalotheca.supina,0.6051643192488263,opth,4,False,mlp1,bce,msle
624,0.7345013477088949,0.018439716312056736,1.0,0.46451033243486073,1.0,0.6343558282208589,2.0,Omalotheca.sylvatica,0.46451033243486073,opth,4,False,mlp1,bce,msle
625,0.8947841726618705,0.023943202391478253,0.3333333333333333,0.9442446043165468,0.9980988593155894,0.9704251386321626,3.0,Pulicaria.dysenterica,0.27757793764988015,opth,4,False,mlp1,bce,msle
626,0.7818018018018018,0.11042684682055288,0.8,0.6756756756756757,0.9986684420772304,0.8060182697474476,5.0,Scorzonera.hispanica,0.4756756756756757,opth,4,False,mlp1,bce,msle
627,0.9384546271338724,0.5071942446043165,0.5,0.9344115004492363,0.9990393852065321,0.9656453110492108,2.0,Senecio.aquaticus,0.43441150044923615,opth,4,False,mlp1,bce,msle
628,0.651378896882494,0.005204476573308466,0.0,0.9091726618705036,0.9970414201183432,0.9510818438381938,3.0,Senecio.vulgaris,-0.0908273381294964,opth,4,False,mlp1,bce,msle
629,0.9078590785907859,0.31408215514423193,0.875,0.8663053297199639,0.9989583333333333,0.9279148524431543,8.0,Serratula.lycopifolia,0.7413053297199639,opth,4,False,mlp1,bce,msle
630,0.6657681940700809,0.0039728682170542635,1.0,0.610062893081761,1.0,0.7578125,2.0,Serratula.nudicaulis,0.6100628930817611,opth,4,False,mlp1,bce,msle
631,0.800991204802457,0.0346032024022246,0.8461538461538461,0.631578947368421,0.997134670487106,0.7733333333333333,13.0,Sonchus.asper,0.47773279352226705,opth,4,False,mlp1,bce,msle
632,0.7308256880733944,0.06006889743300319,0.6,0.6844036697247706,0.9867724867724867,0.8082340195016251,25.0,Taraxacum.erythrospermum,0.2844036697247705,opth,4,False,mlp1,bce,msle
633,0.7248193315266486,0.04778773149620645,0.5,0.8500451671183379,0.9957671957671957,0.9171539961013645,8.0,Taraxacum.palustre,0.350045167118338,opth,4,False,mlp1,bce,msle
634,0.7408144796380091,0.02591546193899515,0.3,0.8950226244343892,0.9929718875502008,0.9414564493098525,10.0,Tolpis.staticifolia,0.1950226244343891,opth,4,False,mlp1,bce,msle
635,0.7030548068283917,0.004432910080838294,0.0,0.8526504941599281,0.9978969505783386,0.9195736434108527,2.0,Tragopogon.crocifolius,-0.1473495058400719,opth,4,False,mlp1,bce,msle
636,0.8448604233552811,0.14490505221670477,0.8823529411764706,0.6438482886216467,0.9942857142857143,0.7815833801235261,34.0,Cerinthe.minor,0.5262012297981173,opth,4,False,mlp1,bce,msle
637,0.7565256525652566,0.01169851115925526,1.0,0.34113411341134114,1.0,0.508724832214765,4.0,Cynoglossum.officinale,0.34113411341134103,opth,4,False,mlp1,bce,msle
638,0.32929020664869724,0.001976489983155933,0.0,0.5435759209344115,0.9967051070840197,0.7034883720930233,2.0,Lithospermum.arvense,-0.45642407906558846,opth,4,False,mlp1,bce,msle
639,0.7481884057971016,0.026751726536592153,0.8181818181818182,0.5688405797101449,0.9968253968253968,0.7243367935409458,11.0,Myosotis.decumbens,0.38702239789196313,opth,4,False,mlp1,bce,msle
640,0.8638412984670875,0.02590541390608595,0.6666666666666666,0.8827772768259693,0.9979612640163099,0.9368421052631579,6.0,Myosotis.discolor,0.5494439434926359,opth,4,False,mlp1,bce,msle
641,0.8264569365652399,0.18691378676273307,0.42857142857142855,0.8456678700361011,0.9957492029755579,0.9145924841386042,7.0,Pulmonaria.angustifolia,0.2742392986075297,opth,4,False,mlp1,bce,msle
642,0.6783468104222822,0.00406366805917643,1.0,0.5660377358490566,1.0,0.7228915662650602,2.0,Alyssum.alpestre,0.5660377358490565,opth,4,False,mlp1,bce,msle
643,0.7004899432697267,0.011457844240617455,0.2857142857142857,0.7924187725631769,0.9943374858437146,0.8819688598694123,7.0,Alyssum.montanum,0.07813305827746264,opth,4,False,mlp1,bce,msle
644,0.5960502692998204,0.0022172949002217295,0.0,0.8500897666068222,0.9989451476793249,0.918525703200776,1.0,Arabis.alpina,-0.14991023339317777,opth,4,False,mlp1,bce,msle
645,0.8050541516245487,0.03266579679830328,0.2857142857142857,0.8194945848375451,0.9945235487404163,0.8985650667986146,7.0,Arabis.auriculata,0.10520887055183081,opth,4,False,mlp1,bce,msle
646,0.826328004125838,0.02003056160303472,0.14285714285714285,0.9007220216606499,0.9940239043824701,0.9450757575757576,7.0,Cardamine.bellidifolia,0.04357916451779276,opth,4,False,mlp1,bce,msle
647,0.8653333333333333,0.06495831085063844,0.6,0.8709090909090909,0.9937759336099585,0.9282945736434108,15.0,Cardamine.resedifolia,0.4709090909090907,opth,4,False,mlp1,bce,msle
648,0.6842934293429344,0.010571885677846686,0.75,0.6372637263726373,0.998589562764457,0.778021978021978,4.0,Iberis.pinnata,0.3872637263726373,opth,4,False,mlp1,bce,msle
649,0.6401478624236581,0.029900423673148928,0.5294117647058824,0.6876138433515483,0.9895150720838795,0.8113917248790973,17.0,Kandis.perfoliata,0.21702560805743065,opth,4,False,mlp1,bce,msle
650,0.5754470564597146,0.06885789063626238,0.4444444444444444,0.5849909584086799,0.9923312883435583,0.7360637087599545,9.0,Noccaea.brachypetala,0.029435402853124293,opth,4,False,mlp1,bce,msle
651,0.8273381294964028,0.013320413436692507,1.0,0.6618705035971223,1.0,0.7965367965367965,3.0,Pritzelago.alpina,0.6618705035971222,opth,4,False,mlp1,bce,msle
652,0.6493693693693694,0.014228761969640139,0.6,0.5261261261261261,0.9965870307167235,0.6886792452830188,5.0,Sisymbrium.austriacum,0.12612612612612617,opth,4,False,mlp1,bce,msle
653,0.5033522434244455,0.007759829415959995,0.14285714285714285,0.7102888086642599,0.9924337957124842,0.8279852709100474,7.0,Campanula.alpestris,-0.14685404847859718,opth,4,False,mlp1,bce,msle
654,0.870163791696142,0.14194101873523213,0.47058823529411764,0.9047178538390379,0.9819277108433735,0.94174289841117,34.0,Phyteuma.globulariifolium,0.37530608913315566,opth,4,False,mlp1,bce,msle
655,0.8012964748741026,0.0837547231589423,0.6470588235294118,0.7577413479052824,0.9928400954653938,0.859504132231405,17.0,Phyteuma.michelii,0.40480017143469427,opth,4,False,mlp1,bce,msle
656,0.8980208408712642,0.27643792806162293,0.6346153846153846,0.9087488240827846,0.9807106598984772,0.943359375,52.0,Arenaria.gothica,0.5433642086981691,opth,4,False,mlp1,bce,msle
657,0.9159276018099547,0.16567115275319608,0.6,0.8941176470588236,0.9959677419354839,0.9422985216976634,10.0,Cerastium.cerastoides,0.49411764705882355,opth,4,False,mlp1,bce,msle
658,0.7903558535327487,0.018239876931552663,0.8571428571428571,0.6083032490974729,0.9985185185185185,0.7560291643297813,7.0,Dianthus.hyssopifolius,0.4654461062403299,opth,4,False,mlp1,bce,msle
659,0.8253331635684577,0.19870607527592005,0.6136363636363636,0.830999066293184,0.9812568908489526,0.8998988877654196,44.0,Dianthus.pavonius,0.44463542992954763,opth,4,False,mlp1,bce,msle
660,0.5947357846092023,0.011577347408088757,0.3333333333333333,0.593128390596745,0.9909365558912386,0.7420814479638009,9.0,Minuartia.hybrida,-0.0735382760699217,opth,4,False,mlp1,bce,msle
661,0.7117117117117118,0.010251828825126914,1.0,0.481981981981982,1.0,0.6504559270516718,5.0,Minuartia.rupestris,0.48198198198198194,opth,4,False,mlp1,bce,msle
662,0.9178981937602626,0.2002466182081504,0.7142857142857143,0.9058713886300093,0.9878048780487805,0.9450656295576082,42.0,Minuartia.sedoides,0.6201571029157236,opth,4,False,mlp1,bce,msle
663,0.9058302656452095,0.23812282756853367,0.7543859649122807,0.8638941398865785,0.9849137931034483,0.9204431017119838,57.0,Sagina.glabra,0.6182801047988593,opth,4,False,mlp1,bce,msle
664,0.8588818755635708,0.02383835280916081,0.3333333333333333,0.8981064021641119,0.996,0.9445234708392604,6.0,Sagina.saginoides,0.23143973549744512,opth,4,False,mlp1,bce,msle
665,0.6906067728736833,0.034805085588712564,0.8571428571428571,0.42687385740402195,0.9936170212765958,0.5971867007672634,21.0,Silene.italica,0.28401671454687905,opth,4,False,mlp1,bce,msle
666,0.7280413204062789,0.05765070763290621,0.78125,0.6214219759926131,0.9897058823529412,0.763471355643789,32.0,Silene.latifolia,0.4026719759926132,opth,4,False,mlp1,bce,msle
667,0.940754039497307,0.014925373134328358,0.0,0.9748653500897666,0.9990800367985281,0.9868241708314403,1.0,Silene.suecica,-0.025134649910233398,opth,4,False,mlp1,bce,msle
668,0.5287168651555897,0.026610189283155897,0.5263157894736842,0.5136861313868614,0.9842657342657343,0.6750599520383693,19.0,Chenopodium.bonus.henricus,0.04000192086054555,opth,4,False,mlp1,bce,msle
669,0.7281876403559843,0.056561908293895756,0.5454545454545454,0.7987191216834401,0.9886749716874292,0.8836032388663968,22.0,Helianthemum.apenninum,0.34417366713798536,opth,4,False,mlp1,bce,msle
670,0.746034218656697,0.24268006583766835,0.5405405405405406,0.777137367915466,0.9596678529062871,0.8588110403397028,74.0,Helianthemum.oelandicum,0.31767790845600663,opth,4,False,mlp1,bce,msle
671,,-0.0,0.0,0.7112107623318386,1.0,0.8312368972746331,0.0,Convolvulus.cantabricus,-0.28878923766816145,opth,4,False,mlp1,bce,msle
672,0.855818900030386,0.0913337749856614,0.7777777777777778,0.7666362807657247,0.9952662721893492,0.8661174047373842,18.0,Sedum.alpestre,0.5444140585435024,opth,4,False,mlp1,bce,msle
673,0.5973320158102766,0.01880103277436518,0.36363636363636365,0.7681159420289855,0.991812865497076,0.8657478305257784,11.0,Sedum.anacampseros,0.13175230566534912,opth,4,False,mlp1,bce,msle
674,0.6138590088359585,0.025636050277848328,0.42105263157894735,0.7582116788321168,0.9869358669833729,0.8575851393188855,19.0,Sedum.ochroleucum,0.17926431041106428,opth,4,False,mlp1,bce,msle
675,0.8592760180995476,0.2651447779076964,0.6,0.893212669683258,0.9959636730575177,0.941793893129771,10.0,Sedum.sediforme,0.49321266968325794,opth,4,False,mlp1,bce,msle
676,0.8528704538623384,0.01974813385447074,1.0,0.6582506762849414,1.0,0.7939097335508428,6.0,Sempervivum.calcareum,0.6582506762849414,opth,4,False,mlp1,bce,msle
677,0.8666067146282973,0.06430234174136613,0.3333333333333333,0.9019784172661871,0.9980099502487563,0.9475673122342938,3.0,Euphorbia.esula,0.23531175059952036,opth,4,False,mlp1,bce,msle
678,0.8367794486215538,0.2604363535196253,0.7450980392156863,0.7857142857142857,0.9846878680800942,0.8740198640878202,51.0,Anthyllis.montana,0.5308123249299719,opth,4,False,mlp1,bce,msle
679,0.8290424570912375,0.021545289802387495,0.625,0.8121047877145439,0.9966740576496674,0.8949726231956198,8.0,Argyrolobium.zanonii,0.437104787714544,opth,4,False,mlp1,bce,msle
680,0.8256610009442871,0.21878205021121808,0.48214285714285715,0.9102927289896129,0.9707955689828801,0.9395711500974658,56.0,Astragalus.danicus,0.39243558613247,opth,4,False,mlp1,bce,msle
681,0.8358562454947996,0.21381003342797236,0.6666666666666666,0.8480074142724745,0.9870550161812298,0.9122632103688934,36.0,Astragalus.sempervirens,0.514674080939141,opth,4,False,mlp1,bce,msle
682,0.7851035103510351,0.01104807936516309,0.75,0.6237623762376238,0.9985590778097982,0.7678670360110803,4.0,Astragalus.vesicarius,0.3737623762376239,opth,4,False,mlp1,bce,msle
683,0.6762589928057554,0.013476072648925246,0.3333333333333333,0.8066546762589928,0.9977753058954394,0.8920934858279463,3.0,Bituminaria.bituminosa,0.13998800959232605,opth,4,False,mlp1,bce,msle
684,0.8391089108910891,0.09546741827597369,0.75,0.7956795679567957,0.9988700564971752,0.8857715430861723,4.0,Dorycnium.pentaphyllum,0.5456795679567956,opth,4,False,mlp1,bce,msle
685,0.8509874326750448,0.005988023952095809,1.0,0.7863554757630161,1.0,0.8804020100502512,1.0,Genista.cinerea,0.786355475763016,opth,4,False,mlp1,bce,msle
686,0.9084158415841584,0.023155919028560536,1.0,0.6831683168316832,1.0,0.8117647058823529,4.0,Lathyrus.hirsutus,0.6831683168316833,opth,4,False,mlp1,bce,msle
687,0.8939355522773372,0.6112258669947065,0.8021390374331551,0.8329741379310345,0.9543209876543209,0.8895281933256617,187.0,Lotus.alpinus,0.6351131753641894,opth,4,False,mlp1,bce,msle
688,0.6342547948141005,0.024884617672577415,0.4117647058823529,0.6903460837887068,0.9869791666666666,0.812433011789925,17.0,Lotus.delortii,0.1021107896710598,opth,4,False,mlp1,bce,msle
689,0.9526378896882494,0.03535230352303523,1.0,0.8911870503597122,1.0,0.9424631478839752,3.0,Lotus.pedunculatus,0.8911870503597124,opth,4,False,mlp1,bce,msle
690,0.881508078994614,0.007518796992481203,1.0,0.7387791741472173,1.0,0.8497676819824471,1.0,Medicago.arabica,0.7387791741472172,opth,4,False,mlp1,bce,msle
691,0.7866786678667868,0.010829732155110199,0.5,0.711971197119712,0.9974779319041615,0.8308823529411765,4.0,Melilotus.neapolitanus,0.21197119711971202,opth,4,False,mlp1,bce,msle
692,0.6965837400309487,0.052895474081406074,0.3548387096774194,0.7998154981549815,0.9774520856820744,0.8797564687975646,31.0,Ononis.cristata,0.15465420783240091,opth,4,False,mlp1,bce,msle
693,0.8562228939413852,0.16446695747598392,0.39285714285714285,0.953081876724931,0.9838556505223172,0.9682242990654205,28.0,Oxytropis.lapponica,0.34593901958207396,opth,4,False,mlp1,bce,msle
694,0.721764623760994,0.03428614970170462,0.9230769230769231,0.5535390199637024,0.9983633387888707,0.7122008172796264,13.0,Trifolium.incarnatum,0.4766159430406254,opth,4,False,mlp1,bce,msle
695,0.8730015471892728,0.029893804701247532,0.7142857142857143,0.8203971119133574,0.9978046103183315,0.9004457652303121,7.0,Trifolium.pallescens,0.5346828261990717,opth,4,False,mlp1,bce,msle
696,0.74990990990991,0.012582643255394405,0.4,0.8405405405405405,0.9967948717948718,0.9120234604105572,5.0,Vicia.pannonica,0.24054054054054053,opth,4,False,mlp1,bce,msle
697,0.7312466402775741,0.07294146658268809,0.8421052631578947,0.4828226555246054,0.9885931558935361,0.6487835308796007,38.0,Vicia.tenuifolia,0.32492791868250004,opth,4,False,mlp1,bce,msle
698,0.8683462238398544,0.17519734169578144,0.8125,0.7343039126478617,0.9962962962962963,0.8454688318491357,16.0,Gentiana.angustifolia,0.5468039126478617,opth,4,False,mlp1,bce,msle
699,0.8754149208249442,0.1157032977416759,0.8529411764705882,0.7983348751156337,0.9942396313364056,0.8855823499230374,34.0,Gentiana.brachyphylla,0.6512760515862219,opth,4,False,mlp1,bce,msle
700,0.7108460846084608,0.008552313243581217,0.25,0.7929792979297929,0.996606334841629,0.8832080200501253,4.0,Gentiana.orbicularis,0.04297929792979294,opth,4,False,mlp1,bce,msle
701,0.7506775067750677,0.023872547927435653,0.375,0.8762420957542909,0.9948717948717949,0.9317963496637848,8.0,Gentiana.rostanii,0.2512420957542909,opth,4,False,mlp1,bce,msle
702,0.7762376905436396,0.15189160364947346,0.6785714285714286,0.7365439093484419,0.9774436090225563,0.840064620355412,56.0,Gentianella.campestris,0.41511533791987043,opth,4,False,mlp1,bce,msle
703,0.5610412926391383,0.0020408163265306124,0.0,0.8105924596050269,0.9988938053097345,0.8949454905847374,1.0,Gentianella.ciliata,-0.1894075403949731,opth,4,False,mlp1,bce,msle
704,0.6274685816876122,0.002403846153846154,0.0,0.8608617594254937,0.9989583333333333,0.9247830279652844,1.0,Gentianella.tenella,-0.1391382405745063,opth,4,False,mlp1,bce,msle
705,0.761904761904762,0.005467571644042232,1.0,0.6684636118598383,1.0,0.8012924071082391,2.0,Hypericum.tetrapterum,0.6684636118598384,opth,4,False,mlp1,bce,msle
706,0.5768437338834451,0.009333745113948095,0.14285714285714285,0.8366425992779783,0.9935691318327974,0.9083782459578638,7.0,Herniaria.incana,-0.020500257864878746,opth,4,False,mlp1,bce,msle
707,0.6166215810039074,0.007765856425336812,0.8333333333333334,0.46798917944093776,0.9980769230769231,0.6372007366482505,6.0,Calamintha.nepeta,0.30132251277427113,opth,4,False,mlp1,bce,msle
708,0.8544144144144143,0.02969921921341354,0.4,0.8666666666666667,0.9968911917098445,0.9272289156626506,5.0,Mentha.aquatica,0.2666666666666666,opth,4,False,mlp1,bce,msle
709,0.8605350165314096,0.047341650003634904,0.6666666666666666,0.8917944093778178,0.9979818365287588,0.9419047619047619,6.0,Mentha.longifolia,0.5584610760444844,opth,4,False,mlp1,bce,msle
710,0.605515587529976,0.004768698712790948,0.3333333333333333,0.5440647482014388,0.9967051070840197,0.7038976148923793,3.0,Nepeta.nepetella,-0.12260191846522783,opth,4,False,mlp1,bce,msle
711,0.7216471647164716,0.008477838168613099,0.5,0.81998199819982,0.9978094194961665,0.900197628458498,4.0,Prunella.hyssopifolia,0.31998199819982,opth,4,False,mlp1,bce,msle
712,0.6828537170263789,0.007250179179584733,0.3333333333333333,0.8687050359712231,0.9979338842975206,0.9288461538461539,3.0,Teucrium.polium,0.20203836930455643,opth,4,False,mlp1,bce,msle
713,0.7667118337850045,0.01727766632574789,0.875,0.5934959349593496,0.9984802431610942,0.7444759206798867,8.0,Linum.bienne,0.4684959349593496,opth,4,False,mlp1,bce,msle
714,0.7778849244615879,0.13443845194622922,0.5882352941176471,0.8169398907103825,0.9922566371681416,0.8961038961038961,17.0,Linum.suffruticosum,0.4051751848280296,opth,4,False,mlp1,bce,msle
715,0.7864724480578139,0.023229771073030543,0.125,0.9467028003613369,0.9933649289099526,0.969472710453284,8.0,Lythrum.salicaria,0.07170280036133692,opth,4,False,mlp1,bce,msle
716,0.7241224122412242,0.00809043656293438,0.75,0.6741674167416741,0.9986666666666667,0.8049435787211177,4.0,Althaea.hirsuta,0.42416741674167424,opth,4,False,mlp1,bce,msle
717,0.5789189189189189,0.007100015305761235,0.4,0.8297297297297297,0.9967532467532467,0.9056047197640118,5.0,Epilobium.parviflorum,0.22972972972972983,opth,4,False,mlp1,bce,msle
718,0.7173717371737174,0.010684963121693628,0.25,0.8370837083708371,0.9967845659163987,0.9099804305283757,4.0,Plantago.sempervirens,0.08708370837083712,opth,4,False,mlp1,bce,msle
719,0.9118785567784614,0.38563626846680304,0.8636363636363636,0.8303145853193518,0.9897727272727272,0.9030585795749093,66.0,Armeria.alpina,0.6939509489557154,opth,4,False,mlp1,bce,msle
720,0.7836684948202316,0.07956302650438428,0.6190476190476191,0.7349177330895795,0.9901477832512315,0.8436516264428122,21.0,Polygala.calcarea,0.3539653521371986,opth,4,False,mlp1,bce,msle
721,0.7102140283958467,0.11232642888721608,0.5,0.721763085399449,0.983729662077597,0.8326271186440678,26.0,Rumex.arifolius,0.221763085399449,opth,4,False,mlp1,bce,msle
722,0.8814016172506739,0.010914881297046902,1.0,0.7457322551662174,1.0,0.8543489449305198,2.0,Rumex.conglomeratus,0.7457322551662173,opth,4,False,mlp1,bce,msle
723,0.5774312581835497,0.0567835108261976,0.45161290322580644,0.5756457564575646,0.9734789391575663,0.7234782608695652,31.0,Rumex.nebroides,0.027258659683371045,opth,4,False,mlp1,bce,msle
724,0.6494326972666322,0.03268667864956565,0.2857142857142857,0.8935018050541517,0.9949748743718593,0.9415121255349501,7.0,Rumex.pseudalpinus,0.17921609076843747,opth,4,False,mlp1,bce,msle
725,0.8815068493150685,0.11073837854950934,0.75,0.8410958904109589,0.9946004319654428,0.9114299851558635,20.0,Androsace.adfinis,0.5910958904109589,opth,4,False,mlp1,bce,msle
726,0.8686656480774129,0.1680547092144983,0.8409090909090909,0.773109243697479,0.9916167664670659,0.8688352570828961,44.0,Androsace.vitaliana,0.61401833460657,opth,4,False,mlp1,bce,msle
727,0.7631674208144796,0.020452826730579545,0.9,0.4461538461538462,0.9979757085020243,0.616635397123202,10.0,Primula.vulgaris,0.34615384615384626,opth,4,False,mlp1,bce,msle
728,0.874954954954955,0.023467315876504594,1.0,0.3990990990990991,1.0,0.5705086928525435,5.0,Aconitum.anthora,0.399099099099099,opth,4,False,mlp1,bce,msle
729,0.8930593607305937,0.10037743728806697,0.85,0.7981735159817351,0.9965792474344356,0.8864097363083164,20.0,Anemone.baldensis,0.648173515981735,opth,4,False,mlp1,bce,msle
730,0.8981212121212121,0.10396954182750663,0.8666666666666667,0.7618181818181818,0.9976190476190476,0.8639175257731959,15.0,Anemone.narcissifolia,0.6284848484848484,opth,4,False,mlp1,bce,msle
731,0.7193969396939695,0.02292881295224216,0.5,0.8388838883888389,0.9978586723768736,0.9114914425427872,4.0,Caltha.palustris,0.338883888388839,opth,4,False,mlp1,bce,msle
732,0.6181393538341767,0.08067241625930839,0.5,0.6103542234332425,0.9896907216494846,0.755056179775281,14.0,Ranunculus.aduncus,0.11035422343324264,opth,4,False,mlp1,bce,msle
733,0.8107707509881423,0.04453326651572958,0.8181818181818182,0.6965579710144928,0.9974059662775616,0.8202666666666667,11.0,Ranunculus.carinthiacus,0.514739789196311,opth,4,False,mlp1,bce,msle
734,0.7626212847975119,0.22655168494981281,0.5955056179775281,0.7826510721247564,0.9570917759237187,0.8611260053619303,89.0,Ranunculus.sartorianus,0.37815669010228437,opth,4,False,mlp1,bce,msle
735,0.673611111111111,0.01344751949229747,0.375,0.8247515808491418,0.9945533769063181,0.9017283950617284,8.0,Reseda.phyteuma,0.19975158084914169,opth,4,False,mlp1,bce,msle
736,0.8934085895938757,0.07272965975460888,1.0,0.7293369663941871,1.0,0.8434873949579832,14.0,Alchemilla.fissa,0.7293369663941871,opth,4,False,mlp1,bce,msle
737,0.8176100628930818,0.1906817153182657,0.5471698113207547,0.8418079096045198,0.9738562091503268,0.9030303030303031,53.0,Alchemilla.flabellata,0.3889777209252745,opth,4,False,mlp1,bce,msle
738,0.7684845707302169,0.11276471958833457,0.8333333333333334,0.5261228230980751,0.9930795847750865,0.6878370281605752,24.0,Alchemilla.glabra,0.3594561564314085,opth,4,False,mlp1,bce,msle
739,0.8538348623853212,0.08331569084631722,0.8,0.7458715596330275,0.9938875305623472,0.8522012578616353,25.0,Alchemilla.glaucescens,0.5458715596330275,opth,4,False,mlp1,bce,msle
740,0.6513519706691109,0.03339658212985411,0.5416666666666666,0.7039413382218148,0.9858793324775353,0.8213903743315508,24.0,Alchemilla.monticola,0.24560800488848145,opth,4,False,mlp1,bce,msle
741,0.938034188034188,0.28336312201110164,0.75,0.9221501390176089,0.9910358565737052,0.9553528564570332,36.0,Alchemilla.pentaphyllea,0.6721501390176088,opth,4,False,mlp1,bce,msle
742,0.8891291690925726,0.1492203572363371,0.6818181818181818,0.8636779505946935,0.9926393270241851,0.923679060665362,22.0,Filipendula.ulmaria,0.5454961324128753,opth,4,False,mlp1,bce,msle
743,0.7954545454545455,0.010641247040130414,1.0,0.6687668766876688,1.0,0.8015102481121898,4.0,Potentilla.brauneana,0.6687668766876689,opth,4,False,mlp1,bce,msle
744,0.7607913669064749,0.03270142915919482,0.6666666666666666,0.5719424460431655,0.9984301412872841,0.7272727272727273,3.0,Potentilla.neglecta,0.23860911270983198,opth,4,False,mlp1,bce,msle
745,0.9280617495711835,0.30212924985561945,0.8,0.8754716981132076,0.9882854100106496,0.928464232116058,55.0,Sibbaldia.procumbens,0.6754716981132076,opth,4,False,mlp1,bce,msle
746,0.7652252252252252,0.010692153993404018,0.6,0.745945945945946,0.9975903614457832,0.8536082474226804,5.0,Galium.megalospermum,0.34594594594594597,opth,4,False,mlp1,bce,msle
747,0.7667238421955402,0.22817889583544626,0.6545454545454545,0.7424528301886792,0.9764267990074442,0.8435155412647374,55.0,Galium.obliquum,0.3969982847341338,opth,4,False,mlp1,bce,msle
748,0.7604982921438618,0.04636525756643256,0.5555555555555556,0.8806509945750453,0.9959100204498977,0.9347408829174664,9.0,Galium.palustre,0.43620655013060095,opth,4,False,mlp1,bce,msle
749,0.8893405600722675,0.035490171786577596,0.375,0.9114724480578139,0.995069033530572,0.9514380009429514,8.0,Galium.pseudohelveticum,0.2864724480578138,opth,4,False,mlp1,bce,msle
750,0.9540954095409541,0.06911593308652132,0.75,0.900990099009901,0.999001996007984,0.9474680548982489,4.0,Galium.uliginosum,0.6509900990099009,opth,4,False,mlp1,bce,msle
751,0.6498800959232613,0.009435786117569475,0.6666666666666666,0.5251798561151079,0.9982905982905983,0.6882734236888627,3.0,Salix.foetida,0.1918465227817745,opth,4,False,mlp1,bce,msle
752,0.5916892502258356,0.009402546634616739,0.0,0.8509485094850948,0.991578947368421,0.9158969372873116,8.0,Thesium.divaricatum,-0.14905149051490518,opth,4,False,mlp1,bce,msle
753,0.7862466124661247,0.019166201468619016,0.875,0.6747967479674797,0.9986631016042781,0.8053908355795149,8.0,Saxifraga.bryoides,0.5497967479674797,opth,4,False,mlp1,bce,msle
754,0.839710295475531,0.11384172238103099,0.59375,0.827331486611265,0.9856985698569857,0.8995983935742972,32.0,Saxifraga.exarata,0.4210814866112651,opth,4,False,mlp1,bce,msle
755,0.8503600360036004,0.04115889207632326,0.75,0.7317731773177317,0.9987714987714987,0.8446753246753247,4.0,Digitalis.grandiflora,0.4817731773177316,opth,4,False,mlp1,bce,msle
756,0.8656615661566157,0.04581726376888008,1.0,0.42754275427542754,1.0,0.5989911727616646,4.0,Euphrasia.officinalis,0.42754275427542754,opth,4,False,mlp1,bce,msle
757,0.5227272727272727,0.005826767305113172,0.25,0.846984698469847,0.996822033898305,0.9158150851581508,4.0,Linaria.simplex,0.09698469846984703,opth,4,False,mlp1,bce,msle
758,0.6744144144144144,0.007736002483298971,0.0,0.8882882882882883,0.9949545913218971,0.9386006663493575,5.0,Pedicularis.cenisia,-0.11171171171171168,opth,4,False,mlp1,bce,msle
759,0.7740522004191275,0.13840796277824363,0.41379310344827586,0.8885819521178637,0.9826883910386965,0.9332688588007737,29.0,Pedicularis.comosa,0.30237505556613953,opth,4,False,mlp1,bce,msle
760,0.8215258855585831,0.04125791017088461,0.6428571428571429,0.7747502270663034,0.9941724941724942,0.8708524757529351,14.0,Pedicularis.kerneri,0.4176073699234464,opth,4,False,mlp1,bce,msle
761,0.6643243243243244,0.0076344950138952745,0.2,0.8117117117117117,0.9955801104972376,0.8942928039702234,5.0,Pedicularis.rosea,0.011711711711711814,opth,4,False,mlp1,bce,msle
762,0.8388089495134327,0.06250894367680283,0.6818181818181818,0.7758462946020128,0.991812865497076,0.8706365503080082,22.0,Pedicularis.rostratospicata,0.4576644764201947,opth,4,False,mlp1,bce,msle
763,0.9436036036036036,0.10618531103364076,1.0,0.8504504504504504,1.0,0.9191820837390458,5.0,Verbascum.chaixii,0.8504504504504504,opth,4,False,mlp1,bce,msle
764,0.8725342660755684,0.23817556045486601,0.8695652173913043,0.775491113189897,0.9928143712574851,0.8707983193277311,46.0,Veronica.allionii,0.6450563305812014,opth,4,False,mlp1,bce,msle
765,0.8975233628255694,0.30227163902697324,0.6415094339622641,0.8860640301318268,0.9802083333333333,0.9307616221562809,53.0,Veronica.alpina,0.527573464094091,opth,4,False,mlp1,bce,msle
766,0.7229791099000908,0.046501579231198936,0.7142857142857143,0.6276112624886467,0.9942446043165467,0.7694877505567929,14.0,Veronica.austriaca,0.34189697677436115,opth,4,False,mlp1,bce,msle
767,0.7147580402765253,0.01073552428695146,0.16666666666666666,0.8656447249774571,0.9948186528497409,0.9257473481195757,6.0,Veronica.verna,0.03231139164412378,opth,4,False,mlp1,bce,msle
768,0.8547553934974172,0.0562500351640865,0.7777777777777778,0.7903372835004557,0.9954075774971297,0.8810975609756098,18.0,Valeriana.tuberosa,0.5681150612782335,opth,4,False,mlp1,bce,msle
769,0.7970191040843215,0.05262234595311019,0.7272727272727273,0.6539855072463768,0.9958620689655172,0.7895024603608529,11.0,Viola.saxatilis,0.381258234519104,opth,4,False,mlp1,bce,msle
770,0.7873537353735374,0.07677462305626863,0.5,0.7560756075607561,0.997624703087886,0.8602150537634409,4.0,Carex.acutiformis,0.256075607560756,opth,4,False,mlp1,bce,msle
771,0.9283573141486811,0.024301881246325693,1.0,0.8093525179856115,1.0,0.8946322067594433,3.0,Carex.bicolor,0.8093525179856114,opth,4,False,mlp1,bce,msle
772,0.7873537353735374,0.052589773614363775,0.5,0.8568856885688569,0.9979035639412998,0.9220338983050848,4.0,Carex.cuprina,0.35688568856885694,opth,4,False,mlp1,bce,msle
773,0.9736723672367237,0.09349376114081996,1.0,0.8667866786678667,1.0,0.9286403085824494,4.0,Carex.disticha,0.8667866786678666,opth,4,False,mlp1,bce,msle
774,0.8763953488372093,0.15452863735481148,0.85,0.8037209302325582,0.993103448275862,0.8884318766066838,40.0,Carex.foetida,0.6537209302325582,opth,4,False,mlp1,bce,msle
775,0.6672253739040742,0.015870222289492433,0.2857142857142857,0.7220216606498195,0.9937888198757764,0.836382645060115,7.0,Carex.frigida,0.0077359463641051285,opth,4,False,mlp1,bce,msle
776,0.9788858939802336,0.1467391304347826,1.0,0.9344115004492363,1.0,0.9660938225731538,2.0,Carex.melanostachya,0.9344115004492362,opth,4,False,mlp1,bce,msle
777,0.6674451797067601,0.07793995153193009,0.35714285714285715,0.9191643960036331,0.9911851126346719,0.9538171536286523,14.0,Carex.ovalis,0.2763072531464903,opth,4,False,mlp1,bce,msle
778,0.7718824940047962,0.013880186577554998,0.6666666666666666,0.8498201438848921,0.9989429175475687,0.9183673469387755,3.0,Carex.paniculata,0.5164868105515588,opth,4,False,mlp1,bce,msle
779,0.879312251216276,0.16606294169812993,0.7647058823529411,0.8101503759398496,0.9862700228832952,0.8895768833849329,51.0,Carex.parviflora,0.5748562582927907,opth,4,False,mlp1,bce,msle
780,0.7587758775877588,0.019581655215983575,0.25,0.8352835283528353,0.9967776584317938,0.9089128305582762,4.0,Carex.viridula,0.08528352835283526,opth,4,False,mlp1,bce,msle
781,0.44126912691269127,0.02541183189852951,0.25,0.7929792979297929,0.996606334841629,0.8832080200501253,4.0,Eleocharis.quinqueflora,0.04297929792979294,opth,4,False,mlp1,bce,msle
782,0.6384129846708747,0.014056378871468699,0.8333333333333334,0.5148782687105501,0.9982517482517482,0.6793575252825699,6.0,Eriophorum.polystachion,0.34821160204388346,opth,4,False,mlp1,bce,msle
783,0.8812747252747253,0.26448395910835915,0.7538461538461538,0.8314285714285714,0.9820022497187851,0.9004641567818463,65.0,Kobresia.myosuroides,0.5852747252747252,opth,4,False,mlp1,bce,msle
784,0.9587073608617595,0.02127659574468085,1.0,0.6732495511669659,1.0,0.8047210300429185,1.0,Schoenus.nigricans,0.673249551166966,opth,4,False,mlp1,bce,msle
785,0.8051305130513051,0.036920602314506376,0.75,0.819081908190819,0.9989023051591658,0.9000989119683481,4.0,Scirpoides.holoschoenus,0.5690819081908192,opth,4,False,mlp1,bce,msle
786,0.7423041474654377,0.059996025235048746,0.6666666666666666,0.7096774193548387,0.9871794871794872,0.8257372654155496,30.0,Muscari.neglectum,0.3763440860215055,opth,4,False,mlp1,bce,msle
787,0.8224838411819022,0.1106903502209521,0.625,0.8153277931671283,0.9865921787709497,0.8928210313447927,32.0,Crocus.vernus,0.44032779316712833,opth,4,False,mlp1,bce,msle
788,0.8625112511251125,0.05423719001305208,0.5,0.9477947794779478,0.9981042654028436,0.9722991689750693,4.0,Juncus.conglomeratus,0.44779477947794777,opth,4,False,mlp1,bce,msle
789,0.7697547683923706,0.02875461534146676,0.9285714285714286,0.5322434150772025,0.9982964224872232,0.6943127962085308,14.0,Luzula.alpinopilosa,0.460814843648631,opth,4,False,mlp1,bce,msle
790,0.8458356315499173,0.242863297797203,0.8918918918918919,0.7161410018552876,0.9948453608247423,0.8327939590075513,37.0,Luzula.nutans,0.6080328937471795,opth,4,False,mlp1,bce,msle
791,0.7413069544364508,0.0146699131372905,0.6666666666666666,0.7149280575539568,0.9987437185929648,0.8333333333333334,3.0,Gagea.fragifera,0.38159472422062346,opth,4,False,mlp1,bce,msle
792,0.8134563456345634,0.013395500261320232,0.75,0.7281728172817282,0.9987654320987654,0.8422696512233212,4.0,Tulipa.australis,0.47817281728172834,opth,4,False,mlp1,bce,msle
793,0.7735159817351598,0.04421948747502044,0.8,0.6109589041095891,0.9940564635958395,0.7567873303167421,20.0,Dactylorhiza.latifolia,0.41095890410958913,opth,4,False,mlp1,bce,msle
794,0.6721014492753623,0.017802385144069927,0.8181818181818182,0.5181159420289855,0.9965156794425087,0.6817640047675805,11.0,Ophrys.fuciflora,0.3362977602108037,opth,4,False,mlp1,bce,msle
795,0.7799279927992799,0.056227047805995176,0.75,0.558055805580558,0.998389694041868,0.7159353348729792,4.0,Orchis.purpurea,0.308055805580558,opth,4,False,mlp1,bce,msle
796,0.8303330333033304,0.013426622279204698,0.75,0.7515751575157515,0.9988038277511961,0.8577298407806883,4.0,Orchis.simia,0.5015751575157514,opth,4,False,mlp1,bce,msle
797,0.911852864617569,0.35315201008752917,0.7671232876712328,0.8656429942418427,0.9815016322089227,0.9199388067312596,73.0,Alopecurus.alpinus,0.6327662819130755,opth,4,False,mlp1,bce,msle
798,0.987917795844625,0.3163545296167248,1.0,0.9232158988256549,1.0,0.960075152653828,8.0,Alopecurus.rendlei,0.9232158988256549,opth,4,False,mlp1,bce,msle
799,0.7709955461565573,0.3810828551868232,0.8203883495145631,0.594059405940594,0.9358752166377816,0.7267833109017496,206.0,Avenula.pubescens,0.4144477554551571,opth,4,False,mlp1,bce,msle
800,0.8563884081125461,0.20514685986134976,0.5238095238095238,0.848089468779124,0.978494623655914,0.90863704443335,42.0,Avenula.versicolor,0.3718989925886478,opth,4,False,mlp1,bce,msle
801,0.7087766499531205,0.23448828090607793,0.8496732026143791,0.45634095634095634,0.9502164502164502,0.6165730337078652,153.0,Brachypodium.rupestre,0.30601415895533535,opth,4,False,mlp1,bce,msle
802,0.7289696969696969,0.028681237076937895,0.7333333333333333,0.6554545454545454,0.9944827586206897,0.7901369863013699,15.0,Bromus.commutatus,0.3887878787878787,opth,4,False,mlp1,bce,msle
803,0.9310303030303031,0.2077059948282612,0.9333333333333333,0.7636363636363637,0.9988109393579072,0.865533230293663,15.0,Bromus.racemosus,0.696969696969697,opth,4,False,mlp1,bce,msle
804,0.717948717948718,0.04225390753829539,0.8260869565217391,0.5347985347985348,0.9931972789115646,0.6952380952380952,23.0,Elytrigia.repens,0.3608854913202739,opth,4,False,mlp1,bce,msle
805,0.7228610855565778,0.06860220290773966,0.6071428571428571,0.7212511499540019,0.9861635220125786,0.8331562167906482,28.0,Festuca.cinerea,0.32839400709685895,opth,4,False,mlp1,bce,msle
806,0.6863786591123702,0.14779745739117406,0.4107142857142857,0.8215297450424929,0.9634551495016611,0.8868501529051988,56.0,Festuca.marginata,0.23224403075677857,opth,4,False,mlp1,bce,msle
807,0.8182136937396405,0.25738896044756265,0.8586956521739131,0.6529814271749755,0.9809104258443465,0.784037558685446,92.0,Festuca.pratensis,0.5116770793488885,opth,4,False,mlp1,bce,msle
808,0.6078875793291025,0.028064299865803576,0.4166666666666667,0.6699909338168631,0.9906166219839142,0.7993510005408329,12.0,Festuca.trichophylla,0.08665760048352977,opth,4,False,mlp1,bce,msle
809,0.7454710144927535,0.0226793067249833,0.7272727272727273,0.6032608695652174,0.9955156950672646,0.751269035532995,11.0,Gaudinia.fragilis,0.3305335968379448,opth,4,False,mlp1,bce,msle
810,0.8045125164690382,0.1234245364071194,0.9090909090909091,0.6829710144927537,0.9986754966887417,0.8111888111888111,11.0,Helictotrichon.parlatorei,0.5920619235836626,opth,4,False,mlp1,bce,msle
811,0.8927461563624468,0.38496288819808727,0.9166666666666666,0.7232580961727183,0.9892617449664429,0.8356009070294784,96.0,Helictotrichon.sedenense,0.6399247628393849,opth,4,False,mlp1,bce,msle
812,0.8190677114727747,0.032232146521424615,0.8888888888888888,0.6455696202531646,0.9986013986013986,0.7841845140032949,9.0,Helictotrichon.sempervirens,0.5344585091420533,opth,4,False,mlp1,bce,msle
813,0.5031446540880503,0.003094954095279404,0.5,0.40161725067385445,0.9977678571428571,0.572709801409353,2.0,Hordeum.murinum,-0.09838274932614555,opth,4,False,mlp1,bce,msle
814,0.8730087165614668,0.05212474673828984,0.8333333333333334,0.8169522091974752,0.9988974641675854,0.8988095238095238,6.0,Hordeum.secalinum,0.6502855425308085,opth,4,False,mlp1,bce,msle
815,0.5459873760144274,0.007521096844319529,0.16666666666666666,0.8151487826871056,0.9944994499449945,0.8959365708622399,6.0,Koeleria.cenisia,-0.018184550646227815,opth,4,False,mlp1,bce,msle
816,0.8208219178082192,0.14256358330910907,0.85,0.6027397260273972,0.995475113122172,0.7508532423208191,20.0,Molinia.caerulea,0.4527397260273971,opth,4,False,mlp1,bce,msle
817,0.6494222780744929,0.08282659339749557,0.7962962962962963,0.43732327992459946,0.9768421052631578,0.6041666666666666,54.0,Phleum.pratense,0.23361957622089569,opth,4,False,mlp1,bce,msle
818,0.8563790664780763,0.3133940298850486,0.8666666666666667,0.6831683168316832,0.9801136363636364,0.8051341890315052,105.0,Poa.trivialis,0.54983498349835,opth,4,False,mlp1,bce,msle
819,0.6263063063063063,0.006992841160683581,0.8,0.5297297297297298,0.99830220713073,0.6921718658034137,5.0,Vulpia.bromoides,0.3297297297297299,opth,4,False,mlp1,bce,msle
820,0.6710933470861269,0.01039165676341698,0.8571428571428571,0.47653429602888087,0.998109640831758,0.6450824679291387,7.0,Vulpia.ciliata,0.33367715317173796,opth,4,False,mlp1,bce,msle
821,0.8439823186658629,0.03930636434470873,0.5555555555555556,0.8173598553345389,0.9955947136563876,0.8977159880834161,9.0,Equisetum.variegatum,0.3729154108900945,opth,4,False,mlp1,bce,msle
822,0.9099030975186244,0.2627402750526902,0.7272727272727273,0.8641404805914972,0.9904661016949152,0.9230009871668312,33.0,Pachypleurum.mutellinoides,0.5914132078642245,opth,4,False,mlp1,bce,msle
823,0.7787387387387387,0.013130772204384075,1.0,0.5981981981981982,1.0,0.7485907553551296,5.0,Libanotis.pyrenaica,0.5981981981981983,opth,4,False,mlp1,bce,msle
824,0.834141274238227,0.22317191056057525,0.6875,0.7959372114496768,0.9885321100917431,0.881841432225064,32.0,Alchemilla.alpigena,0.4834372114496768,opth,4,False,mlp1,bce,msle
825,0.6947508027362836,0.03222067798618978,0.6923076923076923,0.6070780399274047,0.9940564635958395,0.7538028169014085,13.0,Anacamptis.morio,0.299385732235097,opth,4,False,mlp1,bce,msle
826,0.7834234234234234,0.012763607677954347,0.4,0.8162162162162162,0.9966996699669967,0.8974739970282318,5.0,Mutellina.adonidifolia,0.21621621621621623,opth,4,False,mlp1,bce,msle
827,0.8381231531789153,0.1478868112523359,0.6666666666666666,0.8066914498141264,0.985244040862656,0.8870720490546755,39.0,Avenula.pratensis,0.4733581164807932,opth,4,False,mlp1,bce,msle
828,0.7858348623853211,0.05619981818044575,0.56,0.808256880733945,0.9876681614349776,0.8890010090817356,25.0,Gymnadenia.nigra,0.368256880733945,opth,4,False,mlp1,bce,msle
829,0.40287769784172656,0.0029267011686859848,0.0,0.8183453237410072,0.9967141292442497,0.8987654320987655,3.0,Murbeckiella.pinnatifida,-0.1816546762589928,opth,4,False,mlp1,bce,msle
830,0.45693693693693693,0.004816204061424146,0.2,0.7234234234234235,0.9950433705080545,0.8377673448095984,5.0,Silene.conica,-0.07657657657657646,opth,4,False,mlp1,bce,msle
