,auc,prauc,sensitivity,specificity,precision,f1,support,species,tss,postprocess,fold,prr,archi,species_loss,func_loss
0,0.8241053064582478,0.029544168107291324,0.9090909090909091,0.746606334841629,0.9987893462469734,0.8544795442775763,11.0,Aceras.anthropophorum,0.6556972439325381,opth,1,False,mlp1,bce,msle
1,0.8778698588090853,0.1951353833150445,0.8,0.7817679558011049,0.9929824561403509,0.874806800618238,30.0,Achillea.collina,0.5817679558011051,opth,1,False,mlp1,bce,msle
2,0.767928121709126,0.4574970773923386,0.7854406130268199,0.624561403508772,0.9050847457627119,0.7391003460207612,261.0,Achillea.millefolium,0.410002016535592,opth,1,False,mlp1,bce,msle
3,0.9244318181818183,0.09453799710833813,1.0,0.7390909090909091,1.0,0.8499738630423419,16.0,Achillea.nana,0.7390909090909092,opth,1,False,mlp1,bce,msle
4,0.8863160078846353,0.3286037136107184,0.8666666666666667,0.6956115779645191,0.9920106524633822,0.8177826564215148,45.0,Achillea.roseo.alba,0.5622782446311858,opth,1,False,mlp1,bce,msle
5,0.9383992805755396,0.07528850073693123,0.75,0.8075539568345323,0.9988876529477196,0.8930880159124813,4.0,Achnatherum.calamagrostis,0.5575539568345325,opth,1,False,mlp1,bce,msle
6,0.8210317014896653,0.15286239748021802,0.7627118644067796,0.771050141911069,0.9831121833534379,0.8642629904559915,59.0,Acinos.alpinus,0.5337620063178488,opth,1,False,mlp1,bce,msle
7,0.8275772601476015,0.11132623751804153,0.78125,0.7361623616236163,0.991304347826087,0.8448914769719428,32.0,Acinos.arvensis,0.5174123616236161,opth,1,False,mlp1,bce,msle
8,0.9874439461883409,0.06666666666666667,1.0,0.7094170403587444,1.0,0.8300104931794333,1.0,Aconitum.lycoctonum,0.7094170403587445,opth,1,False,mlp1,bce,msle
9,0.683737646001797,0.006424376402306319,0.0,0.9308176100628931,0.9971126082771896,0.9628252788104089,3.0,Cacalia.leucophylla,-0.0691823899371069,opth,1,False,mlp1,bce,msle
10,0.9210762331838565,0.011235955056179775,1.0,0.8008968609865471,1.0,0.8894422310756972,1.0,Aegopodium.podagraria,0.8008968609865472,opth,1,False,mlp1,bce,msle
11,0.8687732342007435,0.16837437480962794,0.9,0.7323420074349443,0.9949494949494949,0.8436830835117773,40.0,Agrimonia.eupatoria,0.6323420074349442,opth,1,False,mlp1,bce,msle
12,0.849801880195789,0.20277403217029732,0.6557377049180327,0.8132701421800947,0.9761092150170648,0.8872802481902792,61.0,Agrostis.alpina,0.4690078470981276,opth,1,False,mlp1,bce,msle
13,0.7849095254353021,0.2539086970133598,0.7227722772277227,0.6640394088669951,0.9601139601139601,0.7850902737332557,101.0,Agrostis.capillaris,0.3868116860947177,opth,1,False,mlp1,bce,msle
14,0.8565053884149079,0.19033549220280926,0.6764705882352942,0.833969465648855,0.9754464285714286,0.8991769547325102,68.0,Agrostis.rupestris,0.5104400538841491,opth,1,False,mlp1,bce,msle
15,0.8411121148248519,0.08302082403200796,0.5555555555555556,0.8075880758807588,0.9955456570155902,0.8917705735660848,9.0,Agrostis.agrostiflora,0.36314363143631434,opth,1,False,mlp1,bce,msle
16,0.8228030504566817,0.271722364754552,0.6428571428571429,0.7998137802607076,0.982837528604119,0.8819301848049281,42.0,Agrostis.stolonifera,0.4426709231178505,opth,1,False,mlp1,bce,msle
17,0.8879746835443039,0.09866441335159055,0.7,0.8580470162748643,0.9968487394957983,0.9222546161321672,10.0,Ajuga.chamaepitys,0.5580470162748643,opth,1,False,mlp1,bce,msle
18,0.8050184714292568,0.06755475164258154,0.8421052631578947,0.7256153144940748,0.9962453066332916,0.8396624472573839,19.0,Ajuga.genevensis,0.5677205776519694,opth,1,False,mlp1,bce,msle
19,0.7772151898734178,0.023757898945870624,0.3,0.8544303797468354,0.9926470588235294,0.9183673469387755,10.0,Ajuga.pyramidalis,0.15443037974683538,opth,1,False,mlp1,bce,msle
20,0.8870581064607883,0.210820689376872,0.8260869565217391,0.8046728971962617,0.9907940161104718,0.8880866425992779,46.0,Ajuga.reptans,0.6307598537180008,opth,1,False,mlp1,bce,msle
21,0.7885243269282235,0.10745875775748434,0.6470588235294118,0.8125568698817106,0.9933259176863182,0.8938938938938938,17.0,Alchemilla.alpina,0.4596156934111224,opth,1,False,mlp1,bce,msle
22,0.7499575983717774,0.1874986360140464,0.6136363636363636,0.7779850746268657,0.9800235017626322,0.8673946957878315,44.0,Alchemilla.xanthochlora,0.3916214382632295,opth,1,False,mlp1,bce,msle
23,0.7496737930342265,0.023090716537901047,0.6666666666666666,0.8473351400180669,0.9968119022316685,0.916015625,9.0,Allium.lusitanicum,0.5140018066847336,opth,1,False,mlp1,bce,msle
24,0.7684529215864366,0.08966968764351797,0.5333333333333333,0.7829246139872843,0.9919447640966629,0.8751269035532995,15.0,Allium.oleraceum,0.31625794732061774,opth,1,False,mlp1,bce,msle
25,0.7371590909090908,0.13029761014483923,0.625,0.7554545454545455,0.992831541218638,0.8580278781621063,16.0,Allium.schoenoprasum,0.3804545454545454,opth,1,False,mlp1,bce,msle
26,0.7180918091809181,0.017777134637475312,0.4,0.8352835283528353,0.9967776584317938,0.9089128305582762,5.0,Allium.scorodoprasum,0.23528352835283517,opth,1,False,mlp1,bce,msle
27,0.7831718674731039,0.04354240290270589,0.47058823529411764,0.8607825295723385,0.9905759162303664,0.9211295034079844,17.0,Allium.sphaerocephalon,0.3313707648664561,opth,1,False,mlp1,bce,msle
28,0.7553555355535554,0.013592799762738472,0.8,0.693969396939694,0.9987046632124352,0.8189060010621348,5.0,Allium.vineale,0.4939693969396939,opth,1,False,mlp1,bce,msle
29,0.9298819255222526,0.23578799324560956,0.8666666666666667,0.7148047229791099,0.9974651457541192,0.8328042328042328,15.0,Alopecurus.pratensis,0.5814713896457766,opth,1,False,mlp1,bce,msle
30,0.8353624535315985,0.14902353530880402,0.725,0.7964684014869888,0.9873271889400922,0.8816872427983539,40.0,Alyssum.alyssoides,0.5214684014869888,opth,1,False,mlp1,bce,msle
31,0.7993576232058617,0.060700792201386314,0.5555555555555556,0.8617886178861789,0.9958246346555324,0.9239709443099273,9.0,Anacamptis.pyramidalis,0.41734417344173447,opth,1,False,mlp1,bce,msle
32,0.8752840909090909,0.08898495713504757,0.6875,0.7963636363636364,0.9943246311010215,0.8844018172640081,16.0,Androsace.obtusifolia,0.4838636363636364,opth,1,False,mlp1,bce,msle
33,0.7320143884892086,0.012371432120650205,0.25,0.8651079136690647,0.9968911917098445,0.9263360616273472,4.0,Angelica.sylvestris,0.1151079136690647,opth,1,False,mlp1,bce,msle
34,0.8571979580260919,0.16332660681790334,0.7317073170731707,0.7851162790697674,0.9871345029239766,0.8746113989637305,41.0,Antennaria.carpatica,0.5168235961429382,opth,1,False,mlp1,bce,msle
35,0.8378477350682958,0.2041608956168501,0.810126582278481,0.7454194792671167,0.9809644670050761,0.8471232876712329,79.0,Antennaria.dioica,0.5555460615455976,opth,1,False,mlp1,bce,msle
36,0.7865523465703972,0.026055656201826954,0.375,0.8772563176895307,0.9948822927328557,0.9323741007194245,8.0,Anthemis.arvensis,0.2522563176895307,opth,1,False,mlp1,bce,msle
37,0.7636136832509716,0.11054190475420658,0.631578947368421,0.7447584320875114,0.991504854368932,0.8505986465382613,19.0,Anthericum.liliago,0.3763373794559324,opth,1,False,mlp1,bce,msle
38,0.6270911766392111,0.4121029823908869,0.6298507462686567,0.5544174135723432,0.77737881508079,0.6472346786248132,335.0,Anthoxanthum.odoratum,0.18426815984099987,opth,1,False,mlp1,bce,msle
39,0.887444225879192,0.1897879684704559,0.7894736842105263,0.813126709206928,0.9955357142857143,0.8951329653788259,19.0,Anthriscus.sylvestris,0.6026003934174544,opth,1,False,mlp1,bce,msle
40,0.6976572705896015,0.29146816746174475,0.5297297297297298,0.7293233082706767,0.8864229765013055,0.8002357100766058,185.0,Anthyllis.vulneraria,0.2590530380004066,opth,1,False,mlp1,bce,msle
41,0.8940754039497307,0.014030131826741996,1.0,0.6068222621184919,1.0,0.7553072625698324,2.0,Aphanes.arvensis,0.606822262118492,opth,1,False,mlp1,bce,msle
42,0.6624775583482944,0.003859930384043214,0.0,0.9254937163375224,0.9980638915779284,0.96040987424313,2.0,Aquilegia.vulgaris,-0.07450628366247758,opth,1,False,mlp1,bce,msle
43,0.816711590296496,0.01878549335041972,0.6666666666666666,0.8652291105121294,0.9989626556016598,0.9272989889263361,3.0,Arabidopsis.thaliana,0.531895777178796,opth,1,False,mlp1,bce,msle
44,0.824202626641651,0.17069164233482345,0.54,0.851782363977486,0.9752953813104189,0.9093640460691037,50.0,Arabis.ciliata,0.391782363977486,opth,1,False,mlp1,bce,msle
45,0.7056834940442427,0.06261952880944963,0.5121951219512195,0.706046511627907,0.9743260590500642,0.8187702265372169,41.0,Arabis.hirsuta,0.2182416335791264,opth,1,False,mlp1,bce,msle
46,0.7752524020874993,0.24397586788421083,0.5742574257425742,0.7507389162561576,0.9465838509316771,0.8373626373626374,101.0,Arenaria.serpyllifolia,0.32499634199873184,opth,1,False,mlp1,bce,msle
47,0.654226618705036,0.007250943715978522,0.25,0.8039568345323741,0.9966555183946488,0.8899950223992036,4.0,Armeria.arenaria,0.05395683453237421,opth,1,False,mlp1,bce,msle
48,0.8393680811808117,0.12036285638341811,0.6875,0.8071955719557196,0.9887005649717514,0.8887760284408329,32.0,Arnica.montana,0.49469557195571956,opth,1,False,mlp1,bce,msle
49,0.8674705710469193,0.5090184021435862,0.8490566037735849,0.7809734513274337,0.9566395663956639,0.8599269183922046,212.0,Arrhenatherum.elatius,0.6300300551010185,opth,1,False,mlp1,bce,msle
50,0.7464897591137447,0.020141823555211234,0.42857142857142855,0.7511271415689811,0.995221027479092,0.8561151079136691,7.0,Artemisia.absinthium,0.17969857014040969,opth,1,False,mlp1,bce,msle
51,0.9092448835568102,0.25738364390593127,0.7692307692307693,0.865137614678899,0.9936775553213909,0.9249632172633644,26.0,Artemisia.campestris,0.6343683839096683,opth,1,False,mlp1,bce,msle
52,0.5533632286995516,0.002004008016032064,0.0,0.8717488789237668,0.998972250770812,0.9310344827586207,1.0,Artemisia.vulgaris,-0.12825112107623315,opth,1,False,mlp1,bce,msle
53,0.8283126647788301,0.14029880470162392,0.7105263157894737,0.8228200371057514,0.987750556792873,0.8977732793522267,38.0,Asperula.cynanchica,0.5333463528952249,opth,1,False,mlp1,bce,msle
54,0.9176954732510287,0.0783551437280659,0.8888888888888888,0.7940379403794038,0.9988636363636364,0.8847508807247106,9.0,Asphodelus.albus,0.6829268292682926,opth,1,False,mlp1,bce,msle
55,0.8603516523980483,0.2750720359398649,0.6274509803921569,0.8488262910798122,0.9794149512459371,0.9094567404426559,51.0,Aster.alpinus,0.47627727147196897,opth,1,False,mlp1,bce,msle
56,0.8506843065693431,0.1727506700637992,0.7,0.8166058394160584,0.9933407325194229,0.8963445167751627,20.0,Aster.bellidiastrum,0.5166058394160582,opth,1,False,mlp1,bce,msle
57,0.4811490125673249,0.0025436561634125912,0.0,0.8366247755834829,0.9978586723768736,0.91015625,2.0,Aster.linosyris,-0.16337522441651708,opth,1,False,mlp1,bce,msle
58,0.8924690895466466,0.07735222142179607,0.5882352941176471,0.8971792538671519,0.9929506545820745,0.9426386233269598,17.0,Astragalus.alpinus,0.4854145479847989,opth,1,False,mlp1,bce,msle
59,0.8601377657981432,0.01431650348627756,1.0,0.7044025157232704,1.0,0.8265682656826568,3.0,Astragalus.depressus,0.7044025157232703,opth,1,False,mlp1,bce,msle
60,0.855625,0.06627834922478001,0.5625,0.8654545454545455,0.9927007299270073,0.924720738222438,16.0,Astragalus.monspessulanus,0.4279545454545455,opth,1,False,mlp1,bce,msle
61,0.9821022727272727,0.5504805192578553,1.0,0.8872727272727273,1.0,0.9402697495183044,16.0,Astragalus.onobrychis,0.8872727272727272,opth,1,False,mlp1,bce,msle
62,0.8011380652890085,0.06118815557412048,0.6666666666666666,0.7825696316262354,0.9988532110091743,0.8775818639798488,3.0,Astragalus.penduliflorus,0.4492362982929019,opth,1,False,mlp1,bce,msle
63,0.8956705999667608,0.14116447077452285,0.9545454545454546,0.7102376599634369,0.9987146529562982,0.8301282051282052,22.0,Astrantia.major,0.6647831145088916,opth,1,False,mlp1,bce,msle
64,0.8554757630161579,0.0326585179526356,0.5,0.8402154398563735,0.9989327641408752,0.9127254997562165,2.0,Astrantia.minor,0.3402154398563735,opth,1,False,mlp1,bce,msle
65,0.7599028364860471,0.09310862585770457,0.5918367346938775,0.7347703842549204,0.9751243781094527,0.8380545163014431,49.0,Deschampsia.flexuosa,0.326607118948798,opth,1,False,mlp1,bce,msle
66,0.7827064728505313,0.15949280146270378,0.5517241379310345,0.7967863894139886,0.9700805523590333,0.8749351323300467,58.0,Bartsia.alpina,0.3485105273450231,opth,1,False,mlp1,bce,msle
67,0.879451223476885,0.23145155542392695,0.9302325581395349,0.727865796831314,0.9961734693877551,0.8411416262789445,43.0,Bellis.perennis,0.658098354970849,opth,1,False,mlp1,bce,msle
68,0.8426614481409002,0.12531183736427837,0.7142857142857143,0.8374429223744292,0.9934994582881906,0.908820614469772,21.0,Biscutella.laevigata,0.5517286366601435,opth,1,False,mlp1,bce,msle
69,0.8870423693953104,0.06199145527995677,0.45454545454545453,0.8959276018099548,0.9939759036144579,0.9424083769633508,11.0,Blackstonia.perfoliata,0.35047305635540926,opth,1,False,mlp1,bce,msle
70,0.7109913147648996,0.006957761827516175,0.3333333333333333,0.7951482479784366,0.9977452085682075,0.885,3.0,Blysmus.compressus,0.1284815813117699,opth,1,False,mlp1,bce,msle
71,0.8326401446654611,0.05104778078064909,0.3,0.9376130198915009,0.9932950191570882,0.9646511627906976,10.0,Bothriochloa.ischaemum,0.23761301989150097,opth,1,False,mlp1,bce,msle
72,0.8012095790859873,0.2252153881783595,0.5544554455445545,0.81871921182266,0.9486301369863014,0.878900052882073,101.0,Botrychium.lunaria,0.37317465736721456,opth,1,False,mlp1,bce,msle
73,0.8052064631956912,0.006798245614035088,0.5,0.8025134649910234,0.9988826815642458,0.8899950223992036,2.0,Brachypodium.sylvaticum,0.3025134649910233,opth,1,False,mlp1,bce,msle
74,0.7413591894794902,0.3151220519918365,0.6216216216216216,0.706766917293233,0.9038461538461539,0.7932489451476793,185.0,Briza.media,0.32838853891485464,opth,1,False,mlp1,bce,msle
75,0.8991084437660445,0.7777070167755822,0.7980295566502463,0.8352112676056338,0.8785185185185185,0.8563176895306859,406.0,Bromus.erectus,0.6332408242558802,opth,1,False,mlp1,bce,msle
76,0.8564058736694895,0.25309413881108067,0.8360655737704918,0.7440758293838863,0.9874213836477987,0.8486486486486486,61.0,Bromus.hordeaceus,0.5801414031543781,opth,1,False,mlp1,bce,msle
77,0.696588868940754,0.004308053309868192,0.5,0.7028725314183124,0.9987244897959183,0.8250790305584826,2.0,Bromus.squarrosus,0.2028725314183124,opth,1,False,mlp1,bce,msle
78,0.8491055224267565,0.05565943851399518,0.7142857142857143,0.7468239564428312,0.9951632406287787,0.8532918610679109,14.0,Bromus.sterilis,0.4611096707285456,opth,1,False,mlp1,bce,msle
79,0.8402679376529693,0.041979873978647816,0.2857142857142857,0.9125338142470695,0.9950835791543756,0.9520225776105362,7.0,Bromus.tectorum,0.19824809996135517,opth,1,False,mlp1,bce,msle
80,0.879005690326445,0.05523527962552353,0.6666666666666666,0.7097933513027853,0.9987357774968394,0.8298319327731093,3.0,Bunias.orientalis,0.37646001796945194,opth,1,False,mlp1,bce,msle
81,0.8803296826644003,0.3573392338617257,0.7627118644067796,0.8420056764427626,0.9845132743362832,0.9077001529831719,59.0,Bunium.bulbocastanum,0.6047175408495422,opth,1,False,mlp1,bce,msle
82,0.8233273056057866,0.036314901139282145,0.9,0.6039783001808319,0.9985052316890882,0.7526760563380281,10.0,Buphthalmum.salicifolium,0.5039783001808318,opth,1,False,mlp1,bce,msle
83,0.8042028498776567,0.09823282628245111,0.631578947368421,0.8432087511394712,0.9924892703862661,0.9117792015771315,19.0,Bupleurum.falcatum,0.47478769850789226,opth,1,False,mlp1,bce,msle
84,0.78606210303458,0.11835653701127893,0.5,0.771559633027523,0.9847775175644028,0.8652263374485597,26.0,Bupleurum.ranunculoides,0.27155963302752295,opth,1,False,mlp1,bce,msle
85,0.8684448462929476,0.2829411928349512,0.8,0.7649186256781193,0.9976415094339622,0.8659160696008188,10.0,Calamagrostis.varia,0.5649186256781193,opth,1,False,mlp1,bce,msle
86,0.5379946043165468,0.004803976339722434,0.0,0.9244604316546763,0.9961240310077519,0.9589552238805971,4.0,Calluna.vulgaris,-0.07553956834532372,opth,1,False,mlp1,bce,msle
87,0.9045468232460102,0.22265664613976774,0.5555555555555556,0.960252935862692,0.9962511715089035,0.9779208831646734,9.0,Calystegia.sepium,0.5158084914182477,opth,1,False,mlp1,bce,msle
88,0.8133633633633632,0.017192249730073134,0.8333333333333334,0.7657657657657657,0.9988249118683902,0.8669046404895462,6.0,Campanula.barbata,0.599099099099099,opth,1,False,mlp1,bce,msle
89,0.7392673327278232,0.033500270456491385,0.6,0.6494096276112625,0.9916782246879334,0.7848518111964874,15.0,Campanula.cochleariifolia,0.2494096276112625,opth,1,False,mlp1,bce,msle
90,0.8388658749884931,0.18284891090122465,0.803921568627451,0.7136150234741784,0.987012987012987,0.8283378746594006,51.0,Campanula.glomerata,0.5175365921016293,opth,1,False,mlp1,bce,msle
91,0.7655545536519386,0.15915481920458951,0.5714285714285714,0.8755635707844905,0.9969199178644764,0.9323091694671147,7.0,Campanula.rapunculoides,0.44699214221306205,opth,1,False,mlp1,bce,msle
92,0.8424678047319556,0.02694379627228992,1.0,0.6118598382749326,1.0,0.7591973244147158,3.0,Campanula.rapunculus,0.6118598382749325,opth,1,False,mlp1,bce,msle
93,0.8745163140998254,0.46493470733283604,0.8354430379746836,0.7974927675988428,0.9845238095238096,0.8811933937133724,79.0,Campanula.rhomboidalis,0.6329358055735264,opth,1,False,mlp1,bce,msle
94,0.6649832957812136,0.13599502633956467,0.6557377049180327,0.5497630331753555,0.9650582362728786,0.7004830917874396,61.0,Campanula.rotundifolia,0.2055007380933882,opth,1,False,mlp1,bce,msle
95,0.8713362512702324,0.4260574661954059,0.7388535031847133,0.8425443169968717,0.9517078916372202,0.8938053097345132,157.0,Campanula.scheuchzeri,0.581397820181585,opth,1,False,mlp1,bce,msle
96,0.7994599459945995,0.019044470340839628,0.6,0.8082808280828083,0.9977777777777778,0.8930880159124813,5.0,Campanula.thyrsoides,0.4082808280828083,opth,1,False,mlp1,bce,msle
97,0.6873217526575058,0.0329227242936672,0.5714285714285714,0.5680580762250453,0.990506329113924,0.7220299884659747,14.0,Capsella.bursa.pastoris,0.13948664765361674,opth,1,False,mlp1,bce,msle
98,0.9738738738738738,0.12564007629797103,1.0,0.8828828828828829,1.0,0.937799043062201,6.0,Cardamine.pratensis,0.8828828828828827,opth,1,False,mlp1,bce,msle
99,0.8423960772833724,0.38117352765701323,0.75,0.7807377049180327,0.9560853199498118,0.8595600676818951,140.0,Carduus.defloratus,0.5307377049180326,opth,1,False,mlp1,bce,msle
100,0.7141314131413141,0.01124880062820476,0.8,0.5535553555355536,0.9983766233766234,0.7122177185871453,5.0,Carduus.nutans,0.3535553555355535,opth,1,False,mlp1,bce,msle
101,0.7108185931715344,0.019110459053179353,0.5454545454545454,0.7348416289592761,0.9938800489596084,0.8449531737773153,11.0,Carex.atrata,0.2802961744138215,opth,1,False,mlp1,bce,msle
102,0.8664481484064439,0.07400924023935491,0.38461538461538464,0.9501359927470535,0.9924242424242424,0.9708198239925891,13.0,Carex.capillaris,0.3347513773624382,opth,1,False,mlp1,bce,msle
103,0.7551622744959321,0.21438406800336005,0.6022727272727273,0.7937743190661478,0.9588719153936546,0.8685470995210218,88.0,Carex.caryophyllea,0.3960470463388752,opth,1,False,mlp1,bce,msle
104,0.8745288172630429,0.23817223127215048,0.7428571428571429,0.8097514340344169,0.9791907514450867,0.8864468864468864,70.0,Carex.curvula,0.5526085768915596,opth,1,False,mlp1,bce,msle
105,0.5462210177657332,0.021632580597114513,0.2222222222222222,0.8473351400180669,0.9925925925925926,0.9142300194931774,9.0,Carex.davalliana,0.06955736224028897,opth,1,False,mlp1,bce,msle
106,0.7917418772563176,0.040101467655756305,0.5,0.8366425992779783,0.9957035445757251,0.9092692496321726,8.0,Carex.distans,0.33664259927797824,opth,1,False,mlp1,bce,msle
107,0.8267267267267266,0.027339514722162173,0.6666666666666666,0.8117117117117117,0.9977851605758582,0.8951813214108296,6.0,Carex.divulsa,0.4783783783783784,opth,1,False,mlp1,bce,msle
108,0.8711780575539568,0.031945156642980976,1.0,0.7095323741007195,1.0,0.8300894266175697,4.0,Carex.ericetorum,0.7095323741007196,opth,1,False,mlp1,bce,msle
109,0.8599370503597124,0.02479025847825166,0.75,0.7275179856115108,0.9987654320987654,0.841831425598335,4.0,Carex.ferruginea,0.4775179856115108,opth,1,False,mlp1,bce,msle
110,0.7151574803149606,0.16250906606670137,0.47,0.7303149606299213,0.9333333333333333,0.819436775262286,100.0,Carex.flacca,0.20031496062992127,opth,1,False,mlp1,bce,msle
111,0.8742541152263374,0.13339214450940035,0.75,0.8518518518518519,0.9903121636167922,0.9158785465405674,36.0,Carex.halleriana,0.6018518518518519,opth,1,False,mlp1,bce,msle
112,0.8779816513761468,0.1906937126740954,0.8461538461538461,0.7477064220183486,0.9951159951159951,0.8538501833420639,26.0,Carex.hirta,0.5938602681721947,opth,1,False,mlp1,bce,msle
113,0.9031390134529148,0.009174311926605505,1.0,0.6358744394618834,1.0,0.7774122807017544,1.0,Carex.hostiana,0.6358744394618834,opth,1,False,mlp1,bce,msle
114,0.8349855567226891,0.20386959417536488,0.5,0.8740808823529411,0.9854922279792746,0.9264490988796883,28.0,Carex.humilis,0.3740808823529411,opth,1,False,mlp1,bce,msle
115,0.7757319488304877,0.11298689146713187,0.6470588235294118,0.8462238398544131,0.9935897435897436,0.914004914004914,17.0,Carex.liparocarpos,0.493282663383825,opth,1,False,mlp1,bce,msle
116,0.8045112781954887,0.04319171822283183,0.7142857142857143,0.7114337568058077,0.9949238578680203,0.8296296296296296,14.0,Carex.montana,0.425719471091522,opth,1,False,mlp1,bce,msle
117,0.8236692977130136,0.05173106535837062,0.9444444444444444,0.639344262295082,0.9985775248933144,0.7795669072737368,18.0,Carex.spicata,0.5837887067395264,opth,1,False,mlp1,bce,msle
118,0.7551249799282771,0.09504370190148043,0.5294117647058824,0.8080072793448589,0.9910714285714286,0.8902255639097745,17.0,Carex.nigra,0.3374190440507414,opth,1,False,mlp1,bce,msle
119,0.8219541111653532,0.1396687841500868,0.6153846153846154,0.8259292837715322,0.9945414847161572,0.9024269440316989,13.0,Carex.ornithopoda,0.4413138991561476,opth,1,False,mlp1,bce,msle
120,0.759911673190806,0.04597152392923873,0.4444444444444444,0.8708220415537489,0.9948400412796697,0.928709055876686,9.0,Carex.pallescens,0.3152664859981933,opth,1,False,mlp1,bce,msle
121,0.8066605279312462,0.159436761614056,0.5666666666666667,0.7532228360957642,0.9843561973525873,0.8534167970787689,30.0,Carex.panicea,0.3198895027624309,opth,1,False,mlp1,bce,msle
122,0.8340867992766727,0.12990301777317276,0.4,0.8833634719710669,0.9938962360122076,0.935375777884155,10.0,Carex.rupestris,0.2833634719710669,opth,1,False,mlp1,bce,msle
123,0.8230576680856492,0.413556463811786,0.748792270531401,0.7128712871287128,0.9257142857142857,0.805469235550031,207.0,Carex.sempervirens,0.4616635576601138,opth,1,False,mlp1,bce,msle
124,0.9007386363636365,0.08137236221841662,0.875,0.7554545454545455,0.9975990396158463,0.85980341438179,16.0,Carex.tomentosa,0.6304545454545454,opth,1,False,mlp1,bce,msle
125,0.8261086158906882,0.3571372961801287,0.6875,0.8066801619433198,0.9522102747909199,0.8734246575342466,128.0,Carlina.acaulis,0.4941801619433197,opth,1,False,mlp1,bce,msle
126,0.8769695378151261,0.21642985911003548,0.5714285714285714,0.8961397058823529,0.9878419452887538,0.9397590361445783,28.0,Carlina.vulgaris,0.46756827731092443,opth,1,False,mlp1,bce,msle
127,0.845900261364084,0.3010343123068564,0.7945205479452054,0.7679769894534996,0.9816176470588235,0.8617536309844002,73.0,Carum.carvi,0.5624975373987051,opth,1,False,mlp1,bce,msle
128,0.8218706404565631,0.3529266090338339,0.9759036144578314,0.5221052631578947,0.992,0.6841379310344827,166.0,Centaurea.jacea,0.4980088776157261,opth,1,False,mlp1,bce,msle
129,0.9170209603092018,0.36664169419929893,0.8387096774193549,0.8506912442396314,0.9946120689655172,0.9170392449080974,31.0,Centaurea.montana,0.6894009216589863,opth,1,False,mlp1,bce,msle
130,0.8502774615822426,0.377399864163834,0.9017857142857143,0.648406374501992,0.9833836858006042,0.7815126050420168,112.0,Centaurea.scabiosa,0.5501920887877063,opth,1,False,mlp1,bce,msle
131,0.8077043870841103,0.45729040541928323,0.7347826086956522,0.7257336343115124,0.9133522727272727,0.8088050314465409,230.0,Cerastium.arvense,0.46051624300716454,opth,1,False,mlp1,bce,msle
132,0.8531365607223835,0.1815759754383136,0.6956521739130435,0.7740164684354987,0.9917936694021102,0.869475847893114,23.0,Cerastium.brachypetalum,0.4696686423485421,opth,1,False,mlp1,bce,msle
133,0.8247895193868691,0.34177247486343887,0.7777777777777778,0.7268093781855249,0.9596231493943472,0.8271461716937355,135.0,Cerastium.fontanum,0.5045871559633026,opth,1,False,mlp1,bce,msle
134,0.883424408014572,0.19043848628383883,0.6666666666666666,0.9107468123861566,0.9940357852882704,0.9505703422053232,18.0,Cerastium.glomeratum,0.5774134790528231,opth,1,False,mlp1,bce,msle
135,0.8281906512605042,0.1181929525494248,0.6785714285714286,0.7766544117647058,0.9894613583138173,0.870236869207003,28.0,Cerastium.pumilum,0.45522584033613445,opth,1,False,mlp1,bce,msle
136,0.810251798561151,0.011526113976242197,0.5,0.8327338129496403,0.9978448275862069,0.907843137254902,4.0,Cerastium.semidecandrum,0.3327338129496402,opth,1,False,mlp1,bce,msle
137,0.9163748020918293,0.2328879318280936,0.8947368421052632,0.7976298997265269,0.9977194982896237,0.8865248226950354,19.0,Chaerophyllum.aureum,0.69236674183179,opth,1,False,mlp1,bce,msle
138,0.933996383363472,0.12684147757198283,1.0,0.7323688969258589,1.0,0.8455114822546973,10.0,Chaerophyllum.hirsutum,0.732368896925859,opth,1,False,mlp1,bce,msle
139,0.8857402361489555,0.20944945225027584,0.6666666666666666,0.9373297002724795,0.9951783992285439,0.9653882132834425,15.0,Chaerophyllum.villarsii,0.6039963669391462,opth,1,False,mlp1,bce,msle
140,0.6328241988619348,0.004751327143199524,0.0,0.7637017070979335,0.9964830011723329,0.8646998982706002,3.0,Chenopodium.album,-0.2362982929020665,opth,1,False,mlp1,bce,msle
141,0.7203237410071943,0.013363950909575848,0.25,0.8893884892086331,0.9969758064516129,0.9401140684410646,4.0,Chondrilla.juncea,0.139388489208633,opth,1,False,mlp1,bce,msle
142,0.7200720072007201,0.010349987564758818,0.8,0.540954095409541,0.9983388704318937,0.7016929363689434,5.0,Cichorium.intybus,0.34095409540954114,opth,1,False,mlp1,bce,msle
143,0.6955990351112302,0.17904888372814826,0.3076923076923077,0.8439024390243902,0.9321120689655172,0.8858166922683052,91.0,Cirsium.acaule,0.15159474671669804,opth,1,False,mlp1,bce,msle
144,0.7801426125403671,0.09695553808734095,0.7209302325581395,0.7166821994408201,0.9846350832266325,0.8295577130528586,43.0,Cirsium.arvense,0.4376124319989596,opth,1,False,mlp1,bce,msle
145,0.7780042270531401,0.066755086453404,0.3333333333333333,0.8994565217391305,0.9920079920079921,0.9434679334916865,12.0,Cirsium.eriophorum,0.23278985507246386,opth,1,False,mlp1,bce,msle
146,0.9418849744052996,0.14861413209366425,0.4444444444444444,0.952122854561879,0.9952785646836638,0.9732225300092336,9.0,Cirsium.palustre,0.39656729900632337,opth,1,False,mlp1,bce,msle
147,0.7794525600115453,0.12524958337630504,0.559322033898305,0.8013245033112583,0.9702176403207331,0.877720207253886,59.0,Cirsium.spinosissimum,0.3606465372095633,opth,1,False,mlp1,bce,msle
148,0.7360356280193237,0.030960233208183925,0.6666666666666666,0.5760869565217391,0.99375,0.7293577981651376,12.0,Cirsium.tuberosum,0.24275362318840576,opth,1,False,mlp1,bce,msle
149,0.774488969844161,0.050660324221488216,0.3333333333333333,0.8943533697632058,0.9879275653923542,0.9388145315487572,18.0,Cirsium.vulgare,0.22768670309653904,opth,1,False,mlp1,bce,msle
150,0.7028156221616713,0.036119354588690464,0.6666666666666666,0.5395095367847411,0.991652754590985,0.6988235294117647,15.0,Clinopodium.vulgare,0.20617620345140786,opth,1,False,mlp1,bce,msle
151,0.8248935916305342,0.07743826863354755,0.5217391304347826,0.8316559926806953,0.9880434782608696,0.9031296572280179,23.0,Coeloglossum.viride,0.35339512311547794,opth,1,False,mlp1,bce,msle
152,0.836334765552027,0.3030856081710537,0.7547169811320755,0.7792079207920792,0.968019680196802,0.8634119583104772,106.0,Colchicum.autumnale,0.5339249019241548,opth,1,False,mlp1,bce,msle
153,0.8286142676767677,0.22621147219983584,0.9,0.6515151515151515,0.9913544668587896,0.7862857142857143,60.0,Convolvulus.arvensis,0.5515151515151515,opth,1,False,mlp1,bce,msle
154,0.8574640287769785,0.01479558596068416,1.0,0.6600719424460432,1.0,0.7952329360780065,4.0,Conyza.canadensis,0.6600719424460433,opth,1,False,mlp1,bce,msle
155,0.8692480507466631,0.20699269944300933,0.5142857142857142,0.9148936170212766,0.9831013916500994,0.9477719214183038,35.0,Coronilla.minima,0.4291793313069907,opth,1,False,mlp1,bce,msle
156,0.7874321880650994,0.048843555934281795,0.4,0.8164556962025317,0.9933993399339934,0.8962779156327544,10.0,Crepis.aurea,0.2164556962025317,opth,1,False,mlp1,bce,msle
157,0.8751160885004097,0.2419500394587102,0.8142857142857143,0.7829827915869981,0.984375,0.8722044728434505,70.0,Crepis.biennis,0.5972685058727123,opth,1,False,mlp1,bce,msle
158,0.935463094164627,0.11269599437594298,0.8571428571428571,0.8431018935978359,0.9989316239316239,0.9144254278728606,7.0,Crepis.bocconi,0.700244750740693,opth,1,False,mlp1,bce,msle
159,0.8793339416058394,0.11311909178342248,0.9,0.7937956204379562,0.9977064220183486,0.8841463414634146,20.0,Crepis.conyzifolia,0.6937956204379563,opth,1,False,mlp1,bce,msle
160,0.8188192474442006,0.0703652126114921,0.5882352941176471,0.7979981801637852,0.9920814479638009,0.8845184064548663,17.0,Crepis.foetida,0.3862334742814322,opth,1,False,mlp1,bce,msle
161,0.8508535489667565,0.027016069585729028,0.6666666666666666,0.8742138364779874,0.9989733059548255,0.9324389075227599,3.0,Crepis.mollis,0.540880503144654,opth,1,False,mlp1,bce,msle
162,0.8978504389948532,0.14343461056780202,0.8666666666666667,0.8228882833787466,0.9977973568281938,0.9019412643106023,15.0,Crepis.pyrenaica,0.6895549500454132,opth,1,False,mlp1,bce,msle
163,0.8532601419199357,0.2526565125603629,0.6938775510204082,0.7825679475164011,0.9823529411764705,0.8711528429838289,49.0,Crepis.vesicaria,0.4764454985368092,opth,1,False,mlp1,bce,msle
164,0.8352800239592691,0.011722481655805342,0.3333333333333333,0.9137466307277629,0.9980372914622179,0.9540337711069419,3.0,Cruciata.glabra,0.2470799640610961,opth,1,False,mlp1,bce,msle
165,0.835307057745188,0.1340502827182117,0.76,0.7369385884509624,0.9925925925925926,0.8458705944239874,25.0,Cruciata.laevipes,0.4969385884509623,opth,1,False,mlp1,bce,msle
166,0.8333118639701146,0.024724136408982366,0.8571428571428571,0.6952209197475203,0.9987046632124352,0.8197767145135566,7.0,Cruciata.pedemontana,0.5523637768903775,opth,1,False,mlp1,bce,msle
167,0.7674174174174174,0.018460705763763748,0.8333333333333334,0.5648648648648649,0.9984076433121019,0.7215189873417721,6.0,Cuscuta.epithymum,0.39819819819819813,opth,1,False,mlp1,bce,msle
168,0.870709537376204,0.23715190872162947,0.8095238095238095,0.7350427350427351,0.9847328244274809,0.8417618270799347,63.0,Cynosurus.cristatus,0.5445665445665446,opth,1,False,mlp1,bce,msle
169,0.8496683198523084,0.6357581264247701,0.8260869565217391,0.7229219143576826,0.9111111111111111,0.8061797752808989,322.0,Dactylis.glomerata,0.5490088708794216,opth,1,False,mlp1,bce,msle
170,0.8375224416517055,0.008925805452292442,1.0,0.5368043087971275,1.0,0.6985981308411215,2.0,Dactylorhiza.maculata,0.5368043087971275,opth,1,False,mlp1,bce,msle
171,0.7261301989150091,0.026047373227252625,0.6,0.5895117540687161,0.9939024390243902,0.7400681044267877,10.0,Dactylorhiza.majalis,0.18951175406871612,opth,1,False,mlp1,bce,msle
172,0.4394618834080718,0.001597444089456869,0.0,0.9381165919282511,0.9990448901623686,0.967622571692877,1.0,Danthonia.decumbens,-0.06188340807174886,opth,1,False,mlp1,bce,msle
173,0.8391197691197692,0.18753872911528024,0.9090909090909091,0.679047619047619,0.9916550764951322,0.8061051441492368,66.0,Daucus.carota,0.5881385281385281,opth,1,False,mlp1,bce,msle
174,0.7448529645021097,0.13580752770140958,0.5172413793103449,0.766329346826127,0.9834710743801653,0.8614270941054809,29.0,Deschampsia.cespitosa,0.28357072613647194,opth,1,False,mlp1,bce,msle
175,0.6843000461254612,0.04725121761894457,0.40625,0.705719557195572,0.9757653061224489,0.8190578158458244,32.0,Dianthus.carthusianorum,0.11196955719557211,opth,1,False,mlp1,bce,msle
176,0.6554602888086642,0.015174932479045111,0.75,0.4648014440433213,0.9961315280464217,0.6338461538461538,8.0,Dianthus.deltoides,0.21480144404332124,opth,1,False,mlp1,bce,msle
177,0.794165456555192,0.21621105826309817,0.4883720930232558,0.869524697110904,0.9769633507853404,0.9201183431952663,43.0,Dianthus.sylvestris,0.35789679013415965,opth,1,False,mlp1,bce,msle
178,0.7283266778307356,0.01684136859370644,0.42857142857142855,0.8647430117222723,0.995846313603323,0.9256756756756757,7.0,Dipsacus.fullonum,0.2933144402937009,opth,1,False,mlp1,bce,msle
179,0.8440104037241356,0.16284094465717847,0.8245614035087719,0.7318224740321058,0.9872611464968153,0.8405639913232104,57.0,Draba.aizoides,0.5563838775408776,opth,1,False,mlp1,bce,msle
180,0.6815315315315316,0.009298799486692868,0.0,0.8846846846846846,0.9939271255060729,0.9361296472831268,6.0,Draba.siliquosa,-0.11531531531531536,opth,1,False,mlp1,bce,msle
181,0.837023432983029,0.17231642464484279,0.5555555555555556,0.8209366391184573,0.9867549668874173,0.8962406015037594,27.0,Dryas.octopetala,0.37649219467401274,opth,1,False,mlp1,bce,msle
182,0.43995208146151543,0.0573301049836821,0.3333333333333333,0.8733153638814016,0.997946611909651,0.9314805941542884,3.0,Dryopteris.filix.mas,0.206648697214735,opth,1,False,mlp1,bce,msle
183,0.8077932098765432,0.11002973849297928,0.8055555555555556,0.675,0.9904891304347826,0.802863436123348,36.0,Echium.vulgare,0.4805555555555556,opth,1,False,mlp1,bce,msle
184,0.8125187181790955,0.03191271992085,0.6666666666666666,0.8409703504043127,0.9989327641408752,0.9131707317073171,3.0,Epilobium.angustifolium,0.5076370170709792,opth,1,False,mlp1,bce,msle
185,0.463677130044843,0.001669449081803005,0.0,0.7461883408071749,0.9987995198079231,0.8542094455852156,1.0,Epipactis.palustris,-0.2538116591928251,opth,1,False,mlp1,bce,msle
186,0.7709682599154312,0.0428555182147399,0.7058823529411765,0.6496815286624203,0.9930458970792768,0.7854785478547854,17.0,Equisetum.arvense,0.35556388160359687,opth,1,False,mlp1,bce,msle
187,0.6386706170294989,0.009739547703904904,0.2857142857142857,0.8232642019837692,0.9945533769063181,0.900838677849038,7.0,Equisetum.palustre,0.10897848769805485,opth,1,False,mlp1,bce,msle
188,0.8008093525179856,0.01904013860111335,0.0,0.9829136690647482,0.9963536918869644,0.9895880488909009,4.0,Equisetum.telmateia,-0.017086330935251803,opth,1,False,mlp1,bce,msle
189,0.7244165170556554,0.004748413658453768,0.0,0.8895870736086176,0.9979859013091642,0.9406739439962032,2.0,Erigeron.acer,-0.11041292639138245,opth,1,False,mlp1,bce,msle
190,0.8146533454435363,0.1134725702193481,0.8,0.7484105358764759,0.9963724304715841,0.8547717842323651,15.0,Erigeron.alpinus,0.5484105358764759,opth,1,False,mlp1,bce,msle
191,0.8480545027107422,0.1445957058371893,0.7894736842105263,0.7064721969006381,0.9948652118100129,0.826226012793177,19.0,Erigeron.annuus,0.49594588111116433,opth,1,False,mlp1,bce,msle
192,0.858275619793235,0.04850175093715699,0.3333333333333333,0.931345980126468,0.9942140790742526,0.9617537313432836,9.0,Erigeron.glabratus,0.26467931345980134,opth,1,False,mlp1,bce,msle
193,0.875,0.030209924327329846,0.75,0.8249097472924187,0.9978165938864629,0.9031620553359684,8.0,Erigeron.neglectus,0.5749097472924187,opth,1,False,mlp1,bce,msle
194,0.9019051128112876,0.3370199748168328,0.8837209302325582,0.7707362534948742,0.9939903846153846,0.8682414698162729,43.0,Erigeron.uniflorus,0.6544571837274322,opth,1,False,mlp1,bce,msle
195,0.8853790613718411,0.047402536058287294,0.625,0.8853790613718412,0.9969512195121951,0.9378585086042065,8.0,Erodium.cicutarium,0.5103790613718413,opth,1,False,mlp1,bce,msle
196,0.8066000605510143,0.04767256081029328,0.2,0.9128065395095368,0.9882005899705014,0.9490084985835694,15.0,Erophila.verna,0.11280653950953679,opth,1,False,mlp1,bce,msle
197,0.8724905303030303,0.3494960486731794,0.7666666666666667,0.8551136363636364,0.9847328244274809,0.9153573238722758,60.0,Eryngium.campestre,0.6217803030303031,opth,1,False,mlp1,bce,msle
198,0.8573819652695447,0.12936247655902114,0.7692307692307693,0.7669990933816863,0.9964664310954063,0.8668032786885246,13.0,Erysimum.rhaeticum,0.5362298626124555,opth,1,False,mlp1,bce,msle
199,0.9296312949640287,0.037930391454827544,0.75,0.8965827338129496,0.998997995991984,0.9450236966824644,4.0,Erysimum.virgatum,0.6465827338129495,opth,1,False,mlp1,bce,msle
200,0.7601078167115902,0.008448650854745967,0.0,0.9568733153638814,0.9971910112359551,0.9766162310866575,3.0,Eupatorium.cannabinum,-0.04312668463611857,opth,1,False,mlp1,bce,msle
201,0.7684690129713143,0.3260664254777308,0.6878980891719745,0.7111574556830031,0.93296853625171,0.8071005917159764,157.0,Euphorbia.cyparissias,0.39905554485497774,opth,1,False,mlp1,bce,msle
202,0.7735411567692903,0.03307221693325602,0.42857142857142855,0.8322813345356177,0.9956850053937433,0.906679764243615,7.0,Euphorbia.dulcis,0.2608527631070463,opth,1,False,mlp1,bce,msle
203,0.6378147482014389,0.005928727473334814,0.0,0.939748201438849,0.996186844613918,0.967144840351689,4.0,Euphorbia.helioscopia,-0.06025179856115104,opth,1,False,mlp1,bce,msle
204,0.9791291291291291,0.24681052496586478,0.8333333333333334,0.9558558558558559,0.9990583804143126,0.9769797421731123,6.0,Euphorbia.seguieriana,0.7891891891891891,opth,1,False,mlp1,bce,msle
205,0.8081714995122815,0.11650032652531257,0.8095238095238095,0.7346368715083799,0.9899623588456713,0.843399251737039,42.0,Euphorbia.brittingeri,0.5441606810321895,opth,1,False,mlp1,bce,msle
206,0.918799558365954,0.08304986954753171,0.8888888888888888,0.8112014453477868,0.9988876529477196,0.8953140578265204,9.0,Euphrasia.alpina,0.7000903342366755,opth,1,False,mlp1,bce,msle
207,0.8644394374951441,0.21406089409173293,0.9016393442622951,0.7497630331753554,0.9924717691342535,0.8542116630669546,61.0,Euphrasia.minima,0.6514023774376505,opth,1,False,mlp1,bce,msle
208,0.8205393062955312,0.16588788972252014,0.5882352941176471,0.8123844731977818,0.9843225083986562,0.890126582278481,34.0,Euphrasia.salisburgensis,0.4006197673154288,opth,1,False,mlp1,bce,msle
209,0.7466307277628033,0.0069020590692417325,0.3333333333333333,0.7583108715184187,0.9976359338061466,0.8616641143440531,3.0,Euphrasia.stricta,0.09164420485175206,opth,1,False,mlp1,bce,msle
210,0.8877115308022192,0.40854325488538534,0.9158878504672897,0.7165510406342914,0.9877049180327869,0.8305571510626077,107.0,Festuca.arundinacea,0.632438891101581,opth,1,False,mlp1,bce,msle
211,0.9198105368123651,0.2579092611286051,0.5909090909090909,0.9524680073126143,0.9914367269267365,0.9715617715617716,22.0,Festuca.ovina,0.5433770982217052,opth,1,False,mlp1,bce,msle
212,0.8740340909090909,0.0655019231567868,1.0,0.6972727272727273,1.0,0.8216389930369576,16.0,Festuca.halleri,0.6972727272727273,opth,1,False,mlp1,bce,msle
213,0.7982774594242186,0.37676772399908476,0.6622516556291391,0.7689119170984456,0.935687263556116,0.8441410693970421,151.0,Festuca.laevigata,0.43116357272758465,opth,1,False,mlp1,bce,msle
214,0.790895061728395,0.3411846352271767,0.7430555555555556,0.7417695473251029,0.9511873350923483,0.8335260115606936,144.0,Festuca.nigrescens,0.4848251028806585,opth,1,False,mlp1,bce,msle
215,0.8623254219861194,0.3193962924665008,0.7636363636363637,0.8030160226201697,0.9849710982658959,0.8847352024922118,55.0,Festuca.paniculata,0.5666523862565334,opth,1,False,mlp1,bce,msle
216,0.8874990288244891,0.24188361952257456,0.8524590163934426,0.785781990521327,0.9892601431980907,0.8758584257791865,61.0,Festuca.quadriflora,0.6382410069147695,opth,1,False,mlp1,bce,msle
217,0.6707968290702104,0.2134881569053294,0.6013986013986014,0.6279547790339157,0.9146706586826348,0.7446678854357099,143.0,Festuca.rubra,0.22935338043251718,opth,1,False,mlp1,bce,msle
218,0.9299892597159791,0.2367734151620135,0.8695652173913043,0.8673376029277219,0.9968454258675079,0.9275929549902152,23.0,Festuca.valesiaca,0.7369028203190262,opth,1,False,mlp1,bce,msle
219,0.8449511356191308,0.3731531504926735,0.7368421052631579,0.7624481327800829,0.9483870967741935,0.8453133985048878,152.0,Festuca.violacea,0.4992902380432409,opth,1,False,mlp1,bce,msle
220,0.7740717250922509,0.0975872017159076,0.65625,0.665129151291513,0.9849726775956285,0.7940528634361234,32.0,Filipendula.vulgaris,0.32137915129151295,opth,1,False,mlp1,bce,msle
221,0.7364376130198914,0.021140624459617736,0.7,0.6166365280289331,0.9956204379562044,0.7615857063093244,10.0,Fragaria.vesca,0.31663652802893294,opth,1,False,mlp1,bce,msle
222,0.8195709370572758,0.09299388950863743,0.6111111111111112,0.9271402550091075,0.9931707317073171,0.959020254357042,18.0,Fumana.procumbens,0.5382513661202186,opth,1,False,mlp1,bce,msle
223,0.7614761476147616,0.012522799676600731,0.4,0.8496849684968497,0.996832101372756,0.9173955296404276,5.0,Galeopsis.tetrahit,0.24968496849684962,opth,1,False,mlp1,bce,msle
224,0.7517764233685149,0.10124862988066752,0.5806451612903226,0.7640552995391705,0.9845605700712589,0.8604047742605085,31.0,Galium.anisophyllon,0.34470046082949324,opth,1,False,mlp1,bce,msle
225,0.7373281140218809,0.02086445138490645,0.6666666666666666,0.6205962059620597,0.9956521739130435,0.7646076794657763,9.0,Galium.aparine,0.2872628726287263,opth,1,False,mlp1,bce,msle
226,0.7865349264705883,0.06843607382392715,0.75,0.7325367647058824,0.9912935323383084,0.8424947145877378,28.0,Galium.boreale,0.48253676470588225,opth,1,False,mlp1,bce,msle
227,0.8912407063197025,0.35223505402377425,0.625,0.9014869888475836,0.9847715736040609,0.9412906356137797,40.0,Galium.corrudifolium,0.5264869888475836,opth,1,False,mlp1,bce,msle
228,0.8396065442135903,0.03544295200916601,0.8888888888888888,0.7000903342366757,0.9987113402061856,0.8231545406266596,9.0,Galium.glaucum,0.5889792231255644,opth,1,False,mlp1,bce,msle
229,0.7833803810868032,0.06315459368858183,0.7307692307692307,0.7275229357798165,0.99125,0.8391534391534392,26.0,Galium.lucidum,0.45829216654904714,opth,1,False,mlp1,bce,msle
230,0.8285142360755157,0.48498073348953635,0.8522167487684729,0.6341730558598029,0.9507389162561576,0.7608409986859396,203.0,Galium.mollugo,0.48638980462827575,opth,1,False,mlp1,bce,msle
231,0.7961986977019905,0.26093762886210636,0.6822429906542056,0.757185332011893,0.9573934837092731,0.8456004427227449,107.0,Galium.pumilum,0.43942832266609866,opth,1,False,mlp1,bce,msle
232,0.7472334551585814,0.41980193960623263,0.7590361445783133,0.6043829296424452,0.8972602739726028,0.7222605099931082,249.0,Galium.verum,0.36341907422075836,opth,1,False,mlp1,bce,msle
233,0.8764948901935203,0.15178154076557193,0.8095238095238095,0.8529680365296803,0.9957356076759062,0.9188391539596655,21.0,Genista.pilosa,0.6624918460534899,opth,1,False,mlp1,bce,msle
234,0.8035427854104191,0.07150152579521078,0.6153846153846154,0.742520398912058,0.9939320388349514,0.8500259470679813,13.0,Genista.sagittalis,0.3579050142966733,opth,1,False,mlp1,bce,msle
235,0.8161071999455838,0.06492197922968279,0.8888888888888888,0.6565656565656566,0.9958217270194986,0.7913669064748201,27.0,Genista.tinctoria,0.5454545454545454,opth,1,False,mlp1,bce,msle
236,0.7921577030212128,0.08281082636938952,0.358974358974359,0.8393686165273909,0.9730893433799784,0.901296111665005,39.0,Gentiana.acaulis,0.19834297550174984,opth,1,False,mlp1,bce,msle
237,0.832078691157282,0.0303506342939245,0.6666666666666666,0.7533875338753387,0.996415770609319,0.8580246913580247,9.0,Gentiana.alpina,0.4200542005420054,opth,1,False,mlp1,bce,msle
238,0.9470565503027181,0.06546092474446574,0.42857142857142855,0.9495040577096483,0.9962157048249763,0.9722991689750693,7.0,Gentiana.bavarica,0.3780754862810769,opth,1,False,mlp1,bce,msle
239,0.8910891089108911,0.02885245238299083,1.0,0.6966696669666966,1.0,0.8212201591511936,5.0,Gentiana.cruciata,0.6966696669666965,opth,1,False,mlp1,bce,msle
240,0.8750048030739673,0.27139517525610196,0.84,0.7973102785782901,0.9857482185273159,0.8815719596388741,75.0,Gentiana.lutea,0.63731027857829,opth,1,False,mlp1,bce,msle
241,0.8838629201680672,0.13299873465388715,0.17857142857142858,0.9696691176470589,0.9786641929499073,0.974145891043398,28.0,Gentiana.nivalis,0.14824054621848748,opth,1,False,mlp1,bce,msle
242,0.8027149321266969,0.030284118094456358,0.7272727272727273,0.7230769230769231,0.9962593516209476,0.8379653906659675,11.0,Gentiana.punctata,0.45034965034965024,opth,1,False,mlp1,bce,msle
243,0.8387423935091278,0.396149299872503,0.7,0.7809330628803245,0.9517923362175525,0.8579387186629527,130.0,Gentiana.verna,0.48093306288032434,opth,1,False,mlp1,bce,msle
244,0.866544454628781,0.19648443771909674,0.68,0.8615948670944088,0.9915611814345991,0.9220205983325159,25.0,Geranium.columbinum,0.5415948670944088,opth,1,False,mlp1,bce,msle
245,0.8944269859580731,0.13283811283399138,0.9130434782608695,0.7904849039341263,0.9976905311778291,0.8820826952526799,23.0,Geranium.dissectum,0.7035283821949958,opth,1,False,mlp1,bce,msle
246,0.8245772946859904,0.08627532828135497,0.6666666666666666,0.7980072463768116,0.9954802259887006,0.8858722976370035,12.0,Geranium.molle,0.46467391304347827,opth,1,False,mlp1,bce,msle
247,0.8712303422756706,0.26801639692465484,0.8571428571428571,0.6632747456059205,0.9930747922437673,0.7953410981697171,35.0,Geranium.pyrenaicum,0.5204176027487777,opth,1,False,mlp1,bce,msle
248,0.6333034111310591,0.0036164533733705107,0.0,0.9138240574506283,0.9980392156862745,0.9540768509840675,2.0,Geranium.robertianum,-0.08617594254937166,opth,1,False,mlp1,bce,msle
249,0.842168313866427,0.012239919019445654,0.6666666666666666,0.8733153638814016,0.998972250770812,0.9319271332694151,3.0,Geranium.rotundifolium,0.5399820305480683,opth,1,False,mlp1,bce,msle
250,0.7081025376787324,0.012168833445971635,0.42857142857142855,0.7357980162308386,0.9951219512195122,0.8460342146189735,7.0,Geranium.sanguineum,0.16436944480226723,opth,1,False,mlp1,bce,msle
251,0.8320235756385068,0.387030153426795,0.8061224489795918,0.7799607072691552,0.976629766297663,0.8672856362643364,98.0,Geranium.sylvaticum,0.5860831562487472,opth,1,False,mlp1,bce,msle
252,0.8732888732888733,0.39474130565472876,0.9285714285714286,0.7276507276507277,0.9845288326300985,0.8368200836820083,154.0,Geum.montanum,0.6562221562221562,opth,1,False,mlp1,bce,msle
253,0.7753818508535489,0.027430846215376597,0.6666666666666666,0.5444743935309974,0.9983525535420099,0.7046511627906977,3.0,Geum.rivale,0.211141060197664,opth,1,False,mlp1,bce,msle
254,0.7222322232223222,0.014925408497286463,0.6,0.5778577857785778,0.9968944099378882,0.7316239316239316,5.0,Geum.urbanum,0.1778577857785777,opth,1,False,mlp1,bce,msle
255,0.9122491764001198,0.024893721752360494,1.0,0.6469002695417789,1.0,0.7855973813420621,3.0,Glechoma.hederacea,0.6469002695417789,opth,1,False,mlp1,bce,msle
256,0.8617548377028714,0.25734880570269486,0.5833333333333334,0.899812734082397,0.9796126401630989,0.9380185456320156,48.0,Globularia.bisnagarica,0.4831460674157304,opth,1,False,mlp1,bce,msle
257,0.8376833645443196,0.2761962547821903,0.5833333333333334,0.8614232209737828,0.9787234042553191,0.9163346613545816,48.0,Globularia.cordifolia,0.44475655430711614,opth,1,False,mlp1,bce,msle
258,0.8830099277978338,0.031818152202176195,0.875,0.8321299638989169,0.9989165763813651,0.9079271294928607,8.0,Globularia.nudicaulis,0.7071299638989168,opth,1,False,mlp1,bce,msle
259,0.7281334231805929,0.12179568036683576,0.48214285714285715,0.7424528301886792,0.9644607843137255,0.8390191897654584,56.0,Gymnadenia.conopsea,0.22459568733153645,opth,1,False,mlp1,bce,msle
260,0.8951940433212997,0.0506897180633282,0.75,0.855595667870036,0.9978947368421053,0.9212827988338192,8.0,Gypsophila.repens,0.605595667870036,opth,1,False,mlp1,bce,msle
261,0.7564311113394178,0.3667684032734543,0.6243386243386243,0.7680690399137001,0.909323116219668,0.8327485380116959,189.0,Helianthemum.nummularium,0.39240766425232443,opth,1,False,mlp1,bce,msle
262,0.78586403114705,0.011298688383243709,0.3333333333333333,0.8005390835579514,0.9977603583426652,0.8883349950149552,3.0,Helleborus.foetidus,0.13387241689128482,opth,1,False,mlp1,bce,msle
263,0.8587026684025688,0.3812270582048588,0.7640449438202247,0.7604673807205453,0.9738154613466334,0.854018589393111,89.0,Heracleum.sphondylium,0.5245123245407699,opth,1,False,mlp1,bce,msle
264,0.7822822822822824,0.020401703595997658,0.5,0.8603603603603603,0.9968684759916493,0.9235976789168279,6.0,Hieracium.bifidum,0.36036036036036023,opth,1,False,mlp1,bce,msle
265,0.7260830324909747,0.017161539137118154,0.625,0.7184115523465704,0.9962453066332916,0.8348190875721028,8.0,Hieracium.murorum,0.3434115523465704,opth,1,False,mlp1,bce,msle
266,0.8753462603878116,0.12293591619571718,0.8181818181818182,0.8319482917820868,0.9933847850055126,0.9055276381909547,33.0,Hieracium.piliferum,0.650130109963905,opth,1,False,mlp1,bce,msle
267,0.9186318631863186,0.03140430868211031,0.6,0.9108910891089109,0.9980276134122288,0.9524705882352941,5.0,Hieracium.prenanthoides,0.5108910891089109,opth,1,False,mlp1,bce,msle
268,0.9057196332836341,0.23600875529477433,0.4482758620689655,0.9080036798528058,0.9840478564307079,0.9444976076555024,29.0,Hieracium.villosum,0.35627954192177125,opth,1,False,mlp1,bce,msle
269,0.8317045454545455,0.08830286211172464,0.4375,0.9045454545454545,0.9910358565737052,0.9458174904942965,16.0,Himantoglossum.hircinum,0.34204545454545454,opth,1,False,mlp1,bce,msle
270,0.7413789987348635,0.18809448106106896,0.5909090909090909,0.7465208747514911,0.9434673366834171,0.8335183129855716,110.0,Hippocrepis.comosa,0.3374299656605819,opth,1,False,mlp1,bce,msle
271,0.9362631850928657,0.6693934306913595,0.8432835820895522,0.8553971486761711,0.975609756097561,0.9115572436245253,134.0,Holcus.lanatus,0.6986807307657235,opth,1,False,mlp1,bce,msle
272,0.8499221910986617,0.17139541234042563,0.5555555555555556,0.861811391223156,0.9787910922587487,0.916583912611718,45.0,Homogyne.alpina,0.41736694677871156,opth,1,False,mlp1,bce,msle
273,0.8070862190103383,0.03139557333544361,0.5555555555555556,0.8021680216802168,0.9955156950672646,0.8884442221110556,9.0,Hornungia.petraea,0.3577235772357725,opth,1,False,mlp1,bce,msle
274,0.8048496009821977,0.16777933254528052,0.5666666666666667,0.8738489871086557,0.9864864864864865,0.9267578125,30.0,Hypericum.maculatum,0.4405156537753223,opth,1,False,mlp1,bce,msle
275,0.8000927720623561,0.15826584819254547,0.9473684210526315,0.5580736543909348,0.9949494949494949,0.7150635208711433,57.0,Hypericum.perforatum,0.5054420754435665,opth,1,False,mlp1,bce,msle
276,0.9105414809176905,0.22292638974975146,0.9117647058823529,0.8059149722735675,0.9965714285714286,0.8911599386816556,34.0,Hypericum.richeri,0.7176796781559203,opth,1,False,mlp1,bce,msle
277,0.8383686879508607,0.21415103138889707,0.7435897435897436,0.744661095636026,0.9876847290640394,0.8491265219692959,39.0,Hypochaeris.maculata,0.4882508392257696,opth,1,False,mlp1,bce,msle
278,0.905920408828966,0.29693065941398467,0.6470588235294118,0.9177449168207024,0.9880597014925373,0.9516051748921898,34.0,Hypochaeris.radicata,0.564803740350114,opth,1,False,mlp1,bce,msle
279,0.7787253141831239,0.009901338971106413,0.0,0.9452423698384201,0.9981042654028436,0.970954356846473,2.0,Hyssopus.officinalis,-0.05475763016157986,opth,1,False,mlp1,bce,msle
280,0.859492005666869,0.0963954329889457,0.8333333333333334,0.6621129326047359,0.9958904109589041,0.7954048140043763,18.0,Inula.salicina,0.4954462659380692,opth,1,False,mlp1,bce,msle
281,0.6970377019748653,0.014720394736842104,0.5,0.9344703770197487,0.9990403071017274,0.9656771799628943,2.0,Isatis.tinctoria,0.43447037701974867,opth,1,False,mlp1,bce,msle
282,0.7022421524663678,0.003003003003003003,0.0,0.9004484304932735,0.9990049751243781,0.9471698113207547,1.0,Juncus.alpinoarticulatus,-0.0995515695067265,opth,1,False,mlp1,bce,msle
283,0.6358858858858859,0.010653454917218575,0.3333333333333333,0.8747747747747747,0.9958974358974358,0.9314148681055155,6.0,Juncus.articulatus,0.20810810810810798,opth,1,False,mlp1,bce,msle
284,0.8961741594744299,0.1006703251309293,0.5714285714285714,0.9549143372407575,0.9971751412429378,0.9755872869645325,7.0,Juncus.effusus,0.5263429086693288,opth,1,False,mlp1,bce,msle
285,0.7856280193236714,0.07857161114856086,0.25,0.894927536231884,0.9909729187562688,0.9405045216563541,12.0,Juncus.inflexus,0.14492753623188404,opth,1,False,mlp1,bce,msle
286,0.8746565934065934,0.2871590067669473,0.6666666666666666,0.8095238095238095,0.9910313901345291,0.8911290322580645,24.0,Juncus.jacquinii,0.4761904761904763,opth,1,False,mlp1,bce,msle
287,0.7947727272727273,0.0337585932283592,0.5625,0.7881818181818182,0.9919908466819222,0.878419452887538,16.0,Juncus.trifidus,0.3506818181818181,opth,1,False,mlp1,bce,msle
288,0.9699281867145422,0.04163162321278385,1.0,0.9488330341113106,1.0,0.9737448180561953,2.0,Juncus.triglumis,0.9488330341113107,opth,1,False,mlp1,bce,msle
289,0.8552435155812652,0.4473667367091338,0.8804347826086957,0.73068669527897,0.968705547652916,0.8330275229357799,184.0,Knautia.arvensis,0.6111214778876657,opth,1,False,mlp1,bce,msle
290,0.8763548289433848,0.11993511526320523,0.8666666666666667,0.7620345140781108,0.9976218787158145,0.8640576725025747,15.0,Knautia.dipsacifolia,0.6287011807447775,opth,1,False,mlp1,bce,msle
291,0.7683636992619927,0.06263519157051327,0.6875,0.7269372693726938,0.9874686716791979,0.8374070138150903,32.0,Koeleria.macrantha,0.4144372693726939,opth,1,False,mlp1,bce,msle
292,0.7529671717171716,0.12537201303570333,0.5333333333333333,0.7803030303030303,0.9671361502347418,0.8637316561844863,60.0,Koeleria.pyramidata,0.3136363636363635,opth,1,False,mlp1,bce,msle
293,0.8270973209047651,0.2725711287107539,0.5689655172413793,0.8931947069943289,0.9742268041237113,0.9319526627218935,58.0,Koeleria.vallesiana,0.46216022423570813,opth,1,False,mlp1,bce,msle
294,0.8448399942426713,0.11163826388320364,0.7894736842105263,0.8222424794895169,0.9955849889624724,0.9006490264603095,19.0,Lactuca.perennis,0.6117161637000432,opth,1,False,mlp1,bce,msle
295,0.7851048880859179,0.025775197022989763,0.5555555555555556,0.7949412827461608,0.995475113122172,0.8839779005524862,9.0,Lactuca.serriola,0.3504968383017164,opth,1,False,mlp1,bce,msle
296,0.8995233801365452,0.1875003306875859,1.0,0.6735798016230838,1.0,0.8049568965517241,7.0,Lamium.purpureum,0.6735798016230838,opth,1,False,mlp1,bce,msle
297,0.8228777534458327,0.0235796563043152,0.42857142857142855,0.8827772768259693,0.9959308240081384,0.9359464627151052,7.0,Lapsana.communis,0.3113487053973978,opth,1,False,mlp1,bce,msle
298,0.9113507038035339,0.044677748614756485,0.6666666666666666,0.8176100628930818,0.9989023051591658,0.8992094861660079,3.0,Laserpitium.halleri,0.48427672955974854,opth,1,False,mlp1,bce,msle
299,0.8957276291512914,0.15659279465305245,0.875,0.801660516605166,0.995418098510882,0.8880940214614206,32.0,Laserpitium.latifolium,0.676660516605166,opth,1,False,mlp1,bce,msle
300,0.8340929808568824,0.1580615860130306,0.7368421052631579,0.7812215132178669,0.994199535962877,0.8749361919346605,19.0,Laserpitium.siler,0.5180636184810248,opth,1,False,mlp1,bce,msle
301,0.8667265648397724,0.013623236468653705,0.3333333333333333,0.8939802336028752,0.9979939819458375,0.943127962085308,3.0,Lathyrus.heterophyllus,0.22731356693620852,opth,1,False,mlp1,bce,msle
302,,-0.0,0.0,0.8010752688172043,1.0,0.8895522388059701,0.0,Lathyrus.occidentalis,-0.19892473118279574,opth,1,False,mlp1,bce,msle
303,0.8154611539111744,0.48219378987769185,0.7531914893617021,0.7094211123723042,0.9150805270863837,0.7992327365728901,235.0,Lathyrus.pratensis,0.4626126017340062,opth,1,False,mlp1,bce,msle
304,0.9326145552560646,0.08174119241192412,0.3333333333333333,0.9640610961365679,0.998139534883721,0.9808043875685558,3.0,Lathyrus.sphaericus,0.29739442946990113,opth,1,False,mlp1,bce,msle
305,,-0.0,0.0,0.8351254480286738,1.0,0.91015625,0.0,Lathyrus.sylvestris,-0.16487455197132617,opth,1,False,mlp1,bce,msle
306,0.9699281867145422,0.04163162321278385,1.0,0.7333931777378815,1.0,0.8461936820300362,2.0,Lathyrus.tuberosus,0.7333931777378815,opth,1,False,mlp1,bce,msle
307,0.7669708508403362,0.1328413724021928,0.6071428571428571,0.7702205882352942,0.9870435806831567,0.8652555498193082,28.0,Leontodon.autumnalis,0.37736344537815114,opth,1,False,mlp1,bce,msle
308,0.7118764833429875,0.3614243389266743,0.5391705069124424,0.7541713014460512,0.87146529562982,0.8085867620751341,217.0,Leontodon.hispidus,0.29334180835849355,opth,1,False,mlp1,bce,msle
309,0.7700491819733012,0.02772595138365813,0.2222222222222222,0.8780487804878049,0.992849846782431,0.9319271332694151,9.0,Leontopodium.alpinum,0.10027100271002709,opth,1,False,mlp1,bce,msle
310,0.9137877373171489,0.24797266950515665,0.9333333333333333,0.7749766573295985,0.9963985594237695,0.8718487394957983,45.0,Leucanthemopsis.alpina,0.708309990662932,opth,1,False,mlp1,bce,msle
311,0.8580577092943371,0.5543050314240535,0.8,0.7516930022573364,0.9353932584269663,0.8335419274092616,230.0,Leucanthemum.vulgare,0.5516930022573363,opth,1,False,mlp1,bce,msle
312,0.8865994500458296,0.11270346777326988,0.88,0.8212648945921174,0.996662958843159,0.9005025125628141,25.0,Lilium.martagon,0.7012648945921174,opth,1,False,mlp1,bce,msle
313,0.6395870736086176,0.004232831161780673,0.0,0.8303411131059246,0.9978425026968716,0.9064184223419892,2.0,Linaria.repens,-0.16965888689407538,opth,1,False,mlp1,bce,msle
314,0.8879194990097949,0.08264689726150451,0.8823529411764706,0.7770700636942676,0.9976635514018691,0.8736572890025576,17.0,Linum.alpinum,0.6594230048707381,opth,1,False,mlp1,bce,msle
315,0.7086876966991144,0.11283724663513371,0.5384615384615384,0.7040913415794482,0.961038961038961,0.8127402526084568,65.0,Linum.catharticum,0.24255288004098663,opth,1,False,mlp1,bce,msle
316,0.954804970493691,0.2176148885620636,0.8947368421052632,0.894257064721969,0.9979654120040692,0.9432692307692307,19.0,Linum.tenuifolium,0.788993906827232,opth,1,False,mlp1,bce,msle
317,0.8194945848375451,0.021588292914066477,0.875,0.6687725631768953,0.9986522911051213,0.8010810810810811,8.0,Listera.ovata,0.5437725631768953,opth,1,False,mlp1,bce,msle
318,0.7974370503597122,0.012016221185382224,1.0,0.6402877697841727,1.0,0.7807017543859649,4.0,Lolium.multiflorum,0.6402877697841727,opth,1,False,mlp1,bce,msle
319,0.8968719199045494,0.3106241700473442,0.9324324324324325,0.736084452975048,0.9935233160621761,0.8456449834619625,74.0,Lolium.perenne,0.6685168854074806,opth,1,False,mlp1,bce,msle
320,0.7568416556651394,0.4844946729461318,0.7208588957055214,0.649367088607595,0.8493377483443708,0.7360114777618364,326.0,Lotus.corniculatus,0.3702259843131164,opth,1,False,mlp1,bce,msle
321,0.7399869536855839,0.04296356327213884,0.7142857142857143,0.628310502283105,0.9913544668587896,0.7691447736165455,21.0,Lotus.maritimus,0.3425962165688192,opth,1,False,mlp1,bce,msle
322,0.7603159851301116,0.08550216871931593,0.375,0.8661710037174721,0.9738766980146291,0.9168716182980816,40.0,Luzula.campestris,0.24117100371747213,opth,1,False,mlp1,bce,msle
323,0.8613511716802393,0.09321362764424931,0.8636363636363636,0.6928702010968921,0.9960578186596584,0.8172506738544474,22.0,Luzula.lutea,0.5565065647332559,opth,1,False,mlp1,bce,msle
324,0.6027404592410213,0.0209963841142675,0.5294117647058824,0.6742493175614195,0.9893190921228304,0.801948051948052,17.0,Luzula.multiflora,0.20366108226730173,opth,1,False,mlp1,bce,msle
325,0.8578362813656931,0.11866115772954378,0.9090909090909091,0.8072398190045249,0.9988801791713325,0.8928928928928929,11.0,Luzula.sieberi,0.7163307280954339,opth,1,False,mlp1,bce,msle
326,0.8444004951410724,0.17633264229880213,0.8507462686567164,0.7445185891325071,0.9873577749683944,0.8489130434782609,67.0,Luzula.spicata,0.5952648577892234,opth,1,False,mlp1,bce,msle
327,0.7313058315768343,0.024062947457711224,0.5555555555555556,0.7651309846431797,0.9952996474735605,0.8651685393258427,9.0,Luzula.sudetica,0.3206865401987353,opth,1,False,mlp1,bce,msle
328,0.9263726372637263,0.07076735092864125,0.6,0.9270927092709271,0.998062015503876,0.9612692487167522,5.0,Lysimachia.nummularia,0.527092709270927,opth,1,False,mlp1,bce,msle
329,0.9336075689016865,0.6176463401825723,0.8181818181818182,0.9221719457013575,0.9980411361410382,0.9586077140169332,11.0,Lysimachia.vulgaris,0.7403537638831756,opth,1,False,mlp1,bce,msle
330,0.8536585365853658,0.04726666629490751,0.8888888888888888,0.6702800361336947,0.9986541049798116,0.8021621621621622,9.0,Malva.moschata,0.5591689250225835,opth,1,False,mlp1,bce,msle
331,0.7912926391382407,0.00921119592875318,0.5,0.748653500897666,0.9988023952095808,0.8558234992303746,2.0,Malva.sylvestris,0.24865350089766602,opth,1,False,mlp1,bce,msle
332,0.8221787345075016,0.0587657406207503,0.7619047619047619,0.7342465753424657,0.9938195302843016,0.8445378151260504,21.0,Medicago.falcata,0.4961513372472277,opth,1,False,mlp1,bce,msle
333,0.8277946010301007,0.38736176956731094,0.6604938271604939,0.779874213836478,0.9311639549436797,0.8488305761551626,162.0,Medicago.lupulina,0.4403680409969719,opth,1,False,mlp1,bce,msle
334,0.8433032472248159,0.22969262419548556,0.5111111111111111,0.8776844070961718,0.9771309771309772,0.9247417609444171,45.0,Medicago.minima,0.38879551820728286,opth,1,False,mlp1,bce,msle
335,0.8716172287687933,0.219854992453447,0.782608695652174,0.7598130841121495,0.9878493317132442,0.8589540412044374,46.0,Medicago.sativa,0.5424217797643234,opth,1,False,mlp1,bce,msle
336,0.8382068787839753,0.12851208287922583,0.7142857142857143,0.7709648331830478,0.9976662777129521,0.8697863682604272,7.0,Melica.ciliata,0.48525054746876206,opth,1,False,mlp1,bce,msle
337,0.9928251121076234,0.1111111111111111,1.0,0.7641255605381166,1.0,0.8662938485002541,1.0,Melilotus.albus,0.7641255605381168,opth,1,False,mlp1,bce,msle
338,0.8513381710362047,0.21787114963444243,0.7916666666666666,0.7874531835205992,0.9882491186839013,0.8764981761334029,48.0,Meum.athamanticum,0.5791198501872659,opth,1,False,mlp1,bce,msle
339,0.9299820466786356,0.02824074074074074,1.0,0.7890484739676841,1.0,0.8820873055694932,2.0,Minuartia.laricifolia,0.789048473967684,opth,1,False,mlp1,bce,msle
340,0.8317648249342239,0.14204459371935477,0.5555555555555556,0.8843351548269581,0.9918283963227783,0.9350024073182475,18.0,Minuartia.rostrata,0.4398907103825138,opth,1,False,mlp1,bce,msle
341,0.8569808095719058,0.2415114446117101,0.7377049180327869,0.7943127962085308,0.9812646370023419,0.8779465688842326,61.0,Minuartia.verna,0.5320177142413178,opth,1,False,mlp1,bce,msle
342,0.8319336626676076,0.0777851288615605,0.7307692307692307,0.763302752293578,0.9916567342073898,0.8626231207879731,26.0,Muscari.comosum,0.49407198306280886,opth,1,False,mlp1,bce,msle
343,0.8274251358538559,0.43285756339175246,0.7419354838709677,0.7559139784946236,0.9360852197070573,0.8364069006543724,186.0,Myosotis.alpestris,0.49784946236559136,opth,1,False,mlp1,bce,msle
344,0.8738918022500112,0.41382731262064704,0.9099099099099099,0.718407960199005,0.9863387978142076,0.8313183649971215,111.0,Myosotis.arvensis,0.6283178701089149,opth,1,False,mlp1,bce,msle
345,0.8888454011741683,0.13219123701089058,0.6666666666666666,0.8721461187214612,0.9927234927234927,0.9285367039377734,21.0,Myosotis.ramosissima,0.5388127853881279,opth,1,False,mlp1,bce,msle
346,0.9307807807807809,0.44929170238266924,0.5,0.9954954954954955,0.9972924187725631,0.9963931469792606,6.0,Myosotis.scorpioides,0.49549549549549554,opth,1,False,mlp1,bce,msle
347,0.8361759425493716,0.04447565543071161,0.5,0.699281867145422,0.9987179487179487,0.82259767687434,2.0,Myosotis.stricta,0.19928186714542195,opth,1,False,mlp1,bce,msle
348,0.8024434156378601,0.13080850627836715,0.7222222222222222,0.7166666666666667,0.9872448979591837,0.8304721030042919,36.0,Narcissus.poeticus,0.4388888888888889,opth,1,False,mlp1,bce,msle
349,0.8423386527326648,0.37565959650579506,0.8561643835616438,0.6948453608247422,0.9697841726618706,0.8096096096096096,146.0,Nardus.stricta,0.551009744386386,opth,1,False,mlp1,bce,msle
350,0.8835234638319938,0.07721623307511234,0.7142857142857143,0.8593466424682396,0.9957939011566772,0.922552362396493,14.0,Odontites.luteus,0.5736323567539539,opth,1,False,mlp1,bce,msle
351,0.8636131535947713,0.3157730151500065,0.8229166666666666,0.7843137254901961,0.9791921664626683,0.8709853021230267,96.0,Onobrychis.montana,0.6072303921568627,opth,1,False,mlp1,bce,msle
352,0.8474419713357766,0.3266937562034937,0.7878787878787878,0.7699115044247787,0.9738805970149254,0.8599670510708401,99.0,Onobrychis.viciifolia,0.5577902923035665,opth,1,False,mlp1,bce,msle
353,0.8843866171003718,0.3074753795889792,0.7,0.8587360594795539,0.9871794871794872,0.9184890656063618,40.0,Ononis.natrix,0.5587360594795538,opth,1,False,mlp1,bce,msle
354,0.8045890231092437,0.06742455462595275,0.7857142857142857,0.734375,0.9925465838509316,0.844162704701532,28.0,Ononis.repens,0.5200892857142856,opth,1,False,mlp1,bce,msle
355,0.7757692879441058,0.07249151205314856,0.41935483870967744,0.7889400921658987,0.9794050343249427,0.8739152628892292,31.0,Ononis.spinosa,0.20829493087557616,opth,1,False,mlp1,bce,msle
356,0.939203354297694,0.034915432762242626,1.0,0.7915543575920935,1.0,0.8836509528585758,3.0,Ophioglossum.vulgatum,0.7915543575920934,opth,1,False,mlp1,bce,msle
357,0.9691524408505541,0.055910191503411845,1.0,0.8409703504043127,1.0,0.9136163982430454,3.0,Ophrys.apifera,0.8409703504043127,opth,1,False,mlp1,bce,msle
358,0.8745133273435161,0.03877240526791233,0.6666666666666666,0.8930817610062893,0.9989949748743718,0.9430740037950665,3.0,Ophrys.insectifera,0.5597484276729561,opth,1,False,mlp1,bce,msle
359,0.8367805755395683,0.02024542327745989,0.75,0.7634892086330936,0.9988235294117647,0.8654434250764526,4.0,Orchis.mascula,0.5134892086330936,opth,1,False,mlp1,bce,msle
360,0.7620712996389891,0.01710295095174143,0.5,0.7924187725631769,0.9954648526077098,0.8824120603015075,8.0,Orchis.militaris,0.29241877256317705,opth,1,False,mlp1,bce,msle
361,0.9028689600840336,0.2210569957674933,0.8928571428571429,0.7757352941176471,0.9964580873671782,0.8723514211886305,28.0,Origanum.vulgare,0.66859243697479,opth,1,False,mlp1,bce,msle
362,0.8169466329716071,0.11939042692681573,0.5806451612903226,0.8423963133640553,0.9859762675296656,0.9085487077534792,31.0,Ornithogalum.umbellatum,0.423041474654378,opth,1,False,mlp1,bce,msle
363,0.8128366247755835,0.009731159448896609,1.0,0.5637342908438061,1.0,0.7210103329506314,2.0,Orobanche.alba,0.5637342908438061,opth,1,False,mlp1,bce,msle
364,0.6827305605786618,0.017425645191974263,0.6,0.6699819168173599,0.9946308724832215,0.8006482982171799,10.0,Orobanche.caryophyllacea,0.26998191681735983,opth,1,False,mlp1,bce,msle
365,0.7791455258302583,0.07036705979253864,0.5625,0.7785977859778598,0.9836829836829837,0.8692070030895983,32.0,Oxytropis.campestris,0.34109778597785967,opth,1,False,mlp1,bce,msle
366,0.8180200729927007,0.12707947952400878,0.55,0.8083941605839416,0.9899441340782122,0.8900050226017077,20.0,Oxytropis.helvetica,0.3583941605839418,opth,1,False,mlp1,bce,msle
367,0.48547469302186286,0.003768993106265585,0.0,0.8903863432165319,0.9969818913480886,0.9406739439962032,3.0,Oxytropis.pilosa,-0.10961365678346813,opth,1,False,mlp1,bce,msle
368,0.7243109831345125,0.020529536680720793,0.45454545454545453,0.7592760180995475,0.9928994082840237,0.8605128205128205,11.0,Papaver.rhoeas,0.21382147264500206,opth,1,False,mlp1,bce,msle
369,0.8648292883587002,0.06263589581348088,0.8181818181818182,0.8063348416289593,0.9977603583426652,0.8918918918918919,11.0,Paradisea.liliastrum,0.6245166598107774,opth,1,False,mlp1,bce,msle
370,0.7813628158844764,0.020315917123267507,0.5,0.8122743682310469,0.995575221238938,0.8946322067594433,8.0,Parnassia.palustris,0.31227436823104693,opth,1,False,mlp1,bce,msle
371,0.812012012012012,0.016554014741630336,1.0,0.6873873873873874,1.0,0.8147357180993059,6.0,Pastinaca.sativa,0.6873873873873872,opth,1,False,mlp1,bce,msle
372,0.8496555855046422,0.011374258446163563,1.0,0.738544474393531,1.0,0.8496124031007752,3.0,Pedicularis.foliosa,0.738544474393531,opth,1,False,mlp1,bce,msle
373,0.8790157211209844,0.20356237610304,0.7105263157894737,0.8404452690166976,0.9880043620501636,0.9082706766917293,38.0,Pedicularis.gyroflexa,0.5509715848061711,opth,1,False,mlp1,bce,msle
374,0.8494867149758454,0.0632574228445748,0.6666666666666666,0.8007246376811594,0.9954954954954955,0.8875502008032129,12.0,Pedicularis.tuberosa,0.46739130434782616,opth,1,False,mlp1,bce,msle
375,0.7926127762640024,0.10292860791486821,0.4,0.8319709355131698,0.9902702702702703,0.9042448173741362,15.0,Pedicularis.verticillata,0.23197093551316983,opth,1,False,mlp1,bce,msle
376,0.8736085812588544,0.24175141642014839,0.8333333333333334,0.7122040072859745,0.9961783439490446,0.8305894848645778,18.0,Petrorhagia.prolifera,0.5455373406193078,opth,1,False,mlp1,bce,msle
377,0.9007924361459714,0.1789076608145519,0.6666666666666666,0.8677685950413223,0.9905660377358491,0.9251101321585903,27.0,Petrorhagia.saxifraga,0.5344352617079888,opth,1,False,mlp1,bce,msle
378,0.8392030423280423,0.3848379749707105,0.6481481481481481,0.8234126984126984,0.956221198156682,0.8848614072494669,108.0,Phleum.alpinum,0.4715608465608465,opth,1,False,mlp1,bce,msle
379,0.7672955974842767,0.010761980879825998,0.3333333333333333,0.8230008984725966,0.9978213507625272,0.9020187099950763,3.0,Phleum.hirsutum,0.15633423180592998,opth,1,False,mlp1,bce,msle
380,0.8767863833431462,0.19717942480087608,0.7647058823529411,0.7679708826205641,0.9952830188679245,0.866974833076528,17.0,Phleum.phleoides,0.5326767649735054,opth,1,False,mlp1,bce,msle
381,0.8788267644362969,0.10079792541540623,0.72,0.8295142071494043,0.9923245614035088,0.9036445332001997,25.0,Phyteuma.betonicifolium,0.5495142071494041,opth,1,False,mlp1,bce,msle
382,0.8782954545454545,0.08054727926436948,0.875,0.6963636363636364,0.9973958333333334,0.8201284796573876,16.0,Phyteuma.hemisphaericum,0.5713636363636363,opth,1,False,mlp1,bce,msle
383,0.8317904718898171,0.23465737828447672,0.6627906976744186,0.8126213592233009,0.9665127020785219,0.8829113924050633,86.0,Phyteuma.orbiculare,0.47541205689771937,opth,1,False,mlp1,bce,msle
384,0.7713579136690648,0.014542221277164306,1.0,0.4784172661870504,1.0,0.6472019464720195,4.0,Phyteuma.ovatum,0.4784172661870505,opth,1,False,mlp1,bce,msle
385,0.8847905282331512,0.1761263177386238,0.7222222222222222,0.9143897996357013,0.9950445986124876,0.9530137636449929,18.0,Phyteuma.spicatum,0.6366120218579234,opth,1,False,mlp1,bce,msle
386,0.8644905510770451,0.294323916574637,0.9428571428571428,0.6096207215541165,0.9969742813918305,0.756601607347876,35.0,Picris.hieracioides,0.5524778644112593,opth,1,False,mlp1,bce,msle
387,0.8629044566544567,0.16314665332447406,0.875,0.7197802197802198,0.9961977186311787,0.835725677830941,24.0,Pimpinella.major,0.5947802197802199,opth,1,False,mlp1,bce,msle
388,0.7658321060382915,0.11041445184262784,0.5714285714285714,0.7628865979381443,0.9748502994011976,0.8559411146161935,49.0,Pimpinella.saxifraga,0.3343151693667157,opth,1,False,mlp1,bce,msle
389,0.9045298505536483,0.6198958506118718,0.9162790697674419,0.7924528301886793,0.9754098360655737,0.8744641763625229,215.0,Plantago.alpina,0.7087318999561212,opth,1,False,mlp1,bce,msle
390,0.8454266421117249,0.13476208354973074,0.5666666666666667,0.8241252302025782,0.98568281938326,0.8976930792377131,30.0,Plantago.atrata,0.39079189686924476,opth,1,False,mlp1,bce,msle
391,0.8837312912160656,0.6600877803485496,0.8466898954703833,0.7635705669481303,0.9350073855243722,0.8406374501992032,287.0,Plantago.lanceolata,0.6102604624185135,opth,1,False,mlp1,bce,msle
392,0.7419282118077299,0.06558188927160738,0.8918918918918919,0.5069508804448564,0.9927404718693285,0.6711656441717792,37.0,Plantago.major,0.39884277233674825,opth,1,False,mlp1,bce,msle
393,0.8133012593745578,0.438547988346564,0.7225130890052356,0.7264864864864865,0.926896551724138,0.8145454545454546,191.0,Plantago.media,0.448999575491722,opth,1,False,mlp1,bce,msle
394,0.7911003470213996,0.2766982487572271,0.5576923076923077,0.818609022556391,0.9742729306487695,0.8896833503575077,52.0,Plantago.maritima,0.37630133024869883,opth,1,False,mlp1,bce,msle
395,0.5503150315031503,0.005641637217250673,0.0,0.7785778577857786,0.9942528735632183,0.8732963149924281,5.0,Platanthera.bifolia,-0.2214221422142214,opth,1,False,mlp1,bce,msle
396,0.9077740126429266,0.7148041970506535,0.8761904761904762,0.7952559300873908,0.9423076923076923,0.8625592417061612,315.0,Poa.alpina,0.6714464062778669,opth,1,False,mlp1,bce,msle
397,0.7464028776978417,0.01866270691761052,0.25,0.8696043165467626,0.9969072164948454,0.9289145052833814,4.0,Poa.annua,0.11960431654676262,opth,1,False,mlp1,bce,msle
398,0.7916799702000851,0.1579449224857814,0.6805555555555556,0.7662835249042146,0.9720534629404617,0.8569898232458489,72.0,Poa.bulbosa,0.44683908045977017,opth,1,False,mlp1,bce,msle
399,0.86443345323741,0.01669582552914143,0.25,0.8633093525179856,0.9968847352024922,0.9253012048192771,4.0,Poa.cenisia,0.11330935251798557,opth,1,False,mlp1,bce,msle
400,0.8801551094890511,0.1371574430081275,0.85,0.7855839416058394,0.9965277777777778,0.8785714285714286,20.0,Poa.chaixii,0.6355839416058395,opth,1,False,mlp1,bce,msle
401,0.688028802880288,0.008607066731686002,0.6,0.6642664266426642,0.9972972972972973,0.7974068071312804,5.0,Poa.compressa,0.2642664266426642,opth,1,False,mlp1,bce,msle
402,0.9177317731773178,0.12355363984674331,0.6,0.9333933393339334,0.9980750721847931,0.9646511627906976,5.0,Poa.nemoralis,0.5333933393339334,opth,1,False,mlp1,bce,msle
403,0.7977353784761192,0.45452639520995275,0.7688888888888888,0.691358024691358,0.9221556886227545,0.7902501603592046,225.0,Poa.pratensis,0.4602469135802467,opth,1,False,mlp1,bce,msle
404,0.8319966524862263,0.07180955079044839,0.46153846153846156,0.827742520398912,0.9923913043478261,0.9026198714780029,13.0,Poa.supina,0.2892809819373736,opth,1,False,mlp1,bce,msle
405,0.8055101422948835,0.035096806165002215,0.7333333333333333,0.782016348773842,0.9953757225433526,0.8758901322482198,15.0,Polygala.alpestris,0.5153496821071752,opth,1,False,mlp1,bce,msle
406,0.6218525179856115,0.005622002115481583,0.25,0.7329136690647482,0.9963325183374083,0.844559585492228,4.0,Polygala.amarella,-0.017086330935251803,opth,1,False,mlp1,bce,msle
407,0.8287545787545787,0.18182976127166212,0.5833333333333334,0.8342490842490843,0.98914223669924,0.905116741182315,24.0,Polygala.comosa,0.41758241758241765,opth,1,False,mlp1,bce,msle
408,0.7345848595848596,0.07119747416345086,0.5416666666666666,0.695054945054945,0.9857142857142858,0.8152524167561761,24.0,Polygala.vulgaris,0.23672161172161177,opth,1,False,mlp1,bce,msle
409,0.3154226618705036,0.003134576462533044,0.0,0.8651079136690647,0.9958592132505176,0.9258902791145333,4.0,Polygonum.aviculare,-0.1348920863309353,opth,1,False,mlp1,bce,msle
410,0.8290575712842825,0.4012389193639335,0.7540983606557377,0.8028436018957346,0.9825986078886311,0.8836724047991653,61.0,Polygonum.bistorta,0.5569419625514722,opth,1,False,mlp1,bce,msle
411,0.839192348565356,0.41208439465239377,0.9142857142857143,0.6695005313496281,0.9767441860465116,0.7944514501891551,175.0,Polygonum.viviparum,0.5837862456353422,opth,1,False,mlp1,bce,msle
412,0.7383093525179856,0.008870535043321486,0.5,0.7994604316546763,0.9977553310886644,0.8876684972541188,4.0,Polystichum.lonchitis,0.2994604316546763,opth,1,False,mlp1,bce,msle
413,0.8643151528127173,0.13098773719809534,0.8235294117647058,0.7261146496815286,0.9962546816479401,0.84,17.0,Potentilla.argentea,0.5496440614462346,opth,1,False,mlp1,bce,msle
414,0.8794423120343192,0.31984225228801594,0.7674418604651163,0.8223300970873786,0.9769319492502884,0.8929889298892989,86.0,Potentilla.aurea,0.5897719575524949,opth,1,False,mlp1,bce,msle
415,0.8389156978125275,0.4008555260706739,0.7777777777777778,0.7217030114226376,0.953360768175583,0.8215130023640662,153.0,Potentilla.crantzii,0.4994807892004154,opth,1,False,mlp1,bce,msle
416,0.7751672047970479,0.12196320357587342,0.75,0.5691881918819188,0.9872,0.722059684025746,32.0,Potentilla.erecta,0.3191881918819188,opth,1,False,mlp1,bce,msle
417,0.8201254826254827,0.20033072392494342,0.8,0.7017374517374517,0.9784656796769852,0.8173130972456436,80.0,Potentilla.grandiflora,0.5017374517374518,opth,1,False,mlp1,bce,msle
418,0.8255142965645639,0.28633986740064815,0.6542056074766355,0.8394449950445986,0.9581447963800905,0.8948758584257792,107.0,Potentilla.neumanniana,0.49365060252123394,opth,1,False,mlp1,bce,msle
419,0.8854762621700291,0.148744687106726,0.6666666666666666,0.9024390243902439,0.9970059880239521,0.9473684210526315,9.0,Potentilla.pusilla,0.5691056910569106,opth,1,False,mlp1,bce,msle
420,0.68852247842329,0.0848316940654053,0.42857142857142855,0.69702434625789,0.9948519948519948,0.8197242841993637,7.0,Potentilla.recta,0.1255957748293186,opth,1,False,mlp1,bce,msle
421,0.8562675184147057,0.1760505590633154,0.9137931034482759,0.6899810964083176,0.9931972789115646,0.8142777467930842,58.0,Potentilla.reptans,0.6037741998565935,opth,1,False,mlp1,bce,msle
422,0.7843974820143885,0.016611349705217274,0.5,0.7715827338129496,0.9976744186046511,0.8701825557809331,4.0,Potentilla.rupestris,0.2715827338129495,opth,1,False,mlp1,bce,msle
423,0.8245508381009736,0.0902269529192105,0.6666666666666666,0.8672086720867209,0.9968847352024922,0.927536231884058,9.0,Potentilla.thuringiaca,0.5338753387533877,opth,1,False,mlp1,bce,msle
424,0.8375224416517055,0.009453781512605041,0.5,0.8626570915619389,0.998960498960499,0.9258188824662813,2.0,Primula.elatior,0.3626570915619389,opth,1,False,mlp1,bce,msle
425,0.8356305551977328,0.03507135938451471,0.7142857142857143,0.7457168620378719,0.9975874547647768,0.8534571723426213,7.0,Primula.farinosa,0.4600025763235862,opth,1,False,mlp1,bce,msle
426,0.7356501800946247,0.19954527469882194,0.6581196581196581,0.6476476476476476,0.9417758369723436,0.767497034400949,117.0,Primula.veris,0.3057673057673056,opth,1,False,mlp1,bce,msle
427,0.8641545790290638,0.08574592228360449,0.7058823529411765,0.816196542311192,0.9944567627494457,0.896551724137931,17.0,Prunella.grandiflora,0.5220788952523685,opth,1,False,mlp1,bce,msle
428,0.8458485401459854,0.12281088606494717,0.7,0.822992700729927,0.9933920704845814,0.9001996007984032,20.0,Prunella.laciniata,0.5229927007299269,opth,1,False,mlp1,bce,msle
429,0.753166032165333,0.15572022540363356,0.5081967213114754,0.7364928909952607,0.9628252788104089,0.8345864661654135,61.0,Prunella.vulgaris,0.24468961230673614,opth,1,False,mlp1,bce,msle
430,0.6797149452976011,0.012879150845319626,0.0,0.96386630532972,0.991635687732342,0.9775538250114522,9.0,Prunus.spinosa,-0.03613369467028005,opth,1,False,mlp1,bce,msle
431,0.768997880714502,0.05629729925386123,0.4,0.8455949137148048,0.9904255319148936,0.912297893189613,15.0,Veronica.spicata,0.2455949137148048,opth,1,False,mlp1,bce,msle
432,0.8191916021482877,0.20912317977056827,0.7407407407407407,0.775894538606403,0.9832935560859188,0.8673684210526316,54.0,Pulsatilla.alpina,0.5166352793471436,opth,1,False,mlp1,bce,msle
433,0.8994614003590665,0.012958626073380173,1.0,0.8922800718132855,1.0,0.9430740037950665,2.0,Pulsatilla.halleri,0.8922800718132855,opth,1,False,mlp1,bce,msle
434,0.841231684981685,0.1001392359450544,0.7916666666666666,0.7756410256410257,0.994131455399061,0.8713991769547325,24.0,Pulsatilla.vernalis,0.5673076923076923,opth,1,False,mlp1,bce,msle
435,,-0.0,0.0,0.6747311827956989,1.0,0.8057784911717496,0.0,Ranunculus.aconitifolius,-0.3252688172043011,opth,1,False,mlp1,bce,msle
436,0.8463901065404825,0.45619064417510463,0.8810810810810811,0.6970998925886144,0.9672131147540983,0.8102372034956304,185.0,Ranunculus.acris,0.5781809736696955,opth,1,False,mlp1,bce,msle
437,0.8442555063798949,0.41582564871418354,0.8148148148148148,0.720125786163522,0.9581589958158996,0.822262118491921,162.0,Ranunculus.bulbosus,0.5349406009783366,opth,1,False,mlp1,bce,msle
438,0.895945945945946,0.028040480501440104,0.6666666666666666,0.8837837837837837,0.9979654120040692,0.9374104156712852,6.0,Ranunculus.glacialis,0.5504504504504504,opth,1,False,mlp1,bce,msle
439,0.842844284428443,0.024320212581107902,0.6,0.8235823582358236,0.9978189749182116,0.9023668639053254,5.0,Ranunculus.gramineus,0.4235823582358236,opth,1,False,mlp1,bce,msle
440,0.8234958607652696,0.15846108483769783,0.7758620689655172,0.7381852551984878,0.9836272040302267,0.8434125269978402,58.0,Ranunculus.kuepferi,0.5140473241640051,opth,1,False,mlp1,bce,msle
441,0.7638510445049955,0.04019520075544231,0.4666666666666667,0.8392370572207084,0.9914163090128756,0.9090014756517462,15.0,Ranunculus.montanus,0.3059037238873752,opth,1,False,mlp1,bce,msle
442,0.6774530999372341,0.11804081148641883,0.46153846153846156,0.7878513145965549,0.9920091324200914,0.8782213239009601,13.0,Ranunculus.serpens,0.24938977613501656,opth,1,False,mlp1,bce,msle
443,0.9076494536104565,0.40501849342926677,0.6666666666666666,0.914577530176416,0.9869739478957916,0.9493975903614458,39.0,Ranunculus.repens,0.5812441968430826,opth,1,False,mlp1,bce,msle
444,0.6678635547576302,0.003948425743297538,0.0,0.947935368043088,0.998109640831758,0.9723756906077348,2.0,Reseda.lutea,-0.05206463195691202,opth,1,False,mlp1,bce,msle
445,0.8445951893664311,0.5265877124816976,0.7777777777777778,0.7298474945533769,0.938375350140056,0.821078431372549,198.0,Rhinanthus.alectorolophus,0.5076252723311547,opth,1,False,mlp1,bce,msle
446,0.8235735735735735,0.016773874005734123,0.16666666666666666,0.8792792792792793,0.9949031600407747,0.9335246293639407,6.0,Rhinanthus.glacialis,0.04594594594594592,opth,1,False,mlp1,bce,msle
447,0.7245802799737024,0.09104659913743098,0.6949152542372882,0.6603595080416272,0.9748603351955307,0.787366046249295,59.0,Rhinanthus.minor,0.3552747622789154,opth,1,False,mlp1,bce,msle
448,0.7798798798798798,0.035452506483922425,0.16666666666666666,0.9279279279279279,0.9951690821256038,0.9603729603729604,6.0,Rhododendron.ferrugineum,0.09459459459459452,opth,1,False,mlp1,bce,msle
449,0.8654621480009291,0.5220320402404355,0.8651162790697674,0.755826859045505,0.9591549295774648,0.845437616387337,215.0,Rumex.acetosa,0.6209431381152724,opth,1,False,mlp1,bce,msle
450,0.7421338155515371,0.1474417621011505,0.7,0.6754068716094033,0.996,0.8049568965517241,10.0,Rumex.acetosella,0.3754068716094032,opth,1,False,mlp1,bce,msle
451,0.8630614115490375,0.11222803297532649,0.96,0.6727772685609532,0.998639455782313,0.8039430449069004,25.0,Rumex.crispus,0.6327772685609532,opth,1,False,mlp1,bce,msle
452,0.8799929428369796,0.10554605412458064,0.8461538461538461,0.771559633027523,0.9952662721893492,0.869250645994832,26.0,Rumex.obtusifolius,0.617713479181369,opth,1,False,mlp1,bce,msle
453,0.6372536390570656,0.009537718134403891,0.0,0.9458972046889089,0.9933712121212122,0.9690531177829099,7.0,Rumex.scutatus,-0.05410279531109108,opth,1,False,mlp1,bce,msle
454,0.9412169491130057,0.4972032656242522,0.927710843373494,0.8170377541142304,0.9929411764705882,0.8964418481147106,83.0,Salix.herbacea,0.7447485974877244,opth,1,False,mlp1,bce,msle
455,0.8373074893249531,0.08390376257434287,0.5263157894736842,0.8350045578851413,0.9902702702702703,0.9060336300692384,19.0,Salix.reticulata,0.36132034735882534,opth,1,False,mlp1,bce,msle
456,0.8648923008596898,0.15001685349833185,0.6551724137931034,0.7920883164673413,0.9885189437428243,0.8794688457609806,29.0,Salix.retusa,0.44726073026044477,opth,1,False,mlp1,bce,msle
457,0.905923067743347,0.209061870711193,0.8695652173913043,0.8032936870997255,0.996594778660613,0.889564336372847,23.0,Salix.serpyllifolia,0.6728589044910298,opth,1,False,mlp1,bce,msle
458,0.8715277598533928,0.523227358905357,0.8930232558139535,0.7436182019977803,0.9668109668109668,0.8406524466750314,215.0,Salvia.pratensis,0.6366414578117339,opth,1,False,mlp1,bce,msle
459,0.8194206729206838,0.3940023253235325,0.900990099009901,0.6706783369803063,0.9684044233807267,0.7925016160310278,202.0,Sanguisorba.minor,0.5716684359902073,opth,1,False,mlp1,bce,msle
460,0.8999543795620438,0.21803468091154057,0.95,0.6122262773722628,0.9985119047619048,0.7590497737556561,20.0,Sanguisorba.officinalis,0.5622262773722628,opth,1,False,mlp1,bce,msle
461,0.8207436399217221,0.09835133646930333,0.7142857142857143,0.7561643835616438,0.9928057553956835,0.8584758942457231,21.0,Saponaria.ocymoides,0.47045009784735825,opth,1,False,mlp1,bce,msle
462,0.830477908025248,0.2540447940917065,0.5714285714285714,0.8331830477908025,0.9967637540453075,0.9076620825147348,7.0,Saxifraga.aizoides,0.40461161921937405,opth,1,False,mlp1,bce,msle
463,0.8026031164069661,0.139245685017629,0.48,0.8038496791934006,0.9853932584269663,0.8854114083796063,25.0,Saxifraga.granulata,0.28384967919340065,opth,1,False,mlp1,bce,msle
464,0.8559252011306806,0.11042901397484685,0.8095238095238095,0.7187214611872146,0.9949431099873578,0.8345705196182397,21.0,Saxifraga.oppositifolia,0.5282452707110241,opth,1,False,mlp1,bce,msle
465,0.8501482793622992,0.1793331664809702,0.723404255319149,0.7960710944808232,0.9849537037037037,0.8804966373512675,47.0,Saxifraga.paniculata,0.5194753497999722,opth,1,False,mlp1,bce,msle
466,0.7741410488245932,0.03489504157432855,0.5,0.8779385171790235,0.9948770491803278,0.9327569644572526,10.0,Saxifraga.tridactylites,0.3779385171790235,opth,1,False,mlp1,bce,msle
467,0.7529640276590785,0.16209250532964892,0.6229508196721312,0.6881516587677725,0.9692923898531375,0.8048780487804879,61.0,Scabiosa.columbaria,0.3111024784399037,opth,1,False,mlp1,bce,msle
468,0.8467654871047896,0.22875475107878157,0.8363636363636363,0.7540056550424128,0.9888751545117429,0.8556149732620321,55.0,Scabiosa.lucida,0.590369291406049,opth,1,False,mlp1,bce,msle
469,0.6523852385238524,0.011508243905858504,0.2,0.963096309630963,0.9962756052141527,0.9794050343249427,5.0,Scabiosa.triandra,0.163096309630963,opth,1,False,mlp1,bce,msle
470,0.9832583258325833,0.49886300093196645,1.0,0.9135913591359136,1.0,0.9548447789275635,5.0,Scorzonera.humilis,0.9135913591359137,opth,1,False,mlp1,bce,msle
471,0.793089263677499,0.14572642473485373,0.5454545454545454,0.8868778280542986,0.9949238578680203,0.937799043062201,11.0,Scorzonera.laciniata,0.432332373508844,opth,1,False,mlp1,bce,msle
472,0.8419431714023832,0.1455943490102768,0.72,0.7323556370302475,0.9913151364764268,0.8423827095413812,25.0,Scutellaria.alpina,0.4523556370302475,opth,1,False,mlp1,bce,msle
473,0.9021148200500163,0.2132967609472991,0.7352941176470589,0.8530499075785583,0.990343347639485,0.916583912611718,34.0,Securigera.varia,0.5883440252256171,opth,1,False,mlp1,bce,msle
474,0.8141521539871677,0.062373322238238126,0.68,0.769019248395967,0.9905548996458088,0.8658410732714138,25.0,Sedum.acre,0.4490192483959672,opth,1,False,mlp1,bce,msle
475,0.7841152372142196,0.11287197031610828,0.6571428571428571,0.7493061979648473,0.9854014598540146,0.8512874408828166,35.0,Sedum.album,0.40644905510770446,opth,1,False,mlp1,bce,msle
476,0.8208306153511633,0.1012943456037389,0.3333333333333333,0.8648401826484018,0.9854318418314256,0.9212062256809338,21.0,Sedum.atratum,0.19817351598173505,opth,1,False,mlp1,bce,msle
477,0.7218749999999999,0.03535493297738702,0.25,0.8372727272727273,0.9871382636655949,0.9060501721593703,16.0,Sedum.montanum,0.08727272727272739,opth,1,False,mlp1,bce,msle
478,0.8250354179315929,0.10010956353214394,0.6666666666666666,0.7641165755919854,0.9928994082840237,0.8636129696345857,18.0,Sedum.rupestre,0.43078324225865217,opth,1,False,mlp1,bce,msle
479,0.8046894282188399,0.09449459285519006,0.5454545454545454,0.8072398190045249,0.9944258639910813,0.8911088911088911,11.0,Sedum.sexangulare,0.3526943644590703,opth,1,False,mlp1,bce,msle
480,0.823433242506812,0.11487482366772521,0.5333333333333333,0.8655767484105359,0.9927083333333333,0.9247937894226104,15.0,Selaginella.selaginoides,0.3989100817438693,opth,1,False,mlp1,bce,msle
481,0.8447371773097826,0.28781429797414837,0.7065217391304348,0.7919921875,0.9677804295942721,0.8711063372717508,92.0,Sempervivum.arachnoideum,0.4985139266304348,opth,1,False,mlp1,bce,msle
482,0.8867620598063577,0.31806009515896794,0.8363636363636363,0.7662582469368521,0.9890510948905109,0.8635156664896442,55.0,Sempervivum.montanum,0.6026218833004884,opth,1,False,mlp1,bce,msle
483,0.8752933688690878,0.15884647708582578,0.7391304347826086,0.7950594693504117,0.9931428571428571,0.883130081300813,23.0,Sempervivum.tectorum,0.5341899041330205,opth,1,False,mlp1,bce,msle
484,0.8638509854884124,0.33014956292639225,0.7333333333333333,0.7982456140350878,0.9715302491103203,0.8764044943820225,90.0,Senecio.doronicum,0.5315789473684212,opth,1,False,mlp1,bce,msle
485,0.8019834067928442,0.03669597956283426,0.6428571428571429,0.7150635208711433,0.9936948297604036,0.8316622691292876,14.0,Senecio.erucifolius,0.3579206637282861,opth,1,False,mlp1,bce,msle
486,0.8900325278810408,0.18941815127039738,0.975,0.7304832713754646,0.9987293519695044,0.8438003220611916,40.0,Senecio.incanus,0.7054832713754646,opth,1,False,mlp1,bce,msle
487,0.943146380079643,0.3214212683649404,0.9473684210526315,0.7429352780309936,0.9987745098039216,0.8520648196549921,19.0,Senecio.jacobaea,0.6903036990836251,opth,1,False,mlp1,bce,msle
488,0.7362307980517048,0.11400104810736493,0.5882352941176471,0.6915377616014559,0.9908735332464146,0.8145766345123259,17.0,Serratula.tinctoria,0.27977305571910294,opth,1,False,mlp1,bce,msle
489,0.8447037701974865,0.014642324888226529,0.5,0.7603231597845601,0.9988207547169812,0.8634046890927625,2.0,Seseli.annuum,0.2603231597845601,opth,1,False,mlp1,bce,msle
490,0.827841897794666,0.40753115791382755,0.696551724137931,0.772399588053553,0.9445843828715366,0.8498583569405099,145.0,Sesleria.caerulea,0.4689513121914839,opth,1,False,mlp1,bce,msle
491,0.8529649868447683,0.06047170432955882,0.5,0.8897996357012751,0.9908722109533469,0.9376199616122841,18.0,Sherardia.arvensis,0.3897996357012752,opth,1,False,mlp1,bce,msle
492,0.7917042380522994,0.032089904667540775,0.7142857142857143,0.78809738503156,0.997716894977169,0.8806045340050378,7.0,Sideritis.hyssopifolia,0.5023830993172744,opth,1,False,mlp1,bce,msle
493,0.9096510783257771,0.24789715170056603,0.918918918918919,0.7386468952734013,0.99625,0.8483235763704098,37.0,Silaum.silaus,0.6575658141923202,opth,1,False,mlp1,bce,msle
494,0.8741721854304636,0.24766903450067218,0.7796610169491526,0.804162724692526,0.984936268829664,0.8854166666666666,59.0,Silene.acaulis,0.5838237416416785,opth,1,False,mlp1,bce,msle
495,0.7598113018167219,0.030741572929770863,0.4444444444444444,0.8030713640469738,0.9944071588366891,0.8885557221389305,9.0,Silene.dioica,0.2475158084914182,opth,1,False,mlp1,bce,msle
496,0.9398962710084034,0.24165464830279787,0.9642857142857143,0.7711397058823529,0.9988095238095238,0.8703319502074689,28.0,Silene.flos.cuculi,0.7354254201680672,opth,1,False,mlp1,bce,msle
497,0.7756756756756757,0.018440828329255938,0.5,0.8378378378378378,0.9967845659163987,0.9104258443465492,6.0,Silene.flos.jovis,0.3378378378378377,opth,1,False,mlp1,bce,msle
498,0.8336732868133835,0.2656537546408993,0.7283950617283951,0.77487922705314,0.9733009708737864,0.8628294782140936,81.0,Silene.nutans,0.5032742887815351,opth,1,False,mlp1,bce,msle
499,0.9304055176998505,0.23960387180676582,0.8181818181818182,0.8793418647166362,0.9958592132505176,0.9339805825242719,22.0,Silene.otites,0.6975236828984546,opth,1,False,mlp1,bce,msle
500,0.8535649819494586,0.04909665162006094,0.5,0.8898916967509025,0.9959595959595959,0.9399428026692088,8.0,Silene.rupestris,0.3898916967509025,opth,1,False,mlp1,bce,msle
501,0.781285017169709,0.2921980574626179,0.5363636363636364,0.7892644135188867,0.9396449704142011,0.857914640734738,110.0,Silene.vulgaris,0.32562804988252303,opth,1,False,mlp1,bce,msle
502,0.52890086852351,0.004103317657408104,0.0,0.9523809523809523,0.9971777986829727,0.9742647058823529,3.0,Sinapis.arvensis,-0.04761904761904767,opth,1,False,mlp1,bce,msle
503,0.8349807270115234,0.28017310903698944,0.5979381443298969,0.8135426889106968,0.9550691244239631,0.8786433492315845,97.0,Soldanella.alpina,0.4114808332405937,opth,1,False,mlp1,bce,msle
504,0.9536261754476362,0.2916772370889339,1.0,0.8593327321911632,1.0,0.9243452958292919,7.0,Solidago.gigantea,0.8593327321911632,opth,1,False,mlp1,bce,msle
505,0.7958362738179252,0.10373515091727795,0.5769230769230769,0.8697247706422019,0.9885297184567258,0.9253294289897511,26.0,Solidago.virgaurea,0.44664784756527887,opth,1,False,mlp1,bce,msle
506,0.7521778909264489,0.043591977784389356,0.6521739130434783,0.717291857273559,0.98989898989899,0.8318302387267904,23.0,Stachys.officinalis,0.3694657703170372,opth,1,False,mlp1,bce,msle
507,0.8005132905591201,0.09808999061822633,0.56,0.8194317140238313,0.9878453038674033,0.8957915831663327,25.0,Stachys.pradica,0.37943171402383147,opth,1,False,mlp1,bce,msle
508,0.855426518797517,0.214922502705973,0.9074074074074074,0.7005649717514124,0.9933244325767691,0.8216454997239094,54.0,Stachys.recta,0.6079723791588199,opth,1,False,mlp1,bce,msle
509,0.8775977404489371,0.22594199405395374,0.8387096774193549,0.7133640552995392,0.993581514762516,0.8304721030042919,31.0,Stellaria.graminea,0.552073732718894,opth,1,False,mlp1,bce,msle
510,0.8933889891696751,0.06761885022352113,0.75,0.8510830324909747,0.9978835978835979,0.9186556259132976,8.0,Stipa.capillata,0.6010830324909748,opth,1,False,mlp1,bce,msle
511,0.8450212507589557,0.16282013070400114,0.6666666666666666,0.9116575591985429,0.9940417080436942,0.9510688836104513,18.0,Stipa.eriocaulis,0.5783242258652095,opth,1,False,mlp1,bce,msle
512,0.8174811325804208,0.15706347171410812,0.5882352941176471,0.7952684258416742,0.9920544835414302,0.8828282828282829,17.0,Succisa.pratensis,0.3835037199593212,opth,1,False,mlp1,bce,msle
513,0.8119359205776173,0.2560828366931337,0.5,0.9187725631768953,0.9960861056751468,0.955868544600939,8.0,Symphytum.officinale,0.41877256317689526,opth,1,False,mlp1,bce,msle
514,0.8959959707882146,0.20972545813171792,0.9090909090909091,0.7599261311172668,0.9963680387409201,0.8622315348349922,33.0,Taraxacum.alpinum,0.6690170402081759,opth,1,False,mlp1,bce,msle
515,0.8309849521203831,0.4473816785421893,0.8294117647058824,0.671247357293869,0.9563253012048193,0.7888198757763976,170.0,Taraxacum.officinale,0.5006591219997514,opth,1,False,mlp1,bce,msle
516,0.6687631027253669,0.0056752436339592306,0.3333333333333333,0.8517520215633423,0.9978947368421053,0.9190499272903538,3.0,Tephroseris.integrifolia,0.18508535489667555,opth,1,False,mlp1,bce,msle
517,0.8330341113105925,0.5026737967914439,0.5,0.895870736086176,0.998998998998999,0.9446284902981543,2.0,Teucrium.botrys,0.39587073608617596,opth,1,False,mlp1,bce,msle
518,0.8989283365597474,0.48793594086056474,0.8037383177570093,0.8206144697720515,0.9752650176678446,0.891280947255113,107.0,Teucrium.chamaedrys,0.6243527875290609,opth,1,False,mlp1,bce,msle
519,0.8520576131687243,0.20581450238958016,0.6388888888888888,0.8611111111111112,0.9862142099681867,0.9194265941670786,36.0,Teucrium.montanum,0.5,opth,1,False,mlp1,bce,msle
520,0.8073807380738074,0.018149818157233804,0.4,0.7443744374437443,0.9963855421686747,0.8521380731581659,5.0,Thalictrum.alpinum,0.14437443744374434,opth,1,False,mlp1,bce,msle
521,0.8517520215633423,0.03183734433734434,0.6666666666666666,0.7250673854447439,0.9987623762376238,0.8401874023945861,3.0,Thalictrum.aquilegiifolium,0.39173405211141055,opth,1,False,mlp1,bce,msle
522,0.8113793288015843,0.058657173205613054,0.6470588235294118,0.8398544131028207,0.9935414424111948,0.9102564102564102,17.0,Thalictrum.minus,0.4869132366322324,opth,1,False,mlp1,bce,msle
523,0.9919282511210762,0.1,1.0,0.4968609865470852,1.0,0.6638705811863391,1.0,Thalictrum.simplex,0.4968609865470852,opth,1,False,mlp1,bce,msle
524,0.773580586080586,0.10511377258227231,0.4583333333333333,0.8186813186813187,0.9856670341786108,0.894447223611806,24.0,Thesium.alpinum,0.2770146520146519,opth,1,False,mlp1,bce,msle
525,0.8783498946100572,0.061881563386891957,0.7777777777777778,0.8012646793134598,0.9977502812148481,0.8887775551102205,9.0,Thesium.linophyllon,0.5790424570912376,opth,1,False,mlp1,bce,msle
526,0.7480355532654901,0.06950398575906798,0.5714285714285714,0.6979260595130748,0.9961389961389961,0.8207847295864263,7.0,Thesium.pyrenaicum,0.26935463094164636,opth,1,False,mlp1,bce,msle
527,0.7347396768402153,0.004929780684878799,0.0,0.8904847396768402,0.9979879275653923,0.9411764705882353,2.0,Tofieldia.calyculata,-0.10951526032315984,opth,1,False,mlp1,bce,msle
528,0.6450030193236715,0.015116106165568216,0.08333333333333333,0.8822463768115942,0.9888324873096447,0.932503590234562,12.0,Tragopogon.dubius,-0.034420289855072395,opth,1,False,mlp1,bce,msle
529,0.8337985389227829,0.4894372398296863,0.8151658767772512,0.7049723756906078,0.9423929098966026,0.8065739570164349,211.0,Tragopogon.pratensis,0.5201382524678588,opth,1,False,mlp1,bce,msle
530,0.8569886363636363,0.11399278032306322,0.6875,0.85,0.9946808510638298,0.9166666666666666,16.0,Traunsteinera.globosa,0.5375000000000001,opth,1,False,mlp1,bce,msle
531,0.831702544031311,0.10885799957168088,0.7619047619047619,0.8045662100456621,0.9943566591422122,0.889449772841999,21.0,Trifolium.alpestre,0.566470971950424,opth,1,False,mlp1,bce,msle
532,0.8437359676695105,0.291882494760821,0.8676470588235294,0.6898854961832062,0.9877049180327869,0.8123595505617978,68.0,Trifolium.alpinum,0.5575325550067356,opth,1,False,mlp1,bce,msle
533,0.8240387526491069,0.129250469730325,0.8,0.7120799273387829,0.9961880559085133,0.8305084745762712,15.0,Trifolium.arvense,0.512079927338783,opth,1,False,mlp1,bce,msle
534,0.936993699369937,0.2656299165191094,1.0,0.585058505850585,1.0,0.7382169222032936,5.0,Trifolium.aureum,0.585058505850585,opth,1,False,mlp1,bce,msle
535,0.8037870881168928,0.14484323787827075,0.7017543859649122,0.7516525023607177,0.9790897908979089,0.8504273504273504,57.0,Trifolium.badium,0.4534068883256299,opth,1,False,mlp1,bce,msle
536,0.8571484152098356,0.3005026337745253,0.6486486486486487,0.8349328214971209,0.9709821428571429,0.8978328173374613,74.0,Trifolium.campestre,0.48358147014576947,opth,1,False,mlp1,bce,msle
537,0.9001543209876542,0.19886132320484573,0.9166666666666666,0.7555555555555555,0.9963369963369964,0.8593996840442338,36.0,Trifolium.dubium,0.672222222222222,opth,1,False,mlp1,bce,msle
538,0.7670688332519702,0.02713512372635615,0.23076923076923078,0.8748866727107888,0.9897435897435898,0.9287776708373436,13.0,Trifolium.medium,0.10565590348001952,opth,1,False,mlp1,bce,msle
539,0.7714343258030948,0.3147249460498328,0.6129032258064516,0.7658688865764828,0.9246231155778895,0.8377916903813318,155.0,Trifolium.montanum,0.3787721123829344,opth,1,False,mlp1,bce,msle
540,0.7079294232512727,0.022249381626036298,0.46153846153846156,0.7271078875793291,0.9913473423980222,0.8389121338912134,13.0,Trifolium.ochroleucon,0.18864634911779055,opth,1,False,mlp1,bce,msle
541,0.770461506481358,0.6852841537838401,0.7274549098196392,0.6936790923824959,0.7588652482269503,0.724809483488569,499.0,Trifolium.pratense,0.42113400220213526,opth,1,False,mlp1,bce,msle
542,0.7659438775510203,0.3306566411524156,0.7959183673469388,0.6184782608695653,0.9343185550082101,0.7442773054283846,196.0,Trifolium.repens,0.41439662821650414,opth,1,False,mlp1,bce,msle
543,0.7895143630039932,0.06649795272979628,0.8571428571428571,0.5527502254283138,0.998371335504886,0.7115496227510156,7.0,Trifolium.rubens,0.40989308257117085,opth,1,False,mlp1,bce,msle
544,0.8932432432432432,0.13329538627881712,0.8333333333333334,0.7378378378378379,0.998780487804878,0.8487046632124352,6.0,Trifolium.scabrum,0.5711711711711711,opth,1,False,mlp1,bce,msle
545,0.7945945945945947,0.1788827527079872,0.6666666666666666,0.6594594594594595,0.997275204359673,0.7939262472885033,6.0,Trifolium.striatum,0.3261261261261261,opth,1,False,mlp1,bce,msle
546,0.8742306304448684,0.33889670717576825,0.7684210526315789,0.8178256611165524,0.9743290548424738,0.8892438764643238,95.0,Trifolium.thalii,0.5862467137481313,opth,1,False,mlp1,bce,msle
547,0.9014172862453531,0.3349638713330308,0.675,0.9349442379182156,0.9872423945044161,0.960381861575179,40.0,Trinia.glauca,0.6099442379182156,opth,1,False,mlp1,bce,msle
548,0.9238738738738739,0.03786128573705102,1.0,0.681981981981982,1.0,0.8109266202463846,6.0,Trisetum.distichophyllum,0.6819819819819819,opth,1,False,mlp1,bce,msle
549,0.8224292615596964,0.5893839168225763,0.6992753623188406,0.7952380952380952,0.8894806924101198,0.8397234443746072,276.0,Trisetum.flavescens,0.4945134575569359,opth,1,False,mlp1,bce,msle
550,0.8496621621621622,0.28916803889515136,0.7125,0.8204633204633205,0.9736540664375716,0.8905185961236249,80.0,Trollius.europaeus,0.5329633204633204,opth,1,False,mlp1,bce,msle
551,,-0.0,0.0,0.6281362007168458,1.0,0.7716015410016511,0.0,Turritis.glabra,-0.37186379928315416,opth,1,False,mlp1,bce,msle
552,0.5854430379746836,0.012528974702326012,0.4,0.6889692585895117,0.9921875,0.8132337246531484,10.0,Tussilago.farfara,0.08896925858951166,opth,1,False,mlp1,bce,msle
553,0.5852054240032382,0.024111319971788107,0.16666666666666666,0.900728597449909,0.9850597609561753,0.9410085632730733,18.0,Urtica.dioica,0.06739526411657559,opth,1,False,mlp1,bce,msle
554,0.835965703971119,0.06670305691409374,0.375,0.881768953068592,0.994908350305499,0.9349282296650717,8.0,Valeriana.dioica,0.25676895306859215,opth,1,False,mlp1,bce,msle
555,0.8270682367149758,0.04049339432637609,0.6666666666666666,0.7871376811594203,0.995418098510882,0.8791097622660596,12.0,Valeriana.montana,0.4538043478260869,opth,1,False,mlp1,bce,msle
556,0.8553163731245924,0.09078849148522172,0.8095238095238095,0.7926940639269406,0.9954128440366973,0.8825622775800712,21.0,Valeriana.officinalis,0.6022178734507502,opth,1,False,mlp1,bce,msle
557,0.8871701546860783,0.10403829792309455,0.9411764705882353,0.6660600545950864,0.9986357435197817,0.7991266375545851,17.0,Valerianella.dentata,0.6072365251833216,opth,1,False,mlp1,bce,msle
558,0.8377850617197852,0.0536134927035368,0.6923076923076923,0.7597461468721668,0.995249406175772,0.8616966580976864,13.0,Valerianella.locusta,0.4520538391798592,opth,1,False,mlp1,bce,msle
559,0.805999263096296,0.17805845432283116,0.3023255813953488,0.9282385834109972,0.9707602339181286,0.949023344449738,43.0,Veratrum.album,0.23056416480634612,opth,1,False,mlp1,bce,msle
560,0.835389809699202,0.1536222259139919,0.6666666666666666,0.8158379373848987,0.9888392857142857,0.8940464177598385,30.0,Verbascum.lychnitis,0.48250460405156526,opth,1,False,mlp1,bce,msle
561,0.8311219889218086,0.03358448282256049,1.0,0.6537421100090172,1.0,0.7906215921483097,7.0,Verbascum.nigrum,0.6537421100090173,opth,1,False,mlp1,bce,msle
562,0.6681681681681682,0.009700996807134533,0.5,0.6918918918918919,0.9961089494163424,0.8165869218500797,6.0,Verbascum.thapsus,0.19189189189189193,opth,1,False,mlp1,bce,msle
563,0.7954136690647482,0.028521951457084416,0.5,0.7760791366906474,0.9976878612716763,0.8730399595346484,4.0,Verbena.officinalis,0.27607913669064743,opth,1,False,mlp1,bce,msle
564,0.898456186127419,0.223992761989107,0.6666666666666666,0.869406392694064,0.9927007299270073,0.9269717624148004,21.0,Veronica.aphylla,0.5360730593607306,opth,1,False,mlp1,bce,msle
565,0.8080909292559985,0.3400102385060057,0.8045112781954887,0.6642929806714141,0.9617083946980854,0.7858002406738869,133.0,Veronica.arvensis,0.4688042588669028,opth,1,False,mlp1,bce,msle
566,0.8453355627306274,0.11099394103155512,0.625,0.834870848708487,0.9869138495092693,0.9045477261369316,32.0,Veronica.bellidioides,0.45987084870848705,opth,1,False,mlp1,bce,msle
567,0.812268393221468,0.26124965472729894,0.8191489361702128,0.6575342465753424,0.9753265602322206,0.7855055523085914,94.0,Veronica.chamaedrys,0.4766831827455551,opth,1,False,mlp1,bce,msle
568,0.8255359813860728,0.07261435513309715,0.8636363636363636,0.7047531992687386,0.9961240310077519,0.8254817987152034,22.0,Veronica.fruticans,0.5683895629051023,opth,1,False,mlp1,bce,msle
569,0.7897574123989218,0.009091889103678103,0.3333333333333333,0.8337825696316262,0.9978494623655914,0.9084679393049437,3.0,Veronica.fruticulosa,0.1671159029649596,opth,1,False,mlp1,bce,msle
570,0.8113677536231885,0.04283132387422805,0.4166666666666667,0.8568840579710145,0.9926547743966422,0.9197860962566845,12.0,Veronica.officinalis,0.27355072463768115,opth,1,False,mlp1,bce,msle
571,0.7900568181818182,0.03898487449899096,0.75,0.7063636363636364,0.9948783610755442,0.8261562998405104,16.0,Veronica.persica,0.4563636363636365,opth,1,False,mlp1,bce,msle
572,0.5162969752520623,0.026520600579504408,0.48,0.6452795600366636,0.9818688981868898,0.7787610619469026,25.0,Veronica.serpyllifolia,0.12527956003666363,opth,1,False,mlp1,bce,msle
573,0.8260327200087658,0.3171073545415362,0.7983193277310925,0.7452357071213641,0.9687092568448501,0.8424036281179138,119.0,Vicia.cracca,0.5435550348524565,opth,1,False,mlp1,bce,msle
574,0.9116651277316098,0.35324964210833465,0.6363636363636364,0.8910433979686058,0.9877175025588536,0.9368932038834952,33.0,Vicia.hirsuta,0.5274070343322421,opth,1,False,mlp1,bce,msle
575,0.7266887483689651,0.04397499976902697,0.3333333333333333,0.8328816621499548,0.9935344827586207,0.9061425061425061,9.0,Vicia.onobrychioides,0.1662149954832881,opth,1,False,mlp1,bce,msle
576,0.873080790501605,0.3431265474150173,0.6274509803921569,0.873767258382643,0.9588744588744589,0.9143446852425181,102.0,Vicia.sativa,0.5012182387747999,opth,1,False,mlp1,bce,msle
577,0.8541743400859423,0.14553969463143154,0.4666666666666667,0.9226519337016574,0.9842829076620825,0.9524714828897338,30.0,Vicia.sepium,0.3893186003683242,opth,1,False,mlp1,bce,msle
578,0.7535190176699611,0.015117832659155133,0.3333333333333333,0.8086253369272237,0.9977827050997783,0.8933002481389578,3.0,Vicia.tetrasperma,0.14195867026055708,opth,1,False,mlp1,bce,msle
579,0.703254972875226,0.10372960428579839,0.3,0.8788426763110307,0.992849846782431,0.9323741007194245,10.0,Vincetoxicum.hirundinaria,0.17884267631103068,opth,1,False,mlp1,bce,msle
580,0.8239082828803297,0.02639411621175495,0.7142857142857143,0.7033363390441839,0.9974424552429667,0.8249603384452671,7.0,Viola.arvensis,0.4176220533298982,opth,1,False,mlp1,bce,msle
581,0.9991031390134529,0.5,1.0,0.9847533632286996,1.0,0.9923181201988251,1.0,Viola.biflora,0.9847533632286996,opth,1,False,mlp1,bce,msle
582,0.8651151184018702,0.25824891431964636,0.726027397260274,0.840843720038351,0.9777034559643255,0.9041237113402062,73.0,Viola.calcarata,0.5668711172986249,opth,1,False,mlp1,bce,msle
583,0.7496383363471971,0.022830318764426046,0.6,0.7730560578661845,0.9953434225844005,0.8702290076335878,10.0,Viola.hirta,0.37305605786618434,opth,1,False,mlp1,bce,msle
584,0.6471997604073075,0.008576218605383048,0.6666666666666666,0.5022461814914645,0.9982142857142857,0.6682606096832038,3.0,Viola.rupestris,0.168912848158131,opth,1,False,mlp1,bce,msle
585,0.6242152466367713,0.002380952380952381,1.0,0.5964125560538116,1.0,0.7471910112359551,1.0,Vulpia.myuros,0.5964125560538116,opth,1,False,mlp1,bce,msle
586,0.7875821203143115,0.016400620582805652,0.7142857142857143,0.7069431920649234,0.9974554707379135,0.8274406332453826,7.0,Athamanta.cretensis,0.4212289063506378,opth,1,False,mlp1,bce,msle
587,0.8473528275151359,0.04360730329085632,0.7142857142857143,0.8710550045085663,0.9979338842975206,0.9301877708233028,7.0,Bupleurum.baldense,0.5853407187942805,opth,1,False,mlp1,bce,msle
588,0.7072320245484343,0.03660429691934879,0.46153846153846156,0.8966455122393472,0.9929718875502008,0.9423535016674607,13.0,Imperatoria.ostruthium,0.35818397377780875,opth,1,False,mlp1,bce,msle
589,0.8588235294117647,0.063970109625548,0.7272727272727273,0.8343891402714932,0.9967567567567568,0.9083743842364532,11.0,Laserpitium.gallicum,0.5616618675442204,opth,1,False,mlp1,bce,msle
590,0.98014440433213,0.3367637690527716,0.75,0.9485559566787004,0.9981006647673314,0.972697825080981,8.0,Oenanthe.silaifolia,0.6985559566787005,opth,1,False,mlp1,bce,msle
591,0.9725135623869801,0.19353142471563525,1.0,0.9195298372513563,1.0,0.958078191238813,10.0,Seseli.galloprovinciale,0.9195298372513563,opth,1,False,mlp1,bce,msle
592,0.543839928057554,0.004690045166116328,0.0,0.8120503597122302,0.9955898566703418,0.8945022288261516,4.0,Torilis.leptophylla,-0.18794964028776984,opth,1,False,mlp1,bce,msle
593,0.9451714801444044,0.09667704221708544,0.875,0.8709386281588448,0.9989648033126294,0.9305689488910318,8.0,Achillea.ptarmica,0.7459386281588447,opth,1,False,mlp1,bce,msle
594,1.0,1.0,1.0,0.884304932735426,1.0,0.9386006663493575,1.0,Artemisia.alba,0.884304932735426,opth,1,False,mlp1,bce,msle
595,0.8237673477927331,0.09950539478017954,0.5384615384615384,0.8812330009066183,0.9938650306748467,0.9341662662181643,13.0,Bombycilaena.erecta,0.4196945393681566,opth,1,False,mlp1,bce,msle
596,0.9236983842010772,0.022717198581560284,0.5,0.9093357271095153,0.9990138067061144,0.9520676691729323,2.0,Cacalia.alliariae,0.40933572710951527,opth,1,False,mlp1,bce,msle
597,0.6257897111913358,0.024770570940714654,0.5,0.8456678700361011,0.9957492029755579,0.9145924841386042,8.0,Cacalia.alpina,0.3456678700361011,opth,1,False,mlp1,bce,msle
598,0.8145233812949642,0.01459881061632362,0.75,0.5935251798561151,0.9984871406959153,0.7445008460236887,4.0,Carduus.nigrescens,0.34352517985611497,opth,1,False,mlp1,bce,msle
599,0.8737145207733443,0.05752995511616515,0.7272727272727273,0.8407239819004525,0.9967811158798283,0.9121256750122729,11.0,Catananche.caerulea,0.5679967091731797,opth,1,False,mlp1,bce,msle
600,0.80510112070076,0.02858250684683978,0.8571428571428571,0.7033363390441839,0.998719590268886,0.8253968253968254,7.0,Centaurea.alpestris,0.560479196187041,opth,1,False,mlp1,bce,msle
601,0.7713698066639243,0.04306504495465966,0.5454545454545454,0.746606334841629,0.9939759036144579,0.8527131782945736,11.0,Centaurea.paniculata,0.2920608802961744,opth,1,False,mlp1,bce,msle
602,0.6692895683453237,0.0880480040141176,0.25,0.7922661870503597,0.996606334841629,0.8827655310621243,4.0,Centaurea.triumfetti,0.04226618705035978,opth,1,False,mlp1,bce,msle
603,0.8697439353099731,0.30172121185437595,0.8214285714285714,0.8047169811320755,0.9884125144843569,0.8871554862194487,56.0,Centaurea.uniflora,0.6261455525606467,opth,1,False,mlp1,bce,msle
604,0.9304308797127468,0.020323559150657228,1.0,0.8330341113105925,1.0,0.9089128305582762,2.0,Cirsium.ferox,0.8330341113105924,opth,1,False,mlp1,bce,msle
605,0.903645497874533,0.056294844991334976,0.8571428571428571,0.7844905320108205,0.9988518943742825,0.8787878787878788,7.0,Cirsium.morisianum,0.6416333891536776,opth,1,False,mlp1,bce,msle
606,0.9602102102102102,0.09976434526735237,1.0,0.736936936936937,1.0,0.8485477178423236,6.0,Cirsium.rivulare,0.736936936936937,opth,1,False,mlp1,bce,msle
607,0.822072072072072,0.029173373512570495,0.6666666666666666,0.7810810810810811,0.997698504027618,0.876200101061142,6.0,Crepis.albida,0.44774774774774784,opth,1,False,mlp1,bce,msle
608,0.8955044859185338,0.12723219417817547,0.9473684210526315,0.6882406563354604,0.9986772486772487,0.8148947652455477,19.0,Crepis.nicaeensis,0.635609077388092,opth,1,False,mlp1,bce,msle
609,0.7692307692307693,0.02916041794144999,0.15384615384615385,0.9383499546690843,0.9894837476099426,0.9632387156817124,13.0,Doronicum.grandiflorum,0.09219610851523807,opth,1,False,mlp1,bce,msle
610,0.8484508383498282,0.18271947168840963,0.5555555555555556,0.859504132231405,0.9873417721518988,0.9189985272459499,27.0,Echinops.ritro,0.41505968778696056,opth,1,False,mlp1,bce,msle
611,0.8581384892086331,0.018526628750149318,0.25,0.8516187050359713,0.9968421052631579,0.918525703200776,4.0,Erigeron.atticus,0.10161870503597115,opth,1,False,mlp1,bce,msle
612,0.8975741239892183,0.3573412698412698,0.6666666666666666,0.7996406109613656,0.9988776655443322,0.8882235528942116,3.0,Filago.vulgaris,0.46630727762803215,opth,1,False,mlp1,bce,msle
613,0.8855085508550855,0.04612477469620327,0.6,0.891989198919892,0.9979859013091642,0.9420152091254753,5.0,Helichrysum.stoechas,0.4919891989198919,opth,1,False,mlp1,bce,msle
614,0.7809694793536804,0.007514597613607515,0.0,0.9425493716337523,0.9980988593155894,0.9695290858725761,2.0,Hieracium.glanduliferum,-0.0574506283662477,opth,1,False,mlp1,bce,msle
615,0.8103233125354509,0.16559684327916147,0.6341463414634146,0.7730232558139535,0.9822695035460993,0.8651743883394065,41.0,Pilosella.peleteriana,0.4071695972773681,opth,1,False,mlp1,bce,msle
616,0.7461815622018655,0.20342251846931492,0.5607476635514018,0.7888999008919723,0.9442467378410438,0.8596112311015118,107.0,Pilosella.officinarum,0.3496475644433741,opth,1,False,mlp1,bce,msle
617,0.878576310907138,0.3239661036931092,0.7631578947368421,0.8302411873840445,0.9900442477876106,0.9031281533804238,38.0,Hieracium.rionii,0.5933990821208868,opth,1,False,mlp1,bce,msle
618,0.9191830524344569,0.3956452431774004,0.6875,0.8895131086142322,0.9844559585492227,0.9345794392523364,48.0,Pilosella.corymbuloides,0.5770131086142323,opth,1,False,mlp1,bce,msle
619,0.826759008330824,0.16443652639755513,0.6666666666666666,0.9096657633242999,0.997029702970297,0.9513462446858763,9.0,Inula.montana,0.5763324299909667,opth,1,False,mlp1,bce,msle
620,0.8900931278098908,0.34531657761809104,0.8333333333333334,0.8140655105973025,0.9848484848484849,0.8913502109704642,78.0,Leontodon.pyrenaicus,0.647398843930636,opth,1,False,mlp1,bce,msle
621,0.8183655550585623,0.18494662616978014,0.5964912280701754,0.8149197355996223,0.9740406320541761,0.8874035989717224,57.0,Leucanthemum.adustum,0.4114109636697978,opth,1,False,mlp1,bce,msle
622,0.9359787990794337,0.22000175504349392,0.7692307692307693,0.8839528558476881,0.9969325153374233,0.937049495434887,13.0,Leucanthemum.atratum,0.6531836250784573,opth,1,False,mlp1,bce,msle
623,0.9274976213130353,0.3890397669728213,0.7692307692307693,0.8886774500475737,0.9841938883034773,0.934,65.0,Omalotheca.supina,0.657908219278343,opth,1,False,mlp1,bce,msle
624,0.8059802158273381,0.017606123974498355,0.75,0.7877697841726619,0.9988597491448119,0.8808446455505279,4.0,Omalotheca.sylvatica,0.5377697841726619,opth,1,False,mlp1,bce,msle
625,0.8493560946391134,0.028623175813184732,0.6666666666666666,0.894878706199461,0.9989969909729187,0.9440758293838862,3.0,Pulicaria.dysenterica,0.5615453728661275,opth,1,False,mlp1,bce,msle
626,0.6880072137060415,0.020849831325714635,0.42857142857142855,0.8899909828674482,0.9959636730575177,0.94,7.0,Scorzonera.hispanica,0.31856241143887676,opth,1,False,mlp1,bce,msle
627,0.9778179263274115,0.3497742761822078,1.0,0.8644986449864499,1.0,0.9273255813953488,9.0,Senecio.aquaticus,0.8644986449864498,opth,1,False,mlp1,bce,msle
628,0.8347571942446043,0.014499134215396484,1.0,0.6654676258992805,1.0,0.7991360691144709,4.0,Senecio.vulgaris,0.6654676258992804,opth,1,False,mlp1,bce,msle
629,0.9881543321299638,0.43366529304029305,1.0,0.7283393501805054,1.0,0.8428198433420365,8.0,Serratula.lycopifolia,0.7283393501805056,opth,1,False,mlp1,bce,msle
630,0.825696316262354,0.03904263185327951,0.3333333333333333,0.8059299191374663,0.9977753058954394,0.8916500994035785,3.0,Serratula.nudicaulis,0.13926325247079951,opth,1,False,mlp1,bce,msle
631,0.8057057057057058,0.03843581139029892,0.6666666666666666,0.8045045045045045,0.9977653631284916,0.8907730673316708,6.0,Sonchus.asper,0.471171171171171,opth,1,False,mlp1,bce,msle
632,0.751939217948208,0.10958103106459076,0.4782608695652174,0.8774016468435498,0.9876416065911432,0.9292635658914729,23.0,Taraxacum.erythrospermum,0.3556625164087672,opth,1,False,mlp1,bce,msle
633,0.3932432432432432,0.04563862112032117,0.16666666666666666,0.8675675675675676,0.9948347107438017,0.9268527430221367,6.0,Taraxacum.palustre,0.03423423423423433,opth,1,False,mlp1,bce,msle
634,0.8794964028776978,0.025461623106442455,1.0,0.7967625899280576,1.0,0.8868868868868869,4.0,Tolpis.staticifolia,0.7967625899280577,opth,1,False,mlp1,bce,msle
635,0.46271338724168914,0.0031984420972603457,0.0,0.8607367475292004,0.9968782518210197,0.9238187078109933,3.0,Tragopogon.crocifolius,-0.13926325247079963,opth,1,False,mlp1,bce,msle
636,0.911710340328368,0.18693626851559425,0.9117647058823529,0.7744916820702403,0.9964328180737217,0.8715548621944877,34.0,Cerinthe.minor,0.6862563879525934,opth,1,False,mlp1,bce,msle
637,0.7990416292303085,0.008500925434149325,1.0,0.655884995507637,1.0,0.7921866521975041,3.0,Cynoglossum.officinale,0.6558849955076371,opth,1,False,mlp1,bce,msle
638,0.822262118491921,0.007355547678128323,1.0,0.5951526032315978,1.0,0.7462014631401238,2.0,Lithospermum.arvense,0.5951526032315977,opth,1,False,mlp1,bce,msle
639,0.8319168173598553,0.06661909985939561,0.8,0.7649186256781193,0.9976415094339622,0.8659160696008188,10.0,Myosotis.decumbens,0.5649186256781193,opth,1,False,mlp1,bce,msle
640,0.8358744394618834,0.005434782608695652,0.0,0.9139013452914798,0.9990196078431373,0.9545667447306792,1.0,Myosotis.discolor,-0.08609865470852018,opth,1,False,mlp1,bce,msle
641,0.9044464518719261,0.04525859466037267,0.7777777777777778,0.8383017163504969,0.9978494623655914,0.9111438389788905,9.0,Pulmonaria.angustifolia,0.6160794941282748,opth,1,False,mlp1,bce,msle
642,0.8707284172661871,0.026929392446633827,0.75,0.7230215827338129,0.9987577639751553,0.838810641627543,4.0,Alyssum.alpestre,0.4730215827338129,opth,1,False,mlp1,bce,msle
643,0.8207207207207208,0.0168470078935458,0.16666666666666666,0.8585585585585586,0.9947807933194155,0.9216634429400387,6.0,Alyssum.montanum,0.02522522522522519,opth,1,False,mlp1,bce,msle
644,0.7956795679567957,0.014328977830063866,0.6,0.8010801080108011,0.9977578475336323,0.8886669995007489,5.0,Arabis.alpina,0.4010801080108011,opth,1,False,mlp1,bce,msle
645,0.7345345345345344,0.026589484828839664,0.16666666666666666,0.9522522522522523,0.995291902071563,0.9732965009208103,6.0,Arabis.auriculata,0.11891891891891904,opth,1,False,mlp1,bce,msle
646,0.9289330922242315,0.1336728377332327,0.6,0.9285714285714286,0.9961202715809894,0.9611605053813758,10.0,Cardamine.bellidifolia,0.5285714285714285,opth,1,False,mlp1,bce,msle
647,0.8605839416058394,0.0742577266756464,0.25,0.9470802919708029,0.9857549857549858,0.9660307119590508,20.0,Cardamine.resedifolia,0.1970802919708028,opth,1,False,mlp1,bce,msle
648,0.757957957957958,0.019789757542858714,0.16666666666666666,0.9405405405405406,0.9952335557673975,0.9671144048170449,6.0,Iberis.pinnata,0.10720720720720722,opth,1,False,mlp1,bce,msle
649,0.7746031746031746,0.05209436306524172,0.7142857142857143,0.6520547945205479,0.9916666666666667,0.7867768595041322,21.0,Kandis.perfoliata,0.3663405088062621,opth,1,False,mlp1,bce,msle
650,0.8240506329113924,0.03474234867485619,0.8,0.759493670886076,0.997624703087886,0.8624229979466119,10.0,Noccaea.brachypetala,0.559493670886076,opth,1,False,mlp1,bce,msle
651,0.7855985598559856,0.016365512450917937,0.4,0.9126912691269127,0.9970501474926253,0.9530075187969925,5.0,Pritzelago.alpina,0.3126912691269128,opth,1,False,mlp1,bce,msle
652,0.7497757847533633,0.0035714285714285713,0.0,0.8251121076233184,0.998914223669924,0.9037328094302554,1.0,Sisymbrium.austriacum,-0.17488789237668156,opth,1,False,mlp1,bce,msle
653,0.7607913669064748,0.009643083746100513,0.5,0.8453237410071942,0.9978768577494692,0.9152872444011685,4.0,Campanula.alpestris,0.3453237410071943,opth,1,False,mlp1,bce,msle
654,0.8875992171360226,0.15832909959891509,0.38235294117647056,0.922365988909427,0.9793915603532876,0.9500237981913374,34.0,Phyteuma.globulariifolium,0.30471893008589745,opth,1,False,mlp1,bce,msle
655,0.8846009741476208,0.10851493094315559,0.7647058823529411,0.7961783439490446,0.9954493742889647,0.884732052578362,17.0,Phyteuma.michelii,0.5608842263019858,opth,1,False,mlp1,bce,msle
656,0.8657542267437606,0.2952007058986575,0.6923076923076923,0.8392007611798288,0.9778270509977827,0.9032258064516129,65.0,Arenaria.gothica,0.531508453487521,opth,1,False,mlp1,bce,msle
657,0.8586201690821256,0.03877389528618415,0.08333333333333333,0.9338768115942029,0.989443378119002,0.9608574091332712,12.0,Cerastium.cerastoides,0.017210144927536142,opth,1,False,mlp1,bce,msle
658,0.9310084541062802,0.08986795101585429,1.0,0.7436594202898551,1.0,0.852987012987013,12.0,Dianthus.hyssopifolius,0.743659420289855,opth,1,False,mlp1,bce,msle
659,0.8310820624546115,0.2143575101741237,0.6888888888888889,0.7675070028011205,0.9832535885167464,0.8620870477189303,45.0,Dianthus.pavonius,0.4563958916900095,opth,1,False,mlp1,bce,msle
660,0.8509963768115942,0.06956857601663594,0.3333333333333333,0.9184782608695652,0.9921722113502935,0.9539040451552211,12.0,Minuartia.hybrida,0.25181159420289845,opth,1,False,mlp1,bce,msle
661,0.8817281728172818,0.02743542978986902,1.0,0.6318631863186318,1.0,0.7744070601213459,5.0,Minuartia.rupestris,0.6318631863186317,opth,1,False,mlp1,bce,msle
662,0.9058731503813311,0.2543067308580925,0.7241379310344828,0.8667296786389413,0.9828510182207931,0.9211451531893521,58.0,Minuartia.sedoides,0.590867609673424,opth,1,False,mlp1,bce,msle
663,0.8842712842712843,0.2897457710025523,0.8181818181818182,0.8104761904761905,0.9860950173812283,0.8897020386826974,66.0,Sagina.glabra,0.6286580086580087,opth,1,False,mlp1,bce,msle
664,0.8905490549054905,0.0245110326985551,1.0,0.774077407740774,1.0,0.8726534753932014,5.0,Sagina.saginoides,0.7740774077407742,opth,1,False,mlp1,bce,msle
665,0.883996383363472,0.08983377295750031,0.8,0.7929475587703436,0.9977246871444824,0.8836272040302267,10.0,Silene.italica,0.5929475587703437,opth,1,False,mlp1,bce,msle
666,0.8406599450045829,0.08902348494047085,0.88,0.6324472960586618,0.9956709956709957,0.773542600896861,25.0,Silene.latifolia,0.5124472960586619,opth,1,False,mlp1,bce,msle
667,0.7308730873087308,0.009862383963175589,0.0,0.9585958595859586,0.9953271028037384,0.9766162310866575,5.0,Silene.suecica,-0.04140414041404139,opth,1,False,mlp1,bce,msle
668,0.587413978280759,0.043954292450720925,0.30434782608695654,0.8664226898444648,0.9833852544132918,0.9212062256809338,23.0,Chenopodium.bonus.henricus,0.17077051593142123,opth,1,False,mlp1,bce,msle
669,0.8726670824737321,0.13816819829669943,0.7894736842105263,0.8185961713764813,0.9955654101995566,0.8984492246123061,19.0,Helianthemum.apenninum,0.6080698555870077,opth,1,False,mlp1,bce,msle
670,0.806171648987464,0.30904802951367477,0.46835443037974683,0.9064609450337512,0.9572301425661914,0.9311540366518078,79.0,Helianthemum.oelandicum,0.37481537541349796,opth,1,False,mlp1,bce,msle
671,0.6936093609360936,0.009132172945441445,0.0,0.991899189918992,0.995483288166215,0.9936880072137061,5.0,Convolvulus.cantabricus,-0.008100810081008047,opth,1,False,mlp1,bce,msle
672,0.8850797537666224,0.11072256142901471,0.7777777777777778,0.8457300275482094,0.9935275080906149,0.9136904761904762,27.0,Sedum.alpestre,0.6235078053259873,opth,1,False,mlp1,bce,msle
673,0.830357877416701,0.08747576396158911,0.6363636363636364,0.8063348416289593,0.9955307262569832,0.891,11.0,Sedum.anacampseros,0.44269847799259576,opth,1,False,mlp1,bce,msle
674,0.7971047794117647,0.1019044535153089,0.5357142857142857,0.8529411764705882,0.9861849096705633,0.9147363233119763,28.0,Sedum.ochroleucum,0.3886554621848739,opth,1,False,mlp1,bce,msle
675,0.9227722772277229,0.4445751633986928,0.8,0.8748874887488749,0.998972250770812,0.9328214971209213,5.0,Sedum.sediforme,0.6748874887488749,opth,1,False,mlp1,bce,msle
676,0.85,0.08337258823371171,0.6666666666666666,0.8927927927927928,0.9979859013091642,0.9424631478839752,6.0,Sempervivum.calcareum,0.5594594594594593,opth,1,False,mlp1,bce,msle
677,0.9004963898916969,0.11761056771750543,0.875,0.8564981949458483,0.9989473684210526,0.9222546161321672,8.0,Euphorbia.esula,0.7314981949458483,opth,1,False,mlp1,bce,msle
678,0.8998049525101763,0.3662950844328786,0.7045454545454546,0.8889925373134329,0.9865424430641822,0.9352306182531894,44.0,Anthyllis.montana,0.5935379918588874,opth,1,False,mlp1,bce,msle
679,0.9149321266968325,0.10478397233111225,0.7272727272727273,0.9221719457013575,0.99706457925636,0.9581570286788904,11.0,Argyrolobium.zanonii,0.6494446729740848,opth,1,False,mlp1,bce,msle
680,0.8817054655870444,0.2782890658163466,0.8076923076923077,0.8101503759398496,0.9885321100917431,0.890495867768595,52.0,Astragalus.danicus,0.6178426836321573,opth,1,False,mlp1,bce,msle
681,0.9059633027522935,0.2558348465468309,0.8846153846153846,0.7568807339449541,0.9963768115942029,0.8602711157455682,26.0,Astragalus.sempervirens,0.6414961185603387,opth,1,False,mlp1,bce,msle
682,0.6645702306079665,0.005525711447187526,0.3333333333333333,0.8544474393530997,0.9979013641133263,0.920619554695063,3.0,Astragalus.vesicarius,0.18778077268643312,opth,1,False,mlp1,bce,msle
683,0.9179395028451632,0.04033782187573824,0.6666666666666666,0.867026055705301,0.9989648033126294,0.9283309283309283,3.0,Bituminaria.bituminosa,0.5336927223719676,opth,1,False,mlp1,bce,msle
684,0.9390737410071943,0.09718045112781953,0.75,0.9154676258992805,0.9990186457311089,0.9554199906147348,4.0,Dorycnium.pentaphyllum,0.6654676258992804,opth,1,False,mlp1,bce,msle
685,0.8326940433212996,0.03146304075256832,0.5,0.9043321299638989,0.9960238568588469,0.9479659413434248,8.0,Genista.cinerea,0.4043321299638989,opth,1,False,mlp1,bce,msle
686,0.989237668161435,0.07692307692307693,1.0,0.6188340807174888,1.0,0.7645429362880887,1.0,Lathyrus.hirsutus,0.6188340807174888,opth,1,False,mlp1,bce,msle
687,0.8940370737229376,0.6017348602333736,0.7905759162303665,0.8140540540540541,0.9495586380832283,0.8766006984866124,191.0,Lotus.alpinus,0.6046299702844204,opth,1,False,mlp1,bce,msle
688,0.7469892415564952,0.035977320357316635,0.6470588235294118,0.6633303002729755,0.9918367346938776,0.7949836423118866,17.0,Lotus.delortii,0.31038912380238726,opth,1,False,mlp1,bce,msle
689,0.95717280622941,0.060570325900514574,1.0,0.8661275831087152,1.0,0.928261916225325,3.0,Lotus.pedunculatus,0.8661275831087152,opth,1,False,mlp1,bce,msle
690,0.8372637263726372,0.02838465126088443,0.4,0.9018901890189019,0.9970149253731343,0.947069943289225,5.0,Medicago.arabica,0.3018901890189021,opth,1,False,mlp1,bce,msle
691,0.9991015274034142,0.6388888888888888,1.0,0.9829290206648698,1.0,0.991391028545537,3.0,Melilotus.neapolitanus,0.9829290206648698,opth,1,False,mlp1,bce,msle
692,0.8495481127060074,0.12740505073507083,0.5757575757575758,0.8587257617728532,0.9851694915254238,0.9176122348297977,33.0,Ononis.cristata,0.4344833375304291,opth,1,False,mlp1,bce,msle
693,0.9239526411657559,0.20916011722824507,0.7777777777777778,0.8697632058287796,0.9958289885297185,0.9285367039377734,18.0,Oxytropis.lapponica,0.6475409836065573,opth,1,False,mlp1,bce,msle
694,0.889108910891089,0.05422620966387812,0.6,0.9162916291629163,0.9980392156862745,0.9554199906147348,5.0,Trifolium.incarnatum,0.5162916291629163,opth,1,False,mlp1,bce,msle
695,0.862328234379051,0.09664534506435946,0.7857142857142857,0.8248638838475499,0.9967105263157895,0.9026812313803376,14.0,Trifolium.pallescens,0.6105781695618355,opth,1,False,mlp1,bce,msle
696,0.8694869486948694,0.021144557088627735,1.0,0.6957695769576958,1.0,0.8205944798301487,5.0,Vicia.pannonica,0.6957695769576957,opth,1,False,mlp1,bce,msle
697,0.8535904707884289,0.16385209358485475,0.926829268292683,0.6381395348837209,0.9956458635703919,0.7777777777777778,41.0,Vicia.tenuifolia,0.564968803176404,opth,1,False,mlp1,bce,msle
698,0.8795454545454545,0.09597865698625052,0.75,0.8336363636363636,0.995656894679696,0.9074715487382484,16.0,Gentiana.angustifolia,0.5836363636363635,opth,1,False,mlp1,bce,msle
699,0.8497607895198257,0.152453125337128,0.6756756756756757,0.7794253938832252,0.9859320046893317,0.870600414078675,37.0,Gentiana.brachyphylla,0.45510106955890084,opth,1,False,mlp1,bce,msle
700,0.7845026598414133,0.021575759999273497,0.3333333333333333,0.8518518518518519,0.9936775553213909,0.9173151750972762,9.0,Gentiana.orbicularis,0.18518518518518512,opth,1,False,mlp1,bce,msle
701,0.8256994584837545,0.025017337107769707,0.25,0.9196750902527075,0.9941463414634146,0.9554617909048289,8.0,Gentiana.rostanii,0.16967509025270755,opth,1,False,mlp1,bce,msle
702,0.7576516055402811,0.15941072000749212,0.5405405405405406,0.727447216890595,0.9570707070707071,0.826608505997819,74.0,Gentianella.campestris,0.26798775743113556,opth,1,False,mlp1,bce,msle
703,0.8005390835579514,0.010651965883087164,0.6666666666666666,0.8337825696316262,0.9989235737351991,0.9089128305582762,3.0,Gentianella.ciliata,0.5004492362982929,opth,1,False,mlp1,bce,msle
704,0.7787578757875788,0.048821392671768535,0.2,0.9711971197119712,0.9963065558633426,0.98359161349134,5.0,Gentianella.tenella,0.17119711971197127,opth,1,False,mlp1,bce,msle
705,0.7841726618705036,0.017687351041414806,0.75,0.5,0.9982046678635548,0.6662672258837627,4.0,Hypericum.tetrapterum,0.25,opth,1,False,mlp1,bce,msle
706,0.9170410302485774,0.02821853180027028,0.6666666666666666,0.9398023360287511,0.9990448901623686,0.9685185185185186,3.0,Herniaria.incana,0.6064690026954178,opth,1,False,mlp1,bce,msle
707,0.6852017937219731,0.002840909090909091,0.0,0.7461883408071749,0.9987995198079231,0.8542094455852156,1.0,Calamintha.nepeta,-0.2538116591928251,opth,1,False,mlp1,bce,msle
708,0.9022502250225022,0.05090916319149344,0.8,0.8568856885688569,0.9989506820566632,0.9224806201550387,5.0,Mentha.aquatica,0.656885688568857,opth,1,False,mlp1,bce,msle
709,0.7235081374321881,0.01676372026425388,0.0,0.9168173598553345,0.990234375,0.952112676056338,10.0,Mentha.longifolia,-0.08318264014466548,opth,1,False,mlp1,bce,msle
710,0.6654687032045523,0.005198213775758619,0.0,0.7376460017969452,0.9963592233009708,0.8477026329375322,3.0,Nepeta.nepetella,-0.26235399820305483,opth,1,False,mlp1,bce,msle
711,0.9272890484739676,0.020034843205574915,1.0,0.6831238779174147,1.0,0.8117333333333333,2.0,Prunella.hyssopifolia,0.6831238779174147,opth,1,False,mlp1,bce,msle
712,0.8424010791366906,0.02415882798742839,0.75,0.8300359712230215,0.9989177489177489,0.906679764243615,4.0,Teucrium.polium,0.5800359712230216,opth,1,False,mlp1,bce,msle
713,0.9067012635379061,0.2222971680322302,1.0,0.7003610108303249,1.0,0.8237791932059448,8.0,Linum.bienne,0.7003610108303249,opth,1,False,mlp1,bce,msle
714,0.8725123500352857,0.09393286652044727,0.8076923076923077,0.7862385321100918,0.994199535962877,0.8780737704918032,26.0,Linum.suffruticosum,0.5939308398023995,opth,1,False,mlp1,bce,msle
715,0.888245931283906,0.11562068124541763,0.6,0.9285714285714286,0.9961202715809894,0.9611605053813758,10.0,Lythrum.salicaria,0.5285714285714285,opth,1,False,mlp1,bce,msle
716,0.6663677130044843,0.002680965147453083,0.0,0.7004484304932735,0.9987212276214834,0.823405376910912,1.0,Althaea.hirsuta,-0.29955156950672646,opth,1,False,mlp1,bce,msle
717,0.8590664272890485,0.009342334494773518,0.5,0.881508078994614,0.9989827060020345,0.9365760610395804,2.0,Epilobium.parviflorum,0.38150807899461414,opth,1,False,mlp1,bce,msle
718,0.7734234234234234,0.04139932795615182,0.5,0.8621621621621621,0.996875,0.9246376811594202,6.0,Plantago.sempervirens,0.362162162162162,opth,1,False,mlp1,bce,msle
719,0.8789923102325801,0.3251486479205924,0.8170731707317073,0.7911025145067698,0.9819927971188476,0.8762720942688805,82.0,Armeria.alpina,0.6081756852384772,opth,1,False,mlp1,bce,msle
720,0.8636225266362253,0.13531104818424575,0.7142857142857143,0.8347031963470319,0.9934782608695653,0.9071960297766749,21.0,Polygala.calcarea,0.5489889106327461,opth,1,False,mlp1,bce,msle
721,0.7795855045944549,0.10045536687091994,0.6086956521739131,0.8298261665141812,0.990174672489083,0.9029367844698856,23.0,Rumex.arifolius,0.43852181868809437,opth,1,False,mlp1,bce,msle
722,0.9529799341120095,0.06514285714285714,1.0,0.7978436657681941,1.0,0.8875562218890555,3.0,Rumex.conglomeratus,0.7978436657681942,opth,1,False,mlp1,bce,msle
723,0.680552352398524,0.06280520909933963,0.5,0.7952029520295203,0.9817767653758542,0.8786952089704383,32.0,Rumex.nebroides,0.2952029520295203,opth,1,False,mlp1,bce,msle
724,0.6630063006300629,0.06801532573800262,0.6,0.963996399639964,0.9981360671015843,0.9807692307692307,5.0,Rumex.pseudalpinus,0.563996399639964,opth,1,False,mlp1,bce,msle
725,0.8805316951179732,0.1880994858140049,0.7647058823529411,0.8059149722735675,0.990909090909091,0.8888888888888888,34.0,Androsace.adfinis,0.5706208546265086,opth,1,False,mlp1,bce,msle
726,0.8476799242424242,0.22595633396853532,0.8166666666666667,0.7320075757575758,0.985969387755102,0.8402173913043478,60.0,Androsace.vitaliana,0.5486742424242426,opth,1,False,mlp1,bce,msle
727,0.6064690026954177,0.004858018329952632,0.6666666666666666,0.5615453728661276,0.9984025559105432,0.718803910293272,3.0,Primula.vulgaris,0.22821203953279423,opth,1,False,mlp1,bce,msle
728,0.8897873614854745,0.01819273860793849,0.6666666666666666,0.8283917340521114,0.9989165763813651,0.9056974459724951,3.0,Aconitum.anthora,0.49505840071877794,opth,1,False,mlp1,bce,msle
729,0.9078638323175263,0.22807661051262773,0.7096774193548387,0.8783410138248848,0.9906444906444907,0.9311187103077675,31.0,Anemone.baldensis,0.5880184331797236,opth,1,False,mlp1,bce,msle
730,0.8966606498194946,0.06300934391514297,0.75,0.8402527075812274,0.9978563772775991,0.912297893189613,8.0,Anemone.narcissifolia,0.5902527075812274,opth,1,False,mlp1,bce,msle
731,0.9524236983842012,0.25934579439252337,0.5,0.9416517055655296,0.9990476190476191,0.9695009242144177,2.0,Caltha.palustris,0.4416517055655296,opth,1,False,mlp1,bce,msle
732,0.6367250156914709,0.047032653796861876,0.23076923076923078,0.8685403445149592,0.9896694214876033,0.9251569290197972,13.0,Ranunculus.aduncus,0.09930957528418993,opth,1,False,mlp1,bce,msle
733,0.8945501207729469,0.08310776358067093,0.75,0.8278985507246377,0.9967284623773174,0.9045027214250371,12.0,Ranunculus.carinthiacus,0.5778985507246377,opth,1,False,mlp1,bce,msle
734,0.8180170002642055,0.27768965932377654,0.6513761467889908,0.788480635551142,0.9543269230769231,0.8635127786840674,109.0,Ranunculus.sartorianus,0.4398567823401329,opth,1,False,mlp1,bce,msle
735,0.6344196831121989,0.01384824591944641,0.14285714285714285,0.9098286744815148,0.994088669950739,0.9500941619585688,7.0,Reseda.phyteuma,0.05268581733865774,opth,1,False,mlp1,bce,msle
736,0.8833290121856364,0.10238265720160673,0.42857142857142855,0.9228675136116152,0.9921951219512195,0.9562764456981664,14.0,Alchemilla.fissa,0.3514389421830437,opth,1,False,mlp1,bce,msle
737,0.8629765296431964,0.29487530902520237,0.7777777777777778,0.792022792022792,0.9834905660377359,0.8774329300368228,63.0,Alchemilla.flabellata,0.5698005698005697,opth,1,False,mlp1,bce,msle
738,0.7495802808302808,0.0729454239230816,0.5833333333333334,0.7847985347985348,0.9884659746251442,0.8749361919346605,24.0,Alchemilla.glabra,0.36813186813186816,opth,1,False,mlp1,bce,msle
739,0.8281059218559219,0.06513362834362785,0.625,0.7756410256410257,0.9894859813084113,0.8696098562628337,24.0,Alchemilla.glaucescens,0.40064102564102555,opth,1,False,mlp1,bce,msle
740,0.7993091205680565,0.09356332522495146,0.6842105263157895,0.8185961713764813,0.9933628318584071,0.8975512243878061,19.0,Alchemilla.monticola,0.5028066976922707,opth,1,False,mlp1,bce,msle
741,0.9425245929443691,0.3817447009635675,0.7045454545454546,0.917910447761194,0.9869608826479438,0.9511841469308845,44.0,Alchemilla.pentaphyllea,0.6224559023066485,opth,1,False,mlp1,bce,msle
742,0.9280981937373596,0.11343347850346464,0.5384615384615384,0.9057116953762466,0.9940298507462687,0.9478178368121443,13.0,Filipendula.ulmaria,0.44417323383778506,opth,1,False,mlp1,bce,msle
743,0.8192446043165468,0.011811471981425774,0.75,0.7482014388489209,0.9987995198079231,0.8555269922879177,4.0,Potentilla.brauneana,0.4982014388489209,opth,1,False,mlp1,bce,msle
744,0.9883408071748878,0.07142857142857142,1.0,0.7443946188340808,1.0,0.8534704370179949,1.0,Potentilla.neglecta,0.7443946188340806,opth,1,False,mlp1,bce,msle
745,0.9251106528848554,0.4154229426632698,0.7808219178082192,0.8811121764141898,0.9828877005347594,0.9292214357937311,73.0,Sibbaldia.procumbens,0.661934094222409,opth,1,False,mlp1,bce,msle
746,0.85,0.03294133463356052,0.3333333333333333,0.8936936936936937,0.9959839357429718,0.9420702754036088,6.0,Galium.megalospermum,0.22702702702702693,opth,1,False,mlp1,bce,msle
747,0.8297338274932615,0.31965611546026385,0.6964285714285714,0.7820754716981132,0.9799054373522459,0.869884575026233,56.0,Galium.obliquum,0.4785040431266845,opth,1,False,mlp1,bce,msle
748,0.8487848784878488,0.086430017998982,0.6,0.9414941494149415,0.9980916030534351,0.9689671144048171,5.0,Galium.palustre,0.5414941494149415,opth,1,False,mlp1,bce,msle
749,0.8777075812274369,0.035942186583137845,0.25,0.9088447653429603,0.9940769990128332,0.9495520980669495,8.0,Galium.pseudohelveticum,0.15884476534296033,opth,1,False,mlp1,bce,msle
750,0.8927289048473968,0.013100067613252197,0.0,0.9973070017953322,0.9982030548068284,0.9977548271216884,2.0,Galium.uliginosum,-0.0026929982046678402,opth,1,False,mlp1,bce,msle
751,,-0.0,0.0,0.8055555555555556,1.0,0.8923076923076924,0.0,Salix.foetida,-0.19444444444444442,opth,1,False,mlp1,bce,msle
752,0.783398574726488,0.05081084772088394,0.5555555555555556,0.8084914182475158,0.9955506117908788,0.8923230309072782,9.0,Thesium.divaricatum,0.3640469738030714,opth,1,False,mlp1,bce,msle
753,0.8420433996383364,0.03357069814201448,0.8,0.7486437613019892,0.9975903614457832,0.8553719008264463,10.0,Saxifraga.bryoides,0.5486437613019892,opth,1,False,mlp1,bce,msle
754,0.8775092936802975,0.17405280040995932,0.75,0.8243494423791822,0.9888517279821628,0.8991383679675621,40.0,Saxifraga.exarata,0.5743494423791822,opth,1,False,mlp1,bce,msle
755,0.9042304230423042,0.06511691331499407,0.8,0.8172817281728173,0.9988998899889989,0.899009900990099,5.0,Digitalis.grandiflora,0.6172817281728173,opth,1,False,mlp1,bce,msle
756,0.7951775991703396,0.0569621001567436,0.6428571428571429,0.8121597096188747,0.9944444444444445,0.8941058941058941,14.0,Euphrasia.officinalis,0.45501685247601764,opth,1,False,mlp1,bce,msle
757,0.9037769784172662,0.09865081541804678,0.5,0.8920863309352518,0.9979879275653923,0.9420702754036088,4.0,Linaria.simplex,0.3920863309352518,opth,1,False,mlp1,bce,msle
758,0.8700539568345323,0.021564796517936163,0.75,0.7607913669064749,0.9988193624557261,0.8637059724349158,4.0,Pedicularis.cenisia,0.5107913669064748,opth,1,False,mlp1,bce,msle
759,0.8913716287453661,0.17482341027645926,0.8518518518518519,0.7630853994490359,0.9952095808383233,0.8638253638253638,27.0,Pedicularis.comosa,0.6149372513008877,opth,1,False,mlp1,bce,msle
760,0.8700161910544424,0.0909843812442267,0.7777777777777778,0.7568306010928961,0.9952095808383233,0.85980341438179,18.0,Pedicularis.kerneri,0.5346083788706739,opth,1,False,mlp1,bce,msle
761,0.6656156156156157,0.01007566957396253,0.16666666666666666,0.7684684684684685,0.9941724941724942,0.866869918699187,6.0,Pedicularis.rosea,-0.06486486486486487,opth,1,False,mlp1,bce,msle
762,0.8012773722627737,0.04934325234003249,0.35,0.8677007299270073,0.9865145228215768,0.9233009708737864,20.0,Pedicularis.rostratospicata,0.21770072992700729,opth,1,False,mlp1,bce,msle
763,0.8532315978456014,0.009412385643912738,1.0,0.7809694793536804,1.0,0.8770161290322581,2.0,Verbascum.chaixii,0.7809694793536806,opth,1,False,mlp1,bce,msle
764,0.8462938005390835,0.1900108443325913,0.7321428571428571,0.7820754716981132,0.9822274881516587,0.8707983193277311,56.0,Veronica.allionii,0.5142183288409703,opth,1,False,mlp1,bce,msle
765,0.8955905366841572,0.2957012617378804,0.5686274509803921,0.9126760563380282,0.9778672032193159,0.9441476444876153,51.0,Veronica.alpina,0.4813035073184202,opth,1,False,mlp1,bce,msle
766,0.7773832941515137,0.053986015768227986,0.5789473684210527,0.8386508659981768,0.9913793103448276,0.908641975308642,19.0,Veronica.austriaca,0.4175982344192295,opth,1,False,mlp1,bce,msle
767,0.8429429429429429,0.02167653046010373,0.6666666666666666,0.7243243243243244,0.9975186104218362,0.8392484342379958,6.0,Veronica.verna,0.390990990990991,opth,1,False,mlp1,bce,msle
768,0.8898266423357664,0.23176672890271105,0.65,0.8996350364963503,0.9929506545820745,0.9439923408329344,20.0,Valeriana.tuberosa,0.5496350364963503,opth,1,False,mlp1,bce,msle
769,0.9036194992677314,0.18777783251519523,0.8461538461538461,0.8014505893019039,0.9977426636568849,0.8888888888888888,13.0,Viola.saxatilis,0.64760443545575,opth,1,False,mlp1,bce,msle
770,0.8447037701974865,0.5028735632183908,0.5,0.8608617594254937,0.9989583333333333,0.9247830279652844,2.0,Carex.acutiformis,0.3608617594254937,opth,1,False,mlp1,bce,msle
771,0.910988020095324,0.09674816661308651,0.8571428571428571,0.7655545536519387,0.9988235294117647,0.8667687595712098,7.0,Carex.bicolor,0.6226974107947958,opth,1,False,mlp1,bce,msle
772,0.5659765976597659,0.005906345806800925,0.0,0.7893789378937894,0.9943310657596371,0.880080280983442,5.0,Carex.cuprina,-0.21062106210621057,opth,1,False,mlp1,bce,msle
773,0.9750449640287769,0.08592453439055872,1.0,0.9415467625899281,1.0,0.9698934691987031,4.0,Carex.disticha,0.9415467625899281,opth,1,False,mlp1,bce,msle
774,0.9037907055630937,0.20186267327361015,0.8636363636363636,0.8097014925373134,0.9931350114416476,0.8920863309352518,44.0,Carex.foetida,0.6733378561736769,opth,1,False,mlp1,bce,msle
775,0.8545665335566147,0.02619556036953777,0.42857142857142855,0.8746618575293057,0.9958932238193019,0.9313490158425348,7.0,Carex.frigida,0.3032332861007343,opth,1,False,mlp1,bce,msle
776,0.9922157039711191,0.5241705903960462,1.0,0.9711191335740073,1.0,0.9853479853479854,8.0,Carex.melanostachya,0.9711191335740073,opth,1,False,mlp1,bce,msle
777,0.789018901890189,0.025160972355353986,0.4,0.8784878487848785,0.9969356486210419,0.9339712918660287,5.0,Carex.ovalis,0.27848784878487853,opth,1,False,mlp1,bce,msle
778,0.7532195268044325,0.04610485243208355,0.3333333333333333,0.9281221922731356,0.9980676328502416,0.9618249534450651,3.0,Carex.paniculata,0.261455525606469,opth,1,False,mlp1,bce,msle
779,0.8799784890163614,0.2403912675238105,0.8448275862068966,0.7892249527410208,0.9893364928909952,0.8780231335436383,58.0,Carex.parviflora,0.6340525389479175,opth,1,False,mlp1,bce,msle
780,0.5416741674167417,0.008159842507632981,0.2,0.8334833483348335,0.9956989247311828,0.9073983341499265,5.0,Carex.viridula,0.033483348334833574,opth,1,False,mlp1,bce,msle
781,0.7446140035906643,0.006409186191032704,0.5,0.774685816876122,0.9988425925925926,0.8725985844287159,2.0,Eleocharis.quinqueflora,0.27468581687612215,opth,1,False,mlp1,bce,msle
782,0.9928251121076234,0.1111111111111111,1.0,0.7524663677130045,1.0,0.8587512794268168,1.0,Eriophorum.polystachion,0.7524663677130046,opth,1,False,mlp1,bce,msle
783,0.899955535793686,0.35130106907873554,0.8717948717948718,0.7928709055876686,0.9879951980792316,0.8797434526990914,78.0,Kobresia.myosuroides,0.6646657773825404,opth,1,False,mlp1,bce,msle
784,0.8445642407906558,0.010978785599598863,1.0,0.7502246181491464,1.0,0.8572895277207392,3.0,Schoenus.nigricans,0.7502246181491463,opth,1,False,mlp1,bce,msle
785,0.9582585278276482,0.04059829059829059,1.0,0.8509874326750448,1.0,0.9194956353055286,2.0,Scirpoides.holoschoenus,0.8509874326750448,opth,1,False,mlp1,bce,msle
786,0.8649243809207247,0.09845528761102847,0.7272727272727273,0.8208409506398537,0.9933628318584071,0.8988988988988988,22.0,Muscari.neglectum,0.548113677912581,opth,1,False,mlp1,bce,msle
787,0.8988424360555313,0.16384814658300878,0.6956521739130435,0.8947849954254345,0.9928934010152284,0.9412897016361886,23.0,Crocus.vernus,0.590437169338478,opth,1,False,mlp1,bce,msle
788,0.9403052064631957,0.03486279802069275,0.5,0.9416517055655296,0.9990476190476191,0.9695009242144177,2.0,Juncus.conglomeratus,0.4416517055655296,opth,1,False,mlp1,bce,msle
789,0.7277373001416717,0.0285896561401003,0.05555555555555555,0.8834244080145719,0.9827760891590679,0.9304556354916067,18.0,Luzula.alpinopilosa,-0.061020036429872526,opth,1,False,mlp1,bce,msle
790,0.8513505217925108,0.12321307318148099,0.5333333333333333,0.8756906077348067,0.9854922279792746,0.9273525109702584,30.0,Luzula.nutans,0.40902394106814,opth,1,False,mlp1,bce,msle
791,0.8972097209720973,0.0372001993714825,0.8,0.7965796579657966,0.9988713318284425,0.8863294942413621,5.0,Gagea.fragifera,0.5965796579657967,opth,1,False,mlp1,bce,msle
792,0.8366366366366367,0.0252981737274931,0.6666666666666666,0.8126126126126126,0.9977876106194691,0.8957298907646475,6.0,Tulipa.australis,0.47927927927927927,opth,1,False,mlp1,bce,msle
793,0.8286533816425121,0.04302755296914068,0.5833333333333334,0.8097826086956522,0.9944382647385984,0.8926610084872691,12.0,Dactylorhiza.latifolia,0.3931159420289856,opth,1,False,mlp1,bce,msle
794,0.8542607648298706,0.045593066424636605,0.8888888888888888,0.7895212285456188,0.9988571428571429,0.8819374369323916,9.0,Ophrys.fuciflora,0.6784101174345076,opth,1,False,mlp1,bce,msle
795,0.8524368231046932,0.17153232478020636,0.625,0.7680505415162455,0.9964871194379391,0.8674821610601428,8.0,Orchis.purpurea,0.3930505415162455,opth,1,False,mlp1,bce,msle
796,0.8353526220614828,0.05051002790032964,0.6,0.9240506329113924,0.9961013645224172,0.9587242026266416,10.0,Orchis.simia,0.5240506329113925,opth,1,False,mlp1,bce,msle
797,0.908922734104836,0.4497563443116092,0.8709677419354839,0.7996089931573802,0.9855421686746988,0.882892606583918,93.0,Alopecurus.alpinus,0.670576735092864,opth,1,False,mlp1,bce,msle
798,0.9838274932614555,0.2273954116059379,1.0,0.9191374663072777,1.0,0.9578651685393258,3.0,Alopecurus.rendlei,0.9191374663072778,opth,1,False,mlp1,bce,msle
799,0.8170342162100717,0.42355205567471577,0.6947368421052632,0.7634989200863931,0.9241830065359478,0.8361916026020106,190.0,Avenula.pubescens,0.4582357621916562,opth,1,False,mlp1,bce,msle
800,0.7889968059448537,0.20784007089388057,0.46551724137931033,0.8137996219281664,0.9652466367713004,0.8830769230769231,58.0,Avenula.versicolor,0.27931686330747674,opth,1,False,mlp1,bce,msle
801,0.7451767942664991,0.22267202857949733,0.8220338983050848,0.561122244488978,0.963855421686747,0.7093096896770108,118.0,Brachypodium.rupestre,0.38315614279406285,opth,1,False,mlp1,bce,msle
802,0.8120454545454545,0.06747770019087884,0.4375,0.7872727272727272,0.9897142857142858,0.8769620253164557,16.0,Bromus.commutatus,0.22477272727272712,opth,1,False,mlp1,bce,msle
803,0.9378974934530491,0.4859026927422922,0.9259259259259259,0.71900826446281,0.9974522292993631,0.8356456776947705,27.0,Bromus.racemosus,0.644934190388736,opth,1,False,mlp1,bce,msle
804,0.7286986439991904,0.06159516569395256,0.7222222222222222,0.6065573770491803,0.992548435171386,0.752967778405879,18.0,Elytrigia.repens,0.32877959927140266,opth,1,False,mlp1,bce,msle
805,0.8597531960790534,0.15615216381866764,0.6896551724137931,0.7920883164673413,0.9896551724137931,0.8799182422074604,29.0,Festuca.cinerea,0.4817434888811345,opth,1,False,mlp1,bce,msle
806,0.8589981447124304,0.20508801464990217,0.5789473684210527,0.8636363636363636,0.9831045406546991,0.9195061728395062,38.0,Festuca.marginata,0.4425837320574164,opth,1,False,mlp1,bce,msle
807,0.8550263232783153,0.3572230507040682,0.875,0.7300796812749004,0.9812583668005355,0.8372358652198744,112.0,Festuca.pratensis,0.6050796812749004,opth,1,False,mlp1,bce,msle
808,0.7418772563176895,0.016720064666522417,0.5,0.8041516245487365,0.9955307262569832,0.8896655017473789,8.0,Festuca.trichophylla,0.30415162454873634,opth,1,False,mlp1,bce,msle
809,0.861941425120773,0.0402506804918048,1.0,0.7164855072463768,1.0,0.8348284960422163,12.0,Gaudinia.fragilis,0.7164855072463769,opth,1,False,mlp1,bce,msle
810,0.8521596051007816,0.06728261305474806,0.8181818181818182,0.8470588235294118,0.997867803837953,0.9162995594713657,11.0,Helictotrichon.parlatorei,0.66524064171123,opth,1,False,mlp1,bce,msle
811,0.8630392009811274,0.38702409127545895,0.7079646017699115,0.8045862412761715,0.9607142857142857,0.8757460661964189,113.0,Helictotrichon.sedenense,0.512550843046083,opth,1,False,mlp1,bce,msle
812,0.9423942394239423,0.11280269917951077,0.8,0.8541854185418541,0.9989473684210526,0.9209121785540999,5.0,Helictotrichon.sempervirens,0.6541854185418541,opth,1,False,mlp1,bce,msle
813,0.6651692123390236,0.011588887437783872,0.3333333333333333,0.5723270440251572,0.9968701095461658,0.7271689497716894,3.0,Hordeum.murinum,-0.09433962264150941,opth,1,False,mlp1,bce,msle
814,0.9276079136690647,0.03868093511316656,0.5,0.8983812949640287,0.998001998001998,0.9455750118315192,4.0,Hordeum.secalinum,0.39838129496402885,opth,1,False,mlp1,bce,msle
815,0.8223920863309353,0.0128096262340167,0.75,0.7733812949640287,0.9988385598141696,0.8717688798783578,4.0,Koeleria.cenisia,0.5233812949640289,opth,1,False,mlp1,bce,msle
816,0.7985356280193237,0.06224375957215206,0.4166666666666667,0.8405797101449275,0.9925133689839573,0.9102501226091221,12.0,Molinia.caerulea,0.25724637681159424,opth,1,False,mlp1,bce,msle
817,0.7456825361191732,0.1260777124789757,0.7796610169491526,0.5714285714285714,0.9789303079416531,0.7216248506571087,59.0,Phleum.pratense,0.35108958837772386,opth,1,False,mlp1,bce,msle
818,0.858358882209646,0.29909841895131317,0.8411214953271028,0.7294350842418236,0.9774236387782205,0.8354143019296254,107.0,Poa.trivialis,0.5705565795689265,opth,1,False,mlp1,bce,msle
819,0.8592392932015573,0.3536344563741824,0.6666666666666666,0.8023360287511231,0.9988814317673378,0.8898854010961634,3.0,Vulpia.bromoides,0.4690026954177897,opth,1,False,mlp1,bce,msle
820,0.6598471223021583,0.006404843420599243,0.5,0.710431654676259,0.9974747474747475,0.8298319327731093,4.0,Vulpia.ciliata,0.21043165467625902,opth,1,False,mlp1,bce,msle
821,0.8189305054151625,0.10568674126465266,0.375,0.8592057761732852,0.9947753396029259,0.9220338983050848,8.0,Equisetum.variegatum,0.2342057761732852,opth,1,False,mlp1,bce,msle
822,0.8777335646022514,0.11841536066931496,0.4444444444444444,0.9054178145087236,0.985014985014985,0.9435406698564593,27.0,Pachypleurum.mutellinoides,0.34986225895316814,opth,1,False,mlp1,bce,msle
823,0.7567567567567568,0.014165913015053225,0.6666666666666666,0.7954954954954955,0.9977401129943503,0.8852130325814537,6.0,Libanotis.pyrenaica,0.4621621621621621,opth,1,False,mlp1,bce,msle
824,0.8350765740215541,0.17984276642583466,0.7804878048780488,0.7172093023255814,0.9884615384615385,0.831266846361186,41.0,Alchemilla.alpigena,0.49769710720363025,opth,1,False,mlp1,bce,msle
825,0.7855063735822543,0.027912376896834887,0.3333333333333333,0.8943089430894309,0.9939759036144579,0.9415121255349501,9.0,Anacamptis.morio,0.22764227642276413,opth,1,False,mlp1,bce,msle
826,0.6630630630630631,0.01007090512529019,0.6666666666666666,0.6414414414414414,0.9971988795518207,0.7807017543859649,6.0,Mutellina.adonidifolia,0.30810810810810807,opth,1,False,mlp1,bce,msle
827,0.8490654205607476,0.2936121513938246,0.7391304347826086,0.8551401869158879,0.9870550161812298,0.9163745618427641,46.0,Avenula.pratensis,0.5942706216984965,opth,1,False,mlp1,bce,msle
828,0.8489995624328732,0.08099923083967263,0.782608695652174,0.8014638609332113,0.9943246311010215,0.8875379939209727,23.0,Gymnadenia.nigra,0.5840725565853853,opth,1,False,mlp1,bce,msle
829,0.6067567567567568,0.0074677107768982825,0.0,0.9198198198198199,0.994157740993184,0.9555451567618156,6.0,Murbeckiella.pinnatifida,-0.08018018018018014,opth,1,False,mlp1,bce,msle
830,0.6081384892086331,0.006332856708549513,0.5,0.7248201438848921,0.9975247524752475,0.8395833333333333,4.0,Silene.conica,0.22482014388489224,opth,1,False,mlp1,bce,msle
